video_id,frame_id,target_detected,landmark_0_x,landmark_0_y,landmark_0_z,landmark_0_visibility,landmark_1_x,landmark_1_y,landmark_1_z,landmark_1_visibility,landmark_2_x,landmark_2_y,landmark_2_z,landmark_2_visibility,landmark_3_x,landmark_3_y,landmark_3_z,landmark_3_visibility,landmark_4_x,landmark_4_y,landmark_4_z,landmark_4_visibility,landmark_5_x,landmark_5_y,landmark_5_z,landmark_5_visibility,landmark_6_x,landmark_6_y,landmark_6_z,landmark_6_visibility,landmark_7_x,landmark_7_y,landmark_7_z,landmark_7_visibility,landmark_8_x,landmark_8_y,landmark_8_z,landmark_8_visibility,landmark_9_x,landmark_9_y,landmark_9_z,landmark_9_visibility,landmark_10_x,landmark_10_y,landmark_10_z,landmark_10_visibility,landmark_11_x,landmark_11_y,landmark_11_z,landmark_11_visibility,landmark_12_x,landmark_12_y,landmark_12_z,landmark_12_visibility,landmark_13_x,landmark_13_y,landmark_13_z,landmark_13_visibility,landmark_14_x,landmark_14_y,landmark_14_z,landmark_14_visibility,landmark_15_x,landmark_15_y,landmark_15_z,landmark_15_visibility,landmark_16_x,landmark_16_y,landmark_16_z,landmark_16_visibility,landmark_17_x,landmark_17_y,landmark_17_z,landmark_17_visibility,landmark_18_x,landmark_18_y,landmark_18_z,landmark_18_visibility,landmark_19_x,landmark_19_y,landmark_19_z,landmark_19_visibility,landmark_20_x,landmark_20_y,landmark_20_z,landmark_20_visibility,landmark_21_x,landmark_21_y,landmark_21_z,landmark_21_visibility,landmark_22_x,landmark_22_y,landmark_22_z,landmark_22_visibility,landmark_23_x,landmark_23_y,landmark_23_z,landmark_23_visibility,landmark_24_x,landmark_24_y,landmark_24_z,landmark_24_visibility,landmark_25_x,landmark_25_y,landmark_25_z,landmark_25_visibility,landmark_26_x,landmark_26_y,landmark_26_z,landmark_26_visibility,landmark_27_x,landmark_27_y,landmark_27_z,landmark_27_visibility,landmark_28_x,landmark_28_y,landmark_28_z,landmark_28_visibility,landmark_29_x,landmark_29_y,landmark_29_z,landmark_29_visibility,landmark_30_x,landmark_30_y,landmark_30_z,landmark_30_visibility,landmark_31_x,landmark_31_y,landmark_31_z,landmark_31_visibility,landmark_32_x,landmark_32_y,landmark_32_z,landmark_32_visibility
Screen_Recording_20260919_111311_Instagram_1,1,1,0.6524409055709839,0.15084078907966614,-0.5488519072532654,0.9999959468841553,0.661811888217926,0.14433883130550385,-0.5282716155052185,0.999983549118042,0.6666452288627625,0.14466218650341034,-0.5282623767852783,0.9999794960021973,0.6714311242103577,0.1450812816619873,-0.5282730460166931,0.9999773502349854,0.6481028199195862,0.1445426195859909,-0.5266554355621338,0.9999872446060181,0.6435761451721191,0.1447697877883911,-0.526686429977417,0.999984860420227,0.6403508186340332,0.1450253129005432,-0.5267865061759949,0.9999865293502808,0.6794578433036804,0.15024803578853607,-0.3759443759918213,0.9999586343765259,0.6388207077980042,0.15036621689796448,-0.37230369448661804,0.99996018409729,0.6616911292076111,0.15969032049179077,-0.48972511291503906,0.9999960660934448,0.6438660025596619,0.15992891788482666,-0.48881593346595764,0.9999974966049194,0.7230994701385498,0.20125040411949158,-0.2620859444141388,0.9999864101409912,0.5966491103172302,0.2076713591814041,-0.22327470779418945,0.9999966621398926,0.7418664693832397,0.26434075832366943,-0.18305271863937378,0.9906772375106812,0.5738070011138916,0.26690003275871277,-0.14578886330127716,0.9884842038154602,0.7417598366737366,0.32066839933395386,-0.2896669805049896,0.9635981917381287,0.5691707134246826,0.32269617915153503,-0.25557827949523926,0.9715777635574341,0.7449624538421631,0.33947598934173584,-0.3236948251724243,0.918967068195343,0.5628172755241394,0.34218189120292664,-0.28629153966903687,0.9367824792861938,0.7415021061897278,0.33977898955345154,-0.3630027770996094,0.9249645471572876,0.5697991847991943,0.3420540988445282,-0.32521653175354004,0.9440354108810425,0.7380923628807068,0.3339958190917969,-0.3050993084907532,0.9046961665153503,0.5764816999435425,0.33617910742759705,-0.27172574400901794,0.9329678416252136,0.70416659116745,0.3129614591598511,-0.008260770700871944,0.9999164342880249,0.6344354152679443,0.31647783517837524,0.007957280613481998,0.999990701675415,0.6989672183990479,0.408698707818985,0.0031873907428234816,0.9772119522094727,0.6513252258300781,0.4096457362174988,-0.05868975445628166,0.9780123829841614,0.7185038924217224,0.40447142720222473,0.5712640881538391,0.5010022521018982,0.6727107763290405,0.4853645861148834,0.16398510336875916,0.9624701738357544,0.7180104851722717,0.39502236247062683,0.6267698407173157,0.3784911334514618,0.6811705231666565,0.4961045980453491,0.1799193173646927,0.6504901647567749,0.7213824391365051,0.42684832215309143,0.5685672760009766,0.6667145490646362,0.66920006275177,0.5139489769935608,0.019894704222679138,0.9467768669128418
Screen_Recording_20260919_111311_Instagram_1,2,1,0.6460915207862854,0.15697596967220306,-0.573118269443512,0.9999991655349731,0.6544106602668762,0.14919914305210114,-0.5556647777557373,0.999996542930603,0.6591506004333496,0.14940571784973145,-0.5556251406669617,0.9999958276748657,0.6642341017723083,0.14972218871116638,-0.5556488633155823,0.9999955892562866,0.6414453387260437,0.14958316087722778,-0.5531255006790161,0.999996542930603,0.6371592879295349,0.14997276663780212,-0.5531880259513855,0.9999959468841553,0.6336405277252197,0.1504536122083664,-0.5532326102256775,0.9999960660934448,0.6727760434150696,0.1549333930015564,-0.403842031955719,0.9999940395355225,0.6322560906410217,0.15599322319030762,-0.3948594331741333,0.9999898672103882,0.6561412215232849,0.1657130867242813,-0.5121968388557434,0.999998927116394,0.6385397911071777,0.16554512083530426,-0.5099199414253235,0.9999991655349731,0.7177157402038574,0.20426355302333832,-0.28503260016441345,0.9999960660934448,0.5971952080726624,0.21247872710227966,-0.23341049253940582,0.9999958276748657,0.7380737066268921,0.2686978876590729,-0.19348002970218658,0.9965027570724487,0.5710992813110352,0.2716715633869171,-0.16128891706466675,0.9889737367630005,0.7596797943115234,0.32372090220451355,-0.30448633432388306,0.9923261404037476,0.5687975287437439,0.32940423488616943,-0.2841392755508423,0.9820963144302368,0.7709023952484131,0.3395700752735138,-0.3424603044986725,0.9788612723350525,0.5623555779457092,0.3480566740036011,-0.31776154041290283,0.9594828486442566,0.7677503824234009,0.3411555290222168,-0.3863961100578308,0.9808647036552429,0.5718849301338196,0.3471859395503998,-0.36127540469169617,0.962872326374054,0.7625536918640137,0.3369850814342499,-0.32274481654167175,0.9762536883354187,0.5773331522941589,0.3413529098033905,-0.30241385102272034,0.9551244974136353,0.702494204044342,0.3169504404067993,-0.029781648889183998,0.9999706745147705,0.6326375007629395,0.32224589586257935,0.029568511992692947,0.999991774559021,0.6852954626083374,0.40769582986831665,-0.03689049929380417,0.990439772605896,0.6434890627861023,0.4179559051990509,0.04305759072303772,0.9811522960662842,0.7116158604621887,0.4194936156272888,0.5231935381889343,0.8457717895507812,0.6692360043525696,0.4873098134994507,0.309175044298172,0.9780922532081604,0.7079474329948425,0.4120985269546509,0.577824056148529,0.6037893891334534,0.6786653399467468,0.4951862096786499,0.33058732748031616,0.8469157218933105,0.7220524549484253,0.4549275040626526,0.5211170315742493,0.8709791898727417,0.6627228260040283,0.5151251554489136,0.19433872401714325,0.9681987762451172
Screen_Recording_20260919_111311_Instagram_1,3,1,0.6414329409599304,0.1585482358932495,-0.47705966234207153,0.9999979734420776,0.6499242782592773,0.15079645812511444,-0.4578980505466461,0.9999936819076538,0.6552571654319763,0.15109024941921234,-0.45789051055908203,0.9999929666519165,0.6598746180534363,0.1514766812324524,-0.45794034004211426,0.999993085861206,0.6362854838371277,0.15072345733642578,-0.452236145734787,0.9999924898147583,0.6323643326759338,0.15096211433410645,-0.45228153467178345,0.9999901056289673,0.6282992362976074,0.15128082036972046,-0.452306866645813,0.9999905824661255,0.6701341271400452,0.15572385489940643,-0.3145148456096649,0.9999935626983643,0.6272943019866943,0.15589019656181335,-0.2883097231388092,0.9999740123748779,0.6529372334480286,0.16787123680114746,-0.42042458057403564,0.9999983310699463,0.6344954371452332,0.16729623079299927,-0.41320258378982544,0.9999978542327881,0.7158206105232239,0.2060798704624176,-0.22027678787708282,0.999993085861206,0.5925955772399902,0.21018652617931366,-0.13546760380268097,0.9999752044677734,0.7425541281700134,0.26181501150131226,-0.1617981642484665,0.9979451298713684,0.5666795372962952,0.26743999123573303,-0.0698026493191719,0.9819210171699524,0.7624287009239197,0.3157252371311188,-0.29574334621429443,0.9927539229393005,0.5716192126274109,0.3173498809337616,-0.20662732422351837,0.9793550372123718,0.7762470245361328,0.3301045596599579,-0.3394656181335449,0.9822705388069153,0.5731547474861145,0.33350470662117004,-0.23655228316783905,0.9570420980453491,0.7730259299278259,0.33138328790664673,-0.3772372603416443,0.9842495322227478,0.581513524055481,0.3292222321033478,-0.2793712317943573,0.9602170586585999,0.7664664387702942,0.3270345628261566,-0.31215527653694153,0.9796659350395203,0.5833348035812378,0.3238815367221832,-0.22448934614658356,0.9489752650260925,0.6930838823318481,0.31815826892852783,-0.04315203055739403,0.9999624490737915,0.6241778135299683,0.32432883977890015,0.04304391145706177,0.9999217987060547,0.6757895946502686,0.39684268832206726,-0.3436596989631653,0.9944355487823486,0.6300846934318542,0.4182398319244385,0.036939412355422974,0.9368069767951965,0.6967066526412964,0.4460315704345703,0.032942596822977066,0.9721027612686157,0.6607145071029663,0.48549360036849976,0.31651970744132996,0.9668242335319519,0.7009407877922058,0.4460122287273407,0.06657546013593674,0.8603134751319885,0.6720545291900635,0.49474525451660156,0.3361039161682129,0.8742735385894775,0.6948635578155518,0.48885977268218994,-0.04830404743552208,0.974433422088623,0.6526315212249756,0.5169650316238403,0.18644192814826965,0.955528736114502
Screen_Recording_20260919_111311_Instagram_1,4,1,0.6365418434143066,0.15873847901821136,-0.3228628933429718,0.9999957084655762,0.644507884979248,0.15111690759658813,-0.30270707607269287,0.9999866485595703,0.6491074562072754,0.1512405127286911,-0.3026880919933319,0.9999871253967285,0.6537397503852844,0.15152780711650848,-0.30270835757255554,0.9999866485595703,0.6323638558387756,0.1511567384004593,-0.29779982566833496,0.9999849796295166,0.6284283399581909,0.15123657882213593,-0.2978540062904358,0.9999825954437256,0.6252924799919128,0.15156079828739166,-0.2978678345680237,0.9999815225601196,0.6626682877540588,0.15575960278511047,-0.1629984974861145,0.9999898672103882,0.6258091330528259,0.15649446845054626,-0.14087387919425964,0.9999479055404663,0.6460202932357788,0.16819104552268982,-0.2681817412376404,0.9999945163726807,0.6312777400016785,0.1685582399368286,-0.26225629448890686,0.9999895095825195,0.7074646949768066,0.2026038020849228,-0.08122850209474564,0.9999927282333374,0.5931982398033142,0.20575962960720062,-0.018984289839863777,0.9999425411224365,0.7491047978401184,0.24540144205093384,-0.03134072944521904,0.9982872605323792,0.5714154839515686,0.2531459331512451,-0.03979800269007683,0.9640185832977295,0.766609251499176,0.29570943117141724,-0.1542278677225113,0.9949374198913574,0.5858711004257202,0.28891226649284363,-0.2619999945163727,0.975193440914154,0.7803888916969299,0.3108263611793518,-0.18956483900547028,0.9878707528114319,0.5898848176002502,0.29792696237564087,-0.3034895360469818,0.95661461353302,0.7750468254089355,0.3123234212398529,-0.22716830670833588,0.9893447756767273,0.5956348776817322,0.2919810116291046,-0.3338475823402405,0.959565281867981,0.7691153883934021,0.3078235983848572,-0.16960635781288147,0.9854904413223267,0.5961621403694153,0.28907427191734314,-0.27740639448165894,0.9454240798950195,0.6884616613388062,0.31059688329696655,-0.047823093831539154,0.9998958110809326,0.6226486563682556,0.31649279594421387,0.04779713973402977,0.9998010993003845,0.6626647114753723,0.38214272260665894,-0.36370161175727844,0.9846818447113037,0.6332314610481262,0.40217429399490356,-0.017590729519724846,0.7871430516242981,0.6857839822769165,0.4590887725353241,-0.16156308352947235,0.9602062702178955,0.6600837111473083,0.48338037729263306,0.13591456413269043,0.9024459719657898,0.6951567530632019,0.4672471880912781,-0.14642921090126038,0.7781108617782593,0.6745042204856873,0.49249303340911865,0.14174850285053253,0.7669828534126282,0.676242470741272,0.49991580843925476,-0.283955842256546,0.9656399488449097,0.645248293876648,0.5167633295059204,-0.00979921966791153,0.8874478340148926
Screen_Recording_20260919_111311_Instagram_1,5,1,0.6319881081581116,0.1638505458831787,-0.30408501625061035,0.9999778270721436,0.6394203305244446,0.15497863292694092,-0.2818252146244049,0.9999420642852783,0.6443014144897461,0.15488243103027344,-0.2817901372909546,0.9999434947967529,0.6491315960884094,0.15486589074134827,-0.2818402349948883,0.9999376535415649,0.6279889941215515,0.155416339635849,-0.28177616000175476,0.9999432563781738,0.6254521608352661,0.15558703243732452,-0.2818470299243927,0.999951958656311,0.6223664283752441,0.15579025447368622,-0.2818711996078491,0.9999475479125977,0.6596750020980835,0.15824158489704132,-0.12991788983345032,0.9999440908432007,0.6230142116546631,0.15900127589702606,-0.13203322887420654,0.9998829364776611,0.6426716446876526,0.1725665032863617,-0.2440679520368576,0.999956488609314,0.6283892393112183,0.17235243320465088,-0.2449590116739273,0.9999171495437622,0.7048235535621643,0.20182931423187256,0.005161653272807598,0.9999878406524658,0.5899402499198914,0.20480209589004517,-0.05844777077436447,0.999836802482605,0.7558287382125854,0.2416524887084961,0.10586347430944443,0.9948745369911194,0.5689746141433716,0.2602550685405731,-0.2357836216688156,0.992009162902832,0.7760850787162781,0.2874002456665039,0.03310837596654892,0.9958187937736511,0.6001068353652954,0.24189168214797974,-0.553118109703064,0.9963414072990417,0.7931982278823853,0.3003593385219574,0.023591695353388786,0.9875838160514832,0.6098629236221313,0.235388845205307,-0.6116179823875427,0.9902293086051941,0.7892821431159973,0.3014812767505646,-0.010619189590215683,0.9891190528869629,0.6111114621162415,0.22908887267112732,-0.609045684337616,0.990013837814331,0.7808244228363037,0.29724523425102234,0.021274806931614876,0.9850128889083862,0.6113151907920837,0.2301483452320099,-0.5568088293075562,0.9815172553062439,0.6836784482002258,0.3074706196784973,-0.0020385372918099165,0.999894380569458,0.6163848638534546,0.30988776683807373,0.0020827120169997215,0.9994187355041504,0.6563883423805237,0.3843022286891937,-0.3335726857185364,0.8951587677001953,0.6331165432929993,0.39274561405181885,-0.0646607056260109,0.5693840980529785,0.6577242612838745,0.48115745186805725,-0.2730725109577179,0.8294383883476257,0.653497040271759,0.47667157649993896,0.08259790390729904,0.5504854917526245,0.6568464040756226,0.495766282081604,-0.27490341663360596,0.5690532922744751,0.648641049861908,0.4884943962097168,0.08996659517288208,0.332674115896225,0.6566311717033386,0.5084538459777832,-0.46972689032554626,0.8605552315711975,0.6517002582550049,0.5018855929374695,-0.07417324930429459,0.5889602303504944
Screen_Recording_20260919_111311_Instagram_1,6,1,0.635546863079071,0.16577370464801788,-0.20499539375305176,0.9999799728393555,0.6411688923835754,0.15893632173538208,-0.17440417408943176,0.9999662637710571,0.6448355317115784,0.1589238941669464,-0.17445223033428192,0.9999622106552124,0.6485505104064941,0.1590299904346466,-0.174515500664711,0.9999716281890869,0.6297656297683716,0.15896598994731903,-0.18222348392009735,0.9999544620513916,0.6260934472084045,0.15890350937843323,-0.18227027356624603,0.9999450445175171,0.6227144598960876,0.1588750183582306,-0.18222740292549133,0.9999334812164307,0.6527740955352783,0.161986842751503,-0.005179975181818008,0.9999662637710571,0.6193657517433167,0.1620577573776245,-0.04453926533460617,0.999796450138092,0.6433061957359314,0.17351916432380676,-0.14051131904125214,0.9999514818191528,0.6289188265800476,0.1733187586069107,-0.15205824375152588,0.9997946619987488,0.6898597478866577,0.20114921033382416,0.09432870149612427,0.9999945163726807,0.5826321840286255,0.20545753836631775,0.002684767823666334,0.9981858134269714,0.7471364140510559,0.23304522037506104,0.12525813281536102,0.9964370727539062,0.570970892906189,0.2424309253692627,-0.24000617861747742,0.9859339594841003,0.7823346853256226,0.2789817154407501,0.024387886747717857,0.996866762638092,0.611463189125061,0.19965748488903046,-0.5299633741378784,0.9917812943458557,0.7969709634780884,0.2911115288734436,0.008415400050580502,0.9877961874008179,0.6178649067878723,0.1864505112171173,-0.5826032757759094,0.9761477708816528,0.7919968366622925,0.29321950674057007,-0.019697481766343117,0.9894816875457764,0.6170840263366699,0.18308843672275543,-0.5702434182167053,0.9738811254501343,0.7843442559242249,0.2897365093231201,0.013699849136173725,0.985356867313385,0.6168261766433716,0.18834735453128815,-0.5302450060844421,0.9540548324584961,0.6757524609565735,0.30952924489974976,0.0006922160391695797,0.9999847412109375,0.610260009765625,0.3142259120941162,-0.0003063417680095881,0.9995203018188477,0.6590749621391296,0.3891870081424713,-0.43320953845977783,0.9134559631347656,0.6240918636322021,0.38751691579818726,0.08812405914068222,0.25107258558273315,0.649562418460846,0.49034732580184937,-0.5697562098503113,0.8729293346405029,0.6393621563911438,0.44338077306747437,0.28343167901039124,0.17784541845321655,0.6428865194320679,0.5061946511268616,-0.5916314721107483,0.7448140978813171,0.6447011232376099,0.4494956135749817,0.2950111925601959,0.1557849943637848,0.649368166923523,0.5120076537132263,-0.8078628778457642,0.924530565738678,0.6335857510566711,0.45931726694107056,0.16555967926979065,0.30851981043815613
Screen_Recording_20260919_111311_Instagram_1,7,1,0.6296322345733643,0.1701817512512207,-0.25406786799430847,0.9999663829803467,0.6348668336868286,0.16248689591884613,-0.22053812444210052,0.9999709129333496,0.6381415128707886,0.16238687932491302,-0.22062577307224274,0.9999657869338989,0.6413723230361938,0.16228604316711426,-0.22073765099048615,0.9999704360961914,0.6260188221931458,0.1625070571899414,-0.22371599078178406,0.9999550580978394,0.6231846213340759,0.16245272755622864,-0.223764106631279,0.9999381303787231,0.620398759841919,0.16240645945072174,-0.22373726963996887,0.9999191761016846,0.6464881300926208,0.1647295355796814,-0.03415202721953392,0.9999780654907227,0.6170271635055542,0.16508924961090088,-0.0532635934650898,0.9998217225074768,0.6368592977523804,0.17737838625907898,-0.18385188281536102,0.9999489784240723,0.625175952911377,0.17755566537380219,-0.18954209983348846,0.9997366070747375,0.6825358867645264,0.20911812782287598,0.057160861790180206,0.999984622001648,0.5871983766555786,0.20491842925548553,0.006254356354475021,0.9950399994850159,0.7416897416114807,0.24112792313098907,0.059876903891563416,0.9931685924530029,0.57635498046875,0.21329176425933838,-0.2731892168521881,0.9410961270332336,0.7731983661651611,0.2861311435699463,-0.034172751009464264,0.9909261465072632,0.6068627834320068,0.16656900942325592,-0.6076099276542664,0.9586116075515747,0.7909693717956543,0.2956147789955139,-0.05396639555692673,0.9716740846633911,0.6060361266136169,0.15354783833026886,-0.6693388223648071,0.9132732152938843,0.7855967879295349,0.29680120944976807,-0.08250512927770615,0.9751204252243042,0.6101303100585938,0.15307097136974335,-0.6604148149490356,0.9075605869293213,0.778921902179718,0.2941429615020752,-0.044245991855859756,0.9640048146247864,0.6127333045005798,0.1623365730047226,-0.6126505136489868,0.8698003888130188,0.6690040826797485,0.32549676299095154,-0.016989290714263916,0.9999752044677734,0.6044268608093262,0.3272799551486969,0.01728004403412342,0.999609649181366,0.6557621955871582,0.4147244393825531,-0.38574478030204773,0.9254840612411499,0.6278198957443237,0.41085129976272583,0.09616533666849136,0.27881717681884766,0.6475909352302551,0.513073742389679,-0.5367774963378906,0.9158470034599304,0.6637864708900452,0.4685990810394287,0.277640163898468,0.18486981093883514,0.6427515149116516,0.5303301215171814,-0.5597644448280334,0.8233423829078674,0.6737217903137207,0.47645384073257446,0.28801268339157104,0.22794020175933838,0.6412431597709656,0.5242390632629395,-0.7612940073013306,0.923428475856781,0.6536096334457397,0.486560583114624,0.17027884721755981,0.29073160886764526
Screen_Recording_20260919_111311_Instagram_1,8,1,0.6249908208847046,0.1769929975271225,-0.027107756584882736,0.9999842643737793,0.6346648335456848,0.1710585504770279,0.008351713418960571,0.999983549118042,0.6390789151191711,0.17136850953102112,0.00830220989882946,0.9999808073043823,0.6434018015861511,0.17174842953681946,0.008244933560490608,0.9999842643737793,0.6221281886100769,0.17087657749652863,0.010462140664458275,0.9999679327011108,0.6180291771888733,0.17099371552467346,0.010418932884931564,0.9999586343765259,0.6142929792404175,0.17113909125328064,0.010461085475981236,0.9999603033065796,0.6508630514144897,0.17656441032886505,0.15918032824993134,0.9999856948852539,0.6140922904014587,0.17429666221141815,0.16667677462100983,0.9999260902404785,0.6334787011146545,0.1853308081626892,0.025015734136104584,0.9999836683273315,0.6172348856925964,0.1845429539680481,0.027001798152923584,0.9999428987503052,0.6839142441749573,0.2217966616153717,0.1662548929452896,0.9999947547912598,0.5855348706245422,0.21525931358337402,0.1635771244764328,0.9994524121284485,0.7404768466949463,0.24542859196662903,0.005425232462584972,0.9958794116973877,0.5708528161048889,0.1871260553598404,-0.11028348654508591,0.9937919974327087,0.758818507194519,0.2838650643825531,-0.21520395576953888,0.9945587515830994,0.5972073674201965,0.1345590054988861,-0.37142089009284973,0.996204674243927,0.7697121500968933,0.29571351408958435,-0.26132115721702576,0.9849594235420227,0.5999563932418823,0.11918477714061737,-0.4361899495124817,0.9881673455238342,0.7621756792068481,0.2965143918991089,-0.2741568982601166,0.9857898354530334,0.6053045988082886,0.1173940896987915,-0.4136315584182739,0.9865277409553528,0.7567408680915833,0.2938593029975891,-0.2244141399860382,0.9807283282279968,0.6059534549713135,0.12244690954685211,-0.3727199137210846,0.9821773767471313,0.6695020794868469,0.33815234899520874,-0.011238089762628078,0.999994158744812,0.601412296295166,0.34073689579963684,0.01141777727752924,0.9999450445175171,0.6593416929244995,0.4223572015762329,-0.3737706243991852,0.9803962707519531,0.6195062398910522,0.4253818988800049,-0.0029580274131149054,0.8015702962875366,0.6529334783554077,0.5146459341049194,-0.37482354044914246,0.9465727210044861,0.6520870327949524,0.47345536947250366,0.2870573401451111,0.40027469396591187,0.6506701707839966,0.5259811878204346,-0.3806489408016205,0.7937536239624023,0.658381462097168,0.4759950041770935,0.3106254041194916,0.2578437626361847,0.6494173407554626,0.5422600507736206,-0.5633296966552734,0.9413395524024963,0.658126950263977,0.4999557137489319,0.21438300609588623,0.4822421967983246
Screen_Recording_20260919_111311_Instagram_1,9,1,0.615825355052948,0.178115576505661,-0.33943450450897217,0.9995846152305603,0.6248444318771362,0.17158138751983643,-0.31649288535118103,0.9996578693389893,0.6292065978050232,0.1714995950460434,-0.3165934979915619,0.9994844198226929,0.6337671279907227,0.17165610194206238,-0.3167419731616974,0.9997426867485046,0.613091766834259,0.17233611643314362,-0.30104750394821167,0.9989448189735413,0.6094615459442139,0.17262974381446838,-0.30104929208755493,0.9979283809661865,0.6060200333595276,0.17296066880226135,-0.30108293890953064,0.9984096884727478,0.6446935534477234,0.1772949993610382,-0.1841239184141159,0.9994465708732605,0.6099398136138916,0.17747734487056732,-0.11153493821620941,0.9981535077095032,0.6268906593322754,0.18601129949092865,-0.29309821128845215,0.999942421913147,0.6110625267028809,0.1853567212820053,-0.2724824547767639,0.9997623562812805,0.6901775002479553,0.23389460146427155,-0.1239425465464592,0.9999154806137085,0.581659197807312,0.21392203867435455,-0.05493379384279251,0.9988666772842407,0.7567848563194275,0.2852717339992523,-0.30646517872810364,0.9802512526512146,0.560692548751831,0.17587412893772125,-0.040808357298374176,0.9869499802589417,0.7290071845054626,0.29022446274757385,-0.5980989933013916,0.8892065286636353,0.5911793112754822,0.13153108954429626,0.0037727183662354946,0.8403705954551697,0.7206775546073914,0.292991578578949,-0.6597402691841125,0.8287153244018555,0.5959845781326294,0.11739031970500946,-0.032154444605112076,0.6199135184288025,0.7166510224342346,0.28763920068740845,-0.6683357357978821,0.8304479718208313,0.6005119681358337,0.1167694479227066,-0.028820473700761795,0.5905714631080627,0.7130979299545288,0.28617578744888306,-0.6077427864074707,0.7678099274635315,0.6005308032035828,0.12252475321292877,-0.0018675135215744376,0.6124104261398315,0.6665100455284119,0.3471774458885193,-0.010872606188058853,0.9999833106994629,0.5953734517097473,0.3503374755382538,0.010855874978005886,0.9998985528945923,0.6640574932098389,0.4443837106227875,-0.03711837902665138,0.9763951301574707,0.6139878034591675,0.4522121548652649,-0.03378165513277054,0.9703912138938904,0.6471533179283142,0.5291059017181396,0.1979209929704666,0.9742651581764221,0.6402928233146667,0.4371175169944763,0.589931309223175,0.21743938326835632,0.6405527591705322,0.541307806968689,0.2195073515176773,0.8272331953048706,0.6447499394416809,0.42674052715301514,0.6553980708122253,0.1680958867073059,0.6503634452819824,0.5580828189849854,0.074752576649189,0.9586642980575562,0.6517318487167358,0.4622655212879181,0.6392385959625244,0.3608683943748474
Screen_Recording_20260919_111311_Instagram_1,10,1,0.6193344593048096,0.17798765003681183,-0.2949560284614563,0.9994820952415466,0.6281945109367371,0.16951759159564972,-0.27291393280029297,0.999479353427887,0.6327258944511414,0.1694338023662567,-0.2730666399002075,0.9993840456008911,0.6372998356819153,0.16956357657909393,-0.2732502818107605,0.9996077418327332,0.6159955263137817,0.17042507231235504,-0.2583219110965729,0.9983300566673279,0.6124556660652161,0.17085081338882446,-0.2582347095012665,0.9967014193534851,0.609417736530304,0.17146502435207367,-0.258257120847702,0.9968900084495544,0.6482768058776855,0.17418624460697174,-0.14518660306930542,0.9994159936904907,0.6101191639900208,0.17605873942375183,-0.07690276950597763,0.9967503547668457,0.6295270919799805,0.18792219460010529,-0.2487126737833023,0.9998899698257446,0.613981306552887,0.18818211555480957,-0.22958733141422272,0.9995647072792053,0.6911683082580566,0.23111207783222198,-0.11276426911354065,0.9999548196792603,0.5868161916732788,0.21984556317329407,0.020001588389277458,0.9977511763572693,0.7375343441963196,0.2891635298728943,-0.31205227971076965,0.9939867258071899,0.5592447519302368,0.1798887550830841,0.09808284044265747,0.889335572719574,0.6651273965835571,0.26141035556793213,-0.5554389357566833,0.98518306016922,0.580998420715332,0.1421186923980713,0.13558176159858704,0.6929125785827637,0.6477219462394714,0.2500804662704468,-0.610317051410675,0.964620053768158,0.5862182378768921,0.13265539705753326,0.11736071109771729,0.5068808197975159,0.6458446383476257,0.24167735874652863,-0.5899435877799988,0.962620735168457,0.5907370448112488,0.13222326338291168,0.11038930714130402,0.47829392552375793,0.6493269205093384,0.24443380534648895,-0.5508500933647156,0.9331128597259521,0.5906556844711304,0.13669149577617645,0.12831982970237732,0.5034465789794922,0.6693927645683289,0.3496161699295044,-0.02833174541592598,0.9999629259109497,0.5983891487121582,0.3520486354827881,0.028442131355404854,0.9997233748435974,0.6735517382621765,0.44207966327667236,-0.0449959821999073,0.9667711853981018,0.613552987575531,0.4488818645477295,-0.06858658790588379,0.9513758420944214,0.649070680141449,0.5263402462005615,0.18338268995285034,0.956335723400116,0.6338340640068054,0.44771385192871094,0.5036295056343079,0.18905599415302277,0.6419000625610352,0.5364007949829102,0.20400503277778625,0.7490600347518921,0.6388319730758667,0.4408572018146515,0.563173234462738,0.18519757688045502,0.6489565372467041,0.5564831495285034,0.0687623992562294,0.9283101558685303,0.6420506834983826,0.47698014974594116,0.5415633916854858,0.28906866908073425
Screen_Recording_20260919_111311_Instagram_1,11,1,0.6192081570625305,0.1723521500825882,-0.23169879615306854,0.9995030164718628,0.6286771893501282,0.16416053473949432,-0.21075470745563507,0.9991281628608704,0.6335740089416504,0.16435201466083527,-0.21085257828235626,0.9989315867424011,0.6381904482841492,0.1646311730146408,-0.21096207201480865,0.9993090629577637,0.6160693764686584,0.16408003866672516,-0.19871093332767487,0.9982112646102905,0.6122286915779114,0.1640763282775879,-0.1986604779958725,0.9965364933013916,0.6082478165626526,0.1642264425754547,-0.19874003529548645,0.9971133470535278,0.648067057132721,0.16853821277618408,-0.09082859754562378,0.9984614849090576,0.60859614610672,0.1683124154806137,-0.034789830446243286,0.9985754489898682,0.6295581459999084,0.18138813972473145,-0.18843407928943634,0.9997640252113342,0.6134517788887024,0.18093012273311615,-0.1727764755487442,0.9996402263641357,0.681961715221405,0.21916267275810242,-0.07482916116714478,0.9999520778656006,0.5828434824943542,0.20760761201381683,0.022476274520158768,0.9997879862785339,0.6783368587493896,0.2732524275779724,-0.30261194705963135,0.9935632944107056,0.5409660935401917,0.1752624809741974,0.029345296323299408,0.9922630786895752,0.6125838756561279,0.22753965854644775,-0.5105272531509399,0.9954946041107178,0.5811145305633545,0.14144596457481384,0.08209440112113953,0.9200796484947205,0.5947484970092773,0.21282456815242767,-0.5618575215339661,0.9890062808990479,0.5903584957122803,0.13113796710968018,0.06423069536685944,0.7640900611877441,0.5959296226501465,0.2077224850654602,-0.5396183133125305,0.9878506064414978,0.5949122905731201,0.13065239787101746,0.08061376959085464,0.7256677150726318,0.6011286377906799,0.211221382021904,-0.5064982771873474,0.9778434634208679,0.5938723087310791,0.13529200851917267,0.08416688442230225,0.7481079697608948,0.6692177653312683,0.3468622863292694,0.0053649526089429855,0.9999735355377197,0.5969706177711487,0.34480634331703186,-0.005277905613183975,0.9998610019683838,0.6731482148170471,0.4471477270126343,-0.04475525766611099,0.9633011221885681,0.6172319650650024,0.43763917684555054,-0.17961637675762177,0.9784084558486938,0.6474350094795227,0.5327681303024292,0.1426980048418045,0.964336633682251,0.6000078320503235,0.4325753450393677,0.3189733624458313,0.3027726113796234,0.6373353004455566,0.5440999865531921,0.15854394435882568,0.7806041836738586,0.5897819399833679,0.4249911606311798,0.37090232968330383,0.21780893206596375,0.6520298719406128,0.5645529627799988,0.026828637346625328,0.9502646923065186,0.5956445932388306,0.4597698152065277,0.34766995906829834,0.4427858889102936
Screen_Recording_20260919_111311_Instagram_1,12,1,0.6110939979553223,0.1633380502462387,-0.16219811141490936,0.9984332919120789,0.6187700033187866,0.15566015243530273,-0.1492374688386917,0.997582197189331,0.6225355863571167,0.15576449036598206,-0.1493128091096878,0.9974736571311951,0.6264023184776306,0.15592949092388153,-0.1493649035692215,0.9984052777290344,0.6094702482223511,0.1552005112171173,-0.1318480223417282,0.9960551261901855,0.6069339513778687,0.15496091544628143,-0.13185498118400574,0.9939737915992737,0.6039395332336426,0.15466950833797455,-0.13200931251049042,0.9958475828170776,0.6349107623100281,0.15998710691928864,-0.05843266099691391,0.9934012293815613,0.6013641953468323,0.15739965438842773,0.01949276775121689,0.9969057440757751,0.6195547580718994,0.1719687283039093,-0.12783971428871155,0.9973579049110413,0.6068561673164368,0.1713600903749466,-0.1059422716498375,0.9982840418815613,0.6685593128204346,0.20057441294193268,-0.07448003441095352,0.9994691014289856,0.5805504322052002,0.2026226669549942,0.10621100664138794,0.9992341995239258,0.6161015629768372,0.23175689578056335,-0.28721845149993896,0.9570936560630798,0.520845890045166,0.17701494693756104,0.20614732801914215,0.9386122822761536,0.5793132185935974,0.1825159788131714,-0.40491315722465515,0.9752377271652222,0.5606379508972168,0.15202178061008453,0.35085785388946533,0.7044282555580139,0.5723088383674622,0.16652017831802368,-0.44061198830604553,0.9603810906410217,0.5722880363464355,0.14451585710048676,0.36486124992370605,0.4864666759967804,0.5820092558860779,0.16322050988674164,-0.42305371165275574,0.9551263451576233,0.5799181461334229,0.14696046710014343,0.37480980157852173,0.45766815543174744,0.5832552313804626,0.1673169881105423,-0.4016297459602356,0.9257977604866028,0.5776775479316711,0.15019237995147705,0.3545311391353607,0.48659172654151917,0.6724410653114319,0.33703911304473877,-0.026277797296643257,0.9998295307159424,0.6020078659057617,0.3319269120693207,0.02656412310898304,0.9998244643211365,0.6669951677322388,0.44242924451828003,-0.12465622276067734,0.9738956093788147,0.6207061409950256,0.4002585709095001,-0.45996782183647156,0.9920486807823181,0.6475474238395691,0.5317451357841492,0.04151003807783127,0.9830134510993958,0.5959745645523071,0.4475672245025635,-0.1638072282075882,0.8640884757041931,0.6410268545150757,0.5426912903785706,0.051598288118839264,0.8379446864128113,0.5964195132255554,0.44800278544425964,-0.13513439893722534,0.6424856781959534,0.6496376991271973,0.5684369802474976,-0.11228756606578827,0.9746240973472595,0.5873730778694153,0.4858132600784302,-0.2436695247888565,0.915022611618042
Screen_Recording_20260919_111311_Instagram_1,13,1,0.6061371564865112,0.16097202897071838,-0.11084486544132233,0.9997139573097229,0.6158996224403381,0.15295706689357758,-0.10169816017150879,0.9995841383934021,0.6199195981025696,0.15311242640018463,-0.10174746811389923,0.9995445609092712,0.6245711445808411,0.1533077210187912,-0.10176663845777512,0.9997074007987976,0.6062735319137573,0.15226373076438904,-0.07774343341588974,0.9993711113929749,0.6040169596672058,0.15195488929748535,-0.07776812463998795,0.9990878105163574,0.6017899513244629,0.151579350233078,-0.07787418365478516,0.9994580149650574,0.6382618546485901,0.15708044171333313,-0.03926204517483711,0.9987782835960388,0.6062571406364441,0.1542929708957672,0.06872902065515518,0.9995018243789673,0.6148996353149414,0.16942189633846283,-0.08843763917684555,0.9993257522583008,0.6013412475585938,0.1688687950372696,-0.05784529447555542,0.9996740818023682,0.6646955013275146,0.19514606893062592,-0.08234449476003647,0.9993137121200562,0.5805935263633728,0.20277446508407593,0.15311799943447113,0.9993634819984436,0.586754322052002,0.21569989621639252,-0.28310686349868774,0.9619076251983643,0.5126643776893616,0.18600957095623016,0.26613375544548035,0.9042022228240967,0.5601327419281006,0.16422371566295624,-0.3533906936645508,0.9769564270973206,0.5494011640548706,0.1517799198627472,0.41704225540161133,0.668946385383606,0.5580801963806152,0.14795933663845062,-0.38705214858055115,0.9637476801872253,0.5591366291046143,0.14003990590572357,0.431936115026474,0.45703834295272827,0.5693787336349487,0.14645704627037048,-0.3701910674571991,0.9574124813079834,0.5677533745765686,0.14131028950214386,0.44876763224601746,0.4258911609649658,0.5693645477294922,0.15222659707069397,-0.35013672709465027,0.9292035698890686,0.5673649907112122,0.14621147513389587,0.42329636216163635,0.44219353795051575,0.6740031838417053,0.332592636346817,-0.03990820795297623,0.9998099207878113,0.6042622327804565,0.32728302478790283,0.04021579772233963,0.9998903274536133,0.6552279591560364,0.44139301776885986,-0.13838782906532288,0.9562029838562012,0.6189187169075012,0.36651259660720825,-0.5074990391731262,0.9878666400909424,0.6440421342849731,0.5333318710327148,0.07303465157747269,0.975957453250885,0.6049240827560425,0.4428238868713379,-0.32170000672340393,0.9270385503768921,0.6385254263877869,0.5443029999732971,0.08711482584476471,0.8103386759757996,0.605955958366394,0.44935256242752075,-0.30409425497055054,0.7926731705665588,0.6470320820808411,0.5653621554374695,-0.08977542817592621,0.9700468182563782,0.5914275050163269,0.483286589384079,-0.45448702573776245,0.9602022171020508
Screen_Recording_20260919_111311_Instagram_1,14,1,0.6015872955322266,0.16061902046203613,-0.13884712755680084,0.9999411106109619,0.6119689345359802,0.15231570601463318,-0.13487257063388824,0.9999303817749023,0.6160875558853149,0.15208503603935242,-0.13494691252708435,0.9999315738677979,0.6206181049346924,0.151816263794899,-0.1349942833185196,0.9999573230743408,0.603040337562561,0.15221796929836273,-0.10871486365795135,0.999889612197876,0.6012237071990967,0.15199103951454163,-0.10872601717710495,0.999833345413208,0.5994614958763123,0.1516561210155487,-0.10881700366735458,0.9998908042907715,0.6367619037628174,0.15494026243686676,-0.07906069606542587,0.9998481273651123,0.6069092154502869,0.1534501016139984,0.0380774661898613,0.9998822212219238,0.6097068190574646,0.1681591272354126,-0.11706111580133438,0.999862790107727,0.5983030200004578,0.1676807999610901,-0.08365732431411743,0.9999116659164429,0.6615747809410095,0.19099660217761993,-0.11927291750907898,0.9998550415039062,0.5883427262306213,0.20062652230262756,0.16946938633918762,0.9993933439254761,0.5645392537117004,0.2057894468307495,-0.25013846158981323,0.9778320789337158,0.5168424844741821,0.19198507070541382,0.3351975679397583,0.7564505934715271,0.5549945831298828,0.1536935716867447,-0.24909920990467072,0.9791092872619629,0.5403622984886169,0.15373283624649048,0.471148818731308,0.45996490120887756,0.5577923059463501,0.13785555958747864,-0.27770185470581055,0.9652089476585388,0.5513541102409363,0.13967792689800262,0.4837006628513336,0.311774879693985,0.5703861117362976,0.13678854703903198,-0.28031012415885925,0.9608792066574097,0.5628252625465393,0.14077772200107574,0.49065402150154114,0.29770007729530334,0.5703771710395813,0.14315976202487946,-0.25137993693351746,0.9350446462631226,0.5613431930541992,0.14738479256629944,0.47306928038597107,0.3203146755695343,0.672532856464386,0.3247750699520111,-0.06056574732065201,0.9998800754547119,0.6119039058685303,0.3200492560863495,0.06099992245435715,0.9999150037765503,0.6481016278266907,0.431527316570282,-0.10445002466440201,0.9699539542198181,0.6110807657241821,0.35616567730903625,-0.3946415185928345,0.9874041080474854,0.6432577967643738,0.5234236717224121,0.042308200150728226,0.9907926917076111,0.6029313206672668,0.4459039866924286,-0.3027135729789734,0.9755150675773621,0.6414327621459961,0.5350567102432251,0.04825366660952568,0.9063048362731934,0.6091463565826416,0.45491039752960205,-0.2977461814880371,0.9165754914283752,0.6325004696846008,0.5565000772476196,-0.14389623701572418,0.98752361536026,0.5816550850868225,0.4857235550880432,-0.4640231430530548,0.9865444302558899
Screen_Recording_20260919_111311_Instagram_1,15,1,0.6018343567848206,0.15252596139907837,-0.1635827273130417,0.9998753070831299,0.6102731823921204,0.14466506242752075,-0.16188345849514008,0.9998453855514526,0.6140881180763245,0.14455923438072205,-0.16197921335697174,0.9998534917831421,0.6181104183197021,0.1444622129201889,-0.16203412413597107,0.999883770942688,0.6031183004379272,0.1448032110929489,-0.13599243760108948,0.9998146891593933,0.6016588807106018,0.14480681717395782,-0.1359960287809372,0.9997244477272034,0.6000728011131287,0.14476747810840607,-0.13610324263572693,0.9998032450675964,0.6347717642784119,0.14879046380519867,-0.11234068870544434,0.999686598777771,0.6118661761283875,0.14840929210186005,0.004004376474767923,0.9997662901878357,0.6106240749359131,0.16004058718681335,-0.14279597997665405,0.9996272325515747,0.6007040739059448,0.16064655780792236,-0.10965382307767868,0.9997761845588684,0.6559463739395142,0.18342404067516327,-0.16560980677604675,0.9996433258056641,0.5971509218215942,0.1987517774105072,0.16101086139678955,0.9993927478790283,0.5566594004631042,0.19274061918258667,-0.2500387728214264,0.9822782278060913,0.5115931034088135,0.19859600067138672,0.26630517840385437,0.8394503593444824,0.5540963411331177,0.1437014490365982,-0.19972601532936096,0.9710268974304199,0.541377604007721,0.15644200146198273,0.2912362515926361,0.7050433158874512,0.5555873513221741,0.1302492469549179,-0.22612549364566803,0.9481170773506165,0.5550997257232666,0.14252880215644836,0.28774356842041016,0.5036201477050781,0.5675818920135498,0.13010375201702118,-0.2322441041469574,0.9415006637573242,0.5634759068489075,0.14131265878677368,0.29682281613349915,0.4784001111984253,0.5680285096168518,0.13554222881793976,-0.20197561383247375,0.9086952805519104,0.5597593784332275,0.14745061099529266,0.29173529148101807,0.4763287305831909,0.6781721115112305,0.317165732383728,-0.08922174572944641,0.9998817443847656,0.6183709502220154,0.3139517605304718,0.0894213616847992,0.999953031539917,0.6491723656654358,0.4164521396160126,-0.07973688095808029,0.9785853624343872,0.6091199517250061,0.3693765103816986,-0.24959434568881989,0.9770058989524841,0.6396359205245972,0.5043598413467407,0.090159110724926,0.991390585899353,0.6186595559120178,0.4618886709213257,-0.16519367694854736,0.9767916798591614,0.6406604647636414,0.5117074251174927,0.09928462654352188,0.9376524090766907,0.624150812625885,0.4711456298828125,-0.16204270720481873,0.9241987466812134,0.621737003326416,0.5357840657234192,-0.056293126195669174,0.9889011383056641,0.5869951844215393,0.48947054147720337,-0.31132370233535767,0.9866024255752563
Screen_Recording_20260919_111311_Instagram_1,16,1,0.6008926630020142,0.14957469701766968,-0.023495353758335114,0.9999614953994751,0.6116924285888672,0.14224101603031158,-0.021969346329569817,0.9999606609344482,0.6155194640159607,0.14192183315753937,-0.02197827398777008,0.9999597072601318,0.6193538904190063,0.1416132152080536,-0.021992100402712822,0.9999717473983765,0.6045755743980408,0.1427127569913864,0.007139356806874275,0.9999606609344482,0.6036732792854309,0.14286740124225616,0.007116899825632572,0.9999381303787231,0.6028305888175964,0.14293532073497772,0.007007792592048645,0.9999654293060303,0.6366081833839417,0.14604558050632477,0.0017544274451211095,0.9999035596847534,0.6147582530975342,0.14801841974258423,0.13284413516521454,0.9999390840530396,0.6080111265182495,0.1564747840166092,-0.014484869316220284,0.9996248483657837,0.5990598797798157,0.15717032551765442,0.023023398593068123,0.9997878670692444,0.6556833982467651,0.17877796292304993,-0.07182097434997559,0.9990448355674744,0.5946939587593079,0.20159116387367249,0.2529301345348358,0.998958945274353,0.5453201532363892,0.1869785189628601,-0.1297224760055542,0.9853531718254089,0.5130479335784912,0.20719200372695923,0.30005738139152527,0.8860797882080078,0.5515771508216858,0.13617001473903656,-0.030312493443489075,0.9527115225791931,0.5405279397964478,0.15505580604076385,0.3063560128211975,0.6394074559211731,0.5556098222732544,0.12048995494842529,-0.04318017140030861,0.9133480787277222,0.5551274418830872,0.1406366527080536,0.3033375144004822,0.37634551525115967,0.5688275098800659,0.12094384431838989,-0.047412775456905365,0.8964925408363342,0.5628728270530701,0.13844944536685944,0.3314545750617981,0.34310078620910645,0.5677481293678284,0.1276291012763977,-0.03041858598589897,0.8584994077682495,0.5607292056083679,0.14487089216709137,0.3126493990421295,0.3445669710636139,0.6833218336105347,0.30600249767303467,-0.09233149141073227,0.9996834993362427,0.6218081116676331,0.3079841136932373,0.0922083780169487,0.9999262094497681,0.6530308723449707,0.4008570611476898,-0.12866710126399994,0.9170156717300415,0.6052820086479187,0.37643614411354065,-0.1914636492729187,0.9100533723831177,0.6252927184104919,0.47607046365737915,0.022346578538417816,0.869724452495575,0.6259276270866394,0.4681190848350525,-0.1511857658624649,0.8920378684997559,0.6208735108375549,0.4879135489463806,0.03166268765926361,0.673483669757843,0.6370569467544556,0.4841756820678711,-0.15040208399295807,0.8177118301391602,0.588732898235321,0.4969446063041687,-0.08488333225250244,0.8628280758857727,0.5928955078125,0.49417001008987427,-0.2727910578250885,0.9266658425331116
Screen_Recording_20260919_111311_Instagram_1,17,1,0.603908896446228,0.1459771692752838,-0.10331776738166809,0.9999581575393677,0.6115951538085938,0.13926459848880768,-0.09624403715133667,0.9999440908432007,0.6148613095283508,0.13905984163284302,-0.09625133872032166,0.9999383687973022,0.6183972954750061,0.13887186348438263,-0.0962306335568428,0.9999507665634155,0.605632483959198,0.13962100446224213,-0.07040788978338242,0.9999524354934692,0.6043479442596436,0.13974742591381073,-0.0704353004693985,0.9999334812164307,0.6030559539794922,0.1397961974143982,-0.07054765522480011,0.9999628067016602,0.6348677277565002,0.14315713942050934,-0.04791608452796936,0.9998757839202881,0.6132712364196777,0.14395812153816223,0.06828814744949341,0.9999505281448364,0.610061764717102,0.15232615172863007,-0.08643437176942825,0.9996869564056396,0.6026597619056702,0.15306465327739716,-0.05316691845655441,0.9998722076416016,0.660681426525116,0.1774081140756607,-0.10802219063043594,0.9992355108261108,0.5914097428321838,0.19910159707069397,0.1739276647567749,0.9996015429496765,0.5552432537078857,0.174596905708313,-0.21026352047920227,0.9891294240951538,0.5118045210838318,0.21217642724514008,0.08520393073558807,0.9661322832107544,0.5588822960853577,0.12672212719917297,-0.16496562957763672,0.9763240218162537,0.5427756905555725,0.15889039635658264,-0.0644812136888504,0.9112688302993774,0.5600225925445557,0.11178351938724518,-0.19137361645698547,0.9533643126487732,0.5611531734466553,0.14444240927696228,-0.09769085049629211,0.7378225922584534,0.5756769180297852,0.11077781021595001,-0.1923171430826187,0.9435481429100037,0.5729898810386658,0.14386217296123505,-0.06145089864730835,0.6979042291641235,0.5734859704971313,0.11704626679420471,-0.1662725806236267,0.9166615605354309,0.5721883773803711,0.15004488825798035,-0.059059906750917435,0.6775157451629639,0.6845421195030212,0.30293241143226624,-0.07857656478881836,0.9998494386672974,0.6218349933624268,0.30363497138023376,0.078364796936512,0.9999599456787109,0.6627042889595032,0.3956933617591858,-0.12848614156246185,0.9274484515190125,0.6034966707229614,0.369281530380249,-0.2207614779472351,0.9211301803588867,0.6421813368797302,0.47544753551483154,0.05129211023449898,0.915058970451355,0.6239604949951172,0.4592426121234894,-0.11069052666425705,0.8921525478363037,0.645861029624939,0.4869290590286255,0.061428993940353394,0.6644354462623596,0.6389142870903015,0.4715202748775482,-0.10366445779800415,0.7817547917366028,0.6151716709136963,0.5018467903137207,-0.07978301495313644,0.9103198051452637,0.5952695608139038,0.4930999279022217,-0.23566125333309174,0.934830904006958
Screen_Recording_20260919_111311_Instagram_1,18,1,0.5995343327522278,0.14781564474105835,-0.006625087466090918,0.9998793601989746,0.6072651743888855,0.14203785359859467,-0.012449347414076328,0.9999105930328369,0.6103181838989258,0.14197200536727905,-0.012472067959606647,0.9998974800109863,0.6134535074234009,0.14194674789905548,-0.012482555583119392,0.9999281167984009,0.6024182438850403,0.14210936427116394,0.022754410281777382,0.9999253749847412,0.6019896268844604,0.14218659698963165,0.022724246606230736,0.9998705387115479,0.6016533970832825,0.14224980771541595,0.022608105093240738,0.9999289512634277,0.631216287612915,0.14597608149051666,-0.004584349691867828,0.9998195767402649,0.6153900623321533,0.14577531814575195,0.15291613340377808,0.999836802482605,0.6050785779953003,0.15374255180358887,-0.0025183798279613256,0.9989868998527527,0.59903883934021,0.15473142266273499,0.04242550954222679,0.9995089769363403,0.6512741446495056,0.1747404783964157,-0.09389450401067734,0.9974198341369629,0.6055840849876404,0.1915704607963562,0.29163244366645813,0.9985446929931641,0.5454826354980469,0.17051586508750916,-0.14465850591659546,0.9827985167503357,0.5327557325363159,0.19687098264694214,0.30119866132736206,0.650639533996582,0.5525287985801697,0.1257791370153427,0.010002542287111282,0.892640233039856,0.5511725544929504,0.15082979202270508,0.20443858206272125,0.5792988538742065,0.558148205280304,0.11234380304813385,-0.001893336302600801,0.8317013382911682,0.5605701208114624,0.13440446555614471,0.19150708615779877,0.42838671803474426,0.5733334422111511,0.11207038164138794,-0.011409440077841282,0.8101300001144409,0.5714070796966553,0.130399689078331,0.21022048592567444,0.4129854440689087,0.5663399696350098,0.1197579950094223,0.009690191596746445,0.7637335658073425,0.5700401067733765,0.13298603892326355,0.2049502283334732,0.41338708996772766,0.681240975856781,0.30112898349761963,-0.12032949924468994,0.9992751479148865,0.6336916089057922,0.3038317859172821,0.12030472606420517,0.9997956156730652,0.6537809371948242,0.39059627056121826,-0.18751898407936096,0.9408755898475647,0.6077282428741455,0.37516874074935913,-0.114334836602211,0.7710965275764465,0.633381724357605,0.4741075336933136,-0.17654427886009216,0.8668678402900696,0.6356542706489563,0.4750354290008545,-0.20237132906913757,0.7865270376205444,0.6375309824943542,0.4893226623535156,-0.18148458003997803,0.7865298390388489,0.6498978734016418,0.49411457777023315,-0.21617215871810913,0.7836718559265137,0.59367436170578,0.4989551901817322,-0.2829750180244446,0.8792417645454407,0.5950901508331299,0.5003071427345276,-0.32281699776649475,0.8708159923553467
Screen_Recording_20260919_111311_Instagram_1,19,1,0.6097753047943115,0.1439519077539444,0.07836169004440308,0.9999940395355225,0.6179574728012085,0.13804927468299866,0.09075316786766052,0.9999957084655762,0.6204088926315308,0.13812917470932007,0.09072931110858917,0.999994158744812,0.6230719685554504,0.13830241560935974,0.09076002985239029,0.9999966621398926,0.6139026880264282,0.13792933523654938,0.11641012877225876,0.9999967813491821,0.6133208870887756,0.13796883821487427,0.11632715910673141,0.9999945163726807,0.6122437119483948,0.1380947232246399,0.11622023582458496,0.9999978542327881,0.6369980573654175,0.14291030168533325,0.13976971805095673,0.9999794960021973,0.6218864321708679,0.1429523527622223,0.25417667627334595,0.9999929666519165,0.6133538484573364,0.15055520832538605,0.09335868060588837,0.9999176263809204,0.6083977222442627,0.15097683668136597,0.12596766650676727,0.9999732971191406,0.6550467610359192,0.1731685847043991,0.06969530880451202,0.9992662072181702,0.5989034175872803,0.19883333146572113,0.3417084515094757,0.9998326301574707,0.5552694797515869,0.16091285645961761,0.004696834832429886,0.9874196648597717,0.5289885997772217,0.22768114507198334,0.3190048038959503,0.8890742063522339,0.5672105550765991,0.11430993676185608,0.10873285681009293,0.9780129790306091,0.5415778160095215,0.17296336591243744,0.21468530595302582,0.8593578338623047,0.5756661891937256,0.10422486066818237,0.10135623067617416,0.9579129219055176,0.5444583296775818,0.16519242525100708,0.19761432707309723,0.6898604035377502,0.5846797823905945,0.10523630678653717,0.0898899957537651,0.9464366436004639,0.5502298474311829,0.1637457013130188,0.22476404905319214,0.6634626388549805,0.5835537314414978,0.11030945181846619,0.10666682571172714,0.9193994402885437,0.5512204766273499,0.16312168538570404,0.21952971816062927,0.652144193649292,0.68723464012146,0.29700949788093567,-0.060158658772706985,0.9997944235801697,0.6287815570831299,0.302844762802124,0.06001153960824013,0.9999701976776123,0.6552396416664124,0.38877812027931213,-0.18412241339683533,0.781278669834137,0.6061346530914307,0.36691054701805115,-0.39349275827407837,0.8187546133995056,0.627704381942749,0.47651296854019165,-0.29513564705848694,0.5971031188964844,0.635900616645813,0.4785860776901245,-0.653107225894928,0.6907686591148376,0.6246188879013062,0.49581241607666016,-0.3148175776004791,0.4138057827949524,0.6508914828300476,0.5014243125915527,-0.6858363151550293,0.6085582375526428,0.6038840413093567,0.49048519134521484,-0.4632783830165863,0.8185935020446777,0.6233869791030884,0.49722087383270264,-0.8563958406448364,0.9088914394378662
Screen_Recording_20260919_111311_Instagram_1,20,1,0.5919236540794373,0.14170795679092407,0.06252458691596985,0.9999009370803833,0.6002600789070129,0.13697895407676697,0.07200983911752701,0.999876856803894,0.6034653186798096,0.13710661232471466,0.07201198488473892,0.9998502731323242,0.6067954897880554,0.1370728611946106,0.07201498746871948,0.9999006986618042,0.5937403440475464,0.13664937019348145,0.10127396136522293,0.9999042749404907,0.5929384827613831,0.1368248611688614,0.10122805833816528,0.9998531341552734,0.5921133160591125,0.136849507689476,0.10102516412734985,0.9999302625656128,0.626255214214325,0.14259108901023865,0.10736241936683655,0.9995094537734985,0.6030295491218567,0.1435214728116989,0.23900429904460907,0.9998276233673096,0.5991291999816895,0.1515088975429535,0.07317289710044861,0.9986341595649719,0.5929873585700989,0.15285064280033112,0.11082600802183151,0.9994354844093323,0.6608086228370667,0.17229805886745453,0.03158838301897049,0.9967526197433472,0.5916939377784729,0.2006966471672058,0.2992907762527466,0.9989799857139587,0.561562180519104,0.16275984048843384,-0.10672633349895477,0.9769465327262878,0.5365623235702515,0.22226804494857788,0.20608101785182953,0.8945541977882385,0.5713036060333252,0.11140024662017822,-0.06921811401844025,0.9489535689353943,0.5475524663925171,0.16693654656410217,0.05105636268854141,0.8278310894966125,0.5835148692131042,0.09856094419956207,-0.0895007774233818,0.9046733379364014,0.5564254522323608,0.14698128402233124,0.017197083681821823,0.6402393579483032,0.5940630435943604,0.10013307631015778,-0.08815062791109085,0.886848509311676,0.5675180554389954,0.14556413888931274,0.05555038899183273,0.6052140593528748,0.5884795188903809,0.10648681223392487,-0.06933879852294922,0.8534261584281921,0.5666508078575134,0.14592155814170837,0.0575484037399292,0.5851204991340637,0.688714861869812,0.30600330233573914,-0.06833312660455704,0.9990586638450623,0.6249182820320129,0.30869361758232117,0.068226158618927,0.9998502731323242,0.6473803520202637,0.4025736451148987,-0.17332084476947784,0.8701490163803101,0.5977480411529541,0.37454134225845337,-0.3684183359146118,0.8652672171592712,0.6422420740127563,0.47902828454971313,-0.045605264604091644,0.6579564809799194,0.6417412757873535,0.4902230501174927,-0.4148942530155182,0.7991713285446167,0.6438344120979309,0.49003440141677856,-0.03945678099989891,0.4652046859264374,0.6602713465690613,0.5113735198974609,-0.42449554800987244,0.6933714747428894,0.6278464794158936,0.5016642808914185,-0.165802463889122,0.6640567779541016,0.6270501613616943,0.5228098034858704,-0.587249219417572,0.8586938977241516
Screen_Recording_20260919_111311_Instagram_1,21,1,0.5930763483047485,0.14908166229724884,0.03866082802414894,0.9999231100082397,0.6013851165771484,0.14209777116775513,0.03758494555950165,0.9999265670776367,0.6045206189155579,0.14140044152736664,0.03760598599910736,0.9999005794525146,0.6081838011741638,0.14055503904819489,0.03759230673313141,0.9999276399612427,0.5951140522956848,0.14298015832901,0.07061033695936203,0.9999395608901978,0.5936645269393921,0.14314566552639008,0.07056969404220581,0.9998927116394043,0.5925785899162292,0.14309439063072205,0.07040002197027206,0.999945878982544,0.626449704170227,0.14383183419704437,0.052474431693553925,0.9997569918632507,0.6042676568031311,0.14683011174201965,0.19904153048992157,0.9998782873153687,0.6018587350845337,0.15384399890899658,0.04427060857415199,0.998699426651001,0.5950959324836731,0.15656504034996033,0.08628782629966736,0.9993579983711243,0.6633914709091187,0.17346236109733582,-0.022849848493933678,0.9978510141372681,0.6032627820968628,0.2004607617855072,0.28496089577674866,0.9992735981941223,0.565811038017273,0.1549231857061386,-0.13003100454807281,0.9829820990562439,0.5443167686462402,0.22563934326171875,0.1675567477941513,0.8764671087265015,0.580750584602356,0.11143571138381958,-0.07832472026348114,0.9641923904418945,0.5512139201164246,0.17504332959651947,-0.06600575149059296,0.865882396697998,0.5909295082092285,0.09637495875358582,-0.10406090319156647,0.9311986565589905,0.5543009638786316,0.16538776457309723,-0.10532379150390625,0.7343932390213013,0.601310133934021,0.09734345972537994,-0.10694869607686996,0.9208832383155823,0.5612857341766357,0.15898607671260834,-0.0719606950879097,0.7055177092552185,0.5976216793060303,0.10361582040786743,-0.07947981357574463,0.8974931240081787,0.5618282556533813,0.16403672099113464,-0.0633295476436615,0.6822456121444702,0.6872068047523499,0.30549490451812744,-0.08574312180280685,0.9994310736656189,0.632951557636261,0.3110892176628113,0.08547504246234894,0.999866247177124,0.620457649230957,0.40310922265052795,-0.16849187016487122,0.8775359392166138,0.6021543145179749,0.3964230418205261,-0.12012893706560135,0.6003592014312744,0.6365419030189514,0.47352999448776245,-0.015811316668987274,0.6413940787315369,0.6474732756614685,0.4975632429122925,-0.12323220074176788,0.646686315536499,0.6454370021820068,0.48243167996406555,-0.0023186965845525265,0.5913664102554321,0.6669730544090271,0.5187782645225525,-0.12685099244117737,0.5597738027572632,0.6174706816673279,0.5036004781723022,-0.07145384699106216,0.677886426448822,0.6256977319717407,0.5291950702667236,-0.23669521510601044,0.6681972146034241
Screen_Recording_20260919_111311_Instagram_1,22,1,0.5938709378242493,0.14718768000602722,0.07888342440128326,0.9999532699584961,0.602074146270752,0.14065062999725342,0.07706849277019501,0.9999494552612305,0.6050561666488647,0.14005263149738312,0.0770728811621666,0.9999359846115112,0.608556866645813,0.13931229710578918,0.0770733430981636,0.9999532699584961,0.5962306261062622,0.1414891928434372,0.11155771464109421,0.9999607801437378,0.5949063897132874,0.14176996052265167,0.11150296777486801,0.9999350309371948,0.5939080715179443,0.14187368750572205,0.1113259419798851,0.9999663829803467,0.6273366808891296,0.14300256967544556,0.0848148763179779,0.9998138546943665,0.6064373850822449,0.1463039517402649,0.2378087192773819,0.9999133348464966,0.6024736166000366,0.1523006111383438,0.08158858865499496,0.9991106390953064,0.5960978269577026,0.1551065742969513,0.1254657804965973,0.9995026588439941,0.6653245091438293,0.17347681522369385,0.0014742582570761442,0.998089611530304,0.6046728491783142,0.20211261510849,0.3207128942012787,0.9993143081665039,0.5670172572135925,0.15922333300113678,-0.1172104999423027,0.9829256534576416,0.5426844954490662,0.23578284680843353,0.20148955285549164,0.8388960361480713,0.5804150700569153,0.11145545542240143,-0.07503532618284225,0.9696804881095886,0.5477195382118225,0.17962732911109924,-0.04524483159184456,0.8591012954711914,0.5898872017860413,0.0989333838224411,-0.09731093049049377,0.9445830583572388,0.5528169274330139,0.16952742636203766,-0.08247236162424088,0.7368466854095459,0.5974825620651245,0.09926292300224304,-0.09912984818220139,0.933918297290802,0.5589553117752075,0.1647896021604538,-0.05113628879189491,0.7087119221687317,0.5955088138580322,0.10548865795135498,-0.0747447982430458,0.9110618233680725,0.559222400188446,0.16850808262825012,-0.04258124902844429,0.6818967461585999,0.6881541609764099,0.3052070736885071,-0.0909685343503952,0.9992921352386475,0.6329034566879272,0.3105027675628662,0.09075048565864563,0.99986732006073,0.6218656897544861,0.403687059879303,-0.1433359682559967,0.8853698968887329,0.6009930968284607,0.3962407112121582,-0.1635415107011795,0.6679001450538635,0.6359525918960571,0.48225831985473633,-0.054460037499666214,0.7073779106140137,0.6475551724433899,0.4973806142807007,-0.2311563491821289,0.6504119038581848,0.6394975781440735,0.4950396418571472,-0.04979340732097626,0.6441100239753723,0.667801558971405,0.5186483860015869,-0.24275992810726166,0.6047298312187195,0.6211547255516052,0.5115489959716797,-0.13426220417022705,0.7503145337104797,0.625443160533905,0.5292291641235352,-0.361467570066452,0.7276591062545776
Screen_Recording_20260919_111311_Instagram_1,23,1,0.5955638885498047,0.1476307511329651,0.07679150998592377,0.9999699592590332,0.6038694977760315,0.14137059450149536,0.07235950976610184,0.9999747276306152,0.6065834760665894,0.1409178376197815,0.07240460813045502,0.9999648332595825,0.6097861528396606,0.14037248492240906,0.07242385298013687,0.9999747276306152,0.5990699529647827,0.14239580929279327,0.10893164575099945,0.9999805688858032,0.5988065004348755,0.14255869388580322,0.10885116457939148,0.9999654293060303,0.5984730124473572,0.1427277773618698,0.10869584232568741,0.9999842643737793,0.6283054351806641,0.1445527821779251,0.07562214881181717,0.9999256134033203,0.6116235852241516,0.1469910889863968,0.23810875415802002,0.9999651908874512,0.6033245325088501,0.15322454273700714,0.07793188840150833,0.9995768666267395,0.59795081615448,0.15551170706748962,0.12437107414007187,0.9998100399971008,0.6617200374603271,0.17358002066612244,-0.006611459422856569,0.998023509979248,0.606521487236023,0.20155388116836548,0.33386602997779846,0.9995719790458679,0.5639294981956482,0.15463826060295105,-0.07111398875713348,0.9797555208206177,0.5435444116592407,0.2338557243347168,0.21407894790172577,0.8515056371688843,0.5817362070083618,0.1090083122253418,0.06231182441115379,0.939708948135376,0.5475729703903198,0.17890484631061554,-0.03555595129728317,0.8591915965080261,0.5910389423370361,0.0929146260023117,0.053277935832738876,0.8967720866203308,0.5527565479278564,0.1695401966571808,-0.06926089525222778,0.7328211069107056,0.6007671356201172,0.09634336829185486,0.04616880416870117,0.8786802887916565,0.557990312576294,0.16470152139663696,-0.038860950618982315,0.706538200378418,0.5967337489128113,0.10268956422805786,0.0627213716506958,0.852754533290863,0.5579810738563538,0.16837893426418304,-0.033283453434705734,0.6935012936592102,0.6848666071891785,0.30467933416366577,-0.10401284694671631,0.9991902709007263,0.637936532497406,0.3123396933078766,0.10379631072282791,0.9998052716255188,0.6106975078582764,0.4006560742855072,-0.1493644267320633,0.9288603067398071,0.6120619177818298,0.39873772859573364,-0.08061940222978592,0.6026615500450134,0.6351505517959595,0.47954559326171875,-0.14516527950763702,0.7735310792922974,0.6506180763244629,0.500032365322113,-0.18958742916584015,0.6420093774795532,0.648334264755249,0.49146568775177,-0.1500231921672821,0.7144973874092102,0.6717861294746399,0.5216219425201416,-0.2052333950996399,0.6468624472618103,0.6207543611526489,0.5082793235778809,-0.22487448155879974,0.7986747026443481,0.6236871480941772,0.5292266607284546,-0.30982503294944763,0.7414049506187439
Screen_Recording_20260919_111311_Instagram_1,24,1,0.601317286491394,0.14877042174339294,0.07853729277849197,0.9999606609344482,0.6113225221633911,0.14224256575107574,0.07748211920261383,0.9999608993530273,0.6154769062995911,0.14170077443122864,0.0775282010436058,0.9999496936798096,0.6190662384033203,0.141113743185997,0.07750999927520752,0.9999617338180542,0.604007363319397,0.14345839619636536,0.10914887487888336,0.9999699592590332,0.6020312905311584,0.14410655200481415,0.10910629481077194,0.9999526739120483,0.6007933020591736,0.14454063773155212,0.10896842181682587,0.999976634979248,0.6346858143806458,0.1453690230846405,0.09436428546905518,0.9999144077301025,0.6117292642593384,0.15006530284881592,0.23608499765396118,0.999950647354126,0.6117817163467407,0.15444402396678925,0.08519288897514343,0.9994957447052002,0.6034265160560608,0.1567227691411972,0.1255047768354416,0.9997033476829529,0.6662998795509338,0.17310521006584167,0.024890851229429245,0.998246431350708,0.6042685508728027,0.2087079882621765,0.32152536511421204,0.9993583559989929,0.5693981647491455,0.15289859473705292,0.019276773557066917,0.9657338857650757,0.5584856867790222,0.25168073177337646,0.21536794304847717,0.8354547619819641,0.5870620012283325,0.10657286643981934,0.20974798500537872,0.9159854054450989,0.5556641221046448,0.18702909350395203,-0.0022598374634981155,0.8834609985351562,0.5977597236633301,0.09103380143642426,0.21903333067893982,0.8648045063018799,0.5567114949226379,0.17722444236278534,-0.031026700511574745,0.785606324672699,0.606656014919281,0.09255330264568329,0.21148359775543213,0.8431894183158875,0.5604075789451599,0.17401692271232605,0.00048808546853251755,0.7624543905258179,0.6010969281196594,0.09967590868473053,0.21221360564231873,0.8272669911384583,0.5609917640686035,0.17494924366474152,0.002166517311707139,0.7387266755104065,0.6850329637527466,0.3090602159500122,-0.08999385684728622,0.9995105266571045,0.635784924030304,0.31598758697509766,0.08973167091608047,0.9998395442962646,0.6191412806510925,0.4121837019920349,-0.152326300740242,0.8995423913002014,0.6039834022521973,0.4070797562599182,-0.10261107981204987,0.5430567860603333,0.6440675854682922,0.49054399132728577,-0.10065878182649612,0.6909012794494629,0.6524302959442139,0.5045866370201111,-0.17136330902576447,0.5585328936576843,0.6596064567565918,0.5011245608329773,-0.09949909150600433,0.6060903668403625,0.669769287109375,0.5255870819091797,-0.18113306164741516,0.5352197885513306,0.638386070728302,0.5170950293540955,-0.17358221113681793,0.7031831741333008,0.6357110738754272,0.5351418852806091,-0.28171804547309875,0.6603929996490479
Screen_Recording_20260919_111311_Instagram_1,25,1,0.5963757634162903,0.15739460289478302,0.11092610657215118,0.9999468326568604,0.6058872938156128,0.1507013589143753,0.09389916062355042,0.9999616146087646,0.6079633831977844,0.1502435803413391,0.09394511580467224,0.9999538660049438,0.6114113330841064,0.14921694993972778,0.09390818327665329,0.9999637603759766,0.6038191318511963,0.1506190448999405,0.13555239140987396,0.9999635219573975,0.6045695543289185,0.15036627650260925,0.13557229936122894,0.9999450445175171,0.6047623753547668,0.15183492004871368,0.1354469507932663,0.9999710321426392,0.6284061670303345,0.15090812742710114,0.058234963566064835,0.9999488592147827,0.6193243265151978,0.1533239334821701,0.2438114732503891,0.9999597072601318,0.6036083102226257,0.16308631002902985,0.10033810883760452,0.9995599389076233,0.6008827686309814,0.16315752267837524,0.1535409390926361,0.9997033476829529,0.6568366885185242,0.17570947110652924,-0.034154195338487625,0.9994182586669922,0.6245176792144775,0.20955754816532135,0.3532346487045288,0.9995455145835876,0.5627121925354004,0.1512269228696823,0.00019966752734035254,0.9543774127960205,0.5649755597114563,0.2560349404811859,0.29188868403434753,0.6561468839645386,0.5948142409324646,0.10255248844623566,0.25362008810043335,0.8995755910873413,0.5565450191497803,0.19664831459522247,0.10310912132263184,0.8634634017944336,0.6001018285751343,0.09280449151992798,0.2684544324874878,0.845693051815033,0.5540756583213806,0.18663547933101654,0.0940975621342659,0.7915598750114441,0.613150954246521,0.09590354561805725,0.26029959321022034,0.825312614440918,0.5582099556922913,0.18259316682815552,0.10937527567148209,0.7761057615280151,0.6100797057151794,0.09951309859752655,0.2587398290634155,0.8122026324272156,0.5592309236526489,0.18559837341308594,0.10428684204816818,0.7549106478691101,0.6732017397880554,0.31363680958747864,-0.11692700535058975,0.9998120665550232,0.6520112156867981,0.3221088945865631,0.11673162877559662,0.9999203681945801,0.6035133004188538,0.4192101061344147,-0.18320059776306152,0.9390273094177246,0.6050629615783691,0.4181268811225891,0.05433454364538193,0.4935043156147003,0.6540177464485168,0.49678611755371094,-0.11398318409919739,0.7135159969329834,0.6612724661827087,0.5149748921394348,0.0437900647521019,0.44628316164016724,0.6800669431686401,0.49530869722366333,-0.10842502117156982,0.5917028784751892,0.6851435303688049,0.5305699110031128,0.041587650775909424,0.45307183265686035,0.6375212073326111,0.5193281173706055,-0.15495218336582184,0.7048066854476929,0.6386615037918091,0.54442298412323,-0.02036832459270954,0.5093765258789062
Screen_Recording_20260919_111311_Instagram_1,26,1,0.6069381833076477,0.1591600626707077,0.0999082699418068,0.999972939491272,0.6159147620201111,0.15230441093444824,0.08281649649143219,0.999981164932251,0.6187469959259033,0.15171869099140167,0.08284610509872437,0.9999778270721436,0.6216571927070618,0.15102364122867584,0.08279696851968765,0.9999816417694092,0.6118251085281372,0.15264126658439636,0.12100370973348618,0.9999825954437256,0.6122255325317383,0.1523677408695221,0.12098322063684464,0.9999752044677734,0.6125032305717468,0.15208791196346283,0.12088470160961151,0.9999861717224121,0.6362333297729492,0.15254949033260345,0.04743625968694687,0.9999756813049316,0.6252172589302063,0.1546967774629593,0.2174145132303238,0.9999854564666748,0.6134063005447388,0.16600549221038818,0.09058987349271774,0.9998067021369934,0.6105454564094543,0.16546891629695892,0.13934852182865143,0.9998661279678345,0.6550219058990479,0.1802816092967987,-0.04050266370177269,0.99982750415802,0.645889163017273,0.2088969349861145,0.33300256729125977,0.9997150301933289,0.5709160566329956,0.14994080364704132,0.0032821684144437313,0.9554758667945862,0.5771424174308777,0.2548629641532898,0.34184813499450684,0.594657301902771,0.6028555631637573,0.0981643944978714,0.2481549084186554,0.9160953164100647,0.5649352669715881,0.20517688989639282,0.2515597641468048,0.8129329681396484,0.6159165501594543,0.08978350460529327,0.26290008425712585,0.8835614323616028,0.5591048002243042,0.19377703964710236,0.26064932346343994,0.7471628189086914,0.6227177381515503,0.09056323766708374,0.2591836452484131,0.8670433759689331,0.5597857236862183,0.18948562443256378,0.26803120970726013,0.7291813492774963,0.6191477179527283,0.09430509805679321,0.2549368441104889,0.8526638746261597,0.5654568076133728,0.19369229674339294,0.2536310851573944,0.7110400795936584,0.6571044921875,0.31844234466552734,-0.12429099529981613,0.9999419450759888,0.6751378178596497,0.32531651854515076,0.12413719296455383,0.999927282333374,0.5909799933433533,0.4213560223579407,-0.18827606737613678,0.9493511319160461,0.6275035738945007,0.42135822772979736,0.18275757133960724,0.2920280694961548,0.6572570204734802,0.5050373673439026,-0.18387888371944427,0.8703891038894653,0.6811543703079224,0.5100153684616089,0.2309955209493637,0.2756514251232147,0.6979984045028687,0.49949273467063904,-0.1844242662191391,0.7864881157875061,0.6871242523193359,0.522320032119751,0.23433464765548706,0.373974472284317,0.6533486843109131,0.5184862613677979,-0.23470722138881683,0.8623055815696716,0.6582040190696716,0.5342513918876648,0.188777357339859,0.37255236506462097
Screen_Recording_20260919_111311_Instagram_1,27,1,0.6128109097480774,0.16515105962753296,0.12509654462337494,0.9998853206634521,0.6197631359100342,0.15772604942321777,0.10331424325704575,0.9999294281005859,0.6218982338905334,0.15716367959976196,0.10335678607225418,0.9999151229858398,0.6238121390342712,0.15646402537822723,0.1033780425786972,0.9999406337738037,0.6186132431030273,0.15793730318546295,0.1477682888507843,0.9999104738235474,0.6194431781768799,0.15774890780448914,0.14772912859916687,0.9998644590377808,0.6201226115226746,0.15748515725135803,0.14762665331363678,0.9999310970306396,0.6378923654556274,0.15900079905986786,0.04277699813246727,0.99989914894104,0.6329612731933594,0.161476269364357,0.2406902313232422,0.9998891353607178,0.6180885434150696,0.1727682650089264,0.10532743483781815,0.9994229078292847,0.6171762347221375,0.17323103547096252,0.1623459756374359,0.9994626641273499,0.6614602208137512,0.18374808132648468,-0.06812440603971481,0.9998583793640137,0.6387335658073425,0.21473748981952667,0.3659399449825287,0.9993127584457397,0.5747785568237305,0.1453699916601181,-0.0669098049402237,0.9733771681785583,0.5733341574668884,0.25208255648612976,0.4181978702545166,0.454068660736084,0.6141093969345093,0.0962604284286499,0.17299611866474152,0.9503861665725708,0.5671833753585815,0.2127925455570221,0.370828777551651,0.7680138349533081,0.6295396685600281,0.087460458278656,0.1822175532579422,0.9199318885803223,0.5653256773948669,0.2051774561405182,0.39198487997055054,0.6961634159088135,0.6374003291130066,0.08828014135360718,0.18542112410068512,0.9070442914962769,0.5677427053451538,0.20046520233154297,0.39586251974105835,0.6779367923736572,0.6333506107330322,0.09196537733078003,0.18194448947906494,0.8915268778800964,0.5702329874038696,0.20402005314826965,0.3726092576980591,0.671326756477356,0.6763958930969238,0.32459962368011475,-0.14186745882034302,0.9999500513076782,0.6599785089492798,0.3347298800945282,0.14169205725193024,0.999894380569458,0.6064699292182922,0.42680490016937256,-0.19183401763439178,0.967944324016571,0.617078959941864,0.4218674898147583,0.2643583118915558,0.3386445939540863,0.6754506230354309,0.5047323703765869,-0.26024895906448364,0.940784752368927,0.6883689761161804,0.4934384226799011,0.26587212085723877,0.37118956446647644,0.6964106559753418,0.5094263553619385,-0.2683691382408142,0.8601601123809814,0.7059292793273926,0.50074702501297,0.2661508321762085,0.4658377170562744,0.6493607759475708,0.5410379767417908,-0.3321062922477722,0.9403592348098755,0.6755515933036804,0.5228936076164246,0.24839487671852112,0.5874285697937012
Screen_Recording_20260919_111311_Instagram_1,28,1,0.6072868704795837,0.16471359133720398,0.1691194772720337,0.9997410178184509,0.6149842739105225,0.15793061256408691,0.15232022106647491,0.9997777342796326,0.6171236634254456,0.15765860676765442,0.152363583445549,0.9997183680534363,0.619318425655365,0.15717822313308716,0.15239928662776947,0.9998111128807068,0.6129363775253296,0.15820054709911346,0.1956566423177719,0.9997579455375671,0.6134853959083557,0.15838350355625153,0.19560828804969788,0.9995818734169006,0.6139487624168396,0.1584329903125763,0.19547781348228455,0.9997788071632385,0.6359633207321167,0.1615145057439804,0.1075671836733818,0.9997385144233704,0.6272404193878174,0.16476519405841827,0.30068695545196533,0.9995235204696655,0.6122309565544128,0.1731397956609726,0.15327619016170502,0.9982423782348633,0.6098687648773193,0.17395314574241638,0.20868487656116486,0.998369038105011,0.6663922071456909,0.18520034849643707,-0.003841857658699155,0.9996412992477417,0.632391095161438,0.2186329960823059,0.3981057107448578,0.9990379810333252,0.5875722169876099,0.14869171380996704,0.015965957194566727,0.9823770523071289,0.5693972110748291,0.24061371386051178,0.4461601972579956,0.4550987780094147,0.612143874168396,0.09863412380218506,0.30336982011795044,0.9401560425758362,0.564002513885498,0.20456813275814056,0.40915611386299133,0.6638292074203491,0.6288069486618042,0.08435678482055664,0.32510727643966675,0.888554573059082,0.5597707033157349,0.19653169810771942,0.4305756986141205,0.5762659907341003,0.640430748462677,0.08729305863380432,0.32565099000930786,0.8755409121513367,0.5631399154663086,0.1951405256986618,0.4344290792942047,0.563017725944519,0.6369882225990295,0.09038048982620239,0.3125474452972412,0.8658005595207214,0.5650485157966614,0.19533786177635193,0.41078513860702515,0.5654475092887878,0.6863287687301636,0.3252899646759033,-0.13055726885795593,0.9999428987503052,0.6456283330917358,0.33885064721107483,0.13050097227096558,0.999941349029541,0.6188279390335083,0.425252228975296,-0.3091505467891693,0.9762281179428101,0.60385662317276,0.43528372049331665,0.17315584421157837,0.6163590550422668,0.6908779740333557,0.4862331449985504,-0.34961074590682983,0.8917696475982666,0.6623501777648926,0.5312676429748535,0.12574733793735504,0.6509853601455688,0.7117363810539246,0.4871179461479187,-0.3517438769340515,0.788574755191803,0.6993207335472107,0.5435910224914551,0.11856585741043091,0.663714587688446,0.6801029443740845,0.5271792411804199,-0.3909691274166107,0.9257634282112122,0.6565592288970947,0.5704852342605591,0.08849146217107773,0.7547881603240967
Screen_Recording_20260919_111311_Instagram_1,29,1,0.6166701912879944,0.17659993469715118,0.20574548840522766,0.9999703168869019,0.627449095249176,0.169308140873909,0.1972767561674118,0.9999520778656006,0.6304551362991333,0.16860248148441315,0.19736264646053314,0.9999463558197021,0.6333293318748474,0.16780582070350647,0.19736164808273315,0.9999462366104126,0.6234906315803528,0.17037774622440338,0.23910358548164368,0.9999465942382812,0.6236363649368286,0.17068438231945038,0.23912116885185242,0.9999241828918457,0.6238524913787842,0.17098215222358704,0.23907145857810974,0.9999443292617798,0.6469690799713135,0.17075976729393005,0.1747698336839676,0.9999556541442871,0.6361730694770813,0.17563405632972717,0.36244678497314453,0.9998971223831177,0.6237886548042297,0.18478457629680634,0.19594578444957733,0.9997432827949524,0.6195148825645447,0.1862216740846634,0.2494215965270996,0.9997430443763733,0.6688342690467834,0.2003152221441269,0.08734137564897537,0.9999213218688965,0.6320803761482239,0.2368263304233551,0.4269406795501709,0.9998388290405273,0.6022345423698425,0.15506595373153687,0.13743647933006287,0.9923426508903503,0.593124270439148,0.27232688665390015,0.42083144187927246,0.6612005233764648,0.6203593015670776,0.09862443804740906,0.4093487560749054,0.9814527034759521,0.5814502835273743,0.23294593393802643,0.3438117504119873,0.783684253692627,0.6372758746147156,0.08607777953147888,0.43254798650741577,0.9529610276222229,0.5767090916633606,0.22757847607135773,0.35867422819137573,0.6842272281646729,0.6444316506385803,0.08598840236663818,0.4284045994281769,0.9494941234588623,0.5785331130027771,0.22127392888069153,0.3614410161972046,0.675706684589386,0.6404239535331726,0.0910397469997406,0.4159872233867645,0.9427536725997925,0.5810394883155823,0.22175852954387665,0.3436514139175415,0.6754345297813416,0.6947840452194214,0.3361198306083679,-0.11609236896038055,0.9999957084655762,0.6511148810386658,0.3509105443954468,0.11609461903572083,0.9999978542327881,0.6156235337257385,0.4085383415222168,-0.4147367477416992,0.9963613152503967,0.6113471984863281,0.45024821162223816,0.11101288348436356,0.9516077637672424,0.692711591720581,0.4337998926639557,-0.3401280343532562,0.9295483827590942,0.6708297729492188,0.5576586723327637,-0.01824697107076645,0.9694641828536987,0.697022557258606,0.432772159576416,-0.33036550879478455,0.8581515550613403,0.6929013729095459,0.5771026611328125,-0.03691539540886879,0.9285674691200256,0.6870700716972351,0.47270438075065613,-0.3496341407299042,0.9598809480667114,0.636139452457428,0.5836510062217712,-0.1079634502530098,0.9719977378845215
Screen_Recording_20260919_111311_Instagram_1,30,1,0.6109467148780823,0.17368651926517487,0.17026196420192719,0.9999759197235107,0.6217748522758484,0.16765497624874115,0.1760663539171219,0.9999585151672363,0.625084400177002,0.16731682419776917,0.17617681622505188,0.9999592304229736,0.6281903386116028,0.16682270169258118,0.17621491849422455,0.9999532699584961,0.617049515247345,0.16781257092952728,0.20538318157196045,0.9999669790267944,0.6170535087585449,0.1677882820367813,0.20532682538032532,0.9999589920043945,0.6171975135803223,0.16768771409988403,0.20528319478034973,0.9999659061431885,0.6437431573867798,0.17058075964450836,0.20724362134933472,0.9999557733535767,0.631075382232666,0.17241105437278748,0.33553367853164673,0.9999264478683472,0.6215577721595764,0.18218308687210083,0.17873845994472504,0.9997001886367798,0.6150946617126465,0.18259991705417633,0.2152225524187088,0.9997139573097229,0.6735139489173889,0.2031954973936081,0.1464112401008606,0.999811589717865,0.6191282272338867,0.23717781901359558,0.3832140564918518,0.9997714161872864,0.6127164959907532,0.16072086989879608,0.16973446309566498,0.9920702576637268,0.6005560755729675,0.29271548986434937,0.31977909803390503,0.6971365213394165,0.6270240545272827,0.09820085763931274,0.3765771687030792,0.9821652770042419,0.5907619595527649,0.2519467771053314,0.20321018993854523,0.813868522644043,0.6418288946151733,0.08525300025939941,0.4001195430755615,0.9521303176879883,0.5833836793899536,0.24170733988285065,0.21311654150485992,0.7274046540260315,0.6466915011405945,0.08493387699127197,0.39160919189453125,0.9483463168144226,0.584803581237793,0.23825398087501526,0.22491228580474854,0.7200137376785278,0.6424353718757629,0.08971652388572693,0.3795813322067261,0.9456730484962463,0.5874603986740112,0.2387477159500122,0.20725108683109283,0.6892086267471313,0.7046034932136536,0.34175556898117065,-0.08605662733316422,0.9999942779541016,0.6508172750473022,0.35709819197654724,0.08606205880641937,0.9999964237213135,0.6367583274841309,0.3917233645915985,-0.5342821478843689,0.9977596998214722,0.6177762746810913,0.4611278474330902,0.029356742277741432,0.9607139229774475,0.6891693472862244,0.45523345470428467,-0.6132740378379822,0.9704417586326599,0.6699119806289673,0.5717115998268127,-0.16530896723270416,0.9688231945037842,0.7087881565093994,0.46027156710624695,-0.618793249130249,0.9489196538925171,0.7002449631690979,0.5946040749549866,-0.1927812695503235,0.9201329946517944,0.6805240511894226,0.4945875406265259,-0.6887534260749817,0.9864304065704346,0.626968264579773,0.5966225862503052,-0.30149850249290466,0.9728775024414062
Screen_Recording_20260919_111311_Instagram_1,31,1,0.6114529967308044,0.18307459354400635,0.2352648228406906,0.9999682903289795,0.6203868389129639,0.17605891823768616,0.22603605687618256,0.9999485015869141,0.6228880286216736,0.17587922513484955,0.22608062624931335,0.9999488592147827,0.6253963112831116,0.1755422055721283,0.22612610459327698,0.9999470710754395,0.6178420186042786,0.1760825365781784,0.2691161632537842,0.9999529123306274,0.6197702884674072,0.17598263919353485,0.26907801628112793,0.9999423027038574,0.6210432052612305,0.17583496868610382,0.26901933550834656,0.9999573230743408,0.6415641903877258,0.17851203680038452,0.19711904227733612,0.9999421834945679,0.6381662487983704,0.179875448346138,0.38853153586387634,0.9999358654022217,0.6201930046081543,0.19037528336048126,0.22268171608448029,0.9996680021286011,0.6175537109375,0.19074906408786774,0.2771914005279541,0.9997137188911438,0.6641188263893127,0.20947757363319397,0.0840674340724945,0.9998914003372192,0.6478197574615479,0.24359583854675293,0.4650055170059204,0.9997506737709045,0.6071068644523621,0.15454891324043274,0.09839010238647461,0.9962632060050964,0.600366473197937,0.2949976325035095,0.5352451205253601,0.7383777499198914,0.6257419586181641,0.09230256080627441,0.33981215953826904,0.9925611615180969,0.5919259786605835,0.26298847794532776,0.5495650172233582,0.8329365253448486,0.6401649117469788,0.07977950572967529,0.3651641309261322,0.979142427444458,0.5861750841140747,0.2556385397911072,0.582797110080719,0.7189246416091919,0.6491044759750366,0.079562246799469,0.3613240122795105,0.9761795997619629,0.588422417640686,0.25272029638290405,0.5815680623054504,0.7102665305137634,0.643630862236023,0.08398061990737915,0.34575527906417847,0.9733903408050537,0.5915352702140808,0.2538500428199768,0.5515229105949402,0.7074533104896545,0.6932886838912964,0.3536747694015503,-0.13430771231651306,0.9999837875366211,0.6743189096450806,0.3657153248786926,0.13422399759292603,0.9999902248382568,0.6168676614761353,0.41190841794013977,-0.3433458209037781,0.9962353110313416,0.652097761631012,0.4737241864204407,0.004057321231812239,0.945227324962616,0.7007797360420227,0.4819320738315582,-0.4268534779548645,0.9800828099250793,0.6711883544921875,0.5814409255981445,-0.268636554479599,0.9677974581718445,0.724514901638031,0.5031840205192566,-0.43833962082862854,0.9540359377861023,0.6984752416610718,0.6040724515914917,-0.3053218126296997,0.957185685634613,0.6681234836578369,0.523649275302887,-0.503072202205658,0.9867521524429321,0.6203928589820862,0.6215382814407349,-0.4001277685165405,0.9801881313323975
Screen_Recording_20260919_111311_Instagram_1,32,1,0.6126821041107178,0.19881276786327362,0.32853618264198303,0.9999810457229614,0.6235963702201843,0.19081419706344604,0.32759448885917664,0.9999750852584839,0.6266367435455322,0.19085413217544556,0.32770612835884094,0.9999752044677734,0.6296811103820801,0.19105468690395355,0.3277606964111328,0.9999746084213257,0.6207358241081238,0.1908513307571411,0.36725279688835144,0.9999775886535645,0.6215587854385376,0.1909503936767578,0.36719053983688354,0.999969482421875,0.6225748658180237,0.19128146767616272,0.36721494793891907,0.9999736547470093,0.6470478177070618,0.1939847767353058,0.3203315734863281,0.9999825954437256,0.6382187604904175,0.1959550678730011,0.4959851801395416,0.999967098236084,0.6238760948181152,0.2081935554742813,0.32230937480926514,0.999861478805542,0.619259774684906,0.20880071818828583,0.3725552260875702,0.9998254179954529,0.6695773005485535,0.2217578887939453,0.20895667374134064,0.9999765157699585,0.6396967172622681,0.26097747683525085,0.5473634600639343,0.9998262524604797,0.6210294365882874,0.15906403958797455,0.2922282814979553,0.9947128891944885,0.614594578742981,0.3077813386917114,0.7093085050582886,0.5320636630058289,0.6181456446647644,0.09395363926887512,0.6273829340934753,0.9852374196052551,0.5942978858947754,0.29693904519081116,0.8915325403213501,0.5087319612503052,0.6307435631752014,0.07858291268348694,0.6673686504364014,0.9619694352149963,0.5936983823776245,0.28605496883392334,0.9505999088287354,0.41085681319236755,0.6411213874816895,0.07841828465461731,0.6644293665885925,0.9587880373001099,0.5911771655082703,0.2904583811759949,0.9376177191734314,0.411441445350647,0.6345435976982117,0.08439362049102783,0.6357002258300781,0.9542439579963684,0.5979384183883667,0.278927206993103,0.8944032788276672,0.41002851724624634,0.692041277885437,0.3596944510936737,-0.13090898096561432,0.9999986886978149,0.670356035232544,0.3743630051612854,0.13112448155879974,0.9999963045120239,0.6309648156166077,0.42432454228401184,-0.679745614528656,0.9962994456291199,0.6347514986991882,0.4776134490966797,0.1298539638519287,0.8647735714912415,0.7026698589324951,0.5107533931732178,-0.9863088130950928,0.9843693971633911,0.668427050113678,0.5950723886489868,-0.050571806728839874,0.8762539625167847,0.7270298004150391,0.5251234769821167,-1.0160207748413086,0.9775252938270569,0.6925732493400574,0.6213390827178955,-0.07948635518550873,0.894945502281189,0.6697636842727661,0.5339971780776978,-1.1471108198165894,0.9943191409111023,0.6189650297164917,0.6320116519927979,-0.1716441959142685,0.9184011220932007
Screen_Recording_20260919_111311_Instagram_1,33,1,0.6154186129570007,0.21220345795154572,0.1941874921321869,0.9996892213821411,0.6239137053489685,0.20349228382110596,0.18746782839298248,0.9997004270553589,0.625912070274353,0.20347385108470917,0.18746833503246307,0.9997397065162659,0.6279182434082031,0.20365357398986816,0.18740034103393555,0.9997840523719788,0.6232325434684753,0.20373311638832092,0.2258976250886917,0.9996663331985474,0.6246066093444824,0.20377501845359802,0.22587832808494568,0.9996393918991089,0.6260011792182922,0.20399209856987,0.22590263187885284,0.9997226595878601,0.6447504758834839,0.20863746106624603,0.16442477703094482,0.9997164607048035,0.640676736831665,0.20992156863212585,0.33433085680007935,0.9996498823165894,0.6242393255233765,0.22101761400699615,0.1849188208580017,0.9989369511604309,0.6228232383728027,0.22175467014312744,0.23359349370002747,0.9986709356307983,0.6655106544494629,0.23732832074165344,0.01774313859641552,0.9999673366546631,0.6479994058609009,0.26623964309692383,0.42274656891822815,0.9979848861694336,0.6364137530326843,0.17193998396396637,-0.093043252825737,0.9972293972969055,0.6227768659591675,0.3208281397819519,0.580150842666626,0.13019420206546783,0.6129533648490906,0.09561008214950562,-0.024966442957520485,0.9932501316070557,0.6061553359031677,0.3216332793235779,0.6158285737037659,0.15737010538578033,0.6201788187026978,0.07721510529518127,-0.050164926797151566,0.9846077561378479,0.6040817499160767,0.3219788074493408,0.6404414772987366,0.16454647481441498,0.62850022315979,0.07817253470420837,-0.030760779976844788,0.9819014668464661,0.5982212424278259,0.31870633363723755,0.6085136532783508,0.16944701969623566,0.626065731048584,0.08405119180679321,-0.01772293448448181,0.9797587394714355,0.5971255302429199,0.3184325695037842,0.6029277443885803,0.18826179206371307,0.6771747469902039,0.37401920557022095,-0.1418035924434662,0.9999839067459106,0.6739859580993652,0.3778572380542755,0.142041876912117,0.9997050166130066,0.6435138583183289,0.4820495843887329,-0.35901305079460144,0.9941599369049072,0.6501143574714661,0.4394706189632416,0.22779445350170135,0.4141688048839569,0.6778845191001892,0.6073111295700073,-0.4817084074020386,0.9927619099617004,0.7039794325828552,0.499199777841568,0.3758084177970886,0.4182588458061218,0.6923056840896606,0.6287840604782104,-0.49582719802856445,0.9740675091743469,0.7224150896072388,0.5077662467956543,0.3881848156452179,0.514828085899353,0.6247497200965881,0.6298844814300537,-0.6560937762260437,0.9905332326889038,0.6849368810653687,0.5168084502220154,0.344953715801239,0.6193368434906006
Screen_Recording_20260919_111311_Instagram_1,34,1,0.621685266494751,0.2279181182384491,0.24698129296302795,0.999866247177124,0.6287370920181274,0.21810272336006165,0.25612762570381165,0.9998212456703186,0.6319423913955688,0.21754750609397888,0.2561339735984802,0.9998345375061035,0.6341818571090698,0.21720623970031738,0.2561376988887787,0.9998584985733032,0.6266437768936157,0.21866734325885773,0.28485339879989624,0.9998399019241333,0.6270580887794495,0.21863891184329987,0.28479453921318054,0.9998074173927307,0.627481997013092,0.21865227818489075,0.28481289744377136,0.999846339225769,0.6473220586776733,0.22060899436473846,0.28845465183258057,0.999872088432312,0.6390515565872192,0.22350351512432098,0.4140338599681854,0.9998557567596436,0.628771960735321,0.23503202199935913,0.2565593719482422,0.9994049072265625,0.6266366243362427,0.23658224940299988,0.29244670271873474,0.9993775486946106,0.6745664477348328,0.24810130894184113,0.1341366320848465,0.9999830722808838,0.6455152034759521,0.2745715379714966,0.49145448207855225,0.9998095631599426,0.647711455821991,0.18074193596839905,-0.04754035174846649,0.9986324906349182,0.6443641185760498,0.3290225863456726,0.6561449766159058,0.14897911250591278,0.617974579334259,0.10573893785476685,0.004986144602298737,0.9975736737251282,0.6225399374961853,0.35827451944351196,0.7455465197563171,0.18908639252185822,0.6202958822250366,0.08697342872619629,-0.020225318148732185,0.9936163425445557,0.6200420260429382,0.35434532165527344,0.7768822312355042,0.19413794577121735,0.626378059387207,0.08598294854164124,0.0029376763850450516,0.9921444654464722,0.6160880327224731,0.36544957756996155,0.7370766997337341,0.2008802443742752,0.6242573857307434,0.09238108992576599,0.012239485047757626,0.9900437593460083,0.6171907186508179,0.3631761074066162,0.7311588525772095,0.20915955305099487,0.6958941221237183,0.380208283662796,-0.11495370417833328,0.9999943971633911,0.6772569417953491,0.38997888565063477,0.11517763882875443,0.9999698400497437,0.6404930353164673,0.4710513949394226,-0.44416505098342896,0.9916009902954102,0.6483544707298279,0.49929678440093994,-0.021450497210025787,0.865111768245697,0.6819117069244385,0.5898547768592834,-0.6019245982170105,0.9862685799598694,0.6879214644432068,0.6019299030303955,-0.0671885758638382,0.8072197437286377,0.6837171912193298,0.6227714419364929,-0.619009256362915,0.9714112281799316,0.7077015042304993,0.6180280447006226,-0.08105668425559998,0.8064073324203491,0.661811351776123,0.6395604014396667,-0.7696584463119507,0.992122232913971,0.6567305326461792,0.6364778876304626,-0.1981412023305893,0.8852019906044006
Screen_Recording_20260919_111311_Instagram_1,35,1,0.6271339654922485,0.2416769117116928,0.1258547306060791,0.9998829364776611,0.6327847838401794,0.2311517596244812,0.15609341859817505,0.9998323917388916,0.6353760361671448,0.23059168457984924,0.1561422199010849,0.9998457431793213,0.6382383704185486,0.23020634055137634,0.15609967708587646,0.9998388290405273,0.6280568838119507,0.23303398489952087,0.1683420091867447,0.999876856803894,0.6267418265342712,0.23353055119514465,0.16828599572181702,0.9998525381088257,0.6260573267936707,0.2342180758714676,0.16826699674129486,0.9998714923858643,0.6495091319084167,0.23436078429222107,0.27331316471099854,0.9998980760574341,0.632685661315918,0.23877371847629547,0.32210662961006165,0.9998458623886108,0.6350290775299072,0.24908585846424103,0.1645210087299347,0.9991981387138367,0.6298744678497314,0.2508942484855652,0.17800648510456085,0.9989413619041443,0.6845636367797852,0.2604037821292877,0.20830340683460236,0.9998162388801575,0.6347568035125732,0.2958434224128723,0.3928450047969818,0.9993199110031128,0.6594280004501343,0.18926209211349487,0.18622586131095886,0.9929444193840027,0.6226833462715149,0.3578941822052002,0.46096453070640564,0.40099138021469116,0.6260263323783875,0.117902010679245,0.33611875772476196,0.981793224811554,0.6243060827255249,0.36489152908325195,0.4657871723175049,0.35895097255706787,0.6259556412696838,0.09902209043502808,0.34162938594818115,0.9480594992637634,0.6244795918464661,0.36541464924812317,0.4805585443973541,0.3330747187137604,0.6238731741905212,0.0987907350063324,0.35632815957069397,0.9433721899986267,0.6254211068153381,0.362966388463974,0.45868822932243347,0.3434273302555084,0.6237162947654724,0.10653862357139587,0.34328487515449524,0.9447648525238037,0.6260083317756653,0.36233463883399963,0.4588578939437866,0.3156924545764923,0.7104878425598145,0.3833538293838501,-0.07419491559267044,0.9999914169311523,0.6744790077209473,0.40163809061050415,0.07434017211198807,0.9999687671661377,0.6474911570549011,0.4017942249774933,-0.6000683307647705,0.9861597418785095,0.650210440158844,0.5171703696250916,0.043145228177309036,0.8053188920021057,0.6746709942817688,0.5185253620147705,-0.7849705219268799,0.9603483080863953,0.673194944858551,0.6253138780593872,0.013864724896848202,0.8102541565895081,0.6966937184333801,0.5397056341171265,-0.8004367351531982,0.9397773742675781,0.7000913619995117,0.6463396549224854,0.0023165408056229353,0.7832143306732178,0.6642460823059082,0.573671817779541,-0.9629673957824707,0.9821895360946655,0.6372891664505005,0.6652877330780029,-0.13608324527740479,0.8062343597412109
Screen_Recording_20260919_111311_Instagram_1,36,1,0.6392353773117065,0.24808022379875183,0.1185593530535698,0.9999369382858276,0.6464453935623169,0.23788079619407654,0.15622007846832275,0.9998847246170044,0.6500673294067383,0.23757629096508026,0.15627062320709229,0.9998878240585327,0.6540451049804688,0.23736080527305603,0.15623041987419128,0.9998819828033447,0.6374053955078125,0.23919667303562164,0.1644618660211563,0.9999294281005859,0.6354325413703918,0.2396424263715744,0.16446499526500702,0.999919056892395,0.6336154937744141,0.24013462662696838,0.1644832193851471,0.9999314546585083,0.6629147529602051,0.24211420118808746,0.2985159456729889,0.999921441078186,0.6365931034088135,0.24687421321868896,0.33021080493927,0.9999231100082397,0.6470893621444702,0.2551816701889038,0.1663902997970581,0.9995006322860718,0.6382324695587158,0.25757071375846863,0.17490054666996002,0.9995636343955994,0.68528813123703,0.26818346977233887,0.2173314392566681,0.9997430443763733,0.6333103775978088,0.3067808747291565,0.42392584681510925,0.9993672966957092,0.6561740636825562,0.2018183320760727,0.1982499063014984,0.9888695478439331,0.6221478581428528,0.3721558153629303,0.38046708703041077,0.5135056376457214,0.6366552710533142,0.13214120268821716,0.31274986267089844,0.9646960496902466,0.6307718753814697,0.3816585838794708,0.22853811085224152,0.48063844442367554,0.6316841244697571,0.11403355002403259,0.30352330207824707,0.9153093695640564,0.6303221583366394,0.3868570029735565,0.22252969443798065,0.452547162771225,0.6335626840591431,0.11264243721961975,0.31606942415237427,0.904094398021698,0.6294054985046387,0.3800120949745178,0.19969578087329865,0.4537993371486664,0.6341093182563782,0.11776652932167053,0.31608468294143677,0.915407657623291,0.6309540867805481,0.3783385753631592,0.21753527224063873,0.40684571862220764,0.7167080640792847,0.3894496560096741,-0.09276051819324493,0.999974250793457,0.6832390427589417,0.407987117767334,0.09297468513250351,0.9999284744262695,0.6510367393493652,0.41116178035736084,-0.5827184319496155,0.9777562618255615,0.6636449098587036,0.5220540761947632,0.0018046098994091153,0.8476542234420776,0.6757633090019226,0.5251337289810181,-0.7407480478286743,0.8964450359344482,0.6800056099891663,0.6305556893348694,-0.08020097017288208,0.7278939485549927,0.6934546232223511,0.539731502532959,-0.7594513297080994,0.836530327796936,0.697469174861908,0.6457871198654175,-0.09853280335664749,0.7440292835235596,0.6323227882385254,0.5508153438568115,-0.9249657988548279,0.9373641610145569,0.6411251425743103,0.6668440103530884,-0.24525882303714752,0.7262040376663208
Screen_Recording_20260919_111311_Instagram_1,37,1,0.6338668465614319,0.2505888342857361,-0.029468988999724388,0.9987713694572449,0.6435793042182922,0.24323305487632751,-0.015944555401802063,0.997258186340332,0.6469247937202454,0.24326123297214508,-0.01592255011200905,0.9976121187210083,0.6500328779220581,0.24336525797843933,-0.015932755544781685,0.9968578815460205,0.6383658647537231,0.24362872540950775,0.00135742814745754,0.9987264275550842,0.6378858089447021,0.2439713329076767,0.001416148734278977,0.9985546469688416,0.6376460790634155,0.24439354240894318,0.0013597076758742332,0.9983370304107666,0.6613695025444031,0.24780482053756714,0.0570821687579155,0.9970157146453857,0.6474938988685608,0.24936173856258392,0.1340816766023636,0.9987837672233582,0.6411095857620239,0.25950396060943604,-0.0030855280347168446,0.9940969944000244,0.6351903676986694,0.2606254816055298,0.01925710216164589,0.9959659576416016,0.6811316013336182,0.27463579177856445,-0.034467924386262894,0.9995729327201843,0.6397907733917236,0.3083547055721283,0.24634262919425964,0.9998733997344971,0.6506010890007019,0.21210037171840668,-0.19294853508472443,0.9898972511291504,0.6313164830207825,0.37148815393447876,0.26772430539131165,0.4031963348388672,0.637054979801178,0.1463644802570343,-0.27316030859947205,0.9629401564598083,0.6177273988723755,0.4185902178287506,0.17209528386592865,0.34023812413215637,0.6358400583267212,0.12777158617973328,-0.3165501058101654,0.8976125121116638,0.6162655353546143,0.4339817762374878,0.18363578617572784,0.31218281388282776,0.640658974647522,0.12708893418312073,-0.3072049915790558,0.8876442909240723,0.6121642589569092,0.4325121343135834,0.14028306305408478,0.3113333582878113,0.6407374143600464,0.13297611474990845,-0.27739283442497253,0.9023762941360474,0.6181161403656006,0.4264715611934662,0.15361222624778748,0.2796538770198822,0.724240243434906,0.4010940492153168,-0.08740130066871643,0.9999531507492065,0.6920025944709778,0.4201740026473999,0.08725816011428833,0.9999732971191406,0.6782605648040771,0.3921475410461426,-0.49831488728523254,0.9176657199859619,0.664132833480835,0.5277624130249023,0.12757359445095062,0.9581749439239502,0.6559357047080994,0.4157297611236572,-0.5301735401153564,0.4853391647338867,0.6949873566627502,0.638052225112915,0.09275510907173157,0.8641736507415771,0.6621718406677246,0.4255337119102478,-0.5326604247093201,0.5817831754684448,0.7131508588790894,0.6557027101516724,0.08111616969108582,0.8374904990196228,0.6111395955085754,0.40000540018081665,-0.6112797260284424,0.7024722099304199,0.647685706615448,0.6688176393508911,-0.02476968988776207,0.8484756350517273
Screen_Recording_20260919_111311_Instagram_1,38,1,0.6457046866416931,0.25969111919403076,0.08103945106267929,0.9998261332511902,0.6557796597480774,0.2519058883190155,0.10837392508983612,0.9995691180229187,0.6587477326393127,0.2518427073955536,0.10837575048208237,0.9995892643928528,0.6622552871704102,0.2516918480396271,0.10843027383089066,0.999535322189331,0.6505202651023865,0.2522229850292206,0.12478003650903702,0.9997974038124084,0.6488037109375,0.25315800309181213,0.12478764355182648,0.9997521042823792,0.6483407616615295,0.25345543026924133,0.12475071102380753,0.9997716546058655,0.6731619834899902,0.25612443685531616,0.20986877381801605,0.9994632601737976,0.654905378818512,0.25907474756240845,0.2836609184741974,0.9997090697288513,0.6512071490287781,0.2674073576927185,0.11401738971471786,0.9985685348510742,0.6451207995414734,0.2683640122413635,0.13544538617134094,0.9990593791007996,0.6975796818733215,0.28335943818092346,0.10397578030824661,0.9998419284820557,0.642985999584198,0.3198528289794922,0.37554311752319336,0.999895453453064,0.65967857837677,0.2205682098865509,-0.053303614258766174,0.9940010905265808,0.6281677484512329,0.38345634937286377,0.3958331346511841,0.714096188545227,0.6411871910095215,0.15542179346084595,-0.1032269299030304,0.9778143763542175,0.6097151637077332,0.4418083429336548,0.3104245662689209,0.6790983080863953,0.6381072998046875,0.14129123091697693,-0.14725862443447113,0.9350546598434448,0.5979307889938354,0.46276456117630005,0.32087090611457825,0.578403651714325,0.642301082611084,0.1386740505695343,-0.13604150712490082,0.9272205829620361,0.5994811058044434,0.46426430344581604,0.2758301794528961,0.5819796323776245,0.6430768370628357,0.14477947354316711,-0.10683984309434891,0.9294254183769226,0.6027653217315674,0.4583432078361511,0.2910924553871155,0.5587590336799622,0.7271450757980347,0.40856996178627014,-0.09579426795244217,0.9999823570251465,0.684743344783783,0.42394185066223145,0.09600213915109634,0.9999735355377197,0.690521240234375,0.463361918926239,-0.6484063863754272,0.9772891402244568,0.6606085896492004,0.5220343470573425,0.11713128536939621,0.9136340618133545,0.6735275387763977,0.5173944234848022,-0.8140890002250671,0.8812981247901917,0.6911956071853638,0.6337716579437256,0.09914717823266983,0.7804529666900635,0.6794105172157288,0.5286723375320435,-0.8305136561393738,0.8829418420791626,0.712916374206543,0.6506426334381104,0.08597797155380249,0.8058834075927734,0.6380817890167236,0.5358750224113464,-0.9938316941261292,0.9524840712547302,0.6569345593452454,0.6704254746437073,-0.05012010782957077,0.8023741841316223
Screen_Recording_20260919_111311_Instagram_1,39,1,0.6639008522033691,0.2753766179084778,0.021447446197271347,0.9998828172683716,0.675555944442749,0.26520872116088867,0.04431196674704552,0.9997376799583435,0.6794842481613159,0.2648504972457886,0.04430972412228584,0.9997732043266296,0.6830186247825623,0.2645871937274933,0.044379960745573044,0.9997356534004211,0.6663364768028259,0.2654188871383667,0.05816303566098213,0.9998630285263062,0.6648425459861755,0.2650836110115051,0.05810529738664627,0.999810516834259,0.663478434085846,0.26483091711997986,0.05797703191637993,0.9998255372047424,0.6895305514335632,0.26686012744903564,0.1495770514011383,0.999556839466095,0.6677409410476685,0.2670934796333313,0.21021077036857605,0.9997180104255676,0.6716815829277039,0.2820056676864624,0.058570586144924164,0.9990320205688477,0.6614217162132263,0.2820754647254944,0.07610804587602615,0.9991883635520935,0.7136520147323608,0.29771485924720764,0.07624059170484543,0.9996618032455444,0.6490572690963745,0.3276854157447815,0.3102637231349945,0.9999082088470459,0.6669890880584717,0.2555699348449707,-0.09968001395463943,0.9807569980621338,0.6278086304664612,0.4061470329761505,0.37459495663642883,0.7229341268539429,0.653221845626831,0.1974453330039978,-0.20288699865341187,0.9572461247444153,0.5928210020065308,0.47842127084732056,0.330745130777359,0.7449222803115845,0.647750973701477,0.18392273783683777,-0.24541538953781128,0.9072831869125366,0.5759677886962891,0.49859845638275146,0.348956435918808,0.6600809693336487,0.6527529358863831,0.1834317445755005,-0.2406577616930008,0.897343099117279,0.5756829977035522,0.4982818365097046,0.2991856634616852,0.672305703163147,0.6542584896087646,0.1890610158443451,-0.2080777883529663,0.8926165699958801,0.5850030779838562,0.49269577860832214,0.31123945116996765,0.638136088848114,0.744081437587738,0.4212186634540558,-0.07155492156744003,0.9999865293502808,0.690460205078125,0.4395342767238617,0.07176005095243454,0.9999771118164062,0.709740161895752,0.4335714280605316,-0.7426068782806396,0.985865592956543,0.6572557091712952,0.5422441959381104,0.14699122309684753,0.9114615321159363,0.6743019223213196,0.5113693475723267,-0.9904839396476746,0.9515129923820496,0.7055084109306335,0.6381678581237793,0.21420907974243164,0.8093137145042419,0.668569803237915,0.531010627746582,-1.0136210918426514,0.944157600402832,0.7311167120933533,0.6496268510818481,0.20929574966430664,0.6974363923072815,0.6371411681175232,0.5280357003211975,-1.2091615200042725,0.9894627928733826,0.6737263798713684,0.6754348278045654,0.05601561814546585,0.8271371126174927
Screen_Recording_20260919_111311_Instagram_1,40,1,0.693889856338501,0.2674739360809326,-0.14910158514976501,0.998961329460144,0.7004726529121399,0.26049619913101196,-0.1240752786397934,0.9976442456245422,0.7045884132385254,0.2609404921531677,-0.12412011623382568,0.9968171715736389,0.7078179717063904,0.2614089846611023,-0.12405842542648315,0.99642413854599,0.6892969608306885,0.25985002517700195,-0.12110784649848938,0.9991409778594971,0.6865712404251099,0.2600322663784027,-0.12122037261724472,0.9984850287437439,0.6839846968650818,0.26041197776794434,-0.12146258354187012,0.9988705515861511,0.7068966031074524,0.26620376110076904,0.01366322860121727,0.9932149648666382,0.6806738376617432,0.2660117745399475,0.027012277394533157,0.9983634352684021,0.6994771361351013,0.27642032504081726,-0.09744811803102493,0.996570348739624,0.6861752271652222,0.27524638175964355,-0.09343144297599792,0.9984128475189209,0.7282342910766602,0.3106653392314911,0.026075856760144234,0.995010256767273,0.6434544324874878,0.33324965834617615,0.1327437311410904,0.9996956586837769,0.7411455512046814,0.31628042459487915,-0.20573309063911438,0.5772756934165955,0.6272225379943848,0.402944952249527,0.1358141154050827,0.7488496899604797,0.7150400876998901,0.27824467420578003,-0.5089466571807861,0.38002899289131165,0.5834729075431824,0.47510677576065063,0.03814806044101715,0.7102627754211426,0.7082738280296326,0.2657402753829956,-0.5692872405052185,0.3259596824645996,0.5627062916755676,0.4939113259315491,0.03806639462709427,0.6226489543914795,0.7085571885108948,0.265316367149353,-0.5638683438301086,0.31517940759658813,0.5695253014564514,0.4943975508213043,-0.007157270330935717,0.6270818114280701,0.708067774772644,0.26653674244880676,-0.5161455273628235,0.28251227736473083,0.5767853856086731,0.4889088571071625,0.021607041358947754,0.5723854303359985,0.7480573058128357,0.44184446334838867,-0.04316382110118866,0.9999133348464966,0.68561851978302,0.4500259459018707,0.04330778494477272,0.9998743534088135,0.744365394115448,0.4956825077533722,-0.663662850856781,0.9497808814048767,0.6709432601928711,0.5534542202949524,0.08794447034597397,0.846173107624054,0.6905773878097534,0.5404642224311829,-0.7584245204925537,0.8873363137245178,0.7088487148284912,0.6354372501373291,0.311296284198761,0.7505844831466675,0.6870913505554199,0.5499669313430786,-0.7711686491966248,0.882117748260498,0.7287799119949341,0.6434357166290283,0.32000869512557983,0.6501373052597046,0.678672730922699,0.5500554442405701,-0.9785810708999634,0.9770042300224304,0.6869300603866577,0.6727226376533508,0.15519511699676514,0.7205421924591064
Screen_Recording_20260919_111311_Instagram_1,41,1,0.6953557729721069,0.27189192175865173,-0.276838093996048,0.9999748468399048,0.7067884802818298,0.26441216468811035,-0.2579958438873291,0.9999172687530518,0.7120519876480103,0.2647019326686859,-0.258106529712677,0.9999351501464844,0.7173381447792053,0.265237957239151,-0.2581363320350647,0.999886155128479,0.6946761608123779,0.2642233967781067,-0.2348453253507614,0.9999052286148071,0.691164493560791,0.2640901207923889,-0.2347409427165985,0.9998834133148193,0.6878124475479126,0.2640041708946228,-0.23474855720996857,0.999861478805542,0.7304877042770386,0.27099090814590454,-0.12741990387439728,0.9998493194580078,0.6904457211494446,0.2680896520614624,-0.020142173394560814,0.9998869895935059,0.7042061686515808,0.2821727395057678,-0.22808334231376648,0.9999351501464844,0.6900568008422852,0.2814023792743683,-0.19721965491771698,0.9999333620071411,0.7284520268440247,0.30818456411361694,-0.1628652662038803,0.9999560117721558,0.6772390007972717,0.32666343450546265,0.16441547870635986,0.9997487664222717,0.7482795119285583,0.3327963650226593,-0.520861804485321,0.9381678104400635,0.6414077281951904,0.3923575282096863,0.2798612117767334,0.6886830925941467,0.7274339199066162,0.321159690618515,-0.9398499727249146,0.9602323174476624,0.5823489427566528,0.45629334449768066,0.2610786259174347,0.9295955300331116,0.7305205464363098,0.32358282804489136,-1.0173845291137695,0.9518492221832275,0.5618885159492493,0.4765971899032593,0.272759348154068,0.8766618371009827,0.7251941561698914,0.32381471991539,-1.0153882503509521,0.9534472227096558,0.5635935664176941,0.47879907488822937,0.22942648828029633,0.8843647241592407,0.7247456312179565,0.32725489139556885,-0.9481058120727539,0.9299675822257996,0.5707922577857971,0.4728653132915497,0.24522319436073303,0.8762397170066833,0.74748295545578,0.44727036356925964,-0.09127498418092728,0.9999761581420898,0.6903102993965149,0.4546799063682556,0.09083631634712219,0.9998975992202759,0.7037854194641113,0.5489751100540161,-0.2112942487001419,0.934103786945343,0.6711412668228149,0.55284583568573,-0.0016835193382576108,0.774060070514679,0.7177315354347229,0.6184837818145752,0.11867436021566391,0.8448131680488586,0.6999382376670837,0.6241873502731323,0.32561784982681274,0.7243545651435852,0.7216646671295166,0.6286746263504028,0.15021643042564392,0.6484989523887634,0.712661862373352,0.6351945996284485,0.35363587737083435,0.5644066333770752,0.7085537910461426,0.6616795063018799,0.054134875535964966,0.8472765684127808,0.693504810333252,0.6575263738632202,0.2447890341281891,0.7535385489463806
Screen_Recording_20260919_111311_Instagram_1,42,1,0.7194139361381531,0.2773304581642151,-0.09166166931390762,0.9999626874923706,0.7318462133407593,0.2720182240009308,-0.0736287534236908,0.9999597072601318,0.736780047416687,0.2726204991340637,-0.07386045157909393,0.9999628067016602,0.741855800151825,0.27332279086112976,-0.07391880452632904,0.9999701976776123,0.7222261428833008,0.2708125710487366,-0.06175509840250015,0.9999539852142334,0.7197346091270447,0.27058809995651245,-0.06168226897716522,0.9999266862869263,0.7173886895179749,0.2702585458755493,-0.061711881309747696,0.999931812286377,0.7539499998092651,0.280752956867218,0.03349412605166435,0.9999485015869141,0.7218983173370361,0.2752073109149933,0.0825042724609375,0.9998348951339722,0.7245598435401917,0.28921055793762207,-0.05232612043619156,0.999945878982544,0.714562177658081,0.28678715229034424,-0.03819628432393074,0.9999226331710815,0.7458377480506897,0.3187313675880432,-0.01816501095890999,0.9999867677688599,0.6931896805763245,0.3303617238998413,0.21689073741436005,0.9998691082000732,0.747556209564209,0.3559448719024658,-0.21619537472724915,0.9614936113357544,0.6481113433837891,0.3855065107345581,0.3007543385028839,0.6633288860321045,0.7408404350280762,0.40146777033805847,-0.4739822447299957,0.9691395163536072,0.5896430611610413,0.42924484610557556,0.2700471580028534,0.7548350691795349,0.7455989122390747,0.41276293992996216,-0.5233100652694702,0.9569289684295654,0.570180356502533,0.4387474060058594,0.2700463831424713,0.6983675360679626,0.7376866936683655,0.4095243215560913,-0.5385408997535706,0.9574372172355652,0.5684924125671387,0.4389219582080841,0.2354317605495453,0.7207372784614563,0.7355071902275085,0.4076556861400604,-0.4840005934238434,0.934436559677124,0.576762318611145,0.43719246983528137,0.2548670470714569,0.6896106004714966,0.7471747398376465,0.4417557120323181,-0.04745921865105629,0.9999138116836548,0.6876756548881531,0.45019426941871643,0.04764851555228233,0.9995515942573547,0.7291304469108582,0.5025066137313843,-0.43780991435050964,0.929459273815155,0.6737372279167175,0.5220619440078735,-0.09935568273067474,0.7084888219833374,0.7300629615783691,0.6210373044013977,-0.6215975880622864,0.8632320761680603,0.6872769594192505,0.6165764927864075,-0.13508039712905884,0.6009097695350647,0.7345048785209656,0.6465640068054199,-0.6445271968841553,0.8649477362632751,0.7020620107650757,0.641290545463562,-0.1484125256538391,0.49306944012641907,0.7231607437133789,0.6449723839759827,-0.8199057579040527,0.9420487880706787,0.6667662858963013,0.6455563306808472,-0.28740963339805603,0.6767730712890625
Screen_Recording_20260919_111311_Instagram_1,43,1,0.7494129538536072,0.2912159264087677,-0.24218308925628662,0.9998533725738525,0.7648102045059204,0.2877509593963623,-0.2291926145553589,0.9997349381446838,0.7694641351699829,0.2890246510505676,-0.22931534051895142,0.9997898936271667,0.7743644714355469,0.29036206007003784,-0.22938251495361328,0.9998014569282532,0.7529259324073792,0.2852134704589844,-0.21634437143802643,0.9994016885757446,0.7498701214790344,0.28470396995544434,-0.21626508235931396,0.9992788434028625,0.7467985153198242,0.2841796875,-0.21618661284446716,0.9990837574005127,0.7826530933380127,0.2994226813316345,-0.1236521452665329,0.9998130202293396,0.7501705884933472,0.2894463539123535,-0.07117509841918945,0.9985089898109436,0.7520554065704346,0.30432775616645813,-0.20176349580287933,0.9999116659164429,0.7396277785301208,0.29983076453208923,-0.18681024014949799,0.9997633099555969,0.7753362655639648,0.3467254936695099,-0.12306367605924606,0.9999901056289673,0.7068504095077515,0.33317387104034424,0.10308094322681427,0.998970627784729,0.7747145891189575,0.4118582606315613,-0.11673127114772797,0.9885545372962952,0.6591253876686096,0.36717066168785095,0.19123293459415436,0.48024982213974,0.7633244395256042,0.47449880838394165,-0.19478954374790192,0.9872338771820068,0.608901858329773,0.3696579337120056,0.08266139030456543,0.8335162997245789,0.7690522074699402,0.4928833842277527,-0.22094810009002686,0.9726054072380066,0.5943939089775085,0.3692115843296051,0.07495207339525223,0.8239434957504272,0.7575146555900574,0.4902060031890869,-0.2482348084449768,0.9737460613250732,0.5975860357284546,0.36909249424934387,0.038629282265901566,0.837279736995697,0.7518980503082275,0.4852115213871002,-0.2044067531824112,0.9654095768928528,0.6018991470336914,0.3701343536376953,0.0637599304318428,0.8242502808570862,0.7361878156661987,0.47186076641082764,-0.05709120258688927,0.9999058246612549,0.6814526915550232,0.46741631627082825,0.05710403248667717,0.9993594288825989,0.7378044128417969,0.5666863918304443,-0.15488657355308533,0.9817372560501099,0.6730765104293823,0.554212212562561,0.12325333058834076,0.8768384456634521,0.7465240955352783,0.670087993144989,-0.07328012585639954,0.9818089604377747,0.6971029043197632,0.6251788139343262,0.40194180607795715,0.8543985486030579,0.745231568813324,0.6827917695045471,-0.07434624433517456,0.8084225654602051,0.7009479999542236,0.6341362595558167,0.42267197370529175,0.6390569806098938,0.7381683588027954,0.703650951385498,-0.25121456384658813,0.9782537221908569,0.6908120512962341,0.6540404558181763,0.31747010350227356,0.8882275819778442
Screen_Recording_20260919_111311_Instagram_1,44,1,0.785569965839386,0.30636197328567505,-0.23957905173301697,0.9999984502792358,0.7983893156051636,0.30487319827079773,-0.20462492108345032,0.9999982118606567,0.8024130463600159,0.30669718980789185,-0.2047121524810791,0.9999984502792358,0.8064700365066528,0.3090398907661438,-0.204696923494339,0.9999982118606567,0.7859699726104736,0.30119508504867554,-0.19917546212673187,0.9999932050704956,0.7817701101303101,0.30030959844589233,-0.1992628276348114,0.9999927282333374,0.7775510549545288,0.2994452714920044,-0.19913384318351746,0.9999915361404419,0.8106606006622314,0.31865254044532776,-0.03529440611600876,0.999998927116394,0.7710539102554321,0.3051406145095825,-0.020787058398127556,0.9999885559082031,0.7878519892692566,0.31903308629989624,-0.18240436911582947,0.9999994039535522,0.7712373733520508,0.3124101161956787,-0.178870290517807,0.9999955892562866,0.8061660528182983,0.38182055950164795,-0.0033434152137488127,0.9999984502792358,0.707217812538147,0.3494498133659363,0.07553427666425705,0.9997346997261047,0.7891068458557129,0.4534724950790405,0.005252536851912737,0.9888359904289246,0.6615809202194214,0.3301931321620941,-0.1044808104634285,0.9090104103088379,0.7867974042892456,0.5212942361831665,-0.04594257473945618,0.9819645285606384,0.6517422795295715,0.29945340752601624,-0.38901039958000183,0.9600508213043213,0.7942708134651184,0.540002167224884,-0.051809560507535934,0.9609543681144714,0.6478061676025391,0.2906681299209595,-0.4316532611846924,0.9380078315734863,0.7889760732650757,0.5399488806724548,-0.08850902318954468,0.9622707962989807,0.6537181735038757,0.291502445936203,-0.41672247648239136,0.9360082745552063,0.7830356955528259,0.5335386991500854,-0.058685675263404846,0.9483287334442139,0.6550841927528381,0.29511699080467224,-0.3941642642021179,0.9293195605278015,0.7498635053634644,0.4914645254611969,-0.026531953364610672,0.9999986886978149,0.6749964952468872,0.49012669920921326,0.026189588010311127,0.9999874830245972,0.7393360733985901,0.571098268032074,-0.4180130660533905,0.9979852437973022,0.6643471717834473,0.5904625058174133,0.017079712823033333,0.9330885410308838,0.7554796934127808,0.6841472387313843,-0.3828064501285553,0.9971730709075928,0.7044326066970825,0.6339764595031738,0.43876171112060547,0.7382780909538269,0.7557337284088135,0.6963589787483215,-0.38758784532546997,0.8849384784698486,0.7098811864852905,0.6357555389404297,0.47548428177833557,0.620993435382843,0.745540976524353,0.7110902070999146,-0.6071630120277405,0.994835376739502,0.7038152813911438,0.6599326729774475,0.37462159991264343,0.839605450630188
Screen_Recording_20260919_111311_Instagram_1,45,1,0.8189435005187988,0.32805588841438293,-0.19659222662448883,0.999975323677063,0.827182948589325,0.3275405168533325,-0.1615951657295227,0.9999709129333496,0.8304188847541809,0.32971882820129395,-0.16162167489528656,0.9999630451202393,0.8332966566085815,0.3319861888885498,-0.1616620570421219,0.9999722242355347,0.816378116607666,0.32322269678115845,-0.16127531230449677,0.9999158382415771,0.8113752603530884,0.32204410433769226,-0.16137604415416718,0.9998637437820435,0.8056886792182922,0.32060399651527405,-0.1613432914018631,0.9998766183853149,0.8295376300811768,0.3417201340198517,-0.007308701053261757,0.9999407529830933,0.7907984256744385,0.3246006667613983,-0.009965547360479832,0.9997332692146301,0.8160114288330078,0.34216222167015076,-0.14313583076000214,0.9999786615371704,0.8021961450576782,0.33442842960357666,-0.14460301399230957,0.9999423027038574,0.8259101510047913,0.4110318720340729,0.035897720605134964,0.9999831914901733,0.7149400115013123,0.3540772795677185,0.043911974877119064,0.9998119473457336,0.810115396976471,0.4852597415447235,0.013432621024549007,0.9865814447402954,0.6834057569503784,0.2946045994758606,-0.027952982112765312,0.9984228610992432,0.8143002986907959,0.555820882320404,-0.11149324476718903,0.9791406393051147,0.6810842752456665,0.2349063754081726,-0.09272036701440811,0.9936586022377014,0.8239331841468811,0.5750138759613037,-0.1317589282989502,0.9610759019851685,0.6791240572929382,0.22268596291542053,-0.1353401243686676,0.9785020351409912,0.8227189183235168,0.5758205652236938,-0.16989752650260925,0.9656733274459839,0.6863882541656494,0.221260666847229,-0.1276875138282776,0.9775821566581726,0.8168206214904785,0.5702171325683594,-0.1298038810491562,0.9611427783966064,0.6897549629211426,0.2264343798160553,-0.10176868736743927,0.9790453910827637,0.7605115175247192,0.5133212208747864,-0.008981266990303993,0.9999690055847168,0.6807178854942322,0.5128017663955688,0.008972929790616035,0.9997058510780334,0.7590653896331787,0.5688604116439819,-0.39386311173439026,0.9839056134223938,0.669544517993927,0.6082299947738647,0.046896252781152725,0.7109602093696594,0.7567765116691589,0.6831892132759094,-0.38485080003738403,0.9451561570167542,0.7295475006103516,0.6160538196563721,0.5004523992538452,0.1768789440393448,0.7567257285118103,0.7012373208999634,-0.3861071467399597,0.7001491785049438,0.7345361113548279,0.6116874814033508,0.5443323850631714,0.1708829253911972,0.7456437945365906,0.7190651297569275,-0.5978913903236389,0.9510293006896973,0.7562234401702881,0.637052059173584,0.46847108006477356,0.33929648995399475
Screen_Recording_20260919_111311_Instagram_1,46,1,0.8354728817939758,0.36584940552711487,-0.1502292901277542,0.9999948740005493,0.844243049621582,0.36227500438690186,-0.11272120475769043,0.999995231628418,0.8471313118934631,0.3641551434993744,-0.11273538321256638,0.9999920129776001,0.8498720526695251,0.36608338356018066,-0.1127590537071228,0.9999959468841553,0.8318976163864136,0.3569663465023041,-0.11583992093801498,0.9999878406524658,0.8262919187545776,0.35520419478416443,-0.11596620827913284,0.9999783039093018,0.8204420208930969,0.35333752632141113,-0.11594314873218536,0.9999868869781494,0.8441400527954102,0.3716726303100586,0.041884731501340866,0.9999885559082031,0.8048652410507202,0.35258913040161133,0.0213383249938488,0.9999508857727051,0.8312707543373108,0.37694936990737915,-0.09648475050926208,0.9999902248382568,0.8171490430831909,0.37015336751937866,-0.10326816886663437,0.999970555305481,0.8280664682388306,0.4353240728378296,0.06481963396072388,0.9999890327453613,0.7313565611839294,0.36227601766586304,0.04844213277101517,0.9999504089355469,0.8223105669021606,0.505495011806488,0.03954760730266571,0.9773973822593689,0.7131385803222656,0.27976086735725403,-0.04451315850019455,0.9976682066917419,0.8293259143829346,0.5723531246185303,-0.034750644117593765,0.9500542879104614,0.7003236413002014,0.19704705476760864,-0.06964457780122757,0.9934826493263245,0.843488872051239,0.5892998576164246,-0.0444328673183918,0.9214966297149658,0.6948356628417969,0.18257254362106323,-0.09843772649765015,0.9875867366790771,0.8448861241340637,0.5895891189575195,-0.07271257787942886,0.9317214488983154,0.696911633014679,0.18117499351501465,-0.10403162986040115,0.9857790470123291,0.8363670110702515,0.5841097235679626,-0.048980463296175,0.9332187175750732,0.7009991407394409,0.1855562925338745,-0.08177762478590012,0.9872904419898987,0.7588509917259216,0.5106489062309265,0.0026112839113920927,0.9999978542327881,0.6741291284561157,0.5107898116111755,-0.0028058085590600967,0.9999874830245972,0.7637475728988647,0.5291013717651367,-0.5300092697143555,0.9937188625335693,0.6570500731468201,0.6059162020683289,-0.12705616652965546,0.9342195987701416,0.7460542321205139,0.6599559187889099,-0.5602204203605652,0.9524998664855957,0.7129660248756409,0.6176870465278625,0.3171444833278656,0.17920419573783875,0.7525055408477783,0.6708497405052185,-0.5611515641212463,0.8806639909744263,0.7234475612640381,0.6093717813491821,0.36442652344703674,0.2934871315956116,0.7433298826217651,0.699000895023346,-0.7343020439147949,0.9711694121360779,0.7297369241714478,0.6461743712425232,0.32682037353515625,0.38611656427383423
Screen_Recording_20260919_111311_Instagram_1,47,1,0.8050655722618103,0.39858102798461914,-0.6726456880569458,0.9994099140167236,0.8179357051849365,0.3900195360183716,-0.6682078838348389,0.9987552165985107,0.8218250870704651,0.3907894790172577,-0.6681802868843079,0.9986227750778198,0.8258556127548218,0.3915211260318756,-0.6682317852973938,0.9987311959266663,0.8086965084075928,0.3856765925884247,-0.6633841395378113,0.9974488615989685,0.8063488006591797,0.3835750222206116,-0.6636303663253784,0.9962515234947205,0.8038920760154724,0.3813716769218445,-0.663712739944458,0.9958947896957397,0.8301447033882141,0.39102044701576233,-0.5546696782112122,0.9973873496055603,0.7971248030662537,0.3765926957130432,-0.5304298996925354,0.9898200631141663,0.8055858612060547,0.4057074189186096,-0.6197442412376404,0.9991928935050964,0.7953739166259766,0.4010503590106964,-0.6136100888252258,0.998097836971283,0.8321171402931213,0.4322544038295746,-0.44788917899131775,0.9998708963394165,0.7405210137367249,0.3595515489578247,-0.4067556858062744,0.9997773766517639,0.8198670744895935,0.5097966194152832,-0.46665480732917786,0.990614652633667,0.7186143398284912,0.2973223924636841,-0.45774319767951965,0.9988516569137573,0.8346215486526489,0.5695180296897888,-0.5417737364768982,0.9743539690971375,0.7241213321685791,0.23497411608695984,-0.48341310024261475,0.9987891316413879,0.8452391028404236,0.5843735933303833,-0.5555307269096375,0.9576452970504761,0.7190070152282715,0.2135852873325348,-0.5119339823722839,0.9966803789138794,0.8449455499649048,0.5846362113952637,-0.5910661220550537,0.9659556150436401,0.7294423580169678,0.2136785387992859,-0.5229529142379761,0.9967300891876221,0.839199960231781,0.5794695019721985,-0.5568788051605225,0.9698864221572876,0.7329336404800415,0.21918705105781555,-0.4942326545715332,0.9972584247589111,0.750634491443634,0.5101953148841858,-0.026310255751013756,0.9999139308929443,0.673214852809906,0.5022866129875183,0.02588971145451069,0.9997625946998596,0.7611088156700134,0.5721893310546875,-0.404494047164917,0.9888596534729004,0.6763113737106323,0.5981659889221191,0.1302480399608612,0.9366803169250488,0.7687157988548279,0.6962919235229492,-0.38494497537612915,0.9841423630714417,0.6963118314743042,0.6407708525657654,0.6000065207481384,0.6901406049728394,0.7716525197029114,0.7105278372764587,-0.38628995418548584,0.8701369762420654,0.699397623538971,0.6416492462158203,0.6441013216972351,0.6463635563850403,0.7478477954864502,0.7200884819030762,-0.5880774259567261,0.9792057871818542,0.7074258923530579,0.6792554259300232,0.5743002891540527,0.7746982574462891
Screen_Recording_20260919_111311_Instagram_1,48,1,0.7936380505561829,0.42556917667388916,-0.507953405380249,0.999850869178772,0.8061516880989075,0.41959327459335327,-0.526089072227478,0.9997943043708801,0.8101205825805664,0.4187512993812561,-0.5260591506958008,0.9998262524604797,0.8135748505592346,0.4182264506816864,-0.5261779427528381,0.999841570854187,0.7965810894966125,0.41657936573028564,-0.5426543951034546,0.9994798302650452,0.7940906286239624,0.41362446546554565,-0.5427888035774231,0.9993131160736084,0.7896462678909302,0.41044536232948303,-0.5428005456924438,0.9989883303642273,0.8190016746520996,0.4083572030067444,-0.45859092473983765,0.9999287128448486,0.7817842960357666,0.39625176787376404,-0.5376827120780945,0.9994732737541199,0.7967336773872375,0.42471110820770264,-0.46351006627082825,0.9999254941940308,0.7856872081756592,0.4210718274116516,-0.4879117012023926,0.9998154044151306,0.83866286277771,0.40462449193000793,-0.3317573666572571,0.9999992847442627,0.7379430532455444,0.3644457757472992,-0.38275784254074097,0.9999349117279053,0.82256680727005,0.47686436772346497,-0.23546339571475983,0.9830455780029297,0.7480445504188538,0.38798728585243225,-0.30839064717292786,0.792377233505249,0.8274052143096924,0.543761134147644,-0.27764639258384705,0.9898090362548828,0.7712926268577576,0.39364227652549744,-0.2540634274482727,0.869892954826355,0.8395919799804688,0.5586622953414917,-0.2771701514720917,0.9805787205696106,0.7772916555404663,0.396780788898468,-0.24812503159046173,0.8222551941871643,0.8363595604896545,0.5581521987915039,-0.32006964087486267,0.9839545488357544,0.7755191922187805,0.39434128999710083,-0.25635087490081787,0.8385941386222839,0.8294252753257751,0.5536884069442749,-0.2899409830570221,0.9774985313415527,0.7764147520065308,0.3943759799003601,-0.2531507909297943,0.8196401000022888,0.756483256816864,0.48488742113113403,0.016068212687969208,0.9999597072601318,0.680324137210846,0.4788455069065094,-0.01605888456106186,0.9998980760574341,0.7607892751693726,0.587815523147583,-0.07666023820638657,0.9632614850997925,0.684651792049408,0.5832098722457886,-0.10820779204368591,0.813607931137085,0.7802494764328003,0.6966776847839355,0.0022433921694755554,0.9537161588668823,0.6903595328330994,0.6803336143493652,0.0622817687690258,0.8304866552352905,0.7792575359344482,0.7075111269950867,0.0047545102424919605,0.5992190837860107,0.6986229419708252,0.6940078735351562,0.07374672591686249,0.5227835178375244,0.7780779004096985,0.7297012209892273,-0.1476263403892517,0.9377225637435913,0.707163393497467,0.7186276912689209,-0.06559104472398758,0.8519846200942993
Screen_Recording_20260919_111311_Instagram_1,49,1,0.8145484924316406,0.4261920154094696,-0.5629633069038391,0.9995193481445312,0.8234730362892151,0.42203444242477417,-0.5788708329200745,0.9993492960929871,0.825836181640625,0.42155784368515015,-0.5789538621902466,0.9993492960929871,0.828575849533081,0.4212779998779297,-0.5790671110153198,0.9995501637458801,0.817206621170044,0.4206318259239197,-0.606319785118103,0.9992897510528564,0.8152874708175659,0.41893669962882996,-0.6065242886543274,0.9990744590759277,0.8133333921432495,0.4175434708595276,-0.6066899299621582,0.9991471767425537,0.8317914605140686,0.4114619791507721,-0.4977918863296509,0.9993566870689392,0.8048425912857056,0.40520116686820984,-0.6208462715148926,0.9992924928665161,0.8140071034431458,0.42409566044807434,-0.5108289122581482,0.9997536540031433,0.8062386512756348,0.4208289384841919,-0.5478926301002502,0.9996814727783203,0.8349097967147827,0.39623886346817017,-0.31413504481315613,0.9999957084655762,0.7445098757743835,0.3843744397163391,-0.5086711645126343,0.999983549118042,0.8233774304389954,0.4459332227706909,-0.28205281496047974,0.898586630821228,0.7357745170593262,0.4487842321395874,-0.49754786491394043,0.9625785946846008,0.8201547861099243,0.5021669864654541,-0.46088945865631104,0.9837434887886047,0.7543163299560547,0.5081774592399597,-0.535877525806427,0.973415195941925,0.8184965252876282,0.515143632888794,-0.5017600655555725,0.9747962355613708,0.750756561756134,0.525005042552948,-0.5759426951408386,0.9682145714759827,0.8133336305618286,0.5145948529243469,-0.5428271889686584,0.976617693901062,0.7606493234634399,0.5264467597007751,-0.6042433977127075,0.9680403470993042,0.8120459914207458,0.5120310187339783,-0.4791845679283142,0.9719323515892029,0.7658342719078064,0.5206276178359985,-0.543323278427124,0.9605187773704529,0.7529000043869019,0.47238224744796753,0.06966999918222427,0.9999583959579468,0.6830400824546814,0.46553143858909607,-0.06940943747758865,0.9999492168426514,0.7761258482933044,0.5749557018280029,-0.07792813330888748,0.9036604166030884,0.7009355425834656,0.5657206773757935,-0.22903142869472504,0.95024573802948,0.7798595428466797,0.6912272572517395,-0.05389905348420143,0.932637095451355,0.6652995944023132,0.6830558776855469,-0.1904544085264206,0.9740104079246521,0.7687391042709351,0.7064951658248901,-0.06124044582247734,0.7685314416885376,0.6532471776008606,0.7038130164146423,-0.19732996821403503,0.8726067543029785,0.8154438734054565,0.72279953956604,-0.23306208848953247,0.9637329578399658,0.6873793601989746,0.7189017534255981,-0.3948041498661041,0.976962685585022
Screen_Recording_20260919_111311_Instagram_1,50,1,0.8227360248565674,0.43273937702178955,-0.7135524153709412,0.9801309108734131,0.832049548625946,0.4274056851863861,-0.7158591747283936,0.9695316553115845,0.8348114490509033,0.4257171154022217,-0.7160026431083679,0.954345703125,0.8388837575912476,0.42355412244796753,-0.7162930965423584,0.9744080901145935,0.8254120945930481,0.4291541576385498,-0.7461373805999756,0.9859529733657837,0.8223080039024353,0.42792224884033203,-0.7463260293006897,0.9821257591247559,0.8202831745147705,0.427394300699234,-0.746514618396759,0.990913987159729,0.8414770364761353,0.41169726848602295,-0.6129311323165894,0.9443151354789734,0.8118321299552917,0.4172506332397461,-0.7459755539894104,0.9876275062561035,0.8217117786407471,0.4287719130516052,-0.6585265398025513,0.9891045093536377,0.8123347759246826,0.4289565980434418,-0.6985377669334412,0.9936625957489014,0.8385119438171387,0.38869211077690125,-0.3815387487411499,0.9994181394577026,0.7475284934043884,0.41329532861709595,-0.6666487455368042,0.999887228012085,0.8224771618843079,0.4470641016960144,-0.18772609531879425,0.161843940615654,0.7601909637451172,0.5015057325363159,-0.693954586982727,0.9916092753410339,0.7816757559776306,0.46930715441703796,-0.1463201940059662,0.13382664322853088,0.7765909433364868,0.5914318561553955,-0.6895171403884888,0.959006667137146,0.7699023485183716,0.47351428866386414,-0.1450386643409729,0.14062614738941193,0.7736109495162964,0.6121253967285156,-0.7469581961631775,0.9311178922653198,0.7739437222480774,0.4721226394176483,-0.1801740527153015,0.1416006088256836,0.783039391040802,0.6125484704971313,-0.7518787384033203,0.9313650131225586,0.77567058801651,0.47171977162361145,-0.1568789780139923,0.1404484063386917,0.7848209738731384,0.6035428047180176,-0.6918442845344543,0.8988856673240662,0.7436147332191467,0.4554712176322937,0.08845150470733643,0.9987034797668457,0.6756151914596558,0.4529237151145935,-0.08817923814058304,0.9992424249649048,0.7531872987747192,0.5638603568077087,-0.08609163761138916,0.4083130955696106,0.7124310731887817,0.5588655471801758,-0.26237040758132935,0.7351519465446472,0.7307304739952087,0.6865776777267456,0.0031895404681563377,0.4557654857635498,0.6697592735290527,0.6674699783325195,-0.18650133907794952,0.7448148727416992,0.7140244841575623,0.7045958638191223,0.005124055780470371,0.36682993173599243,0.6698132157325745,0.700225293636322,-0.18696261942386627,0.6417243480682373,0.773520827293396,0.7198554277420044,-0.14921966195106506,0.6205935478210449,0.7208799123764038,0.7223604917526245,-0.35767143964767456,0.8442198038101196
Screen_Recording_20260919_111311_Instagram_1,51,1,0.8438234329223633,0.4398723542690277,-0.6989427804946899,0.9964272379875183,0.8526607155799866,0.43405216932296753,-0.6936672925949097,0.9975841045379639,0.8542317152023315,0.432445228099823,-0.693777322769165,0.9947822690010071,0.8585072755813599,0.4294998049736023,-0.6940178871154785,0.9976484179496765,0.8453629016876221,0.4361632168292999,-0.734339714050293,0.9989566802978516,0.8424035310745239,0.43561315536499023,-0.7345675826072693,0.9984248876571655,0.839606761932373,0.43528664112091064,-0.7347946763038635,0.9994828701019287,0.850633978843689,0.41735103726387024,-0.5858601927757263,0.9948155283927917,0.8262824416160583,0.425007164478302,-0.7688336968421936,0.9986586570739746,0.8366713523864746,0.4359244704246521,-0.6454887986183167,0.9986308217048645,0.8282178640365601,0.43765008449554443,-0.6998699903488159,0.9991664886474609,0.8300584554672241,0.39345264434814453,-0.3584633767604828,0.9995566010475159,0.7498916387557983,0.42969614267349243,-0.7222927212715149,0.9999607801437378,0.7883009314537048,0.43467995524406433,-0.07916513085365295,0.09258062392473221,0.7511662244796753,0.5230074524879456,-0.7512337565422058,0.9977579712867737,0.7433202266693115,0.4501368999481201,0.09151007235050201,0.06783661991357803,0.7887322902679443,0.6012197732925415,-0.7134771943092346,0.9894653558731079,0.7267584800720215,0.45097458362579346,0.11827550083398819,0.08214212208986282,0.792568564414978,0.6198278665542603,-0.7667185068130493,0.9800750017166138,0.7326924204826355,0.44770288467407227,0.08331961184740067,0.07425601780414581,0.8075617551803589,0.6190677881240845,-0.7669098377227783,0.9793436527252197,0.7370647192001343,0.4489014744758606,0.08626143634319305,0.07422549277544022,0.8042544722557068,0.6143208742141724,-0.7122107148170471,0.9605539441108704,0.7344474196434021,0.4471072554588318,0.1028059720993042,0.9989029169082642,0.6677289605140686,0.45561447739601135,-0.10255732387304306,0.9995090961456299,0.7773872017860413,0.539320707321167,-0.11465912312269211,0.4158221483230591,0.7097758650779724,0.5520253777503967,-0.28810882568359375,0.7638214230537415,0.753020167350769,0.6591066122055054,-0.05382346734404564,0.5240640640258789,0.6677932739257812,0.6727072596549988,-0.22538241744041443,0.8384861350059509,0.733076810836792,0.6762486100196838,-0.0521770603954792,0.4991668164730072,0.6503587365150452,0.6875401139259338,-0.2224539965391159,0.6981379389762878,0.8026428818702698,0.6937999725341797,-0.18725937604904175,0.7162109613418579,0.7105444669723511,0.7123427391052246,-0.3634927570819855,0.8935747146606445
Screen_Recording_20260919_111311_Instagram_1,52,1,0.8477593064308167,0.4502003788948059,-0.5446288585662842,0.9981662631034851,0.8558820486068726,0.4437601566314697,-0.5577580332756042,0.9983626008033752,0.8591729998588562,0.441290020942688,-0.5578380227088928,0.9979074001312256,0.8609260320663452,0.43939247727394104,-0.5579095482826233,0.9987780451774597,0.8489936590194702,0.44548535346984863,-0.5885071754455566,0.9994233846664429,0.8461748957633972,0.445040762424469,-0.588718593120575,0.9992817044258118,0.8431559801101685,0.44455409049987793,-0.5889150500297546,0.9995736479759216,0.8561723232269287,0.42281150817871094,-0.5084349513053894,0.9978691339492798,0.8289227485656738,0.4346711039543152,-0.6491610407829285,0.9995960593223572,0.8422238230705261,0.4464261531829834,-0.5094831585884094,0.9978204965591431,0.8337494730949402,0.44826242327690125,-0.551849365234375,0.9992663264274597,0.8403237462043762,0.3837498128414154,-0.36291995644569397,0.9997242093086243,0.7601288557052612,0.4402645528316498,-0.5584815740585327,0.9999507665634155,0.8230537176132202,0.3263968229293823,-0.17154334485530853,0.8419171571731567,0.7632487416267395,0.5090954303741455,-0.5615947842597961,0.9931994080543518,0.8145437240600586,0.2744232416152954,-0.03828226774930954,0.9292715787887573,0.8036115169525146,0.5650268793106079,-0.5348207354545593,0.9615048766136169,0.8177452683448792,0.260641872882843,-0.04441917687654495,0.9040207862854004,0.8121039867401123,0.5794108510017395,-0.5678102970123291,0.9405377507209778,0.8270317316055298,0.26070964336395264,-0.054538410156965256,0.8980109691619873,0.8223115801811218,0.5772947669029236,-0.580811619758606,0.9399970769882202,0.8212827444076538,0.26602235436439514,-0.037293750792741776,0.8680381774902344,0.8218157291412354,0.5708684921264648,-0.5359098315238953,0.9039449095726013,0.742174506187439,0.46036213636398315,0.09469764679670334,0.9999687671661377,0.6786105632781982,0.46088936924934387,-0.0946473777294159,0.9999877214431763,0.7563233375549316,0.5715641379356384,-0.18273888528347015,0.5029115676879883,0.7025296688079834,0.5446361303329468,-0.37280216813087463,0.9542078375816345,0.7343100309371948,0.6827884316444397,-0.11523853987455368,0.7166341543197632,0.6631901860237122,0.6549415588378906,-0.37368491291999817,0.9613515138626099,0.7169236540794373,0.7013932466506958,-0.11239002645015717,0.76606285572052,0.6480647325515747,0.6724744439125061,-0.3788355588912964,0.9110077619552612,0.7839252352714539,0.7139306664466858,-0.2667001783847809,0.8922748565673828,0.6973642706871033,0.6859652996063232,-0.548530638217926,0.972711980342865
Screen_Recording_20260919_111311_Instagram_1,53,1,0.8552943468093872,0.44501665234565735,-0.3640040159225464,0.9940186738967896,0.8634908199310303,0.43857771158218384,-0.38327184319496155,0.9900934100151062,0.8665738105773926,0.4351992905139923,-0.3833739757537842,0.9903980493545532,0.8673288822174072,0.4332242012023926,-0.3833620250225067,0.993172824382782,0.859110951423645,0.4399036169052124,-0.4169617295265198,0.9954786896705627,0.8569657802581787,0.4392666816711426,-0.41719403862953186,0.9945131540298462,0.8538632392883301,0.43894606828689575,-0.4174768328666687,0.9952724575996399,0.8589491248130798,0.41643965244293213,-0.38237088918685913,0.9893109798431396,0.8368748426437378,0.42670172452926636,-0.537367045879364,0.9953168630599976,0.8472855687141418,0.43835678696632385,-0.3462139964103699,0.9844321012496948,0.8395653963088989,0.44107621908187866,-0.3931899666786194,0.9902888536453247,0.8438600897789001,0.37174996733665466,-0.31695231795310974,0.998838484287262,0.7641698718070984,0.41708335280418396,-0.49563202261924744,0.9996868371963501,0.8235319256782532,0.30467134714126587,-0.25571659207344055,0.902561604976654,0.7514389753341675,0.46818265318870544,-0.5679511427879333,0.9187963604927063,0.8167271614074707,0.23237112164497375,-0.25624871253967285,0.8931645154953003,0.814990758895874,0.5084078907966614,-0.6274496912956238,0.7220178246498108,0.8164616823196411,0.21484524011611938,-0.2874535918235779,0.8247705698013306,0.8266982436180115,0.5196066498756409,-0.6650239825248718,0.7014563083648682,0.8218023777008057,0.21315422654151917,-0.2910780608654022,0.8271616697311401,0.8314055800437927,0.5137410759925842,-0.6766387820243835,0.7072653770446777,0.8230670094490051,0.21887528896331787,-0.2590295076370239,0.8130488395690918,0.8313950300216675,0.509122908115387,-0.6292796730995178,0.6338004469871521,0.7391084432601929,0.4655742347240448,0.10137741267681122,0.9999388456344604,0.6800212264060974,0.4600198268890381,-0.10158628970384598,0.9999727010726929,0.7559042572975159,0.5706334114074707,-0.2299339771270752,0.3193104863166809,0.7048224806785583,0.5501443147659302,-0.27435922622680664,0.939551830291748,0.7768897414207458,0.69356769323349,-0.2641645073890686,0.5352465510368347,0.6595298647880554,0.6585978269577026,-0.2580440938472748,0.9063293933868408,0.7657491564750671,0.7156822085380554,-0.273992121219635,0.6081998348236084,0.6321573853492737,0.6785479187965393,-0.26438120007514954,0.8335424661636353,0.8374011516571045,0.7249650955200195,-0.4458584785461426,0.7874744534492493,0.6924519538879395,0.6878384351730347,-0.43046969175338745,0.9351217746734619
Screen_Recording_20260919_111311_Instagram_1,54,1,0.8528056144714355,0.448280394077301,-0.793759822845459,0.9332880973815918,0.8610297441482544,0.44150063395500183,-0.8086115717887878,0.925341784954071,0.8627750277519226,0.4398646950721741,-0.8086007237434387,0.9114596843719482,0.8646676540374756,0.4381050765514374,-0.8088301420211792,0.9390279650688171,0.853655219078064,0.4422970116138458,-0.8402776122093201,0.9385736584663391,0.8513576984405518,0.4415073096752167,-0.840584397315979,0.9144323468208313,0.8486377596855164,0.4404695928096771,-0.8408098220825195,0.9352325797080994,0.8595654964447021,0.4234762489795685,-0.7305567264556885,0.8804802298545837,0.8319346308708191,0.4261631965637207,-0.8741121888160706,0.9159609079360962,0.8465495109558105,0.44360774755477905,-0.7435732483863831,0.9217098951339722,0.8379664421081543,0.4450424909591675,-0.7867096662521362,0.9291415810585022,0.8652501106262207,0.3989981710910797,-0.5068314075469971,0.9922351241111755,0.7499135732650757,0.4023151099681854,-0.720365047454834,0.9957689046859741,0.8297860026359558,0.4404699504375458,-0.2266981601715088,0.1137041375041008,0.7087833881378174,0.3963821232318878,-0.6172822117805481,0.770639181137085,0.801303505897522,0.4711577892303467,-0.06422733515501022,0.12307418137788773,0.7215090990066528,0.377898633480072,-0.427913635969162,0.5764561891555786,0.7988052368164062,0.479159414768219,-0.041206084191799164,0.13071969151496887,0.7208655476570129,0.3736144006252289,-0.4259578287601471,0.5751891732215881,0.793826699256897,0.47649750113487244,-0.07682769000530243,0.14471063017845154,0.7271972298622131,0.3688151240348816,-0.4593207538127899,0.6093127131462097,0.7916085720062256,0.47401976585388184,-0.07219088077545166,0.16362234950065613,0.7292193174362183,0.37078776955604553,-0.43462496995925903,0.6157268285751343,0.7550845742225647,0.46781373023986816,0.09293589740991592,0.9978386759757996,0.6823539733886719,0.46435725688934326,-0.09260322153568268,0.9987456798553467,0.7659244537353516,0.5747309923171997,-0.150150328874588,0.291236937046051,0.7119291424751282,0.5640711188316345,-0.3271026015281677,0.7722291350364685,0.7786780595779419,0.6972023248672485,-0.11000043898820877,0.586847186088562,0.6706242561340332,0.6798020601272583,-0.19408875703811646,0.7595879435539246,0.7648881077766418,0.7139793634414673,-0.11551544815301895,0.5162796974182129,0.6574253439903259,0.702339768409729,-0.18733389675617218,0.5962419509887695,0.8433617949485779,0.7303444147109985,-0.2949957549571991,0.6813929080963135,0.6836191415786743,0.7140770554542542,-0.3747580945491791,0.7927201986312866
Screen_Recording_20260919_111311_Instagram_1,55,1,0.8421473503112793,0.4434601664543152,-0.7764764428138733,0.9954046010971069,0.8540684580802917,0.4369125962257385,-0.7998875379562378,0.9946935772895813,0.8561416864395142,0.4357582926750183,-0.8000303506851196,0.9948006868362427,0.8582355380058289,0.4344373345375061,-0.800127387046814,0.9956223368644714,0.8476674556732178,0.43638646602630615,-0.8143888115882874,0.99709153175354,0.8449004888534546,0.43469467759132385,-0.8145659565925598,0.9965523481369019,0.8415777683258057,0.43267369270324707,-0.8146868944168091,0.9966709017753601,0.8544763922691345,0.4216007590293884,-0.7546326518058777,0.9947896003723145,0.8272513151168823,0.42004650831222534,-0.8204630613327026,0.9975948929786682,0.8350824117660522,0.44200053811073303,-0.739372730255127,0.9955466985702515,0.8253219127655029,0.441453754901886,-0.7601004838943481,0.9971202611923218,0.8488063216209412,0.3736647367477417,-0.5955798029899597,0.999632716178894,0.790022611618042,0.44723159074783325,-0.6931077241897583,0.9999483823776245,0.8163975477218628,0.29090747237205505,-0.6242621541023254,0.9702038764953613,0.7823789119720459,0.48373934626579285,-0.7569572329521179,0.9832690954208374,0.8022330403327942,0.22378593683242798,-0.7211355566978455,0.9809273481369019,0.7857483625411987,0.5116655826568604,-0.8018559813499451,0.9603219628334045,0.8040011525154114,0.20963063836097717,-0.7656797766685486,0.966960072517395,0.7843557000160217,0.5251238942146301,-0.8417240977287292,0.944580078125,0.8090003132820129,0.21129530668258667,-0.7733982801437378,0.9649320840835571,0.7852374315261841,0.514240026473999,-0.8495317101478577,0.9403034448623657,0.8103139996528625,0.2176138162612915,-0.727295994758606,0.9561399817466736,0.7864106297492981,0.5078610181808472,-0.8062429428100586,0.924759566783905,0.7449171543121338,0.46216681599617004,0.10165861248970032,0.9999608993530273,0.6899815797805786,0.46624207496643066,-0.10164321959018707,0.999981164932251,0.7430945634841919,0.5761099457740784,-0.1691010445356369,0.23566927015781403,0.7197128534317017,0.5748772621154785,-0.25225597620010376,0.9724583029747009,0.757999837398529,0.6993322968482971,-0.13209286332130432,0.5101011395454407,0.711643636226654,0.6967244148254395,-0.29568177461624146,0.9794877171516418,0.7480723857879639,0.7198703289031982,-0.13508856296539307,0.6402857303619385,0.6971772909164429,0.724766731262207,-0.30782440304756165,0.9664649963378906,0.8386486172676086,0.7256923317909241,-0.2872452437877655,0.8257766962051392,0.7445452213287354,0.7278004884719849,-0.47419238090515137,0.9881550073623657
Screen_Recording_20260919_111311_Instagram_1,56,1,0.8568376302719116,0.4292348623275757,-0.8400652408599854,0.9557826519012451,0.8651716709136963,0.42065709829330444,-0.8427184224128723,0.9762092232704163,0.8661602735519409,0.4195672869682312,-0.8426996469497681,0.9647911190986633,0.8670316338539124,0.41842150688171387,-0.8429440855979919,0.9711865186691284,0.8603802919387817,0.4213027060031891,-0.8834589719772339,0.9822040796279907,0.857994556427002,0.4203333854675293,-0.883731484413147,0.9734070897102356,0.8548422455787659,0.4191417396068573,-0.8839339017868042,0.9803609251976013,0.8583800792694092,0.40912023186683655,-0.7297086119651794,0.9478405714035034,0.8384619951248169,0.41033849120140076,-0.9139935970306396,0.9693195819854736,0.8463085293769836,0.42976322770118713,-0.7790583968162537,0.9322460293769836,0.8406582474708557,0.42941391468048096,-0.8335879445075989,0.9602907299995422,0.8457102179527283,0.40076974034309387,-0.5073937773704529,0.9014265537261963,0.7739651203155518,0.40281644463539124,-0.7817458510398865,0.9904757142066956,0.8189049363136292,0.38717254996299744,-0.2529948055744171,0.040482454001903534,0.7564786076545715,0.35089001059532166,-0.7890076637268066,0.918079674243927,0.8029001355171204,0.37483981251716614,-0.12432948499917984,0.036594927310943604,0.7455481290817261,0.28561505675315857,-0.7289257645606995,0.8574407696723938,0.8006843328475952,0.3720102906227112,-0.10352614521980286,0.03444349393248558,0.7433479428291321,0.26532167196273804,-0.7502613663673401,0.8143185377120972,0.7989335060119629,0.3666977882385254,-0.13474556803703308,0.03511817008256912,0.7400810122489929,0.26044249534606934,-0.7796714901924133,0.8335047960281372,0.8014156222343445,0.3692697286605835,-0.13267360627651215,0.04431750252842903,0.74287348985672,0.2685711979866028,-0.7399320006370544,0.8184389472007751,0.7361317873001099,0.4710307717323303,0.13053065538406372,0.9804689288139343,0.6745902299880981,0.47417983412742615,-0.13039550185203552,0.996208906173706,0.7636573314666748,0.573652982711792,-0.038039226084947586,0.28588467836380005,0.7132917046546936,0.5860868692398071,-0.35164907574653625,0.9329593777656555,0.7665091753005981,0.6917526721954346,0.0320223830640316,0.5723417401313782,0.7043997645378113,0.7093778252601624,-0.3595620393753052,0.9470862150192261,0.7587088346481323,0.7052814960479736,0.03125526010990143,0.6025916934013367,0.6981139183044434,0.7314078211784363,-0.3668949604034424,0.8817868828773499,0.8472380638122559,0.7212982773780823,-0.10823098570108414,0.6734702587127686,0.7339093089103699,0.7401190400123596,-0.555590808391571,0.9352925419807434
Screen_Recording_20260919_111311_Instagram_1,57,1,0.8524507284164429,0.4151289463043213,-0.9146685600280762,0.9702385663986206,0.8582236766815186,0.4063635766506195,-0.9004940986633301,0.9696750044822693,0.8590320348739624,0.40525323152542114,-0.9007088541984558,0.9725033640861511,0.8599735498428345,0.40417635440826416,-0.9010394811630249,0.9774494767189026,0.8513690829277039,0.40639474987983704,-0.9398333430290222,0.9695508480072021,0.8487494587898254,0.4057815968990326,-0.9400159120559692,0.9648689031600952,0.8458868265151978,0.4052286744117737,-0.9401953220367432,0.9653612375259399,0.8499807119369507,0.3964468836784363,-0.7253344058990479,0.9449238777160645,0.8298732042312622,0.3994755148887634,-0.9022393822669983,0.9672858119010925,0.8431076407432556,0.4169806241989136,-0.8341322541236877,0.9782184958457947,0.835534930229187,0.4165380299091339,-0.8869151473045349,0.9839146137237549,0.8326859474182129,0.4018701910972595,-0.4446670711040497,0.9974488615989685,0.7497478723526001,0.409213662147522,-0.7658613920211792,0.9978252649307251,0.7840967774391174,0.4802355170249939,-0.340935617685318,0.23366940021514893,0.7438552975654602,0.466816246509552,-0.7353891730308533,0.8506796360015869,0.7735015749931335,0.554447591304779,-0.46481144428253174,0.4054917097091675,0.7791531085968018,0.4951917231082916,-0.6742146611213684,0.6360068321228027,0.7823091745376587,0.572550892829895,-0.48567473888397217,0.4159452021121979,0.7842239141464233,0.5049124360084534,-0.7143328785896301,0.6399737596511841,0.7861652970314026,0.5719208121299744,-0.5481435060501099,0.437718003988266,0.7877364754676819,0.5005515813827515,-0.7259525656700134,0.6279211640357971,0.7745916843414307,0.5653724670410156,-0.49399951100349426,0.46729525923728943,0.7846797704696655,0.4969046413898468,-0.6771007180213928,0.5574254989624023,0.7239333391189575,0.4762551486492157,0.12204127013683319,0.9980311989784241,0.6650703549385071,0.4808046817779541,-0.12154655903577805,0.998992383480072,0.7605758309364319,0.5782104730606079,-0.043228402733802795,0.4053201377391815,0.7279123663902283,0.5838800072669983,-0.3740662634372711,0.9685991406440735,0.7646311521530151,0.6918134689331055,0.12493900209665298,0.682296633720398,0.7105578780174255,0.7127289175987244,-0.3222951889038086,0.9776356816291809,0.7530497908592224,0.7030007243156433,0.13319043815135956,0.6520767211914062,0.6938847303390503,0.7299754619598389,-0.32964271306991577,0.942045271396637,0.8396651744842529,0.718626081943512,-0.03430330008268356,0.7845649719238281,0.7513773441314697,0.7414519190788269,-0.5704559683799744,0.9714077115058899
Screen_Recording_20260919_111311_Instagram_1,58,1,0.8552234768867493,0.4073508679866791,-0.8041297197341919,0.9721248149871826,0.8597046136856079,0.398556113243103,-0.7732170224189758,0.9787580370903015,0.8607876300811768,0.3980520963668823,-0.7733785510063171,0.9799614548683167,0.8619598150253296,0.39758506417274475,-0.7737067341804504,0.980441689491272,0.8521575927734375,0.3973795175552368,-0.8146656155586243,0.9782401919364929,0.8469083905220032,0.3957711458206177,-0.814913809299469,0.9792726039886475,0.8417606353759766,0.394296795129776,-0.8150568008422852,0.9787722826004028,0.8501914143562317,0.39018064737319946,-0.5509395003318787,0.9617598652839661,0.8182318806648254,0.3866718113422394,-0.737967848777771,0.9719365239143372,0.8455641865730286,0.4133310317993164,-0.710646390914917,0.9548527002334595,0.8359128832817078,0.4110316038131714,-0.7661332488059998,0.9604017734527588,0.8216900825500488,0.407173752784729,-0.2495948076248169,0.9939755797386169,0.74595046043396,0.3995203375816345,-0.6169157028198242,0.9933033585548401,0.7677126526832581,0.4650401771068573,0.0129450848326087,0.1854710429906845,0.7377550601959229,0.43643641471862793,-0.6062353253364563,0.8274942636489868,0.7780149579048157,0.5096849203109741,0.04095837101340294,0.1812058836221695,0.804332971572876,0.41851961612701416,-0.588876485824585,0.7202149629592896,0.7792900204658508,0.5228837132453918,0.056674204766750336,0.16882292926311493,0.8278892040252686,0.41294047236442566,-0.6235125064849854,0.7309706807136536,0.7743973731994629,0.5209290981292725,-0.0006226671393960714,0.18241357803344727,0.8239284157752991,0.4013669192790985,-0.641169548034668,0.7329288125038147,0.7716809511184692,0.5164608955383301,0.020574277266860008,0.19284404814243317,0.8160386085510254,0.40746554732322693,-0.5936223268508911,0.6692630648612976,0.706817090511322,0.48099765181541443,0.13175344467163086,0.9944540858268738,0.651749849319458,0.4795563220977783,-0.13120459020137787,0.995612382888794,0.7633902430534363,0.5752730369567871,-0.05767292529344559,0.47657713294029236,0.7283944487571716,0.5804194808006287,-0.37237486243247986,0.9327703714370728,0.7693275213241577,0.6781303882598877,0.031407468020915985,0.568426251411438,0.711567759513855,0.7019829750061035,-0.34952497482299805,0.9499162435531616,0.7495693564414978,0.6948591470718384,0.03153403848409653,0.5431357026100159,0.6916852593421936,0.7237554788589478,-0.35710659623146057,0.8956149220466614,0.8292034864425659,0.6989220380783081,-0.12807978689670563,0.6828519105911255,0.7629013657569885,0.7286666631698608,-0.5866764783859253,0.9457358717918396
Screen_Recording_20260919_111311_Instagram_1,59,1,0.8515484929084778,0.3850344717502594,-0.9223584532737732,0.9879095554351807,0.8518688678741455,0.37764543294906616,-0.9275436401367188,0.9881254434585571,0.8528963923454285,0.3762798011302948,-0.927757203578949,0.9840958118438721,0.8516489267349243,0.3680286407470703,-0.9279907941818237,0.9901670217514038,0.8445920348167419,0.38049471378326416,-0.9603146910667419,0.9938722848892212,0.8386155962944031,0.38296520709991455,-0.9605333805084229,0.9914926886558533,0.8302879929542542,0.3814026713371277,-0.9607070088386536,0.9939769506454468,0.8411575555801392,0.36745792627334595,-0.7985690832138062,0.9850246906280518,0.8114256858825684,0.3804822862148285,-0.9538722634315491,0.9920255541801453,0.8434298634529114,0.3941916525363922,-0.8560912609100342,0.992258608341217,0.8344689607620239,0.39460039138793945,-0.9023969173431396,0.9957822561264038,0.7955657243728638,0.35868799686431885,-0.5961053967475891,0.996825098991394,0.7668321132659912,0.4079205095767975,-0.8182845115661621,0.9993077516555786,0.7773442268371582,0.2871096134185791,-0.5961127877235413,0.9025207161903381,0.8098455667495728,0.42442190647125244,-1.0577290058135986,0.9355260133743286,0.7292770743370056,0.21721139550209045,-0.7562803626060486,0.9305425882339478,0.8249918818473816,0.39336228370666504,-1.3472281694412231,0.7992831468582153,0.720721960067749,0.19914433360099792,-0.8187399506568909,0.9200007319450378,0.8236896991729736,0.3918953239917755,-1.4401428699493408,0.8181145787239075,0.7240540981292725,0.19694823026657104,-0.8366839289665222,0.9133489727973938,0.8245853185653687,0.38091838359832764,-1.44521963596344,0.8057336211204529,0.7260414958000183,0.20432010293006897,-0.7693036198616028,0.885272741317749,0.8265183568000793,0.37964892387390137,-1.3581520318984985,0.7499526143074036,0.7140169143676758,0.46358081698417664,0.14310486614704132,0.9980430603027344,0.6632824540138245,0.47391456365585327,-0.14299921691417694,0.9991021156311035,0.7734437584877014,0.558071494102478,-0.07867954671382904,0.2504846751689911,0.7364760637283325,0.5834093689918518,-0.3908734917640686,0.9472558498382568,0.7500476837158203,0.6755760908126831,0.13472692668437958,0.381771057844162,0.7091817259788513,0.7003173828125,-0.2926887571811676,0.9591742753982544,0.733975887298584,0.6921682357788086,0.14628645777702332,0.41540536284446716,0.6926076412200928,0.7195249199867249,-0.29061266779899597,0.883041501045227,0.7944523692131042,0.712547242641449,-0.017915433272719383,0.5200579166412354,0.7238158583641052,0.7331954836845398,-0.5237453579902649,0.9488238096237183
Screen_Recording_20260919_111311_Instagram_1,60,1,0.8422985672950745,0.38084545731544495,-0.7800084948539734,0.999852180480957,0.8434955477714539,0.3701208829879761,-0.7600777745246887,0.9999232292175293,0.8449534177780151,0.3693291246891022,-0.760164737701416,0.9998912811279297,0.846288800239563,0.36819446086883545,-0.760388970375061,0.9999099969863892,0.8358160853385925,0.37047475576400757,-0.7969297766685486,0.9999580383300781,0.8297823667526245,0.371199369430542,-0.7971391081809998,0.999944806098938,0.8223047852516174,0.3694486916065216,-0.7971859574317932,0.9999581575393677,0.8320035934448242,0.3607463836669922,-0.5639746189117432,0.9998416900634766,0.8001649379730225,0.3653866946697235,-0.728104293346405,0.9999386072158813,0.8396679759025574,0.3862650990486145,-0.6937817335128784,0.9996874332427979,0.8268142342567444,0.38786569237709045,-0.7422260642051697,0.9998089671134949,0.7885216474533081,0.3682120144367218,-0.2618681490421295,0.9989210367202759,0.745880663394928,0.40255776047706604,-0.5990139842033386,0.9989044666290283,0.7582526803016663,0.353726327419281,0.020402446389198303,0.2212153971195221,0.7561189532279968,0.459336519241333,-0.5274304151535034,0.9704062342643738,0.783146858215332,0.32477959990501404,0.10297785699367523,0.4027647078037262,0.820243239402771,0.43139222264289856,-0.4348403513431549,0.8892248272895813,0.7845109105110168,0.3169535994529724,0.10545766353607178,0.4191974103450775,0.8475331664085388,0.4284217655658722,-0.45660609006881714,0.8676714897155762,0.7919797301292419,0.31601178646087646,0.07347724586725235,0.40960893034935,0.8431428670883179,0.4176776707172394,-0.47197580337524414,0.8609628081321716,0.7925889492034912,0.3199492394924164,0.09169097244739532,0.37887293100357056,0.8352872133255005,0.41565442085266113,-0.4344629943370819,0.80977863073349,0.6935849785804749,0.47028228640556335,0.13290981948375702,0.9994363188743591,0.648733377456665,0.4776991307735443,-0.13248848915100098,0.999528169631958,0.7833044528961182,0.567798376083374,-0.12389325350522995,0.6243545413017273,0.7274590730667114,0.5838697552680969,-0.38318511843681335,0.9709193110466003,0.7290242910385132,0.6732134819030762,0.07717112451791763,0.7357752919197083,0.6961387395858765,0.6995464563369751,-0.29012331366539,0.9897618889808655,0.7065976858139038,0.684219241142273,0.09139669686555862,0.6448955535888672,0.6717110872268677,0.713377833366394,-0.2837494909763336,0.9519953727722168,0.7642560601234436,0.7151708602905273,-0.04437907412648201,0.800937831401825,0.7208067178726196,0.7353304624557495,-0.4702984094619751,0.9850061535835266
Screen_Recording_20260919_111311_Instagram_1,61,1,0.8399090766906738,0.37405869364738464,-0.6079763770103455,0.9999936819076538,0.8401821851730347,0.3632064759731293,-0.5889370441436768,0.9999961853027344,0.8408099412918091,0.36235374212265015,-0.589040219783783,0.9999933242797852,0.8424575924873352,0.3596566915512085,-0.5891612768173218,0.9999949932098389,0.8342387080192566,0.36318254470825195,-0.625435471534729,0.9999984502792358,0.8303694128990173,0.3623824119567871,-0.6256256103515625,0.9999977350234985,0.824053943157196,0.36224010586738586,-0.6256474256515503,0.9999985694885254,0.8237403035163879,0.35450249910354614,-0.4331495463848114,0.999987006187439,0.8004459738731384,0.35776448249816895,-0.5997836589813232,0.9999980926513672,0.8322844505310059,0.3819640874862671,-0.5407336950302124,0.9999864101409912,0.8237618803977966,0.3801031708717346,-0.5896808505058289,0.9999954700469971,0.7626112103462219,0.3544631004333496,-0.21506407856941223,0.9997033476829529,0.747860848903656,0.4005880355834961,-0.5300237536430359,0.9998716115951538,0.7119221091270447,0.32004669308662415,-0.018188362941145897,0.7971233129501343,0.736015260219574,0.46280089020729065,-0.37542977929115295,0.9835571050643921,0.7083922624588013,0.2308962643146515,0.023807695135474205,0.8881155252456665,0.8134462833404541,0.4447522759437561,-0.09409373998641968,0.8944915533065796,0.7186506986618042,0.2455563098192215,0.008426837623119354,0.8807647824287415,0.8312790393829346,0.4453243911266327,-0.0909198522567749,0.8708287477493286,0.7263575196266174,0.24373312294483185,-0.007001826539635658,0.8662315607070923,0.8322479128837585,0.43535035848617554,-0.10887767374515533,0.8662552833557129,0.7062985301017761,0.21944549679756165,0.016131378710269928,0.8201136589050293,0.8221337199211121,0.43283456563949585,-0.09111128002405167,0.8218909502029419,0.6803761720657349,0.45782986283302307,0.14572963118553162,0.9998526573181152,0.6435124278068542,0.47135066986083984,-0.14559996128082275,0.9999158382415771,0.7932709455490112,0.5489256381988525,-0.037374503910541534,0.688376247882843,0.7254855632781982,0.5752056241035461,-0.3461386561393738,0.9831928014755249,0.7350280284881592,0.6352535486221313,0.21053661406040192,0.6440695524215698,0.6885781288146973,0.6922163367271423,-0.2554745674133301,0.9948087930679321,0.7107927799224854,0.6453222036361694,0.23259752988815308,0.683250367641449,0.6633909940719604,0.7078875303268433,-0.24730540812015533,0.978133499622345,0.7735477089881897,0.6780257225036621,0.15002048015594482,0.7913348078727722,0.7200760245323181,0.7282547950744629,-0.39512795209884644,0.992727518081665
Screen_Recording_20260919_111311_Instagram_1,62,1,0.8360980749130249,0.372974157333374,-0.6197992563247681,0.9999409914016724,0.8396541476249695,0.3620070219039917,-0.5904496908187866,0.9999634027481079,0.8407078981399536,0.36144956946372986,-0.5905439853668213,0.9999457597732544,0.8418806791305542,0.36055925488471985,-0.5908023118972778,0.9999516010284424,0.8314895033836365,0.3617331385612488,-0.6285166144371033,0.9999746084213257,0.8272387385368347,0.36107492446899414,-0.6286377310752869,0.9999663829803467,0.8217933773994446,0.35999149084091187,-0.6286192536354065,0.9999728202819824,0.8253232836723328,0.3557090163230896,-0.39750295877456665,0.9998835325241089,0.799328625202179,0.3559323251247406,-0.5663236975669861,0.9999498128890991,0.8298355340957642,0.38017505407333374,-0.5394037365913391,0.9997488856315613,0.8196694254875183,0.37865880131721497,-0.5888009071350098,0.9998501539230347,0.7758364677429199,0.371115505695343,-0.12996268272399902,0.9986860156059265,0.7347189784049988,0.38472795486450195,-0.4932813048362732,0.9990623593330383,0.7315360307693481,0.39742138981819153,0.13120542466640472,0.12329276651144028,0.7214441299438477,0.4654679000377655,-0.4085223078727722,0.9635739326477051,0.7740460634231567,0.37312978506088257,0.21216551959514618,0.2978522479534149,0.8060120344161987,0.4438000023365021,-0.2916518747806549,0.9169999957084656,0.7839198112487793,0.3678831160068512,0.22132828831672668,0.31410712003707886,0.8284502625465393,0.44461590051651,-0.3088383376598358,0.8927715420722961,0.7927366495132446,0.3638661205768585,0.19483023881912231,0.30659839510917664,0.8263136148452759,0.4323722720146179,-0.32458558678627014,0.8913803100585938,0.7892187833786011,0.36644667387008667,0.20277473330497742,0.29360994696617126,0.8188386559486389,0.43226104974746704,-0.29203009605407715,0.8418477773666382,0.6917284727096558,0.4624478220939636,0.12759709358215332,0.998927891254425,0.6477766036987305,0.4708741307258606,-0.12737995386123657,0.9992682337760925,0.7800323367118835,0.5450536012649536,-0.046137839555740356,0.6050589084625244,0.7116582989692688,0.5730127096176147,-0.31787198781967163,0.9377091526985168,0.7205095291137695,0.6424300074577332,0.15485255420207977,0.6328214406967163,0.6867714524269104,0.6889415979385376,-0.2527132034301758,0.9794045686721802,0.6968106031417847,0.6528575420379639,0.17053554952144623,0.6062054634094238,0.6656349897384644,0.700104832649231,-0.2495562732219696,0.9297465085983276,0.7500850558280945,0.6759445071220398,0.08269062638282776,0.7186881899833679,0.7217275500297546,0.7249016165733337,-0.39459028840065,0.9745803475379944
Screen_Recording_20260919_111311_Instagram_1,63,1,0.8365031480789185,0.3676397204399109,-0.7688043117523193,0.9999837875366211,0.8401354551315308,0.35650238394737244,-0.738264262676239,0.999992847442627,0.8424668312072754,0.35536664724349976,-0.7383615374565125,0.9999877214431763,0.844613790512085,0.35444432497024536,-0.738589346408844,0.9999890327453613,0.8310589790344238,0.35608142614364624,-0.7790898680686951,0.9999963045120239,0.8258271217346191,0.35489386320114136,-0.7792763113975525,0.9999946355819702,0.8197963833808899,0.35346561670303345,-0.7792983651161194,0.9999960660934448,0.8343674540519714,0.3493879437446594,-0.519069254398346,0.9999628067016602,0.7971518039703369,0.34845057129859924,-0.7016072869300842,0.9999943971633911,0.8331880569458008,0.37558597326278687,-0.6770421266555786,0.9999538660049438,0.821645200252533,0.37417224049568176,-0.7307453751564026,0.9999793767929077,0.7854747176170349,0.36504846811294556,-0.2133832424879074,0.9992270469665527,0.7303279042243958,0.3801523745059967,-0.5866975784301758,0.9992639422416687,0.7539492845535278,0.36046093702316284,0.07057089358568192,0.25837981700897217,0.7368725538253784,0.4425792992115021,-0.40454941987991333,0.9707069993019104,0.7673683166503906,0.34957924485206604,0.14237543940544128,0.38484838604927063,0.804354190826416,0.4359966516494751,-0.1656346619129181,0.8766478300094604,0.767857015132904,0.34945744276046753,0.14565344154834747,0.4016939401626587,0.8210196495056152,0.44153234362602234,-0.16746419668197632,0.8552457094192505,0.7719398736953735,0.3450295329093933,0.10862184315919876,0.3912465274333954,0.824601948261261,0.43179985880851746,-0.18505561351776123,0.8487090468406677,0.7730377912521362,0.3461074233055115,0.12814736366271973,0.37844550609588623,0.8145284652709961,0.4267430603504181,-0.16162267327308655,0.7882087826728821,0.704616367816925,0.4546290934085846,0.13567739725112915,0.9996236562728882,0.6387608051300049,0.4618344008922577,-0.1353512406349182,0.9997158646583557,0.7936480641365051,0.54168301820755,-0.08034326881170273,0.8063934445381165,0.6947518587112427,0.5661535263061523,-0.39556923508644104,0.9871893525123596,0.7213975191116333,0.6286377906799316,0.15949895977973938,0.8541752099990845,0.6938657760620117,0.6867051124572754,-0.3203543424606323,0.9978300929069519,0.7003294229507446,0.6382681727409363,0.17908740043640137,0.8245428800582886,0.6747069954872131,0.6961275339126587,-0.3172808289527893,0.9864193797111511,0.7501080632209778,0.6705774664878845,0.06684192270040512,0.8984245657920837,0.7357558608055115,0.7159631848335266,-0.5155976414680481,0.9960430860519409
Screen_Recording_20260919_111311_Instagram_1,64,1,0.8377453684806824,0.36114102602005005,-0.7526752948760986,0.9999971389770508,0.8424035906791687,0.34923967719078064,-0.7230451703071594,0.9999990463256836,0.8440411686897278,0.3487124443054199,-0.7230969071388245,0.9999983310699463,0.8456172943115234,0.34790727496147156,-0.7233250737190247,0.9999983310699463,0.8331857323646545,0.34941565990448,-0.7632730007171631,0.9999996423721313,0.8278668522834778,0.3485530614852905,-0.7634860277175903,0.9999995231628418,0.8219646215438843,0.3474627435207367,-0.7634685635566711,0.9999996423721313,0.8341324925422668,0.34364205598831177,-0.5154491662979126,0.9999963045120239,0.7994552850723267,0.34320855140686035,-0.6946874856948853,0.9999995231628418,0.8339501619338989,0.36865949630737305,-0.6660013198852539,0.9999899864196777,0.8233233094215393,0.3674003779888153,-0.7188848853111267,0.9999959468841553,0.7828767895698547,0.35447514057159424,-0.21701274812221527,0.9993768334388733,0.737371563911438,0.38666224479675293,-0.5955803394317627,0.9997569918632507,0.7357838153839111,0.34225034713745117,0.14807160198688507,0.10786762088537216,0.7247877717018127,0.43934932351112366,-0.5064471364021301,0.9893020987510681,0.7502043843269348,0.33360570669174194,0.38892677426338196,0.1518835723400116,0.8032271862030029,0.4367500841617584,-0.3468770682811737,0.9492295980453491,0.7481979727745056,0.3324233293533325,0.4238871932029724,0.16721439361572266,0.8234947919845581,0.44323861598968506,-0.35476061701774597,0.9298974871635437,0.7542334198951721,0.3303492069244385,0.3898642361164093,0.16160047054290771,0.8267922401428223,0.4306502342224121,-0.3596501648426056,0.9252918362617493,0.7561795711517334,0.33205661177635193,0.38167694211006165,0.1655467450618744,0.8217774629592896,0.42956429719924927,-0.3402116298675537,0.880264937877655,0.6969433426856995,0.4479409456253052,0.12638017535209656,0.9997699856758118,0.6346014738082886,0.45287394523620605,-0.1260405033826828,0.9998407363891602,0.7918670177459717,0.5365501642227173,-0.12543614208698273,0.882440447807312,0.6859432458877563,0.5638962388038635,-0.36426636576652527,0.9844573140144348,0.7241334915161133,0.6258832812309265,0.10294855386018753,0.8464195132255554,0.6782901287078857,0.6780133247375488,-0.28182265162467957,0.9969351291656494,0.7061855792999268,0.6357651948928833,0.12243060022592545,0.811221182346344,0.6642366051673889,0.691095232963562,-0.2771334648132324,0.9801807999610901,0.7522663474082947,0.6664865612983704,0.018470779061317444,0.9127086997032166,0.7165005207061768,0.716474175453186,-0.45836585760116577,0.995604395866394
Screen_Recording_20260919_111311_Instagram_1,65,1,0.8380890488624573,0.36241456866264343,-0.704360842704773,0.9999973773956299,0.8417034149169922,0.3511062562465668,-0.6763343214988708,0.9999991655349731,0.8434257507324219,0.35016918182373047,-0.6763763427734375,0.9999983310699463,0.8445912599563599,0.34943506121635437,-0.6765949726104736,0.9999984502792358,0.8339243531227112,0.3509555459022522,-0.7156791090965271,0.9999996423721313,0.8290412425994873,0.35002100467681885,-0.7158703804016113,0.9999995231628418,0.823349118232727,0.34909453988075256,-0.7158447504043579,0.9999996423721313,0.8322224617004395,0.3452399969100952,-0.4792308211326599,0.9999966621398926,0.8007457256317139,0.34423184394836426,-0.6543945074081421,0.9999995231628418,0.833608865737915,0.36934179067611694,-0.6218966841697693,0.9999902248382568,0.8240023851394653,0.3681076467037201,-0.6735939979553223,0.9999961853027344,0.7815017104148865,0.35237938165664673,-0.19710266590118408,0.9993627667427063,0.7397072315216064,0.3875133693218231,-0.5597618222236633,0.9997522234916687,0.7315858602523804,0.3345469534397125,0.16789354383945465,0.14175118505954742,0.7249255180358887,0.43978938460350037,-0.4938439726829529,0.9886934161186218,0.7521305680274963,0.324228435754776,0.4268261790275574,0.23559875786304474,0.8028843998908997,0.4373527765274048,-0.3661116659641266,0.9488604068756104,0.7529637813568115,0.3214726448059082,0.4641711711883545,0.2432273030281067,0.8237024545669556,0.44356274604797363,-0.3763422966003418,0.9272080659866333,0.7592607736587524,0.32069462537765503,0.432894229888916,0.23559629917144775,0.8267191648483276,0.43128547072410583,-0.38005030155181885,0.9222407937049866,0.7601528167724609,0.3230307400226593,0.4210306704044342,0.23229548335075378,0.8214471340179443,0.4301165044307709,-0.36007940769195557,0.8721998333930969,0.6904950737953186,0.4442727863788605,0.12300338596105576,0.9997701048851013,0.6352319121360779,0.4522010087966919,-0.1227598488330841,0.9998408555984497,0.7892111539840698,0.5343795418739319,-0.12638403475284576,0.8811472058296204,0.6864135265350342,0.5631512403488159,-0.3449785113334656,0.9840811491012573,0.7241824269294739,0.625487744808197,0.08477366715669632,0.8541551232337952,0.6778725385665894,0.6773449182510376,-0.2604687213897705,0.9956934452056885,0.7059416174888611,0.6356270909309387,0.10284881293773651,0.8135444521903992,0.6641132831573486,0.6905871033668518,-0.2551926076412201,0.9759712815284729,0.7492616176605225,0.6642005443572998,0.004158464726060629,0.9150336980819702,0.7166608572006226,0.7157501578330994,-0.4241828918457031,0.9942090511322021
Screen_Recording_20260919_111311_Instagram_1,66,1,0.8395615816116333,0.3583877682685852,-0.602936327457428,0.9999595880508423,0.8415243625640869,0.34767845273017883,-0.5818727016448975,0.9999821186065674,0.8426777720451355,0.3469254970550537,-0.5819795727729797,0.9999737739562988,0.8437672853469849,0.34599289298057556,-0.5822095274925232,0.9999775886535645,0.8342479467391968,0.3477339446544647,-0.6194359660148621,0.9999884366989136,0.8294798135757446,0.3471313714981079,-0.6195753812789917,0.999983549118042,0.824455201625824,0.3461350202560425,-0.6195807456970215,0.9999874830245972,0.8307121396064758,0.34049367904663086,-0.4185408055782318,0.9999490976333618,0.8028441667556763,0.3405435085296631,-0.58543461561203,0.9999759197235107,0.833954930305481,0.365477979183197,-0.5325782895088196,0.9999363422393799,0.8254976272583008,0.36471986770629883,-0.581709623336792,0.9999650716781616,0.7828490138053894,0.35484054684638977,-0.1764867752790451,0.999452531337738,0.7308775782585144,0.38366493582725525,-0.4968680143356323,0.9995927214622498,0.727258026599884,0.36458709836006165,0.14211124181747437,0.10401111841201782,0.7065513134002686,0.4477320909500122,-0.36742493510246277,0.9809747934341431,0.7518919110298157,0.3551410436630249,0.30429744720458984,0.2904525101184845,0.7952428460121155,0.4369926154613495,-0.18513646721839905,0.9386920928955078,0.7551099061965942,0.3539734482765198,0.32313933968544006,0.33457159996032715,0.8214688301086426,0.43896621465682983,-0.189280703663826,0.9138652682304382,0.7624161243438721,0.34997162222862244,0.2928401827812195,0.3222641348838806,0.8199198842048645,0.42810365557670593,-0.20555129647254944,0.9074705839157104,0.7617052793502808,0.3514992892742157,0.29710808396339417,0.3013998568058014,0.8092148303985596,0.4247566759586334,-0.1833128184080124,0.8599096536636353,0.6942398548126221,0.4433988332748413,0.11687643080949783,0.999562680721283,0.6322221159934998,0.4519110321998596,-0.1165834590792656,0.9997572302818298,0.7937380075454712,0.5281093120574951,-0.08304814994335175,0.8118215203285217,0.6754711866378784,0.5604252219200134,-0.32873842120170593,0.9823940992355347,0.7224553823471069,0.6234445571899414,0.12394914776086807,0.8466077446937561,0.6743351817131042,0.6754268407821655,-0.27815526723861694,0.9950852990150452,0.7031474113464355,0.6322230100631714,0.14086954295635223,0.788904070854187,0.6568888425827026,0.6894776225090027,-0.2766461670398712,0.9776328206062317,0.7511466145515442,0.6626534461975098,0.04320604354143143,0.882857084274292,0.715962290763855,0.716678261756897,-0.4371173083782196,0.9924212098121643
Screen_Recording_20260919_111311_Instagram_1,67,1,0.8393684029579163,0.3572213351726532,-0.6225530505180359,0.9999853372573853,0.8418017029762268,0.3465465009212494,-0.5988922119140625,0.9999936819076538,0.843409538269043,0.3458332419395447,-0.5989925265312195,0.9999905824661255,0.8454610109329224,0.34439510107040405,-0.599226176738739,0.9999912977218628,0.8333726525306702,0.3465811610221863,-0.634244978427887,0.9999959468841553,0.8281999230384827,0.3459993302822113,-0.6343879699707031,0.9999940395355225,0.8225653171539307,0.34506332874298096,-0.6343625783920288,0.999995231628418,0.8333998322486877,0.3402489125728607,-0.4215324819087982,0.9999814033508301,0.8002769947052002,0.34020817279815674,-0.5782357454299927,0.9999914169311523,0.8348737955093384,0.3647386431694031,-0.5466006398200989,0.9999674558639526,0.82485032081604,0.36392658948898315,-0.5927658081054688,0.9999805688858032,0.7863047122955322,0.3547932505607605,-0.16370798647403717,0.999690055847168,0.7342256307601929,0.38170862197875977,-0.4842836558818817,0.9997192025184631,0.7297965884208679,0.3672935962677002,0.14598187804222107,0.1370769441127777,0.7123470306396484,0.4441075623035431,-0.36740174889564514,0.981519341468811,0.7500485181808472,0.3552672266960144,0.29565808176994324,0.3393772542476654,0.7948870658874512,0.4361761808395386,-0.20756708085536957,0.9282816052436829,0.7518376111984253,0.35370782017707825,0.31428489089012146,0.36966341733932495,0.8211521506309509,0.438301146030426,-0.21285001933574677,0.898553192615509,0.7599421143531799,0.34907975792884827,0.28625157475471497,0.3551807105541229,0.8206630945205688,0.4251802861690521,-0.22784267365932465,0.8897549510002136,0.7594989538192749,0.3507901430130005,0.289399653673172,0.32599228620529175,0.8107249736785889,0.42122572660446167,-0.20564091205596924,0.8389162421226501,0.6944790482521057,0.4440583288669586,0.1189597025513649,0.9996579885482788,0.6331164836883545,0.4527696669101715,-0.11869796365499496,0.9998002648353577,0.7938684821128845,0.5281677842140198,-0.08802220970392227,0.81987065076828,0.6761472225189209,0.5609465837478638,-0.34114131331443787,0.9857156872749329,0.7200809121131897,0.6274996995925903,0.09175171703100204,0.8575616478919983,0.6732338666915894,0.6777482628822327,-0.30997520685195923,0.996051013469696,0.7011102437973022,0.6364251971244812,0.10591404885053635,0.8084378242492676,0.654845118522644,0.6933369636535645,-0.3102693557739258,0.9813263416290283,0.7510986924171448,0.6677665710449219,0.004515843465924263,0.8948399424552917,0.7158001065254211,0.7159203886985779,-0.47303199768066406,0.9937888979911804
Screen_Recording_20260919_111311_Instagram_1,68,1,0.8313827514648438,0.3535730242729187,-0.8148437142372131,0.9994584918022156,0.8364689350128174,0.3424215614795685,-0.788772463798523,0.9997572302818298,0.839214563369751,0.3417345881462097,-0.7889748215675354,0.9997460246086121,0.8421767950057983,0.3406214714050293,-0.7893192172050476,0.9997828602790833,0.8246123790740967,0.34200549125671387,-0.826533317565918,0.9997004270553589,0.8178847432136536,0.3408614993095398,-0.8267112970352173,0.999605119228363,0.810267448425293,0.33960795402526855,-0.826720654964447,0.9995726943016052,0.8367800712585449,0.3381609320640564,-0.5813853740692139,0.9995757937431335,0.7880432605743408,0.33602282404899597,-0.7500275373458862,0.999494194984436,0.8316644430160522,0.3611174523830414,-0.726809561252594,0.9994857311248779,0.8171781301498413,0.3606569766998291,-0.7766785025596619,0.9993599057197571,0.8088432550430298,0.36338406801223755,-0.2822756767272949,0.9995871186256409,0.7093682289123535,0.3749648332595825,-0.6065914034843445,0.994224488735199,0.7826554775238037,0.423439085483551,-0.028618572279810905,0.363186776638031,0.7056624889373779,0.4486234784126282,-0.42291951179504395,0.8469200134277344,0.7976266145706177,0.4270208477973938,-0.005130058620125055,0.643259584903717,0.790851354598999,0.4315747618675232,-0.1996949464082718,0.7400792837142944,0.8048588037490845,0.42823368310928345,0.006049307528883219,0.6194350123405457,0.8141189813613892,0.43118590116500854,-0.19617104530334473,0.714694619178772,0.8060672283172607,0.4255015552043915,-0.029609348624944687,0.6132319569587708,0.8143761157989502,0.41695070266723633,-0.21175093948841095,0.6960562467575073,0.8023363947868347,0.4242739677429199,-0.015447762794792652,0.5746933221817017,0.8025766015052795,0.413276731967926,-0.19604630768299103,0.6218355894088745,0.7073142528533936,0.4377899765968323,0.12006783485412598,0.9991464614868164,0.6276026964187622,0.4444952607154846,-0.11938701570034027,0.9988892674446106,0.7956433296203613,0.5317375063896179,-0.07947240769863129,0.8832377791404724,0.665198028087616,0.5491760969161987,-0.38403332233428955,0.9881040453910828,0.7309083342552185,0.6334813237190247,0.1381731480360031,0.9119908809661865,0.6695547103881836,0.6684932708740234,-0.29324424266815186,0.9967812299728394,0.7086905241012573,0.6431565284729004,0.15390434861183167,0.8698104023933411,0.6548786759376526,0.6824976801872253,-0.29099011421203613,0.9801991581916809,0.7607038021087646,0.6803601980209351,0.016026277095079422,0.909960150718689,0.7088029384613037,0.7121254205703735,-0.4977521598339081,0.992770254611969
Screen_Recording_20260919_111311_Instagram_1,69,1,0.8325719237327576,0.349038302898407,-0.7652753591537476,0.9994869232177734,0.8361358046531677,0.3375886380672455,-0.7347866296768188,0.9997095465660095,0.8382372260093689,0.3369690775871277,-0.7349528670310974,0.9996473789215088,0.8403669595718384,0.33625173568725586,-0.7352966666221619,0.9997139573097229,0.8264223337173462,0.3367723226547241,-0.7735114097595215,0.9997473359107971,0.8207978010177612,0.3354302644729614,-0.7736957669258118,0.9996840953826904,0.8140934705734253,0.33383727073669434,-0.7737293243408203,0.9997369647026062,0.832170307636261,0.33342868089675903,-0.5211629271507263,0.9992097616195679,0.791630744934082,0.3301251530647278,-0.6923784613609314,0.999688982963562,0.8309486508369446,0.3565073609352112,-0.6765212416648865,0.9990504384040833,0.8185327649116516,0.35571569204330444,-0.7270039916038513,0.9992042183876038,0.810139536857605,0.3578070402145386,-0.2213134765625,0.9986282587051392,0.7097213864326477,0.3671919107437134,-0.5705385804176331,0.9959138035774231,0.8056795001029968,0.41005635261535645,0.040958479046821594,0.2714570462703705,0.7026878595352173,0.4434994161128998,-0.41075417399406433,0.9385655522346497,0.8132959604263306,0.39374926686286926,0.1150447353720665,0.43051496148109436,0.7895247936248779,0.42695918679237366,-0.1889161616563797,0.8790394067764282,0.8159981966018677,0.3912176489830017,0.13199420273303986,0.3807898163795471,0.812510073184967,0.4249265491962433,-0.18661163747310638,0.8316124677658081,0.816588819026947,0.38680553436279297,0.11075744032859802,0.3621302545070648,0.8132822513580322,0.4123832881450653,-0.2010210156440735,0.8145935535430908,0.8126490116119385,0.38773679733276367,0.1105082631111145,0.3374617397785187,0.8023200035095215,0.4089876115322113,-0.18428409099578857,0.7486204504966736,0.7127211689949036,0.438462495803833,0.11128222942352295,0.9987515211105347,0.628359317779541,0.44365227222442627,-0.11071339249610901,0.9986467957496643,0.7934073209762573,0.528298556804657,-0.13117820024490356,0.9167110919952393,0.6544697284698486,0.551687479019165,-0.376986026763916,0.9853090643882751,0.7355145215988159,0.6404397487640381,0.03653905540704727,0.9245250821113586,0.6599485278129578,0.6719149351119995,-0.2914198935031891,0.9957838654518127,0.7149769067764282,0.6527537703514099,0.04722341150045395,0.8705950379371643,0.6471461653709412,0.6868624091148376,-0.28884410858154297,0.9746983647346497,0.7669070959091187,0.6899007558822632,-0.09550973773002625,0.92947918176651,0.6964917182922363,0.7167583107948303,-0.4883400797843933,0.9916744828224182
Screen_Recording_20260919_111311_Instagram_1,70,1,0.8330798149108887,0.34982624650001526,-0.8218021392822266,0.9996155500411987,0.8360707759857178,0.33801132440567017,-0.7903291583061218,0.9997897744178772,0.8380021452903748,0.33730196952819824,-0.7905107140541077,0.9997292160987854,0.8403501510620117,0.3360545039176941,-0.7908684015274048,0.9997720122337341,0.8268898725509644,0.3374411165714264,-0.8314464688301086,0.9998382329940796,0.8214818835258484,0.33613088726997375,-0.8316261768341064,0.9997929930686951,0.8150025010108948,0.33451658487319946,-0.8316608667373657,0.9998136162757874,0.8317760229110718,0.33295172452926636,-0.5662769675254822,0.9995569586753845,0.7929419279098511,0.330143541097641,-0.7489137053489685,0.9997807145118713,0.8312398195266724,0.35696953535079956,-0.728606104850769,0.9994101524353027,0.8192859888076782,0.3562524616718292,-0.7825096845626831,0.9995166063308716,0.8104342818260193,0.3581538796424866,-0.26109427213668823,0.9989798665046692,0.707334041595459,0.36699724197387695,-0.6238704323768616,0.9965755343437195,0.796470046043396,0.4095883071422577,0.013150888495147228,0.30308645963668823,0.7013199329376221,0.4438449442386627,-0.5779356360435486,0.9455771446228027,0.8140386343002319,0.39804646372795105,0.09994485229253769,0.5736382603645325,0.7902185916900635,0.4283641278743744,-0.5213587284088135,0.9295268654823303,0.8179876804351807,0.39658159017562866,0.11848761141300201,0.5346407294273376,0.8148698806762695,0.4256691336631775,-0.5467381477355957,0.9080573916435242,0.8217930197715759,0.39241141080856323,0.09005572646856308,0.5168082118034363,0.8141551613807678,0.4132670760154724,-0.5535247325897217,0.8967156410217285,0.8176218271255493,0.39296454191207886,0.09362898021936417,0.4886915683746338,0.8079978823661804,0.4130202531814575,-0.5187475681304932,0.8401215076446533,0.7128802537918091,0.43778395652770996,0.11548880487680435,0.9988736510276794,0.6281567215919495,0.4422697126865387,-0.11494898051023483,0.998691976070404,0.7950732707977295,0.5286912322044373,-0.12253164499998093,0.9325149655342102,0.654991090297699,0.552458643913269,-0.38598084449768066,0.9850431680679321,0.7360615134239197,0.6394206285476685,0.07502539455890656,0.9312782287597656,0.6589116454124451,0.6717228889465332,-0.2832757234573364,0.9962854385375977,0.7136817574501038,0.6532936096191406,0.0876629427075386,0.8748761415481567,0.6466599106788635,0.6867059469223022,-0.2796294689178467,0.9747514724731445,0.7647525072097778,0.6904001235961914,-0.0587901771068573,0.9305096864700317,0.6940845251083374,0.7153390049934387,-0.4880673587322235,0.9921133518218994
Screen_Recording_20260919_111311_Instagram_1,71,1,0.8287702798843384,0.33945661783218384,-0.7673171162605286,0.9980699419975281,0.8330636024475098,0.3280457854270935,-0.7406080365180969,0.9987560510635376,0.8362849950790405,0.32718151807785034,-0.7407914996147156,0.9986075758934021,0.8393925428390503,0.3262459933757782,-0.7410528063774109,0.9987232089042664,0.8202061057090759,0.3276602625846863,-0.7748656272888184,0.998775064945221,0.8135495781898499,0.3265204429626465,-0.7750425934791565,0.9983288645744324,0.8065671920776367,0.32543259859085083,-0.7751266360282898,0.9984006285667419,0.8345533609390259,0.3245888352394104,-0.5307872891426086,0.9980008006095886,0.7881909608840942,0.3234071731567383,-0.6792389750480652,0.9981669187545776,0.8302711248397827,0.34771519899368286,-0.6795757412910461,0.9980204105377197,0.815209150314331,0.34745150804519653,-0.7232112884521484,0.9978518486022949,0.8197543025016785,0.3563714027404785,-0.2628576457500458,0.9989473223686218,0.7131084203720093,0.3587014675140381,-0.5611585974693298,0.9955678582191467,0.8041340708732605,0.4134947955608368,-0.18414950370788574,0.23244358599185944,0.6951780319213867,0.44045984745025635,-0.5181557536125183,0.9338849186897278,0.8083286881446838,0.420534610748291,-0.3617890775203705,0.3730723559856415,0.7909265160560608,0.4243905544281006,-0.47570255398750305,0.8810524344444275,0.810297429561615,0.42625051736831665,-0.39205455780029297,0.37955722212791443,0.8123699426651001,0.4191541373729706,-0.5019127726554871,0.8459058403968811,0.813617467880249,0.4199729561805725,-0.4192980229854584,0.37143978476524353,0.8142192363739014,0.4105899930000305,-0.5109341740608215,0.8265689015388489,0.8093990087509155,0.41763803362846375,-0.3762049078941345,0.35122689604759216,0.8027852773666382,0.4078577756881714,-0.4739041030406952,0.7401263117790222,0.7211822867393494,0.4423350691795349,0.09314427524805069,0.9987610578536987,0.6365562677383423,0.44604259729385376,-0.09271194785833359,0.9975213408470154,0.7923578023910522,0.5273895859718323,-0.256396621465683,0.9239180088043213,0.6475152373313904,0.560134768486023,-0.2448641061782837,0.9583845734596252,0.7458321452140808,0.6398736238479614,-0.12220865488052368,0.8958006501197815,0.6557575464248657,0.6647961139678955,-0.0874815434217453,0.9772880673408508,0.7193289399147034,0.6592050194740295,-0.1164921373128891,0.8473162651062012,0.6520371437072754,0.6781469583511353,-0.08076450228691101,0.8945237994194031,0.7722290754318237,0.6933603286743164,-0.28990867733955383,0.9154145121574402,0.6926707029342651,0.7107660174369812,-0.28340455889701843,0.9554911255836487
Screen_Recording_20260919_111311_Instagram_1,72,1,0.8278795480728149,0.3394976854324341,-0.787412703037262,0.9969038367271423,0.8330390453338623,0.32805943489074707,-0.7608416080474854,0.9979495406150818,0.8364586234092712,0.32723504304885864,-0.7610306143760681,0.9977455735206604,0.8397694826126099,0.3263809084892273,-0.7613039016723633,0.9979331493377686,0.8195627331733704,0.32776767015457153,-0.7948286533355713,0.9980121850967407,0.8127197027206421,0.3266463875770569,-0.7950096726417542,0.9973238706588745,0.8055666089057922,0.32561975717544556,-0.7950847148895264,0.997344434261322,0.8353957533836365,0.324834942817688,-0.551135241985321,0.9969383478164673,0.7872928380966187,0.3235947787761688,-0.6987758874893188,0.996629536151886,0.8295552730560303,0.34768515825271606,-0.6995092034339905,0.9967036843299866,0.8139755129814148,0.3476860821247101,-0.7429226040840149,0.9961490631103516,0.82037353515625,0.356793612241745,-0.2801152467727661,0.9988059997558594,0.7113288044929504,0.35905149579048157,-0.5718895196914673,0.9929828643798828,0.8036061525344849,0.4137392044067383,-0.15354500710964203,0.2300487458705902,0.6937592625617981,0.4409021735191345,-0.5228659510612488,0.9185712933540344,0.8004702925682068,0.4279884696006775,-0.2733488082885742,0.34474584460258484,0.7911151051521301,0.42445626854896545,-0.4797222316265106,0.8538016676902771,0.8003831505775452,0.43580299615859985,-0.2941463589668274,0.34535181522369385,0.8123748302459717,0.41952481865882874,-0.5052100419998169,0.8149726390838623,0.803439736366272,0.4298703968524933,-0.32681354880332947,0.340043842792511,0.8102279305458069,0.40540584921836853,-0.5143184661865234,0.7927732467651367,0.8001985549926758,0.4268611669540405,-0.28781643509864807,0.3253278434276581,0.8026898503303528,0.40859317779541016,-0.4780017137527466,0.6998131275177002,0.7215505242347717,0.44160085916519165,0.09195873886346817,0.9985095858573914,0.6360730528831482,0.446135550737381,-0.09148308634757996,0.9969306588172913,0.7921070456504822,0.5271213054656982,-0.2575557231903076,0.9094306230545044,0.648729681968689,0.5575178265571594,-0.2495601326227188,0.9516445994377136,0.745803713798523,0.6386592388153076,-0.1237826868891716,0.8853568434715271,0.6552323698997498,0.665351152420044,-0.0900069996714592,0.9765411019325256,0.7202122807502747,0.6582406759262085,-0.11829113215208054,0.8357354998588562,0.6508144736289978,0.6791596412658691,-0.08328143507242203,0.8918548822402954,0.7728190422058105,0.6931166648864746,-0.2927706837654114,0.9061508178710938,0.6934814453125,0.7104825377464294,-0.28728187084198,0.9517697095870972
Screen_Recording_20260919_111311_Instagram_1,73,1,0.8268539309501648,0.33413025736808777,-0.742313027381897,0.9994888305664062,0.8330581188201904,0.3230295777320862,-0.7172954082489014,0.9997177720069885,0.8362259268760681,0.3226192593574524,-0.7174679040908813,0.9996809959411621,0.8394945859909058,0.32201439142227173,-0.7176939249038696,0.9997009038925171,0.8194313049316406,0.3221282362937927,-0.7510037422180176,0.9996777772903442,0.8125749230384827,0.3210323452949524,-0.7511911392211914,0.9995506405830383,0.805722713470459,0.31985926628112793,-0.7512556314468384,0.9995792508125305,0.8348473906517029,0.3205934166908264,-0.5136227011680603,0.9994219541549683,0.787443220615387,0.31866738200187683,-0.6589483022689819,0.9996331930160522,0.8272757530212402,0.34344708919525146,-0.6567909121513367,0.9996354579925537,0.8128423094749451,0.34203648567199707,-0.6995289921760559,0.9995989203453064,0.8190029859542847,0.355234295129776,-0.2383355051279068,0.9995763897895813,0.7157639861106873,0.3537660241127014,-0.5445237755775452,0.9988215565681458,0.8010658025741577,0.4140433073043823,-0.19518068432807922,0.23702430725097656,0.699247419834137,0.43867653608322144,-0.40824100375175476,0.9580987691879272,0.8131264448165894,0.4072500765323639,-0.415046364068985,0.38886088132858276,0.7874329686164856,0.42039602994918823,-0.21062813699245453,0.9121683835983276,0.817466676235199,0.40892404317855835,-0.44727423787117004,0.39983469247817993,0.8157328367233276,0.41475510597229004,-0.21131116151809692,0.8675566911697388,0.8196810483932495,0.40246880054473877,-0.463024765253067,0.37863340973854065,0.8087562322616577,0.39973220229148865,-0.22425489127635956,0.8474226593971252,0.8136046528816223,0.40085309743881226,-0.4260596036911011,0.344541072845459,0.8037834167480469,0.4006522595882416,-0.20548641681671143,0.7838360667228699,0.7097231149673462,0.4410279393196106,0.09710538387298584,0.9994522929191589,0.6278391480445862,0.44029900431632996,-0.09660118818283081,0.9990231990814209,0.7904501557350159,0.5280357599258423,-0.24042251706123352,0.9461754560470581,0.643879234790802,0.5502368807792664,-0.26187512278556824,0.980834424495697,0.748866617679596,0.6449704766273499,-0.13283778727054596,0.9394340515136719,0.6501887440681458,0.6631118059158325,-0.10207497328519821,0.9907186627388,0.7249788045883179,0.6616954803466797,-0.12936653196811676,0.8935620784759521,0.6415080428123474,0.6764874458312988,-0.09379459172487259,0.9532132148742676,0.7827898263931274,0.6957187056541443,-0.3074648976325989,0.9512385129928589,0.6857576370239258,0.7085183262825012,-0.2923072576522827,0.9830383062362671
Screen_Recording_20260919_111311_Instagram_1,74,1,0.8221099376678467,0.3301103711128235,-0.7822132706642151,0.9997649788856506,0.8284223675727844,0.31843459606170654,-0.7598423957824707,0.999863862991333,0.8324489593505859,0.3177078366279602,-0.760051429271698,0.999860405921936,0.8363525867462158,0.31702476739883423,-0.7602880001068115,0.9998642206192017,0.8128672242164612,0.31844907999038696,-0.7891659736633301,0.9998086094856262,0.8057600855827332,0.3178810775279999,-0.7893676161766052,0.9997480511665344,0.798727810382843,0.31748753786087036,-0.7894278168678284,0.9997612833976746,0.8338767290115356,0.31678152084350586,-0.5542060136795044,0.9997549653053284,0.781120777130127,0.3173839747905731,-0.6784810423851013,0.9998469352722168,0.8242141604423523,0.3394407033920288,-0.6949594616889954,0.9998419284820557,0.8077969551086426,0.33980417251586914,-0.7316187024116516,0.9998291730880737,0.8205280900001526,0.3504023551940918,-0.2871231436729431,0.9998936653137207,0.7137619256973267,0.35409265756607056,-0.5466317534446716,0.9995133876800537,0.8022146224975586,0.41316792368888855,-0.3686738610267639,0.35630497336387634,0.6948411464691162,0.4425956606864929,-0.429690957069397,0.9226663112640381,0.8108036518096924,0.4065026342868805,-0.7351009249687195,0.5402443408966064,0.7837198972702026,0.4165285527706146,-0.28107595443725586,0.8808128833770752,0.827053427696228,0.40395134687423706,-0.7949755787849426,0.575629472732544,0.8065241575241089,0.4113287925720215,-0.29119953513145447,0.8467612266540527,0.8219425082206726,0.39593467116355896,-0.8072025775909424,0.5535484552383423,0.8028737306594849,0.3965921401977539,-0.305835485458374,0.8294650912284851,0.8180012106895447,0.3949127197265625,-0.7487035393714905,0.5088313817977905,0.7970572710037231,0.39711707830429077,-0.2780357003211975,0.768711507320404,0.7130714058876038,0.4377274811267853,0.09047012031078339,0.9997593760490417,0.62968510389328,0.4402978718280792,-0.089952252805233,0.9994885921478271,0.7821565270423889,0.5310221910476685,-0.19087255001068115,0.9203960299491882,0.6420817971229553,0.5429540872573853,-0.270234078168869,0.9883657693862915,0.7525956034660339,0.6544255018234253,-0.08244013041257858,0.9403854608535767,0.6411365270614624,0.650119960308075,-0.09555808454751968,0.9911187291145325,0.7326799035072327,0.6708882451057434,-0.07964429259300232,0.8458494544029236,0.6310387849807739,0.6627740263938904,-0.08422991633415222,0.9357665181159973,0.7855929136276245,0.7045606374740601,-0.2553950846195221,0.9397537112236023,0.6707158088684082,0.6925275325775146,-0.2703344523906708,0.9838993549346924
Screen_Recording_20260919_111311_Instagram_1,75,1,0.8226983547210693,0.3296372890472412,-0.7493171691894531,0.9998119473457336,0.8289763927459717,0.3179120719432831,-0.7258099317550659,0.9998940229415894,0.8329580426216125,0.31724298000335693,-0.7260194420814514,0.9998912811279297,0.8367813229560852,0.3166174590587616,-0.7262474894523621,0.9998948574066162,0.8135464191436768,0.31787312030792236,-0.7546078562736511,0.9998465776443481,0.8064053654670715,0.3173244595527649,-0.7547892332077026,0.9997939467430115,0.7992594242095947,0.31694382429122925,-0.7548359632492065,0.9998069405555725,0.8337287902832031,0.316547691822052,-0.5216590762138367,0.9998124241828918,0.7811005711555481,0.31691527366638184,-0.6442298889160156,0.9998764991760254,0.8245753645896912,0.339167058467865,-0.66343754529953,0.9998657703399658,0.808169424533844,0.3393564224243164,-0.6996153593063354,0.9998576641082764,0.8182857632637024,0.3499841094017029,-0.26810601353645325,0.999901294708252,0.7138418555259705,0.353799968957901,-0.5191062092781067,0.9995911717414856,0.7992491126060486,0.41432321071624756,-0.35937678813934326,0.3615434765815735,0.6934268474578857,0.4426592290401459,-0.4170745015144348,0.9179489612579346,0.8095232248306274,0.4055922329425812,-0.7249972224235535,0.5700095295906067,0.7839637994766235,0.41743674874305725,-0.28240516781806946,0.8830022811889648,0.8213163018226624,0.40016162395477295,-0.7835779786109924,0.6014384031295776,0.8063676357269287,0.41196203231811523,-0.29331162571907043,0.8515065312385559,0.8205785751342773,0.395694375038147,-0.793266773223877,0.5777783393859863,0.8025826215744019,0.3972843885421753,-0.30420950055122375,0.8340290784835815,0.812431812286377,0.39205530285835266,-0.7374604940414429,0.5295307040214539,0.7967607975006104,0.3978464603424072,-0.2783753275871277,0.7714362144470215,0.7127838134765625,0.4376370310783386,0.08794769644737244,0.9997395873069763,0.6291927099227905,0.44050729274749756,-0.08747392892837524,0.9995248317718506,0.7822006940841675,0.5302218198776245,-0.1858321726322174,0.921601414680481,0.6424750089645386,0.5425331592559814,-0.29634761810302734,0.9897650480270386,0.7523488998413086,0.6539281606674194,-0.08980218321084976,0.9373263716697693,0.639022171497345,0.6514865756034851,-0.14589248597621918,0.9920516014099121,0.7327197790145874,0.6705664396286011,-0.08800790458917618,0.8416818380355835,0.6309963464736938,0.6657425165176392,-0.13679170608520508,0.9405461549758911,0.7853183150291443,0.7039932608604431,-0.25921013951301575,0.9407650232315063,0.6715080142021179,0.6943331956863403,-0.32364940643310547,0.9859511852264404
Screen_Recording_20260919_111311_Instagram_1,76,1,0.8217843174934387,0.32955634593963623,-0.782042384147644,0.9997437596321106,0.8284721374511719,0.3179788589477539,-0.7593185305595398,0.9998513460159302,0.83268141746521,0.31725966930389404,-0.7595412731170654,0.9998489618301392,0.83670973777771,0.31657421588897705,-0.7597899436950684,0.9998538494110107,0.8122676014900208,0.31807011365890503,-0.7871071100234985,0.9997873902320862,0.8050478100776672,0.317582368850708,-0.7872973084449768,0.999715268611908,0.7980444431304932,0.3172801733016968,-0.7873505353927612,0.9997363686561584,0.8346987366676331,0.3163629472255707,-0.5532996654510498,0.9997543692588806,0.7807374000549316,0.317379355430603,-0.6710575819015503,0.9998323917388916,0.8242183327674866,0.3389135003089905,-0.6951014399528503,0.9998427629470825,0.8071868419647217,0.33925819396972656,-0.7299049496650696,0.9998315572738647,0.8212189078330994,0.34971722960472107,-0.29208090901374817,0.9999059438705444,0.7144101858139038,0.353483647108078,-0.5367546081542969,0.9995614886283875,0.8042268753051758,0.4128614664077759,-0.38512685894966125,0.3896126449108124,0.6945531368255615,0.4419892132282257,-0.4533042013645172,0.9182902574539185,0.8095524907112122,0.405459463596344,-0.7548688054084778,0.5575852990150452,0.7836856245994568,0.41773784160614014,-0.35708779096603394,0.8908242583274841,0.8210861682891846,0.4001189172267914,-0.8161917328834534,0.5875944495201111,0.8064281940460205,0.41193777322769165,-0.37523043155670166,0.8611886501312256,0.8207418322563171,0.3954584002494812,-0.8279551863670349,0.5630475878715515,0.8028517365455627,0.397399365901947,-0.3847513794898987,0.843063473701477,0.8126577138900757,0.392025887966156,-0.7681543231010437,0.5118775963783264,0.7969227433204651,0.39804357290267944,-0.353537380695343,0.777255654335022,0.7137460708618164,0.4372066557407379,0.0864865779876709,0.999769389629364,0.629090428352356,0.43979325890541077,-0.08598676323890686,0.9995311498641968,0.7826272249221802,0.5305601358413696,-0.20449407398700714,0.9324337840080261,0.6424480080604553,0.5436592698097229,-0.3027358949184418,0.9892816543579102,0.7527734637260437,0.6543702483177185,-0.09595814347267151,0.9443848729133606,0.6392732858657837,0.6509441137313843,-0.13419769704341888,0.9917609691619873,0.7332558631896973,0.6707006096839905,-0.09362741559743881,0.844813883304596,0.6281959414482117,0.6628850698471069,-0.12386219948530197,0.9343836903572083,0.7841880321502686,0.7045718431472778,-0.2756025195121765,0.9428735971450806,0.6716020703315735,0.6946520209312439,-0.31975704431533813,0.9848960638046265
Screen_Recording_20260919_111311_Instagram_1,77,1,0.8171095252037048,0.32313889265060425,-0.6428359746932983,0.9997879862785339,0.8245194554328918,0.31083500385284424,-0.6121760606765747,0.9998542070388794,0.8285087943077087,0.31024736166000366,-0.612365186214447,0.9998438358306885,0.8324892520904541,0.3097490966320038,-0.6125320792198181,0.9998364448547363,0.8079767227172852,0.3110787868499756,-0.6409931182861328,0.9997966885566711,0.8005324602127075,0.3106057047843933,-0.6411321759223938,0.9997454285621643,0.7936365604400635,0.31030043959617615,-0.6411836743354797,0.9997697472572327,0.8298360109329224,0.3107230067253113,-0.3937624990940094,0.9997236132621765,0.777547299861908,0.31088319420814514,-0.515173614025116,0.9998345375061035,0.819812536239624,0.3330603241920471,-0.5537242293357849,0.9997726082801819,0.8027949333190918,0.3329591751098633,-0.5892162919044495,0.9997963309288025,0.8202587962150574,0.34832170605659485,-0.14726810157299042,0.9999136924743652,0.7095451354980469,0.3481918275356293,-0.43018925189971924,0.9997777342796326,0.7927452325820923,0.4145640432834625,-0.23198896646499634,0.3413737714290619,0.6903614401817322,0.43624159693717957,-0.41025835275650024,0.9727881550788879,0.8085112571716309,0.4071957468986511,-0.6016643643379211,0.47669076919555664,0.7823615074157715,0.41533926129341125,-0.3744317889213562,0.9551204442977905,0.8220009803771973,0.40819409489631653,-0.6617703437805176,0.5014134049415588,0.816588819026947,0.40983280539512634,-0.4029509723186493,0.9270269274711609,0.8243354558944702,0.39905932545661926,-0.6774550676345825,0.48333102464675903,0.8075966835021973,0.3970620930194855,-0.410765141248703,0.9176775813102722,0.8160961866378784,0.4044574201107025,-0.6179315447807312,0.45275968313217163,0.7998751997947693,0.39690065383911133,-0.37192878127098083,0.8654990196228027,0.7082428336143494,0.4447284936904907,0.0922202318906784,0.9998445510864258,0.6290109753608704,0.44590839743614197,-0.0919986292719841,0.9995558857917786,0.7722356915473938,0.5369993448257446,-0.21083831787109375,0.8841767907142639,0.6441391110420227,0.5383934378623962,-0.2581349313259125,0.9814245700836182,0.7557103633880615,0.661359965801239,-0.18436644971370697,0.8957827687263489,0.6309964656829834,0.6452800035476685,-0.11613602936267853,0.9699746966362,0.7342426180839539,0.6801121234893799,-0.18949201703071594,0.7688218951225281,0.6136313080787659,0.6544604897499084,-0.10698600113391876,0.8426751494407654,0.797513484954834,0.7031294107437134,-0.35885393619537354,0.9160718321800232,0.6614174246788025,0.6901153326034546,-0.2711731791496277,0.9618335366249084
Screen_Recording_20260919_111311_Instagram_1,78,1,0.8162412643432617,0.3231423795223236,-0.6259714961051941,0.9997499585151672,0.8239710330963135,0.3108658790588379,-0.597604513168335,0.9998399019241333,0.8280408978462219,0.3102733790874481,-0.5977800488471985,0.9998339414596558,0.8321115374565125,0.30974316596984863,-0.5979377627372742,0.9998196959495544,0.8072367906570435,0.3110044002532959,-0.624482274055481,0.9997578263282776,0.7999253273010254,0.3104948401451111,-0.6246254444122314,0.9997161030769348,0.7932642698287964,0.310162216424942,-0.6246660351753235,0.9997374415397644,0.8301281929016113,0.31057804822921753,-0.38936489820480347,0.9997366070747375,0.7775142192840576,0.31059205532073975,-0.5016036629676819,0.9998142123222351,0.8191916346549988,0.3328624367713928,-0.540605902671814,0.9997562766075134,0.8020732402801514,0.33264243602752686,-0.5734511613845825,0.999758780002594,0.8222662210464478,0.34968245029449463,-0.15511667728424072,0.999915361404419,0.7100709080696106,0.3483055830001831,-0.42341336607933044,0.9997475743293762,0.7984451055526733,0.4153769016265869,-0.24365821480751038,0.2983873188495636,0.6961988806724548,0.43590739369392395,-0.40078964829444885,0.968329131603241,0.8032110929489136,0.4099180996417999,-0.6010197401046753,0.38843944668769836,0.7871532440185547,0.4112333059310913,-0.34195852279663086,0.9433667063713074,0.8151345252990723,0.41063788533210754,-0.6567729115486145,0.42125847935676575,0.8161759972572327,0.40884196758270264,-0.3636462092399597,0.910886287689209,0.8122854828834534,0.4122396409511566,-0.6690918207168579,0.402538925409317,0.8063919544219971,0.39593374729156494,-0.3694969713687897,0.9007853865623474,0.8047868013381958,0.41061320900917053,-0.6150335669517517,0.37438613176345825,0.7995953559875488,0.3957270681858063,-0.3379397690296173,0.8465310335159302,0.7090703248977661,0.4455718398094177,0.08746729046106339,0.999782145023346,0.6288444399833679,0.44965797662734985,-0.08728836476802826,0.9994126558303833,0.7721869945526123,0.5388449430465698,-0.19510261714458466,0.8665293455123901,0.6427294611930847,0.5445767641067505,-0.2462390959262848,0.9772258996963501,0.7555594444274902,0.661214292049408,-0.156554713845253,0.8834434151649475,0.6335809230804443,0.6467134952545166,-0.11771293729543686,0.9675091505050659,0.737413227558136,0.6798752546310425,-0.16017799079418182,0.7360519170761108,0.6133766174316406,0.6533652544021606,-0.1091463714838028,0.8409692049026489,0.7910081148147583,0.7074235677719116,-0.3206704556941986,0.897315502166748,0.6614250540733337,0.6914315819740295,-0.26696130633354187,0.958074152469635
Screen_Recording_20260919_111311_Instagram_1,79,1,0.816098690032959,0.3234476149082184,-0.6331819295883179,0.9997604489326477,0.8238820433616638,0.31096720695495605,-0.6037524938583374,0.9998376369476318,0.8279561996459961,0.3103417158126831,-0.6039324998855591,0.999826967716217,0.8319858908653259,0.3097524046897888,-0.6040950417518616,0.9998165965080261,0.8070663809776306,0.3111392855644226,-0.6311324238777161,0.9997619986534119,0.7997026443481445,0.3106549084186554,-0.631270170211792,0.9997056126594543,0.7929425239562988,0.31032872200012207,-0.6313190460205078,0.9997312426567078,0.8301925659179688,0.3103294372558594,-0.38865673542022705,0.9997116923332214,0.7769736051559448,0.3107122778892517,-0.5033628344535828,0.9998051524162292,0.8190242052078247,0.3331984281539917,-0.5451086163520813,0.9997572302818298,0.8018850088119507,0.3328923285007477,-0.5787097215652466,0.999763548374176,0.8215516209602356,0.3490085303783417,-0.14694376289844513,0.9999167919158936,0.7103060483932495,0.3474934697151184,-0.4199387729167938,0.9997586607933044,0.7956589460372925,0.41528210043907166,-0.24074794352054596,0.3287510871887207,0.6937801837921143,0.43517956137657166,-0.4034251272678375,0.9735581278800964,0.8079731464385986,0.4065447747707367,-0.6108794808387756,0.43313589692115784,0.7887412309646606,0.4115823209285736,-0.3618372976779938,0.9526116847991943,0.8203602433204651,0.40745440125465393,-0.6697785258293152,0.4557451903820038,0.8172944784164429,0.4088296592235565,-0.38742390275001526,0.9207863807678223,0.8147350549697876,0.40066972374916077,-0.6814936995506287,0.4357660412788391,0.8075119256973267,0.3954043388366699,-0.39379221200942993,0.9108182787895203,0.8098186254501343,0.40435680747032166,-0.6251277327537537,0.40239304304122925,0.8007927536964417,0.39538657665252686,-0.35846322774887085,0.8570132851600647,0.7089237570762634,0.44421640038490295,0.08762575685977936,0.9998278617858887,0.6296595931053162,0.44628313183784485,-0.08743098378181458,0.999494194984436,0.7720020413398743,0.5382285118103027,-0.22373011708259583,0.8912819027900696,0.6418119668960571,0.543418288230896,-0.2523718476295471,0.978253185749054,0.7548856735229492,0.6645514369010925,-0.19861240684986115,0.8934470415115356,0.6312721371650696,0.6450444459915161,-0.10635419189929962,0.9645192623138428,0.7366092801094055,0.682939887046814,-0.2036220133304596,0.7541948556900024,0.6146694421768188,0.6541748046875,-0.09624337404966354,0.8282279372215271,0.7921555042266846,0.7074584364891052,-0.3740307688713074,0.9117342829704285,0.6614153981208801,0.6913759708404541,-0.25649166107177734,0.9544742703437805
Screen_Recording_20260919_111311_Instagram_1,80,1,0.8167537450790405,0.32312458753585815,-0.6381577253341675,0.9998210072517395,0.8245831727981567,0.31067973375320435,-0.6099861860275269,0.9998830556869507,0.8286763429641724,0.31006669998168945,-0.6101598143577576,0.9998741149902344,0.8327459096908569,0.3095112144947052,-0.6103240251541138,0.9998644590377808,0.8075496554374695,0.3110199570655823,-0.6372400522232056,0.9998300075531006,0.8000379800796509,0.3106215000152588,-0.6373845934867859,0.9997912049293518,0.7931678891181946,0.31037911772727966,-0.6374298334121704,0.9998096823692322,0.8305966258049011,0.3104296624660492,-0.3987351357936859,0.9997898936271667,0.7770707607269287,0.31094372272491455,-0.5129646062850952,0.9998645782470703,0.8196079730987549,0.3330642879009247,-0.5511398911476135,0.9998053908348083,0.8024118542671204,0.3328385651111603,-0.5846163034439087,0.9998164772987366,0.8210828304290771,0.34864139556884766,-0.1551050841808319,0.9999133348464966,0.7101773619651794,0.3483699560165405,-0.4261936843395233,0.9997542500495911,0.7954643964767456,0.4147738218307495,-0.24282030761241913,0.3052383065223694,0.69428551197052,0.4362657368183136,-0.39576661586761475,0.969430148601532,0.807875394821167,0.406904935836792,-0.6041193008422852,0.44118282198905945,0.7838168144226074,0.4144294261932373,-0.3387187123298645,0.9498408436775208,0.8208653926849365,0.40785396099090576,-0.6604567170143127,0.4717753827571869,0.8173311948776245,0.4089634418487549,-0.35951465368270874,0.9198387861251831,0.8198010921478271,0.4051099717617035,-0.6714741587638855,0.4513162672519684,0.8074782490730286,0.3957517147064209,-0.3659774363040924,0.9103070497512817,0.8115740418434143,0.4040137231349945,-0.6176741719245911,0.4175253212451935,0.8005576729774475,0.39558976888656616,-0.3346882164478302,0.8608728647232056,0.708763599395752,0.444476842880249,0.08710703253746033,0.9997878670692444,0.627932608127594,0.44887277483940125,-0.08691249042749405,0.9994162321090698,0.7720777988433838,0.5385152101516724,-0.20909421145915985,0.8767654895782471,0.6418471336364746,0.5441994071006775,-0.2390734851360321,0.9770614504814148,0.754920482635498,0.6634273529052734,-0.18167489767074585,0.887301504611969,0.6338374614715576,0.6474027633666992,-0.1067938581109047,0.966547966003418,0.7370105981826782,0.6815532445907593,-0.18623211979866028,0.7455276250839233,0.6145586371421814,0.6540799736976624,-0.09782218933105469,0.841533362865448,0.7907692790031433,0.7071552276611328,-0.35088008642196655,0.9041541218757629,0.6610947251319885,0.6918754577636719,-0.25603997707366943,0.955544650554657
