video_id,frame_id,target_detected,landmark_0_x,landmark_0_y,landmark_0_z,landmark_0_visibility,landmark_1_x,landmark_1_y,landmark_1_z,landmark_1_visibility,landmark_2_x,landmark_2_y,landmark_2_z,landmark_2_visibility,landmark_3_x,landmark_3_y,landmark_3_z,landmark_3_visibility,landmark_4_x,landmark_4_y,landmark_4_z,landmark_4_visibility,landmark_5_x,landmark_5_y,landmark_5_z,landmark_5_visibility,landmark_6_x,landmark_6_y,landmark_6_z,landmark_6_visibility,landmark_7_x,landmark_7_y,landmark_7_z,landmark_7_visibility,landmark_8_x,landmark_8_y,landmark_8_z,landmark_8_visibility,landmark_9_x,landmark_9_y,landmark_9_z,landmark_9_visibility,landmark_10_x,landmark_10_y,landmark_10_z,landmark_10_visibility,landmark_11_x,landmark_11_y,landmark_11_z,landmark_11_visibility,landmark_12_x,landmark_12_y,landmark_12_z,landmark_12_visibility,landmark_13_x,landmark_13_y,landmark_13_z,landmark_13_visibility,landmark_14_x,landmark_14_y,landmark_14_z,landmark_14_visibility,landmark_15_x,landmark_15_y,landmark_15_z,landmark_15_visibility,landmark_16_x,landmark_16_y,landmark_16_z,landmark_16_visibility,landmark_17_x,landmark_17_y,landmark_17_z,landmark_17_visibility,landmark_18_x,landmark_18_y,landmark_18_z,landmark_18_visibility,landmark_19_x,landmark_19_y,landmark_19_z,landmark_19_visibility,landmark_20_x,landmark_20_y,landmark_20_z,landmark_20_visibility,landmark_21_x,landmark_21_y,landmark_21_z,landmark_21_visibility,landmark_22_x,landmark_22_y,landmark_22_z,landmark_22_visibility,landmark_23_x,landmark_23_y,landmark_23_z,landmark_23_visibility,landmark_24_x,landmark_24_y,landmark_24_z,landmark_24_visibility,landmark_25_x,landmark_25_y,landmark_25_z,landmark_25_visibility,landmark_26_x,landmark_26_y,landmark_26_z,landmark_26_visibility,landmark_27_x,landmark_27_y,landmark_27_z,landmark_27_visibility,landmark_28_x,landmark_28_y,landmark_28_z,landmark_28_visibility,landmark_29_x,landmark_29_y,landmark_29_z,landmark_29_visibility,landmark_30_x,landmark_30_y,landmark_30_z,landmark_30_visibility,landmark_31_x,landmark_31_y,landmark_31_z,landmark_31_visibility,landmark_32_x,landmark_32_y,landmark_32_z,landmark_32_visibility
U19_v1,1,1,0.22708314657211304,0.3196108937263489,0.008160497061908245,0.9990397095680237,0.2062160223722458,0.3087941110134125,-0.028292855247855186,0.999040424823761,0.19764219224452972,0.30855169892311096,-0.028519123792648315,0.9990673661231995,0.18951937556266785,0.3082121014595032,-0.028692729771137238,0.9987911581993103,0.2241465449333191,0.31000643968582153,-0.06976985931396484,0.998513400554657,0.22701555490493774,0.3106421232223511,-0.06984611600637436,0.9986215829849243,0.23009169101715088,0.3112562596797943,-0.06998137384653091,0.9985785484313965,0.15674616396427155,0.3181467652320862,-0.08844710141420364,0.999683141708374,0.21516025066375732,0.32084694504737854,-0.2752370834350586,0.9991670846939087,0.20792096853256226,0.33254480361938477,0.00292952754534781,0.9995899796485901,0.22628656029701233,0.33365175127983093,-0.051813263446092606,0.999321699142456,0.06803788244724274,0.38481226563453674,0.05008664354681969,0.9963221549987793,0.25658905506134033,0.3871902525424957,-0.4646933376789093,0.999778687953949,0.09186402708292007,0.3024216890335083,0.2343461811542511,0.6241298317909241,0.38838744163513184,0.30348140001296997,-0.39248159527778625,0.9721682071685791,0.12639710307121277,0.247357577085495,0.4187775254249573,0.16634318232536316,0.19991664588451385,0.2594548463821411,-0.09032753854990005,0.7692322731018066,0.08869810402393341,0.2573617398738861,0.4215967357158661,0.12281623482704163,0.1685100793838501,0.266244113445282,-0.11138878762722015,0.6705988049507141,0.09150088578462601,0.2687525749206543,0.40227264165878296,0.12731724977493286,0.12737515568733215,0.26749297976493835,-0.1379692405462265,0.6533820629119873,0.1006648987531662,0.27177950739860535,0.4075685441493988,0.1377747356891632,0.1471109688282013,0.2763158679008484,-0.0945788100361824,0.6444770693778992,0.1420036405324936,0.6213011741638184,0.2073863446712494,0.9995238780975342,0.19862152636051178,0.6537507772445679,-0.2080642729997635,0.9998514652252197,0.34054726362228394,0.5480239987373352,0.5024906992912292,0.4649260640144348,0.16351157426834106,0.8401710987091064,0.08917074650526047,0.9888240694999695,0.353841096162796,0.7108545303344727,0.817913293838501,0.5067229866981506,0.0932985246181488,0.9886244535446167,0.24196751415729523,0.9902538657188416,0.32523322105407715,0.7323101758956909,0.8450663089752197,0.6860967874526978,0.06383340060710907,0.9958795309066772,0.25497737526893616,0.9838160872459412,0.4235613942146301,0.7357024550437927,0.9276120066642761,0.5816165208816528,0.23073998093605042,1.0209059715270996,0.12400051951408386,0.9737866520881653
U19_v1,2,1,0.22132521867752075,0.31768089532852173,-0.03972255811095238,0.9983034133911133,0.20087991654872894,0.30681657791137695,-0.08100730180740356,0.9981358051300049,0.19061031937599182,0.3068205714225769,-0.0811922624707222,0.9981493949890137,0.18103045225143433,0.3067423105239868,-0.08125797659158707,0.9974473714828491,0.22413143515586853,0.30773505568504333,-0.11787784844636917,0.9972686767578125,0.2287774533033371,0.3083614408969879,-0.11790288984775543,0.9974027276039124,0.23358547687530518,0.30897194147109985,-0.11803454160690308,0.9971777200698853,0.14589008688926697,0.31932976841926575,-0.1539604365825653,0.9991874098777771,0.22310929000377655,0.32017984986305237,-0.3223416209220886,0.9983811378479004,0.1957164853811264,0.3310578763484955,-0.047900717705488205,0.9990949630737305,0.22180035710334778,0.33198118209838867,-0.097368985414505,0.9984835982322693,0.06384053826332092,0.38603007793426514,-0.00417010672390461,0.9945768117904663,0.26246535778045654,0.38727474212646484,-0.5081520676612854,0.9996002316474915,0.11788628995418549,0.3035459518432617,0.15808981657028198,0.6485334038734436,0.34977656602859497,0.2907315492630005,-0.4489539563655853,0.9481276869773865,0.1389087587594986,0.24322253465652466,0.23934327065944672,0.2219342589378357,0.1952008754014969,0.2557046115398407,-0.1583675742149353,0.6964436173439026,0.1061318889260292,0.2517257332801819,0.23218169808387756,0.16641215980052948,0.132929727435112,0.2508847713470459,-0.19391395151615143,0.5824927091598511,0.09510749578475952,0.25891467928886414,0.21055224537849426,0.17090646922588348,0.1250462830066681,0.26116040349006653,-0.21248650550842285,0.5625624060630798,0.11815373599529266,0.2606546878814697,0.2266252636909485,0.1838756501674652,0.1419948935508728,0.2631324231624603,-0.16120554506778717,0.5583517551422119,0.13046982884407043,0.6227899789810181,0.2133565992116928,0.9993670582771301,0.2091650515794754,0.6472251415252686,-0.21410231292247772,0.9998206496238708,0.32158327102661133,0.5562665462493896,0.5740160346031189,0.4566406309604645,0.17136695981025696,0.8273320198059082,0.11092157661914825,0.9842954874038696,0.3502153158187866,0.7111492156982422,0.959365963935852,0.4975988566875458,0.09377506375312805,0.9849407076835632,0.374332070350647,0.990638017654419,0.31850582361221313,0.7368019223213196,0.9934801459312439,0.659060537815094,0.0719904750585556,0.992998480796814,0.39758163690567017,0.9808030128479004,0.42529916763305664,0.7315319180488586,1.0407036542892456,0.552176296710968,0.24241983890533447,1.0099563598632812,0.2379397600889206,0.9709773063659668
U19_v1,3,1,0.21906325221061707,0.3170475363731384,-0.0037883161567151546,0.9986139535903931,0.19740931689739227,0.3060396909713745,-0.04975604638457298,0.9985498785972595,0.18712717294692993,0.3060048520565033,-0.04992695897817612,0.9985609650611877,0.1775810718536377,0.3058813810348511,-0.04999411478638649,0.9979901313781738,0.21957749128341675,0.30717480182647705,-0.08623266965150833,0.9978628754615784,0.22592075169086456,0.307817667722702,-0.08627700060606003,0.9979982972145081,0.23092491924762726,0.3084535300731659,-0.086415134370327,0.9978162050247192,0.143891841173172,0.31884893774986267,-0.14006134867668152,0.9993894100189209,0.22089576721191406,0.3195190727710724,-0.30632391571998596,0.9988431930541992,0.19353175163269043,0.33050408959388733,-0.01778758130967617,0.9993053674697876,0.22003422677516937,0.3313163220882416,-0.0665966048836708,0.9988340735435486,0.06165549159049988,0.3874823749065399,0.0035790156107395887,0.9950991272926331,0.2635056972503662,0.3865480124950409,-0.5067110657691956,0.9996905326843262,0.10480426251888275,0.30425652861595154,0.17473897337913513,0.6482136249542236,0.35359930992126465,0.2896697223186493,-0.4291023015975952,0.9578026533126831,0.1335911750793457,0.2431565523147583,0.26926448941230774,0.20053955912590027,0.19069916009902954,0.2542416453361511,-0.11405524611473083,0.7050795555114746,0.10312894731760025,0.2548847794532776,0.2628321647644043,0.15040698647499084,0.13084135949611664,0.25018322467803955,-0.14625351130962372,0.5865528583526611,0.09141981601715088,0.2591032385826111,0.2374621480703354,0.15535518527030945,0.1221194714307785,0.2605595588684082,-0.16533222794532776,0.5659412145614624,0.10321642458438873,0.26528486609458923,0.2547711133956909,0.16903625428676605,0.13796529173851013,0.26221567392349243,-0.11643914133310318,0.564155101776123,0.13081805408000946,0.6225008964538574,0.2160607874393463,0.9994010925292969,0.20893067121505737,0.6486849784851074,-0.21679002046585083,0.9998394250869751,0.32028862833976746,0.5479958057403564,0.5965625643730164,0.45380455255508423,0.1709534078836441,0.8306789398193359,0.11980000883340836,0.9867030382156372,0.34304195642471313,0.7126566767692566,0.9859596490859985,0.48684775829315186,0.0950370579957962,0.9863924980163574,0.36730995774269104,0.9912930130958557,0.3186807632446289,0.738355815410614,1.0208349227905273,0.6518926620483398,0.07276137173175812,0.995821475982666,0.3895595669746399,0.9817279577255249,0.40687277913093567,0.7324959635734558,1.0774003267288208,0.5390779376029968,0.24128936231136322,1.013999581336975,0.2314225137233734,0.9714031219482422
U19_v1,4,1,0.24735833704471588,0.32469189167022705,-0.21781204640865326,0.9939226508140564,0.22598153352737427,0.3121177852153778,-0.24785245954990387,0.9922047257423401,0.21551954746246338,0.31206631660461426,-0.24814322590827942,0.991778552532196,0.20742368698120117,0.31206393241882324,-0.24817579984664917,0.9906975626945496,0.24519257247447968,0.3126556873321533,-0.295958936214447,0.9910235404968262,0.24936823546886444,0.31302282214164734,-0.2959597706794739,0.9917279481887817,0.2533709406852722,0.3136281371116638,-0.2960418164730072,0.9914730787277222,0.17719274759292603,0.3247733414173126,-0.2705363929271698,0.996716320514679,0.2446201890707016,0.3285025656223297,-0.49124592542648315,0.9941146969795227,0.23258697986602783,0.3384256660938263,-0.20641513168811798,0.9943753480911255,0.25206640362739563,0.3396705389022827,-0.27060815691947937,0.9906663298606873,0.10046927630901337,0.39640408754348755,-0.08684277534484863,0.9927085041999817,0.2803580164909363,0.4074798822402954,-0.6244027614593506,0.9981715679168701,0.17559276521205902,0.304061621427536,0.12569303810596466,0.6289713382720947,0.46311473846435547,0.3699871301651001,-0.5804130434989929,0.9423770308494568,0.14935508370399475,0.2534107267856598,0.17995145916938782,0.39654654264450073,0.2919021248817444,0.2997724413871765,-0.3304721713066101,0.778424084186554,0.11065907776355743,0.2581009864807129,0.16232694685459137,0.32876285910606384,0.26801908016204834,0.28731101751327515,-0.39292895793914795,0.6860045194625854,0.11326249688863754,0.26137906312942505,0.14092619717121124,0.3365080654621124,0.2360754907131195,0.29275327920913696,-0.41148099303245544,0.672312319278717,0.14273759722709656,0.25900280475616455,0.16679497063159943,0.3281708359718323,0.2342265546321869,0.30862823128700256,-0.336913138628006,0.6421409249305725,0.1503581404685974,0.625455379486084,0.21311526000499725,0.9991791844367981,0.22695514559745789,0.6417522430419922,-0.21351473033428192,0.9995606541633606,0.35354214906692505,0.6436030268669128,0.5445773601531982,0.3914712965488434,0.22185099124908447,0.789048433303833,0.11984911561012268,0.9664753675460815,0.3853459656238556,0.7499281167984009,0.9589785933494568,0.4655526578426361,0.18278615176677704,0.9388514757156372,0.45645615458488464,0.9787333607673645,0.3650025427341461,0.767523467540741,0.9951204061508179,0.5927739143371582,0.15363049507141113,0.961842954158783,0.48601314425468445,0.9497376084327698,0.4665068984031677,0.7766278386116028,0.9767223596572876,0.5249643325805664,0.2656465768814087,0.9753865599632263,0.3270407021045685,0.9416465163230896
U19_v1,5,1,0.24434007704257965,0.3256657123565674,-0.16675879061222076,0.9963952898979187,0.22353114187717438,0.3124513328075409,-0.1914147585630417,0.9955743551254272,0.213979572057724,0.31235527992248535,-0.191694438457489,0.994687557220459,0.20660142600536346,0.3122136890888214,-0.19171112775802612,0.9949272871017456,0.2410099357366562,0.312806099653244,-0.23918481171131134,0.9958240985870361,0.2447635978460312,0.31305181980133057,-0.23916010558605194,0.9959219694137573,0.24856886267662048,0.3135288953781128,-0.23920707404613495,0.995924711227417,0.1767660677433014,0.3248782753944397,-0.20487424731254578,0.9984318614006042,0.23699134588241577,0.32845160365104675,-0.4247589707374573,0.9968422651290894,0.2303142249584198,0.3393557667732239,-0.1540188193321228,0.9963420033454895,0.2476082146167755,0.34038475155830383,-0.21718867123126984,0.9946649074554443,0.09609319269657135,0.394745796918869,-0.04295928031206131,0.9965009689331055,0.27493512630462646,0.406472384929657,-0.5463481545448303,0.9985174536705017,0.19178786873817444,0.3026506006717682,0.16209663450717926,0.5152246952056885,0.46343082189559937,0.3598819077014923,-0.5359988212585449,0.9648531675338745,0.15870411694049835,0.25069141387939453,0.18240948021411896,0.32872292399406433,0.27494552731513977,0.2922728657722473,-0.311863511800766,0.817489743232727,0.12076005339622498,0.256297767162323,0.15612931549549103,0.2858242988586426,0.24865233898162842,0.28026634454727173,-0.3687360882759094,0.7406702637672424,0.11398641020059586,0.25964581966400146,0.1434451937675476,0.2990151643753052,0.21428513526916504,0.28754568099975586,-0.3919450044631958,0.7316452264785767,0.1465296447277069,0.2584491968154907,0.17093238234519958,0.2939372956752777,0.21998298168182373,0.3032609224319458,-0.31929904222488403,0.7006179094314575,0.14205271005630493,0.632314145565033,0.19667497277259827,0.999855637550354,0.22915856540203094,0.6346416473388672,-0.19722647964954376,0.9998289346694946,0.3066847622394562,0.7245720028877258,0.45200231671333313,0.5083582997322083,0.3202853202819824,0.712708055973053,0.21132825314998627,0.9390544295310974,0.36591941118240356,0.8377184867858887,0.7406929135322571,0.4856634736061096,0.27172020077705383,0.8583762645721436,0.6094147562980652,0.9030275940895081,0.35442227125167847,0.8594764471054077,0.7664090394973755,0.6237063407897949,0.23611310124397278,0.8859552145004272,0.643958568572998,0.8591956496238708,0.46749573945999146,0.8533626794815063,0.7428743839263916,0.49569857120513916,0.35804569721221924,0.8806822299957275,0.5868459343910217,0.8315681219100952
U19_v1,6,1,0.24408207833766937,0.3279538154602051,-0.19556497037410736,0.9972397089004517,0.22296923398971558,0.3139239549636841,-0.20770740509033203,0.996209979057312,0.21392026543617249,0.3137727677822113,-0.2080259919166565,0.9960727691650391,0.207584410905838,0.3136853873729706,-0.2080429345369339,0.9957809448242188,0.23732981085777283,0.31419095396995544,-0.27458465099334717,0.9961591958999634,0.24006856977939606,0.31437361240386963,-0.2746764123439789,0.9966303706169128,0.24304793775081635,0.3157663643360138,-0.2748025059700012,0.9965589642524719,0.18368300795555115,0.32416999340057373,-0.1685059517621994,0.9984728693962097,0.23243270814418793,0.3283590078353882,-0.47564396262168884,0.9975684285163879,0.23396749794483185,0.3413287103176117,-0.16340506076812744,0.997058629989624,0.24625317752361298,0.34234899282455444,-0.25244030356407166,0.9935258626937866,0.13715097308158875,0.3902497887611389,0.05267999321222305,0.9977697134017944,0.26186591386795044,0.418499231338501,-0.6376491189002991,0.9983579516410828,0.263658344745636,0.27434271574020386,0.3229747414588928,0.628217875957489,0.5042657852172852,0.41044139862060547,-0.45946216583251953,0.9450756907463074,0.1653624176979065,0.2458055019378662,0.48144814372062683,0.601622462272644,0.3539816737174988,0.3687586188316345,0.08556723594665527,0.7770416140556335,0.11582328379154205,0.2512845993041992,0.48762986063957214,0.4864462614059448,0.33615100383758545,0.35847872495651245,0.06415773183107376,0.6912814974784851,0.11960261315107346,0.25568345189094543,0.47817373275756836,0.4855833649635315,0.29820799827575684,0.35898178815841675,0.03506657853722572,0.6792541742324829,0.13265734910964966,0.2592562735080719,0.4734722077846527,0.4567532539367676,0.2989136576652527,0.3656599521636963,0.0823991596698761,0.6625826954841614,0.17556428909301758,0.6326472163200378,0.24462562799453735,0.9991928935050964,0.2149728536605835,0.6451200246810913,-0.2449081987142563,0.9994040727615356,0.4007498621940613,0.6049264073371887,0.6204180717468262,0.5225655436515808,0.19594915211200714,0.8121902942657471,0.096659354865551,0.9500271081924438,0.3953436613082886,0.7583327293395996,1.1211187839508057,0.561729907989502,0.18353664875030518,0.9431129693984985,0.49638813734054565,0.9805898666381836,0.3595618009567261,0.7738208174705505,1.166416049003601,0.6754430532455444,0.15814895927906036,0.9620128870010376,0.533385694026947,0.9472951292991638,0.4654969871044159,0.7880041003227234,1.1418628692626953,0.6552004218101501,0.2711077630519867,0.9879125356674194,0.3358660936355591,0.9531382918357849
U19_v1,7,1,0.261252224445343,0.32846152782440186,-0.1556241810321808,0.998955488204956,0.23950588703155518,0.31545689702033997,-0.15002977848052979,0.998808741569519,0.23415443301200867,0.3155672550201416,-0.15033237636089325,0.9987001419067383,0.22977088391780853,0.3158985674381256,-0.15040095150470734,0.9987057447433472,0.2487817406654358,0.3160460889339447,-0.224016472697258,0.998802661895752,0.24963608384132385,0.3165496289730072,-0.2241765558719635,0.9988747239112854,0.2507525384426117,0.3181728422641754,-0.22430852055549622,0.998910665512085,0.2022780478000641,0.3262745141983032,-0.052891939878463745,0.9994391798973083,0.22644148766994476,0.3315454125404358,-0.39159610867500305,0.9991376399993896,0.2504407465457916,0.341951459646225,-0.10549990087747574,0.9985793828964233,0.25752925872802734,0.3427242338657379,-0.2037721574306488,0.9968850016593933,0.14709776639938354,0.3867630958557129,0.1635761708021164,0.9984480142593384,0.25790882110595703,0.42736828327178955,-0.548130214214325,0.9986649751663208,0.2889602482318878,0.27621984481811523,0.3965914249420166,0.6523793339729309,0.5143513083457947,0.4402692914009094,-0.33726072311401367,0.9491185545921326,0.18986758589744568,0.24623548984527588,0.5874922871589661,0.661263644695282,0.393655002117157,0.39852121472358704,0.28614872694015503,0.8169448375701904,0.13350054621696472,0.2517397105693817,0.6058211922645569,0.5192358493804932,0.3554055988788605,0.38394349813461304,0.29032421112060547,0.7454254627227783,0.12798260152339935,0.2554585337638855,0.6084102392196655,0.5164390802383423,0.3227683901786804,0.37945330142974854,0.25716927647590637,0.7360838651657104,0.15008196234703064,0.25985175371170044,0.5855523943901062,0.4944612383842468,0.3252203166484833,0.38710707426071167,0.28562429547309875,0.7219807505607605,0.1983313262462616,0.6320462226867676,0.22922968864440918,0.9991078972816467,0.2090321183204651,0.6513448357582092,-0.229340061545372,0.9992673993110657,0.41638755798339844,0.6107796430587769,0.47386667132377625,0.6961414217948914,0.1959722340106964,0.8240293264389038,0.030514780431985855,0.9560935497283936,0.4080921411514282,0.77294921875,0.8648980855941772,0.6923689246177673,0.16322889924049377,0.9527187347412109,0.3281637132167816,0.9839472770690918,0.37229466438293457,0.7894723415374756,0.8988461494445801,0.7668511271476746,0.14197620749473572,0.971623420715332,0.35483402013778687,0.9434946179389954,0.48994237184524536,0.8072829246520996,0.8658512234687805,0.7716061472892761,0.23752890527248383,0.9985644817352295,0.15506906807422638,0.9620201587677002
U19_v1,8,1,0.2558022439479828,0.3288153111934662,-0.16746285557746887,0.9994811415672302,0.2339506447315216,0.31386905908584595,-0.17710354924201965,0.9993509650230408,0.22857148945331573,0.3141217827796936,-0.17737077176570892,0.9993333220481873,0.22229959070682526,0.3145304322242737,-0.17741751670837402,0.999248206615448,0.24538525938987732,0.31425395607948303,-0.24678507447242737,0.9993898868560791,0.2470804750919342,0.31540584564208984,-0.24696728587150574,0.9994611144065857,0.2489861100912094,0.31636133790016174,-0.2471581995487213,0.9994205236434937,0.20138800144195557,0.3259458541870117,-0.12733803689479828,0.9997135996818542,0.23821689188480377,0.33027559518814087,-0.44457143545150757,0.9995980858802795,0.24002835154533386,0.34385091066360474,-0.13136489689350128,0.9992423057556152,0.25073444843292236,0.34350764751434326,-0.22369492053985596,0.998284637928009,0.15434575080871582,0.3894466757774353,0.1218416690826416,0.998428225517273,0.2634367048740387,0.43231940269470215,-0.608465850353241,0.9988753199577332,0.26378288865089417,0.29995009303092957,0.47733962535858154,0.5147290825843811,0.5040662288665771,0.4652288556098938,-0.33432239294052124,0.9465028643608093,0.21447864174842834,0.24348190426826477,0.7462038397789001,0.7607603669166565,0.4069850444793701,0.4101852476596832,0.3551497459411621,0.8448070883750916,0.16716033220291138,0.24540752172470093,0.777708113193512,0.6600199341773987,0.3787670135498047,0.39072635769844055,0.36449798941612244,0.774715781211853,0.16405948996543884,0.24907562136650085,0.7607855796813965,0.6483455300331116,0.34457772970199585,0.3875024616718292,0.33225753903388977,0.7547999620437622,0.17948724329471588,0.25063225626945496,0.738433837890625,0.6237872838973999,0.34130245447158813,0.39172273874282837,0.3559708297252655,0.740497887134552,0.21831262111663818,0.6375668048858643,0.24693496525287628,0.9991006851196289,0.20748119056224823,0.6586164832115173,-0.24705053865909576,0.9993728995323181,0.43614625930786133,0.6179289817810059,0.6352729201316833,0.7548677325248718,0.1942843794822693,0.8423131704330444,0.07631722837686539,0.9704655408859253,0.4152231812477112,0.7811765670776367,1.1585252285003662,0.7527571320533752,0.11188843101263046,0.9915419816970825,0.45197609066963196,0.9911015033721924,0.3716593384742737,0.803019642829895,1.2053804397583008,0.7890206575393677,0.11243689805269241,1.0047475099563599,0.48639270663261414,0.956954300403595,0.4926876723766327,0.8195993900299072,1.160171627998352,0.813413143157959,0.231504887342453,1.0381317138671875,0.2385292649269104,0.9756118059158325
U19_v1,9,1,0.2506111264228821,0.3238058388233185,-0.16833187639713287,0.9991623163223267,0.22812435030937195,0.3124827444553375,-0.1764010488986969,0.9990001320838928,0.22329872846603394,0.3126603066921234,-0.17671756446361542,0.9989435076713562,0.21933631598949432,0.31271272897720337,-0.17675912380218506,0.9988470077514648,0.23745541274547577,0.31354525685310364,-0.2413100153207779,0.9991546869277954,0.2388223260641098,0.3144744038581848,-0.2415611296892166,0.9992535710334778,0.24062974750995636,0.31560832262039185,-0.2418215125799179,0.9992473125457764,0.2049577385187149,0.32503247261047363,-0.1271858513355255,0.9995065927505493,0.2286648154258728,0.33215391635894775,-0.42490705847740173,0.9994899034500122,0.24685905873775482,0.343301922082901,-0.13450737297534943,0.998754620552063,0.2526889741420746,0.3436446487903595,-0.22114740312099457,0.9980732202529907,0.1779179573059082,0.3980599641799927,0.10436825454235077,0.9964473843574524,0.2684330344200134,0.4353320300579071,-0.5713807344436646,0.9986580610275269,0.2885603606700897,0.29716581106185913,0.36123111844062805,0.3790862262248993,0.49211061000823975,0.49955984950065613,-0.3305644392967224,0.9115204811096191,0.2301771640777588,0.23499685525894165,0.5251308083534241,0.6848248839378357,0.42292851209640503,0.4308755397796631,0.2706944942474365,0.7439092397689819,0.18398243188858032,0.22772088646888733,0.5396893620491028,0.6086292266845703,0.3860979378223419,0.4172322750091553,0.2747592329978943,0.6914808750152588,0.1725076138973236,0.22799518704414368,0.5260061621665955,0.598798930644989,0.34741297364234924,0.4068465828895569,0.23800349235534668,0.6715990304946899,0.18977834284305573,0.23421141505241394,0.5155550241470337,0.5786839127540588,0.34363964200019836,0.4139655828475952,0.2678665518760681,0.6622796058654785,0.2356003373861313,0.637915313243866,0.22788122296333313,0.998377799987793,0.2095710039138794,0.6588407158851624,-0.22781634330749512,0.9991331696510315,0.43914878368377686,0.6355454921722412,0.6208439469337463,0.7028277516365051,0.20272788405418396,0.8391628861427307,0.02469019964337349,0.977841854095459,0.41802385449409485,0.7927008867263794,1.1246980428695679,0.7139492034912109,0.11599505692720413,0.9921969175338745,0.3200685381889343,0.9876497387886047,0.38089799880981445,0.8185617327690125,1.1681751012802124,0.7491904497146606,0.1062144786119461,1.0073280334472656,0.34485092759132385,0.9375625252723694,0.4944629669189453,0.8296664357185364,1.1266430616378784,0.7968494892120361,0.23059341311454773,1.0409760475158691,0.10265704244375229,0.9668084383010864
U19_v1,10,1,0.27764520049095154,0.3252961337566376,-0.1378975808620453,0.9994993209838867,0.25890782475471497,0.31230461597442627,-0.13900834321975708,0.9993376135826111,0.2541724145412445,0.31241270899772644,-0.13930761814117432,0.9993041753768921,0.2505004405975342,0.3122823238372803,-0.13930870592594147,0.9992585778236389,0.26656901836395264,0.31326553225517273,-0.20775102078914642,0.9995263814926147,0.2667604982852936,0.3139205276966095,-0.20803067088127136,0.9995566010475159,0.26738137006759644,0.3146562874317169,-0.20827874541282654,0.9995397329330444,0.23301106691360474,0.323513001203537,-0.07444092631340027,0.9995697140693665,0.2551940381526947,0.3287084698677063,-0.3896215558052063,0.9996340274810791,0.26777634024620056,0.34138163924217224,-0.09953519701957703,0.9991185069084167,0.2727549076080322,0.3422098457813263,-0.19143140316009521,0.9989140033721924,0.19508607685565948,0.39309608936309814,0.10613229870796204,0.9978688955307007,0.28301891684532166,0.4335668683052063,-0.5180291533470154,0.9993550181388855,0.2739035189151764,0.28988370299339294,0.24119462072849274,0.6274455189704895,0.4810090661048889,0.5234659910202026,-0.30604344606399536,0.9345312714576721,0.24110856652259827,0.21943596005439758,0.25005078315734863,0.8701920509338379,0.4585309624671936,0.4568835496902466,0.2549431324005127,0.7798959612846375,0.19722551107406616,0.21091324090957642,0.22828081250190735,0.8099051713943481,0.45375320315361023,0.44142836332321167,0.25781160593032837,0.7406190037727356,0.1887153536081314,0.21147114038467407,0.2158973217010498,0.8037975430488586,0.42312389612197876,0.4378799498081207,0.21567218005657196,0.7248460054397583,0.20223966240882874,0.21823915839195251,0.23471815884113312,0.8020147681236267,0.4102599024772644,0.4409797489643097,0.24986177682876587,0.7169955968856812,0.23545201122760773,0.63649582862854,0.22615334391593933,0.9981056451797485,0.22157299518585205,0.6579760909080505,-0.22640733420848846,0.9991770386695862,0.4419087767601013,0.6470930576324463,0.6234185695648193,0.6175718307495117,0.21087206900119781,0.8408891558647156,-0.060698140412569046,0.9781157374382019,0.4289844334125519,0.8130606412887573,1.1009758710861206,0.6098703145980835,0.12618131935596466,0.992102324962616,0.13560248911380768,0.9786527156829834,0.3920592665672302,0.8354442119598389,1.1420968770980835,0.6815537214279175,0.08480565249919891,1.0204129219055176,0.14934194087982178,0.9213846325874329,0.506999671459198,0.8445383906364441,1.1103538274765015,0.7344342470169067,0.23925058543682098,1.0485063791275024,-0.09446949511766434,0.9434828758239746
U19_v1,11,1,0.2747806906700134,0.3273213803768158,-0.09919345378875732,0.99989914894104,0.2583852708339691,0.3173561692237854,-0.09714405238628387,0.9998481273651123,0.25408148765563965,0.31781426072120667,-0.09731876850128174,0.9998438358306885,0.25098973512649536,0.3181206285953522,-0.09731417894363403,0.9998382329940796,0.2646670937538147,0.318233847618103,-0.15974876284599304,0.999904990196228,0.2643294334411621,0.31943830847740173,-0.15993960201740265,0.9999061822891235,0.2648985683917999,0.32066741585731506,-0.16013982892036438,0.9998977184295654,0.23138068616390228,0.32982173562049866,-0.026965580880641937,0.9998985528945923,0.25124648213386536,0.3364947736263275,-0.31810182332992554,0.9999200105667114,0.26339781284332275,0.3441561162471771,-0.061065785586833954,0.9997668862342834,0.2660888433456421,0.34571927785873413,-0.1461891531944275,0.9997580647468567,0.2129150927066803,0.3920667767524719,0.11510902643203735,0.9989159107208252,0.28764647245407104,0.4358459711074829,-0.43363791704177856,0.9996849298477173,0.2892249822616577,0.2916851341724396,0.17902871966362,0.8433376550674438,0.4411046802997589,0.5432210564613342,-0.25796952843666077,0.9346556067466736,0.2580251097679138,0.20647746324539185,0.137957364320755,0.9631789922714233,0.4780323803424835,0.4990540146827698,0.2389768362045288,0.7294492721557617,0.2292623668909073,0.1926620602607727,0.10298433899879456,0.9338909387588501,0.484626829624176,0.4860526919364929,0.24593310058116913,0.7024317979812622,0.21748237311840057,0.19055584073066711,0.09474287182092667,0.9304059743881226,0.4682210683822632,0.48020684719085693,0.2137850522994995,0.6884878277778625,0.2259986698627472,0.19704177975654602,0.12293600291013718,0.9308807849884033,0.45666050910949707,0.4850044548511505,0.23730997741222382,0.6712146401405334,0.24737969040870667,0.637666642665863,0.2148684710264206,0.9990319013595581,0.21947719156742096,0.6638997793197632,-0.2152823954820633,0.9995796084403992,0.44993752241134644,0.6614612936973572,0.5371099710464478,0.7981058359146118,0.2179483026266098,0.8381523489952087,-0.10022743046283722,0.9914097189903259,0.4213683605194092,0.8299481272697449,0.9525814056396484,0.8057995438575745,0.13070985674858093,0.9880676865577698,0.03654078394174576,0.9860987663269043,0.3791790306568146,0.8531933426856995,0.9880757927894592,0.8271541595458984,0.09235582500696182,0.9938085079193115,0.04441995173692703,0.9367625117301941,0.5045946836471558,0.8672712445259094,0.9402525424957275,0.8599686622619629,0.2193671464920044,1.0493462085723877,-0.1982315182685852,0.9581038951873779
U19_v1,12,1,0.2991741895675659,0.32427021861076355,-0.14943146705627441,0.9999550580978394,0.2808336615562439,0.3166114389896393,-0.14252236485481262,0.9999243021011353,0.276130735874176,0.3174431025981903,-0.14260083436965942,0.9999216794967651,0.2723507881164551,0.31798553466796875,-0.14258015155792236,0.9999191761016846,0.28570616245269775,0.31708720326423645,-0.20784573256969452,0.9999592304229736,0.284390926361084,0.31851062178611755,-0.20803621411323547,0.9999587535858154,0.28382956981658936,0.3198693096637726,-0.20818306505680084,0.9999563694000244,0.24836945533752441,0.3306953012943268,-0.05073956027626991,0.9999464750289917,0.26609742641448975,0.3378612697124481,-0.35477203130722046,0.9999687671661377,0.28644490242004395,0.341597318649292,-0.10357747226953506,0.9998947381973267,0.29044437408447266,0.3424547016620636,-0.19233949482440948,0.9999202489852905,0.23344001173973083,0.3975204825401306,0.08960623294115067,0.999174177646637,0.2907688617706299,0.43973323702812195,-0.46861621737480164,0.999893069267273,0.2921636700630188,0.2899154722690582,0.16045978665351868,0.867170512676239,0.37243515253067017,0.5517672300338745,-0.3316507637500763,0.9689840078353882,0.26848214864730835,0.18888750672340393,0.11444295942783356,0.9680988192558289,0.4958362281322479,0.5364968180656433,0.07421920448541641,0.8349108099937439,0.24823051691055298,0.17546072602272034,0.06537439674139023,0.9448248744010925,0.5182835459709167,0.5277509093284607,0.06510452926158905,0.8062501549720764,0.2413850724697113,0.17454689741134644,0.048051271587610245,0.9421901106834412,0.5011451244354248,0.5150259733200073,0.03371504321694374,0.7983607649803162,0.24566800892353058,0.17789754271507263,0.09378968924283981,0.9450057148933411,0.48838382959365845,0.5159034132957458,0.0716271623969078,0.7774978876113892,0.25955483317375183,0.6439849734306335,0.2193603813648224,0.9992808699607849,0.22172914445400238,0.6690064668655396,-0.21973751485347748,0.999788224697113,0.4466840922832489,0.6842042207717896,0.6111049056053162,0.7834107279777527,0.23237842321395874,0.8457314372062683,-0.09458469599485397,0.992041289806366,0.4285967946052551,0.8460960984230042,1.0724998712539673,0.811560332775116,0.13335716724395752,0.9967095255851746,0.06368814408779144,0.982824981212616,0.3872773051261902,0.8691431879997253,1.1126246452331543,0.8312564492225647,0.09944824874401093,1.0003043413162231,0.07369202375411987,0.9337550401687622,0.5033128261566162,0.8848506212234497,1.0637844800949097,0.8540156483650208,0.23650750517845154,1.0512490272521973,-0.1700872927904129,0.9533053040504456
U19_v1,13,1,0.29898497462272644,0.3251447379589081,-0.14855632185935974,0.9999532699584961,0.2804957628250122,0.3172854483127594,-0.14234603941440582,0.9999220371246338,0.2756115198135376,0.3180989921092987,-0.14243191480636597,0.999919056892395,0.27167460322380066,0.3186173737049103,-0.1424165964126587,0.9999167919158936,0.2859392464160919,0.31772899627685547,-0.20682837069034576,0.9999581575393677,0.28481829166412354,0.3191297948360443,-0.2070133239030838,0.9999574422836304,0.28443777561187744,0.32048022747039795,-0.20715384185314178,0.9999552965164185,0.24807357788085938,0.3309915065765381,-0.052800584584474564,0.999944806098938,0.26690706610679626,0.3384605348110199,-0.35296133160591125,0.9999676942825317,0.2861645519733429,0.3423784673213959,-0.10345502197742462,0.9998906850814819,0.29076269268989563,0.34326672554016113,-0.191070556640625,0.9999182224273682,0.23360399901866913,0.39730900526046753,0.0870174691081047,0.9991394281387329,0.2915719151496887,0.43984097242355347,-0.46610718965530396,0.9998902082443237,0.29152074456214905,0.2895747125148773,0.15459957718849182,0.8635313510894775,0.3731837272644043,0.5514835715293884,-0.3287143409252167,0.9675044417381287,0.26741307973861694,0.18785646557807922,0.10436993092298508,0.9672861099243164,0.49504947662353516,0.5360416769981384,0.07278900593519211,0.8279433846473694,0.24771954119205475,0.17494553327560425,0.05317141115665436,0.9441965222358704,0.5175557136535645,0.5273556709289551,0.06359172612428665,0.8006771206855774,0.2407868355512619,0.17416438460350037,0.03648344799876213,0.9414601922035217,0.5002310276031494,0.5149362087249756,0.030629202723503113,0.793040931224823,0.2448793202638626,0.17738676071166992,0.08370388299226761,0.9444695711135864,0.4873911738395691,0.5158007144927979,0.06937158852815628,0.7726029753684998,0.26084810495376587,0.6434612274169922,0.21967147290706635,0.9992679953575134,0.22137977182865143,0.6696584224700928,-0.22004202008247375,0.9997877478599548,0.44568338990211487,0.6842586994171143,0.6165202260017395,0.7718923687934875,0.2329895943403244,0.8458788394927979,-0.09725900739431381,0.9915967583656311,0.427507221698761,0.845666229724884,1.0813605785369873,0.8020049929618835,0.13310571014881134,0.9959460496902466,0.05378633737564087,0.9813023209571838,0.38587480783462524,0.868967592716217,1.1218557357788086,0.823744535446167,0.09775485098361969,0.9997011423110962,0.06324834376573563,0.9291157722473145,0.5038042664527893,0.8842766880989075,1.0755915641784668,0.8473119139671326,0.23885253071784973,1.0507886409759521,-0.17877721786499023,0.9502434730529785
U19_v1,14,1,0.31574559211730957,0.3353537917137146,-0.2894584536552429,0.9999661445617676,0.2962455749511719,0.3261440396308899,-0.2674563527107239,0.9999403953552246,0.293783962726593,0.32604679465293884,-0.26756152510643005,0.9999395608901978,0.2920100688934326,0.32578155398368835,-0.2675774097442627,0.999941349029541,0.294473260641098,0.3289179503917694,-0.3459407091140747,0.9999731779098511,0.2911562919616699,0.330890417098999,-0.3461025059223175,0.999971866607666,0.2885628938674927,0.3333926200866699,-0.3462487459182739,0.9999711513519287,0.26973554491996765,0.33786800503730774,-0.11341443657875061,0.9999523162841797,0.2701270878314972,0.3491881191730499,-0.47646287083625793,0.9999769926071167,0.3086502254009247,0.3509911000728607,-0.2209710031747818,0.9999157190322876,0.3049684166908264,0.35619211196899414,-0.32679125666618347,0.9999524354934692,0.25271075963974,0.3996586203575134,0.028742415830492973,0.999423623085022,0.2957279086112976,0.4488726258277893,-0.5670654773712158,0.9999133348464966,0.30204468965530396,0.29231157898902893,0.0998702198266983,0.889857292175293,0.33950623869895935,0.5630064606666565,-0.5573394298553467,0.9817124009132385,0.29949504137039185,0.18256080150604248,0.029806286096572876,0.9702770709991455,0.5228906869888306,0.577764093875885,-0.38478922843933105,0.8766785860061646,0.2790513038635254,0.16153016686439514,-0.039801064878702164,0.9478045701980591,0.550897479057312,0.5762604475021362,-0.4332471787929535,0.8463098406791687,0.27049416303634644,0.15810850262641907,-0.061220914125442505,0.9450017809867859,0.5475244522094727,0.5637550950050354,-0.46534067392349243,0.8411014676094055,0.2737066447734833,0.16713634133338928,0.006437717936933041,0.9485851526260376,0.5367000102996826,0.5643509030342102,-0.39194968342781067,0.8065072894096375,0.2564278244972229,0.6457849740982056,0.2330975979566574,0.999196469783783,0.23038433492183685,0.6702339053153992,-0.23359732329845428,0.9997518658638,0.45714884996414185,0.7034086585044861,0.6309565305709839,0.8363876938819885,0.23904375731945038,0.8443864583969116,-0.08926831930875778,0.9939510822296143,0.429300457239151,0.8599846363067627,1.1098995208740234,0.8696227669715881,0.13618993759155273,0.9900195598602295,0.0995594933629036,0.9874448776245117,0.39047467708587646,0.8798210024833679,1.150177001953125,0.8573663830757141,0.09920136630535126,0.9944242835044861,0.1116386353969574,0.932084321975708,0.5125541687011719,0.8957915902137756,1.086462140083313,0.9018496870994568,0.2333143651485443,1.044109582901001,-0.13854458928108215,0.9682084321975708
U19_v1,15,1,0.31860464811325073,0.34106534719467163,-0.40629100799560547,0.999984860420227,0.30394628643989563,0.32741132378578186,-0.379768431186676,0.9999701976776123,0.3035832941532135,0.32739102840423584,-0.37975192070007324,0.9999707937240601,0.30363067984580994,0.3271207809448242,-0.37981462478637695,0.9999706745147705,0.2979598045349121,0.3299752175807953,-0.4581320285797119,0.9999880790710449,0.2936796545982361,0.33162349462509155,-0.45824798941612244,0.9999878406524658,0.2899380326271057,0.3330608904361725,-0.45833638310432434,0.9999873638153076,0.28774183988571167,0.33912745118141174,-0.19436132907867432,0.9999768733978271,0.27235886454582214,0.34754419326782227,-0.5577929615974426,0.9999903440475464,0.31665220856666565,0.35671254992485046,-0.32706373929977417,0.9999630451202393,0.30776724219322205,0.35996198654174805,-0.43281984329223633,0.9999823570251465,0.30078911781311035,0.4025735557079315,-0.050193801522254944,0.9996117949485779,0.26781266927719116,0.4498404264450073,-0.6251439452171326,0.9999619722366333,0.31587475538253784,0.2821051776409149,-0.00352497398853302,0.9252228736877441,0.3267076015472412,0.5746463537216187,-0.6453458666801453,0.9878182411193848,0.31761014461517334,0.17088738083839417,-0.07559408992528915,0.9678614139556885,0.5109115839004517,0.6307640075683594,-0.4968745708465576,0.8780571222305298,0.3085472583770752,0.1518082618713379,-0.15400069952011108,0.9333577752113342,0.5597777366638184,0.6409153938293457,-0.5387499928474426,0.8321608304977417,0.3040483593940735,0.14928334951400757,-0.16354911029338837,0.9291282296180725,0.5656180381774902,0.6265013217926025,-0.5717763900756836,0.8265162706375122,0.3041446805000305,0.15553930401802063,-0.09656859189271927,0.9358574748039246,0.5509692430496216,0.6227206587791443,-0.5036123394966125,0.7906268835067749,0.2770831286907196,0.6529988050460815,0.22973908483982086,0.9989916682243347,0.2164672613143921,0.6768565773963928,-0.23030588030815125,0.999749481678009,0.44431668519973755,0.7156913876533508,0.6111852526664734,0.8537958860397339,0.2547653019428253,0.849689781665802,-0.1084485799074173,0.9938270449638367,0.42266935110092163,0.8733437657356262,1.060097336769104,0.8584007620811462,0.14598491787910461,0.9939905405044556,0.07443581521511078,0.9837682843208313,0.3764677047729492,0.891179084777832,1.0968289375305176,0.8334082365036011,0.11765678972005844,0.9953656196594238,0.08601681143045425,0.9140626788139343,0.4967528283596039,0.9096968173980713,1.0239732265472412,0.8847638368606567,0.2472023367881775,1.054368257522583,-0.17190343141555786,0.9616933465003967
U19_v1,16,0,,,,,,,,,,,,,,,,,,,,,,,,,,,,,,,,,,,,,,,,,,,,,,,,,,,,,,,,,,,,,,,,,,,,,,,,,,,,,,,,,,,,,,,,,,,,,,,,,,,,,,,,,,,,,,,,,,,,,,,,,,,,,,,,,,,,
U19_v1,17,0,,,,,,,,,,,,,,,,,,,,,,,,,,,,,,,,,,,,,,,,,,,,,,,,,,,,,,,,,,,,,,,,,,,,,,,,,,,,,,,,,,,,,,,,,,,,,,,,,,,,,,,,,,,,,,,,,,,,,,,,,,,,,,,,,,,,
U19_v1,18,0,,,,,,,,,,,,,,,,,,,,,,,,,,,,,,,,,,,,,,,,,,,,,,,,,,,,,,,,,,,,,,,,,,,,,,,,,,,,,,,,,,,,,,,,,,,,,,,,,,,,,,,,,,,,,,,,,,,,,,,,,,,,,,,,,,,,
U19_v1,19,0,,,,,,,,,,,,,,,,,,,,,,,,,,,,,,,,,,,,,,,,,,,,,,,,,,,,,,,,,,,,,,,,,,,,,,,,,,,,,,,,,,,,,,,,,,,,,,,,,,,,,,,,,,,,,,,,,,,,,,,,,,,,,,,,,,,,
U19_v1,20,0,,,,,,,,,,,,,,,,,,,,,,,,,,,,,,,,,,,,,,,,,,,,,,,,,,,,,,,,,,,,,,,,,,,,,,,,,,,,,,,,,,,,,,,,,,,,,,,,,,,,,,,,,,,,,,,,,,,,,,,,,,,,,,,,,,,,
U19_v1,21,0,,,,,,,,,,,,,,,,,,,,,,,,,,,,,,,,,,,,,,,,,,,,,,,,,,,,,,,,,,,,,,,,,,,,,,,,,,,,,,,,,,,,,,,,,,,,,,,,,,,,,,,,,,,,,,,,,,,,,,,,,,,,,,,,,,,,
U19_v1,22,0,,,,,,,,,,,,,,,,,,,,,,,,,,,,,,,,,,,,,,,,,,,,,,,,,,,,,,,,,,,,,,,,,,,,,,,,,,,,,,,,,,,,,,,,,,,,,,,,,,,,,,,,,,,,,,,,,,,,,,,,,,,,,,,,,,,,
U19_v1,23,0,,,,,,,,,,,,,,,,,,,,,,,,,,,,,,,,,,,,,,,,,,,,,,,,,,,,,,,,,,,,,,,,,,,,,,,,,,,,,,,,,,,,,,,,,,,,,,,,,,,,,,,,,,,,,,,,,,,,,,,,,,,,,,,,,,,,
U19_v1,24,0,,,,,,,,,,,,,,,,,,,,,,,,,,,,,,,,,,,,,,,,,,,,,,,,,,,,,,,,,,,,,,,,,,,,,,,,,,,,,,,,,,,,,,,,,,,,,,,,,,,,,,,,,,,,,,,,,,,,,,,,,,,,,,,,,,,,
U19_v1,25,0,,,,,,,,,,,,,,,,,,,,,,,,,,,,,,,,,,,,,,,,,,,,,,,,,,,,,,,,,,,,,,,,,,,,,,,,,,,,,,,,,,,,,,,,,,,,,,,,,,,,,,,,,,,,,,,,,,,,,,,,,,,,,,,,,,,,
U19_v1,26,1,0.2859891653060913,0.36042699217796326,0.3086153268814087,0.9992625117301941,0.25987672805786133,0.3557184934616089,0.25839972496032715,0.9994701743125916,0.24930040538311005,0.3581310510635376,0.25853821635246277,0.9992245435714722,0.23726321756839752,0.36034587025642395,0.25859934091567993,0.9994251728057861,0.28481388092041016,0.3503336012363434,0.22960048913955688,0.9993205070495605,0.2898843586444855,0.34925559163093567,0.22958235442638397,0.9991033673286438,0.2948346734046936,0.34822309017181396,0.22950024902820587,0.9991733431816101,0.21801058948040009,0.3712694048881531,0.10640066862106323,0.9993745684623718,0.29454413056373596,0.3560251295566559,-0.03235797956585884,0.9990979433059692,0.267304390668869,0.37567266821861267,0.27170342206954956,0.9991700649261475,0.297222375869751,0.3679461181163788,0.23245513439178467,0.9989987015724182,0.17765434086322784,0.46072328090667725,0.12100253999233246,0.9987344145774841,0.3619873821735382,0.39600157737731934,-0.20869417488574982,0.9995966553688049,0.2175174057483673,0.5740715265274048,0.2695695161819458,0.4981042742729187,0.44101011753082275,0.32267194986343384,-0.20629920065402985,0.9974890947341919,0.2913995385169983,0.612346887588501,0.36749473214149475,0.17634077370166779,0.44967830181121826,0.2443242073059082,0.0837029218673706,0.9854803681373596,0.33288657665252686,0.618569016456604,0.39440393447875977,0.18126347661018372,0.4504815936088562,0.22368136048316956,0.09455087035894394,0.9677019119262695,0.3530873656272888,0.6193824410438538,0.3463611602783203,0.18370629847049713,0.42808008193969727,0.2253156304359436,0.11096871644258499,0.9657783508300781,0.34384334087371826,0.6175909042358398,0.35365980863571167,0.2076556235551834,0.42377638816833496,0.23390516638755798,0.0961126834154129,0.9607239365577698,0.3250051438808441,0.6480152010917664,0.12374520301818848,0.9997428059577942,0.45301464200019836,0.6411228179931641,-0.12465900182723999,0.9996976852416992,0.3333142399787903,0.7937328815460205,0.3335280418395996,0.7001460194587708,0.4902447462081909,0.7936352491378784,0.005973272956907749,0.8791112899780273,0.35417720675468445,0.9307594895362854,0.36040323972702026,0.7932915687561035,0.3238494396209717,0.9021143913269043,0.08931999653577805,0.8586410284042358,0.3366028666496277,0.9659446477890015,0.3620816171169281,0.7778194546699524,0.2733360826969147,0.9270557761192322,0.10294460505247116,0.8695479035377502,0.3883208632469177,0.9666709899902344,0.35000112652778625,0.7050314545631409,0.338011771440506,0.9541942477226257,0.07971791177988052,0.8076704740524292
U19_v1,27,1,0.2634359896183014,0.3741509020328522,0.17452214658260345,0.998649537563324,0.24149079620838165,0.3652954697608948,0.11684258282184601,0.9992551207542419,0.23182982206344604,0.3672633469104767,0.11695290356874466,0.9993051290512085,0.22274249792099,0.36926141381263733,0.11686428636312485,0.9992819428443909,0.2642582654953003,0.36073824763298035,0.09126809984445572,0.998938262462616,0.27047133445739746,0.35952112078666687,0.09132746607065201,0.9989689588546753,0.2764364778995514,0.358453631401062,0.09129010140895844,0.9987706542015076,0.21302686631679535,0.37851476669311523,-0.07354912906885147,0.9994485974311829,0.28814661502838135,0.36494776606559753,-0.196970134973526,0.9988276362419128,0.25475573539733887,0.38820457458496094,0.12357230484485626,0.9988579750061035,0.27729910612106323,0.3846106231212616,0.08830849826335907,0.9979923963546753,0.17177018523216248,0.4649839401245117,-0.08783166855573654,0.9992790818214417,0.37317201495170593,0.3938749432563782,-0.309543639421463,0.9987455606460571,0.21482542157173157,0.5641511678695679,0.06472362577915192,0.46387535333633423,0.44569846987724304,0.28867483139038086,-0.39473915100097656,0.9979490637779236,0.30474162101745605,0.5526083707809448,0.10527874529361725,0.12196999043226242,0.47986388206481934,0.16900944709777832,-0.3877705931663513,0.9961792230606079,0.3404814302921295,0.5516330003738403,0.13689355552196503,0.1282232254743576,0.49560868740081787,0.14283213019371033,-0.39998459815979004,0.9927234053611755,0.37005797028541565,0.5447017550468445,0.0869116336107254,0.12823209166526794,0.4829145073890686,0.13823294639587402,-0.35463252663612366,0.9927161335945129,0.36531010270118713,0.5446751713752747,0.09479456394910812,0.14282773435115814,0.4752956032752991,0.14815637469291687,-0.36718207597732544,0.9887989163398743,0.32468974590301514,0.6618700623512268,-0.0025079972110688686,0.9999151229858398,0.4852759540081024,0.6427618265151978,0.0015218702610582113,0.9996210336685181,0.3190760314464569,0.808733344078064,0.21870774030685425,0.9718458652496338,0.5145987868309021,0.7397034764289856,0.4372830390930176,0.8027740120887756,0.3476322293281555,0.9608839750289917,-0.2310175895690918,0.9832388162612915,0.39150696992874146,0.7989465594291687,0.21640421450138092,0.9103978872299194,0.34701648354530334,0.9744468927383423,-0.27646833658218384,0.9807640314102173,0.3596540093421936,0.7958317995071411,0.2036905437707901,0.9518818259239197,0.3503844141960144,0.9668998718261719,-0.3695164620876312,0.9696425795555115,0.37433290481567383,0.8609500527381897,0.2867361903190613,0.9241753220558167
U19_v1,28,1,0.25548505783081055,0.38028430938720703,0.44906604290008545,0.9997480511665344,0.24010157585144043,0.37268099188804626,0.3624151051044464,0.9998414516448975,0.23074252903461456,0.374409019947052,0.36249783635139465,0.9998724460601807,0.2217198759317398,0.37616193294525146,0.3624318838119507,0.9998685121536255,0.26127973198890686,0.36771491169929504,0.3521718978881836,0.9998489618301392,0.26698267459869385,0.36611130833625793,0.3522452712059021,0.9998600482940674,0.2728986442089081,0.36454614996910095,0.3520601987838745,0.9998231530189514,0.20886437594890594,0.3855007588863373,0.09854062646627426,0.9998908042907715,0.283774197101593,0.3670122027397156,0.042561572045087814,0.9998366832733154,0.24589544534683228,0.3921354115009308,0.3767097294330597,0.9996204376220703,0.26972100138664246,0.38557353615760803,0.3598082959651947,0.9994564652442932,0.17048028111457825,0.4662828743457794,0.06899157166481018,0.9995792508125305,0.3656265139579773,0.39319565892219543,-0.11099233478307724,0.9993497729301453,0.2011394500732422,0.5549230575561523,0.3820689618587494,0.44638192653656006,0.4452587366104126,0.3256343901157379,-0.06743191182613373,0.9970300197601318,0.26249444484710693,0.536665678024292,0.6780855059623718,0.06249372661113739,0.47462594509124756,0.2512158453464508,0.018359269946813583,0.9897555708885193,0.2802026867866516,0.5354831218719482,0.7358182668685913,0.07753363251686096,0.49339884519577026,0.2337931990623474,0.01474944781512022,0.9845359921455383,0.3063483238220215,0.5263704657554626,0.6823771595954895,0.07695726305246353,0.4787296652793884,0.23548623919487,0.030582748353481293,0.9856431484222412,0.30466747283935547,0.526607096195221,0.6743366122245789,0.0942310020327568,0.47126343846321106,0.23889747262001038,0.0322568342089653,0.9772304892539978,0.334283709526062,0.6435015201568604,0.023914644494652748,0.9999804496765137,0.4787359833717346,0.6242855787277222,-0.024669330567121506,0.9998421669006348,0.3286627233028412,0.8055417537689209,-0.05180809274315834,0.9990829229354858,0.521630585193634,0.6877104043960571,0.31362947821617126,0.9724161028862,0.34443292021751404,0.9538415670394897,-0.3429730236530304,0.9980159997940063,0.43402254581451416,0.7629979848861694,0.3943180739879608,0.9734541773796082,0.36258256435394287,0.984034538269043,-0.3698144555091858,0.9980071187019348,0.4054007828235626,0.7609061598777771,0.4117200970649719,0.976794421672821,0.33310484886169434,0.9593821167945862,-0.4471668303012848,0.9798853993415833,0.4234846830368042,0.8288474082946777,0.5006229877471924,0.9246195554733276
U19_v1,29,1,0.2834448218345642,0.38810864090919495,0.3911677598953247,0.9995518326759338,0.26600420475006104,0.3784829378128052,0.327791690826416,0.9996694326400757,0.2537149488925934,0.3794017434120178,0.32782211899757385,0.9996237754821777,0.24753451347351074,0.3800064027309418,0.327969491481781,0.9995961785316467,0.28168684244155884,0.37466225028038025,0.30230167508125305,0.9997702240943909,0.28478485345840454,0.37323683500289917,0.302245169878006,0.9997287392616272,0.2879694700241089,0.37183505296707153,0.30188921093940735,0.9996209144592285,0.23026232421398163,0.38559073209762573,0.15024638175964355,0.9997290968894958,0.2840646505355835,0.3741479516029358,0.018661415204405785,0.9997146725654602,0.27802687883377075,0.39643967151641846,0.3468169569969177,0.9991118311882019,0.2925299108028412,0.39331772923469543,0.30943062901496887,0.9989872574806213,0.15667617321014404,0.4679451584815979,0.08636541664600372,0.9997467398643494,0.3663681745529175,0.3992404341697693,-0.1361703723669052,0.999334990978241,0.2041601687669754,0.5479604005813599,0.20246244966983795,0.8134267330169678,0.4965386390686035,0.3896348476409912,-0.06239804998040199,0.9646057486534119,0.2875620722770691,0.5721937417984009,0.43156659603118896,0.06465823203325272,0.45405465364456177,0.41468292474746704,0.3855324685573578,0.15348204970359802,0.3113540709018707,0.5770610570907593,0.4861687421798706,0.05246493220329285,0.450835645198822,0.4192918539047241,0.46564361453056335,0.09696994721889496,0.3199847638607025,0.5727716088294983,0.477880597114563,0.051734354346990585,0.43145886063575745,0.4228365421295166,0.49475225806236267,0.09974170476198196,0.31478166580200195,0.5709228515625,0.4372195899486542,0.05555645748972893,0.42833369970321655,0.4249379634857178,0.41354501247406006,0.10412520170211792,0.3362759053707123,0.6233865022659302,0.06835298985242844,0.9999884366989136,0.46398916840553284,0.5973462462425232,-0.06942705810070038,0.9998881816864014,0.3353831171989441,0.7777036428451538,-0.06114448234438896,0.9985201954841614,0.5494228601455688,0.6456750631332397,0.22158104181289673,0.9689605236053467,0.3593291640281677,0.9404242038726807,-0.34616363048553467,0.9968373775482178,0.47528964281082153,0.738909900188446,0.4380315840244293,0.9233176112174988,0.3711039423942566,0.9529173374176025,-0.37220239639282227,0.996380627155304,0.44378137588500977,0.7463619112968445,0.4645567238330841,0.9202868342399597,0.3405967950820923,0.955438494682312,-0.4240742027759552,0.9747461676597595,0.4875996708869934,0.7956779599189758,0.5802717208862305,0.7836874127388
U19_v1,30,1,0.28179994225502014,0.3892677128314972,0.4156149923801422,0.9994895458221436,0.26501280069351196,0.3803423047065735,0.34679609537124634,0.9995825886726379,0.2531787157058716,0.3812180161476135,0.3468318283557892,0.9995436072349548,0.2463161051273346,0.38172775506973267,0.34698331356048584,0.9995014667510986,0.2818646728992462,0.3775285482406616,0.3245064616203308,0.9997310042381287,0.2849946916103363,0.37616807222366333,0.3244211971759796,0.9996930360794067,0.28811001777648926,0.37486159801483154,0.3240482211112976,0.9995840191841125,0.2299259901046753,0.38691842555999756,0.15158094465732574,0.9996790885925293,0.28335127234458923,0.37700581550598145,0.036701932549476624,0.9996902942657471,0.27601632475852966,0.3980121612548828,0.36558249592781067,0.9991275668144226,0.29183998703956604,0.3962574005126953,0.3329062759876251,0.9989842772483826,0.15840479731559753,0.46707093715667725,0.08538457751274109,0.999737560749054,0.3708486258983612,0.4017312526702881,-0.1134808212518692,0.999363124370575,0.20251736044883728,0.5441683530807495,0.22731468081474304,0.7671138644218445,0.5005960464477539,0.39067837595939636,0.0016823961632326245,0.9548174738883972,0.27757710218429565,0.5601581335067749,0.4900018572807312,0.03699347749352455,0.4500226378440857,0.42605888843536377,0.4973231256008148,0.10463917255401611,0.2996337413787842,0.5629024505615234,0.5484936833381653,0.032225076109170914,0.44665616750717163,0.42898792028427124,0.5868189930915833,0.06683407723903656,0.3089415431022644,0.5572242140769958,0.5446596741676331,0.03173645958304405,0.4256860315799713,0.43189525604248047,0.6182630062103271,0.06802520155906677,0.3049480617046356,0.5560545921325684,0.49823781847953796,0.03465310111641884,0.42268139123916626,0.4341394305229187,0.5282179117202759,0.07265473157167435,0.34030479192733765,0.6234843730926514,0.053752701729536057,0.9999892711639404,0.46282052993774414,0.5981234312057495,-0.054802775382995605,0.9998918771743774,0.33480414748191833,0.7773275375366211,-0.09069971740245819,0.9990845918655396,0.550231397151947,0.6462511420249939,0.2504075765609741,0.9737187027931213,0.35771721601486206,0.941053032875061,-0.3917788565158844,0.9981822967529297,0.476406991481781,0.7384399175643921,0.4659951329231262,0.9394128322601318,0.3700668215751648,0.9537005424499512,-0.4196510910987854,0.9979507327079773,0.4449943006038666,0.7452389001846313,0.4922857880592346,0.9459580183029175,0.3162519633769989,0.9609881639480591,-0.47382470965385437,0.9808030128479004,0.4888686537742615,0.7958284616470337,0.6119527816772461,0.7962987422943115
U19_v1,31,1,0.23324190080165863,0.3881152272224426,0.6313506960868835,0.999072790145874,0.21965603530406952,0.37962454557418823,0.5620046257972717,0.9991779923439026,0.2115810066461563,0.3808801770210266,0.5619074106216431,0.9992063641548157,0.2050960510969162,0.38200658559799194,0.5618302226066589,0.9992582201957703,0.2384316325187683,0.3758409321308136,0.5703339576721191,0.9992194175720215,0.24389109015464783,0.3743703365325928,0.5702004432678223,0.9992074370384216,0.24952447414398193,0.37298306822776794,0.569867730140686,0.9990599751472473,0.20124545693397522,0.38840028643608093,0.2978570759296417,0.9995610117912292,0.2550516426563263,0.3776552081108093,0.3255482614040375,0.9994587302207947,0.22897475957870483,0.3987072706222534,0.5471986532211304,0.9990241527557373,0.2480526715517044,0.3960091769695282,0.5553991794586182,0.9988723397254944,0.15449807047843933,0.46628278493881226,0.12282750010490417,0.9998705387115479,0.34843072295188904,0.41840094327926636,0.24069064855575562,0.9989618062973022,0.20458804070949554,0.5479287505149841,0.10790363699197769,0.5142242312431335,0.34833410382270813,0.5058773756027222,0.2421860247850418,0.2067990005016327,0.2522600591182709,0.6056607365608215,0.2532147467136383,0.1506519615650177,0.302325963973999,0.5462700128555298,0.3047160804271698,0.024926308542490005,0.2585727870464325,0.6196975708007812,0.25179776549339294,0.14068979024887085,0.30002889037132263,0.5567706227302551,0.33960437774658203,0.028320517390966415,0.2641032338142395,0.6157115697860718,0.27062636613845825,0.13108602166175842,0.2810818552970886,0.551891028881073,0.35007742047309875,0.02864534966647625,0.26298660039901733,0.6087394952774048,0.2619263529777527,0.11948862671852112,0.27454280853271484,0.5480595231056213,0.3089878559112549,0.03158804029226303,0.3504406213760376,0.6278099417686462,-0.046583935618400574,0.9999961853027344,0.49238869547843933,0.6000964045524597,0.04589545354247093,0.9999455213546753,0.3573390245437622,0.7892847061157227,-0.054568108171224594,0.9994704127311707,0.5357265472412109,0.6384314298629761,0.4295383393764496,0.9530607461929321,0.3698715567588806,0.9487249851226807,-0.24392284452915192,0.9991350769996643,0.5062163472175598,0.7198039293289185,0.5371099710464478,0.9649622440338135,0.37722867727279663,0.9639912843704224,-0.2647441029548645,0.998900294303894,0.4910379946231842,0.7291033267974854,0.5486127734184265,0.9722185730934143,0.2865772843360901,0.9592649936676025,-0.3978257179260254,0.9783902168273926,0.5088825821876526,0.7754659652709961,0.5651570558547974,0.828194260597229
U19_v1,32,1,0.21627411246299744,0.39504748582839966,0.5766395330429077,0.999515175819397,0.20677828788757324,0.3876824975013733,0.5115647315979004,0.9995124340057373,0.19978943467140198,0.3888292908668518,0.5114942789077759,0.9994915723800659,0.1924525499343872,0.38999035954475403,0.5115672945976257,0.9995797276496887,0.22804245352745056,0.38427823781967163,0.5264282822608948,0.9996084570884705,0.23510496318340302,0.3831586241722107,0.526373028755188,0.9995929598808289,0.24241389334201813,0.3819117546081543,0.5260236859321594,0.9995846152305603,0.1893787980079651,0.3949364721775055,0.24129988253116608,0.9994003772735596,0.25511932373046875,0.38490980863571167,0.3016432523727417,0.9995269775390625,0.20961782336235046,0.4042823910713196,0.4860808551311493,0.9993754029273987,0.23148347437381744,0.4019884467124939,0.503994882106781,0.999316930770874,0.15370458364486694,0.4587578773498535,0.04119843617081642,0.9999109506607056,0.3456250727176666,0.4297795593738556,0.2471170276403427,0.9993835687637329,0.19157391786575317,0.5486182570457458,0.007161468733102083,0.672294020652771,0.3497072756290436,0.5347455739974976,0.30808717012405396,0.11530651152133942,0.18185541033744812,0.6218777298927307,0.07037262618541718,0.3831716477870941,0.2880612015724182,0.6061855554580688,0.35825079679489136,0.1093069538474083,0.16633981466293335,0.6387407779693604,0.0634114220738411,0.3321916162967682,0.2685006260871887,0.6149500012397766,0.39161217212677,0.1180177628993988,0.1711406111717224,0.6346077919006348,0.07598037272691727,0.3116271495819092,0.25123998522758484,0.6174468398094177,0.37371471524238586,0.11845165491104126,0.1797943115234375,0.6304701566696167,0.07703428715467453,0.27414554357528687,0.2567499876022339,0.6142148971557617,0.35370704531669617,0.11619362235069275,0.3683186173439026,0.629102885723114,-0.07479840517044067,0.9999936819076538,0.5152300000190735,0.5956556797027588,0.07405397295951843,0.9999128580093384,0.36881113052368164,0.798888087272644,-0.12609370052814484,0.9978117346763611,0.5006797313690186,0.6175838708877563,0.4368908405303955,0.6769841909408569,0.38615772128105164,0.9594749212265015,-0.4526815116405487,0.9979318380355835,0.5212153196334839,0.697975218296051,0.4217401146888733,0.8538724780082703,0.40173768997192383,0.9850198030471802,-0.489906370639801,0.9963162541389465,0.5052917003631592,0.7114580869674683,0.4212495982646942,0.8818387985229492,0.30009251832962036,0.969930112361908,-0.6716939210891724,0.9861099720001221,0.5311130881309509,0.7429506778717041,0.421170175075531,0.828300952911377
U19_v1,33,1,0.2223726212978363,0.4052836298942566,0.5207509994506836,0.999422550201416,0.21188479661941528,0.39736875891685486,0.4531673789024353,0.9994140863418579,0.20571675896644592,0.39775481820106506,0.4530605375766754,0.9994210004806519,0.1993274986743927,0.39813232421875,0.4531877338886261,0.9994644522666931,0.23100261390209198,0.3952575922012329,0.46590012311935425,0.99958735704422,0.23758988082408905,0.3949047923088074,0.4658578634262085,0.9996515512466431,0.24347035586833954,0.39399105310440063,0.46550264954566956,0.9995905756950378,0.19809317588806152,0.40268951654434204,0.19248400628566742,0.9994694590568542,0.25368213653564453,0.39596617221832275,0.2448251098394394,0.9996256828308105,0.21916024386882782,0.41342493891716003,0.437181681394577,0.999077320098877,0.2395080327987671,0.41203293204307556,0.45205119252204895,0.9990171194076538,0.15986379981040955,0.46339151263237,0.02614958956837654,0.9999499320983887,0.3394312858581543,0.44254469871520996,0.19802331924438477,0.9997376799583435,0.15125712752342224,0.5634251832962036,-0.01706830970942974,0.9187478423118591,0.35326510667800903,0.5418370962142944,0.2617577314376831,0.0850771814584732,0.12110656499862671,0.6389399766921997,0.034881338477134705,0.8557066917419434,0.28756049275398254,0.6224390864372253,0.3659745156764984,0.10381535440683365,0.10017669200897217,0.6533879637718201,0.017061088234186172,0.7829045653343201,0.2764703333377838,0.6386849284172058,0.40185844898223877,0.11253123730421066,0.09551095962524414,0.6503136157989502,0.04460325092077255,0.7641392946243286,0.2648109495639801,0.6404885053634644,0.38132980465888977,0.10766036808490753,0.1091228723526001,0.6445510983467102,0.04793747887015343,0.6866538524627686,0.26351332664489746,0.634783923625946,0.3633803129196167,0.09962297230958939,0.3736344575881958,0.6362483501434326,-0.046078458428382874,0.999993085861206,0.5011540055274963,0.5987029671669006,0.044956691563129425,0.9999243021011353,0.3808223009109497,0.7972189784049988,-0.08438123017549515,0.998782217502594,0.5780255794525146,0.5589871406555176,0.33826330304145813,0.8440245389938354,0.38982895016670227,0.9608747959136963,-0.28912901878356934,0.9960504174232483,0.5264896750450134,0.6890529990196228,0.3414357900619507,0.8791018724441528,0.40316909551620483,0.9833276271820068,-0.31257209181785583,0.992939829826355,0.5046337246894836,0.6943168640136719,0.3403621017932892,0.8834556937217712,0.3157808184623718,0.9677326679229736,-0.4454444944858551,0.95869380235672,0.5496556162834167,0.7288258671760559,0.35327842831611633,0.7809481024742126
U19_v1,34,1,0.1955156922340393,0.4109448790550232,0.7674917578697205,0.998816728591919,0.18645495176315308,0.4017378091812134,0.719147264957428,0.9987568855285645,0.17972418665885925,0.40248310565948486,0.7191499471664429,0.9984318614006042,0.17451804876327515,0.40291813015937805,0.7191567420959473,0.9988657236099243,0.20439770817756653,0.4009500741958618,0.7384290099143982,0.9992620348930359,0.21133995056152344,0.400600790977478,0.7383424639701843,0.9991251826286316,0.21784205734729767,0.40009593963623047,0.7379762530326843,0.9993897676467896,0.18184393644332886,0.40797483921051025,0.4966490864753723,0.998162567615509,0.23769544064998627,0.40422165393829346,0.5801737904548645,0.9994319081306458,0.19264554977416992,0.42271941900253296,0.6935688257217407,0.998915433883667,0.21135802567005157,0.42254289984703064,0.7178949117660522,0.9990800619125366,0.16820228099822998,0.4636976718902588,0.21821007132530212,0.9999533891677856,0.3218762278556824,0.4513239860534668,0.5848756432533264,0.9998685121536255,0.17348742485046387,0.5565113425254822,0.1351524293422699,0.849812388420105,0.2716941833496094,0.5549818873405457,0.5999494791030884,0.24798868596553802,0.13352593779563904,0.6252539753913879,0.11430933326482773,0.7615503668785095,0.1822681427001953,0.6356267929077148,0.5078664422035217,0.5599141716957092,0.12074992060661316,0.6414504647254944,0.06477562338113785,0.716134786605835,0.1577928364276886,0.6546517014503479,0.5101001858711243,0.539306104183197,0.10575366020202637,0.6322486996650696,0.1026349812746048,0.6946448087692261,0.151998370885849,0.6525833010673523,0.47085267305374146,0.5366045236587524,0.11704957485198975,0.6286752820014954,0.1287732720375061,0.6419344544410706,0.14861848950386047,0.6398531794548035,0.4912939667701721,0.513493001461029,0.4082189202308655,0.6162266731262207,-0.15047387778759003,0.9999954700469971,0.5288386344909668,0.5878688097000122,0.15008550882339478,0.9999570846557617,0.37727874517440796,0.782676637172699,-0.17293022572994232,0.9982946515083313,0.4878585934638977,0.6327501535415649,0.6713025569915771,0.4201350212097168,0.396780401468277,0.9505717754364014,-0.35394003987312317,0.9959337115287781,0.5511463284492493,0.7008796334266663,0.9409588575363159,0.5108213424682617,0.4156217873096466,0.9739897847175598,-0.3758189380168915,0.9916917085647583,0.5585678219795227,0.7138814330101013,0.9672634601593018,0.618877112865448,0.2990958094596863,0.9720651507377625,-0.5048619508743286,0.9659302830696106,0.52833092212677,0.7299506664276123,0.9904594421386719,0.5085684657096863
U19_v1,35,1,0.18349948525428772,0.4089689552783966,0.7133572101593018,0.998228132724762,0.17624440789222717,0.40075233578681946,0.657762348651886,0.9986361861228943,0.1712591052055359,0.40137797594070435,0.6578102707862854,0.9982898831367493,0.16646504402160645,0.4019339680671692,0.6577938199043274,0.9988189339637756,0.19769027829170227,0.3986053466796875,0.6843575835227966,0.9990687966346741,0.20771116018295288,0.3988949656486511,0.6842769980430603,0.998862624168396,0.21572089195251465,0.39828717708587646,0.6839014887809753,0.999180257320404,0.17275461554527283,0.4088830053806305,0.40579643845558167,0.9976112842559814,0.2336881309747696,0.40255206823349,0.5210081934928894,0.9990682005882263,0.17703357338905334,0.4200034737586975,0.6280933022499084,0.9982652068138123,0.20551636815071106,0.4191713035106659,0.6618729829788208,0.9984883069992065,0.17010772228240967,0.46006670594215393,0.13803085684776306,0.9999097585678101,0.33280041813850403,0.45118361711502075,0.5355342626571655,0.9993866682052612,0.17958787083625793,0.5602394342422485,0.07489080727100372,0.7733656764030457,0.30166494846343994,0.5505603551864624,0.5952520370483398,0.08085258305072784,0.16870921850204468,0.6205013990402222,0.06392685323953629,0.6202990412712097,0.1940043568611145,0.6148614287376404,0.5380532145500183,0.28195443749427795,0.15278545022010803,0.6277264952659607,0.023723065853118896,0.5686763525009155,0.1728764772415161,0.6246499419212341,0.5506325364112854,0.2969808280467987,0.1457236409187317,0.6194205284118652,0.05084620416164398,0.5411478877067566,0.15933561325073242,0.6179883480072021,0.5141204595565796,0.2970965504646301,0.15474340319633484,0.615800678730011,0.07598154246807098,0.48606640100479126,0.16557011008262634,0.6173334717750549,0.523537814617157,0.28256955742836,0.4067845642566681,0.618455708026886,-0.1565534770488739,0.9999939203262329,0.5249342322349548,0.5884151458740234,0.15612508356571198,0.9999386072158813,0.3739675283432007,0.7820597887039185,-0.19298382103443146,0.9977972507476807,0.4826400876045227,0.6293035745620728,0.7206755876541138,0.3019331991672516,0.39490070939064026,0.9496421813964844,-0.38606035709381104,0.9944157600402832,0.5506594777107239,0.7130063772201538,1.0082663297653198,0.42519503831863403,0.4165324866771698,0.975143551826477,-0.4055041968822479,0.9902063012123108,0.5634318590164185,0.7232075929641724,1.0387018918991089,0.5224586129188538,0.28930312395095825,0.9731175303459167,-0.5371335744857788,0.9537087082862854,0.5270015001296997,0.730466365814209,1.0702217817306519,0.41386279463768005
U19_v1,36,1,0.16357138752937317,0.39840859174728394,0.5222415328025818,0.9988314509391785,0.16323590278625488,0.3907639980316162,0.46497198939323425,0.9988778233528137,0.15986204147338867,0.3917151689529419,0.4649946093559265,0.9985281229019165,0.15607669949531555,0.39265814423561096,0.46501851081848145,0.9990849494934082,0.18004989624023438,0.3882330060005188,0.5004991292953491,0.9991528987884521,0.18713155388832092,0.38767343759536743,0.5004182457923889,0.9989128112792969,0.1939186453819275,0.38694632053375244,0.5000050663948059,0.9992682337760925,0.1669730544090271,0.40117526054382324,0.2483745515346527,0.9974090456962585,0.21638543903827667,0.3944293260574341,0.4005627930164337,0.9989619255065918,0.16811829805374146,0.4108847379684448,0.4522533416748047,0.9988344311714172,0.18683362007141113,0.40964046120643616,0.4971998631954193,0.998814582824707,0.16366970539093018,0.4517608880996704,-0.008903062902390957,0.9999445676803589,0.31099238991737366,0.44437354803085327,0.4840939939022064,0.9993599057197571,0.21445061266422272,0.5297826528549194,-0.2231512814760208,0.47263598442077637,0.2819232642650604,0.5402885675430298,0.5070948600769043,0.12116485089063644,0.2201911062002182,0.5794773697853088,-0.45677709579467773,0.6557694673538208,0.17927566170692444,0.5870674848556519,0.43560731410980225,0.34011122584342957,0.22543396055698395,0.5908490419387817,-0.5319719910621643,0.6951709389686584,0.1681431531906128,0.5942981839179993,0.46532943844795227,0.37323805689811707,0.20489580929279327,0.5826348066329956,-0.4896608293056488,0.6669785380363464,0.1602628231048584,0.5883640050888062,0.40065354108810425,0.3747890591621399,0.20592235028743744,0.580639123916626,-0.44419994950294495,0.6147505044937134,0.16251012682914734,0.5868912935256958,0.41024667024612427,0.36748769879341125,0.4208742678165436,0.617660403251648,-0.18494705855846405,0.9999914169311523,0.5290586948394775,0.5887370705604553,0.18488448858261108,0.9998749494552612,0.3746219575405121,0.7819505929946899,-0.26063233613967896,0.9962829947471619,0.47619161009788513,0.6392424702644348,0.7664947509765625,0.18372683227062225,0.3906190097332001,0.950151801109314,-0.48188304901123047,0.9944103360176086,0.5410866737365723,0.7193083763122559,1.1007715463638306,0.38913679122924805,0.414974570274353,0.9760164022445679,-0.5054764151573181,0.9897410869598389,0.5535615086555481,0.7328380346298218,1.1369471549987793,0.47987866401672363,0.28117039799690247,0.9740793704986572,-0.6490834355354309,0.9617679119110107,0.5101439952850342,0.740271270275116,1.1684578657150269,0.39739230275154114
U19_v1,37,1,0.17772290110588074,0.39402642846107483,0.761800229549408,0.998568058013916,0.17153456807136536,0.38644036650657654,0.6995387673377991,0.998337984085083,0.16581329703330994,0.38734936714172363,0.6996654868125916,0.9980471134185791,0.15996095538139343,0.3882282078266144,0.6998040676116943,0.9985501170158386,0.19361570477485657,0.38472604751586914,0.7296507358551025,0.9986897110939026,0.20142339169979095,0.3844221830368042,0.7295580506324768,0.9982829093933105,0.20937976241111755,0.38416457176208496,0.7291655540466309,0.9983920454978943,0.16690963506698608,0.3975999355316162,0.45841750502586365,0.997236967086792,0.22820144891738892,0.3920629024505615,0.5912033319473267,0.9978905320167542,0.17612868547439575,0.4066702425479889,0.6839421391487122,0.9986696243286133,0.19933606684207916,0.4061763882637024,0.7224404215812683,0.9981574416160583,0.14999258518218994,0.4454845190048218,0.14290571212768555,0.9999749660491943,0.3209523856639862,0.4406094551086426,0.636486291885376,0.9993801116943359,0.21586517989635468,0.5041399002075195,-0.23012866079807281,0.359058141708374,0.29921793937683105,0.5141230225563049,0.5799148678779602,0.08053980767726898,0.23633764684200287,0.5632924437522888,-0.6438924670219421,0.651857852935791,0.21176788210868835,0.5611987709999084,0.4239215552806854,0.359130322933197,0.25245457887649536,0.5743700861930847,-0.7568893432617188,0.6983171105384827,0.19434815645217896,0.5730615854263306,0.4216074049472809,0.4257858097553253,0.2505142092704773,0.5729270577430725,-0.7234634160995483,0.6867470145225525,0.18517914414405823,0.5680737495422363,0.36441144347190857,0.4249558746814728,0.24581363797187805,0.5700763463973999,-0.640307605266571,0.6381601095199585,0.1887153685092926,0.5661571025848389,0.39907509088516235,0.4078480005264282,0.40512675046920776,0.6161984205245972,-0.23151752352714539,0.9999978542327881,0.5160014033317566,0.5875610113143921,0.23128642141819,0.9999570846557617,0.374274879693985,0.7737478613853455,-0.37684035301208496,0.9977988600730896,0.4746449291706085,0.6464906930923462,0.8692118525505066,0.24234630167484283,0.3896631896495819,0.9509565234184265,-0.6357998847961426,0.9942471981048584,0.5301814079284668,0.731142520904541,1.242810606956482,0.379067987203598,0.41860535740852356,0.9766154289245605,-0.6662029027938843,0.986089825630188,0.5497345924377441,0.7473026514053345,1.2773971557617188,0.3977726995944977,0.28315412998199463,0.9757140874862671,-0.8448214530944824,0.9610875844955444,0.4928162693977356,0.7616727352142334,1.2731486558914185,0.36640292406082153
U19_v1,38,1,0.15638303756713867,0.3830955922603607,0.6117647290229797,0.997911274433136,0.15439355373382568,0.37812864780426025,0.5445727109909058,0.9979308843612671,0.14915120601654053,0.3795734643936157,0.5447294116020203,0.9974997639656067,0.14402595162391663,0.38103172183036804,0.544833242893219,0.9980257749557495,0.17542073130607605,0.3748469650745392,0.5766199827194214,0.9981953501701355,0.18335944414138794,0.3742164373397827,0.5765465497970581,0.9977601766586304,0.19055058062076569,0.3736864924430847,0.5761502981185913,0.99797123670578,0.15505000948905945,0.3902107775211334,0.306781530380249,0.9971146583557129,0.21226321160793304,0.3830801546573639,0.4459724426269531,0.9976431727409363,0.15744364261627197,0.3954768180847168,0.5366376638412476,0.9986530542373657,0.1803331971168518,0.3939169943332672,0.5771685838699341,0.9983903169631958,0.14817151427268982,0.44365817308425903,0.01185730379074812,0.9999624490737915,0.2950511872768402,0.4284922778606415,0.5122123956680298,0.999530553817749,0.2184271216392517,0.5075953602790833,-0.3383152186870575,0.3552382290363312,0.26279932260513306,0.5017931461334229,0.4346897602081299,0.1237298995256424,0.255368709564209,0.5574551224708557,-0.7134249806404114,0.6484854221343994,0.17839571833610535,0.5595024228096008,0.22271355986595154,0.4775787591934204,0.28340432047843933,0.5709758996963501,-0.8287217617034912,0.6990527510643005,0.163479745388031,0.5749294757843018,0.2158573567867279,0.5392370820045471,0.28398191928863525,0.568854808807373,-0.7988364696502686,0.6819961667060852,0.15025940537452698,0.5766667127609253,0.15478739142417908,0.5452811121940613,0.27386003732681274,0.5632787346839905,-0.7131040692329407,0.6411138772964478,0.15095928311347961,0.5738492012023926,0.19412294030189514,0.5205328464508057,0.400511234998703,0.6138587594032288,-0.23135754466056824,0.9999946355819702,0.500461995601654,0.5863559246063232,0.23122447729110718,0.9999234676361084,0.3719016909599304,0.782747745513916,-0.2724449932575226,0.9983457326889038,0.46503177285194397,0.6471194624900818,0.7635446190834045,0.27432331442832947,0.3851994276046753,0.9470725059509277,-0.3869501054286957,0.9957268238067627,0.5181550979614258,0.7459482550621033,1.1584172248840332,0.4958573877811432,0.4119580090045929,0.9743225574493408,-0.4023185968399048,0.9874429106712341,0.5630510449409485,0.7599599361419678,1.1972439289093018,0.4775325357913971,0.28356748819351196,0.9695509672164917,-0.5681103467941284,0.9633826017379761,0.4745340645313263,0.771942138671875,1.1808565855026245,0.4569929242134094
U19_v1,39,1,0.17794081568717957,0.3888835906982422,0.5175241827964783,0.9978848099708557,0.16980549693107605,0.380281925201416,0.44741570949554443,0.9979398846626282,0.16398224234580994,0.3810354471206665,0.4475941061973572,0.9975250363349915,0.1577436923980713,0.3818128705024719,0.44771891832351685,0.9979547262191772,0.18964320421218872,0.3780672550201416,0.48347699642181396,0.9980968832969666,0.19598990678787231,0.3771892189979553,0.48340946435928345,0.9976759552955627,0.20191125571727753,0.37643539905548096,0.4830513000488281,0.9979129433631897,0.16493794322013855,0.3890032470226288,0.21803593635559082,0.9967381358146667,0.21945394575595856,0.3822421133518219,0.3752228319644928,0.9972537159919739,0.17824044823646545,0.39916664361953735,0.44640642404556274,0.9986109733581543,0.1978839784860611,0.3981037735939026,0.49245837330818176,0.9983733892440796,0.1514807641506195,0.4418969750404358,-0.05572754889726639,0.9999634027481079,0.29181867837905884,0.42869508266448975,0.45595884323120117,0.9994654059410095,0.23841814696788788,0.5094851851463318,-0.40220463275909424,0.436350554227829,0.2687215805053711,0.5005272030830383,0.42047587037086487,0.15807925164699554,0.27376115322113037,0.5508204698562622,-0.7879742383956909,0.7573788166046143,0.18122301995754242,0.5444113612174988,0.2536129355430603,0.49802643060684204,0.29918402433395386,0.5613728761672974,-0.90168696641922,0.8001284003257751,0.1453138291835785,0.5521449446678162,0.2563471496105194,0.5471007227897644,0.30111807584762573,0.561093270778656,-0.8741517663002014,0.7872436046600342,0.14051347970962524,0.5477808117866516,0.1862681657075882,0.5563732981681824,0.2923559546470642,0.5581459999084473,-0.7890664935112,0.744536817073822,0.15060561895370483,0.5467200875282288,0.22247351706027985,0.5382564663887024,0.3988385796546936,0.6138851046562195,-0.22827251255512238,0.9999910593032837,0.4894214868545532,0.5907514095306396,0.22820156812667847,0.9998629093170166,0.36193791031837463,0.7630535960197449,-0.2934395968914032,0.998370349407196,0.4495956003665924,0.6552600860595703,0.6972989439964294,0.3232826590538025,0.3892710208892822,0.9410426616668701,-0.419842004776001,0.997067391872406,0.5061219334602356,0.7647696733474731,1.0624395608901978,0.5513597726821899,0.4146329462528229,0.9643042087554932,-0.4353882372379303,0.9905189871788025,0.526363730430603,0.7854703664779663,1.0999665260314941,0.5174288749694824,0.2877260148525238,0.9674237966537476,-0.5984578132629395,0.9754151105880737,0.47329968214035034,0.7859616279602051,1.0828542709350586,0.5031773447990417
U19_v1,40,1,0.17958439886569977,0.3884510099887848,0.35015809535980225,0.9984921216964722,0.17439541220664978,0.3808932900428772,0.2883436977863312,0.9986780285835266,0.16960541903972626,0.38146525621414185,0.28854212164878845,0.9981990456581116,0.1641334593296051,0.3819200396537781,0.2886447608470917,0.9986894726753235,0.18989859521389008,0.37863701581954956,0.3298250436782837,0.9987753033638,0.19535891711711884,0.3778442442417145,0.3297714591026306,0.9983653426170349,0.20158708095550537,0.3775824308395386,0.32942527532577515,0.9987296462059021,0.17086057364940643,0.38879790902137756,0.10710020363330841,0.9974002838134766,0.21770428121089935,0.38368943333625793,0.2896132171154022,0.9982337951660156,0.17844390869140625,0.3977057933807373,0.2954227030277252,0.9991245865821838,0.1944020390510559,0.39684581756591797,0.3491079807281494,0.9990541338920593,0.17325127124786377,0.43909478187561035,-0.13666470348834991,0.999963641166687,0.29725557565689087,0.430264949798584,0.4181666076183319,0.9992268085479736,0.2614792585372925,0.49955201148986816,-0.4877001643180847,0.5467267036437988,0.2612420618534088,0.506279468536377,0.41252756118774414,0.11693143844604492,0.3036799430847168,0.5378724336624146,-0.8821289539337158,0.7716971635818481,0.1792459636926651,0.5424013137817383,0.2870166301727295,0.4014730751514435,0.3361808657646179,0.5470245480537415,-0.9923343658447266,0.7950913906097412,0.14362359046936035,0.54942387342453,0.3048900067806244,0.43245986104011536,0.3320554792881012,0.5472912192344666,-0.961696207523346,0.7761714458465576,0.12403249740600586,0.5505995750427246,0.21981950104236603,0.4413185715675354,0.3088063895702362,0.5470743775367737,-0.8818293809890747,0.729983389377594,0.13841977715492249,0.5495908260345459,0.2515157163143158,0.4367580711841583,0.3894576132297516,0.6228166818618774,-0.22894003987312317,0.9999861717224121,0.4851982295513153,0.6004075407981873,0.2288685441017151,0.9997461438179016,0.3514309227466583,0.7695078253746033,-0.3004647195339203,0.9976578950881958,0.4434264302253723,0.6624757051467896,0.7539947628974915,0.21257591247558594,0.3904242217540741,0.9472652077674866,-0.4772037863731384,0.9963723421096802,0.48328521847724915,0.7798730731010437,1.1456265449523926,0.4977762997150421,0.41769707202911377,0.9721921682357788,-0.5007883310317993,0.987691342830658,0.5114239454269409,0.804064154624939,1.1848348379135132,0.5076740980148315,0.26288020610809326,0.9772042036056519,-0.6862832307815552,0.9744661450386047,0.4451672434806824,0.7910670638084412,1.1794910430908203,0.5106778740882874
U19_v1,41,1,0.1809958517551422,0.38859856128692627,0.3531406819820404,0.9979057312011719,0.17695139348506927,0.3805088996887207,0.28717106580734253,0.9981973767280579,0.17187754809856415,0.38100385665893555,0.28738632798194885,0.997538685798645,0.166128009557724,0.3814716935157776,0.2874550223350525,0.9981572031974792,0.19289329648017883,0.3781070113182068,0.3284054398536682,0.9983023405075073,0.1981339156627655,0.3771159052848816,0.32834967970848083,0.9977438449859619,0.2033175230026245,0.3760439455509186,0.3279607594013214,0.9982720613479614,0.17083799839019775,0.3883165717124939,0.0994960218667984,0.9965380430221558,0.21643249690532684,0.38198864459991455,0.280701607465744,0.9977855682373047,0.17788605391979218,0.3976103663444519,0.29719898104667664,0.9988590478897095,0.19357536733150482,0.3968484401702881,0.3506816625595093,0.9987584352493286,0.16623766720294952,0.4354679584503174,-0.14744900166988373,0.9999427795410156,0.29987281560897827,0.4305773973464966,0.4080207347869873,0.9989722967147827,0.2682700753211975,0.4990220069885254,-0.509678304195404,0.5335109233856201,0.26364660263061523,0.5124025344848633,0.3883991539478302,0.08866558969020844,0.3383367955684662,0.5375595092773438,-0.9103609919548035,0.6887189149856567,0.16295556724071503,0.5500278472900391,0.2628103792667389,0.29138338565826416,0.36161497235298157,0.5519065856933594,-1.0192595720291138,0.7190603017807007,0.1390666365623474,0.5694140791893005,0.2802734076976776,0.3155185878276825,0.3525376319885254,0.546235978603363,-0.9912801384925842,0.6938427686691284,0.10699078440666199,0.5551896691322327,0.19660566747188568,0.3195304274559021,0.34376537799835205,0.5435517430305481,-0.9124131798744202,0.6520330309867859,0.12135815620422363,0.5549826622009277,0.22680671513080597,0.32373157143592834,0.37819549441337585,0.6258035898208618,-0.2310490757226944,0.9999735355377197,0.47139793634414673,0.6074609160423279,0.2311132252216339,0.9995900988578796,0.35274040699005127,0.7729611396789551,-0.2901269495487213,0.9981763362884521,0.4211783707141876,0.6795065402984619,0.7434961795806885,0.27042141556739807,0.3884665071964264,0.9501975774765015,-0.44923460483551025,0.9970123767852783,0.46871957182884216,0.7937454581260681,1.1443649530410767,0.610408365726471,0.4186287224292755,0.977112889289856,-0.4729803502559662,0.9901519417762756,0.49220719933509827,0.8128482103347778,1.1830140352249146,0.6347383260726929,0.27204883098602295,0.9753764867782593,-0.6756661534309387,0.9794084429740906,0.41436854004859924,0.8121911287307739,1.169105052947998,0.6118431091308594
U19_v1,42,1,0.17991845309734344,0.38541272282600403,0.4756324291229248,0.9965895414352417,0.17465141415596008,0.3767300844192505,0.4085308611392975,0.9965471625328064,0.1686428189277649,0.37687480449676514,0.40873247385025024,0.9955398440361023,0.16200371086597443,0.377027690410614,0.4087260365486145,0.996593177318573,0.19016529619693756,0.37574389576911926,0.44192829728126526,0.9968480467796326,0.19697105884552002,0.37471190094947815,0.4418923556804657,0.9958329796791077,0.20195019245147705,0.3739806115627289,0.4413931369781494,0.9967933297157288,0.16389095783233643,0.382890909910202,0.20755137503147125,0.9947681427001953,0.21366670727729797,0.3783421516418457,0.35178542137145996,0.9962223768234253,0.17547503113746643,0.3932603597640991,0.4163113236427307,0.9977239966392517,0.19168584048748016,0.3925582468509674,0.4587099254131317,0.9973560571670532,0.1592319905757904,0.42748722434043884,-0.06059205159544945,0.999943733215332,0.2951390743255615,0.42763930559158325,0.4550118148326874,0.9985322952270508,0.2644069790840149,0.49049267172813416,-0.3719114661216736,0.5994967818260193,0.27611202001571655,0.50245201587677,0.4114513695240021,0.0774463340640068,0.3415727913379669,0.5383374094963074,-0.698417067527771,0.6299147605895996,0.20084060728549957,0.5383135080337524,0.2903475761413574,0.17233769595623016,0.3832916021347046,0.5580186247825623,-0.7930838465690613,0.6380840539932251,0.20259439945220947,0.5492659211158752,0.3027624487876892,0.1920565366744995,0.3828904330730438,0.5576926469802856,-0.7707947492599487,0.6099570989608765,0.19283181428909302,0.547711193561554,0.2397497594356537,0.191942498087883,0.3672335743904114,0.5473434925079346,-0.6997606158256531,0.5792560577392578,0.19705994427204132,0.5453798174858093,0.26197555661201477,0.19186243414878845,0.3594319522380829,0.6244668960571289,-0.2262115627527237,0.9999592304229736,0.4630206227302551,0.6087644100189209,0.2264145165681839,0.9994117021560669,0.3445897400379181,0.7710374593734741,-0.30174484848976135,0.9991140961647034,0.41777390241622925,0.6997306942939758,0.7210173010826111,0.3105058968067169,0.3909386694431305,0.9514315724372864,-0.43960076570510864,0.9960667490959167,0.4471812844276428,0.8074721097946167,1.145117163658142,0.5910279154777527,0.41615816950798035,0.9743123054504395,-0.4586763083934784,0.9889074563980103,0.47122639417648315,0.8307133913040161,1.1864945888519287,0.6326944231987,0.2906104028224945,0.9762583374977112,-0.6575149893760681,0.974102795124054,0.3892642557621002,0.8227534890174866,1.1634222269058228,0.5651246905326843
U19_v1,43,1,0.20271135866641998,0.3840927481651306,0.6079683303833008,0.9983002543449402,0.19192834198474884,0.3763556480407715,0.5465245842933655,0.9982929825782776,0.18586495518684387,0.37677305936813354,0.5466160178184509,0.9983226656913757,0.179525226354599,0.37714213132858276,0.546560525894165,0.9983617663383484,0.2097965031862259,0.37363624572753906,0.5525487065315247,0.998354434967041,0.21554119884967804,0.3724483847618103,0.5525745153427124,0.9983057975769043,0.22162051498889923,0.37119948863983154,0.5521672368049622,0.9981321692466736,0.1739058494567871,0.3816486597061157,0.3270307779312134,0.9982871413230896,0.22936981916427612,0.37547552585601807,0.3492758572101593,0.997945249080658,0.1994587481021881,0.39087849855422974,0.5397243499755859,0.998430073261261,0.2160385698080063,0.38919755816459656,0.5464627146720886,0.9979739785194397,0.16832222044467926,0.43007218837738037,0.08154525607824326,0.9999058246612549,0.29462045431137085,0.42127442359924316,0.3151315748691559,0.9989757537841797,0.2710420489311218,0.4991394877433777,-0.2313387393951416,0.46752268075942993,0.34070536494255066,0.5020248889923096,0.17445971071720123,0.36083489656448364,0.38008004426956177,0.5425264835357666,-0.5784541368484497,0.6114012002944946,0.3697783946990967,0.5510300993919373,-0.035715773701667786,0.46801722049713135,0.417738139629364,0.5562190413475037,-0.6610578894615173,0.6245203018188477,0.402300626039505,0.5795575380325317,-0.04971925914287567,0.4827549159526825,0.4164794087409973,0.5583958625793457,-0.6545445322990417,0.6089910268783569,0.3847335875034332,0.5710688829421997,-0.08012636005878448,0.4649483263492584,0.4070790708065033,0.5548102855682373,-0.587629497051239,0.5818843245506287,0.38342535495758057,0.565034031867981,-0.05096713453531265,0.42381569743156433,0.3487476110458374,0.626278817653656,-0.1509130597114563,0.9999440908432007,0.4454594850540161,0.6067149639129639,0.15109887719154358,0.9994494318962097,0.34744998812675476,0.7799994945526123,-0.24008530378341675,0.9982632994651794,0.4001459777355194,0.7234184145927429,0.43671268224716187,0.7023910284042358,0.3898480534553528,0.9488741159439087,-0.36226868629455566,0.9923484325408936,0.42639294266700745,0.8381984233856201,0.6668166518211365,0.7990762591362,0.4181704819202423,0.9722977876663208,-0.38169899582862854,0.9862157106399536,0.4377279281616211,0.8591055274009705,0.6872674226760864,0.7923104166984558,0.32476988434791565,0.9740989804267883,-0.5703593492507935,0.9599375128746033,0.3949560523033142,0.8633556365966797,0.6040709614753723,0.7306023836135864
U19_v1,44,1,0.19487689435482025,0.3826208710670471,0.4757995903491974,0.9989407658576965,0.1831970065832138,0.37451857328414917,0.4229944348335266,0.9986017346382141,0.1782979965209961,0.3744852542877197,0.423112154006958,0.9985390901565552,0.1728951632976532,0.37452518939971924,0.4230615496635437,0.998498797416687,0.19877879321575165,0.37255755066871643,0.4253420829772949,0.9988104104995728,0.20346061885356903,0.37143898010253906,0.4253442883491516,0.9987842440605164,0.20806929469108582,0.37032946944236755,0.42488527297973633,0.9986975193023682,0.17204861342906952,0.37895047664642334,0.26495006680488586,0.9987210631370544,0.21702224016189575,0.3732517957687378,0.26648950576782227,0.9987899661064148,0.19264355301856995,0.3906702399253845,0.4310595691204071,0.9990018010139465,0.2078838348388672,0.38930293917655945,0.4318751394748688,0.9989357590675354,0.1825057864189148,0.42518144845962524,0.07067041844129562,0.9999099969863892,0.27352601289749146,0.4184127449989319,0.24510487914085388,0.999622106552124,0.29651084542274475,0.4882267713546753,-0.2141941338777542,0.6341158151626587,0.3247068524360657,0.48937177658081055,0.0849294662475586,0.5386413931846619,0.41188204288482666,0.5538193583488464,-0.5416486859321594,0.7825666069984436,0.3458253741264343,0.5562661290168762,-0.13502952456474304,0.6330782771110535,0.45063167810440063,0.5700390338897705,-0.620274543762207,0.7689384818077087,0.34436625242233276,0.577870786190033,-0.15385231375694275,0.6244522333145142,0.4485386610031128,0.5728488564491272,-0.6180944442749023,0.7572094798088074,0.33443811535835266,0.5734496712684631,-0.184921994805336,0.6060963869094849,0.43623149394989014,0.5681845545768738,-0.5526732206344604,0.7344436645507812,0.35023033618927,0.5740837454795837,-0.15094943344593048,0.5613805651664734,0.3438505530357361,0.6167483925819397,-0.12173964828252792,0.999901533126831,0.42332714796066284,0.6051063537597656,0.12203358858823776,0.999398946762085,0.35091543197631836,0.7664617300033569,-0.21172937750816345,0.9972946047782898,0.3912207782268524,0.7400450110435486,0.31145310401916504,0.7822608351707458,0.37723836302757263,0.9381918907165527,-0.29634255170822144,0.9829176068305969,0.4049498438835144,0.8569949865341187,0.5210158228874207,0.8534822463989258,0.4030345380306244,0.9624918699264526,-0.31382036209106445,0.9786291122436523,0.4171123504638672,0.8777592182159424,0.5376809239387512,0.8649231195449829,0.341459721326828,0.9737426042556763,-0.5031305551528931,0.9418892860412598,0.3908090889453888,0.8848497271537781,0.4222516417503357,0.8096305727958679
U19_v1,45,1,0.1913307011127472,0.39243894815444946,0.35427284240722656,0.9995346069335938,0.18379153311252594,0.3826524615287781,0.3069884777069092,0.9992824196815491,0.18076357245445251,0.38227277994155884,0.30695071816444397,0.9992747902870178,0.17734387516975403,0.3820025622844696,0.30688154697418213,0.9992740750312805,0.19269318878650665,0.3820503354072571,0.32234519720077515,0.9993149042129517,0.19544780254364014,0.3804880678653717,0.3223244249820709,0.9992291927337646,0.19835008680820465,0.3798151910305023,0.32202664017677307,0.9991962313652039,0.18046611547470093,0.38395917415618896,0.19013164937496185,0.9994088411331177,0.20912441611289978,0.3817735016345978,0.2501104176044464,0.999028205871582,0.1951841413974762,0.3991842567920685,0.32624247670173645,0.9994164705276489,0.20246712863445282,0.3987213969230652,0.34417346119880676,0.9992349147796631,0.1923937052488327,0.4248708486557007,0.029955577105283737,0.9999715089797974,0.2760787606239319,0.42192113399505615,0.2925754189491272,0.999578058719635,0.3264610469341278,0.4887573719024658,-0.17261503636837006,0.9019655585289001,0.347505658864975,0.4910827875137329,0.1804373860359192,0.5343678593635559,0.43065065145492554,0.5585216283798218,-0.42120161652565,0.9087284803390503,0.41463860869407654,0.5653412342071533,-0.028821265324950218,0.5715607404708862,0.466508686542511,0.5779272317886353,-0.4887046813964844,0.879176676273346,0.4163394570350647,0.5856955051422119,-0.044223811477422714,0.5738005638122559,0.46348536014556885,0.5804410576820374,-0.48703432083129883,0.8749810457229614,0.4348192811012268,0.5827393531799316,-0.09149336069822311,0.560738742351532,0.4475978910923004,0.5763954520225525,-0.4271067678928375,0.8530840277671814,0.43253588676452637,0.5769204497337341,-0.05161097273230553,0.5254318118095398,0.34362131357192993,0.6170130968093872,-0.12805193662643433,0.9997292160987854,0.4045245945453644,0.609029233455658,0.12796564400196075,0.9986124038696289,0.33271098136901855,0.7620651721954346,-0.18490198254585266,0.9676367044448853,0.36303645372390747,0.7501242756843567,0.12161698192358017,0.5128409266471863,0.3761392831802368,0.9254945516586304,-0.2189691662788391,0.9252615571022034,0.3774834871292114,0.8996530771255493,0.16488829255104065,0.49734094738960266,0.41022348403930664,0.9500728845596313,-0.22956719994544983,0.8964350819587708,0.3908102214336395,0.912591814994812,0.16701550781726837,0.5580053329467773,0.3234449326992035,0.9699693918228149,-0.3909304738044739,0.8419513702392578,0.3266555666923523,0.9296514391899109,0.03157276287674904,0.48477181792259216
U19_v1,46,1,0.1749347448348999,0.3980967402458191,0.33465245366096497,0.9975417852401733,0.17047713696956635,0.38956013321876526,0.2822290360927582,0.9965494871139526,0.16816282272338867,0.38951316475868225,0.2821899950504303,0.9962092638015747,0.16511349380016327,0.3895198106765747,0.28212711215019226,0.996528685092926,0.17904631793498993,0.3884703516960144,0.3247072398662567,0.9972348809242249,0.18280301988124847,0.38771215081214905,0.32463836669921875,0.9967613816261292,0.1859474927186966,0.3870488405227661,0.324249267578125,0.9973812699317932,0.17399948835372925,0.39126142859458923,0.13697449862957,0.9957951307296753,0.20812664926052094,0.3868563771247864,0.320205420255661,0.9968697428703308,0.1811329871416092,0.4054744243621826,0.2930150628089905,0.9954349398612976,0.1893680989742279,0.40424400568008423,0.3467807471752167,0.9955998659133911,0.20130936801433563,0.43443167209625244,-0.07992483675479889,0.9998314380645752,0.3192579746246338,0.43460750579833984,0.4036586880683899,0.9986236095428467,0.30949321389198303,0.5086515545845032,-0.25018027424812317,0.8986179232597351,0.4078691005706787,0.5086800456047058,0.44693437218666077,0.23126733303070068,0.41438058018684387,0.5771076679229736,-0.3924589157104492,0.745060920715332,0.44009509682655334,0.5661050081253052,0.42794039845466614,0.18289220333099365,0.44387632608413696,0.5921460390090942,-0.4383731186389923,0.7020259499549866,0.45784369111061096,0.5812687873840332,0.4512994885444641,0.19985836744308472,0.4385361969470978,0.5927414894104004,-0.4223088324069977,0.6919682025909424,0.46263840794563293,0.5805941224098206,0.3953007161617279,0.19710376858711243,0.4198799133300781,0.5885991454124451,-0.3882097899913788,0.6748436093330383,0.45853137969970703,0.575465738773346,0.4051710069179535,0.19296316802501678,0.3268585503101349,0.6283423900604248,-0.18768136203289032,0.9986735582351685,0.4007534980773926,0.6176625490188599,0.1875370740890503,0.9950752854347229,0.3044397830963135,0.7716037034988403,-0.2179025411605835,0.938867449760437,0.34031474590301514,0.760874330997467,0.12370532751083374,0.24586212635040283,0.364376425743103,0.9261479377746582,-0.26139551401138306,0.8595649003982544,0.3636252284049988,0.9065960049629211,0.11921117454767227,0.21237581968307495,0.4037676453590393,0.9492779970169067,-0.2661610543727875,0.8541732430458069,0.39873072504997253,0.9333803057670593,0.11612582951784134,0.3104117512702942,0.3052440583705902,0.9830746650695801,-0.37971287965774536,0.7946997880935669,0.3052755296230316,0.9470856189727783,0.003950437996536493,0.24824030697345734
U19_v1,47,1,0.17146137356758118,0.4013674855232239,0.23094585537910461,0.9989945292472839,0.1701556146144867,0.3920230269432068,0.17965352535247803,0.9985854625701904,0.1692812144756317,0.3920859396457672,0.17960968613624573,0.9984865188598633,0.16753658652305603,0.392219603061676,0.17956885695457458,0.9986621141433716,0.17591315507888794,0.39077872037887573,0.2264389544725418,0.9988631010055542,0.1803952157497406,0.3899109363555908,0.22635604441165924,0.9986640214920044,0.1838604360818863,0.38920241594314575,0.22597156465053558,0.9989641904830933,0.17906248569488525,0.39546525478363037,0.04077720269560814,0.9982556700706482,0.2088475376367569,0.39067256450653076,0.24239586293697357,0.9989448189735413,0.1806974858045578,0.4091569483280182,0.19145110249519348,0.997857391834259,0.18705157935619354,0.4080278277397156,0.2504875361919403,0.9980512857437134,0.2121894657611847,0.4414045810699463,-0.16259615123271942,0.9998904466629028,0.3232899308204651,0.4413343071937561,0.3598058223724365,0.9988632202148438,0.3160207271575928,0.5184464454650879,-0.30717477202415466,0.9397210478782654,0.41425421833992004,0.5156949758529663,0.4576985836029053,0.18744733929634094,0.41680067777633667,0.5854337215423584,-0.42118677496910095,0.7639899849891663,0.4481351971626282,0.5700541138648987,0.5179972052574158,0.15523193776607513,0.45468902587890625,0.6029314994812012,-0.4577781856060028,0.722362756729126,0.4572356641292572,0.5855403542518616,0.5581067800521851,0.18011708557605743,0.443781316280365,0.6047013401985168,-0.44559749960899353,0.7125095129013062,0.46195530891418457,0.5854340195655823,0.5071192383766174,0.17910335958003998,0.43353602290153503,0.5973848104476929,-0.416360467672348,0.6968773007392883,0.45808616280555725,0.5810226202011108,0.500214695930481,0.16978313028812408,0.31636351346969604,0.6332170367240906,-0.19407035410404205,0.9987724423408508,0.39663591980934143,0.6272302269935608,0.19392015039920807,0.9957687854766846,0.2683876156806946,0.7759214043617249,-0.2022535353899002,0.9609648585319519,0.33922699093818665,0.7635409235954285,0.1648646891117096,0.30906835198402405,0.35125452280044556,0.9194388389587402,-0.24366043508052826,0.9185841679573059,0.3616351783275604,0.9012258648872375,0.1583934873342514,0.2919730246067047,0.3950749933719635,0.9385493993759155,-0.24511632323265076,0.925208568572998,0.3987766206264496,0.9285618662834167,0.15446460247039795,0.4012601375579834,0.2951440215110779,0.972926139831543,-0.3128373622894287,0.8957074284553528,0.3083624839782715,0.9360747337341309,0.07740145921707153,0.3496759831905365
U19_v1,48,1,0.17632009088993073,0.40072375535964966,0.23120184242725372,0.9993034601211548,0.17334668338298798,0.38990163803100586,0.1721048802137375,0.998995840549469,0.17040178179740906,0.39034390449523926,0.1721232682466507,0.9989720582962036,0.16666419804096222,0.3908713459968567,0.17206217348575592,0.999025821685791,0.18424825370311737,0.38752520084381104,0.22139394283294678,0.9990183115005493,0.1888461410999298,0.3863670825958252,0.22129006683826447,0.9988731741905212,0.19594301283359528,0.38497114181518555,0.2209092676639557,0.9990010857582092,0.17776082456111908,0.3952504098415375,0.0031183117534965277,0.9988704323768616,0.22137869894504547,0.38778385519981384,0.21270684897899628,0.9991127848625183,0.18221987783908844,0.4105626940727234,0.17980614304542542,0.9986076951026917,0.19392593204975128,0.4093950688838959,0.24070189893245697,0.9985818862915039,0.20586054027080536,0.447772741317749,-0.22476744651794434,0.9998997449874878,0.3206028938293457,0.44398486614227295,0.34500324726104736,0.9983769655227661,0.3148573040962219,0.530961275100708,-0.3474099934101105,0.952186644077301,0.4133223593235016,0.5074455142021179,0.43237876892089844,0.10668247938156128,0.42825931310653687,0.5851224660873413,-0.37978750467300415,0.8400420546531677,0.4247310161590576,0.5419015884399414,0.47059714794158936,0.08709590137004852,0.4598468840122223,0.6073627471923828,-0.41642677783966064,0.7990881204605103,0.4337383806705475,0.5523619651794434,0.5093721747398376,0.12315819412469864,0.46033555269241333,0.6089032888412476,-0.411616712808609,0.7963976860046387,0.42020970582962036,0.5515766739845276,0.4640235900878906,0.12560096383094788,0.4489046037197113,0.6036416888237,-0.37769052386283875,0.7848967909812927,0.41515421867370605,0.5482698678970337,0.453124076128006,0.12247127294540405,0.3044721484184265,0.6421947479248047,-0.2173532098531723,0.9990116357803345,0.38609960675239563,0.634324848651886,0.2172069400548935,0.997031569480896,0.24214592576026917,0.781446099281311,-0.19959881901741028,0.9830684661865234,0.32709547877311707,0.770642876625061,0.21788695454597473,0.4175280034542084,0.3594279885292053,0.9187641143798828,-0.20494340360164642,0.9616860151290894,0.36534997820854187,0.906403124332428,0.2508414685726166,0.46912989020347595,0.397341787815094,0.9275758862495422,-0.20160342752933502,0.9668614864349365,0.39786234498023987,0.9216761589050293,0.24779807031154633,0.5506782531738281,0.3166671693325043,0.9848209619522095,-0.24230018258094788,0.9384875297546387,0.3190874755382538,0.949417233467102,0.16511769592761993,0.4650361239910126
U19_v1,49,1,0.18329757452011108,0.4034541845321655,0.2665214240550995,0.9999158382415771,0.18046724796295166,0.39294642210006714,0.20287972688674927,0.9998700618743896,0.17748278379440308,0.3935191035270691,0.20298735797405243,0.9998611211776733,0.1739310622215271,0.3942996561527252,0.20294031500816345,0.9998568296432495,0.19301487505435944,0.3904023766517639,0.24474196135997772,0.9998817443847656,0.19839027523994446,0.3893004357814789,0.24466241896152496,0.9998680353164673,0.20354542136192322,0.3883381485939026,0.24426041543483734,0.9998736381530762,0.18498824536800385,0.3987298607826233,0.019433964043855667,0.9998723268508911,0.22480009496212006,0.3913288414478302,0.19434745609760284,0.999924898147583,0.18850895762443542,0.41243383288383484,0.20929968357086182,0.9998676776885986,0.20282253623008728,0.4104158580303192,0.2598535418510437,0.9998700618743896,0.20795316994190216,0.4524531364440918,-0.1980004757642746,0.99996018409729,0.3241223990917206,0.44523507356643677,0.30132248997688293,0.9996309280395508,0.32982301712036133,0.5295801162719727,-0.30999472737312317,0.9675774574279785,0.41448718309402466,0.513438880443573,0.3393186032772064,0.1288016438484192,0.44640785455703735,0.5901857614517212,-0.3309122323989868,0.9022008776664734,0.41294097900390625,0.5414877533912659,0.2985222339630127,0.14451685547828674,0.4775034785270691,0.6066773533821106,-0.36558669805526733,0.8632361888885498,0.4178800880908966,0.5541187524795532,0.3268400728702545,0.20069338381290436,0.472016304731369,0.6075148582458496,-0.36675336956977844,0.8616797924041748,0.3870716691017151,0.5370470285415649,0.282592236995697,0.20561598241329193,0.4721113443374634,0.6022210121154785,-0.331114262342453,0.8569244146347046,0.39057356119155884,0.5382917523384094,0.2803967595100403,0.20552751421928406,0.295675128698349,0.6481894850730896,-0.1994025558233261,0.9996229410171509,0.3893313407897949,0.6396023631095886,0.19927260279655457,0.9992530941963196,0.2143072634935379,0.7833552360534668,-0.16948741674423218,0.9965554475784302,0.3152288794517517,0.7753570675849915,0.2198374718427658,0.6662474274635315,0.3435935080051422,0.9106618165969849,-0.18466253578662872,0.9831664562225342,0.3641020953655243,0.9063487648963928,0.25040072202682495,0.7549922466278076,0.38413819670677185,0.9124904870986938,-0.18405698239803314,0.9821950793266296,0.39384156465530396,0.9168350100517273,0.24389366805553436,0.7531347274780273,0.3173923194408417,0.9800443649291992,-0.20249401032924652,0.9635740518569946,0.33165112137794495,0.9573851823806763,0.15672172605991364,0.6958504915237427
U19_v1,50,1,0.1793079674243927,0.40285998582839966,0.29970815777778625,0.9998652935028076,0.17550073564052582,0.392438143491745,0.2304220348596573,0.9998063445091248,0.17235364019870758,0.39287546277046204,0.23052649199962616,0.999799907207489,0.1686907410621643,0.3934091329574585,0.23047135770320892,0.9997920393943787,0.1894463747739792,0.38977134227752686,0.27890485525131226,0.9998190999031067,0.1955932378768921,0.38848331570625305,0.278775691986084,0.9998059868812561,0.20141586661338806,0.387281209230423,0.27846482396125793,0.9998165965080261,0.18026036024093628,0.397825688123703,0.014890707097947598,0.9997847676277161,0.22702597081661224,0.3902764916419983,0.22433549165725708,0.9998719692230225,0.18445920944213867,0.41065728664398193,0.23128333687782288,0.9997739195823669,0.20027446746826172,0.4102787673473358,0.29169633984565735,0.9997780919075012,0.2057180255651474,0.44878119230270386,-0.20666803419589996,0.9999302625656128,0.3274272382259369,0.4445086717605591,0.33463332056999207,0.9993273019790649,0.3326408863067627,0.5188107490539551,-0.342305064201355,0.9476608037948608,0.4183967709541321,0.5129008889198303,0.4440750777721405,0.2235308140516281,0.4345085620880127,0.5698235630989075,-0.3810279369354248,0.873482346534729,0.4186265766620636,0.5243422389030457,0.5026639103889465,0.13177192211151123,0.4704686403274536,0.5821989178657532,-0.4151404798030853,0.8414970636367798,0.42498719692230225,0.5308998823165894,0.5476606488227844,0.1773725152015686,0.46661412715911865,0.5816050171852112,-0.4093877673149109,0.8403549790382385,0.3937397301197052,0.5214247703552246,0.5083500146865845,0.17649877071380615,0.4594009518623352,0.5785608887672424,-0.37774041295051575,0.8195680975914001,0.39414337277412415,0.5199177265167236,0.4891798496246338,0.1699986755847931,0.28311118483543396,0.646731972694397,-0.2152366191148758,0.9996731281280518,0.3821513056755066,0.6404291391372681,0.21502685546875,0.9993552565574646,0.1967688798904419,0.7785328030586243,-0.1168510839343071,0.9959074258804321,0.325776070356369,0.7716631889343262,0.2887111306190491,0.7621514201164246,0.3195546567440033,0.8938784599304199,-0.2567036747932434,0.991927981376648,0.35435599088668823,0.8909242153167725,0.1846916675567627,0.8581752181053162,0.35661208629608154,0.8993629217147827,-0.2668406367301941,0.9936965107917786,0.37905430793762207,0.9056808948516846,0.1660654991865158,0.8657390475273132,0.30248352885246277,0.9606523513793945,-0.2821168303489685,0.980599045753479,0.33470749855041504,0.9439054727554321,0.08405932039022446,0.7942652106285095
U19_v1,51,1,0.1773817241191864,0.4015960097312927,0.3948073089122772,0.9998922348022461,0.17396587133407593,0.39228397607803345,0.3241967260837555,0.9998569488525391,0.17113357782363892,0.3927024304866791,0.3243454098701477,0.9998446702957153,0.16777388751506805,0.3933303952217102,0.3242206573486328,0.9998313188552856,0.18635407090187073,0.3900667726993561,0.36531975865364075,0.9998776912689209,0.19191238284111023,0.3890534043312073,0.3652566969394684,0.9998596906661987,0.1973053514957428,0.3882353901863098,0.36491164565086365,0.9998615980148315,0.18003010749816895,0.3963181972503662,0.10401538759469986,0.9998725652694702,0.22021052241325378,0.390047550201416,0.278121680021286,0.9999251365661621,0.1837620884180069,0.40924903750419617,0.3247680962085724,0.9998229146003723,0.19791457056999207,0.40745702385902405,0.37459221482276917,0.9998469352722168,0.19499444961547852,0.44548308849334717,-0.13979357481002808,0.9999463558197021,0.32215818762779236,0.4450116753578186,0.36098790168762207,0.9995007514953613,0.32934606075286865,0.516960859298706,-0.26339319348335266,0.9599891304969788,0.4106762111186981,0.5119976997375488,0.37081772089004517,0.425364226102829,0.435235857963562,0.5716550350189209,-0.3012503981590271,0.9073361754417419,0.42913514375686646,0.5190812945365906,0.3202480673789978,0.18973562121391296,0.46985262632369995,0.5859176516532898,-0.3455175459384918,0.8711939454078674,0.43941783905029297,0.5273916721343994,0.3396623432636261,0.2207663655281067,0.46772491931915283,0.585197925567627,-0.34793758392333984,0.8719518184661865,0.4005279839038849,0.5178532600402832,0.31208738684654236,0.21705877780914307,0.4623778760433197,0.5811413526535034,-0.3023281693458557,0.855811595916748,0.40122294425964355,0.5168857574462891,0.308360755443573,0.2064899057149887,0.2762874960899353,0.6412210464477539,-0.21658729016780853,0.9996556043624878,0.37145060300827026,0.6352059245109558,0.21660922467708588,0.9995532631874084,0.17466239631175995,0.7733392715454102,-0.21167972683906555,0.9973143935203552,0.31946736574172974,0.7706235647201538,0.26029855012893677,0.7175331711769104,0.31074994802474976,0.883824348449707,-0.19796596467494965,0.9765371084213257,0.3466211259365082,0.8978614807128906,0.2787880599498749,0.7735778093338013,0.3525300621986389,0.8900803923606873,-0.190802201628685,0.9866796135902405,0.37439340353012085,0.9156217575073242,0.2697169780731201,0.8209022283554077,0.2960364818572998,0.953703761100769,-0.17014111578464508,0.9283847808837891,0.2835415303707123,0.9444129467010498,0.18526192009449005,0.5469600558280945
U19_v1,52,1,0.17751790583133698,0.39986860752105713,0.3717627227306366,0.9998950958251953,0.1748950332403183,0.39028966426849365,0.30135804414749146,0.9998643398284912,0.17217253148555756,0.39078500866889954,0.3015134930610657,0.9998519420623779,0.16889289021492004,0.3913963735103607,0.30141305923461914,0.9998393058776855,0.18704219162464142,0.3882412016391754,0.3454425036907196,0.999882698059082,0.19258174300193787,0.3872494399547577,0.3453576862812042,0.9998630285263062,0.19798040390014648,0.38644179701805115,0.34498658776283264,0.9998670816421509,0.18097184598445892,0.39533892273902893,0.0804857611656189,0.9998792409896851,0.22138738632202148,0.3888876736164093,0.2668212354183197,0.9999285936355591,0.18347418308258057,0.4080178737640381,0.3009311854839325,0.9998304843902588,0.19739508628845215,0.40612244606018066,0.35440793633461,0.9998538494110107,0.1957603245973587,0.4466458559036255,-0.17067232728004456,0.999944806098938,0.3222616910934448,0.4435979723930359,0.3558162748813629,0.9994869232177734,0.3287511467933655,0.5196314454078674,-0.30970144271850586,0.9664651155471802,0.40873074531555176,0.5053772926330566,0.3746227025985718,0.3273043930530548,0.43241381645202637,0.5768881440162659,-0.35274502635002136,0.9194433093070984,0.4189204275608063,0.5179545283317566,0.3356800079345703,0.1781623661518097,0.4675942063331604,0.591362714767456,-0.39847251772880554,0.8837036490440369,0.4283024072647095,0.525623619556427,0.36060014367103577,0.21520711481571198,0.4636649191379547,0.5912050604820251,-0.3979104459285736,0.8828509449958801,0.38733378052711487,0.5195323824882507,0.33033326268196106,0.21305081248283386,0.45796746015548706,0.5871442556381226,-0.35272398591041565,0.8681462407112122,0.3872000277042389,0.5134469866752625,0.32315677404403687,0.20368953049182892,0.27488526701927185,0.642256498336792,-0.2186027318239212,0.9995881915092468,0.37022390961647034,0.636812150478363,0.21865005791187286,0.999483585357666,0.17574463784694672,0.7735646963119507,-0.20800283551216125,0.9970756769180298,0.3205246031284332,0.7714498043060303,0.26145514845848083,0.6848669052124023,0.3113914430141449,0.8843346834182739,-0.19445835053920746,0.9756730794906616,0.346326619386673,0.8984764814376831,0.2829408049583435,0.7461587190628052,0.3516032099723816,0.8907625675201416,-0.18744857609272003,0.9871715903282166,0.3734857738018036,0.9175900816917419,0.2744385600090027,0.7985669374465942,0.29736021161079407,0.9528293609619141,-0.16727758944034576,0.930719256401062,0.3063698410987854,0.9417086839675903,0.191667377948761,0.545760989189148
U19_v1,53,1,0.17265798151493073,0.393790066242218,0.4265486001968384,0.9998094439506531,0.1674027144908905,0.3850283920764923,0.3567727506160736,0.9997703433036804,0.16352687776088715,0.38557273149490356,0.3568442761898041,0.9997503161430359,0.15904279053211212,0.3862965404987335,0.3567620813846588,0.9997618794441223,0.18181563913822174,0.3826526999473572,0.4056078791618347,0.9998039603233337,0.18779656291007996,0.3816766142845154,0.40550634264945984,0.9997572302818298,0.19342932105064392,0.3808992803096771,0.405242383480072,0.9997933506965637,0.1671799123287201,0.3900755047798157,0.13556121289730072,0.9997631907463074,0.2165898084640503,0.3835468590259552,0.3491002917289734,0.9998515844345093,0.17456477880477905,0.40249869227409363,0.35697928071022034,0.999649167060852,0.19131314754486084,0.40099966526031494,0.41833260655403137,0.9996836185455322,0.1926000416278839,0.4388319253921509,-0.10076692700386047,0.9998499155044556,0.32335397601127625,0.4443730413913727,0.4437878727912903,0.9989323019981384,0.31541192531585693,0.5081574320793152,-0.26379719376564026,0.8986783623695374,0.42315763235092163,0.5038333535194397,0.5536801218986511,0.39393773674964905,0.40305379033088684,0.5676770806312561,-0.30584943294525146,0.6919097900390625,0.4135514795780182,0.5093287229537964,0.6254316568374634,0.15570752322673798,0.43473729491233826,0.5838368535041809,-0.3399794101715088,0.6556877493858337,0.41914600133895874,0.5163393020629883,0.664759635925293,0.19035525619983673,0.4299035966396332,0.5839003324508667,-0.33622363209724426,0.6521338820457458,0.3804537057876587,0.5158237814903259,0.6323162317276001,0.18897457420825958,0.4255499243736267,0.5792744159698486,-0.3029874563217163,0.6219856142997742,0.38032007217407227,0.5092836022377014,0.6150251626968384,0.18583473563194275,0.263662189245224,0.6404702663421631,-0.2306353896856308,0.999350368976593,0.35954946279525757,0.6364195346832275,0.23080676794052124,0.9989734888076782,0.16720888018608093,0.7632664442062378,-0.22854748368263245,0.9877594113349915,0.32130172848701477,0.7729563117027283,0.2128886580467224,0.7365180850028992,0.3038701117038727,0.8804429173469543,-0.3279746472835541,0.9667115807533264,0.3396146297454834,0.9009667038917542,0.07675456255674362,0.7099268436431885,0.33986517786979675,0.8900573253631592,-0.33601200580596924,0.9814301133155823,0.36991995573043823,0.9237998723983765,0.0535588338971138,0.8069970607757568,0.26838216185569763,0.9353365302085876,-0.33362460136413574,0.9226762652397156,0.27219322323799133,0.9382144212722778,-0.032511111348867416,0.5207619667053223
U19_v1,54,1,0.16106124222278595,0.39089328050613403,0.40083324909210205,0.9997203946113586,0.15627893805503845,0.3805479407310486,0.33104079961776733,0.999607503414154,0.15248042345046997,0.380475252866745,0.3311367928981781,0.9995297193527222,0.14847570657730103,0.3804566264152527,0.33111414313316345,0.9995672106742859,0.17064225673675537,0.37910497188568115,0.37940436601638794,0.9996943473815918,0.17694446444511414,0.3780938982963562,0.3793855309486389,0.9996258020401001,0.18284736573696136,0.37721800804138184,0.3790213465690613,0.9996978044509888,0.15839233994483948,0.38262939453125,0.10241051763296127,0.9994701743125916,0.20992855727672577,0.37861379981040955,0.3133590519428253,0.999723494052887,0.16544032096862793,0.3982982933521271,0.32744619250297546,0.9991673231124878,0.18219169974327087,0.39752665162086487,0.388527512550354,0.9992828965187073,0.18725863099098206,0.4295412302017212,-0.13587686419487,0.9996618032455444,0.32407814264297485,0.44007834792137146,0.37344473600387573,0.998874843120575,0.29451999068260193,0.502741813659668,-0.30143892765045166,0.8760063648223877,0.4339807629585266,0.5024681091308594,0.39548394083976746,0.2014124095439911,0.3592662215232849,0.5597516298294067,-0.3484046757221222,0.7538837790489197,0.3931046724319458,0.5440993309020996,0.38201963901519775,0.19385245442390442,0.39673274755477905,0.5824187994003296,-0.38321182131767273,0.706304669380188,0.38952839374542236,0.556766927242279,0.40623384714126587,0.2232368290424347,0.38652193546295166,0.582112729549408,-0.3687320053577423,0.6983739137649536,0.37506842613220215,0.5562698245048523,0.35871636867523193,0.22374208271503448,0.3830893337726593,0.577039361000061,-0.34225475788116455,0.682068407535553,0.3723854422569275,0.5517817139625549,0.36277031898498535,0.22053341567516327,0.25856155157089233,0.6342776417732239,-0.2070266157388687,0.9984812140464783,0.35186031460762024,0.6331499218940735,0.207039013504982,0.9981337189674377,0.16060605645179749,0.7524952292442322,-0.18481159210205078,0.9902498126029968,0.3304557800292969,0.7710285186767578,0.23006661236286163,0.6887952089309692,0.28932350873947144,0.8769683837890625,-0.19466760754585266,0.954615592956543,0.35745784640312195,0.9015477895736694,0.17614948749542236,0.7094659805297852,0.32161426544189453,0.888652503490448,-0.19336038827896118,0.9720197319984436,0.37902167439460754,0.9227851629257202,0.16321609914302826,0.7451757192611694,0.2468482255935669,0.9269437789916992,-0.17696882784366608,0.9070369601249695,0.2621701955795288,0.9330103397369385,0.09902870655059814,0.5737772583961487
U19_v1,55,1,0.15903440117835999,0.37125539779663086,0.7035996317863464,0.9976660013198853,0.1488896608352661,0.3620966672897339,0.622009813785553,0.9974422454833984,0.144316166639328,0.36209172010421753,0.622022807598114,0.9969147443771362,0.1393212229013443,0.3622278571128845,0.6218869686126709,0.9973739385604858,0.16568493843078613,0.36085084080696106,0.6527162790298462,0.9978456497192383,0.17266930639743805,0.3598990738391876,0.652717113494873,0.9974662065505981,0.18032535910606384,0.3589235246181488,0.6523670554161072,0.9978704452514648,0.14370502531528473,0.3656034469604492,0.3233596086502075,0.9975605010986328,0.20419274270534515,0.3606128990650177,0.45840853452682495,0.9969196319580078,0.16080829501152039,0.38005971908569336,0.6078252196311951,0.9948965907096863,0.17809727787971497,0.37926462292671204,0.6471380591392517,0.9947302341461182,0.15722501277923584,0.41414397954940796,0.03593691065907478,0.9995160102844238,0.32433050870895386,0.42499589920043945,0.3946675956249237,0.9981605410575867,0.24346402287483215,0.4809052646160126,-0.19628754258155823,0.8003821969032288,0.45112115144729614,0.48491379618644714,0.21380768716335297,0.6250256299972534,0.32905930280685425,0.5438914895057678,-0.2996103763580322,0.6172062158584595,0.3618898093700409,0.540562629699707,-0.026515381410717964,0.3798845112323761,0.3596056401729584,0.5638055205345154,-0.3503730297088623,0.5461176633834839,0.3589355945587158,0.5542368292808533,-0.048125285655260086,0.3407493233680725,0.35287827253341675,0.5617173910140991,-0.3310687243938446,0.5409969091415405,0.34416818618774414,0.5546672940254211,-0.07574188709259033,0.32468897104263306,0.35027939081192017,0.5556164979934692,-0.29536598920822144,0.5028046369552612,0.34626495838165283,0.549022912979126,-0.046639591455459595,0.3189070522785187,0.2442793846130371,0.6137450933456421,-0.16164353489875793,0.9953774213790894,0.34929949045181274,0.6146607995033264,0.16142646968364716,0.9927965998649597,0.16287121176719666,0.7416408658027649,-0.08027388900518417,0.9452881217002869,0.34852492809295654,0.7632641792297363,0.20924857258796692,0.6513545513153076,0.24234943091869354,0.8842391967773438,-0.06236409768462181,0.882272481918335,0.3594725430011749,0.9060248136520386,0.18810710310935974,0.6463328003883362,0.2770259976387024,0.9041515588760376,-0.0626174584031105,0.9258010387420654,0.3753235936164856,0.9308192729949951,0.18010865151882172,0.7005940675735474,0.1754407286643982,0.9036227464675903,-0.10075164586305618,0.73204106092453,0.30102822184562683,0.9098654985427856,0.08141040802001953,0.3612670600414276
U19_v1,56,1,0.15282556414604187,0.3631522059440613,0.6277574300765991,0.9991206526756287,0.14070196449756622,0.3531448543071747,0.5413457155227661,0.9988460540771484,0.13554060459136963,0.3531871438026428,0.5413681268692017,0.9987838864326477,0.1302642971277237,0.3532743752002716,0.5412722229957581,0.9988595247268677,0.1586267054080963,0.35163307189941406,0.5740194916725159,0.999015212059021,0.16668814420700073,0.3505208492279053,0.5740071535110474,0.9990054965019226,0.17445340752601624,0.3494129776954651,0.5736803412437439,0.9990180730819702,0.13353361189365387,0.35778942704200745,0.2356344610452652,0.9990286827087402,0.1984400451183319,0.351975679397583,0.3776324987411499,0.9986006617546082,0.15366774797439575,0.37178361415863037,0.5317250490188599,0.998478353023529,0.17305134236812592,0.3709922432899475,0.5730634331703186,0.9983653426170349,0.14531412720680237,0.40913400053977966,-0.013985215686261654,0.9996869564056396,0.31465110182762146,0.4142557978630066,0.31707876920700073,0.9988312125205994,0.21855109930038452,0.4915223717689514,-0.20680493116378784,0.7893743515014648,0.4476044178009033,0.48044025897979736,0.1590280830860138,0.6252350211143494,0.2815599739551544,0.5793416500091553,-0.24838604032993317,0.5768131613731384,0.3496226966381073,0.5388170480728149,-0.03135199844837189,0.29774221777915955,0.3084068298339844,0.6071929335594177,-0.29080262780189514,0.5124461650848389,0.3447977900505066,0.5536600947380066,-0.04065641388297081,0.26950085163116455,0.2958574593067169,0.6093107461929321,-0.2710801959037781,0.4949699342250824,0.3279827833175659,0.5533876419067383,-0.07122844457626343,0.25105783343315125,0.29023122787475586,0.5967108607292175,-0.2423700988292694,0.448983758687973,0.3251151740550995,0.5479927659034729,-0.05095270276069641,0.2445274442434311,0.22984382510185242,0.6063424348831177,-0.12699398398399353,0.9976159334182739,0.33721598982810974,0.6039425134658813,0.12666797637939453,0.9953450560569763,0.16756302118301392,0.7438036799430847,-0.021216558292508125,0.9798682332038879,0.34038034081459045,0.7538831830024719,0.21763445436954498,0.9015080332756042,0.19809859991073608,0.8823477625846863,0.0101902661845088,0.9692068099975586,0.34988924860954285,0.8936886787414551,0.23871885240077972,0.8947999477386475,0.22424226999282837,0.9053491353988647,0.008869614452123642,0.9741952419281006,0.3523392081260681,0.9192601442337036,0.23751318454742432,0.9042908549308777,0.112928107380867,0.8948926329612732,-0.07069741189479828,0.8198251724243164,0.33411821722984314,0.9038578271865845,0.14056096971035004,0.5670297741889954
U19_v1,57,1,0.14934784173965454,0.3569411039352417,0.6052234768867493,0.9993878602981567,0.13901741802692413,0.3474516272544861,0.5243118405342102,0.9991399049758911,0.1340513825416565,0.34766656160354614,0.5243518948554993,0.9991088509559631,0.12887048721313477,0.3478826880455017,0.5242547988891602,0.999233603477478,0.15759769082069397,0.34567028284072876,0.5553003549575806,0.9992250204086304,0.16546058654785156,0.3445935845375061,0.5553093552589417,0.9991763234138489,0.173582524061203,0.34341347217559814,0.5550239682197571,0.9992263317108154,0.1320255696773529,0.35276687145233154,0.2283683568239212,0.9992703795433044,0.19620957970619202,0.3462265729904175,0.36132165789604187,0.9988541603088379,0.15042471885681152,0.3651360869407654,0.5119369626045227,0.9989683628082275,0.1707584112882614,0.3642020523548126,0.5505772829055786,0.9988318085670471,0.13775134086608887,0.4076104164123535,0.0025157372001558542,0.9995934367179871,0.30769577622413635,0.40874993801116943,0.3082021176815033,0.9981446266174316,0.20514965057373047,0.4959700107574463,-0.09741386026144028,0.7850493788719177,0.43435126543045044,0.47856616973876953,0.2855677008628845,0.5828149914741516,0.24459455907344818,0.587971568107605,-0.013984404504299164,0.4269486367702484,0.33274903893470764,0.529615581035614,0.282626211643219,0.14039850234985352,0.25872552394866943,0.6127449870109558,-0.03572804108262062,0.3562224209308624,0.3354203402996063,0.5421408414840698,0.2960439622402191,0.12703527510166168,0.25059813261032104,0.6159777045249939,-0.01721482165157795,0.33631861209869385,0.31332358717918396,0.5400139689445496,0.26090237498283386,0.11777234822511673,0.24668732285499573,0.6051040291786194,-0.005205145105719566,0.3062632381916046,0.30756229162216187,0.5353097319602966,0.26501283049583435,0.11913740634918213,0.21463756263256073,0.5982401371002197,-0.10313959419727325,0.9979137778282166,0.32384273409843445,0.5973861217498779,0.10301204025745392,0.9957719445228577,0.16786468029022217,0.7421365976333618,0.003375633852556348,0.9815219640731812,0.33047184348106384,0.7474700808525085,0.19160588085651398,0.9362208247184753,0.17279356718063354,0.8813722729682922,0.04257112741470337,0.9722961187362671,0.3532330393791199,0.8893227577209473,0.21708135306835175,0.923848569393158,0.18226522207260132,0.9053153395652771,0.042805708944797516,0.9757339358329773,0.3530837595462799,0.9168267250061035,0.21702226996421814,0.9351393580436707,0.1071280986070633,0.8855767250061035,-0.03399115055799484,0.7956848740577698,0.32607153058052063,0.8954567313194275,0.12722331285476685,0.5851648449897766
U19_v1,58,1,0.15071770548820496,0.3592695891857147,0.5643836855888367,0.9997101426124573,0.13832081854343414,0.35041558742523193,0.4819243252277374,0.9995566010475159,0.1320820450782776,0.35073554515838623,0.48196882009506226,0.9995386600494385,0.12583157420158386,0.35107171535491943,0.4819546043872833,0.9995803236961365,0.15986299514770508,0.34801220893859863,0.521361231803894,0.9995734095573425,0.1680225431919098,0.3467349410057068,0.5213125944137573,0.9995636343955994,0.17602360248565674,0.3454946279525757,0.5210665464401245,0.9995743632316589,0.12768885493278503,0.35615482926368713,0.17882728576660156,0.9996181726455688,0.19852924346923828,0.34855183959007263,0.34634435176849365,0.999407172203064,0.1485307514667511,0.3690668046474457,0.46679872274398804,0.9994803071022034,0.17124459147453308,0.367262065410614,0.5154507756233215,0.9994235038757324,0.1344059407711029,0.40954336524009705,-0.07477705925703049,0.9998354911804199,0.30647456645965576,0.4118804931640625,0.32706761360168457,0.9986121654510498,0.19181884825229645,0.49761492013931274,-0.18003924190998077,0.9162560105323792,0.42866623401641846,0.4809481203556061,0.2867293059825897,0.4726114869117737,0.2078220695257187,0.5916557908058167,-0.07712344080209732,0.7417450547218323,0.3213775157928467,0.534666121006012,0.23987093567848206,0.1469402313232422,0.22159382700920105,0.6208544373512268,-0.1080935075879097,0.641392707824707,0.310149222612381,0.5480186939239502,0.24777808785438538,0.1416427493095398,0.21384435892105103,0.6243477463722229,-0.08593220263719559,0.6219517588615417,0.2913177013397217,0.5452438592910767,0.20422813296318054,0.1337122768163681,0.2109743356704712,0.6112366914749146,-0.06512081623077393,0.5709331631660461,0.28683140873908997,0.5400782227516174,0.2175789475440979,0.1350073218345642,0.20988358557224274,0.6019905209541321,-0.1257089525461197,0.9987800717353821,0.31308242678642273,0.5996236801147461,0.1255699098110199,0.9977340698242188,0.15978330373764038,0.7399365901947021,-0.018820928409695625,0.9856060147285461,0.318856418132782,0.7437212467193604,0.22443389892578125,0.9263496994972229,0.15544676780700684,0.8769962191581726,0.06188333034515381,0.9803804755210876,0.3487890064716339,0.885047197341919,0.2898714244365692,0.9364320635795593,0.16460292041301727,0.902579665184021,0.06737594306468964,0.9833110570907593,0.3496658205986023,0.9088118672370911,0.29223012924194336,0.9354373216629028,0.08152799308300018,0.8865055441856384,0.003851786255836487,0.8746100664138794,0.3164605498313904,0.9034221172332764,0.20575664937496185,0.6888146996498108
U19_v1,59,1,0.13815505802631378,0.3651285469532013,0.4948565363883972,0.9998007416725159,0.1279464066028595,0.3561432659626007,0.40923386812210083,0.9996901750564575,0.12261542677879333,0.3564332127571106,0.40929746627807617,0.9996949434280396,0.11707235872745514,0.35672497749328613,0.4093135595321655,0.9996953010559082,0.14769838750362396,0.35398557782173157,0.45795494318008423,0.999670147895813,0.15603512525558472,0.35271602869033813,0.4579007625579834,0.9996731281280518,0.16430705785751343,0.35144317150115967,0.4576887786388397,0.9996546506881714,0.12187251448631287,0.36036330461502075,0.1042642593383789,0.9997236132621765,0.18911053240299225,0.35285305976867676,0.31532716751098633,0.9995470643043518,0.13930000364780426,0.3742048144340515,0.39713791012763977,0.9996649026870728,0.16045990586280823,0.3724614679813385,0.4584026634693146,0.9995750784873962,0.12578627467155457,0.41236478090286255,-0.1599595695734024,0.9998725652694702,0.3064998686313629,0.412054181098938,0.32775643467903137,0.9986048340797424,0.1788034737110138,0.5065348744392395,-0.2599506080150604,0.9793365597724915,0.43607908487319946,0.48152676224708557,0.3399851620197296,0.5506559014320374,0.17276529967784882,0.6067880392074585,-0.13375292718410492,0.881963849067688,0.3262927532196045,0.536097526550293,0.3403316140174866,0.16307254135608673,0.17511136829853058,0.6376126408576965,-0.1624443531036377,0.7931579947471619,0.29631704092025757,0.5481119155883789,0.36340731382369995,0.1467457115650177,0.1691230684518814,0.6381122469902039,-0.1358284056186676,0.7788167595863342,0.28032386302948,0.5439370274543762,0.3079434931278229,0.14166605472564697,0.17072013020515442,0.6271088123321533,-0.11858952045440674,0.7324808835983276,0.2896343171596527,0.5415167808532715,0.3156023323535919,0.14256009459495544,0.2036682814359665,0.607150137424469,-0.15814070403575897,0.9987395405769348,0.311753511428833,0.6051276326179504,0.15794318914413452,0.9974521994590759,0.15538546442985535,0.7393875122070312,-0.04204479977488518,0.983870267868042,0.3030463457107544,0.7397580146789551,0.2709568738937378,0.9225068092346191,0.14290645718574524,0.8755477666854858,0.03224850073456764,0.9808634519577026,0.35058701038360596,0.8816350102424622,0.32256942987442017,0.9260819554328918,0.14851325750350952,0.8991271257400513,0.03844292089343071,0.986428439617157,0.3690257966518402,0.9037540555000305,0.32601961493492126,0.939209520816803,0.07905185222625732,0.8867156505584717,-0.023386230692267418,0.8972933292388916,0.31352537870407104,0.9025672674179077,0.25595906376838684,0.7087966203689575
U19_v1,60,1,0.13998720049858093,0.3680456280708313,0.44184955954551697,0.9998382329940796,0.12692736089229584,0.35885900259017944,0.349818617105484,0.9997612833976746,0.12111835181713104,0.3591468930244446,0.3498377799987793,0.9997730851173401,0.11515188217163086,0.3594934940338135,0.3498676121234894,0.9997624754905701,0.147053524851799,0.3566829264163971,0.40189439058303833,0.9997267127037048,0.15492768585681915,0.3555009961128235,0.40185073018074036,0.9997298121452332,0.16309839487075806,0.3543996214866638,0.40166544914245605,0.999703586101532,0.11890064179897308,0.3641749620437622,0.0336456336081028,0.999795138835907,0.18711844086647034,0.3570405840873718,0.259333074092865,0.9996845722198486,0.14035145938396454,0.37759560346603394,0.34155306220054626,0.9997785687446594,0.16162192821502686,0.3756412863731384,0.4067884683609009,0.9997246861457825,0.11817499995231628,0.42858970165252686,-0.23096369206905365,0.9999240636825562,0.30292564630508423,0.41656237840652466,0.2864386737346649,0.9991470575332642,0.15756502747535706,0.5252460241317749,-0.3337728679180145,0.993665874004364,0.4315066337585449,0.4885530471801758,0.37976256012916565,0.5815178751945496,0.1425304412841797,0.6218988299369812,-0.18844641745090485,0.944110631942749,0.32013893127441406,0.5481084585189819,0.4622441530227661,0.1713336855173111,0.14036498963832855,0.6502917408943176,-0.2147262692451477,0.8849965333938599,0.2998417913913727,0.5615814328193665,0.49811843037605286,0.15186959505081177,0.13906583189964294,0.6514936685562134,-0.18924786150455475,0.8769582509994507,0.2839329242706299,0.5589849352836609,0.4430375397205353,0.1497664749622345,0.1429709494113922,0.6398527026176453,-0.1723325401544571,0.8331693410873413,0.2895285189151764,0.5525145530700684,0.4402013421058655,0.15197889506816864,0.19188359379768372,0.6172584295272827,-0.16073133051395416,0.9991890788078308,0.2966783046722412,0.6122521758079529,0.16067512333393097,0.998580813407898,0.14705762267112732,0.7468568086624146,-0.05176188424229622,0.9896016716957092,0.2855708599090576,0.7441748976707458,0.28837406635284424,0.9668224453926086,0.14525432884693146,0.88047194480896,0.042366862297058105,0.9891198873519897,0.3493066430091858,0.8793370723724365,0.3531070649623871,0.9635042548179626,0.15843531489372253,0.9016521573066711,0.05232587084174156,0.9911608695983887,0.3714086413383484,0.8973943591117859,0.3578471839427948,0.9601870775222778,0.06813868880271912,0.8913537263870239,0.0016425438225269318,0.9360491037368774,0.3113245964050293,0.9112129211425781,0.2948741614818573,0.818479597568512
U19_v1,61,1,0.14133942127227783,0.37612736225128174,0.4256855249404907,0.9998883008956909,0.12903328239917755,0.36690568923950195,0.3326775133609772,0.9998546838760376,0.12344107776880264,0.3669802248477936,0.3326529860496521,0.9998674392700195,0.11769239604473114,0.36710286140441895,0.3326881229877472,0.9998515844345093,0.14824426174163818,0.36542457342147827,0.37740904092788696,0.9998155236244202,0.15559418499469757,0.36450856924057007,0.37739288806915283,0.9998239874839783,0.16339927911758423,0.3636614680290222,0.37727728486061096,0.9997904896736145,0.12013732641935349,0.37261056900024414,0.018098609521985054,0.9998887777328491,0.18334707617759705,0.36761370301246643,0.2096114307641983,0.9997976422309875,0.13872206211090088,0.385404497385025,0.32709386944770813,0.9998794794082642,0.1590299755334854,0.3842609226703644,0.38238826394081116,0.999829888343811,0.09737320244312286,0.44667285680770874,-0.23931363224983215,0.9999759197235107,0.29938721656799316,0.4269590973854065,0.2417908012866974,0.9994596838951111,0.12118896842002869,0.5464178323745728,-0.3120605945587158,0.9975971579551697,0.4244638681411743,0.499201238155365,0.40248817205429077,0.7527630925178528,0.10201908648014069,0.6388506293296814,-0.12994296848773956,0.9783813953399658,0.3214107155799866,0.5602473020553589,0.5864081978797913,0.28784194588661194,0.09440305829048157,0.6656571626663208,-0.15327240526676178,0.9444253444671631,0.3022688627243042,0.574292778968811,0.6289618015289307,0.24413901567459106,0.09053699672222137,0.6659713387489319,-0.13175040483474731,0.940363883972168,0.2893957793712616,0.5722827911376953,0.5822047591209412,0.24109873175621033,0.09500721096992493,0.6568911671638489,-0.11400845646858215,0.9121736288070679,0.2956051230430603,0.5689841508865356,0.5707271695137024,0.2443869411945343,0.17312270402908325,0.6267738342285156,-0.16467106342315674,0.9997207522392273,0.28375136852264404,0.6212003827095032,0.16468551754951477,0.9993084669113159,0.13013166189193726,0.7560266256332397,-0.07779354602098465,0.9900041222572327,0.27031007409095764,0.7474652528762817,0.3119750916957855,0.9541118741035461,0.14591717720031738,0.8880429267883301,0.03676491230726242,0.9898584485054016,0.3425845801830292,0.8746011257171631,0.4118839204311371,0.9584518074989319,0.15840205550193787,0.9095789194107056,0.04969047009944916,0.9919370412826538,0.3655286133289337,0.890764057636261,0.42022064328193665,0.9558291435241699,0.05344858765602112,0.8982158899307251,-0.008815377950668335,0.9415578246116638,0.3091166019439697,0.9073915481567383,0.3606908321380615,0.8082619309425354
U19_v1,62,1,0.1522250920534134,0.38338494300842285,0.4861553907394409,0.9996411800384521,0.1386888325214386,0.37448155879974365,0.3959236443042755,0.9996497631072998,0.13210082054138184,0.3746829330921173,0.39579975605010986,0.9996910095214844,0.12560641765594482,0.375005304813385,0.3957310616970062,0.9996296167373657,0.15986268222332,0.3730379343032837,0.42412081360816956,0.999485969543457,0.1670524775981903,0.37237638235092163,0.4241165518760681,0.9995307922363281,0.17442920804023743,0.3719187080860138,0.42395272850990295,0.9993731379508972,0.12168526649475098,0.3798038363456726,0.0719328373670578,0.9998113512992859,0.1892377734184265,0.37623342871665955,0.191121444106102,0.99947589635849,0.14455148577690125,0.39256519079208374,0.383961021900177,0.9997362494468689,0.16797269880771637,0.3920145034790039,0.4180777072906494,0.9995622038841248,0.08005642890930176,0.4522351622581482,-0.19763457775115967,0.9999861717224121,0.29142239689826965,0.43731409311294556,0.1784447431564331,0.998881995677948,0.09095442295074463,0.5502006411552429,-0.26513761281967163,0.9988515377044678,0.4194011688232422,0.5114349126815796,0.30569085478782654,0.8293710350990295,0.051592156291007996,0.6490525007247925,-0.07578059285879135,0.9899328947067261,0.31794223189353943,0.5745430588722229,0.5036291480064392,0.26713353395462036,0.043051451444625854,0.6753339171409607,-0.10086976736783981,0.9654102325439453,0.29548966884613037,0.5923881530761719,0.5412136912345886,0.19314363598823547,0.03974252939224243,0.6757243871688843,-0.07592758536338806,0.9624068737030029,0.28291425108909607,0.5879682898521423,0.5077416300773621,0.18815107643604279,0.04431779682636261,0.6693346500396729,-0.06073020026087761,0.9417581558227539,0.2886080741882324,0.5813749432563782,0.4917246997356415,0.19117967784404755,0.15003737807273865,0.6290054321289062,-0.14564839005470276,0.9997830986976624,0.26221132278442383,0.6244608759880066,0.14546625316143036,0.9988239407539368,0.12142056226730347,0.7586053609848022,-0.08696655184030533,0.989282488822937,0.2471296638250351,0.750858724117279,0.30510008335113525,0.9297440052032471,0.15145236253738403,0.8888387680053711,-0.010672486387193203,0.987381637096405,0.3197243809700012,0.86739182472229,0.40033507347106934,0.9234731793403625,0.162313774228096,0.9116745591163635,-0.003931224811822176,0.990423858165741,0.34764277935028076,0.8838656544685364,0.4073627293109894,0.936430811882019,0.07406741380691528,0.894761323928833,-0.08937545120716095,0.9085898995399475,0.2907615900039673,0.9080057144165039,0.3385179340839386,0.6565799117088318
U19_v1,63,1,0.14725536108016968,0.39216819405555725,0.49154767394065857,0.9998829364776611,0.13524910807609558,0.3837659955024719,0.41182148456573486,0.9998922348022461,0.12872523069381714,0.384162962436676,0.4117668867111206,0.9998992681503296,0.12202610075473785,0.3847123682498932,0.4116683304309845,0.9998674392700195,0.1556767225265503,0.3818364143371582,0.43283042311668396,0.9998657703399658,0.16259025037288666,0.38097941875457764,0.43280911445617676,0.9998704195022583,0.1697828620672226,0.3802860379219055,0.43267446756362915,0.9998342990875244,0.11855548620223999,0.38900086283683777,0.11990417540073395,0.9999492168426514,0.18384063243865967,0.38465267419815063,0.20927143096923828,0.9998654127120972,0.14063002169132233,0.4005505442619324,0.40261101722717285,0.9998788833618164,0.16042980551719666,0.39908671379089355,0.42766621708869934,0.9998397827148438,0.07452932000160217,0.45956671237945557,-0.13077104091644287,0.9999853372573853,0.27839067578315735,0.43996375799179077,0.1833265870809555,0.9996604919433594,0.06526529788970947,0.5557953715324402,-0.2165868878364563,0.9986550807952881,0.40973180532455444,0.5140901803970337,0.195412278175354,0.9623342752456665,0.009098708629608154,0.6396886110305786,-0.04616748169064522,0.9804948568344116,0.3574639856815338,0.5791237950325012,0.2609346807003021,0.5979598760604858,-0.008431956171989441,0.664668083190918,-0.05972767248749733,0.944122850894928,0.3556516766548157,0.5945688486099243,0.27698275446891785,0.47044697403907776,-0.015873536467552185,0.6636085510253906,-0.03554411605000496,0.9388437271118164,0.3351117968559265,0.592012345790863,0.2774263322353363,0.4521596133708954,-0.0037693828344345093,0.6558473706245422,-0.03125212714076042,0.899542510509491,0.3326720595359802,0.5868037939071655,0.2588484585285187,0.3996198773384094,0.1382172852754593,0.6268872618675232,-0.15292954444885254,0.9998593330383301,0.2515008747577667,0.6249440908432007,0.15217521786689758,0.9994561076164246,0.10241204500198364,0.7560036182403564,-0.036878328770399094,0.998195469379425,0.23482918739318848,0.7502936720848083,0.3026004433631897,0.965925931930542,0.14770641922950745,0.8871397972106934,-0.08224662393331528,0.9969748258590698,0.30896711349487305,0.8551542162895203,0.28453922271728516,0.9763893485069275,0.17005124688148499,0.9068675637245178,-0.0867244154214859,0.9969345331192017,0.3340759873390198,0.8714778423309326,0.28078028559684753,0.9801002144813538,0.0635158121585846,0.8976238965988159,-0.1895977109670639,0.9675861597061157,0.2943383455276489,0.8984272480010986,0.18669436872005463,0.8454710245132446
U19_v1,64,1,0.14348204433918,0.3925023078918457,0.4872244894504547,0.9998531341552734,0.12982356548309326,0.384021520614624,0.40461835265159607,0.9998859167098999,0.12311452627182007,0.38433191180229187,0.4046153724193573,0.9998844861984253,0.11656605452299118,0.38479530811309814,0.40451955795288086,0.9998433589935303,0.1506599336862564,0.3827478289604187,0.42476537823677063,0.9998726844787598,0.1582949310541153,0.38211262226104736,0.42470473051071167,0.9998893737792969,0.16588805615901947,0.3815564513206482,0.42460381984710693,0.9998675584793091,0.1116325706243515,0.38984933495521545,0.10589610040187836,0.999925971031189,0.18173499405384064,0.38550424575805664,0.1906922459602356,0.999887228012085,0.13536588847637177,0.40112197399139404,0.3949757516384125,0.9998362064361572,0.1569714993238449,0.40067753195762634,0.4182513654232025,0.9998112320899963,0.06341403722763062,0.4617604613304138,-0.11500391364097595,0.9999141693115234,0.2738175690174103,0.43888869881629944,0.1218799278140068,0.9996799230575562,0.05039891600608826,0.5533901453018188,-0.10720907151699066,0.996397078037262,0.4086500406265259,0.5126415491104126,0.1180923655629158,0.987206220626831,0.005467534065246582,0.605908215045929,0.1456134170293808,0.8416920900344849,0.38364309072494507,0.5863127112388611,0.18170857429504395,0.7035824060440063,-0.014928311109542847,0.6219003200531006,0.16298963129520416,0.697178304195404,0.38116374611854553,0.6018548011779785,0.19696523249149323,0.5759620070457458,-0.003751710057258606,0.6155635714530945,0.17769014835357666,0.6843424439430237,0.36913618445396423,0.599852979183197,0.20883682370185852,0.5506743788719177,0.008120492100715637,0.6081390380859375,0.1599721908569336,0.612298309803009,0.36430713534355164,0.5951361060142517,0.18600615859031677,0.4836150109767914,0.13772086799144745,0.6266108155250549,-0.1531640738248825,0.9997602105140686,0.24903514981269836,0.6222354173660278,0.15284396708011627,0.9991445541381836,0.09522220492362976,0.7500396966934204,-0.12513025104999542,0.9966905117034912,0.21210074424743652,0.7378559708595276,0.2594708800315857,0.9427595734596252,0.15125781297683716,0.8867753744125366,-0.19254851341247559,0.9921334981918335,0.2898854613304138,0.8452735543251038,0.22462241351604462,0.9510963559150696,0.17450186610221863,0.9076635837554932,-0.19760644435882568,0.9942038655281067,0.30935823917388916,0.8618453741073608,0.21981848776340485,0.9671865105628967,0.07959899306297302,0.8981149196624756,-0.2805868983268738,0.9424176216125488,0.2788470387458801,0.8934926986694336,0.1467074751853943,0.7728174924850464
U19_v1,65,1,0.13459892570972443,0.39072299003601074,0.5872793197631836,0.9993616938591003,0.1221330389380455,0.38226839900016785,0.494894415140152,0.9995855689048767,0.11625682562589645,0.38266247510910034,0.4948956370353699,0.999603807926178,0.11043565720319748,0.3832385838031769,0.4947255551815033,0.9994814991950989,0.14250482618808746,0.380765438079834,0.5240259170532227,0.9995357990264893,0.15033340454101562,0.38004839420318604,0.5240423083305359,0.9996065497398376,0.15832090377807617,0.37943530082702637,0.5239697694778442,0.9995549321174622,0.10990890860557556,0.3886834979057312,0.17167772352695465,0.9997839331626892,0.17606684565544128,0.3834688663482666,0.3001213073730469,0.9996449947357178,0.128281369805336,0.39950883388519287,0.4872610569000244,0.9994109869003296,0.1498400717973709,0.3986915946006775,0.5231924057006836,0.9992942810058594,0.07141941785812378,0.45690619945526123,-0.047988586127758026,0.99989914894104,0.27195531129837036,0.4365551173686981,0.22418877482414246,0.9995889067649841,0.04199759662151337,0.5398612022399902,0.00831974670290947,0.99407958984375,0.4017607569694519,0.5066162347793579,0.21922919154167175,0.9927090406417847,0.006260201334953308,0.5777983665466309,0.2866359353065491,0.5563442707061768,0.3983874022960663,0.5831238031387329,0.2503482699394226,0.6945178508758545,-0.0105467289686203,0.5912411212921143,0.30459722876548767,0.39239588379859924,0.4008294939994812,0.5979970097541809,0.2541109025478363,0.5539411902427673,0.006632998585700989,0.5834659337997437,0.3133039176464081,0.3848539888858795,0.38769102096557617,0.5958455801010132,0.2703973352909088,0.5184409022331238,0.01808607578277588,0.5775028467178345,0.29879555106163025,0.34022560715675354,0.3846578598022461,0.5916659235954285,0.25520989298820496,0.44618773460388184,0.13605107367038727,0.6228451132774353,-0.18348631262779236,0.9998205304145813,0.2415119856595993,0.6181280612945557,0.18371690809726715,0.9988260865211487,0.09435580670833588,0.7473448514938354,-0.240766704082489,0.9968329071998596,0.2039746642112732,0.7308788299560547,0.35495105385780334,0.9423232674598694,0.15140101313591003,0.885148823261261,-0.22360005974769592,0.9921770691871643,0.27680855989456177,0.8399414420127869,0.46546638011932373,0.9406890869140625,0.18726831674575806,0.9053680300712585,-0.2223326414823532,0.992933988571167,0.2964034974575043,0.8587992787361145,0.4739997982978821,0.9643322825431824,0.07175552099943161,0.8960994482040405,-0.31571608781814575,0.9462783336639404,0.25248879194259644,0.8783655166625977,0.4221552610397339,0.740039587020874
U19_v1,66,1,0.13005441427230835,0.3848525583744049,0.6726287603378296,0.9996216297149658,0.11751067638397217,0.3764028549194336,0.580575704574585,0.9997346997261047,0.11162681877613068,0.3766828179359436,0.5805314183235168,0.9997609257698059,0.1058657243847847,0.37710297107696533,0.5803312063217163,0.999687671661377,0.1380591243505478,0.37504440546035767,0.6084623336791992,0.9997265934944153,0.14596781134605408,0.3742724359035492,0.6084893345832825,0.9997703433036804,0.15417709946632385,0.37351804971694946,0.6084229946136475,0.9997143149375916,0.10472817718982697,0.38191860914230347,0.25246167182922363,0.9998797178268433,0.1735142171382904,0.3768479824066162,0.37569084763526917,0.9997758269309998,0.12487363070249557,0.3928380012512207,0.5705230236053467,0.9996598958969116,0.14564552903175354,0.3925216794013977,0.6047965288162231,0.9995465874671936,0.06754657626152039,0.445842981338501,0.0125754214823246,0.9999285936355591,0.27623236179351807,0.43122729659080505,0.2907167375087738,0.9995050430297852,0.032055869698524475,0.5263960957527161,0.04847640544176102,0.9970554113388062,0.40583574771881104,0.5039737224578857,0.23825837671756744,0.99432772397995,-0.014835894107818604,0.5614941120147705,0.3001948595046997,0.7037289142608643,0.403960645198822,0.5798607468605042,0.20763219892978668,0.7554904818534851,-0.0343707799911499,0.5753611326217651,0.3149251937866211,0.5372621417045593,0.41293972730636597,0.5945687294006348,0.20405663549900055,0.6256306171417236,-0.016150549054145813,0.5668954253196716,0.32466748356819153,0.5277330279350281,0.395885169506073,0.5939102172851562,0.22612330317497253,0.5816494822502136,-0.0031018704175949097,0.560968816280365,0.3123617470264435,0.47295522689819336,0.39022308588027954,0.5896681547164917,0.21294230222702026,0.5052973031997681,0.13020512461662292,0.6175665259361267,-0.19292837381362915,0.9998519420623779,0.23772019147872925,0.6133785843849182,0.1932007372379303,0.9984695315361023,0.09480883926153183,0.7439769506454468,-0.23775418102741241,0.9973703622817993,0.1986742913722992,0.7244242429733276,0.4402889609336853,0.9491454362869263,0.16062743961811066,0.8842288255691528,-0.24724707007408142,0.9932477474212646,0.25439658761024475,0.8356159925460815,0.5968720316886902,0.9444715976715088,0.18849699199199677,0.9048826098442078,-0.25050291419029236,0.9949755668640137,0.2739158272743225,0.8543535470962524,0.6102259755134583,0.9728853702545166,0.09114336967468262,0.8933203220367432,-0.35920488834381104,0.9535971283912659,0.21213234961032867,0.8616593480110168,0.5678938627243042,0.7771811485290527
U19_v1,67,1,0.12914980947971344,0.37478166818618774,0.6994709372520447,0.9997250437736511,0.11616551876068115,0.36557185649871826,0.6105363368988037,0.9997939467430115,0.10984520614147186,0.3660276532173157,0.6104937195777893,0.9998165965080261,0.10359128564596176,0.366657555103302,0.6102473735809326,0.9997674822807312,0.1373094618320465,0.363933265209198,0.6365280151367188,0.9998102784156799,0.14519765973091125,0.3631272315979004,0.6365967988967896,0.9998363256454468,0.15339630842208862,0.36245477199554443,0.636468231678009,0.9997894167900085,0.10099297016859055,0.3721327781677246,0.28963717818260193,0.9999091625213623,0.17169928550720215,0.36691713333129883,0.40232059359550476,0.9998408555984497,0.12319015711545944,0.3831655979156494,0.5986588597297668,0.9997454285621643,0.14400053024291992,0.382190465927124,0.6298486590385437,0.9996594190597534,0.06125136464834213,0.4355773329734802,0.046905290335416794,0.9999170303344727,0.2753485143184662,0.42229390144348145,0.31352174282073975,0.9994877576828003,0.022644922137260437,0.5221835970878601,0.07873416692018509,0.9962592124938965,0.3966084122657776,0.49543026089668274,0.23564384877681732,0.9924138188362122,-0.02901574969291687,0.5530866980552673,0.3147418200969696,0.7231909036636353,0.41275590658187866,0.5709049105644226,0.17033398151397705,0.8150864243507385,-0.05095800757408142,0.56688392162323,0.32558903098106384,0.5606938600540161,0.42446810007095337,0.587752640247345,0.15957073867321014,0.7143352031707764,-0.03321000933647156,0.5586838126182556,0.3341403305530548,0.5435280203819275,0.41199639439582825,0.5881710648536682,0.18778501451015472,0.6683378219604492,-0.019146442413330078,0.5530550479888916,0.3258340656757355,0.4873557984828949,0.405016154050827,0.5837222337722778,0.17678497731685638,0.584326982498169,0.12722350656986237,0.6075771450996399,-0.19100689888000488,0.9998927116394043,0.23491083085536957,0.6071017980575562,0.1912194788455963,0.9986280202865601,0.09887444227933884,0.7375200986862183,-0.22033189237117767,0.9984679818153381,0.18781599402427673,0.7210173010826111,0.51041579246521,0.9202479720115662,0.15396016836166382,0.8820915222167969,-0.24170631170272827,0.9932779669761658,0.23134562373161316,0.8326327800750732,0.7454131245613098,0.9365555047988892,0.1800512969493866,0.9007484912872314,-0.24782396852970123,0.9949303269386292,0.24568678438663483,0.8503495454788208,0.7659551501274109,0.9657203555107117,0.08407896012067795,0.8966167569160461,-0.376343309879303,0.9575872421264648,0.18125797808170319,0.8472376465797424,0.7152453064918518,0.8026102781295776
U19_v1,68,1,0.12197920680046082,0.3641287386417389,0.46968433260917664,0.9998315572738647,0.10885827988386154,0.35520637035369873,0.3818100690841675,0.999849796295166,0.10255386680364609,0.35546961426734924,0.3818305730819702,0.9998538494110107,0.09606016427278519,0.35586053133010864,0.38162606954574585,0.9998102784156799,0.1296168714761734,0.3541269898414612,0.40676403045654297,0.9998853206634521,0.13746654987335205,0.3534806966781616,0.406729131937027,0.9999045133590698,0.14537671208381653,0.35286498069763184,0.4065152108669281,0.9998788833618164,0.09448560327291489,0.36128753423690796,0.08763155341148376,0.9998806715011597,0.1652960479259491,0.35682064294815063,0.19487634301185608,0.9998828172683716,0.11600103974342346,0.37253937125205994,0.38022488355636597,0.9997270703315735,0.13741852343082428,0.37179654836654663,0.4098711609840393,0.999698281288147,0.0632738396525383,0.42637839913368225,-0.12529096007347107,0.9998015761375427,0.2679746747016907,0.4123918414115906,0.14530616998672485,0.9993096590042114,0.021478623151779175,0.5151979327201843,-0.04618066921830177,0.9950569868087769,0.3863377273082733,0.48692137002944946,0.08903507888317108,0.990578830242157,-0.027830317616462708,0.5346130728721619,0.21821638941764832,0.7153581976890564,0.40906834602355957,0.5608344674110413,0.03826827555894852,0.7387909889221191,-0.04932433366775513,0.5466797351837158,0.23698045313358307,0.5664107799530029,0.4213637709617615,0.5781186819076538,0.04001835733652115,0.6251254081726074,-0.03226366639137268,0.5369864106178284,0.2434765249490738,0.5613114237785339,0.40709158778190613,0.5799143314361572,0.05938231572508812,0.586325466632843,-0.017640963196754456,0.5320119261741638,0.23006534576416016,0.5008589029312134,0.40021246671676636,0.5747077465057373,0.04403887316584587,0.49899500608444214,0.1302555799484253,0.6002644300460815,-0.19592337310314178,0.9994933605194092,0.2370147556066513,0.59983229637146,0.19581377506256104,0.997351884841919,0.10857042670249939,0.7272144556045532,-0.13455204665660858,0.997178316116333,0.19039641320705414,0.7133411169052124,0.44696009159088135,0.9114649295806885,0.1681099236011505,0.8667880296707153,-0.08713525533676147,0.9896871447563171,0.20511199533939362,0.8362706899642944,0.6540708541870117,0.9321200847625732,0.18850970268249512,0.8883951902389526,-0.08328679203987122,0.9934750199317932,0.22539624571800232,0.8532717227935791,0.6737553477287292,0.9608701467514038,0.09845791757106781,0.8926796913146973,-0.18960626423358917,0.9400026202201843,0.15823453664779663,0.851611316204071,0.6211393475532532,0.7782799601554871
U19_v1,69,1,0.1217319518327713,0.35419681668281555,0.47153380513191223,0.9994889497756958,0.10878972709178925,0.34532612562179565,0.3889465630054474,0.9995347261428833,0.10147532820701599,0.345418781042099,0.3889791667461395,0.9995189905166626,0.09411530196666718,0.34564125537872314,0.3887707591056824,0.9994691014289856,0.1302802860736847,0.3441716134548187,0.40977129340171814,0.9996427297592163,0.137837216258049,0.3433074355125427,0.40971025824546814,0.9996825456619263,0.14553223550319672,0.3425000011920929,0.40946048498153687,0.9996565580368042,0.08996377885341644,0.351385235786438,0.09383705258369446,0.9995191097259521,0.1650630384683609,0.34617337584495544,0.1832471489906311,0.9996114373207092,0.11472935974597931,0.36298680305480957,0.37903720140457153,0.9992005228996277,0.13648609817028046,0.36245471239089966,0.40383288264274597,0.9991950392723083,0.054457977414131165,0.4215872883796692,-0.11891232430934906,0.9994957447052002,0.2643272578716278,0.4045872688293457,0.12537817656993866,0.9985381364822388,0.025189146399497986,0.5076078176498413,-0.014668161980807781,0.9897951483726501,0.3811566233634949,0.4815920293331146,0.1291792243719101,0.9901098608970642,-0.017125189304351807,0.5434494018554688,0.25843676924705505,0.5400575995445251,0.4064902663230896,0.5578844547271729,0.16123154759407043,0.7269600629806519,-0.03188145160675049,0.5584316849708557,0.28137728571891785,0.38892653584480286,0.41789424419403076,0.5765023231506348,0.176831915974617,0.5964438319206238,-0.01676681637763977,0.5509151220321655,0.2844676673412323,0.38523465394973755,0.4051077961921692,0.5765082836151123,0.18275532126426697,0.562950849533081,-0.00517679750919342,0.544287383556366,0.26803526282310486,0.35139209032058716,0.39911842346191406,0.571428120136261,0.16503754258155823,0.48389944434165955,0.13322381675243378,0.5951159000396729,-0.18501794338226318,0.9991284012794495,0.23547956347465515,0.5946133136749268,0.1850941777229309,0.9960319399833679,0.11895684152841568,0.7241573929786682,-0.12692783772945404,0.9914059638977051,0.1809852123260498,0.7095121145248413,0.40768393874168396,0.8214740753173828,0.1617121398448944,0.8687664270401001,-0.07232985645532608,0.9718353748321533,0.1843632161617279,0.83289635181427,0.6173058748245239,0.8533806204795837,0.1816142052412033,0.8924663066864014,-0.06924799829721451,0.9809407591819763,0.1995379626750946,0.8544920086860657,0.6366608738899231,0.913148045539856,0.07659086585044861,0.8981751203536987,-0.18314287066459656,0.8802679181098938,0.13613024353981018,0.8543924689292908,0.5770186185836792,0.67680823802948
U19_v1,70,1,0.11294424533843994,0.3493248522281647,0.47755441069602966,0.9988027811050415,0.09943115711212158,0.3394729197025299,0.397544801235199,0.9989155530929565,0.09182995557785034,0.33943599462509155,0.3975401520729065,0.9989099502563477,0.08393901586532593,0.3395315408706665,0.3973703384399414,0.9988387227058411,0.12125623226165771,0.338969886302948,0.4172819256782532,0.9989697933197021,0.12865737080574036,0.338445246219635,0.41723600029945374,0.9990409016609192,0.13639973104000092,0.33799442648887634,0.4170587658882141,0.9989262223243713,0.08131016045808792,0.34538328647613525,0.10137404501438141,0.998916745185852,0.1579350084066391,0.34240585565567017,0.18529662489891052,0.9987409710884094,0.10560858994722366,0.3580784797668457,0.38297760486602783,0.9985159039497375,0.1276685893535614,0.3580043911933899,0.40673908591270447,0.9984569549560547,0.05138303339481354,0.4136122167110443,-0.10013970732688904,0.9994058609008789,0.2613195776939392,0.4026724696159363,0.118475042283535,0.9978189468383789,0.030642330646514893,0.5007818937301636,-0.08142640441656113,0.9799484014511108,0.37307512760162354,0.4785585403442383,0.08832564949989319,0.9812028408050537,-0.011749818921089172,0.555304765701294,0.061988942325115204,0.6840687990188599,0.4018462896347046,0.5594994425773621,0.06995230913162231,0.7611532211303711,-0.02260163426399231,0.5737173557281494,0.058107443153858185,0.556486964225769,0.4161761999130249,0.5754165649414062,0.07722663879394531,0.6647143959999084,-0.013053670525550842,0.5684930086135864,0.06586233526468277,0.5494704246520996,0.4047813415527344,0.574725329875946,0.06989916414022446,0.6323269009590149,-0.0038106590509414673,0.5606128573417664,0.0690908208489418,0.4922516345977783,0.39764663577079773,0.5697975158691406,0.06761753559112549,0.5561584234237671,0.1263163834810257,0.5882692933082581,-0.1517585813999176,0.998645007610321,0.234291672706604,0.5877256989479065,0.1517070084810257,0.9943015575408936,0.12047916650772095,0.7158936858177185,-0.07241733372211456,0.9695698618888855,0.18115952610969543,0.7072529792785645,0.28308773040771484,0.7947930097579956,0.14997634291648865,0.864723801612854,0.02406998910009861,0.9464695453643799,0.1645527184009552,0.8359244465827942,0.4314267635345459,0.7990151643753052,0.16543427109718323,0.8910127878189087,0.02911030873656273,0.9672958254814148,0.17383916676044464,0.8583658933639526,0.4441112279891968,0.8813442587852478,0.1027970016002655,0.8867531418800354,-0.08329997211694717,0.8091499209403992,0.1320868730545044,0.8551208972930908,0.3556494116783142,0.578184187412262
U19_v1,71,1,0.1124626025557518,0.3474487066268921,0.4949425160884857,0.9988786578178406,0.10020700842142105,0.3377644717693329,0.4133216440677643,0.9988905787467957,0.0929965227842331,0.33783596754074097,0.41335606575012207,0.9989098310470581,0.08541318029165268,0.33802634477615356,0.41321590542793274,0.9987592697143555,0.1207580715417862,0.3370857536792755,0.427677720785141,0.998891294002533,0.1278284788131714,0.33659809827804565,0.4276219606399536,0.9990085959434509,0.13527683913707733,0.33623260259628296,0.4274454116821289,0.9988356232643127,0.0812150165438652,0.34395819902420044,0.11610624939203262,0.9989383816719055,0.15590868890285492,0.3411923050880432,0.17661522328853607,0.998835027217865,0.10463406145572662,0.3564497232437134,0.4005752503871918,0.9988338351249695,0.12633144855499268,0.35615310072898865,0.41765645146369934,0.9988625049591064,0.04403799772262573,0.4133395552635193,-0.050920937210321426,0.9993927478790283,0.2575713098049164,0.40160760283470154,0.06262921541929245,0.9986294507980347,0.02048841118812561,0.5001333355903625,-0.010394581593573093,0.9860067367553711,0.36599767208099365,0.4796140789985657,0.030614370480179787,0.990092933177948,-0.010413601994514465,0.5631524920463562,0.167716383934021,0.629201352596283,0.396209716796875,0.5578842759132385,0.03873216733336449,0.73946213722229,-0.023764848709106445,0.578522801399231,0.17571507394313812,0.4777395725250244,0.41142675280570984,0.5736011862754822,0.049888141453266144,0.6204506158828735,-0.007683321833610535,0.5737746357917786,0.18206898868083954,0.46712321043014526,0.3990289270877838,0.5721367001533508,0.04360683262348175,0.5878890752792358,-0.004379376769065857,0.5663664937019348,0.17440265417099,0.41411900520324707,0.39326968789100647,0.5671260952949524,0.037856265902519226,0.5164896249771118,0.11494690924882889,0.5853514671325684,-0.08688472956418991,0.9983231425285339,0.22301559150218964,0.5848486423492432,0.08691013604402542,0.9948785305023193,0.12509185075759888,0.7166240215301514,-0.016219371929764748,0.9627758264541626,0.17276696860790253,0.7114254832267761,0.1741582155227661,0.8968685269355774,0.14526787400245667,0.8601076006889343,0.08973106741905212,0.9321467876434326,0.13676856458187103,0.8408994078636169,0.30846962332725525,0.8633986711502075,0.15856997668743134,0.8859452605247498,0.09520668536424637,0.9567356109619141,0.13559001684188843,0.861274242401123,0.31902098655700684,0.9183971285820007,0.12503531575202942,0.8820489048957825,-0.008474458009004593,0.7437472343444824,0.11660175770521164,0.8636230230331421,0.2145749032497406,0.6112917065620422
U19_v1,72,1,0.11544500291347504,0.3461188077926636,0.4719944894313812,0.9994470477104187,0.10334672033786774,0.3361097276210785,0.3897877335548401,0.999352753162384,0.09638859331607819,0.3360063433647156,0.38980376720428467,0.999355137348175,0.08885161578655243,0.3360949754714966,0.38966649770736694,0.999235987663269,0.12438088655471802,0.33586156368255615,0.4003659188747406,0.9993657469749451,0.1316494345664978,0.3353652060031891,0.4003022313117981,0.9994344115257263,0.13904933631420135,0.3349689841270447,0.40008750557899475,0.9993042945861816,0.08292372524738312,0.34288668632507324,0.09406814724206924,0.9992996454238892,0.15893515944480896,0.3393721580505371,0.1373613476753235,0.9994038343429565,0.10726664960384369,0.35510846972465515,0.3793603479862213,0.9993352293968201,0.12943167984485626,0.35510241985321045,0.3912980854511261,0.9993675351142883,0.03684115409851074,0.41282230615615845,-0.053730763494968414,0.9997054934501648,0.2597304880619049,0.40144193172454834,0.016610676422715187,0.9994810223579407,0.024399936199188232,0.49925702810287476,-0.01182850357145071,0.9841841459274292,0.3552974462509155,0.4824035167694092,-0.024411555379629135,0.9931435585021973,0.00046116113662719727,0.5626333355903625,0.16569921374320984,0.6076053380966187,0.39028429985046387,0.5607132911682129,0.008698897436261177,0.7997873425483704,-0.006041467189788818,0.5745606422424316,0.17734649777412415,0.4415970742702484,0.40900951623916626,0.5789084434509277,0.02152889221906662,0.6813707947731018,0.00081615149974823,0.572201669216156,0.18064796924591064,0.432278037071228,0.39613935351371765,0.5777999758720398,0.02320532128214836,0.6478455066680908,0.019810795783996582,0.5692310333251953,0.17090964317321777,0.379305899143219,0.3879174590110779,0.5721176266670227,0.011277265846729279,0.5704196691513062,0.11200983822345734,0.5852693319320679,-0.06597129255533218,0.9992132186889648,0.22284692525863647,0.5839225053787231,0.06579076498746872,0.9979466795921326,0.12458079308271408,0.7207834124565125,0.01062488742172718,0.975590169429779,0.16867798566818237,0.7163848280906677,0.15959304571151733,0.9378219246864319,0.14884375035762787,0.8578221797943115,0.14304327964782715,0.9596096277236938,0.12133294343948364,0.835882842540741,0.3325708508491516,0.9340158104896545,0.16707666218280792,0.8782744407653809,0.15109793841838837,0.965829610824585,0.11100879311561584,0.8516889810562134,0.34607958793640137,0.9395080208778381,0.1271209865808487,0.8825461864471436,0.05224379524588585,0.8310958743095398,0.08124126493930817,0.8592140674591064,0.23812638223171234,0.7579991221427917
U19_v1,73,1,0.1123562827706337,0.3491642475128174,0.4794970452785492,0.9995493292808533,0.10092732310295105,0.33872270584106445,0.4004673957824707,0.9994584918022156,0.09395533800125122,0.3385036587715149,0.4004923105239868,0.9994502663612366,0.0863739624619484,0.33848124742507935,0.4003508687019348,0.9993574023246765,0.12179844826459885,0.33884575963020325,0.4082905650138855,0.9994926452636719,0.12901157140731812,0.3384789824485779,0.40821751952171326,0.9995362758636475,0.13634787499904633,0.3381560146808624,0.4079836308956146,0.9994440674781799,0.08109419047832489,0.3454456925392151,0.11491212248802185,0.9993224143981934,0.15641270577907562,0.3431130647659302,0.1465071737766266,0.9994956254959106,0.10273459553718567,0.35812532901763916,0.3906024396419525,0.9993550181388855,0.1256042867898941,0.3584097623825073,0.3989463746547699,0.9994308352470398,0.035864196717739105,0.4144250452518463,-0.029159115627408028,0.9996393918991089,0.2531447112560272,0.4052583575248718,0.008006474934518337,0.9995586276054382,0.011087268590927124,0.4998462200164795,0.0074316891841590405,0.9840547442436218,0.3457135558128357,0.48454469442367554,-0.059604134410619736,0.9960833787918091,-0.005146443843841553,0.5578657984733582,0.17237399518489838,0.4871903359889984,0.38817301392555237,0.5629758238792419,-0.0613148994743824,0.8067715167999268,-0.007701694965362549,0.5706098675727844,0.18857130408287048,0.3341381251811981,0.4040387272834778,0.5817840695381165,-0.053588178008794785,0.6795700788497925,0.014192305505275726,0.5680893659591675,0.1904294192790985,0.3257794976234436,0.3925705552101135,0.5806501507759094,-0.0454343818128109,0.6431892514228821,0.0218573659658432,0.5584729909896851,0.17646628618240356,0.286440372467041,0.3842047452926636,0.5746461749076843,-0.056899067014455795,0.5560683012008667,0.10663643479347229,0.5873376131057739,-0.05199543014168739,0.9991806149482727,0.2139844000339508,0.5851854681968689,0.051738373935222626,0.9980288147926331,0.12069571763277054,0.7163357734680176,0.007503196597099304,0.9746266007423401,0.16788853704929352,0.7125418186187744,0.10625491291284561,0.9543829560279846,0.1430881917476654,0.8487131595611572,0.10381864011287689,0.964823842048645,0.11695103347301483,0.832774817943573,0.25614985823631287,0.9536782503128052,0.15726041793823242,0.868391752243042,0.10874369740486145,0.9741108417510986,0.10273177921772003,0.8500677347183228,0.26754412055015564,0.9578098654747009,0.13678744435310364,0.8731436729431152,0.007727787829935551,0.8522990942001343,0.08379711955785751,0.8567575216293335,0.1524415910243988,0.807149350643158
U19_v1,74,1,0.11581651121377945,0.3539806008338928,0.4941214323043823,0.9994745850563049,0.1045844778418541,0.34453627467155457,0.41685929894447327,0.999390721321106,0.09763740003108978,0.3441498279571533,0.4168899655342102,0.999394416809082,0.0902179405093193,0.34389758110046387,0.4167523980140686,0.9992826581001282,0.1261812150478363,0.34498918056488037,0.42023855447769165,0.9994140863418579,0.13370710611343384,0.34473916888237,0.4201302230358124,0.9994558691978455,0.141246035695076,0.34454041719436646,0.41987258195877075,0.999327540397644,0.0853218287229538,0.34985780715942383,0.13916699588298798,0.9993172883987427,0.15986867249011993,0.3497231900691986,0.15087179839611053,0.9994623064994812,0.10691694915294647,0.3618009686470032,0.40785789489746094,0.99943608045578,0.12946496903896332,0.3630955219268799,0.4104475975036621,0.9995129108428955,0.03623158484697342,0.4130403995513916,-0.004220501519739628,0.9996411800384521,0.2516857087612152,0.4095771908760071,0.00470924424007535,0.9995762705802917,0.01322925090789795,0.497943639755249,-0.011940849013626575,0.9831958413124084,0.33201777935028076,0.49226468801498413,-0.09150231629610062,0.9964730143547058,0.008815936744213104,0.554811954498291,0.09721794724464417,0.4840186834335327,0.37796923518180847,0.569378674030304,-0.12606826424598694,0.7834283709526062,0.006366245448589325,0.5778013467788696,0.10502524673938751,0.3352258801460266,0.393898606300354,0.5878211259841919,-0.12540660798549652,0.6536432504653931,0.01783754676580429,0.5689804553985596,0.10530262440443039,0.3245224058628082,0.3838599622249603,0.5863131284713745,-0.11276808381080627,0.6150147318840027,0.0350881889462471,0.5654029846191406,0.098410464823246,0.2803407311439514,0.3746853470802307,0.5808064937591553,-0.12104382365942001,0.5255805253982544,0.09787061810493469,0.5902473330497742,-0.04095202311873436,0.998511016368866,0.20698237419128418,0.5890907645225525,0.04076656699180603,0.9967694282531738,0.10289601236581802,0.7199571132659912,0.01588779129087925,0.9692822694778442,0.15883152186870575,0.7166106104850769,0.0811959058046341,0.9621055722236633,0.137485072016716,0.8514457941055298,0.10100304335355759,0.9540421366691589,0.10802357643842697,0.8421937227249146,0.21598796546459198,0.9460459351539612,0.16118192672729492,0.8721352219581604,0.10441482067108154,0.9711933732032776,0.0947473794221878,0.8609445095062256,0.22508849203586578,0.9581593871116638,0.14144396781921387,0.8705172538757324,-0.0006871159421280026,0.806771457195282,0.08217431604862213,0.8626210689544678,0.10037628561258316,0.7481935620307922
U19_v1,75,1,0.11534658074378967,0.36097413301467896,0.433065265417099,0.9996660947799683,0.10427933931350708,0.3512401878833771,0.3531814515590668,0.9996084570884705,0.09716007858514786,0.3511311411857605,0.35318830609321594,0.9995893836021423,0.08983366936445236,0.35112515091896057,0.35301676392555237,0.9994856119155884,0.12601295113563538,0.3515128493309021,0.37041333317756653,0.9996449947357178,0.13362561166286469,0.35138776898384094,0.3703314960002899,0.9996715784072876,0.14130137860774994,0.35130617022514343,0.37012797594070435,0.9996033310890198,0.08699502050876617,0.3577190935611725,0.07070956379175186,0.9996383190155029,0.16048820316791534,0.35701119899749756,0.14290101826190948,0.9996473789215088,0.10662589222192764,0.36880648136138916,0.3445098102092743,0.9995149374008179,0.1290302574634552,0.37003177404403687,0.36456170678138733,0.9995973706245422,0.04139479994773865,0.4193699359893799,-0.11694780737161636,0.9995415210723877,0.25307726860046387,0.41763412952423096,0.06811614334583282,0.9995998740196228,0.01738247275352478,0.5023086667060852,-0.11404046416282654,0.9818291664123535,0.32401442527770996,0.5033694505691528,-0.02653881348669529,0.9943572878837585,0.0060563236474990845,0.5539752244949341,0.040064115077257156,0.40978920459747314,0.3597886860370636,0.578566312789917,-0.10355447977781296,0.8189540505409241,-0.01138255000114441,0.5801643133163452,0.04304210841655731,0.277965784072876,0.3773506283760071,0.5932912230491638,-0.10360488295555115,0.715682327747345,0.023650534451007843,0.5676280856132507,0.04604430869221687,0.2748355567455292,0.3656216263771057,0.5928140878677368,-0.09223856031894684,0.6764100193977356,0.030548788607120514,0.5579056143760681,0.04352198541164398,0.24424511194229126,0.356143593788147,0.5884748101234436,-0.10155822336673737,0.5886397361755371,0.09213246405124664,0.5947117209434509,-0.14778690040111542,0.9985203146934509,0.20083585381507874,0.5956592559814453,0.14785706996917725,0.9971334934234619,0.08681751042604446,0.7201045751571655,-0.11705999076366425,0.9863601922988892,0.15428335964679718,0.7196604013442993,0.20310692489147186,0.9294695854187012,0.1421278715133667,0.8490629196166992,-0.015460479073226452,0.9727315306663513,0.11202936619520187,0.8450374603271484,0.32740697264671326,0.9354316592216492,0.1656026393175125,0.8653153777122498,-0.007558493409305811,0.9842489361763,0.10502811521291733,0.8652157187461853,0.3340904414653778,0.9493573307991028,0.12811067700386047,0.8741275668144226,-0.09432508051395416,0.8907936215400696,0.0682809129357338,0.8620712757110596,0.2164609283208847,0.7409802079200745
U19_v1,76,1,0.12929458916187286,0.36735960841178894,0.44302991032600403,0.9997245669364929,0.11895368993282318,0.357405424118042,0.3660389184951782,0.9997115731239319,0.11213842034339905,0.3574047088623047,0.3660554885864258,0.9996682405471802,0.10481533408164978,0.3575366735458374,0.36591777205467224,0.999622106552124,0.13979507982730865,0.35730665922164917,0.37929585576057434,0.9997134804725647,0.1471155434846878,0.3571414351463318,0.37924420833587646,0.9997082352638245,0.15471425652503967,0.35708266496658325,0.37908321619033813,0.9996917247772217,0.09824547171592712,0.3636877238750458,0.09424008429050446,0.9996988773345947,0.17209702730178833,0.36313313245773315,0.1498573124408722,0.9997550845146179,0.12109386175870895,0.3757506012916565,0.3584972620010376,0.9996055960655212,0.14138653874397278,0.37656253576278687,0.3736934959888458,0.9997013211250305,0.04791022837162018,0.4223003089427948,-0.06533857434988022,0.9996215105056763,0.2529906928539276,0.4244232475757599,0.0492992103099823,0.9997071623802185,0.02432309091091156,0.5052644610404968,-0.08174058794975281,0.9743604063987732,0.3166525065898895,0.512183666229248,-0.0435972698032856,0.994816243648529,0.03053821623325348,0.5565802454948425,0.027847077697515488,0.40809422731399536,0.33636587858200073,0.5850428342819214,-0.12019484490156174,0.8177877068519592,0.0299203023314476,0.574703574180603,0.0321638286113739,0.2876608073711395,0.34940898418426514,0.6001421809196472,-0.12384182959794998,0.7067504525184631,0.035679273307323456,0.5705664157867432,0.033441103994846344,0.28491246700286865,0.34079381823539734,0.5983852744102478,-0.1133648231625557,0.6667330265045166,0.04846601188182831,0.5612828731536865,0.030153470113873482,0.25801029801368713,0.33351385593414307,0.5934479236602783,-0.11754433810710907,0.5817490220069885,0.08584819734096527,0.5998666882514954,-0.10732844471931458,0.9991350769996643,0.20107093453407288,0.6012232303619385,0.10753698647022247,0.9985164999961853,0.05852026492357254,0.7200348973274231,-0.0829458013176918,0.9829407334327698,0.1603313535451889,0.7250473499298096,0.14733527600765228,0.9469998478889465,0.12924468517303467,0.844939112663269,-0.012874387204647064,0.963592529296875,0.11961304396390915,0.8477877378463745,0.21545548737049103,0.9468449354171753,0.15071885287761688,0.8569299578666687,-0.005631290841847658,0.9810219407081604,0.11603642255067825,0.8689786195755005,0.21816259622573853,0.9563379287719727,0.12424027174711227,0.8788635730743408,-0.055507536977529526,0.8654636144638062,0.09967154264450073,0.8766061067581177,0.11389221996068954,0.7511178255081177
U19_v1,77,1,0.13007600605487823,0.36950910091400146,0.4584408700466156,0.9994655251502991,0.11979874223470688,0.36021435260772705,0.38565415143966675,0.9995494484901428,0.11336511373519897,0.3603270947933197,0.3856826722621918,0.999515175819397,0.10665668547153473,0.3605991005897522,0.3855517506599426,0.999453604221344,0.14110726118087769,0.36002203822135925,0.39417529106140137,0.9995118379592896,0.14940358698368073,0.3598897457122803,0.39415043592453003,0.9994993209838867,0.15776203572750092,0.35981589555740356,0.39396312832832336,0.9994897842407227,0.10228516161441803,0.36621809005737305,0.12825338542461395,0.9995966553688049,0.17406299710273743,0.36542463302612305,0.16460692882537842,0.9996781349182129,0.12236273288726807,0.3783975839614868,0.3799514174461365,0.9992293119430542,0.14368322491645813,0.37849628925323486,0.3896751403808594,0.9993770718574524,0.04800022393465042,0.4304104447364807,0.010154524818062782,0.9994394183158875,0.2502517104148865,0.4298228919506073,0.045627329498529434,0.9995303153991699,0.017096906900405884,0.5120555758476257,0.030725447461009026,0.959028959274292,0.30384933948516846,0.5168977975845337,0.02888522483408451,0.9894094467163086,0.0378199964761734,0.5653902292251587,0.18466748297214508,0.2531682848930359,0.31583043932914734,0.5859389305114746,0.07850035279989243,0.7150647044181824,0.03906700760126114,0.5799380540847778,0.1997814029455185,0.17367370426654816,0.3233027160167694,0.601510763168335,0.08608420938253403,0.5902179479598999,0.057420529425144196,0.5771931409835815,0.1961217075586319,0.17214876413345337,0.3159940540790558,0.5999644994735718,0.09859585762023926,0.5561897158622742,0.06295687705278397,0.5711331367492676,0.18574213981628418,0.16041091084480286,0.3090037703514099,0.5956529974937439,0.08389953523874283,0.4845568835735321,0.08966729044914246,0.5999041199684143,-0.052424635738134384,0.9990027546882629,0.19809597730636597,0.6029060482978821,0.05232769995927811,0.9985082745552063,0.04201117902994156,0.7187585830688477,-0.010695412755012512,0.9833679795265198,0.15868957340717316,0.7256988883018494,0.1276392787694931,0.9429239630699158,0.11340015381574631,0.8287558555603027,0.045733433216810226,0.9663201570510864,0.11757887154817581,0.8379424810409546,0.16828620433807373,0.9601845145225525,0.12483822554349899,0.8445466160774231,0.05008839815855026,0.9798147082328796,0.11804669350385666,0.8557844161987305,0.16767841577529907,0.9674479961395264,0.10559529066085815,0.879330575466156,0.012945562601089478,0.8638456463813782,0.10087564587593079,0.87565678358078,0.07204551994800568,0.8005765676498413
U19_v1,78,1,0.12491870671510696,0.3710653781890869,0.4038642942905426,0.9996848106384277,0.11558946967124939,0.36081331968307495,0.3324824869632721,0.9996925592422485,0.10978284478187561,0.36073368787765503,0.33253633975982666,0.999634861946106,0.10392393171787262,0.360903263092041,0.33247873187065125,0.9995875954627991,0.13396918773651123,0.3612845540046692,0.3465392589569092,0.999724805355072,0.14114749431610107,0.361372172832489,0.3464745283126831,0.9997170567512512,0.14866256713867188,0.36160019040107727,0.3462837040424347,0.9997385144233704,0.10136697441339493,0.3671145439147949,0.08531629294157028,0.9996076226234436,0.16582006216049194,0.36789846420288086,0.14865952730178833,0.9998125433921814,0.1194295585155487,0.38060206174850464,0.32914286851882935,0.9992603659629822,0.1386251002550125,0.38118886947631836,0.3467535972595215,0.99949049949646,0.05408414453268051,0.4317673146724701,-0.008010867051780224,0.999269425868988,0.24950629472732544,0.43272876739501953,0.04602630063891411,0.9997603297233582,0.015596598386764526,0.508705735206604,0.08911576122045517,0.9545509219169617,0.3061971068382263,0.5172349214553833,0.13549819588661194,0.9879581928253174,0.02696909010410309,0.5476489663124084,0.34305623173713684,0.2948288321495056,0.30054721236228943,0.5754203796386719,0.3297775387763977,0.6766870617866516,0.03310362249612808,0.5608063340187073,0.38144055008888245,0.2231021374464035,0.30157792568206787,0.5936558842658997,0.3623146116733551,0.5520467162132263,0.03992678225040436,0.5563750267028809,0.3764621615409851,0.22355318069458008,0.29220908880233765,0.5894838571548462,0.36752161383628845,0.5225823521614075,0.04712551087141037,0.5511001944541931,0.34885358810424805,0.2113313376903534,0.2870185077190399,0.5837599039077759,0.33797767758369446,0.4678516387939453,0.09306219965219498,0.5968979001045227,-0.0576765201985836,0.9993200302124023,0.2002566158771515,0.5997080206871033,0.05739579722285271,0.9992737174034119,0.04341761767864227,0.7127746939659119,0.03568948060274124,0.9725813865661621,0.16061466932296753,0.7213902473449707,0.14740759134292603,0.9327429533004761,0.10508663952350616,0.8131375908851624,-0.027445176616311073,0.9649023413658142,0.12024915218353271,0.8301951885223389,0.06232813000679016,0.9642366170883179,0.11780910193920135,0.8221914768218994,-0.03321219980716705,0.9815080761909485,0.13584916293621063,0.8447277545928955,0.05055544152855873,0.9676794409751892,0.11061997711658478,0.8676566481590271,-0.04442499205470085,0.9089666604995728,0.1025829166173935,0.8671178817749023,-0.021315457299351692,0.8727275133132935
U19_v1,79,1,0.13131183385849,0.36993157863616943,0.4674573242664337,0.9995948672294617,0.12059640884399414,0.3599657416343689,0.3880757987499237,0.9994932413101196,0.11363604664802551,0.35983729362487793,0.38812920451164246,0.9994814991950989,0.10577450692653656,0.3598528504371643,0.3881363570690155,0.9993682503700256,0.14178349077701569,0.3604696989059448,0.4006080627441406,0.9995403289794922,0.14879600703716278,0.36050575971603394,0.40045902132987976,0.9995909333229065,0.15626125037670135,0.36061736941337585,0.40024569630622864,0.999588668346405,0.10363054275512695,0.3659486770629883,0.11571832001209259,0.9993762373924255,0.1737256944179535,0.3664371371269226,0.17151418328285217,0.9996917247772217,0.12444685399532318,0.37797772884368896,0.38572970032691956,0.9992183446884155,0.14543814957141876,0.37922829389572144,0.4013238549232483,0.9994452595710754,0.05348348617553711,0.43171343207359314,-0.009793773293495178,0.9992357492446899,0.25652194023132324,0.43041080236434937,0.059494759887456894,0.9996625185012817,0.02051045000553131,0.5070310831069946,0.025088010355830193,0.9475167393684387,0.30849239230155945,0.5222315788269043,0.1544894129037857,0.9799864888191223,0.05148746073246002,0.546765923500061,0.22001715004444122,0.18126550316810608,0.2643481194972992,0.5609827637672424,0.35120683908462524,0.25083404779434204,0.058366015553474426,0.5658537149429321,0.2453407347202301,0.14344443380832672,0.2464691698551178,0.5754306316375732,0.3895556628704071,0.17285512387752533,0.08732673525810242,0.561495840549469,0.2460251897573471,0.14160795509815216,0.23792216181755066,0.5699569582939148,0.38630980253219604,0.1620112657546997,0.09094813466072083,0.5557541847229004,0.2248774617910385,0.13740380108356476,0.24098771810531616,0.5641332268714905,0.35562098026275635,0.15000054240226746,0.08970755338668823,0.6026631593704224,-0.05114126205444336,0.9995311498641968,0.2021866738796234,0.6039711833000183,0.050723250955343246,0.9994277358055115,0.043363116681575775,0.7147502899169922,0.11409696191549301,0.9889122247695923,0.16295717656612396,0.72516930103302,0.20352765917778015,0.9846487641334534,0.0939936712384224,0.8159115314483643,-0.10241902619600296,0.9889348149299622,0.10783058404922485,0.8339995741844177,-0.01922883838415146,0.9894357919692993,0.10618096590042114,0.8222633600234985,-0.1220025047659874,0.9958474040031433,0.11069008708000183,0.8493764400482178,-0.043964412063360214,0.9928291440010071,0.07655271142721176,0.8678206205368042,-0.14202666282653809,0.9300057291984558,0.09218133240938187,0.8647944927215576,-0.10968204587697983,0.91501784324646
U19_v1,80,1,0.12194566428661346,0.363564670085907,0.5521719455718994,0.9992440938949585,0.1118275448679924,0.35467278957366943,0.4715244174003601,0.9991317391395569,0.10497578978538513,0.35468700528144836,0.47154876589775085,0.9991335272789001,0.09875178337097168,0.3548794984817505,0.47156667709350586,0.9990501999855042,0.13284912705421448,0.3550502359867096,0.4873463809490204,0.9990979433059692,0.14059650897979736,0.3551822900772095,0.4872196614742279,0.9991536140441895,0.1486828625202179,0.3554013669490814,0.48701444268226624,0.9991544485092163,0.1002318412065506,0.3612949252128601,0.18689864873886108,0.9989240765571594,0.16967615485191345,0.3613967001438141,0.2553533613681793,0.9991979002952576,0.11673673987388611,0.3727581799030304,0.4654023349285126,0.998583197593689,0.1379736363887787,0.373573899269104,0.4850683808326721,0.9987629652023315,0.0496768057346344,0.4246698319911957,0.015850404277443886,0.9994869232177734,0.25883734226226807,0.42676645517349243,0.12808991968631744,0.9992794394493103,0.012953773140907288,0.5021196603775024,-0.0267835333943367,0.972359299659729,0.30913668870925903,0.5180011987686157,0.17842534184455872,0.9590204954147339,0.03876630961894989,0.544840395450592,0.09309516847133636,0.35173311829566956,0.23627044260501862,0.545694887638092,0.31719741225242615,0.1233196035027504,0.049495987594127655,0.5633858442306519,0.0973358005285263,0.25771474838256836,0.21240423619747162,0.5558488965034485,0.3430028557777405,0.08368716388940811,0.07560284435749054,0.5593191385269165,0.10240602493286133,0.25144147872924805,0.19976499676704407,0.5504933595657349,0.3376551866531372,0.07945670187473297,0.07899145036935806,0.5538573861122131,0.09696246683597565,0.2408902794122696,0.20551587641239166,0.5470010638237,0.31716063618659973,0.07826340198516846,0.08472380042076111,0.5949714183807373,-0.027659662067890167,0.9993226528167725,0.1978452503681183,0.5988268256187439,0.027331238612532616,0.9989752769470215,0.05390211194753647,0.7038643956184387,0.11527708917856216,0.9776862859725952,0.164639413356781,0.7174448370933533,0.15237730741500854,0.987888753414154,0.09025313705205917,0.8116410374641418,-0.12115006893873215,0.9805439114570618,0.11125561594963074,0.8352971076965332,-0.09968225657939911,0.9881032109260559,0.09638765454292297,0.8251310586929321,-0.14382348954677582,0.9923740029335022,0.11155520379543304,0.8536306619644165,-0.12693141400814056,0.9915848970413208,0.07359685003757477,0.8646970987319946,-0.189240500330925,0.8874266147613525,0.09841148555278778,0.8615131378173828,-0.19817183911800385,0.8947769999504089
U19_v1,81,1,0.1189713403582573,0.35861754417419434,0.4726804792881012,0.9990723133087158,0.1092349961400032,0.3497849702835083,0.3845352828502655,0.9988903403282166,0.10248909890651703,0.3497958481311798,0.38456687331199646,0.998809814453125,0.09649867564439774,0.34997129440307617,0.38452446460723877,0.9986997842788696,0.1304292231798172,0.35029593110084534,0.39881691336631775,0.9990254640579224,0.13842716813087463,0.350421667098999,0.3986715078353882,0.9990686774253845,0.14631401002407074,0.3505760431289673,0.39842385053634644,0.9990799427032471,0.09906218945980072,0.35689717531204224,0.10318010300397873,0.998497724533081,0.167533278465271,0.3558119535446167,0.1638522744178772,0.9991225600242615,0.11431732028722763,0.367875874042511,0.3900103271007538,0.9987898468971252,0.13642379641532898,0.3688453435897827,0.40704047679901123,0.9990969896316528,0.04974263161420822,0.4182235598564148,-0.019544467329978943,0.9990274906158447,0.26250287890434265,0.4211358428001404,0.04799990728497505,0.9992395639419556,0.01675163209438324,0.5028411746025085,0.02801884151995182,0.9583717584609985,0.3078029751777649,0.5144371390342712,0.16939401626586914,0.9693629145622253,0.04134047031402588,0.5364499092102051,0.24638722836971283,0.16437122225761414,0.2282470464706421,0.531807005405426,0.4080051779747009,0.07591989636421204,0.05106785148382187,0.55410236120224,0.26767587661743164,0.1320226490497589,0.20342546701431274,0.5416088104248047,0.44486504793167114,0.05552246794104576,0.08173784613609314,0.549986720085144,0.2663876712322235,0.12721450626850128,0.1912817358970642,0.5340671539306641,0.4339428246021271,0.05269152671098709,0.0875735878944397,0.5438268780708313,0.24993909895420074,0.11974561959505081,0.197641521692276,0.5312973856925964,0.40773826837539673,0.05190407484769821,0.08516333997249603,0.587165117263794,0.006835998967289925,0.9983912110328674,0.19593238830566406,0.5914551019668579,-0.0069898078218102455,0.9985914826393127,0.06334784626960754,0.7019706964492798,0.1855708658695221,0.9808574914932251,0.16720172762870789,0.7160419225692749,0.06131555140018463,0.9959598183631897,0.07750830054283142,0.8128426671028137,0.2407999187707901,0.9744646549224854,0.11671259254217148,0.8414261341094971,0.017894664779305458,0.9918760061264038,0.08154256641864777,0.8300715088844299,0.24821016192436218,0.987558901309967,0.11466394364833832,0.8594702482223511,0.01204700954258442,0.9934319853782654,0.05518445372581482,0.8468902111053467,0.21375636756420135,0.7741779685020447,0.11896354705095291,0.8621214628219604,-0.06477664411067963,0.8443784713745117
U19_v1,82,1,0.11538975685834885,0.3594219386577606,0.4632876515388489,0.9989858269691467,0.10549136251211166,0.3507642447948456,0.3755638301372528,0.9987622499465942,0.0993901938199997,0.3507329821586609,0.37559494376182556,0.9986781477928162,0.09390981495380402,0.35084354877471924,0.3755505681037903,0.9985696077346802,0.12562112510204315,0.35133492946624756,0.3908739984035492,0.9989156723022461,0.13343766331672668,0.3514854907989502,0.3907254934310913,0.9989689588546753,0.14106076955795288,0.3516523540019989,0.39047423005104065,0.9989866614341736,0.09805053472518921,0.35752207040786743,0.0980713814496994,0.9982983469963074,0.16283968091011047,0.3566363751888275,0.16340988874435425,0.9989915490150452,0.11176086217164993,0.3688197135925293,0.3820013999938965,0.9986675977706909,0.13302259147167206,0.3696628510951996,0.4003869891166687,0.9990023970603943,0.05113423615694046,0.41848498582839966,-0.020772164687514305,0.999081015586853,0.26270201802253723,0.4209536910057068,0.05535181611776352,0.9992378950119019,0.019578300416469574,0.5047175884246826,0.03964374586939812,0.9568254947662354,0.3079459071159363,0.5143701434135437,0.19239816069602966,0.9696738719940186,0.04236270487308502,0.5356206893920898,0.2670591473579407,0.16348744928836823,0.2288961410522461,0.5317689180374146,0.44297629594802856,0.07217392325401306,0.05144668370485306,0.5530907511711121,0.28876256942749023,0.13378483057022095,0.20449599623680115,0.5413804054260254,0.48137062788009644,0.0534360371530056,0.08321161568164825,0.5487492680549622,0.28562211990356445,0.12969928979873657,0.19263531267642975,0.5339125394821167,0.4681747555732727,0.05070442333817482,0.08910858631134033,0.5427206158638,0.270183265209198,0.12118001282215118,0.1989881694316864,0.5311561822891235,0.44223687052726746,0.04987669363617897,0.08563710004091263,0.5866276025772095,0.0032038406934589148,0.9984355568885803,0.19644969701766968,0.5905582308769226,-0.003354033688083291,0.9985692501068115,0.06416839361190796,0.7031827569007874,0.16028693318367004,0.9824965000152588,0.16886727511882782,0.7158305644989014,0.04427868872880936,0.9959773421287537,0.0803772360086441,0.8157467842102051,0.20287813246250153,0.9761028289794922,0.11907371878623962,0.841035783290863,-0.007813242264091969,0.9916943907737732,0.08262115716934204,0.831156313419342,0.20898717641830444,0.9889655113220215,0.11435162276029587,0.8573042154312134,-0.014611811377108097,0.9934547543525696,0.0545303076505661,0.8479418754577637,0.1681414544582367,0.783025860786438,0.11595823615789413,0.861580491065979,-0.09578991681337357,0.8419920802116394
U19_v1,83,1,0.12867969274520874,0.3535827696323395,0.4521082043647766,0.998749852180481,0.1192544549703598,0.3445281684398651,0.36562320590019226,0.9985724687576294,0.1132417544722557,0.34457331895828247,0.3656366169452667,0.998433530330658,0.10642095655202866,0.34476789832115173,0.3655703365802765,0.9983319640159607,0.13903985917568207,0.3449453115463257,0.377291202545166,0.9988701939582825,0.14603883028030396,0.3450845181941986,0.377149760723114,0.9989338517189026,0.15336255729198456,0.34530097246170044,0.3768860697746277,0.9989798665046692,0.10460660606622696,0.3522651791572571,0.08367399871349335,0.9984064698219299,0.17067652940750122,0.3517828583717346,0.1319778561592102,0.9990560412406921,0.12141399085521698,0.3630759119987488,0.36795127391815186,0.9986652135848999,0.1423102170228958,0.36365842819213867,0.38174328207969666,0.9989720582962036,0.05265668034553528,0.4120098352432251,-0.0611114501953125,0.9988046884536743,0.2656848132610321,0.4168311357498169,0.043697915971279144,0.9988810420036316,0.01894671469926834,0.5004456043243408,0.012086437083780766,0.9121776223182678,0.303384929895401,0.5068891048431396,0.20956963300704956,0.9285121560096741,0.03981935977935791,0.5185105800628662,0.27174222469329834,0.08113989979028702,0.22756320238113403,0.511092483997345,0.5192992091178894,0.08126132190227509,0.06098651885986328,0.5401780009269714,0.2908281087875366,0.07012463361024857,0.21278972923755646,0.5255085825920105,0.5685946941375732,0.06815022975206375,0.07963189482688904,0.5321806073188782,0.2960045039653778,0.06840867549180984,0.1915653496980667,0.5103000998497009,0.5569538474082947,0.06546705961227417,0.08585413545370102,0.5274369716644287,0.2777836322784424,0.06782025098800659,0.1993856579065323,0.5059568881988525,0.5203486680984497,0.06688235700130463,0.08580592274665833,0.5814013481140137,-0.04110722243785858,0.9968174695968628,0.19726793467998505,0.5860623717308044,0.04103599116206169,0.9951668977737427,0.06562764942646027,0.702422022819519,0.0801108181476593,0.9850217700004578,0.16893208026885986,0.7136362791061401,0.14144651591777802,0.9858257174491882,0.06208249181509018,0.8220231533050537,0.16624480485916138,0.976042628288269,0.12477627396583557,0.8379808664321899,0.2174927145242691,0.9743010401725769,0.06491556763648987,0.8406299948692322,0.17511296272277832,0.9833242297172546,0.11730103194713593,0.8546008467674255,0.22421562671661377,0.9772487878799438,0.019668303430080414,0.8499443531036377,0.1395867019891739,0.8096379637718201,0.11190079152584076,0.855217456817627,0.17207105457782745,0.7539771199226379
U19_v1,84,1,0.13451385498046875,0.3508231043815613,0.46685704588890076,0.9989138841629028,0.12331466376781464,0.3414004147052765,0.3812667727470398,0.9989230036735535,0.11690592765808105,0.34159359335899353,0.38128426671028137,0.9988096952438354,0.11024215072393417,0.3419520854949951,0.38119712471961975,0.9987766146659851,0.14393657445907593,0.34157419204711914,0.39028722047805786,0.9991497993469238,0.15084078907966614,0.34169936180114746,0.3901378810405731,0.9992005228996277,0.15763822197914124,0.34190982580184937,0.38990020751953125,0.999263346195221,0.1066998615860939,0.35041728615760803,0.09970058500766754,0.9989060163497925,0.17088818550109863,0.3491711914539337,0.1370779275894165,0.9993805885314941,0.12566594779491425,0.36098092794418335,0.38273245096206665,0.9989977478981018,0.14838632941246033,0.3602496385574341,0.39341744780540466,0.9992477893829346,0.050902754068374634,0.4122539758682251,-0.03749680891633034,0.9989425539970398,0.2646710276603699,0.4131734371185303,0.041385769844055176,0.9990319013595581,0.0038144290447235107,0.49834752082824707,0.0674571543931961,0.8955237865447998,0.3057718276977539,0.5003563165664673,0.23208388686180115,0.9060032367706299,0.04537462443113327,0.5102578401565552,0.3606245219707489,0.06406459212303162,0.22078867256641388,0.5006988644599915,0.5928048491477966,0.07616429775953293,0.06321829557418823,0.5281146764755249,0.382824182510376,0.05567600950598717,0.20975710451602936,0.5162301063537598,0.6484874486923218,0.06619776785373688,0.08128778636455536,0.5200706124305725,0.38817068934440613,0.05498005077242851,0.18837082386016846,0.4977567791938782,0.6351835131645203,0.06432747095823288,0.08736738562583923,0.5163131952285767,0.36744970083236694,0.05593663826584816,0.19506388902664185,0.4975143074989319,0.5948811769485474,0.06750020384788513,0.07954631745815277,0.5798488259315491,-0.03281320631504059,0.9968055486679077,0.19252806901931763,0.585561215877533,0.03272022306919098,0.9949045181274414,0.06537964940071106,0.7049528956413269,0.08417008817195892,0.9850419163703918,0.16700197756290436,0.7144151926040649,0.13643071055412292,0.9806257486343384,0.05585747957229614,0.8304848670959473,0.16024264693260193,0.9734088778495789,0.12313444167375565,0.8405404090881348,0.22016000747680664,0.9657244682312012,0.05575907602906227,0.8492796421051025,0.16819189488887787,0.981052577495575,0.11660632491111755,0.8588289022445679,0.2280144989490509,0.9690855741500854,0.02861770987510681,0.8462314605712891,0.13774357736110687,0.7868148684501648,0.11767406761646271,0.8498280048370361,0.17867977917194366,0.717727780342102
U19_v1,85,1,0.1418733447790146,0.3487057685852051,0.4336920976638794,0.9987747073173523,0.13096964359283447,0.3385189175605774,0.34647059440612793,0.9988190531730652,0.12429860234260559,0.3385578393936157,0.3465081453323364,0.9987882971763611,0.11753259599208832,0.33877766132354736,0.34645622968673706,0.9987103939056396,0.14940431714057922,0.3387078046798706,0.352319598197937,0.9990686774253845,0.15575231611728668,0.3387659788131714,0.352165549993515,0.9991493225097656,0.16222968697547913,0.33891600370407104,0.35192400217056274,0.9991801381111145,0.1127922385931015,0.3473021984100342,0.06910207122564316,0.9986681938171387,0.1769448220729828,0.34669142961502075,0.09644768387079239,0.9993300437927246,0.1351603865623474,0.35851338505744934,0.352328360080719,0.9987665414810181,0.1551014930009842,0.3583695888519287,0.3600223958492279,0.9990605711936951,0.053464487195014954,0.40831029415130615,-0.011124295182526112,0.9986967444419861,0.26842671632766724,0.4103429317474365,-0.02443552576005459,0.9990781545639038,0.00807664543390274,0.4922500550746918,0.13667845726013184,0.8693819046020508,0.3005855679512024,0.4988439083099365,0.2097998559474945,0.9129151105880737,0.03704576939344406,0.5032271146774292,0.4526435136795044,0.06377220898866653,0.2416875809431076,0.48880118131637573,0.6571314930915833,0.08406756073236465,0.05899678170681,0.5144931077957153,0.48065832257270813,0.05543024092912674,0.23297443985939026,0.49722379446029663,0.723097026348114,0.07187779247760773,0.07603862881660461,0.5071694850921631,0.48121604323387146,0.05496542155742645,0.21586868166923523,0.4886920750141144,0.7070158123970032,0.07058721035718918,0.08221784979104996,0.5042404532432556,0.4588232934474945,0.053858306258916855,0.22097767889499664,0.47892996668815613,0.6622274518013,0.07496437430381775,0.08237146586179733,0.5779324769973755,0.03300511837005615,0.9971261620521545,0.1921924501657486,0.5820003151893616,-0.03321666643023491,0.9969844222068787,0.07189740240573883,0.7023853659629822,0.15298113226890564,0.9754389524459839,0.17242200672626495,0.7116919755935669,0.08521886169910431,0.9878035187721252,0.04849819093942642,0.8234021663665771,0.23847360908985138,0.9638402462005615,0.12805089354515076,0.839657723903656,0.15179488062858582,0.9764660596847534,0.04703081399202347,0.8459789752960205,0.24688106775283813,0.9726046323776245,0.1177731454372406,0.8590283393859863,0.15882989764213562,0.9792230129241943,0.04594901204109192,0.8302255868911743,0.22260858118534088,0.7076646685600281,0.13391198217868805,0.8476639986038208,0.11366157978773117,0.7478219866752625
U19_v1,86,1,0.14642535150051117,0.34877198934555054,0.41385146975517273,0.9977624416351318,0.13618522882461548,0.33849048614501953,0.32545387744903564,0.997856080532074,0.12996628880500793,0.3385152220726013,0.32548433542251587,0.9978132247924805,0.12281119078397751,0.3386644721031189,0.3254235088825226,0.9977433681488037,0.15448084473609924,0.3385583758354187,0.331704705953598,0.9982536435127258,0.16074518859386444,0.33852821588516235,0.33156371116638184,0.9983704686164856,0.16735586524009705,0.33857089281082153,0.3313194811344147,0.9984399676322937,0.11632311344146729,0.3472272455692291,0.04227037727832794,0.9975454211235046,0.181319460272789,0.346049040555954,0.07222723960876465,0.9985598921775818,0.13930180668830872,0.3585777282714844,0.3303852379322052,0.9976904392242432,0.15904223918914795,0.35836994647979736,0.33871304988861084,0.9981361627578735,0.05347319692373276,0.40748560428619385,-0.024516364559531212,0.9974098801612854,0.2691301107406616,0.4119097590446472,-0.0526060052216053,0.9983100891113281,0.009455516934394836,0.49029624462127686,0.14894890785217285,0.7958624362945557,0.3005499243736267,0.4986121356487274,0.19952556490898132,0.8608779907226562,0.06256089359521866,0.5031105279922485,0.49274083971977234,0.05182508006691933,0.24559853971004486,0.47896555066108704,0.6670679450035095,0.06786523014307022,0.06902013719081879,0.5093953609466553,0.531396746635437,0.04641055688261986,0.23813720047473907,0.48441773653030396,0.736786425113678,0.06107711046934128,0.08693576604127884,0.5018553733825684,0.5303916335105896,0.04608067497611046,0.2193111777305603,0.46502411365509033,0.7211458086967468,0.05982932820916176,0.09321369230747223,0.4995460510253906,0.500268280506134,0.04523058980703354,0.22322794795036316,0.4663916230201721,0.6730425357818604,0.06371496617794037,0.0786147341132164,0.5793732404708862,0.050022680312395096,0.996566653251648,0.18748292326927185,0.5846476554870605,-0.0502997562289238,0.9967166781425476,0.07492445409297943,0.7033210396766663,0.20475371181964874,0.9686256647109985,0.17219212651252747,0.7131507992744446,0.08810348808765411,0.9870589375495911,0.052146896719932556,0.8197004199028015,0.3096148371696472,0.9529885053634644,0.1328689455986023,0.8387126326560974,0.16710612177848816,0.9740919470787048,0.05003863573074341,0.842361569404602,0.32061660289764404,0.9649118781089783,0.11976142227649689,0.8611193895339966,0.17624054849147797,0.9773566126823425,0.061480604112148285,0.8224791288375854,0.3054364025592804,0.6477423310279846,0.147945374250412,0.8444961309432983,0.13684092462062836,0.7241737246513367
U19_v1,87,1,0.14301879703998566,0.35350561141967773,0.43221384286880493,0.9993698000907898,0.13236401975154877,0.3436735272407532,0.34449541568756104,0.9993242025375366,0.12602654099464417,0.34374749660491943,0.3445013463497162,0.9993357062339783,0.11948669701814651,0.3439914882183075,0.344436913728714,0.9993020296096802,0.15088820457458496,0.3440762162208557,0.3528960049152374,0.9994649291038513,0.15725842118263245,0.3442475199699402,0.35277891159057617,0.999517560005188,0.16386887431144714,0.3444784879684448,0.35257771611213684,0.9995172023773193,0.11587075144052505,0.35242682695388794,0.06418149173259735,0.9992848038673401,0.17837698757648468,0.3519620895385742,0.10141508281230927,0.99953293800354,0.13663966953754425,0.3634036183357239,0.34974271059036255,0.9992311000823975,0.15590426325798035,0.3637351393699646,0.35991522669792175,0.9993993043899536,0.054385364055633545,0.4154389500617981,-0.04956166818737984,0.998940646648407,0.26897644996643066,0.4168567657470703,-0.00040509121026843786,0.9991351962089539,0.0038191452622413635,0.4932382106781006,0.09424841403961182,0.9268963932991028,0.30235737562179565,0.5024464130401611,0.2244698852300644,0.909704864025116,0.03908617049455643,0.5079800486564636,0.4342813491821289,0.08571131527423859,0.24170398712158203,0.4919143319129944,0.6456143260002136,0.08650916069746017,0.05345923453569412,0.5203254222869873,0.4649447798728943,0.06727282702922821,0.2326134443283081,0.5014236569404602,0.7109232544898987,0.07034055888652802,0.0697479248046875,0.5138236284255981,0.46786078810691833,0.06660977751016617,0.2156819999217987,0.49334996938705444,0.6969958543777466,0.06989578157663345,0.07495394349098206,0.5111323595046997,0.44271785020828247,0.06568245589733124,0.22151422500610352,0.48207229375839233,0.6508033871650696,0.07326032966375351,0.07829420268535614,0.5832537412643433,0.0016483634244650602,0.9979987740516663,0.18680115044116974,0.5882939696311951,-0.0018785540014505386,0.9980995059013367,0.06853548437356949,0.7029849886894226,0.1617400050163269,0.9877305626869202,0.16790814697742462,0.7116270065307617,0.12131877988576889,0.9928594827651978,0.05452326685190201,0.8232247829437256,0.2693975567817688,0.9777330160140991,0.14128953218460083,0.8397282361984253,0.16394732892513275,0.984994113445282,0.05113164335489273,0.8475953340530396,0.2821509540081024,0.9807549715042114,0.13214300572872162,0.8639545440673828,0.16948039829730988,0.9857801795005798,0.05228080600500107,0.8192239999771118,0.2682186961174011,0.7591819167137146,0.14890964329242706,0.837073802947998,0.13343317806720734,0.7910495400428772
U19_v1,88,1,0.13308382034301758,0.3571496605873108,0.42111098766326904,0.9985829591751099,0.12413822114467621,0.3473268747329712,0.3304326832294464,0.9984431862831116,0.11861617118120193,0.34737247228622437,0.33040642738342285,0.998542070388794,0.1126146912574768,0.3475668430328369,0.33032554388046265,0.9983919262886047,0.14275725185871124,0.347973108291626,0.3454301059246063,0.9987726807594299,0.14952805638313293,0.3482283353805542,0.34531906247138977,0.9989492297172546,0.1562972515821457,0.34853261709213257,0.3451031446456909,0.9989136457443237,0.11138743907213211,0.3563387989997864,0.04506594315171242,0.9984972476959229,0.17288751900196075,0.35569608211517334,0.11183879524469376,0.9989224672317505,0.12765049934387207,0.3678799867630005,0.3375783860683441,0.9981282353401184,0.14659495651721954,0.3682078719139099,0.3561748266220093,0.9985236525535583,0.05373884737491608,0.41823020577430725,-0.08741843700408936,0.998711347579956,0.2683517634868622,0.4222087264060974,0.03850549831986427,0.9986590147018433,-0.00028464943170547485,0.49565720558166504,0.061978116631507874,0.9178388118743896,0.30914872884750366,0.5067570209503174,0.268207848072052,0.8814179301261902,0.037847042083740234,0.5094438791275024,0.41897162795066833,0.07915519922971725,0.23879262804985046,0.4949774444103241,0.6679107546806335,0.06470552831888199,0.04754649102687836,0.5195453763008118,0.44755223393440247,0.06704956293106079,0.23071010410785675,0.5060067772865295,0.7278934717178345,0.057695746421813965,0.06418505311012268,0.5130168199539185,0.45007893443107605,0.06695490330457687,0.21377846598625183,0.484086275100708,0.7134609222412109,0.05760643631219864,0.06936982274055481,0.5103904604911804,0.4280349314212799,0.06613900512456894,0.21760863065719604,0.48510095477104187,0.6713594198226929,0.0605301633477211,0.07555868476629257,0.5859634876251221,-0.035967759788036346,0.9967623949050903,0.1836196482181549,0.5914067029953003,0.03571208193898201,0.9966275095939636,0.070005401968956,0.7038337588310242,0.14652900397777557,0.9872473478317261,0.16752345860004425,0.7105436325073242,0.1707882136106491,0.9913880228996277,0.0639423057436943,0.8242568969726562,0.27706199884414673,0.9758720397949219,0.14723022282123566,0.8385629653930664,0.2422870397567749,0.9819163084030151,0.058325473219156265,0.8472751379013062,0.2926962375640869,0.9807987809181213,0.14203448593616486,0.861111044883728,0.2504371106624603,0.9841707348823547,0.055634506046772,0.8223125338554382,0.2769646644592285,0.7539367079734802,0.14218008518218994,0.8361577987670898,0.21292716264724731,0.7560944557189941
U19_v1,89,1,0.12997232377529144,0.3608982563018799,0.4332037568092346,0.999043881893158,0.12162653356790543,0.35095393657684326,0.3440173864364624,0.9990556836128235,0.11573619395494461,0.3509884476661682,0.3439881205558777,0.9991474151611328,0.11016456037759781,0.3512268662452698,0.34390607476234436,0.9989751577377319,0.13975659012794495,0.3518400192260742,0.35801777243614197,0.9991661310195923,0.14655613899230957,0.35227662324905396,0.35790351033210754,0.9993084669113159,0.15299329161643982,0.35275712609291077,0.3576699197292328,0.9992103576660156,0.10949398577213287,0.36010104417800903,0.06099747121334076,0.9990979433059692,0.17022840678691864,0.3605310916900635,0.12205609679222107,0.9994450211524963,0.12365978956222534,0.37161821126937866,0.3504731059074402,0.9987936019897461,0.1438588947057724,0.372703492641449,0.36754781007766724,0.999001681804657,0.05158248543739319,0.42391103506088257,-0.07421668618917465,0.9992893934249878,0.2649671137332916,0.42549729347229004,0.040359754115343094,0.9989641904830933,-0.007745884358882904,0.5011676549911499,0.051409270614385605,0.9508785605430603,0.31271806359291077,0.5114086270332336,0.27037087082862854,0.9193320274353027,0.032185591757297516,0.5297608971595764,0.37328556180000305,0.1179710105061531,0.2358594834804535,0.5032238960266113,0.6872028708457947,0.06574058532714844,0.046076640486717224,0.5431054830551147,0.40250349044799805,0.09478111565113068,0.22588831186294556,0.5147064924240112,0.7513138651847839,0.055503617972135544,0.05355378985404968,0.5329997539520264,0.40184956789016724,0.09482400119304657,0.21169349551200867,0.49842265248298645,0.7434594035148621,0.05492772161960602,0.056533075869083405,0.5294598340988159,0.3802701234817505,0.09378256648778915,0.21494917571544647,0.49816450476646423,0.6936243176460266,0.05903569608926773,0.07587124407291412,0.5903056859970093,-0.03734729439020157,0.9972506165504456,0.18297579884529114,0.5948173999786377,0.036977678537368774,0.9962128400802612,0.0700078159570694,0.710811197757721,0.12458264082670212,0.9919245839118958,0.1671384572982788,0.7153245210647583,0.17390325665473938,0.9925468564033508,0.06991630792617798,0.8273365497589111,0.23248854279518127,0.9827301502227783,0.1486237645149231,0.840421736240387,0.28108078241348267,0.9823749661445618,0.06842519342899323,0.8485583662986755,0.2451714426279068,0.9860734939575195,0.141795814037323,0.8595163822174072,0.2919495701789856,0.978756308555603,0.06412652134895325,0.8316932916641235,0.22620172798633575,0.8128091096878052,0.13976122438907623,0.8461543321609497,0.2542528510093689,0.7790557742118835
U19_v1,90,1,0.12855815887451172,0.3660728931427002,0.4085678458213806,0.9984306693077087,0.12065877765417099,0.3562556505203247,0.3222391605377197,0.998415470123291,0.1144636794924736,0.35613054037094116,0.3222047984600067,0.9985722303390503,0.10870633274316788,0.35617318749427795,0.3221384882926941,0.9981797933578491,0.1395978480577469,0.35721075534820557,0.33445653319358826,0.9985528588294983,0.1465115249156952,0.3575710654258728,0.3343590497970581,0.9987902045249939,0.15320150554180145,0.358015775680542,0.33414071798324585,0.9985764026641846,0.10771975666284561,0.3641517162322998,0.051150135695934296,0.9984334111213684,0.17056706547737122,0.3653661012649536,0.10487136244773865,0.9989822506904602,0.12117128074169159,0.3761979341506958,0.3301418125629425,0.9979793429374695,0.1413806974887848,0.37710416316986084,0.345116525888443,0.9983004927635193,0.053242139518260956,0.4257069230079651,-0.06796566396951675,0.999263346195221,0.261739045381546,0.4303355813026428,0.015226727351546288,0.9988551139831543,-0.01198955625295639,0.49853238463401794,0.050850994884967804,0.9380736351013184,0.31441548466682434,0.5141343474388123,0.21374985575675964,0.9151919484138489,0.0315077006816864,0.5223804712295532,0.33369165658950806,0.13589851558208466,0.22980856895446777,0.509817361831665,0.574291467666626,0.08891861140727997,0.04811004549264908,0.5335730314254761,0.35573363304138184,0.1108514815568924,0.22244605422019958,0.5218481421470642,0.6228611469268799,0.07409003376960754,0.05527135729789734,0.5234832167625427,0.3529447615146637,0.11097312718629837,0.205511212348938,0.5056130886077881,0.613135039806366,0.07345099747180939,0.05979707092046738,0.5213432908058167,0.33853986859321594,0.10882720351219177,0.20984190702438354,0.5049724578857422,0.5783137679100037,0.07662657648324966,0.07370558381080627,0.5933380722999573,-0.02946004644036293,0.9981175661087036,0.18082985281944275,0.5980562567710876,0.029036380350589752,0.9969767332077026,0.06985369324684143,0.7107182741165161,0.16441012918949127,0.995126485824585,0.1661291867494583,0.7141523361206055,0.2027355432510376,0.9942770600318909,0.07563189417123795,0.8236110210418701,0.30755841732025146,0.9893962740898132,0.1529926359653473,0.8322665095329285,0.35904836654663086,0.9879792928695679,0.07320801168680191,0.8426462411880493,0.32436084747314453,0.9918212890625,0.14818352460861206,0.8491566181182861,0.3756195306777954,0.9849901795387268,0.06733793765306473,0.8359063863754272,0.30658969283103943,0.8557383418083191,0.13633312284946442,0.8490089178085327,0.3370613753795624,0.828048050403595
U19_v1,91,1,0.12804807722568512,0.36761873960494995,0.3950789272785187,0.9994755387306213,0.12055104225873947,0.35777950286865234,0.3106977939605713,0.9993610978126526,0.11503591388463974,0.35780903697013855,0.3106822073459625,0.999404788017273,0.10910646617412567,0.35800057649612427,0.3106366991996765,0.9992865920066833,0.13922689855098724,0.3584914803504944,0.32259634137153625,0.9994288086891174,0.14631585776805878,0.3588036000728607,0.3225120007991791,0.9995273351669312,0.1535094678401947,0.35917186737060547,0.32230469584465027,0.9994441866874695,0.10716405510902405,0.36574918031692505,0.038335319608449936,0.999221682548523,0.17227545380592346,0.3659322261810303,0.08790476620197296,0.9994698166847229,0.12103692442178726,0.37813931703567505,0.315122127532959,0.9990363121032715,0.14160478115081787,0.3787167966365814,0.32878848910331726,0.9991533756256104,0.05232570320367813,0.42805159091949463,-0.09503870457410812,0.9993826150894165,0.2596258819103241,0.43142378330230713,-0.00023937312653288245,0.9990453124046326,-0.0064940378069877625,0.501982569694519,0.035935431718826294,0.9467340707778931,0.3172285854816437,0.5139002799987793,0.16558681428432465,0.9316643476486206,0.039372146129608154,0.5191877484321594,0.31941428780555725,0.20409972965717316,0.23206350207328796,0.5118886232376099,0.4631020426750183,0.13645535707473755,0.05051663517951965,0.5278149843215942,0.34837570786476135,0.16823440790176392,0.22247567772865295,0.5245570540428162,0.508327305316925,0.11239460110664368,0.06589247286319733,0.5184805393218994,0.3441620171070099,0.1680600345134735,0.20740404725074768,0.5085141658782959,0.49745598435401917,0.1104520857334137,0.06373281031847,0.5168880820274353,0.32553327083587646,0.16592374444007874,0.21132439374923706,0.5077122449874878,0.465922087430954,0.1061677560210228,0.07681223750114441,0.5941042304039001,-0.04203420504927635,0.9992176294326782,0.18464139103889465,0.5973429083824158,0.041442349553108215,0.9983522891998291,0.06921036541461945,0.7081502676010132,0.15789619088172913,0.9972615242004395,0.1653304249048233,0.7081166505813599,0.24756143987178802,0.995125949382782,0.07841330766677856,0.8248886466026306,0.16050150990486145,0.9950982928276062,0.15937158465385437,0.8212183713912964,0.2741902470588684,0.9923328161239624,0.08242782950401306,0.8414689302444458,0.16497987508773804,0.9968405961990356,0.15864090621471405,0.8349690437316895,0.2788125276565552,0.9903764128684998,0.07007218897342682,0.8456960320472717,0.14645804464817047,0.924920380115509,0.13830742239952087,0.8449485301971436,0.24986256659030914,0.8870287537574768
U19_v1,92,1,0.1296042948961258,0.3690214455127716,0.3670445680618286,0.9986157417297363,0.12089799344539642,0.35902273654937744,0.2840675413608551,0.9985769987106323,0.11432892084121704,0.3589673340320587,0.2840142846107483,0.9986644983291626,0.10811778903007507,0.35903823375701904,0.283960223197937,0.9983550906181335,0.14135831594467163,0.35966384410858154,0.29219284653663635,0.9987078905105591,0.1485660821199417,0.3599417209625244,0.29211851954460144,0.9989545345306396,0.155455082654953,0.3602926731109619,0.291879266500473,0.9987810254096985,0.10584372282028198,0.3665156066417694,0.015025784261524677,0.9982975125312805,0.1715562343597412,0.36778491735458374,0.05010589212179184,0.9989660978317261,0.12090296298265457,0.37924712896347046,0.2880501449108124,0.9972027540206909,0.1416652500629425,0.3801737427711487,0.2977752089500427,0.9975919723510742,0.047752685844898224,0.4303804039955139,-0.09972534328699112,0.9990206956863403,0.2565661370754242,0.4335201382637024,-0.04701016843318939,0.9987377524375916,-0.009840354323387146,0.49895137548446655,0.04675212875008583,0.9180142879486084,0.31344395875930786,0.5144724249839783,0.1376212239265442,0.8851706385612488,0.03050100803375244,0.5032534599304199,0.3300621211528778,0.14646697044372559,0.2384956181049347,0.506397008895874,0.47748371958732605,0.1320660412311554,0.04815683513879776,0.5080782175064087,0.36040112376213074,0.11929306387901306,0.22693943977355957,0.5151835083961487,0.5299702882766724,0.10888742655515671,0.056315720081329346,0.5002553462982178,0.36049017310142517,0.1217508614063263,0.20804966986179352,0.5013023614883423,0.5199888944625854,0.10875853151082993,0.06305594742298126,0.500572681427002,0.33769699931144714,0.12359989434480667,0.21231694519519806,0.4976607859134674,0.48249948024749756,0.10755389928817749,0.07601047307252884,0.5942592024803162,-0.03262738883495331,0.998964786529541,0.18257468938827515,0.5985224843025208,0.031905174255371094,0.9978183507919312,0.06799119710922241,0.7053917050361633,0.17441940307617188,0.9926952123641968,0.1646825671195984,0.7043241858482361,0.2657355070114136,0.9822121262550354,0.07667529582977295,0.8224339485168457,0.1401442587375641,0.9891618490219116,0.1613750457763672,0.8109418153762817,0.2676914930343628,0.9799443483352661,0.08271893858909607,0.841132402420044,0.14075075089931488,0.9930944442749023,0.1601492017507553,0.8250619769096375,0.2705056369304657,0.9760600924491882,0.07120741903781891,0.8461896181106567,0.12584689259529114,0.8903505802154541,0.15847989916801453,0.8327829241752625,0.25149112939834595,0.8366699814796448
U19_v1,93,1,0.1295185387134552,0.36848586797714233,0.36178305745124817,0.9981993436813354,0.12009768187999725,0.35858604311943054,0.2776486575603485,0.9983417987823486,0.1134277731180191,0.3586456775665283,0.2776036262512207,0.9983763694763184,0.10715866833925247,0.35886189341545105,0.27750760316848755,0.9979586601257324,0.14142237603664398,0.35914647579193115,0.2847815155982971,0.9986043572425842,0.1490304172039032,0.35948699712753296,0.28471487760543823,0.9988964796066284,0.15629997849464417,0.359879732131958,0.2844371199607849,0.9987624883651733,0.1051747053861618,0.36581242084503174,0.013367242179811,0.9981630444526672,0.17254212498664856,0.36716997623443604,0.044840194284915924,0.9990824460983276,0.11997497826814651,0.37874823808670044,0.285857617855072,0.9966404438018799,0.14260782301425934,0.37912261486053467,0.2945272922515869,0.9972472786903381,0.04998280107975006,0.4277709424495697,-0.07250373065471649,0.9988025426864624,0.2571762204170227,0.4324581027030945,-0.0523497648537159,0.9988732933998108,-0.005229651927947998,0.5036650896072388,0.11018878221511841,0.824140191078186,0.30995315313339233,0.5135835409164429,0.14814691245555878,0.913544237613678,0.05362512916326523,0.49714797735214233,0.41723719239234924,0.08199519664049149,0.23929736018180847,0.5033950805664062,0.512760579586029,0.14857737720012665,0.06304492056369781,0.49914953112602234,0.4552535116672516,0.06984692066907883,0.2327277958393097,0.5109817981719971,0.5721996426582336,0.11877450346946716,0.08392598479986191,0.4934957027435303,0.4593760669231415,0.07148642838001251,0.2104700207710266,0.49377721548080444,0.5638848543167114,0.11786610633134842,0.08750496804714203,0.4930494427680969,0.4271469712257385,0.07374830543994904,0.21298250555992126,0.49435093998908997,0.5197688341140747,0.11765651404857635,0.07547307014465332,0.5906779766082764,-0.03129051253199577,0.9984582662582397,0.18333974480628967,0.5952961444854736,0.030699986964464188,0.9967033267021179,0.06670117378234863,0.7058897018432617,0.1331169456243515,0.9906072616577148,0.16493071615695953,0.699249804019928,0.2492465078830719,0.9653370380401611,0.07874491810798645,0.8216801881790161,0.12705151736736298,0.980426549911499,0.16533222794532776,0.8022327423095703,0.2855410575866699,0.9512413144111633,0.0794285461306572,0.8394519090652466,0.12990246713161469,0.9865734577178955,0.163427472114563,0.8179289102554321,0.2914048731327057,0.946984052658081,0.07626201212406158,0.8403650522232056,0.11953272670507431,0.8222640752792358,0.16868478059768677,0.8209671378135681,0.2804209887981415,0.7094340920448303
U19_v1,94,1,0.13105551898479462,0.36660847067832947,0.3863483667373657,0.9984130859375,0.12045527249574661,0.3571971654891968,0.3050040006637573,0.9986248016357422,0.11408105492591858,0.3573492765426636,0.3049642741680145,0.9986091256141663,0.10824702680110931,0.35762494802474976,0.3048754632472992,0.9981780052185059,0.14189499616622925,0.35747379064559937,0.31002771854400635,0.9989092350006104,0.15000279247760773,0.3577190637588501,0.30995509028434753,0.9991555213928223,0.15801747143268585,0.3580416440963745,0.3096906542778015,0.9990543723106384,0.10575973987579346,0.3643838167190552,0.04522199556231499,0.9985792636871338,0.17455589771270752,0.3654036521911621,0.06652742624282837,0.9993626475334167,0.12236560881137848,0.37705060839653015,0.3110369145870209,0.9972345232963562,0.1452828347682953,0.3766276240348816,0.316760390996933,0.9979113936424255,0.051019273698329926,0.42636895179748535,-0.06046238914132118,0.9989523887634277,0.2577877640724182,0.4297218918800354,-0.032900165766477585,0.9990990161895752,-0.006220169365406036,0.49836206436157227,0.09278178215026855,0.8848937749862671,0.3069370687007904,0.5110658407211304,0.13088160753250122,0.9300383925437927,0.052335336804389954,0.49325862526893616,0.372323215007782,0.10680656135082245,0.23325161635875702,0.5016118288040161,0.4452061355113983,0.19708338379859924,0.0590703971683979,0.49072277545928955,0.4035806655883789,0.08209281414747238,0.22633448243141174,0.5098780393600464,0.49912557005882263,0.1474117785692215,0.08167430013418198,0.48265016078948975,0.41281163692474365,0.08398318290710449,0.2040507197380066,0.4943556785583496,0.491682231426239,0.14658914506435394,0.08587992191314697,0.4824889302253723,0.38288167119026184,0.08693881332874298,0.2068825513124466,0.4948940575122833,0.45107302069664,0.1446494460105896,0.07748100906610489,0.586939811706543,-0.04233716428279877,0.9984492063522339,0.18480372428894043,0.5918987393379211,0.04189019277691841,0.9965337514877319,0.06769479811191559,0.7031421661376953,0.09521586447954178,0.9941155910491943,0.16308346390724182,0.6955047845840454,0.2346266508102417,0.9599714875221252,0.08016933500766754,0.8172478675842285,0.10549969226121902,0.9849158525466919,0.16156761348247528,0.7986084818840027,0.2987177073955536,0.9468943476676941,0.105161651968956,0.8391265869140625,0.1097150668501854,0.9893819093704224,0.16251486539840698,0.8150410056114197,0.3064395487308502,0.940224826335907,0.06775204837322235,0.8384009599685669,0.09902249276638031,0.845051646232605,0.1569932997226715,0.8125159740447998,0.2904386818408966,0.702664852142334
U19_v1,95,1,0.13316935300827026,0.3635812997817993,0.3750736117362976,0.9981876015663147,0.12314550578594208,0.35446882247924805,0.2924022972583771,0.9982888102531433,0.11665170639753342,0.3546239733695984,0.29234814643859863,0.9983172416687012,0.11024460941553116,0.3548276424407959,0.29225751757621765,0.9978464841842651,0.14460432529449463,0.3545864224433899,0.2986333668231964,0.9986107349395752,0.1520470827817917,0.35469192266464233,0.29856571555137634,0.9988988637924194,0.159522145986557,0.354850709438324,0.29829928278923035,0.9987429976463318,0.10758312046527863,0.36172419786453247,0.027685515582561493,0.9981266856193542,0.17557233572006226,0.3619057536125183,0.05389022082090378,0.9990158081054688,0.1228305846452713,0.3740997910499573,0.29779818654060364,0.9966540336608887,0.146193265914917,0.37377434968948364,0.30492109060287476,0.9973931312561035,0.049008242785930634,0.42249757051467896,-0.09757135063409805,0.998918890953064,0.2575172781944275,0.42510250210762024,-0.029770012944936752,0.9984585046768188,-0.012211889028549194,0.4946672022342682,0.06386592984199524,0.9077539443969727,0.30352210998535156,0.5064549446105957,0.16473858058452606,0.9030557870864868,0.05602544546127319,0.4856218099594116,0.366436630487442,0.09335819631814957,0.21634447574615479,0.4960779845714569,0.5190471410751343,0.13152702152729034,0.05984080582857132,0.486985445022583,0.39718329906463623,0.07027920335531235,0.21282720565795898,0.5033662915229797,0.579473078250885,0.10034868121147156,0.08492429554462433,0.4776749610900879,0.4047517478466034,0.07188943773508072,0.18950891494750977,0.48830607533454895,0.5701538324356079,0.1003103107213974,0.08538943529129028,0.47876036167144775,0.37648823857307434,0.07543537765741348,0.19350802898406982,0.48898473381996155,0.524974524974823,0.1029556393623352,0.07802724838256836,0.5845367312431335,-0.06480743736028671,0.9984731078147888,0.18568161129951477,0.589678168296814,0.06443578749895096,0.9957320094108582,0.07227137684822083,0.7025604844093323,0.07710881531238556,0.9943951368331909,0.16388235986232758,0.6934294700622559,0.2755773663520813,0.9622920751571655,0.08240043371915817,0.8205695152282715,0.10499180853366852,0.9860554933547974,0.16287103295326233,0.7966983318328857,0.3791804909706116,0.9470574855804443,0.08689864724874496,0.8390193581581116,0.11099962145090103,0.9898057579994202,0.16443954408168793,0.8111621141433716,0.39197838306427,0.9446744322776794,0.07099661231040955,0.8323925733566284,0.10181500017642975,0.8597845435142517,0.14371678233146667,0.8093633055686951,0.38944464921951294,0.7215139865875244
U19_v1,96,1,0.13206955790519714,0.36021822690963745,0.4161933362483978,0.9982264637947083,0.12433044612407684,0.35010331869125366,0.3333047032356262,0.9982593655586243,0.11819710582494736,0.3501884937286377,0.3332638740539551,0.9983428716659546,0.11226010322570801,0.3503205478191376,0.33315908908843994,0.9980106949806213,0.14365148544311523,0.34991276264190674,0.3392970561981201,0.9985530972480774,0.1506117284297943,0.3498472571372986,0.33922621607780457,0.998874843120575,0.1571158766746521,0.34989672899246216,0.3389608860015869,0.9987521171569824,0.10966595262289047,0.35772469639778137,0.06569743901491165,0.9980190992355347,0.17357319593429565,0.3573704957962036,0.09046620875597,0.9988093376159668,0.1234220340847969,0.37009236216545105,0.3377683162689209,0.9962298274040222,0.14502862095832825,0.3703608512878418,0.3444058299064636,0.9969475865364075,0.054249346256256104,0.4182261824607849,-0.06401420384645462,0.9987847208976746,0.259269118309021,0.42098671197891235,0.003928836900740862,0.9981006979942322,-0.008076831698417664,0.4882561266422272,0.0850927010178566,0.9056442975997925,0.3021541237831116,0.5027832984924316,0.16799280047416687,0.9109921455383301,0.05908865109086037,0.4849604666233063,0.381431519985199,0.10518508404493332,0.23179972171783447,0.4821847677230835,0.4902594983577728,0.15016978979110718,0.06208205595612526,0.4825529456138611,0.41314154863357544,0.07722186297178268,0.2295701503753662,0.48727089166641235,0.5492517352104187,0.1134752407670021,0.08908167481422424,0.47335293889045715,0.42577555775642395,0.07813162356615067,0.21121586859226227,0.47980377078056335,0.542084813117981,0.11092738062143326,0.08815763890743256,0.475339412689209,0.3937914967536926,0.08053869009017944,0.2087538242340088,0.47421014308929443,0.49653005599975586,0.10992933064699173,0.08221320807933807,0.5796192288398743,-0.05711689218878746,0.9982078075408936,0.1885010153055191,0.5836306214332581,0.05672698840498924,0.9955191612243652,0.07887180149555206,0.6941224336624146,0.06071505695581436,0.9921782612800598,0.1669377088546753,0.6878741979598999,0.2456948459148407,0.9686807990074158,0.0836944431066513,0.8157089948654175,0.025180531665682793,0.9852344393730164,0.1636195033788681,0.795900285243988,0.2536458671092987,0.957611083984375,0.0922611802816391,0.8344548940658569,0.025024572387337685,0.9905630350112915,0.1608128845691681,0.8141343593597412,0.25665563344955444,0.9611440896987915,0.07030705362558365,0.8333823084831238,0.008399667218327522,0.8514775037765503,0.14854511618614197,0.8119031190872192,0.24856002628803253,0.7333291172981262
U19_v1,97,1,0.1345796287059784,0.3566761910915375,0.40385204553604126,0.9978513717651367,0.12797710299491882,0.3471194803714752,0.31923896074295044,0.9976620674133301,0.12238281965255737,0.3473525047302246,0.31920096278190613,0.9978197813034058,0.1158827394247055,0.3476552963256836,0.31908681988716125,0.9975029826164246,0.14515016973018646,0.34701627492904663,0.32649344205856323,0.998279333114624,0.1510913074016571,0.3470848798751831,0.3264297544956207,0.9986639022827148,0.15717369318008423,0.3473209738731384,0.32614126801490784,0.9985790252685547,0.11170559376478195,0.3554360270500183,0.049245622009038925,0.9973239898681641,0.17283987998962402,0.3553159832954407,0.0789313018321991,0.9983683228492737,0.12499872595071793,0.36670994758605957,0.3242260813713074,0.9951128363609314,0.1458567976951599,0.36702728271484375,0.3320874869823456,0.9960132837295532,0.05222160369157791,0.4158021807670593,-0.07867264002561569,0.9980323910713196,0.2597705125808716,0.41741257905960083,0.006605732254683971,0.9969890713691711,0.00089215487241745,0.4936257004737854,0.11663927882909775,0.8482886552810669,0.2981433868408203,0.4993003010749817,0.1967700570821762,0.8909775614738464,0.061068251729011536,0.4758027195930481,0.47382688522338867,0.0669202208518982,0.23534664511680603,0.4742400050163269,0.5534840822219849,0.12711594998836517,0.06369271874427795,0.4686521887779236,0.5140814781188965,0.05101725086569786,0.2331608384847641,0.47625795006752014,0.61482834815979,0.10034455358982086,0.0877445861697197,0.4622129201889038,0.5212767720222473,0.05090387910604477,0.21297606825828552,0.46242767572402954,0.6093679666519165,0.09749513864517212,0.08639302849769592,0.46457386016845703,0.4861600697040558,0.05350007489323616,0.21511812508106232,0.4636377692222595,0.5611836910247803,0.09421008825302124,0.08691954612731934,0.577545702457428,-0.0587935633957386,0.9971802234649658,0.1941893994808197,0.5802422165870667,0.05867834389209747,0.9931963682174683,0.07837201654911041,0.6929802894592285,-0.04350697621703148,0.9916394352912903,0.16960838437080383,0.6864891648292542,0.1811569631099701,0.9743063449859619,0.08634143322706223,0.8205573558807373,-0.05160745605826378,0.9804487824440002,0.16821925342082977,0.8004539608955383,0.21722164750099182,0.9511252641677856,0.09111563861370087,0.8398746252059937,-0.05008181557059288,0.986774206161499,0.16665858030319214,0.8198245167732239,0.22215530276298523,0.9539679884910583,0.07290320098400116,0.8321551084518433,-0.07622206211090088,0.8070270419120789,0.15699511766433716,0.8142065405845642,0.2117716372013092,0.67574143409729
U19_v1,98,1,0.14179030060768127,0.35240405797958374,0.33982786536216736,0.999327540397644,0.13554932177066803,0.34302008152008057,0.2560649514198303,0.9993007183074951,0.13002344965934753,0.3432074189186096,0.25605374574661255,0.9993255138397217,0.1235918253660202,0.34349799156188965,0.2559468746185303,0.999289870262146,0.15160690248012543,0.34321683645248413,0.2645045816898346,0.9995019435882568,0.15722931921482086,0.3433608114719391,0.2644481658935547,0.9995802044868469,0.16295477747917175,0.34359678626060486,0.2641808092594147,0.9995680451393127,0.11787629872560501,0.3515106439590454,-0.004775926470756531,0.999157190322876,0.17351138591766357,0.351839154958725,0.03160497918725014,0.999440610408783,0.13282135128974915,0.3628155589103699,0.2634630501270294,0.9984654188156128,0.1541602462530136,0.36349767446517944,0.2732536196708679,0.9986441731452942,0.05139803886413574,0.4137987494468689,-0.10813944786787033,0.9986466765403748,0.2533465623855591,0.4152202606201172,-0.026052989065647125,0.9980940222740173,0.0077190399169921875,0.48987776041030884,0.136172816157341,0.8706016540527344,0.29698312282562256,0.4963659942150116,0.20192527770996094,0.8887441158294678,0.0643652081489563,0.46549537777900696,0.564997136592865,0.06046395003795624,0.2418588101863861,0.46298789978027344,0.6104961037635803,0.14195331931114197,0.07200926542282104,0.45643630623817444,0.6165768504142761,0.04265282675623894,0.23404739797115326,0.4567759931087494,0.6821991801261902,0.11225864291191101,0.0890713781118393,0.4520353078842163,0.6215248107910156,0.04217848181724548,0.21983683109283447,0.45178085565567017,0.676120400428772,0.10992063581943512,0.08842059969902039,0.4539526700973511,0.5791984796524048,0.0450708381831646,0.22117233276367188,0.45338553190231323,0.6203020215034485,0.10553857684135437,0.09242656826972961,0.5729062557220459,-0.04700153321027756,0.9976992011070251,0.19760844111442566,0.5753180384635925,0.04694145917892456,0.994880199432373,0.09095332026481628,0.6922391653060913,-0.04810311645269394,0.9793170094490051,0.17244300246238708,0.6844527721405029,0.19801178574562073,0.9577665328979492,0.09293346107006073,0.8178349733352661,-0.08644984662532806,0.9640458226203918,0.16543594002723694,0.8031184077262878,0.23189736902713776,0.9352399110794067,0.0902625322341919,0.8418501019477844,-0.08926548063755035,0.9743499159812927,0.15758450329303741,0.8219370245933533,0.23680329322814941,0.9442660212516785,0.08019010722637177,0.8285712599754333,-0.11950929462909698,0.7861157655715942,0.16450829803943634,0.8128039836883545,0.23568320274353027,0.7095671892166138
U19_v1,99,1,0.14653322100639343,0.3525164723396301,0.3394876718521118,0.999367892742157,0.13983355462551117,0.34352999925613403,0.26050159335136414,0.9992706179618835,0.13445016741752625,0.3437366783618927,0.26051339507102966,0.9992857575416565,0.128127783536911,0.344058096408844,0.26041725277900696,0.9992837309837341,0.15573132038116455,0.34351012110710144,0.2654895484447479,0.9994945526123047,0.16154009103775024,0.3435884714126587,0.2653978765010834,0.9995704293251038,0.16756688058376312,0.3436990976333618,0.2651194632053375,0.9995877146720886,0.12112244963645935,0.35184264183044434,0.01677384227514267,0.9991090893745422,0.1800948977470398,0.3515346050262451,0.03818611428141594,0.9994146823883057,0.13862481713294983,0.3622012734413147,0.2692493796348572,0.9985609650611877,0.15865081548690796,0.3627047538757324,0.2746013402938843,0.9987781643867493,0.05409260839223862,0.41119492053985596,-0.06978915631771088,0.9983106851577759,0.2531128525733948,0.4126961827278137,-0.02436290867626667,0.9983426332473755,0.022612981498241425,0.4882694482803345,0.1736024171113968,0.8679453134536743,0.2931802272796631,0.49315375089645386,0.21016976237297058,0.8972129225730896,0.06800588965415955,0.4627804160118103,0.5946958065032959,0.05098342522978783,0.2351568043231964,0.46078845858573914,0.6284326910972595,0.134351447224617,0.06379793584346771,0.4610406160354614,0.6471081376075745,0.03577308729290962,0.2208409309387207,0.4559456706047058,0.7041313648223877,0.1063675805926323,0.0839366614818573,0.45416903495788574,0.6535559296607971,0.03494301438331604,0.214083731174469,0.45071399211883545,0.6951918005943298,0.10353420674800873,0.08869551122188568,0.4564197063446045,0.6090052127838135,0.03680073842406273,0.2163017988204956,0.4517497718334198,0.638215184211731,0.10122434794902802,0.096621572971344,0.5704809427261353,-0.027060115709900856,0.9971953630447388,0.2024129331111908,0.5722917914390564,0.02697659656405449,0.9951863884925842,0.09282797574996948,0.6915387511253357,-0.004083806648850441,0.9848981499671936,0.17958997189998627,0.6862798929214478,0.1525644063949585,0.9771938323974609,0.09254010021686554,0.8129076361656189,-0.023426733911037445,0.9684793949127197,0.16077063977718353,0.8076167106628418,0.1637251228094101,0.959162175655365,0.0853634923696518,0.8366146683692932,-0.024478891864418983,0.977612316608429,0.15727797150611877,0.8236328363418579,0.16661782562732697,0.9644834995269775,0.07937777042388916,0.8286437392234802,-0.05149144306778908,0.7772331833839417,0.1624012440443039,0.8156865239143372,0.15348240733146667,0.7580565214157104
U19_v1,100,1,0.1499759554862976,0.3523450195789337,0.3217315077781677,0.9993160963058472,0.14302252233028412,0.343475341796875,0.2425684928894043,0.9991982579231262,0.13746638596057892,0.3435105085372925,0.2425842583179474,0.9991875290870667,0.13083378970623016,0.34363359212875366,0.24249863624572754,0.9991859793663025,0.15903374552726746,0.3438531756401062,0.2477799952030182,0.9994680285453796,0.16469116508960724,0.34399116039276123,0.2476814091205597,0.9995397329330444,0.17058153450489044,0.3441962003707886,0.24738451838493347,0.9995661377906799,0.12318895012140274,0.3507706820964813,-0.0013637577649205923,0.998991072177887,0.18177685141563416,0.35132360458374023,0.021030453965067863,0.9994069337844849,0.14166364073753357,0.3615146279335022,0.2512976825237274,0.9984952211380005,0.16165275871753693,0.36248472332954407,0.2569873332977295,0.9988173842430115,0.055474504828453064,0.4094034433364868,-0.08521611988544464,0.9980989098548889,0.24930959939956665,0.4114651083946228,-0.03928462788462639,0.9986395239830017,0.026375211775302887,0.48506098985671997,0.15909303724765778,0.8337936401367188,0.2902835011482239,0.4920572340488434,0.19523122906684875,0.8716528415679932,0.055226124823093414,0.45966771245002747,0.5815039873123169,0.058765120804309845,0.2390722930431366,0.4578810930252075,0.6160875558853149,0.15020404756069183,0.057993412017822266,0.4533393979072571,0.6338381171226501,0.04364733025431633,0.22556917369365692,0.4534268379211426,0.6915068030357361,0.12321975827217102,0.07796784490346909,0.44638895988464355,0.6408089399337769,0.042752522975206375,0.21861040592193604,0.44805073738098145,0.6828334331512451,0.11988838016986847,0.08336495608091354,0.449083149433136,0.5963059067726135,0.04426344856619835,0.22009001672267914,0.4530659317970276,0.6261653900146484,0.11662614345550537,0.09945939481258392,0.5713459253311157,-0.027124932035803795,0.9969583749771118,0.20257574319839478,0.5730764269828796,0.02701292745769024,0.9953303337097168,0.09653761237859726,0.6919992566108704,0.013918213546276093,0.9811551570892334,0.1794082522392273,0.6898013949394226,0.15191146731376648,0.9691556096076965,0.09274057298898697,0.8138152956962585,0.004800055641680956,0.9617462158203125,0.16069814562797546,0.8082220554351807,0.17922577261924744,0.9491165280342102,0.08450082689523697,0.8369981050491333,0.004834236577153206,0.9724225401878357,0.1562473028898239,0.8237318396568298,0.18394246697425842,0.9528265595436096,0.08003316074609756,0.8278222680091858,-0.018877020105719566,0.7589443922042847,0.1624526083469391,0.8170045018196106,0.16832375526428223,0.7343580722808838
U19_v1,101,1,0.1513073593378067,0.35204213857650757,0.3200622498989105,0.9991851449012756,0.14431467652320862,0.34303802251815796,0.24041515588760376,0.999036431312561,0.1387959122657776,0.3430793583393097,0.24041533470153809,0.9990411400794983,0.13217991590499878,0.34324437379837036,0.2403322458267212,0.9990346431732178,0.16014805436134338,0.34337183833122253,0.24544024467468262,0.9993448853492737,0.16569334268569946,0.3434695601463318,0.24534688889980316,0.9994402527809143,0.17147637903690338,0.34358304738998413,0.24504366517066956,0.9994648098945618,0.12434461712837219,0.35044223070144653,-0.004410672001540661,0.9987660646438599,0.18251082301139832,0.35083073377609253,0.01719851605594158,0.9992855191230774,0.1427382528781891,0.3611658215522766,0.24941883981227875,0.9982428550720215,0.1626654416322708,0.36215198040008545,0.254912406206131,0.9986104965209961,0.05615515261888504,0.40841346979141235,-0.08605307340621948,0.9981391429901123,0.2489650845527649,0.4112418591976166,-0.04401193931698799,0.9985407590866089,0.02664215862751007,0.4879392385482788,0.14660726487636566,0.824640691280365,0.28925925493240356,0.49191877245903015,0.18866756558418274,0.8574004769325256,0.05363016575574875,0.46095138788223267,0.552549421787262,0.061486124992370605,0.23266808688640594,0.4631337523460388,0.60132896900177,0.1522708237171173,0.05596737563610077,0.45473697781562805,0.601055920124054,0.04503738880157471,0.223581463098526,0.4549172520637512,0.6736693382263184,0.12484633177518845,0.075828418135643,0.44775956869125366,0.6077581644058228,0.04425867646932602,0.21678569912910461,0.4494229257106781,0.6637203693389893,0.12188876420259476,0.08122311532497406,0.4503694176673889,0.5666609406471252,0.04576040059328079,0.21878722310066223,0.45429909229278564,0.6104434132575989,0.11929959058761597,0.09929138422012329,0.5714795589447021,-0.02357536181807518,0.9971668124198914,0.2015397548675537,0.5731434226036072,0.0235080998390913,0.9953267574310303,0.0946698859333992,0.6933892965316772,-8.552891813451424e-05,0.9791849851608276,0.17845836281776428,0.6891402006149292,0.15322208404541016,0.9674667119979858,0.09163831174373627,0.8150834441184998,-0.015365319326519966,0.9615906476974487,0.1592787653207779,0.8069072961807251,0.18533378839492798,0.9480963945388794,0.08299577236175537,0.8391813039779663,-0.01657800003886223,0.9699979424476624,0.15586207807064056,0.8227869272232056,0.19000093638896942,0.9493040442466736,0.0848192647099495,0.8267686367034912,-0.04782342538237572,0.7783341407775879,0.16426268219947815,0.815945029258728,0.1713716834783554,0.7490577101707458
U19_v1,102,1,0.1521378755569458,0.35198771953582764,0.32708707451820374,0.999326229095459,0.1453087031841278,0.34308117628097534,0.24779827892780304,0.9991927742958069,0.1399107128381729,0.34313106536865234,0.24780236184597015,0.9992055296897888,0.13323363661766052,0.34325501322746277,0.24772241711616516,0.9992009997367859,0.16080306470394135,0.34333866834640503,0.2517746090888977,0.9994528889656067,0.1662265509366989,0.34343063831329346,0.25168323516845703,0.999536395072937,0.1719609498977661,0.3435443639755249,0.2513846755027771,0.9995532631874084,0.12491504848003387,0.3505250811576843,0.004669650457799435,0.9989959597587585,0.18279039859771729,0.35092055797576904,0.02166527323424816,0.9994078874588013,0.14400015771389008,0.3611147999763489,0.2571682929992676,0.9985812902450562,0.16343875229358673,0.3620692193508148,0.2612786591053009,0.9988547563552856,0.055490121245384216,0.40866053104400635,-0.07289329171180725,0.9983453750610352,0.24921587109565735,0.41139310598373413,-0.04594019800424576,0.9987804293632507,0.026632897555828094,0.4880850911140442,0.16312545537948608,0.8478736877441406,0.2899782061576843,0.49200600385665894,0.18567876517772675,0.8759766221046448,0.052284106612205505,0.46095675230026245,0.5712841749191284,0.0664270743727684,0.23728471994400024,0.46315163373947144,0.6003207564353943,0.16786004602909088,0.05396941304206848,0.45452237129211426,0.6209128499031067,0.047387607395648956,0.22411789000034332,0.4544920325279236,0.672927737236023,0.1339428871870041,0.07367487251758575,0.44763344526290894,0.6286483407020569,0.0463210865855217,0.21690428256988525,0.44914039969444275,0.6628682017326355,0.1305585354566574,0.0792461484670639,0.4503517150878906,0.5859631299972534,0.0476977676153183,0.21871870756149292,0.4541260004043579,0.6096330285072327,0.12725137174129486,0.09895386546850204,0.5717284083366394,-0.016070934012532234,0.9975912570953369,0.2007398158311844,0.573179304599762,0.01598164066672325,0.9959635734558105,0.09339387714862823,0.6939895153045654,0.0010856633307412267,0.9810345768928528,0.1791171431541443,0.6893808841705322,0.15025100111961365,0.9713122248649597,0.09140768647193909,0.8163999319076538,-0.01997704617679119,0.9640233516693115,0.15936508774757385,0.808363139629364,0.18071383237838745,0.9527093768119812,0.08285010606050491,0.8402760028839111,-0.021664392203092575,0.9722257852554321,0.1546546071767807,0.8241433501243591,0.18541796505451202,0.9543274641036987,0.08653469383716583,0.8265554904937744,-0.052550844848155975,0.7773318290710449,0.16487789154052734,0.8158814311027527,0.16693003475666046,0.7549422979354858
U19_v1,103,1,0.15256386995315552,0.352333128452301,0.3269221782684326,0.9993594288825989,0.14561431109905243,0.3433055877685547,0.2473336011171341,0.9992258548736572,0.1402636468410492,0.34333518147468567,0.24733707308769226,0.9992412328720093,0.13423950970172882,0.3434833288192749,0.24725739657878876,0.9992351531982422,0.16110946238040924,0.34363287687301636,0.2514648735523224,0.999474823474884,0.16652552783489227,0.34373927116394043,0.25137579441070557,0.9995558857917786,0.17224887013435364,0.34387123584747314,0.2510761320590973,0.9995705485343933,0.12538264691829681,0.35079020261764526,0.0035604783333837986,0.9990360736846924,0.18263158202171326,0.35125598311424255,0.021077146753668785,0.9994295239448547,0.1442524790763855,0.36143991351127625,0.2568507194519043,0.9986431002616882,0.1636969894170761,0.3624117970466614,0.2611015737056732,0.9989033937454224,0.055086374282836914,0.4088822603225708,-0.07462053000926971,0.9983972907066345,0.2493467777967453,0.41139763593673706,-0.04481445625424385,0.9988144636154175,0.02735934406518936,0.48830854892730713,0.16342516243457794,0.846983015537262,0.28983935713768005,0.49206864833831787,0.18654483556747437,0.878722071647644,0.05303797125816345,0.46057409048080444,0.5718451738357544,0.0669124498963356,0.238159641623497,0.458823025226593,0.5978565812110901,0.17379797995090485,0.05490293353796005,0.45390957593917847,0.6214063167572021,0.04782634973526001,0.2250272035598755,0.45439526438713074,0.6697374582290649,0.1387500762939453,0.07497633993625641,0.4470146596431732,0.6284784078598022,0.046800557523965836,0.21799714863300323,0.4490289092063904,0.659878134727478,0.13530240952968597,0.08045612275600433,0.44981011748313904,0.5863181948661804,0.048305295407772064,0.21956634521484375,0.45395588874816895,0.6071406602859497,0.1313168704509735,0.09877179563045502,0.5718207955360413,-0.017674384638667107,0.99764484167099,0.2008594274520874,0.573239266872406,0.017592808231711388,0.9960554838180542,0.09307821094989777,0.694153904914856,-0.0014970776392146945,0.9814032316207886,0.1788838654756546,0.6902296543121338,0.152033269405365,0.9717460870742798,0.09154504537582397,0.8168303966522217,-0.02247711829841137,0.9648470282554626,0.15941354632377625,0.8085300922393799,0.18367566168308258,0.9538125991821289,0.08311239629983902,0.8407399654388428,-0.024149831384420395,0.9729365110397339,0.15449003875255585,0.824555516242981,0.18843792378902435,0.9548944234848022,0.08683153986930847,0.8264652490615845,-0.055508848279714584,0.7822775840759277,0.16469387710094452,0.8156632781028748,0.16942362487316132,0.7593382596969604
U19_v1,104,1,0.15052103996276855,0.35234972834587097,0.33970484137535095,0.9993307590484619,0.1434818059206009,0.343347430229187,0.2612210214138031,0.9992262125015259,0.13791781663894653,0.3434027135372162,0.2612420618534088,0.9992331266403198,0.131324902176857,0.3435644507408142,0.26115524768829346,0.9992449283599854,0.1596117913722992,0.3436658978462219,0.2654218077659607,0.9994716048240662,0.16522972285747528,0.34378862380981445,0.26532915234565735,0.9995449185371399,0.1710696816444397,0.3440016508102417,0.2650318145751953,0.9995675683021545,0.12354138493537903,0.35072702169418335,0.018000967800617218,0.9990512728691101,0.18178176879882812,0.3511728048324585,0.03570488840341568,0.9993999004364014,0.14194482564926147,0.3616034686565399,0.26933616399765015,0.9985439777374268,0.1618683636188507,0.36240673065185547,0.2736244797706604,0.9988093376159668,0.055297888815402985,0.41029638051986694,-0.06427355110645294,0.9982640147209167,0.24927794933319092,0.41103801131248474,-0.032868191599845886,0.9986779093742371,0.024963244795799255,0.48811566829681396,0.17457634210586548,0.8401544690132141,0.2902413010597229,0.4923967719078064,0.19998642802238464,0.8752742409706116,0.05789119750261307,0.45756399631500244,0.5936790704727173,0.062087543308734894,0.2376466691493988,0.4635326564311981,0.6242312788963318,0.14781947433948517,0.05777547508478165,0.45431870222091675,0.6466350555419922,0.04548246040940285,0.22485682368278503,0.4543743431568146,0.7005405426025391,0.12058629840612411,0.07799229025840759,0.44743892550468445,0.6556864976882935,0.04420420899987221,0.2171829342842102,0.4530317783355713,0.6925304532051086,0.11732567101716995,0.08321681618690491,0.4502827525138855,0.6092228889465332,0.045352108776569366,0.21901243925094604,0.45434197783470154,0.6347197890281677,0.11378856748342514,0.09886237233877182,0.5708957314491272,-0.017723441123962402,0.9974690675735474,0.20256276428699493,0.5725311040878296,0.017619017511606216,0.9958360195159912,0.09454037994146347,0.6926755905151367,0.005295825656503439,0.9819886088371277,0.1798585057258606,0.6884582042694092,0.1502852737903595,0.9741170406341553,0.09071814268827438,0.8144022226333618,-0.01716817170381546,0.9632353782653809,0.16047003865242004,0.8078677654266357,0.17098495364189148,0.9541966319084167,0.08289115130901337,0.8380088806152344,-0.01856234297156334,0.972396731376648,0.15612824261188507,0.8234352469444275,0.1752752661705017,0.9565109610557556,0.08658723533153534,0.8267338275909424,-0.04494301229715347,0.7627469897270203,0.16421709954738617,0.8166483640670776,0.1622348129749298,0.7468510270118713
U19_v1,105,1,0.15203413367271423,0.3522816300392151,0.3348419964313507,0.9994706511497498,0.1449306458234787,0.3430287539958954,0.25614407658576965,0.9993913173675537,0.13934685289859772,0.3430525064468384,0.25617459416389465,0.9993849992752075,0.13262872397899628,0.34317827224731445,0.256082147359848,0.9993813037872314,0.1612216830253601,0.34341609477996826,0.2605955898761749,0.9995961785316467,0.16682226955890656,0.34354284405708313,0.2605006992816925,0.9996504783630371,0.1727222055196762,0.3437577784061432,0.2602221369743347,0.999667763710022,0.12464895844459534,0.35032010078430176,0.012015234678983688,0.9992382526397705,0.18240487575531006,0.3508674204349518,0.030586402863264084,0.9995356798171997,0.143289253115654,0.3615802526473999,0.2642175555229187,0.9987682700157166,0.16318418085575104,0.3624640703201294,0.2687033712863922,0.9990233182907104,0.054837942123413086,0.41087019443511963,-0.07656686753034592,0.9981583952903748,0.24980661273002625,0.4110143184661865,-0.031037800014019012,0.998672366142273,0.024649769067764282,0.4883962571620941,0.1726365089416504,0.8325737714767456,0.291220098733902,0.49253249168395996,0.2040012627840042,0.8752444386482239,0.0695759654045105,0.45798349380493164,0.6127507090568542,0.05701509863138199,0.23897022008895874,0.4634186625480652,0.6348530054092407,0.146216481924057,0.061487339437007904,0.45517659187316895,0.6699800491333008,0.04333509877324104,0.22596348822116852,0.45397770404815674,0.713315486907959,0.12248910963535309,0.08238361775875092,0.44792068004608154,0.6784612536430359,0.042198896408081055,0.21865659952163696,0.4487835466861725,0.7067171931266785,0.1188431829214096,0.08781203627586365,0.4507651627063751,0.628815770149231,0.04375791177153587,0.22023501992225647,0.4537627398967743,0.6461362838745117,0.11329834908246994,0.09834930300712585,0.5711196064949036,-0.02991694211959839,0.9972596168518066,0.2037905603647232,0.5728673338890076,0.029812360182404518,0.9956895709037781,0.09847937524318695,0.6921250224113464,0.013484455645084381,0.9857953786849976,0.1806778609752655,0.6891135573387146,0.15819361805915833,0.9760304689407349,0.0942845344543457,0.8143318891525269,-0.0051399520598351955,0.9686443209648132,0.1624942421913147,0.808604896068573,0.180291548371315,0.9569205641746521,0.0869651734828949,0.8375003933906555,-0.005431079771369696,0.9776797890663147,0.1587427407503128,0.8239955902099609,0.1849118024110794,0.9585182070732117,0.08044196665287018,0.8281534910202026,-0.023178396746516228,0.7714946866035461,0.16391296684741974,0.8158131837844849,0.1764584481716156,0.7395213842391968
U19_v1,106,1,0.1520499885082245,0.35238999128341675,0.33244845271110535,0.9994686245918274,0.14494924247264862,0.34315061569213867,0.25397107005119324,0.9993894100189209,0.13937002420425415,0.34316936135292053,0.2540014386177063,0.9993810653686523,0.1326635777950287,0.343289315700531,0.2539101839065552,0.9993789196014404,0.16118647158145905,0.34352779388427734,0.2582044005393982,0.9995947480201721,0.16676317155361176,0.34364110231399536,0.2581101655960083,0.9996483325958252,0.17263376712799072,0.3438401222229004,0.2578280568122864,0.9996658563613892,0.12463708221912384,0.3503640294075012,0.01062501035630703,0.9992316961288452,0.182250514626503,0.35088881850242615,0.02829809859395027,0.9995307922363281,0.1432546228170395,0.36164993047714233,0.26207399368286133,0.9987678527832031,0.1630670726299286,0.36253243684768677,0.26631614565849304,0.9990205764770508,0.054914191365242004,0.4108343720436096,-0.0761638879776001,0.9981874823570251,0.2497529685497284,0.4110301733016968,-0.03438751399517059,0.9986918568611145,0.024994172155857086,0.4883244037628174,0.17182767391204834,0.8293976783752441,0.2913643717765808,0.492477148771286,0.20054464042186737,0.8743974566459656,0.06966736167669296,0.4579520523548126,0.6087477207183838,0.056689199060201645,0.23899266123771667,0.46345263719558716,0.6308156847953796,0.14745047688484192,0.06198365241289139,0.4551607370376587,0.6655332446098328,0.042988572269678116,0.22591373324394226,0.4539880156517029,0.7091783881187439,0.12319289147853851,0.08273859322071075,0.4479216933250427,0.6741366982460022,0.04185828939080238,0.21815450489521027,0.45239993929862976,0.7022868394851685,0.11962399631738663,0.0880945473909378,0.4507790207862854,0.624736487865448,0.04335067793726921,0.22014907002449036,0.45377758145332336,0.6419970393180847,0.11416594684123993,0.09872552007436752,0.5708892345428467,-0.02794971875846386,0.9973328113555908,0.20418763160705566,0.5726350545883179,0.027838220819830894,0.9957588315010071,0.09846094995737076,0.6921103000640869,0.014070002362132072,0.9856541752815247,0.18078507483005524,0.6890056729316711,0.1576850265264511,0.9753562211990356,0.09400688111782074,0.8145221471786499,-0.005426218267530203,0.9680787920951843,0.1624297797679901,0.8078609704971313,0.18104495108127594,0.9565774202346802,0.08696894347667694,0.8376967906951904,-0.005875472445040941,0.9771111607551575,0.1585642546415329,0.8233820199966431,0.18582099676132202,0.9584187269210815,0.07989699393510818,0.828311562538147,-0.024498140439391136,0.7694100141525269,0.16339530050754547,0.8153814077377319,0.17708466947078705,0.7407057285308838
U19_v1,107,1,0.1558028608560562,0.351429283618927,0.33494603633880615,0.9995017051696777,0.14824730157852173,0.341747522354126,0.25692272186279297,0.9994292855262756,0.1428050845861435,0.34174251556396484,0.2569506764411926,0.9994350075721741,0.13676755130290985,0.34185636043548584,0.25687041878700256,0.9994351267814636,0.16392219066619873,0.3421458601951599,0.2597913146018982,0.9996237754821777,0.16939890384674072,0.34223806858062744,0.2597039043903351,0.9996781349182129,0.17538848519325256,0.34241029620170593,0.25942203402519226,0.9996887445449829,0.12681545317173004,0.34921354055404663,0.015944020822644234,0.9992998838424683,0.1838371306657791,0.34958505630493164,0.02782292850315571,0.9995577931404114,0.14762085676193237,0.3608117699623108,0.265642911195755,0.9987885355949402,0.1665705144405365,0.3615685701370239,0.2682138681411743,0.9990039467811584,0.05519893765449524,0.4100874066352844,-0.06186722218990326,0.9981753826141357,0.249897301197052,0.4108794629573822,-0.04493140056729317,0.9986866116523743,0.024226628243923187,0.4885364770889282,0.19454720616340637,0.8196998238563538,0.29140526056289673,0.49246418476104736,0.18746833503246307,0.882011353969574,0.06928697973489761,0.45909786224365234,0.6370310187339783,0.05230548605322838,0.23933789134025574,0.4636533260345459,0.6169096231460571,0.15786461532115936,0.07474034279584885,0.45076319575309753,0.6949424743652344,0.03920014202594757,0.22698041796684265,0.45463043451309204,0.6932325959205627,0.1298324316740036,0.08367099612951279,0.4505169093608856,0.7020544409751892,0.03815913200378418,0.2188912183046341,0.45299357175827026,0.6857818365097046,0.1272146850824356,0.088747538626194,0.45313572883605957,0.6524694561958313,0.04005502164363861,0.2206742763519287,0.4542098045349121,0.6277574300765991,0.12058037519454956,0.09854750335216522,0.5713528990745544,-0.01590650901198387,0.9976084232330322,0.2025035321712494,0.5730262398719788,0.015801094472408295,0.995963454246521,0.09461124241352081,0.6928976774215698,-0.0008993674418888986,0.9840515851974487,0.18071964383125305,0.6883259415626526,0.16031169891357422,0.9765470027923584,0.0914919301867485,0.8152441382408142,-0.0333159901201725,0.9669363498687744,0.16210982203483582,0.8077699542045593,0.1806006133556366,0.9587781429290771,0.08328278362751007,0.8394205570220947,-0.03537161275744438,0.9753620624542236,0.1573478728532791,0.8232804536819458,0.1850634515285492,0.9602941274642944,0.08645250648260117,0.8262579441070557,-0.05817197263240814,0.7776589393615723,0.1655118316411972,0.8156121373176575,0.1780550181865692,0.7609452605247498
U19_v1,108,1,0.15451471507549286,0.3519507944583893,0.3351587951183319,0.9994595646858215,0.1469125747680664,0.3425449728965759,0.2577666640281677,0.999380350112915,0.14129018783569336,0.34253036975860596,0.2577946186065674,0.9993854761123657,0.13501028716564178,0.34263962507247925,0.2577114403247833,0.9993903636932373,0.16292980313301086,0.34295397996902466,0.25985556840896606,0.9995819926261902,0.16834129393100739,0.3430529832839966,0.25976455211639404,0.9996401071548462,0.17416994273662567,0.3432333469390869,0.2594790458679199,0.9996527433395386,0.1252841353416443,0.3497658967971802,0.01806224137544632,0.9992352724075317,0.18313071131706238,0.3502631187438965,0.026598894968628883,0.9995096921920776,0.1460062712430954,0.3612191081047058,0.26613378524780273,0.9987530708312988,0.16529668867588043,0.362026572227478,0.26776009798049927,0.998963475227356,0.054375216364860535,0.4108040928840637,-0.05653366819024086,0.9981281161308289,0.24911543726921082,0.41078823804855347,-0.051473524421453476,0.9986823201179504,0.024151772260665894,0.4887685775756836,0.1917627453804016,0.8207688927650452,0.2913534343242645,0.4927407503128052,0.1796666830778122,0.8785166144371033,0.06999803334474564,0.4595193564891815,0.6237900853157043,0.05405929312109947,0.23895271122455597,0.4647809565067291,0.6083348393440247,0.1539442092180252,0.07504519075155258,0.45116594433784485,0.6804561018943787,0.04021478071808815,0.22622042894363403,0.45548978447914124,0.6845808029174805,0.12573909759521484,0.08467285335063934,0.4507870674133301,0.6886377930641174,0.03910301998257637,0.21815064549446106,0.4540064036846161,0.6763912439346313,0.12306912243366241,0.08976420760154724,0.4534740746021271,0.6392021179199219,0.04081016406416893,0.22008582949638367,0.4552776515483856,0.618853747844696,0.11770892143249512,0.09877870976924896,0.5714835524559021,-0.009329288266599178,0.997575581073761,0.2025865614414215,0.573178768157959,0.009216967038810253,0.9959405660629272,0.09413521736860275,0.6928822994232178,0.00923748966306448,0.9836137294769287,0.1809428632259369,0.6887624263763428,0.1511993557214737,0.9765083193778992,0.0910608172416687,0.8148776292800903,-0.02105834148824215,0.9657410979270935,0.1620500385761261,0.8082517385482788,0.17109887301921844,0.9583450555801392,0.08240552246570587,0.8391579389572144,-0.022916940972208977,0.974604606628418,0.1567184180021286,0.8237529397010803,0.17559151351451874,0.9601789116859436,0.08787462115287781,0.8260050415992737,-0.04654235392808914,0.7661355137825012,0.16630877554416656,0.8159489035606384,0.1659427136182785,0.7549099922180176
U19_v1,109,1,0.15286675095558167,0.3521468937397003,0.33315783739089966,0.9993929862976074,0.14551518857479095,0.3428942561149597,0.2560478448867798,0.9993054866790771,0.1399194598197937,0.3429010510444641,0.2560698091983795,0.9993104934692383,0.1336802840232849,0.34303420782089233,0.2559851109981537,0.9993155002593994,0.16166652739048004,0.3432420790195465,0.25815367698669434,0.9995280504226685,0.16721101105213165,0.34332165122032166,0.2580602765083313,0.999593198299408,0.173085555434227,0.34348663687705994,0.2577674686908722,0.9996084570884705,0.1244138553738594,0.35008057951927185,0.017354179173707962,0.9991455078125,0.18285934627056122,0.3505780100822449,0.025875985622406006,0.9994539618492126,0.144156813621521,0.3613528609275818,0.2644389867782593,0.9986311793327332,0.163691908121109,0.3621973395347595,0.266082763671875,0.9988609552383423,0.05386519432067871,0.41042131185531616,-0.05681280419230461,0.9980905652046204,0.24872931838035583,0.41082513332366943,-0.050616756081581116,0.9986304044723511,0.025913096964359283,0.48852217197418213,0.1895008534193039,0.8078749775886536,0.2893012762069702,0.4924549162387848,0.18085283041000366,0.8697208166122437,0.07042235881090164,0.4591026306152344,0.6154577136039734,0.05289497971534729,0.23748557269573212,0.46466144919395447,0.6082344651222229,0.15164771676063538,0.06480580568313599,0.457506388425827,0.6709831953048706,0.03972117602825165,0.2246200144290924,0.4554629921913147,0.6840910315513611,0.12481722235679626,0.085200235247612,0.45053988695144653,0.6786230802536011,0.038666583597660065,0.21667730808258057,0.45407867431640625,0.6754046082496643,0.12213239818811417,0.09027086198329926,0.4532272517681122,0.630443274974823,0.040426019579172134,0.2187836617231369,0.4553312361240387,0.6184486746788025,0.1173703595995903,0.09854207932949066,0.5714679956436157,-0.009771986864507198,0.9975222945213318,0.20234602689743042,0.5728817582130432,0.009661837480962276,0.995815098285675,0.09354875981807709,0.6933557987213135,0.007863997481763363,0.98292475938797,0.18042835593223572,0.6889683604240417,0.1485603302717209,0.9744386672973633,0.09052227437496185,0.8151163458824158,-0.020664315670728683,0.9639074802398682,0.16167908906936646,0.8080164790153503,0.17003025114536285,0.9549746513366699,0.08196648955345154,0.8394069671630859,-0.0225275456905365,0.973296046257019,0.15644881129264832,0.8235843181610107,0.17452290654182434,0.9572650194168091,0.08796974271535873,0.8261232972145081,-0.04777742177248001,0.7588875889778137,0.1660701036453247,0.8158801794052124,0.16268640756607056,0.7444336414337158
U19_v1,110,1,0.15276017785072327,0.3522024154663086,0.3369610607624054,0.9994068145751953,0.1453918218612671,0.34296032786369324,0.2596641778945923,0.9993197917938232,0.1397911012172699,0.34297555685043335,0.25968730449676514,0.9993270635604858,0.13306483626365662,0.34308892488479614,0.25960206985473633,0.9993314743041992,0.16158820688724518,0.3432784974575043,0.26198670268058777,0.9995377063751221,0.16715607047080994,0.343349814414978,0.2618938386440277,0.9996028542518616,0.17305639386177063,0.3435065746307373,0.2616024613380432,0.9996168613433838,0.12439136207103729,0.35016947984695435,0.020083071663975716,0.9991676807403564,0.18290241062641144,0.3506203889846802,0.029501281678676605,0.9994669556617737,0.14411583542823792,0.36142075061798096,0.2679063379764557,0.9986684322357178,0.16375286877155304,0.36224114894866943,0.26980113983154297,0.9988893866539001,0.054268717765808105,0.41057783365249634,-0.05497569963335991,0.9981279969215393,0.24888384342193604,0.4108753204345703,-0.047247376292943954,0.9986478686332703,0.02526773512363434,0.48865950107574463,0.19219179451465607,0.8118584156036377,0.28920263051986694,0.4925268888473511,0.18397516012191772,0.872096836566925,0.07056009024381638,0.4594673216342926,0.6193447709083557,0.0538642480969429,0.23757874965667725,0.46479830145835876,0.6102678775787354,0.15255151689052582,0.06496348232030869,0.45785441994667053,0.6749956011772156,0.04032056778669357,0.22473138570785522,0.45560041069984436,0.6859315037727356,0.12519137561321259,0.0854261964559555,0.4508463144302368,0.6826272010803223,0.03925051540136337,0.21679893136024475,0.4542161226272583,0.6773651838302612,0.12238500267267227,0.09052087366580963,0.45352402329444885,0.6343713998794556,0.04101871699094772,0.21889686584472656,0.4554784893989563,0.6204702854156494,0.11756955832242966,0.09833039343357086,0.5716714859008789,-0.01018277183175087,0.9975792765617371,0.2021966576576233,0.5730860829353333,0.010075738653540611,0.9958693385124207,0.09273466467857361,0.6936202049255371,0.005433343350887299,0.983132541179657,0.18028825521469116,0.6892115473747253,0.14950455725193024,0.9750858545303345,0.09065647423267365,0.8154994249343872,-0.024619579315185547,0.9646735191345215,0.16147714853286743,0.8083115816116333,0.17055779695510864,0.9558563828468323,0.08200407028198242,0.8397790193557739,-0.026649534702301025,0.973884105682373,0.15613867342472076,0.823887825012207,0.1749805063009262,0.9579663872718811,0.08823877573013306,0.8261044025421143,-0.0524820014834404,0.7632108926773071,0.16612155735492706,0.815791130065918,0.16301359236240387,0.7478201389312744
U19_v1,111,1,0.15548455715179443,0.35178568959236145,0.3380689322948456,0.9995163679122925,0.1478758156299591,0.3422101140022278,0.26131585240364075,0.9994533658027649,0.14227819442749023,0.3421838879585266,0.2613513171672821,0.9994540810585022,0.13606464862823486,0.3422853946685791,0.261271208524704,0.9994569420814514,0.16385696828365326,0.3426159620285034,0.26260271668434143,0.9996370077133179,0.16937410831451416,0.34268856048583984,0.26250988245010376,0.999687910079956,0.1754089593887329,0.34283125400543213,0.2622290551662445,0.9996992349624634,0.1257958561182022,0.3494531810283661,0.022863315418362617,0.9993416666984558,0.1837928593158722,0.3497663736343384,0.027771955356001854,0.9995763897895813,0.1467004418373108,0.36126548051834106,0.26946189999580383,0.9988640546798706,0.165913388133049,0.36194485425949097,0.2700325548648834,0.9990479350090027,0.05386294424533844,0.41087305545806885,-0.04950053617358208,0.9980816841125488,0.2495041787624359,0.4106408953666687,-0.05510581284761429,0.9987409710884094,0.02443292737007141,0.4895467460155487,0.20820100605487823,0.8137862682342529,0.2924340069293976,0.49285247921943665,0.17415229976177216,0.8851433396339417,0.07029259949922562,0.4594842195510864,0.6519899964332581,0.049044329673051834,0.23942723870277405,0.4650042951107025,0.6037167906761169,0.16049879789352417,0.07598060369491577,0.4508090019226074,0.7112283706665039,0.036658719182014465,0.2263091802597046,0.4552624225616455,0.6796495318412781,0.13084197044372559,0.08626427501440048,0.4518511891365051,0.7195594310760498,0.0356198288500309,0.2182427942752838,0.4538288414478302,0.671710729598999,0.12834449112415314,0.09145113825798035,0.4544486403465271,0.6677483916282654,0.037738144397735596,0.22011959552764893,0.4551595151424408,0.6144172549247742,0.12156213074922562,0.09827254712581635,0.5717624425888062,-0.00761574599891901,0.9976611137390137,0.20306436717510223,0.5731488466262817,0.007499873172491789,0.9960214495658875,0.09368332475423813,0.693205714225769,0.004529803059995174,0.9837616086006165,0.1805015206336975,0.6891055703163147,0.15305951237678528,0.976705014705658,0.09089305996894836,0.8150767087936401,-0.03009706549346447,0.9656635522842407,0.16139660775661469,0.808376669883728,0.1699240505695343,0.958756685256958,0.08180904388427734,0.8395820260047913,-0.032230522483587265,0.9751353859901428,0.15479137003421783,0.8239096999168396,0.1743234246969223,0.9611719250679016,0.08843503147363663,0.82625412940979,-0.054722487926483154,0.7662254571914673,0.16609551012516022,0.8160825967788696,0.16702261567115784,0.7564791440963745
U19_v1,112,0,,,,,,,,,,,,,,,,,,,,,,,,,,,,,,,,,,,,,,,,,,,,,,,,,,,,,,,,,,,,,,,,,,,,,,,,,,,,,,,,,,,,,,,,,,,,,,,,,,,,,,,,,,,,,,,,,,,,,,,,,,,,,,,,,,,,
U19_v1,113,0,,,,,,,,,,,,,,,,,,,,,,,,,,,,,,,,,,,,,,,,,,,,,,,,,,,,,,,,,,,,,,,,,,,,,,,,,,,,,,,,,,,,,,,,,,,,,,,,,,,,,,,,,,,,,,,,,,,,,,,,,,,,,,,,,,,,
U19_v1,114,0,,,,,,,,,,,,,,,,,,,,,,,,,,,,,,,,,,,,,,,,,,,,,,,,,,,,,,,,,,,,,,,,,,,,,,,,,,,,,,,,,,,,,,,,,,,,,,,,,,,,,,,,,,,,,,,,,,,,,,,,,,,,,,,,,,,,
U19_v1,115,0,,,,,,,,,,,,,,,,,,,,,,,,,,,,,,,,,,,,,,,,,,,,,,,,,,,,,,,,,,,,,,,,,,,,,,,,,,,,,,,,,,,,,,,,,,,,,,,,,,,,,,,,,,,,,,,,,,,,,,,,,,,,,,,,,,,,
U19_v1,116,0,,,,,,,,,,,,,,,,,,,,,,,,,,,,,,,,,,,,,,,,,,,,,,,,,,,,,,,,,,,,,,,,,,,,,,,,,,,,,,,,,,,,,,,,,,,,,,,,,,,,,,,,,,,,,,,,,,,,,,,,,,,,,,,,,,,,
U19_v1,117,0,,,,,,,,,,,,,,,,,,,,,,,,,,,,,,,,,,,,,,,,,,,,,,,,,,,,,,,,,,,,,,,,,,,,,,,,,,,,,,,,,,,,,,,,,,,,,,,,,,,,,,,,,,,,,,,,,,,,,,,,,,,,,,,,,,,,
U19_v1,118,1,0.29812270402908325,0.2855830192565918,-0.16635742783546448,0.9999686479568481,0.2915221154689789,0.26853159070014954,-0.15359482169151306,0.999921441078186,0.2890830636024475,0.2678942382335663,-0.15364143252372742,0.9998791217803955,0.2864621877670288,0.26738351583480835,-0.15364745259284973,0.999910831451416,0.2877005338668823,0.26772812008857727,-0.21998846530914307,0.9999182224273682,0.2817437946796417,0.2663981318473816,-0.2199772149324417,0.9999090433120728,0.27589935064315796,0.26521793007850647,-0.2197072058916092,0.9999326467514038,0.24270501732826233,0.2666606605052948,-0.008162662386894226,0.9999717473983765,0.23184111714363098,0.2640690803527832,-0.32282930612564087,0.9999703168869019,0.28395554423332214,0.2970205843448639,-0.10614234209060669,0.9999692440032959,0.27620330452919006,0.296123206615448,-0.19597354531288147,0.999976634979248,0.21727705001831055,0.3379572629928589,0.1543477177619934,0.9986191987991333,0.1599493771791458,0.3204563558101654,-0.35811832547187805,0.9998003840446472,0.32660382986068726,0.2508571147918701,0.4952353835105896,0.41081973910331726,0.3154621422290802,0.2211763858795166,-0.33495351672172546,0.9931657910346985,0.21961650252342224,0.22187712788581848,0.757138729095459,0.052088454365730286,0.2058655321598053,0.22607126832008362,0.3968745768070221,0.3942299485206604,0.1808890402317047,0.2095184326171875,0.7315496802330017,0.04579818248748779,0.1580779254436493,0.22589460015296936,0.4230904281139374,0.28172093629837036,0.1739027500152588,0.2252437174320221,0.7324877977371216,0.05109909549355507,0.14749760925769806,0.2658005654811859,0.4167788326740265,0.2773396670818329,0.18280157446861267,0.22888705134391785,0.7416771650314331,0.05867290496826172,0.15417076647281647,0.271494597196579,0.39875659346580505,0.32547295093536377,0.17043228447437286,0.6117732524871826,0.22255773842334747,0.9975735545158386,0.14825835824012756,0.6169706583023071,-0.22261306643486023,0.9988870024681091,0.22204327583312988,0.7843132019042969,0.3437127470970154,0.32188880443573,0.19197070598602295,0.8082087635993958,0.003457193961367011,0.9757235050201416,0.1874416172504425,0.9474641680717468,0.5015606880187988,0.5700558423995972,0.1506146639585495,0.9846436381340027,0.12163949012756348,0.9626188278198242,0.15187212824821472,0.9699312448501587,0.5123381614685059,0.7135558724403381,0.11242847144603729,0.9994751214981079,0.12992781400680542,0.9562327265739441,0.3039819002151489,0.9729670882225037,0.41930192708969116,0.6773160696029663,0.2734684944152832,1.0409870147705078,-0.04833771288394928,0.9251431822776794
U19_v1,119,1,0.31201326847076416,0.28416478633880615,-0.140443816781044,0.9999545812606812,0.30204546451568604,0.2665187418460846,-0.12535539269447327,0.9998977184295654,0.2999471426010132,0.2657841145992279,-0.1253894865512848,0.9998435974121094,0.297862708568573,0.2651587724685669,-0.12538878619670868,0.99988853931427,0.2966384291648865,0.2653224468231201,-0.18862877786159515,0.9998961687088013,0.2904689311981201,0.26380443572998047,-0.18860410153865814,0.9998875856399536,0.2840982675552368,0.2623980939388275,-0.18834397196769714,0.9999189376831055,0.26056599617004395,0.26478689908981323,0.018656529486179352,0.9999614953994751,0.24343667924404144,0.26233720779418945,-0.28456729650497437,0.9999555349349976,0.2998456060886383,0.29642170667648315,-0.08179938793182373,0.999948263168335,0.29013150930404663,0.2946290373802185,-0.1684514731168747,0.9999579191207886,0.2339601218700409,0.3355761766433716,0.1596234291791916,0.9977790713310242,0.16603927314281464,0.3181368112564087,-0.31564760208129883,0.9997151494026184,0.34163475036621094,0.25252971053123474,0.48905593156814575,0.33914145827293396,0.32304275035858154,0.22011804580688477,-0.3276936411857605,0.9876558780670166,0.22820332646369934,0.20405012369155884,0.7223377227783203,0.066469706594944,0.19752384722232819,0.19688346982002258,0.2944265305995941,0.48423296213150024,0.17956799268722534,0.19164466857910156,0.691395103931427,0.05823931843042374,0.15373773872852325,0.18861594796180725,0.31186866760253906,0.3901257812976837,0.16945019364356995,0.19970259070396423,0.6976714134216309,0.06318975239992142,0.13652284443378448,0.19592759013175964,0.2893580496311188,0.3817252218723297,0.17944301664829254,0.20569023489952087,0.7100587487220764,0.07182594388723373,0.14330829679965973,0.20721223950386047,0.2889491319656372,0.423034131526947,0.17966046929359436,0.6132020950317383,0.21118512749671936,0.9977837204933167,0.15433485805988312,0.6192933917045593,-0.21132440865039825,0.9991453886032104,0.21627430617809296,0.7821272015571594,0.3539917469024658,0.4246457815170288,0.18676027655601501,0.8145824670791626,-0.0008226571371778846,0.9751784801483154,0.18609187006950378,0.9382901191711426,0.5106701850891113,0.6563854813575745,0.12738388776779175,0.9799665212631226,0.12977589666843414,0.9545495510101318,0.15050767362117767,0.958885669708252,0.5203201770782471,0.7628132104873657,0.09385000914335251,0.9954516887664795,0.13838180899620056,0.9419939517974854,0.3058660626411438,0.9625124931335449,0.4311666190624237,0.7419323921203613,0.2459447681903839,1.040858507156372,-0.047883015125989914,0.9172075986862183
U19_v1,120,1,0.30281317234039307,0.2870981991291046,-0.13025322556495667,0.999923825263977,0.29465311765670776,0.27028825879096985,-0.11740118265151978,0.9998251795768738,0.2926616370677948,0.269598126411438,-0.11748684197664261,0.999736487865448,0.29069197177886963,0.26913806796073914,-0.11749552935361862,0.9998050332069397,0.28887739777565,0.26887181401252747,-0.1829865574836731,0.9998270869255066,0.2817244231700897,0.2669353187084198,-0.1829119473695755,0.9998143315315247,0.2747191786766052,0.26516491174697876,-0.18266607820987701,0.9998588562011719,0.25253820419311523,0.2676052749156952,0.02710842341184616,0.9999401569366455,0.2337970733642578,0.2632772624492645,-0.2821404039859772,0.999927282333374,0.29197150468826294,0.29803308844566345,-0.0680534616112709,0.9999194145202637,0.28305643796920776,0.29557210206985474,-0.15693798661231995,0.9999339580535889,0.2237924039363861,0.3380146026611328,0.1890067607164383,0.9968454241752625,0.18063625693321228,0.3168346881866455,-0.3273170292377472,0.9996181726455688,0.3192105293273926,0.25184348225593567,0.4924145042896271,0.356029212474823,0.32738932967185974,0.2173336148262024,-0.3637375831604004,0.9914562106132507,0.21459902822971344,0.20621448755264282,0.6927019357681274,0.06894919276237488,0.19911769032478333,0.1901203989982605,0.20006142556667328,0.5728355050086975,0.17075935006141663,0.1933535635471344,0.6618226170539856,0.05934558063745499,0.15751253068447113,0.1848103106021881,0.205010324716568,0.4549146890640259,0.1660301834344864,0.20374223589897156,0.6676293015480042,0.0647558718919754,0.15040099620819092,0.20173946022987366,0.18627482652664185,0.4428309202194214,0.1871686428785324,0.209869384765625,0.6798465251922607,0.07383953034877777,0.16043107211589813,0.2034691870212555,0.19562549889087677,0.4761931002140045,0.1790374368429184,0.6058201193809509,0.21436110138893127,0.9967740178108215,0.15475474298000336,0.6106905341148376,-0.21443061530590057,0.9985889792442322,0.22403569519519806,0.7771992087364197,0.3214242458343506,0.32422345876693726,0.190019890666008,0.8029831647872925,-0.022468307986855507,0.9672927856445312,0.18680015206336975,0.9355912208557129,0.4773041903972626,0.500900149345398,0.12915103137493134,0.9776010513305664,0.07213978469371796,0.9477294087409973,0.14838531613349915,0.9623891115188599,0.48703205585479736,0.6438711285591125,0.09866432845592499,0.9919808506965637,0.07598476111888885,0.9457208514213562,0.2867879867553711,0.962017834186554,0.39222458004951477,0.6245340704917908,0.26768988370895386,1.0337274074554443,-0.12457574158906937,0.9063366651535034
U19_v1,121,1,0.3023149073123932,0.2735050916671753,-0.1673407405614853,0.9999743700027466,0.29415035247802734,0.25774362683296204,-0.15211598575115204,0.9999361038208008,0.2923179268836975,0.258079469203949,-0.15215729176998138,0.9999023675918579,0.2902144193649292,0.25747767090797424,-0.15212959051132202,0.9999270439147949,0.2894831895828247,0.2571547031402588,-0.2145024538040161,0.9999352693557739,0.2838206887245178,0.25609707832336426,-0.21452638506889343,0.9999289512634277,0.2768787443637848,0.2547488212585449,-0.2142903059720993,0.9999489784240723,0.25107982754707336,0.2572520971298218,-0.00580464955419302,0.9999768733978271,0.23457425832748413,0.25559625029563904,-0.30319398641586304,0.9999760389328003,0.28977951407432556,0.2862612307071686,-0.1086905226111412,0.9999711513519287,0.2809843122959137,0.28483477234840393,-0.19343124330043793,0.9999774694442749,0.22411945462226868,0.33205151557922363,0.14477825164794922,0.9983676075935364,0.1701638400554657,0.31448352336883545,-0.3444038927555084,0.9997994303703308,0.33368536829948425,0.2379433810710907,0.44662633538246155,0.44043630361557007,0.3203737139701843,0.2083314061164856,-0.33086541295051575,0.9921401143074036,0.21863538026809692,0.20404261350631714,0.6945629715919495,0.06755685806274414,0.19632180035114288,0.2053450345993042,0.36786600947380066,0.40559789538383484,0.1797570437192917,0.19124546647071838,0.6645683646202087,0.05621200427412987,0.1539326310157776,0.20238468050956726,0.39151692390441895,0.29141882061958313,0.17279152572155,0.20264515280723572,0.6684110164642334,0.06224144995212555,0.1376907080411911,0.21769660711288452,0.38304218649864197,0.28780627250671387,0.1816762536764145,0.21676650643348694,0.6795597076416016,0.07054734230041504,0.145898699760437,0.2497393786907196,0.36758995056152344,0.3399505615234375,0.17573019862174988,0.6043652892112732,0.21692965924739838,0.9974679946899414,0.15513163805007935,0.6098948121070862,-0.216948464512825,0.9990348815917969,0.22686472535133362,0.7701042294502258,0.3609423041343689,0.38608595728874207,0.19202886521816254,0.7993412613868713,0.0016449778340756893,0.9802526235580444,0.19124488532543182,0.924685001373291,0.5269991159439087,0.637403666973114,0.1260232925415039,0.9713570475578308,0.12319432199001312,0.964422881603241,0.15330341458320618,0.9520577192306519,0.5387685894966125,0.7544611692428589,0.0972418412566185,0.9854363203048706,0.13133041560649872,0.9532424807548523,0.3028884530067444,0.9565181732177734,0.45408323407173157,0.728792130947113,0.2540436089038849,1.031298279762268,-0.05286499112844467,0.9284512400627136
U19_v1,122,1,0.30496859550476074,0.27122578024864197,-0.1544850468635559,0.9999692440032959,0.2975112199783325,0.2552371621131897,-0.13822713494300842,0.9999276399612427,0.29552221298217773,0.25456157326698303,-0.13826291263103485,0.9998903274536133,0.2933633625507355,0.2537631392478943,-0.13820666074752808,0.9999181032180786,0.2928178310394287,0.25437840819358826,-0.19973555207252502,0.999929666519165,0.28630927205085754,0.25300124287605286,-0.19977179169654846,0.9999212026596069,0.27993324398994446,0.2515207529067993,-0.19956336915493011,0.9999433755874634,0.2540987730026245,0.2533709704875946,0.007663713302463293,0.9999725818634033,0.23678964376449585,0.25070080161094666,-0.2860931158065796,0.9999709129333496,0.29196131229400635,0.28346744179725647,-0.09572038799524307,0.9999618530273438,0.28409844636917114,0.2821212708950043,-0.1796872466802597,0.9999693632125854,0.22649499773979187,0.3283647894859314,0.15311533212661743,0.9979377388954163,0.16742655634880066,0.31150224804878235,-0.32614028453826904,0.9997550845146179,0.3646068572998047,0.22477275133132935,0.42783093452453613,0.4563964009284973,0.31374049186706543,0.20274564623832703,-0.30924755334854126,0.9901875853538513,0.22458922863006592,0.1939503252506256,0.6523711085319519,0.08837340772151947,0.19738516211509705,0.19396623969078064,0.363778680562973,0.4204777181148529,0.18384656310081482,0.18227678537368774,0.6230241060256958,0.07175381481647491,0.15574680268764496,0.18792694807052612,0.3866567015647888,0.31264299154281616,0.17474861443042755,0.1900315284729004,0.6306408047676086,0.07804299145936966,0.13114488124847412,0.21273595094680786,0.3763200044631958,0.3062315881252289,0.1828736662864685,0.20187002420425415,0.6394348740577698,0.08866271376609802,0.14373493194580078,0.21435213088989258,0.36274221539497375,0.357105016708374,0.172332763671875,0.6024231910705566,0.21258610486984253,0.9974343180656433,0.1530422866344452,0.6063635349273682,-0.2127072662115097,0.9991483688354492,0.2231469452381134,0.7644219994544983,0.36353322863578796,0.40131625533103943,0.18911728262901306,0.7976362109184265,-0.012351877987384796,0.9803948402404785,0.19495487213134766,0.9216017127037048,0.5297175645828247,0.6420987248420715,0.12601451575756073,0.9724006652832031,0.10507088154554367,0.9650748372077942,0.1627209335565567,0.9496117830276489,0.5411701798439026,0.7517731189727783,0.09396526962518692,0.9872596263885498,0.11182566732168198,0.9497573375701904,0.2978181838989258,0.9525916576385498,0.45556169748306274,0.7422064542770386,0.23120081424713135,0.9911695718765259,-0.08347111195325851,0.928695797920227
U19_v1,123,1,0.3097255229949951,0.27759289741516113,-0.1683942675590515,0.9999297857284546,0.30296045541763306,0.2589735984802246,-0.1536439210176468,0.9998347759246826,0.30090731382369995,0.2579444348812103,-0.1536681056022644,0.9997643828392029,0.2985735833644867,0.2568817734718323,-0.15360762178897858,0.9998151659965515,0.2972338795661926,0.25782105326652527,-0.2199852615594864,0.9998476505279541,0.29094359278678894,0.2560097575187683,-0.22002944350242615,0.9998401403427124,0.28406110405921936,0.2540888786315918,-0.21984897553920746,0.9998763799667358,0.26096993684768677,0.25283506512641907,-0.006155690178275108,0.9999328851699829,0.24445319175720215,0.2504168450832367,-0.3223840594291687,0.9999380111694336,0.2962597608566284,0.28810733556747437,-0.10633967816829681,0.9999104738235474,0.28656893968582153,0.28638121485710144,-0.19660356640815735,0.9999321699142456,0.2227746695280075,0.3250449299812317,0.14237557351589203,0.9974645376205444,0.1647178679704666,0.309964120388031,-0.36260753870010376,0.99965500831604,0.3465232849121094,0.21512776613235474,0.43144264817237854,0.3841949999332428,0.30831336975097656,0.2015191614627838,-0.3678940236568451,0.9858443737030029,0.21393221616744995,0.19277870655059814,0.6377905011177063,0.08002088218927383,0.1937807947397232,0.1929115355014801,0.3134479522705078,0.38454484939575195,0.1773928999900818,0.1784687340259552,0.6053946018218994,0.07133466750383377,0.16561022400856018,0.18620410561561584,0.3431245684623718,0.29819461703300476,0.16830377280712128,0.18689146637916565,0.614287793636322,0.077459417283535,0.1503293514251709,0.1962735652923584,0.3287733495235443,0.2915385365486145,0.17485252022743225,0.19207492470741272,0.6251530051231384,0.0851774513721466,0.1590879261493683,0.21142971515655518,0.31432226300239563,0.3325938284397125,0.17715421319007874,0.6006574034690857,0.2253943234682083,0.9976248145103455,0.15222352743148804,0.6028614044189453,-0.2255822867155075,0.9991574287414551,0.2199251502752304,0.7689523696899414,0.38284534215927124,0.512919008731842,0.18422481417655945,0.7982447147369385,-0.004521113354712725,0.9865837693214417,0.18833528459072113,0.9239932894706726,0.5520516633987427,0.758813738822937,0.12804751098155975,0.969172477722168,0.12318019568920135,0.97713303565979,0.15318386256694794,0.9457706212997437,0.5629613399505615,0.8156034350395203,0.09038189798593521,0.9901927709579468,0.13047562539577484,0.9635624289512634,0.30214428901672363,0.9502459764480591,0.47815564274787903,0.8163732886314392,0.25877344608306885,0.9832585453987122,-0.057746659964323044,0.9516061544418335
U19_v1,124,1,0.3031159043312073,0.2733779847621918,-0.17804110050201416,0.999961256980896,0.2935144305229187,0.25615981221199036,-0.16437207162380219,0.9999107122421265,0.29226452112197876,0.2553591728210449,-0.16440068185329437,0.9998711347579956,0.2909606695175171,0.25450143218040466,-0.16435924172401428,0.9998980760574341,0.28635865449905396,0.2547318935394287,-0.22487114369869232,0.9999146461486816,0.2798124849796295,0.252997487783432,-0.2248959243297577,0.999910831451416,0.2729456424713135,0.25114619731903076,-0.22468623518943787,0.9999332427978516,0.25567126274108887,0.25252529978752136,-0.019443051889538765,0.9999663829803467,0.23117396235466003,0.2490312159061432,-0.30829983949661255,0.9999655485153198,0.29448801279067993,0.2838701903820038,-0.11829786002635956,0.9999535083770752,0.2826921343803406,0.2823740839958191,-0.20062489807605743,0.9999630451202393,0.2282392680644989,0.3259086012840271,0.14266188442707062,0.9974046349525452,0.16713228821754456,0.30643317103385925,-0.34798532724380493,0.9997162222862244,0.335424542427063,0.23022377490997314,0.43760067224502563,0.3939063251018524,0.316911518573761,0.199337899684906,-0.3292090594768524,0.9879918694496155,0.21264727413654327,0.1916954219341278,0.6739512085914612,0.08229684084653854,0.1866474747657776,0.1896398365497589,0.36279216408729553,0.4219352602958679,0.1733148843050003,0.18336117267608643,0.6467568874359131,0.0715738832950592,0.1508193016052246,0.18396306037902832,0.3925764560699463,0.3212513029575348,0.16627328097820282,0.19460371136665344,0.6527152061462402,0.07735758274793625,0.1419561207294464,0.20934021472930908,0.38071298599243164,0.31414127349853516,0.18699374794960022,0.2004947066307068,0.6611056923866272,0.086199089884758,0.15188384056091309,0.2103567123413086,0.36376217007637024,0.3614398241043091,0.17450614273548126,0.5954613089561462,0.21878862380981445,0.9964789748191833,0.15488964319229126,0.5984658002853394,-0.21893422305583954,0.9989197254180908,0.22191160917282104,0.7570377588272095,0.38545987010002136,0.5436468124389648,0.18537232279777527,0.7954317331314087,-0.015806278213858604,0.9874402284622192,0.1942271590232849,0.9124191999435425,0.5537728071212769,0.7745241522789001,0.12067489326000214,0.9738698601722717,0.08519890159368515,0.9765617847442627,0.15826073288917542,0.9365506768226624,0.5653326511383057,0.8283069133758545,0.08979687839746475,0.9901925325393677,0.08972391486167908,0.9599080085754395,0.3089480400085449,0.9437239170074463,0.49015602469444275,0.8271605372428894,0.2678762674331665,1.0272409915924072,-0.11060167104005814,0.9458258748054504
U19_v1,125,1,0.3194506764411926,0.2726193368434906,-0.13637520372867584,0.9998923540115356,0.3091788589954376,0.2562825381755829,-0.12197069078683853,0.9997817873954773,0.30659669637680054,0.25555136799812317,-0.12203247100114822,0.9996968507766724,0.3038046061992645,0.2547491192817688,-0.12196528911590576,0.9997597336769104,0.30451685190200806,0.2547855079174042,-0.19263029098510742,0.9998101592063904,0.29801076650619507,0.2529495358467102,-0.19267109036445618,0.9998072981834412,0.2911877930164337,0.25103849172592163,-0.19253124296665192,0.9998468160629272,0.2609308362007141,0.2522851228713989,0.015027987770736217,0.9999144077301025,0.24769535660743713,0.24931171536445618,-0.3217350244522095,0.9999066591262817,0.30714261531829834,0.2842639684677124,-0.07709590345621109,0.999862790107727,0.2997983396053314,0.2823880910873413,-0.1736365407705307,0.9998929500579834,0.21053606271743774,0.32106027007102966,0.16800938546657562,0.9957308173179626,0.18352645635604858,0.30704984068870544,-0.3759182393550873,0.9995204210281372,0.32823920249938965,0.2169637680053711,0.45482656359672546,0.32108619809150696,0.3383922576904297,0.20396754145622253,-0.3816656470298767,0.9771909713745117,0.2235158383846283,0.18120646476745605,0.632582426071167,0.11231646686792374,0.21966789662837982,0.18435999751091003,0.23413772881031036,0.5395653247833252,0.18501026928424835,0.16677847504615784,0.6007070541381836,0.10378824919462204,0.1728241741657257,0.17127680778503418,0.2607690393924713,0.4727703928947449,0.17390422523021698,0.17419999837875366,0.6075481176376343,0.11034437268972397,0.15892855823040009,0.18458157777786255,0.22761303186416626,0.46068111062049866,0.18166989088058472,0.1851288378238678,0.6206842064857483,0.12098214775323868,0.16895149648189545,0.1883416771888733,0.2309095561504364,0.4888758063316345,0.17205452919006348,0.5957958698272705,0.22771616280078888,0.9967017769813538,0.16114045679569244,0.6030901074409485,-0.22798871994018555,0.9990749359130859,0.22390754520893097,0.7564040422439575,0.4237002432346344,0.536133885383606,0.18887338042259216,0.7976858019828796,-0.03945267200469971,0.9838648438453674,0.18235164880752563,0.900932252407074,0.6218377351760864,0.717067301273346,0.11557456851005554,0.9764881730079651,0.06503009051084518,0.9688072204589844,0.14968276023864746,0.9278273582458496,0.6350264549255371,0.7725749611854553,0.07898926734924316,0.9905894994735718,0.06868181377649307,0.9520004391670227,0.2826908230781555,0.9327415227890015,0.5773470401763916,0.7872763276100159,0.24580033123493195,1.028135061264038,-0.12942104041576385,0.9363896250724792
U19_v1,126,1,0.314059853553772,0.2716948688030243,-0.11810564994812012,0.9999181032180786,0.3057149648666382,0.2548026144504547,-0.10010786354541779,0.9998190999031067,0.30379003286361694,0.2540227174758911,-0.10017319768667221,0.9997419714927673,0.30174869298934937,0.25323495268821716,-0.1001252606511116,0.999800980091095,0.29915040731430054,0.25319594144821167,-0.16747607290744781,0.9998431205749512,0.292257159948349,0.2513211965560913,-0.16749344766139984,0.9998396635055542,0.28471463918685913,0.24935048818588257,-0.16735003888607025,0.9998776912689209,0.2638440728187561,0.25010719895362854,0.04917074367403984,0.9999268054962158,0.24245573580265045,0.24645954370498657,-0.272090882062912,0.9999312162399292,0.3000341057777405,0.282352477312088,-0.05515831336379051,0.9998821020126343,0.2897871434688568,0.2803267538547516,-0.14731313288211823,0.9999053478240967,0.21873556077480316,0.31997764110565186,0.1991557627916336,0.9971006512641907,0.16748209297657013,0.3056148290634155,-0.3181972801685333,0.9996711015701294,0.357564777135849,0.21905973553657532,0.45425671339035034,0.3638879954814911,0.3194531202316284,0.19989943504333496,-0.3342078924179077,0.9836792349815369,0.21739345788955688,0.17906123399734497,0.595851480960846,0.10119622200727463,0.18820099532604218,0.1755276322364807,0.25752538442611694,0.5260961651802063,0.18057410418987274,0.1654781699180603,0.5573644042015076,0.08890125155448914,0.1555354744195938,0.16862982511520386,0.2788894772529602,0.44552579522132874,0.1695273518562317,0.17201441526412964,0.5731706023216248,0.09353421628475189,0.1404452621936798,0.17396727204322815,0.24769504368305206,0.43407079577445984,0.17558330297470093,0.17645102739334106,0.5859304666519165,0.10434272885322571,0.14634254574775696,0.18296486139297485,0.2522355020046234,0.46792858839035034,0.17069359123706818,0.5892417430877686,0.21950022876262665,0.9963616728782654,0.15710769593715668,0.5949607491493225,-0.21970435976982117,0.9989550113677979,0.21608057618141174,0.7582368850708008,0.40120258927345276,0.5154754519462585,0.19152723252773285,0.7949352860450745,-0.07044258713722229,0.9810231328010559,0.17441557347774506,0.9059202671051025,0.571831464767456,0.6811626553535461,0.1120966225862503,0.9718469381332397,-0.0027734381146728992,0.959991455078125,0.13902060687541962,0.920204222202301,0.5828167200088501,0.7531037926673889,0.06793554127216339,0.9871498346328735,-0.002317605307325721,0.9414991736412048,0.27558815479278564,0.9344176054000854,0.5154586434364319,0.7577468156814575,0.23502901196479797,1.0307772159576416,-0.20918886363506317,0.9166311025619507
U19_v1,127,1,0.30812281370162964,0.26407891511917114,-0.142848938703537,0.9999198913574219,0.3012978732585907,0.2471255362033844,-0.12684853374958038,0.9998120665550232,0.299314945936203,0.24642664194107056,-0.12690469622612,0.9997254014015198,0.2972762882709503,0.24574539065361023,-0.12688207626342773,0.9997926354408264,0.2956589460372925,0.24623894691467285,-0.18804123997688293,0.9998224377632141,0.28831303119659424,0.24477505683898926,-0.1880168914794922,0.9998144507408142,0.28112003207206726,0.24334561824798584,-0.18783028423786163,0.9998607635498047,0.2569398283958435,0.24558961391448975,0.022704027593135834,0.9999287128448486,0.23645342886447906,0.24319911003112793,-0.2700366973876953,0.9999227523803711,0.29554352164268494,0.27516448497772217,-0.08120457828044891,0.9998948574066162,0.28605103492736816,0.2742084264755249,-0.16487117111682892,0.9999125003814697,0.22203093767166138,0.31538915634155273,0.17303277552127838,0.9967249035835266,0.17259125411510468,0.2997351884841919,-0.3060731887817383,0.9996134638786316,0.36560821533203125,0.22335055470466614,0.44472867250442505,0.3618084490299225,0.32852572202682495,0.20009982585906982,-0.3265574276447296,0.9858485460281372,0.23546282947063446,0.18230819702148438,0.6256583333015442,0.07630455493927002,0.20713727176189423,0.17796319723129272,0.2659465968608856,0.45635002851486206,0.18805809319019318,0.16882187128067017,0.5885924100875854,0.06635463982820511,0.16460303962230682,0.16586899757385254,0.2808932065963745,0.3659096956253052,0.17180702090263367,0.1760420799255371,0.600999116897583,0.07115253806114197,0.14589807391166687,0.17915794253349304,0.25754594802856445,0.35772570967674255,0.1898760199546814,0.1885147988796234,0.6145479083061218,0.08049653470516205,0.1565140038728714,0.18381375074386597,0.2599266767501831,0.4004901051521301,0.16445916891098022,0.5865550637245178,0.20971329510211945,0.995371401309967,0.15806308388710022,0.5930154323577881,-0.20984885096549988,0.9984380602836609,0.20466569066047668,0.7612681984901428,0.3651336133480072,0.4523492157459259,0.18932096660137177,0.7944921851158142,-0.03904047608375549,0.9756038784980774,0.17312774062156677,0.9055536985397339,0.5111806392669678,0.6443331241607666,0.11660260707139969,0.9715756177902222,0.0515085831284523,0.951566755771637,0.1354430913925171,0.9312915802001953,0.5203098058700562,0.7499297857284546,0.08035328984260559,0.9830244779586792,0.0560770183801651,0.9355242252349854,0.2653666138648987,0.9423224329948425,0.44342705607414246,0.7224965691566467,0.2326590120792389,1.0306661128997803,-0.14432409405708313,0.8979071974754333
U19_v1,128,1,0.31372642517089844,0.26232093572616577,-0.17491371929645538,0.9999077320098877,0.3019574284553528,0.24475687742233276,-0.1603449285030365,0.9997922778129578,0.29945263266563416,0.24388661980628967,-0.16042958199977875,0.9997180104255676,0.29677385091781616,0.24302783608436584,-0.16043046116828918,0.9997749924659729,0.29742538928985596,0.24417805671691895,-0.22440744936466217,0.999795138835907,0.291458398103714,0.24292394518852234,-0.22434216737747192,0.9998037219047546,0.28485599160194397,0.24163943529129028,-0.22410038113594055,0.9998412132263184,0.2566116750240326,0.24355998635292053,-0.013051953166723251,0.9999244213104248,0.24025195837020874,0.24211356043815613,-0.31873637437820435,0.9999107122421265,0.30023646354675293,0.2740356922149658,-0.11373478174209595,0.9998958110809326,0.29210996627807617,0.2735083997249603,-0.20076823234558105,0.9999127388000488,0.21091115474700928,0.31508469581604004,0.14444652199745178,0.9962169528007507,0.17956523597240448,0.3029209077358246,-0.36278006434440613,0.9995539784431458,0.33428555727005005,0.22012242674827576,0.44411468505859375,0.28404000401496887,0.32218965888023376,0.19916486740112305,-0.41937291622161865,0.984875500202179,0.22886845469474792,0.18621701002120972,0.6333618760108948,0.057210054248571396,0.19928289949893951,0.17843088507652283,0.0995720773935318,0.508857011795044,0.1810322105884552,0.17162442207336426,0.5945443511009216,0.055322401225566864,0.15517710149288177,0.1699816882610321,0.10193392634391785,0.4250848889350891,0.17405027151107788,0.1810152530670166,0.5963013172149658,0.06037571653723717,0.14234575629234314,0.177866131067276,0.07105173915624619,0.41758209466934204,0.18416334688663483,0.1875620186328888,0.6186729073524475,0.0683254525065422,0.1511756330728531,0.18907031416893005,0.0905228778719902,0.4498862624168396,0.16174067556858063,0.584567666053772,0.22695481777191162,0.9957461953163147,0.16263091564178467,0.5932947993278503,-0.2269486039876938,0.998534083366394,0.2037818729877472,0.7646633982658386,0.3758164048194885,0.426034539937973,0.18932519853115082,0.793311357498169,-0.027911903336644173,0.9819013476371765,0.16047930717468262,0.906231164932251,0.5226477384567261,0.679916262626648,0.10982225090265274,0.9662467241287231,0.06736201047897339,0.9656804203987122,0.1265760213136673,0.9306043386459351,0.5308709144592285,0.7920562028884888,0.08392862975597382,0.982754647731781,0.07202358543872833,0.954914927482605,0.28829875588417053,0.9340408444404602,0.46454930305480957,0.7511763572692871,0.25161707401275635,0.9754296541213989,-0.10574266314506531,0.923224925994873
U19_v1,129,1,0.3027471601963043,0.26871156692504883,-0.16689299046993256,0.9998958110809326,0.2910124659538269,0.25278711318969727,-0.15542715787887573,0.9997782111167908,0.2881016731262207,0.2520678639411926,-0.15546271204948425,0.9996707439422607,0.2851153314113617,0.25127989053726196,-0.15542471408843994,0.9997462630271912,0.28854304552078247,0.2519488036632538,-0.21852804720401764,0.9997864365577698,0.28340041637420654,0.2506658732891083,-0.2185172438621521,0.9997861981391907,0.2777918577194214,0.24925774335861206,-0.21829137206077576,0.9998364448547363,0.24571025371551514,0.2513416111469269,-0.021848702803254128,0.9999129772186279,0.23735861480236053,0.24999666213989258,-0.32465171813964844,0.999895453453064,0.2900588810443878,0.2798045873641968,-0.10976263135671616,0.9998822212219238,0.2848358750343323,0.2786310911178589,-0.19614584743976593,0.9999102354049683,0.19157181680202484,0.3172904849052429,0.12431234866380692,0.9958989024162292,0.19116714596748352,0.3026372790336609,-0.363846093416214,0.999518871307373,0.3164033889770508,0.22484701871871948,0.4643121063709259,0.30181214213371277,0.33860546350479126,0.20214521884918213,-0.41044965386390686,0.9815784692764282,0.22416383028030396,0.1840348243713379,0.6827019453048706,0.08579856902360916,0.203016996383667,0.174192875623703,0.14356079697608948,0.566423237323761,0.18118435144424438,0.1703852117061615,0.6553495526313782,0.08481048792600632,0.161647230386734,0.1644367277622223,0.15004150569438934,0.481419175863266,0.1732252687215805,0.1759357452392578,0.6519579291343689,0.0905526876449585,0.14723311364650726,0.16872796416282654,0.12094619870185852,0.46875736117362976,0.19214320182800293,0.1878165304660797,0.6688491106033325,0.09855331480503082,0.16185913980007172,0.17876076698303223,0.13521571457386017,0.5034309029579163,0.1522214561700821,0.5861968994140625,0.21591615676879883,0.9972829818725586,0.1666548103094101,0.5973836779594421,-0.21621525287628174,0.9990161657333374,0.19560350477695465,0.7589577436447144,0.3943670988082886,0.3871298134326935,0.1827053725719452,0.7869294881820679,0.013524935580790043,0.9734085202217102,0.1608465313911438,0.9018595218658447,0.5729068517684937,0.6168472170829773,0.1131218671798706,0.9554007053375244,0.15385203063488007,0.9551275968551636,0.13125619292259216,0.925620436668396,0.5846090912818909,0.7396311163902283,0.07852731645107269,0.9784284830093384,0.1637571007013321,0.9487588405609131,0.2686912417411804,0.9267776012420654,0.516971230506897,0.6941324472427368,0.23892687261104584,0.9638043642044067,-0.001701540662907064,0.9124057292938232
U19_v1,130,1,0.3078179657459259,0.26627159118652344,-0.1519889235496521,0.9998676776885986,0.2981131076812744,0.25155356526374817,-0.13932064175605774,0.9997467398643494,0.29548847675323486,0.25095394253730774,-0.13936461508274078,0.9996269941329956,0.29273220896720886,0.2503485381603241,-0.13932865858078003,0.9997219443321228,0.29495835304260254,0.2509661316871643,-0.20308293402194977,0.9997535347938538,0.289845734834671,0.24998557567596436,-0.20304222404956818,0.9997344613075256,0.28424695134162903,0.2489485740661621,-0.20281647145748138,0.9998015761375427,0.2533731162548065,0.2503301203250885,-0.00522419810295105,0.999902606010437,0.2435200810432434,0.24933087825775146,-0.3096414804458618,0.9998793601989746,0.29337531328201294,0.27700963616371155,-0.09469705820083618,0.9998592138290405,0.287678062915802,0.2758115231990814,-0.1815638244152069,0.9998859167098999,0.19773854315280914,0.3193526864051819,0.13536912202835083,0.9955089092254639,0.18544074892997742,0.3043786287307739,-0.35352587699890137,0.9993946552276611,0.3292028307914734,0.22038617730140686,0.42626020312309265,0.3169615864753723,0.3178919553756714,0.19547104835510254,-0.4177378714084625,0.9816152453422546,0.21342900395393372,0.1846407651901245,0.593971848487854,0.08732596784830093,0.18074364960193634,0.17589446902275085,0.09672419726848602,0.5196831822395325,0.17785651981830597,0.17329657077789307,0.5553594827651978,0.07981947809457779,0.1511354148387909,0.16464826464653015,0.10012364387512207,0.43383878469467163,0.16957871615886688,0.1781095564365387,0.5531448125839233,0.08622004836797714,0.13947352766990662,0.17296111583709717,0.07477904111146927,0.4237836003303528,0.175467386841774,0.1828087568283081,0.5783309936523438,0.09559676051139832,0.14526402950286865,0.1770208477973938,0.09004148840904236,0.4596549868583679,0.15267357230186462,0.5865444540977478,0.2111860066652298,0.9968902468681335,0.160600945353508,0.5930966138839722,-0.21139320731163025,0.9989443421363831,0.19479389488697052,0.7542653679847717,0.37164241075515747,0.3957224190235138,0.18244418501853943,0.7813736200332642,-0.012185405939817429,0.9683073163032532,0.16864831745624542,0.9078450202941895,0.5469695329666138,0.598322868347168,0.12008383870124817,0.9547343850135803,0.12755627930164337,0.9345647096633911,0.1431097537279129,0.9319633841514587,0.5575881004333496,0.7241606116294861,0.09041313827037811,0.9783498644828796,0.13644102215766907,0.930682897567749,0.2652209401130676,0.92937171459198,0.47938382625579834,0.6682854890823364,0.23086655139923096,0.974973201751709,-0.04417223483324051,0.878257155418396
U19_v1,131,1,0.3029630780220032,0.2652013301849365,-0.17852595448493958,0.9999078512191772,0.2957358956336975,0.24949032068252563,-0.1650535613298416,0.9998103976249695,0.2933337688446045,0.2485906183719635,-0.16508911550045013,0.9997197985649109,0.29077428579330444,0.24743926525115967,-0.16505827009677887,0.9997968077659607,0.2915875315666199,0.24880927801132202,-0.2283613532781601,0.9998088479042053,0.28582653403282166,0.24737930297851562,-0.2283274233341217,0.9997885823249817,0.27863600850105286,0.24541518092155457,-0.22810177505016327,0.999846339225769,0.2514531910419464,0.2457430064678192,-0.027458956465125084,0.9999289512634277,0.23614390194416046,0.24401146173477173,-0.3301277160644531,0.9999057054519653,0.2887634038925171,0.2771618664264679,-0.12188215553760529,0.9999076128005981,0.28182822465896606,0.27603963017463684,-0.20784039795398712,0.9999233484268188,0.20549535751342773,0.31863659620285034,0.11186986416578293,0.9964981079101562,0.1744365245103836,0.3023713231086731,-0.37209197878837585,0.9994789958000183,0.3347722291946411,0.21803566813468933,0.42071831226348877,0.3357055187225342,0.30132222175598145,0.19082921743392944,-0.4185151159763336,0.9830061793327332,0.20389807224273682,0.1865549385547638,0.6528093218803406,0.05829436704516411,0.1774497628211975,0.18347498774528503,0.13930878043174744,0.38489535450935364,0.16484679281711578,0.1803785264492035,0.6195892095565796,0.05239958316087723,0.13847529888153076,0.17965975403785706,0.14623688161373138,0.30353522300720215,0.15688186883926392,0.18743956089019775,0.6170486211776733,0.05775919556617737,0.13074880838394165,0.18917471170425415,0.12297123670578003,0.2996710538864136,0.17487220466136932,0.1928209364414215,0.637135922908783,0.06529391556978226,0.13915789127349854,0.20052510499954224,0.1321018785238266,0.3428080677986145,0.15617194771766663,0.5843133330345154,0.2180301696062088,0.9972457885742188,0.15680401027202606,0.590019941329956,-0.21816374361515045,0.9989963173866272,0.18818022310733795,0.7542296648025513,0.3894958794116974,0.3678450584411621,0.1857571303844452,0.779646098613739,0.010431825183331966,0.9735857844352722,0.15807434916496277,0.9094873666763306,0.5727500915527344,0.6217502355575562,0.11908042430877686,0.9512043595314026,0.16603663563728333,0.9461532831192017,0.13248313963413239,0.9271285533905029,0.5853450894355774,0.7547040581703186,0.0869995653629303,0.9748059511184692,0.17757397890090942,0.9421064257621765,0.26457878947257996,0.9284670352935791,0.5083833336830139,0.6887413859367371,0.22480234503746033,0.9943006038665771,0.007153195794671774,0.8913598656654358
U19_v1,132,1,0.2866740822792053,0.26762789487838745,-0.16868308186531067,0.9999068975448608,0.27909767627716064,0.25127077102661133,-0.15564414858818054,0.9998078942298889,0.27722790837287903,0.2503691017627716,-0.1556820273399353,0.9997158646583557,0.2753002643585205,0.24910059571266174,-0.1556553691625595,0.9997926354408264,0.27421778440475464,0.25001659989356995,-0.21625490486621857,0.9998125433921814,0.26826322078704834,0.24827837944030762,-0.21623347699642181,0.9997887015342712,0.26207712292671204,0.24610531330108643,-0.21602347493171692,0.9998449087142944,0.2353695034980774,0.24730893969535828,-0.016369588673114777,0.9999270439147949,0.22267135977745056,0.24447432160377502,-0.3064509332180023,0.9999105930328369,0.27543121576309204,0.2788179814815521,-0.11077036708593369,0.9999039173126221,0.26740145683288574,0.27695614099502563,-0.19304125010967255,0.9999223947525024,0.19241178035736084,0.31916436553001404,0.12530860304832458,0.9965052604675293,0.1644323170185089,0.30075404047966003,-0.35010042786598206,0.9994851350784302,0.34888386726379395,0.21443668007850647,0.3999820053577423,0.39576223492622375,0.3096117079257965,0.1941623091697693,-0.3887937068939209,0.9831531643867493,0.20507995784282684,0.187790185213089,0.6037580966949463,0.06229293718934059,0.17333269119262695,0.185336172580719,0.2024785280227661,0.3029250502586365,0.16997654736042023,0.17710471153259277,0.5674665570259094,0.05479954183101654,0.14522022008895874,0.18294677138328552,0.21482087671756744,0.22796760499477386,0.16259364783763885,0.1838107407093048,0.5694181323051453,0.06015999615192413,0.12977924942970276,0.19383147358894348,0.1982552409172058,0.22493256628513336,0.1791495680809021,0.1898057758808136,0.5891907215118408,0.06709549576044083,0.1379799246788025,0.20719152688980103,0.19840700924396515,0.2692026197910309,0.14782609045505524,0.5818384885787964,0.21513032913208008,0.996957540512085,0.15480868518352509,0.5892288684844971,-0.21527469158172607,0.9988654851913452,0.18768300116062164,0.7560727596282959,0.3825596272945404,0.3871970474720001,0.1799795776605606,0.7775794267654419,0.00954075064510107,0.9732452630996704,0.15689541399478912,0.9040465354919434,0.5718334913253784,0.6245951056480408,0.12209495902061462,0.9520964622497559,0.16234180331230164,0.9440575838088989,0.12813898921012878,0.9327049255371094,0.585623562335968,0.7611033320426941,0.08586592972278595,0.9740947484970093,0.17377036809921265,0.9414834380149841,0.256740540266037,0.9338514804840088,0.5077488422393799,0.6816363334655762,0.2426874041557312,0.9734660387039185,0.00039665948133915663,0.8815097212791443
U19_v1,133,1,0.2966279983520508,0.2708566188812256,-0.10262228548526764,0.9999059438705444,0.29237109422683716,0.2559380829334259,-0.08437912911176682,0.9998148083686829,0.2911013662815094,0.2554000914096832,-0.08445281535387039,0.9997194409370422,0.2900075614452362,0.25471752882003784,-0.08442945033311844,0.999811589717865,0.2862882614135742,0.2547302544116974,-0.14842110872268677,0.999817430973053,0.2794816792011261,0.25328800082206726,-0.14843836426734924,0.9997949004173279,0.27286139130592346,0.2516464293003082,-0.14825840294361115,0.9998557567596436,0.2518894076347351,0.25332602858543396,0.06226256117224693,0.9999232292175293,0.23014973104000092,0.2502283453941345,-0.24162505567073822,0.9999077320098877,0.2852734923362732,0.2815713584423065,-0.042518798261880875,0.9998792409896851,0.2763289511203766,0.2796787917613983,-0.1297004073858261,0.9999052286148071,0.2089637666940689,0.3235524892807007,0.2051958441734314,0.9965770840644836,0.16573680937290192,0.3025965690612793,-0.2912674844264984,0.9995594620704651,0.3565693497657776,0.23698699474334717,0.47152069211006165,0.3688752055168152,0.3079599142074585,0.1954249143600464,-0.3489481210708618,0.9860271215438843,0.21395352482795715,0.18711835145950317,0.638873815536499,0.08414904773235321,0.17550763487815857,0.17603552341461182,0.17153748869895935,0.4529697895050049,0.17258578538894653,0.1751965582370758,0.5978251695632935,0.07253371924161911,0.1381739228963852,0.16891977190971375,0.1771593689918518,0.3569616675376892,0.16626088321208954,0.1773657500743866,0.6039450764656067,0.07739226520061493,0.1214359700679779,0.17647308111190796,0.15296027064323425,0.34398525953292847,0.1830148994922638,0.18790203332901,0.6256089210510254,0.08726398646831512,0.128701314330101,0.1849939525127411,0.1639394313097,0.38772666454315186,0.15603195130825043,0.5792626738548279,0.21862101554870605,0.9955974221229553,0.15069393813610077,0.583076536655426,-0.218788281083107,0.9983260035514832,0.18376243114471436,0.753876268863678,0.30765798687934875,0.34422504901885986,0.1786448061466217,0.7764706611633301,-0.08781464397907257,0.9666570425033569,0.14507830142974854,0.9102234840393066,0.4152502417564392,0.523422360420227,0.10989879071712494,0.9599123001098633,-0.01693284884095192,0.9280750751495361,0.10678602010011673,0.9351764917373657,0.41938644647598267,0.6767755150794983,0.06678133457899094,0.9858163595199585,-0.016515012830495834,0.9227350354194641,0.24689540266990662,0.9367382526397705,0.3370097875595093,0.6454887390136719,0.21619144082069397,1.0108569860458374,-0.2098390907049179,0.8760972023010254
U19_v1,134,1,0.27067089080810547,0.2718808948993683,-0.15340158343315125,0.9999338388442993,0.26590538024902344,0.25443682074546814,-0.14052003622055054,0.9998527765274048,0.26549068093299866,0.25332504510879517,-0.14054074883460999,0.9997945427894592,0.26488709449768066,0.25173160433769226,-0.1404503881931305,0.9998396635055542,0.2568885087966919,0.25312596559524536,-0.20140908658504486,0.9998568296432495,0.2497965544462204,0.25126543641090393,-0.2014513462781906,0.9998461008071899,0.23950538039207458,0.24850690364837646,-0.20128391683101654,0.9998791217803955,0.23038513958454132,0.2482278048992157,0.003152984892949462,0.9999375343322754,0.20297706127166748,0.2456822395324707,-0.2865585386753082,0.999941349029541,0.2613672614097595,0.2822344899177551,-0.09360998123884201,0.9999268054962158,0.2483166754245758,0.28004127740859985,-0.175726518034935,0.9999431371688843,0.19160567224025726,0.32023003697395325,0.16877470910549164,0.9980555772781372,0.15096840262413025,0.3030284345149994,-0.3420518934726715,0.9997536540031433,0.30823463201522827,0.2141260802745819,0.42174679040908813,0.425042062997818,0.29179126024246216,0.19658643007278442,-0.3475138545036316,0.9911223649978638,0.18932387232780457,0.190830796957016,0.5827475786209106,0.07069844752550125,0.18371519446372986,0.2016095519065857,0.2855568826198578,0.3375154733657837,0.14705030620098114,0.1859550178050995,0.5432108640670776,0.06209619715809822,0.1357264667749405,0.20102354884147644,0.30961498618125916,0.24276141822338104,0.13938793540000916,0.19482272863388062,0.544188380241394,0.06996148079633713,0.13747119903564453,0.24050197005271912,0.2950538098812103,0.24058736860752106,0.1641893982887268,0.19989705085754395,0.566213846206665,0.07649432867765427,0.14188750088214874,0.2461145520210266,0.2854679226875305,0.2889516353607178,0.14505629241466522,0.5799681544303894,0.22885973751544952,0.9970340728759766,0.1490126997232437,0.5832396745681763,-0.2291012704372406,0.9989010095596313,0.18263383209705353,0.7485823631286621,0.36049461364746094,0.31629514694213867,0.17713341116905212,0.7745990753173828,-0.038913991302251816,0.9754001498222351,0.14447548985481262,0.9026554822921753,0.49833348393440247,0.6034302711486816,0.11755315959453583,0.9520080089569092,0.06744290888309479,0.9481161236763,0.11475223302841187,0.9242557287216187,0.5078668594360352,0.7677780389785767,0.0710180401802063,0.9756044149398804,0.07483208179473877,0.9460498690605164,0.24879328906536102,0.930385410785675,0.440701425075531,0.6948266625404358,0.21941545605659485,1.0025241374969482,-0.09344486892223358,0.8888474702835083
U19_v1,135,1,0.2691653370857239,0.27394014596939087,-0.16542071104049683,0.9999195337295532,0.2627999186515808,0.25534722208976746,-0.15496307611465454,0.9998219609260559,0.26187676191329956,0.2542557120323181,-0.15499946475028992,0.9997532963752747,0.26081162691116333,0.25270557403564453,-0.1549188494682312,0.9998055100440979,0.25500982999801636,0.2540489733219147,-0.216684028506279,0.9998251795768738,0.2480960190296173,0.2521977722644806,-0.2167062610387802,0.9998058676719666,0.23803463578224182,0.24944493174552917,-0.21652008593082428,0.9998477697372437,0.22332239151000977,0.24976250529289246,-0.01704898476600647,0.9999299049377441,0.19832229614257812,0.2464936077594757,-0.3086065351963043,0.9999271631240845,0.2598890960216522,0.2854274809360504,-0.10695696622133255,0.9999172687530518,0.24881938099861145,0.28344929218292236,-0.18954910337924957,0.9999344348907471,0.18376974761486053,0.3240721523761749,0.14707595109939575,0.9973856806755066,0.15705686807632446,0.305552214384079,-0.3621343970298767,0.9996896982192993,0.30372780561447144,0.21853497624397278,0.41549745202064514,0.38916799426078796,0.29645514488220215,0.19658911228179932,-0.3542034924030304,0.9913870692253113,0.18976536393165588,0.19505998492240906,0.6295655369758606,0.055209916085004807,0.17236420512199402,0.20181235671043396,0.30423396825790405,0.3228451907634735,0.1504267305135727,0.18897247314453125,0.5949792265892029,0.0492781326174736,0.16227656602859497,0.21685543656349182,0.3299272656440735,0.2282353639602661,0.15907052159309387,0.2008914053440094,0.5876100659370422,0.05614776909351349,0.13429699838161469,0.2404368817806244,0.3219849169254303,0.22763454914093018,0.16776324808597565,0.20570912957191467,0.6095364689826965,0.06294435262680054,0.13942120969295502,0.2452922761440277,0.3065614402294159,0.2751222252845764,0.14690180122852325,0.5820279717445374,0.2280881553888321,0.9963551759719849,0.14710938930511475,0.584336519241333,-0.2282264679670334,0.9987480640411377,0.18280141055583954,0.7508729696273804,0.35906147956848145,0.34029245376586914,0.1680985391139984,0.7764273285865784,-0.03051218017935753,0.9799639582633972,0.13850024342536926,0.905487060546875,0.5179845094680786,0.6267697811126709,0.10116171091794968,0.9608029127120972,0.07477553188800812,0.9560869932174683,0.10890568792819977,0.9269295930862427,0.529805600643158,0.7746965289115906,0.0549667626619339,0.9841247797012329,0.08081458508968353,0.9520407319068909,0.24743765592575073,0.9357836842536926,0.4620507061481476,0.7042370438575745,0.23041191697120667,0.9861702919006348,-0.09785186499357224,0.900847315788269
U19_v1,136,1,0.27624452114105225,0.27002161741256714,-0.15480338037014008,0.9999054670333862,0.27068203687667847,0.2537815570831299,-0.1407904177904129,0.9998013377189636,0.2686707377433777,0.25299838185310364,-0.14082099497318268,0.999705970287323,0.26747265458106995,0.25204458832740784,-0.14076992869377136,0.9997946619987488,0.2637404501438141,0.2526141107082367,-0.20437081158161163,0.999789297580719,0.2573743760585785,0.2511732280254364,-0.2043350785970688,0.9997490048408508,0.25063833594322205,0.24924126267433167,-0.2041018158197403,0.9998148083686829,0.23114459216594696,0.2517751455307007,0.004718123935163021,0.9999221563339233,0.21305009722709656,0.24732989072799683,-0.29674720764160156,0.999897837638855,0.26572930812835693,0.28200164437294006,-0.09516207128763199,0.9999017715454102,0.2563040554523468,0.2806558609008789,-0.18090404570102692,0.9999152421951294,0.1885785162448883,0.3233892321586609,0.15420222282409668,0.9971617460250854,0.15670853853225708,0.30441269278526306,-0.33908024430274963,0.999521017074585,0.31007519364356995,0.22146230936050415,0.4305422604084015,0.34494438767433167,0.29259201884269714,0.1940368115901947,-0.365962952375412,0.9900614023208618,0.1891607791185379,0.20037585496902466,0.6287229061126709,0.04732123389840126,0.16798442602157593,0.19311729073524475,0.2383362203836441,0.3233349621295929,0.15384507179260254,0.19022393226623535,0.5903333425521851,0.041258905082941055,0.12816236913204193,0.19288629293441772,0.25436773896217346,0.23472550511360168,0.14865544438362122,0.19942599534988403,0.5875102877616882,0.04638370871543884,0.12271913886070251,0.2233191728591919,0.2473592907190323,0.23056769371032715,0.16834326088428497,0.2059566080570221,0.6100478768348694,0.05388869717717171,0.1289243996143341,0.22951501607894897,0.23846881091594696,0.27159684896469116,0.1465531438589096,0.5825178027153015,0.21432961523532867,0.996429979801178,0.1422470211982727,0.5850996375083923,-0.21443957090377808,0.9985742568969727,0.17946548759937286,0.752927303314209,0.34069088101387024,0.2816714942455292,0.1631113886833191,0.775724470615387,-0.021349096670746803,0.9645295739173889,0.13342782855033875,0.9078410863876343,0.4882303774356842,0.5333935022354126,0.09940506517887115,0.9518084526062012,0.10494480282068253,0.9294462203979492,0.10426251590251923,0.9337239265441895,0.49872758984565735,0.7176105380058289,0.05414895713329315,0.9729205369949341,0.11406750977039337,0.9353344440460205,0.23693913221359253,0.9357538819313049,0.42145636677742004,0.6338074207305908,0.1930251121520996,1.006471872329712,-0.05677713826298714,0.8659818768501282
U19_v1,137,1,0.2738174498081207,0.2734764516353607,-0.1473667472600937,0.9999198913574219,0.2694159746170044,0.25542184710502625,-0.1337302029132843,0.9998188614845276,0.2683456242084503,0.2543785870075226,-0.1337147206068039,0.9997400641441345,0.2671393156051636,0.25289809703826904,-0.13356918096542358,0.9997990727424622,0.26201534271240234,0.25434571504592896,-0.2005913108587265,0.9998292922973633,0.25502878427505493,0.25261425971984863,-0.20069032907485962,0.9998016953468323,0.24757006764411926,0.2503291070461273,-0.20056046545505524,0.9998526573181152,0.22910408675670624,0.24790924787521362,0.008264195173978806,0.9999178647994995,0.20804095268249512,0.24561479687690735,-0.3062717616558075,0.9999350309371948,0.26200979948043823,0.28270724415779114,-0.08916066586971283,0.999913215637207,0.25112390518188477,0.2809767723083496,-0.17835408449172974,0.9999386072158813,0.19269703328609467,0.31965452432632446,0.17191360890865326,0.997713565826416,0.1385142207145691,0.30321040749549866,-0.372113972902298,0.999743640422821,0.29530948400497437,0.20485717058181763,0.4306817054748535,0.4077659249305725,0.2593182921409607,0.19756701588630676,-0.3380167782306671,0.9946759939193726,0.18549516797065735,0.19792571663856506,0.6104617714881897,0.05945625528693199,0.20160700380802155,0.2313496470451355,0.39755314588546753,0.30661091208457947,0.15512625873088837,0.19652214646339417,0.5731961131095886,0.052766453474760056,0.18725773692131042,0.23798424005508423,0.4356272220611572,0.20621243119239807,0.15089547634124756,0.21085774898529053,0.5647498965263367,0.06077473983168602,0.16690979897975922,0.2608199119567871,0.43472009897232056,0.20480915904045105,0.16224394738674164,0.21344101428985596,0.5888271927833557,0.06748385727405548,0.16806243360042572,0.2635493576526642,0.4062730371952057,0.25618624687194824,0.14389246702194214,0.5796607732772827,0.2310185730457306,0.996148943901062,0.1376306414604187,0.5823542475700378,-0.23122890293598175,0.9987393021583557,0.17170292139053345,0.7535069584846497,0.3514944314956665,0.23709401488304138,0.16215047240257263,0.7746918201446533,-0.05685330927371979,0.9675197601318359,0.12426693737506866,0.907250165939331,0.4912007749080658,0.5060712695121765,0.09080144017934799,0.9559338092803955,0.05258190259337425,0.9276880621910095,0.09327524900436401,0.9341961145401001,0.5007901787757874,0.7027742266654968,0.04552836716175079,0.9768984913825989,0.060534510761499405,0.9335969090461731,0.23687155544757843,0.9314062595367432,0.4268917739391327,0.6169368028640747,0.18816639482975006,1.0111585855484009,-0.10978732258081436,0.8514850735664368
U19_v1,138,1,0.27664193511009216,0.2726108729839325,-0.15829609334468842,0.9999121427536011,0.2701149880886078,0.25501757860183716,-0.1441352665424347,0.9998065829277039,0.26840096712112427,0.2539616525173187,-0.144114688038826,0.9997269511222839,0.26645946502685547,0.25248056650161743,-0.14397935569286346,0.999789297580719,0.2643539607524872,0.2542247772216797,-0.2147626280784607,0.999812662601471,0.25787702202796936,0.25267720222473145,-0.21483156085014343,0.9997846484184265,0.2508563697338104,0.2505708634853363,-0.21466976404190063,0.9998371601104736,0.22769618034362793,0.24955251812934875,0.0005561868310905993,0.9999115467071533,0.21143639087677002,0.246654212474823,-0.3314882516860962,0.9999264478683472,0.2636105716228485,0.2824729084968567,-0.09854436665773392,0.9999080896377563,0.25452810525894165,0.281157910823822,-0.1927417814731598,0.9999345541000366,0.18924137949943542,0.32149097323417664,0.1642342507839203,0.9975361824035645,0.14297527074813843,0.30632340908050537,-0.39379003643989563,0.9996856451034546,0.29400646686553955,0.2103552222251892,0.43043044209480286,0.3862500488758087,0.26015207171440125,0.19942015409469604,-0.3740074634552002,0.9938765168190002,0.21012282371520996,0.21930906176567078,0.6066814661026001,0.05365220457315445,0.1998070478439331,0.23114800453186035,0.3444417715072632,0.305704802274704,0.1554907113313675,0.19877886772155762,0.5690616369247437,0.04818809777498245,0.1876886785030365,0.23797562718391418,0.37886032462120056,0.20769232511520386,0.15306684374809265,0.21221622824668884,0.5599247813224792,0.055652398616075516,0.16700860857963562,0.26064619421958923,0.38143888115882874,0.20641633868217468,0.16373905539512634,0.21533286571502686,0.584485650062561,0.06256949156522751,0.16725003719329834,0.2631593644618988,0.35441267490386963,0.25208696722984314,0.14084011316299438,0.5828246474266052,0.23382623493671417,0.9969306588172913,0.1381862312555313,0.5864473581314087,-0.23401305079460144,0.9989359974861145,0.16887354850769043,0.7575603127479553,0.36867499351501465,0.25408005714416504,0.15899668633937836,0.7809774279594421,-0.026680724695324898,0.9704538583755493,0.12098292261362076,0.9094178676605225,0.5266026258468628,0.5477293729782104,0.09203053265810013,0.9563339948654175,0.10776068270206451,0.9392111897468567,0.09309542924165726,0.92936110496521,0.5384642481803894,0.7309487462043762,0.04472797363996506,0.9780157208442688,0.11846703290939331,0.9440102577209473,0.23294389247894287,0.9335060715675354,0.4646822512149811,0.6481269598007202,0.19287839531898499,1.0064302682876587,-0.04760083556175232,0.8749248385429382
U19_v1,139,1,0.29354730248451233,0.2762904465198517,-0.12931062281131744,0.9998648166656494,0.2877034544944763,0.2600913941860199,-0.11248058080673218,0.9997417330741882,0.28584548830986023,0.25934886932373047,-0.11248567700386047,0.9996178150177002,0.2842544615268707,0.2583603858947754,-0.1123640164732933,0.9997245669364929,0.28282514214515686,0.2590292692184448,-0.1795235127210617,0.999748170375824,0.2768862247467041,0.25754833221435547,-0.17958056926727295,0.9997138381004333,0.27060213685035706,0.25565284490585327,-0.17939503490924835,0.9997895359992981,0.24699044227600098,0.25560060143470764,0.030314907431602478,0.999871015548706,0.22910133004188538,0.2519966661930084,-0.28812912106513977,0.9998754262924194,0.27679944038391113,0.28799283504486084,-0.07099932432174683,0.9998412132263184,0.26907533407211304,0.28657791018486023,-0.1616763323545456,0.999882698059082,0.19010210037231445,0.32435792684555054,0.16257591545581818,0.9965924620628357,0.15260159969329834,0.30858537554740906,-0.34246721863746643,0.9995131492614746,0.3065166473388672,0.21837720274925232,0.4241352677345276,0.3261169195175171,0.2819450795650482,0.2004145383834839,-0.3840197026729584,0.9873254299163818,0.18833190202713013,0.1928572654724121,0.5675594210624695,0.0596984326839447,0.15891246497631073,0.19083088636398315,0.19318370521068573,0.3901040852069855,0.146703839302063,0.18496009707450867,0.5199174284934998,0.054801151156425476,0.12024961411952972,0.18597614765167236,0.2088557332754135,0.30800920724868774,0.1403704732656479,0.1871223747730255,0.5147206783294678,0.060563523322343826,0.11283113807439804,0.19480419158935547,0.18732950091362,0.30166637897491455,0.14723826944828033,0.196180522441864,0.5477771162986755,0.0688091591000557,0.12278197705745697,0.19827112555503845,0.19032800197601318,0.343135803937912,0.14449931681156158,0.5835198163986206,0.22198453545570374,0.9970026612281799,0.14242051541805267,0.586114227771759,-0.22228623926639557,0.9988903403282166,0.17120106518268585,0.7584536075592041,0.33448171615600586,0.2656313478946686,0.16201478242874146,0.7816489934921265,-0.04715976491570473,0.9567298293113708,0.12009865790605545,0.9124467372894287,0.46575790643692017,0.5125689506530762,0.09374088793992996,0.9593251943588257,0.0754423663020134,0.9185377955436707,0.08439739048480988,0.939294695854187,0.47258391976356506,0.7025246024131775,0.048879437148571014,0.9788328409194946,0.08240480720996857,0.929068922996521,0.23325684666633606,0.934622049331665,0.39114871621131897,0.6298555731773376,0.19147942960262299,1.0049911737442017,-0.09293442964553833,0.8604882955551147
U19_v1,140,1,0.3017737865447998,0.27476394176483154,-0.14772765338420868,0.9999312162399292,0.29311150312423706,0.2587461769580841,-0.12987744808197021,0.999854564666748,0.29075267910957336,0.25796517729759216,-0.12983757257461548,0.9997827410697937,0.28855544328689575,0.2569350004196167,-0.12972822785377502,0.9998468160629272,0.28770655393600464,0.2573838233947754,-0.19675037264823914,0.9998533725738525,0.2812231779098511,0.25570619106292725,-0.19675618410110474,0.9998354911804199,0.2742874324321747,0.2536257803440094,-0.19655176997184753,0.9998821020126343,0.2486128956079483,0.2542295455932617,0.020645903423428535,0.9999346733093262,0.23006311058998108,0.25102463364601135,-0.2988112270832062,0.9999347925186157,0.28406545519828796,0.2865118384361267,-0.08785712718963623,0.9999202489852905,0.2753838300704956,0.2849487066268921,-0.17865970730781555,0.9999371767044067,0.2039419561624527,0.3253830075263977,0.15970081090927124,0.9980109333992004,0.14847274124622345,0.31110164523124695,-0.3420811593532562,0.9996554851531982,0.33015233278274536,0.22133472561836243,0.44663113355636597,0.3722545802593231,0.2674601972103119,0.1992136538028717,-0.3620814383029938,0.9891701340675354,0.1939309686422348,0.19365960359573364,0.6271931529045105,0.0602182038128376,0.16062510013580322,0.19321557879447937,0.27400436997413635,0.38235267996788025,0.15016958117485046,0.18851977586746216,0.5858488082885742,0.052747320383787155,0.126815527677536,0.19258078932762146,0.2982451319694519,0.2892562747001648,0.14204515516757965,0.19672194123268127,0.5913351774215698,0.05785899981856346,0.11313570290803909,0.20173752307891846,0.28195998072624207,0.2834530174732208,0.15824469923973083,0.20164096355438232,0.611707866191864,0.0659366250038147,0.12092635035514832,0.21008458733558655,0.2727251350879669,0.32648906111717224,0.1477024406194687,0.5902853608131409,0.21936453878879547,0.9972779154777527,0.1383461058139801,0.5935571193695068,-0.2195000946521759,0.9988429546356201,0.16856347024440765,0.7641721963882446,0.35034918785095215,0.3081231713294983,0.15892109274864197,0.7875422835350037,-0.029424788430333138,0.959770679473877,0.11212805658578873,0.9190033674240112,0.4710478186607361,0.5616666078567505,0.07798530161380768,0.9594504833221436,0.1008915826678276,0.9189070463180542,0.08330337703227997,0.9396131038665771,0.4774298071861267,0.7339224815368652,0.037474773824214935,0.9756114482879639,0.11139849573373795,0.929148256778717,0.21303212642669678,0.9382779598236084,0.39820438623428345,0.654122531414032,0.17302590608596802,1.0119088888168335,-0.04937106370925903,0.8609991669654846
U19_v1,141,1,0.2859712541103363,0.2760894298553467,-0.17736214399337769,0.9999290704727173,0.2802930772304535,0.2636283040046692,-0.16284143924713135,0.9998316764831543,0.27804142236709595,0.2627452313899994,-0.1628102958202362,0.9997571110725403,0.27590397000312805,0.26163116097450256,-0.16266241669654846,0.9998096823692322,0.2763030529022217,0.26257672905921936,-0.22982819378376007,0.999833345413208,0.2697336971759796,0.26078543066978455,-0.22988012433052063,0.9998106360435486,0.26353710889816284,0.25874143838882446,-0.22968901693820953,0.9998595714569092,0.23458440601825714,0.25708723068237305,-0.019166309386491776,0.9999231100082397,0.2222684621810913,0.2544352412223816,-0.3355426788330078,0.9999332427978516,0.26804444193840027,0.2896541357040405,-0.11954575031995773,0.9999209642410278,0.2608076333999634,0.28821495175361633,-0.2090398669242859,0.999942421913147,0.1876901090145111,0.3267958462238312,0.13389286398887634,0.9976969361305237,0.15084563195705414,0.3113369643688202,-0.39101096987724304,0.9996800422668457,0.2884967625141144,0.21229815483093262,0.4002406597137451,0.39795514941215515,0.26804983615875244,0.20344087481498718,-0.3681577742099762,0.9940956830978394,0.20925834774971008,0.22825518250465393,0.5820510983467102,0.052973341196775436,0.2055959403514862,0.23795875906944275,0.35446417331695557,0.32158759236335754,0.15383222699165344,0.20589286088943481,0.5446398854255676,0.04729451984167099,0.19360466301441193,0.24380838871002197,0.38836464285850525,0.21679678559303284,0.15043513476848602,0.22246834635734558,0.5370128154754639,0.05421438813209534,0.17179691791534424,0.26650768518447876,0.38894712924957275,0.2156354784965515,0.18910549581050873,0.24841997027397156,0.5605797171592712,0.060829244554042816,0.17197079956531525,0.26977354288101196,0.3626943528652191,0.26407188177108765,0.1421697586774826,0.5910409092903137,0.22504545748233795,0.9969884753227234,0.1463310718536377,0.594178318977356,-0.2252550721168518,0.9989789724349976,0.17683760821819305,0.7558459043502808,0.38178732991218567,0.21787002682685852,0.16521500051021576,0.7797202467918396,-0.004375172778964043,0.964643120765686,0.13407248258590698,0.9128040671348572,0.5510156154632568,0.5175029635429382,0.08696188032627106,0.9516115188598633,0.1443938910961151,0.9385690093040466,0.09614981710910797,0.9253477454185486,0.5634968876838684,0.7192516326904297,0.05327055603265762,0.9720704555511475,0.1573244035243988,0.9467273354530334,0.2199450135231018,0.9279722571372986,0.4906998574733734,0.6250942945480347,0.18455123901367188,1.004634141921997,0.0018436004174873233,0.8702249526977539
U19_v1,142,1,0.30585139989852905,0.28899914026260376,-0.1501837819814682,0.9998680353164673,0.3028697371482849,0.27308785915374756,-0.13754169642925262,0.9997133612632751,0.30107778310775757,0.27242955565452576,-0.13753153383731842,0.9995949864387512,0.29936930537223816,0.27172935009002686,-0.13735723495483398,0.9996713399887085,0.297670841217041,0.27146366238594055,-0.20593775808811188,0.9997273087501526,0.29189273715019226,0.26970383524894714,-0.2060067504644394,0.9996988773345947,0.28583213686943054,0.2678396999835968,-0.2058599889278412,0.9997643828392029,0.2597404718399048,0.26626917719841003,-0.0037337818648666143,0.9998637437820435,0.24315279722213745,0.2628142833709717,-0.32690197229385376,0.9998897314071655,0.28645047545433044,0.298590749502182,-0.09490017592906952,0.999848484992981,0.27861255407333374,0.2964740991592407,-0.1866031140089035,0.9998949766159058,0.2028120458126068,0.3297818601131439,0.1483713537454605,0.996832549571991,0.16532714664936066,0.3135492503643036,-0.3849150836467743,0.9996311664581299,0.28607070446014404,0.2244766652584076,0.40607699751853943,0.35409045219421387,0.27961546182632446,0.20404863357543945,-0.38254743814468384,0.9910749197006226,0.19729509949684143,0.2087264358997345,0.5588177442550659,0.05664842203259468,0.1922561377286911,0.21170294284820557,0.3059875965118408,0.3445674180984497,0.1477045714855194,0.20283189415931702,0.5143214464187622,0.05217185243964195,0.14555031061172485,0.21993067860603333,0.33935976028442383,0.2548845708370209,0.14206631481647491,0.2139512300491333,0.5078549385070801,0.059099942445755005,0.14453203976154327,0.24243542551994324,0.3302142024040222,0.2531939446926117,0.16701799631118774,0.2199256718158722,0.537208080291748,0.06635225564241409,0.154264897108078,0.2608955204486847,0.3113901615142822,0.3017967641353607,0.14834877848625183,0.588822066783905,0.23102572560310364,0.9951345324516296,0.1480555534362793,0.5913339853286743,-0.23129238188266754,0.9984984397888184,0.17932099103927612,0.75173020362854,0.365675687789917,0.2322615683078766,0.1708206981420517,0.7751845121383667,-0.052130453288555145,0.9606751799583435,0.1333945244550705,0.9032444953918457,0.514664888381958,0.48249250650405884,0.10076765716075897,0.95277339220047,0.06461407244205475,0.9241130948066711,0.0963219627737999,0.9325293302536011,0.5238491892814636,0.6824986338615417,0.056145668029785156,0.9782316088676453,0.07220897823572159,0.9358003735542297,0.2319416105747223,0.9285945892333984,0.4586728513240814,0.5981499552726746,0.19562236964702606,1.0068373680114746,-0.09684617817401886,0.854569137096405
U19_v1,143,1,0.29207783937454224,0.283939927816391,-0.1701226532459259,0.9999240636825562,0.2886337637901306,0.26765304803848267,-0.15471218526363373,0.9998413324356079,0.28580597043037415,0.27125778794288635,-0.1546904742717743,0.9997796416282654,0.28264427185058594,0.26990512013435364,-0.15456366539001465,0.9998231530189514,0.2849535048007965,0.2667919397354126,-0.22456535696983337,0.99983811378479,0.27842286229133606,0.2651597559452057,-0.22461752593517303,0.9998176693916321,0.2730425298213959,0.2633536756038666,-0.22443105280399323,0.9998594522476196,0.24474522471427917,0.2658883035182953,-0.013348418287932873,0.9999237060546875,0.23427914083003998,0.26375430822372437,-0.3414791226387024,0.9999380111694336,0.2745392620563507,0.29728034138679504,-0.11290392279624939,0.9999285936355591,0.2670653164386749,0.295914888381958,-0.20579037070274353,0.9999489784240723,0.19149218499660492,0.33328917622566223,0.14141631126403809,0.9976465106010437,0.15946722030639648,0.3185029625892639,-0.4065514802932739,0.9996957778930664,0.27089858055114746,0.2159665822982788,0.39778804779052734,0.3873051106929779,0.26277458667755127,0.20933175086975098,-0.36951181292533875,0.994236946105957,0.2251357138156891,0.23892304301261902,0.5637688040733337,0.05616749823093414,0.21957147121429443,0.2553630769252777,0.3731888234615326,0.33485886454582214,0.16623952984809875,0.22033074498176575,0.5277034640312195,0.05207189545035362,0.2107475996017456,0.26322823762893677,0.4142056405544281,0.22784416377544403,0.2006133496761322,0.2540219724178314,0.5160218477249146,0.06013297662138939,0.19035811722278595,0.28349825739860535,0.41841256618499756,0.2264581024646759,0.20839643478393555,0.25877928733825684,0.5409884452819824,0.06627228111028671,0.19875967502593994,0.281004935503006,0.3856653869152069,0.275150865316391,0.15150649845600128,0.5937365293502808,0.23486223816871643,0.997612476348877,0.1541198492050171,0.5976558923721313,-0.23507335782051086,0.999203622341156,0.18186987936496735,0.7587238550186157,0.3984156847000122,0.29754072427749634,0.16827407479286194,0.7815905809402466,0.0055040474981069565,0.9798965454101562,0.12863564491271973,0.9117993712425232,0.5813277363777161,0.6369791626930237,0.09735659509897232,0.9572879672050476,0.164514422416687,0.9630772471427917,0.09580445289611816,0.9359538555145264,0.5951807498931885,0.7888058423995972,0.06553929299116135,0.976148784160614,0.17747075855731964,0.9623777270317078,0.2322106510400772,0.9346227645874023,0.5240744948387146,0.721226692199707,0.20887503027915955,1.000716209411621,0.019169440492987633,0.9131574630737305
U19_v1,144,1,0.3058300018310547,0.28780052065849304,-0.155063197016716,0.9999589920043945,0.3032384216785431,0.27098965644836426,-0.13581129908561707,0.9999107122421265,0.30013829469680786,0.2700137495994568,-0.13580894470214844,0.9998645782470703,0.2976902723312378,0.2689904570579529,-0.13570906221866608,0.999907374382019,0.29882991313934326,0.26973792910575867,-0.20090383291244507,0.9999096393585205,0.29341626167297363,0.26799312233924866,-0.20097804069519043,0.9998948574066162,0.2875286936759949,0.26600998640060425,-0.20077452063560486,0.9999282360076904,0.2564980983734131,0.26728925108909607,0.01484420895576477,0.999963641166687,0.24108046293258667,0.2634125351905823,-0.2951957583427429,0.9999582767486572,0.2878352105617523,0.30054956674575806,-0.09717724472284317,0.9999513626098633,0.28068357706069946,0.2983042299747467,-0.1857289969921112,0.9999642372131348,0.22480666637420654,0.34353911876678467,0.14572571218013763,0.9971283078193665,0.15532532334327698,0.32123863697052,-0.33910322189331055,0.9996589422225952,0.3265126943588257,0.24596768617630005,0.433086633682251,0.3742786645889282,0.2814856767654419,0.2115955650806427,-0.355173796415329,0.9931765794754028,0.22547674179077148,0.21217402815818787,0.6385458111763,0.05562163144350052,0.2012520134449005,0.20182034373283386,0.2704427242279053,0.38247713446617126,0.1720174252986908,0.20621708035469055,0.6005837917327881,0.04837070405483246,0.16612210869789124,0.20009469985961914,0.2856883108615875,0.2800559103488922,0.16891419887542725,0.21574091911315918,0.5959309339523315,0.054387178272008896,0.14966647326946259,0.21417182683944702,0.27605870366096497,0.27425628900527954,0.18116877973079681,0.2211078405380249,0.6195006370544434,0.06337779015302658,0.16026099026203156,0.21747875213623047,0.26945731043815613,0.3207840621471405,0.16463597118854523,0.5965112447738647,0.21097120642662048,0.9964284300804138,0.14582476019859314,0.5965218544006348,-0.21092259883880615,0.9988715052604675,0.19545294344425201,0.7561999559402466,0.3475777506828308,0.31563252210617065,0.1698569804430008,0.7810144424438477,-0.022796079516410828,0.9758398532867432,0.14122949540615082,0.9094106554985046,0.5005612373352051,0.5593521595001221,0.10429435968399048,0.95509934425354,0.09375090152025223,0.9493785500526428,0.11018408834934235,0.9285382032394409,0.5112029314041138,0.7292981147766113,0.06399399042129517,0.9759122133255005,0.10051700472831726,0.9461881518363953,0.2553732395172119,0.9359992742538452,0.4257301688194275,0.6828510761260986,0.19696012139320374,1.0073966979980469,-0.08494427055120468,0.9011355638504028
U19_v1,145,1,0.31352996826171875,0.29251664876937866,-0.14784833788871765,0.9999487400054932,0.31104475259780884,0.2750743627548218,-0.12936928868293762,0.9998959302902222,0.30928266048431396,0.27415207028388977,-0.12933142483234406,0.9998435974121094,0.30747145414352417,0.2730432450771332,-0.12921202182769775,0.9998921155929565,0.30577242374420166,0.2735332250595093,-0.19863192737102509,0.9998984336853027,0.29969167709350586,0.2714488208293915,-0.19875480234622955,0.9998786449432373,0.29307717084884644,0.2690580189228058,-0.19859208166599274,0.9999171495437622,0.2661830186843872,0.27047619223594666,0.018341965973377228,0.9999510049819946,0.2458135485649109,0.26581135392189026,-0.310430645942688,0.9999526739120483,0.29630157351493835,0.3055546283721924,-0.08979755640029907,0.9999414682388306,0.2868437170982361,0.30310139060020447,-0.1834501475095749,0.999958872795105,0.2286601960659027,0.3433983623981476,0.1539340615272522,0.9968611001968384,0.15487895905971527,0.32491394877433777,-0.36239713430404663,0.9996321201324463,0.32173264026641846,0.24439650774002075,0.43393105268478394,0.3677700459957123,0.2853301763534546,0.217131108045578,-0.3522482216358185,0.9919852018356323,0.233671635389328,0.23463860154151917,0.6280551552772522,0.05203985050320625,0.2037360519170761,0.21403571963310242,0.3475342392921448,0.2965714931488037,0.1694675087928772,0.21415334939956665,0.5918909311294556,0.046578966081142426,0.16704142093658447,0.21665024757385254,0.37708163261413574,0.21439900994300842,0.16783222556114197,0.22327443957328796,0.5834965109825134,0.0529513843357563,0.14664007723331451,0.2362869679927826,0.3710020184516907,0.2122257947921753,0.1931460201740265,0.23088333010673523,0.6069790124893188,0.06119959428906441,0.16135276854038239,0.25899654626846313,0.35149940848350525,0.2591673731803894,0.16614548861980438,0.6002006530761719,0.22112666070461273,0.9969995617866516,0.14684416353702545,0.6033561825752258,-0.22114957869052887,0.9990636706352234,0.188914492726326,0.7649075984954834,0.3683542311191559,0.3494812548160553,0.17081186175346375,0.7847007513046265,-0.009821704588830471,0.9795790910720825,0.13682542741298676,0.9126166105270386,0.5392498970031738,0.6226402521133423,0.10020974278450012,0.9653497934341431,0.1292366087436676,0.9590495824813843,0.10283442586660385,0.9437148571014404,0.55228590965271,0.7686836123466492,0.06879360228776932,0.9841345548629761,0.13772380352020264,0.9552360773086548,0.2554886043071747,0.9404613971710205,0.4672835171222687,0.7259365320205688,0.2021353393793106,1.0110981464385986,-0.04947204515337944,0.912947416305542
U19_v1,146,1,0.3203924298286438,0.2981094717979431,-0.14813068509101868,0.9999291896820068,0.3197193741798401,0.2806617021560669,-0.13128486275672913,0.9998513460159302,0.3181876838207245,0.27964791655540466,-0.13126833736896515,0.999778687953949,0.3167192339897156,0.27858424186706543,-0.13114207983016968,0.9998432397842407,0.3139798939228058,0.2790452241897583,-0.19910360872745514,0.9998568296432495,0.3080971837043762,0.2768455743789673,-0.19922371208667755,0.999832034111023,0.3016245365142822,0.274513840675354,-0.19906942546367645,0.9998841285705566,0.27540743350982666,0.27469387650489807,0.008211235515773296,0.9999330043792725,0.25413790345191956,0.27076682448387146,-0.31310272216796875,0.999932050704956,0.3009234666824341,0.3105866014957428,-0.0929092988371849,0.9999126195907593,0.29132378101348877,0.3081354796886444,-0.1844891756772995,0.9999407529830933,0.23006471991539001,0.3463892340660095,0.13389016687870026,0.9961448907852173,0.16267800331115723,0.32840636372566223,-0.3623606860637665,0.9995612502098083,0.33767277002334595,0.24382176995277405,0.4119182825088501,0.3465676009654999,0.287900447845459,0.2168450951576233,-0.3675248622894287,0.9905648231506348,0.2317710518836975,0.21763554215431213,0.6047484278678894,0.05340980365872383,0.2144397497177124,0.21349430084228516,0.29242002964019775,0.3247462809085846,0.1746203601360321,0.20868700742721558,0.5648457407951355,0.04914046823978424,0.1734718531370163,0.2148110568523407,0.3139810860157013,0.2403765171766281,0.17072713375091553,0.21565797924995422,0.5543860793113708,0.054888106882572174,0.15457548201084137,0.2243993580341339,0.3071690499782562,0.23588071763515472,0.183905228972435,0.22737067937850952,0.5828830599784851,0.06387359648942947,0.16678035259246826,0.22792965173721313,0.2944079339504242,0.28162968158721924,0.17035090923309326,0.6000896692276001,0.2188413441181183,0.9959474205970764,0.1551409214735031,0.6040475368499756,-0.2188820242881775,0.9988439083099365,0.19868625700473785,0.7618176937103271,0.3657629191875458,0.29976123571395874,0.17746329307556152,0.7841388583183289,-0.019375547766685486,0.9761799573898315,0.14407721161842346,0.9069991707801819,0.5357853770256042,0.5526264905929565,0.10989107191562653,0.9639339447021484,0.10800011456012726,0.9531192183494568,0.11282140016555786,0.92637699842453,0.5479704141616821,0.7254601716995239,0.06575974822044373,0.9812697768211365,0.11461357027292252,0.9506073594093323,0.25516873598098755,0.9371345043182373,0.4665113389492035,0.6764825582504272,0.21173036098480225,1.0107524394989014,-0.07421126961708069,0.9020888209342957
U19_v1,147,1,0.321089506149292,0.29715055227279663,-0.1565285474061966,0.9999260902404785,0.3204921782016754,0.27946949005126953,-0.1402769535779953,0.9998481273651123,0.31870025396347046,0.27844223380088806,-0.14027586579322815,0.9997712969779968,0.31685352325439453,0.27733519673347473,-0.1401824951171875,0.9998416900634766,0.31555426120758057,0.27805095911026,-0.20852288603782654,0.9998502731323242,0.3100036382675171,0.2759847342967987,-0.20861569046974182,0.9998252987861633,0.3037642240524292,0.2737322151660919,-0.2084263265132904,0.9998809099197388,0.27646005153656006,0.27372872829437256,0.00018381497648078948,0.9999349117279053,0.2571808695793152,0.2700044810771942,-0.32300877571105957,0.9999284744262695,0.3006882667541504,0.30958154797554016,-0.10060978680849075,0.9999129772186279,0.29181188344955444,0.307271808385849,-0.19284237921237946,0.9999402761459351,0.23059576749801636,0.3452395498752594,0.12835873663425446,0.996148943901062,0.1602305769920349,0.32742083072662354,-0.3673166334629059,0.9995595812797546,0.34095674753189087,0.2454921305179596,0.42958569526672363,0.3229176700115204,0.2827340066432953,0.22005876898765564,-0.3877650201320648,0.9903970956802368,0.23006153106689453,0.21834886074066162,0.642786979675293,0.04979236423969269,0.2110024094581604,0.20777246356010437,0.23314666748046875,0.35305219888687134,0.17643071711063385,0.20915940403938293,0.6048065423965454,0.04640987142920494,0.1633344292640686,0.20557326078414917,0.2462407350540161,0.2665119171142578,0.1722126454114914,0.2172175645828247,0.5928642153739929,0.05196450650691986,0.1546824425458908,0.2196066677570343,0.23756715655326843,0.2617269456386566,0.1851326823234558,0.22401094436645508,0.6211603283882141,0.06078643724322319,0.1664179563522339,0.2230566442012787,0.23312701284885406,0.30471959710121155,0.16769945621490479,0.6003618836402893,0.21814072132110596,0.9964606165885925,0.15360048413276672,0.6042816042900085,-0.21814680099487305,0.9989545345306396,0.19723770022392273,0.7611494064331055,0.36776089668273926,0.2959834933280945,0.17779195308685303,0.7830572128295898,-0.00893228966742754,0.9765778183937073,0.14374907314777374,0.9065274000167847,0.54013991355896,0.5516224503517151,0.11052440106868744,0.9620558023452759,0.12544232606887817,0.9538748264312744,0.11042776703834534,0.9357556104660034,0.5523903965950012,0.7292644381523132,0.0792081207036972,0.9816899299621582,0.13282255828380585,0.9515990018844604,0.2552688717842102,0.9356646537780762,0.47036391496658325,0.6795756220817566,0.2143334150314331,1.0069423913955688,-0.05150485038757324,0.9069910645484924
U19_v1,148,1,0.31675082445144653,0.3028195798397064,-0.16894057393074036,0.9999459981918335,0.31660908460617065,0.2835978865623474,-0.15610946714878082,0.9998863935470581,0.315254271030426,0.2825545370578766,-0.15609675645828247,0.9998340606689453,0.31392866373062134,0.2815357744693756,-0.15600621700286865,0.9998737573623657,0.3109912872314453,0.28183820843696594,-0.21672436594963074,0.9998810291290283,0.3052939772605896,0.2795439660549164,-0.21672353148460388,0.9998612403869629,0.29870158433914185,0.2771216928958893,-0.21651418507099152,0.999894380569458,0.2768808603286743,0.27685174345970154,-0.018501698970794678,0.9999500513076782,0.25472453236579895,0.2724100649356842,-0.30870258808135986,0.9999436140060425,0.2982516288757324,0.31262722611427307,-0.11310109496116638,0.9999405145645142,0.28970664739608765,0.3107125461101532,-0.19564194977283478,0.9999566078186035,0.21983256936073303,0.34765154123306274,0.11581644415855408,0.9979060888290405,0.1646987795829773,0.3286963701248169,-0.343180388212204,0.9996862411499023,0.30424416065216064,0.24579453468322754,0.4054347276687622,0.37570926547050476,0.28050699830055237,0.21567901968955994,-0.38663819432258606,0.9902245402336121,0.23722901940345764,0.23964110016822815,0.6011605858802795,0.08129175752401352,0.2297855168581009,0.22139319777488708,0.18232356011867523,0.3978453278541565,0.1810280978679657,0.21768122911453247,0.5617196559906006,0.07568147033452988,0.1970585435628891,0.22172138094902039,0.19744206964969635,0.3022865056991577,0.17969483137130737,0.22010305523872375,0.5523478984832764,0.08448054641485214,0.17938461899757385,0.23339465260505676,0.1889532208442688,0.2970777451992035,0.19181545078754425,0.23262885212898254,0.581874430179596,0.09372027963399887,0.18957513570785522,0.23649591207504272,0.18359100818634033,0.3405230641365051,0.1680435985326767,0.6010921001434326,0.2041957825422287,0.9964469075202942,0.1590500771999359,0.6035608053207397,-0.20438092947006226,0.9988927245140076,0.1998782753944397,0.7607827186584473,0.35823747515678406,0.36063894629478455,0.1818728744983673,0.785157322883606,-0.011617990210652351,0.9749231338500977,0.1565362811088562,0.9106696248054504,0.5043101906776428,0.6301693916320801,0.11151157319545746,0.957626223564148,0.11098639667034149,0.9532141089439392,0.11882444471120834,0.9339526295661926,0.5126202702522278,0.7869774103164673,0.07874386757612228,0.9742680191993713,0.12001904845237732,0.9518642425537109,0.2360338270664215,0.9403122067451477,0.43639862537384033,0.7155697345733643,0.20451928675174713,1.0093986988067627,-0.033553361892700195,0.9029650688171387
U19_v1,149,1,0.31667351722717285,0.3030942380428314,-0.14657476544380188,0.9999504089355469,0.31507983803749084,0.2850421071052551,-0.13116846978664398,0.9998898506164551,0.31311461329460144,0.2840079367160797,-0.13119283318519592,0.9998270869255066,0.31138134002685547,0.2829039692878723,-0.1310969591140747,0.9998756647109985,0.31109559535980225,0.2836996018886566,-0.19231976568698883,0.9998928308486938,0.3058079183101654,0.28171414136886597,-0.19242168962955475,0.9998753070831299,0.29929035902023315,0.2794387936592102,-0.19227387011051178,0.9999138116836548,0.27183133363723755,0.278419554233551,0.0036136589478701353,0.9999523162841797,0.25361329317092896,0.2752786874771118,-0.2873536944389343,0.9999544620513916,0.29839280247688293,0.3120488226413727,-0.093118816614151,0.9999420642852783,0.29146111011505127,0.3105674684047699,-0.17612822353839874,0.9999599456787109,0.2308734953403473,0.3494737446308136,0.1293686479330063,0.9980886578559875,0.16901403665542603,0.33103883266448975,-0.33542194962501526,0.9997377991676331,0.3443608283996582,0.25527894496917725,0.39998549222946167,0.45191773772239685,0.3013334274291992,0.23029884696006775,-0.3349016606807709,0.9908945560455322,0.24989843368530273,0.2175934612751007,0.6057060360908508,0.0883227288722992,0.24105367064476013,0.22202414274215698,0.3059273958206177,0.4006804823875427,0.19202038645744324,0.21036863327026367,0.5675822496414185,0.07692606002092361,0.1925549954175949,0.21226650476455688,0.32903820276260376,0.2993618845939636,0.18528179824352264,0.2147200107574463,0.5683823227882385,0.08362102508544922,0.18543678522109985,0.23038128018379211,0.31324419379234314,0.29162657260894775,0.20411080121994019,0.2213514745235443,0.5900392532348633,0.09497304260730743,0.19638848304748535,0.23404690623283386,0.30464115738868713,0.3456062078475952,0.16708685457706451,0.6011027693748474,0.20614607632160187,0.9963477253913879,0.16173061728477478,0.6019666194915771,-0.20632541179656982,0.9985774755477905,0.2010275423526764,0.7609041929244995,0.3129900395870209,0.2513517141342163,0.1887253224849701,0.7815353274345398,-0.05552380532026291,0.9567679166793823,0.15086591243743896,0.916122317314148,0.4320715367794037,0.4440552592277527,0.11472396552562714,0.9531533122062683,0.03860531002283096,0.9097363352775574,0.11847752332687378,0.9333779215812683,0.4377491772174835,0.6351801156997681,0.07931040227413177,0.9780528545379639,0.0437585711479187,0.919188916683197,0.23442025482654572,0.9385727643966675,0.35444605350494385,0.5667820572853088,0.21250313520431519,0.9789868593215942,-0.12413445115089417,0.8438873887062073
U19_v1,150,1,0.3270346522331238,0.2995828092098236,-0.15976853668689728,0.9999368190765381,0.32164204120635986,0.28413987159729004,-0.144179567694664,0.9998486042022705,0.3192675709724426,0.2834036648273468,-0.1442144811153412,0.9997658133506775,0.3168580234050751,0.2826581597328186,-0.1441754400730133,0.9998329877853394,0.31735414266586304,0.2818242013454437,-0.2081116884946823,0.9998564720153809,0.3114978075027466,0.27999114990234375,-0.20815379917621613,0.9998461008071899,0.30526846647262573,0.27792832255363464,-0.20797134935855865,0.9998948574066162,0.2752595543861389,0.2804376482963562,-0.005617470480501652,0.9999483823776245,0.2607874274253845,0.27601197361946106,-0.30903521180152893,0.999946117401123,0.3069094717502594,0.3119412362575531,-0.10465925931930542,0.9999293088912964,0.29965686798095703,0.3105199933052063,-0.19131430983543396,0.9999481439590454,0.2312140166759491,0.35032111406326294,0.12761852145195007,0.9966610670089722,0.1803048700094223,0.33211854100227356,-0.34929758310317993,0.9996399879455566,0.3400978147983551,0.26122158765792847,0.43663597106933594,0.36633872985839844,0.3171001076698303,0.22822347283363342,-0.35491564869880676,0.9900224804878235,0.250398725271225,0.22151485085487366,0.679460346698761,0.048012200742959976,0.21452590823173523,0.21479502320289612,0.2619580924510956,0.3854304254055023,0.1963772475719452,0.21523991227149963,0.6488429307937622,0.042022883892059326,0.17481161653995514,0.21114447712898254,0.27551931142807007,0.28960150480270386,0.1900978982448578,0.22165697813034058,0.6531314253807068,0.04630689322948456,0.16716361045837402,0.2197478711605072,0.2600958049297333,0.28463107347488403,0.20484696328639984,0.22808006405830383,0.6654847860336304,0.054207369685173035,0.17513859272003174,0.22765812277793884,0.25793373584747314,0.33194175362586975,0.17899690568447113,0.6044402122497559,0.20850487053394318,0.9952176809310913,0.1658238172531128,0.6081876158714294,-0.20842278003692627,0.9982393980026245,0.20961520075798035,0.7642816305160522,0.34392496943473816,0.25373953580856323,0.18662288784980774,0.7917152643203735,-0.01629684492945671,0.9609058499336243,0.1653435081243515,0.9112341403961182,0.5021539330482483,0.41679421067237854,0.11591508984565735,0.9581340551376343,0.09549402445554733,0.9186034798622131,0.12972433865070343,0.9344415664672852,0.5131124258041382,0.6002581715583801,0.08289305120706558,0.9776498079299927,0.10254962742328644,0.9251154065132141,0.25506070256233215,0.9408546686172485,0.4351194500923157,0.5350037217140198,0.21825650334358215,0.977790355682373,-0.07428301125764847,0.8491154909133911
U19_v1,151,1,0.33347219228744507,0.29969537258148193,-0.18115797638893127,0.9999407529830933,0.32678544521331787,0.2854642868041992,-0.16800372302532196,0.9998631477355957,0.32438647747039795,0.2844489812850952,-0.16804064810276031,0.9997896552085876,0.32194361090660095,0.2832987308502197,-0.16800440847873688,0.9998428821563721,0.3230532705783844,0.28410181403160095,-0.22757329046726227,0.9998608827590942,0.31732267141342163,0.28208115696907043,-0.22761309146881104,0.9998536109924316,0.31163978576660156,0.2788124680519104,-0.2273949235677719,0.9998970031738281,0.27919524908065796,0.27947375178337097,-0.031879741698503494,0.9999533891677856,0.2655985355377197,0.27709513902664185,-0.31631869077682495,0.999943733215332,0.31532174348831177,0.3119930922985077,-0.1259189248085022,0.9999372959136963,0.30882543325424194,0.3106912076473236,-0.2069365382194519,0.9999504089355469,0.22323265671730042,0.3498043119907379,0.10029628872871399,0.9972211122512817,0.18890216946601868,0.33339646458625793,-0.3515915274620056,0.9996428489685059,0.3364076614379883,0.260737806558609,0.4301222562789917,0.34333786368370056,0.32867854833602905,0.2377758026123047,-0.36591267585754395,0.9876498579978943,0.25294363498687744,0.22170883417129517,0.6875102519989014,0.054342132061719894,0.22987119853496552,0.21454808115959167,0.23283140361309052,0.4403243064880371,0.20550787448883057,0.21504703164100647,0.6596817970275879,0.05138935148715973,0.18821878731250763,0.20915690064430237,0.2434931993484497,0.34961408376693726,0.19287851452827454,0.22075587511062622,0.6600925326347351,0.05623700097203255,0.17657102644443512,0.2164783477783203,0.21960695087909698,0.34364190697669983,0.20836392045021057,0.2273949682712555,0.6736577749252319,0.06465286761522293,0.18359464406967163,0.22229653596878052,0.22552001476287842,0.38813191652297974,0.1753854602575302,0.6075961589813232,0.20427967607975006,0.9965331554412842,0.17410193383693695,0.6121352314949036,-0.20428450405597687,0.9987491369247437,0.21310845017433167,0.7716686129570007,0.36053046584129333,0.2932867407798767,0.18483984470367432,0.7995080351829529,0.007161264307796955,0.9669188857078552,0.16634075343608856,0.9153907299041748,0.5195175409317017,0.4993250072002411,0.1072673499584198,0.9651494026184082,0.12322445958852768,0.9421254992485046,0.12687988579273224,0.9380024671554565,0.530256986618042,0.6793752908706665,0.07334265112876892,0.979526162147522,0.13131138682365417,0.9415716528892517,0.24819904565811157,0.9424046277999878,0.45675092935562134,0.60490882396698,0.22694998979568481,1.0100047588348389,-0.03799128904938698,0.8844952583312988
U19_v1,152,1,0.3325108289718628,0.29944926500320435,-0.1599387377500534,0.9999587535858154,0.32615214586257935,0.2825564444065094,-0.14242634177207947,0.9998995065689087,0.32354798913002014,0.2816796898841858,-0.14245223999023438,0.9998446702957153,0.32100749015808105,0.28063490986824036,-0.1424456536769867,0.9998925924301147,0.3221360445022583,0.28093382716178894,-0.20545753836631775,0.9999039173126221,0.3164253830909729,0.2788923382759094,-0.20546138286590576,0.9998941421508789,0.30909228324890137,0.2764262855052948,-0.20527887344360352,0.9999297857284546,0.27873528003692627,0.27906689047813416,0.002252271631732583,0.9999631643295288,0.262151300907135,0.27571001648902893,-0.29757821559906006,0.9999614953994751,0.31353598833084106,0.31245821714401245,-0.1027643084526062,0.99994957447052,0.3064580261707306,0.31094831228256226,-0.1885192096233368,0.9999616146087646,0.24405688047409058,0.35246825218200684,0.1366119086742401,0.9970014691352844,0.17494367063045502,0.3345809578895569,-0.33480772376060486,0.9996401071548462,0.3638167679309845,0.2665209472179413,0.44654834270477295,0.3610997200012207,0.32575660943984985,0.2359805405139923,-0.338373064994812,0.9893775582313538,0.26194900274276733,0.22549200057983398,0.7017024159431458,0.0516887828707695,0.2330441176891327,0.21996578574180603,0.2940366268157959,0.38487300276756287,0.21247440576553345,0.21945109963417053,0.6738475561141968,0.044438011944293976,0.19152085483074188,0.2158164381980896,0.31223663687705994,0.2917460799217224,0.20675231516361237,0.22663983702659607,0.6835384368896484,0.04858031123876572,0.18065783381462097,0.22378581762313843,0.2981046736240387,0.2845798432826996,0.2173043042421341,0.23233634233474731,0.690157949924469,0.05724748224020004,0.1894015371799469,0.22766241431236267,0.2912340760231018,0.3288407623767853,0.1910204291343689,0.6086984276771545,0.20381812751293182,0.9960736036300659,0.16551798582077026,0.6129531264305115,-0.20365537703037262,0.998570442199707,0.22103643417358398,0.7710607647895813,0.34174975752830505,0.4433950185775757,0.18158471584320068,0.8013024926185608,-0.0164956022053957,0.981016218662262,0.170182466506958,0.9165308475494385,0.5015727281570435,0.6360769271850586,0.10856367647647858,0.9645154476165771,0.09716483950614929,0.9586440324783325,0.1346970498561859,0.9408073425292969,0.5121827721595764,0.7295220494270325,0.07663465291261673,0.9833893775939941,0.10375237464904785,0.9431600570678711,0.26946771144866943,0.9453770518302917,0.42457181215286255,0.7151257991790771,0.21700289845466614,0.9786098599433899,-0.08235903084278107,0.9141280055046082
U19_v1,153,1,0.33561521768569946,0.2991802394390106,-0.1341143697500229,0.9999585151672363,0.32950350642204285,0.2817562520503998,-0.11580881476402283,0.9998986721038818,0.326988160610199,0.281080424785614,-0.11581240594387054,0.9998375177383423,0.32429954409599304,0.2803632318973541,-0.11578954756259918,0.9998948574066162,0.32450684905052185,0.27966347336769104,-0.1838684231042862,0.9999043941497803,0.3181719183921814,0.2774573266506195,-0.18388943374156952,0.9998874664306641,0.31020963191986084,0.2749582529067993,-0.1837427169084549,0.9999281167984009,0.28190961480140686,0.2807973027229309,0.02611306495964527,0.999962568283081,0.26554328203201294,0.2759087085723877,-0.2958105802536011,0.9999603033065796,0.3159162402153015,0.31307336688041687,-0.07817884534597397,0.9999501705169678,0.30873045325279236,0.30914580821990967,-0.17065289616584778,0.9999624490737915,0.24715840816497803,0.3554554283618927,0.16139400005340576,0.9966973066329956,0.17961405217647552,0.33734384179115295,-0.33685311675071716,0.9996260404586792,0.355241060256958,0.2690923511981964,0.49090394377708435,0.364492803812027,0.31364744901657104,0.23231065273284912,-0.31324177980422974,0.9899041056632996,0.2681298553943634,0.23135924339294434,0.77602618932724,0.05139854550361633,0.2367953062057495,0.22485226392745972,0.3716864287853241,0.34919434785842896,0.21491004526615143,0.22424158453941345,0.7567153573036194,0.043463803827762604,0.19139233231544495,0.22090595960617065,0.39688223600387573,0.25374993681907654,0.20934823155403137,0.23277518153190613,0.7640335559844971,0.04693084582686424,0.18152284622192383,0.23074740171432495,0.3924042880535126,0.2425048053264618,0.2214261144399643,0.23972037434577942,0.7641956806182861,0.05681635066866875,0.1797344982624054,0.25814101099967957,0.3737295866012573,0.2862771451473236,0.19514846801757812,0.6088070273399353,0.20444080233573914,0.9950652718544006,0.16913624107837677,0.6112548112869263,-0.20442116260528564,0.9981011748313904,0.22260840237140656,0.7722946405410767,0.3370397388935089,0.3947707414627075,0.18450966477394104,0.803476870059967,-0.028453420847654343,0.9717593789100647,0.17275269329547882,0.9182239174842834,0.5023288726806641,0.5458105802536011,0.1099204421043396,0.9684165716171265,0.08315517008304596,0.939558744430542,0.1378479152917862,0.9388784170150757,0.5147159695625305,0.6559913158416748,0.07764409482479095,0.9828380346298218,0.08976678550243378,0.9247236847877502,0.2704233229160309,0.9475567936897278,0.42714637517929077,0.6445520520210266,0.22496247291564941,1.0219767093658447,-0.10526160150766373,0.879748523235321
U19_v1,154,1,0.3342016637325287,0.3004318177700043,-0.1553308218717575,0.9999662637710571,0.32665666937828064,0.2830902338027954,-0.13948045670986176,0.9999120235443115,0.3238680362701416,0.2822105884552002,-0.13950426876544952,0.9998612403869629,0.3209668695926666,0.2811238765716553,-0.13946972787380219,0.9999021291732788,0.3224409520626068,0.2814403176307678,-0.2021598070859909,0.9999129772186279,0.3164372444152832,0.2794645130634308,-0.20218537747859955,0.9999047517776489,0.30823683738708496,0.27695828676223755,-0.20199719071388245,0.9999368190765381,0.27831465005874634,0.280219167470932,-1.9885428628185764e-05,0.9999690055847168,0.2623099684715271,0.2776409089565277,-0.29738157987594604,0.9999692440032959,0.31536024808883667,0.31326809525489807,-0.10038555413484573,0.9999595880508423,0.3084561824798584,0.31176549196243286,-0.1853923201560974,0.9999688863754272,0.24059686064720154,0.35314616560935974,0.13414780795574188,0.9976061582565308,0.19014587998390198,0.3387310206890106,-0.3353462219238281,0.9997209906578064,0.3516181707382202,0.26535505056381226,0.4533458352088928,0.3956243395805359,0.3286413550376892,0.23874175548553467,-0.29710593819618225,0.990909993648529,0.26231491565704346,0.22764071822166443,0.7372748851776123,0.04839915782213211,0.23624253273010254,0.22540074586868286,0.4068041145801544,0.36094242334365845,0.20791679620742798,0.22145822644233704,0.7110273241996765,0.04084281995892525,0.19514206051826477,0.22026357054710388,0.43207859992980957,0.2599247097969055,0.20130829513072968,0.2277790904045105,0.7186771631240845,0.044870615005493164,0.1845509260892868,0.2287043333053589,0.4211076498031616,0.25337475538253784,0.21762391924858093,0.234258770942688,0.7242701649665833,0.05346400663256645,0.191744863986969,0.23832917213439941,0.4054296016693115,0.3032929301261902,0.19139309227466583,0.6130037307739258,0.20573274791240692,0.9958308339118958,0.17356322705745697,0.615622878074646,-0.20574960112571716,0.998347282409668,0.2193223237991333,0.7823349237442017,0.3454502820968628,0.3380337059497833,0.18871665000915527,0.8080142736434937,-0.01123346108943224,0.972734808921814,0.16860632598400116,0.9302170872688293,0.5036584734916687,0.5271055698394775,0.10876108705997467,0.975298285484314,0.0938759446144104,0.9423730373382568,0.12924227118492126,0.9532157182693481,0.5152567625045776,0.6549811363220215,0.07559266686439514,0.988427996635437,0.10073653608560562,0.9294984340667725,0.26277461647987366,0.9548237323760986,0.4346049726009369,0.6349925994873047,0.22945912182331085,1.0338428020477295,-0.08352360129356384,0.8847614526748657
U19_v1,155,1,0.3375500440597534,0.30959442257881165,-0.16557705402374268,0.9999512434005737,0.3308398425579071,0.2924264967441559,-0.14938145875930786,0.9998853206634521,0.3285517692565918,0.2915995717048645,-0.14942558109760284,0.9998148083686829,0.3256452977657318,0.29056403040885925,-0.1494051069021225,0.9998670816421509,0.32472676038742065,0.2906683385372162,-0.21303297579288483,0.9998927116394043,0.3179919123649597,0.28865334391593933,-0.21310016512870789,0.9998831748962402,0.3106435537338257,0.2864430248737335,-0.21295897662639618,0.9999239444732666,0.2844558358192444,0.28743019700050354,-0.00944097526371479,0.9999573230743408,0.2655071020126343,0.2844427525997162,-0.31143513321876526,0.9999600648880005,0.32179951667785645,0.32066062092781067,-0.10885002464056015,0.999937891960144,0.3129574656486511,0.319227397441864,-0.19520162045955658,0.9999532699584961,0.24071884155273438,0.356738805770874,0.12253468483686447,0.9973434805870056,0.19072477519512177,0.34240755438804626,-0.34930214285850525,0.9996693134307861,0.3583129644393921,0.26472562551498413,0.44722968339920044,0.3804543912410736,0.33852511644363403,0.24368321895599365,-0.32314640283584595,0.9853807091712952,0.26197704672813416,0.22823572158813477,0.7190186381340027,0.06861449033021927,0.23863695561885834,0.22200042009353638,0.3399689793586731,0.41388869285583496,0.2148715853691101,0.2200009822845459,0.6942213773727417,0.060880061239004135,0.197544127702713,0.21490129828453064,0.3596803843975067,0.3240898847579956,0.2053491175174713,0.22630882263183594,0.7022441029548645,0.06541595607995987,0.18395017087459564,0.22281038761138916,0.33912715315818787,0.31731462478637695,0.21585649251937866,0.23142656683921814,0.7071980834007263,0.0756358951330185,0.19223837554454803,0.22933951020240784,0.3348437249660492,0.3654468059539795,0.1896039843559265,0.6176745891571045,0.20577985048294067,0.9965716600418091,0.17310459911823273,0.6229426860809326,-0.20585504174232483,0.9986649751663208,0.2216341644525528,0.7818760871887207,0.3664000332355499,0.37983137369155884,0.19373342394828796,0.8116919994354248,-0.004219855181872845,0.9697643518447876,0.16853415966033936,0.9280990362167358,0.5388215184211731,0.5399091839790344,0.10873692482709885,0.9756290912628174,0.11295337975025177,0.9397093653678894,0.13294655084609985,0.9447765350341797,0.5511563420295715,0.6544906497001648,0.07488226145505905,0.9895799160003662,0.12013761699199677,0.925669252872467,0.2643255889415741,0.9553338289260864,0.4694437086582184,0.6325477361679077,0.22973299026489258,1.0306023359298706,-0.07021789252758026,0.8766299486160278
U19_v1,156,1,0.33975160121917725,0.3094789683818817,-0.16875781118869781,0.9999048709869385,0.32976245880126953,0.2921033203601837,-0.15680059790611267,0.9997900128364563,0.3262815475463867,0.29097190499305725,-0.1568566858768463,0.9996821880340576,0.32263314723968506,0.2896116375923157,-0.15683607757091522,0.9997648596763611,0.3262821137905121,0.2911655902862549,-0.22092676162719727,0.9997883439064026,0.3202221989631653,0.2894671559333801,-0.2209460735321045,0.9997685551643372,0.3136935830116272,0.28747016191482544,-0.22077636420726776,0.99983811378479,0.2803288698196411,0.2879832088947296,-0.030269410461187363,0.9999278783798218,0.2700207829475403,0.2864328920841217,-0.33495521545410156,0.9999171495437622,0.3205665051937103,0.3201598823070526,-0.11695607006549835,0.999900221824646,0.31496551632881165,0.3188948929309845,-0.20365983247756958,0.9999208450317383,0.2280147224664688,0.3529994487762451,0.0960872620344162,0.9968982934951782,0.20116832852363586,0.3415240943431854,-0.3743428885936737,0.9995383024215698,0.3352503478527069,0.2602696418762207,0.4179757833480835,0.3245254456996918,0.3375176787376404,0.2445286214351654,-0.37089407444000244,0.9843258261680603,0.2473955601453781,0.2269381880760193,0.6749598383903503,0.05296441912651062,0.23103663325309753,0.22500202059745789,0.2875027656555176,0.35866138339042664,0.20525909960269928,0.22167804837226868,0.6414954662322998,0.04953669756650925,0.19033661484718323,0.22059428691864014,0.3070509433746338,0.28031831979751587,0.194990336894989,0.22892332077026367,0.640066921710968,0.05453278496861458,0.17772124707698822,0.22885456681251526,0.2873058021068573,0.27814412117004395,0.20845308899879456,0.2346411943435669,0.6579433679580688,0.062389686703681946,0.18577255308628082,0.23501572012901306,0.2827877104282379,0.32439684867858887,0.19087709486484528,0.6174224019050598,0.2105797827243805,0.995381772518158,0.18059633672237396,0.6225283741950989,-0.21060946583747864,0.9982656836509705,0.22727806866168976,0.784156322479248,0.37490764260292053,0.3207918405532837,0.20028474926948547,0.8134628534317017,0.005936654284596443,0.9650017619132996,0.1706889271736145,0.9289325475692749,0.5579837560653687,0.49009251594543457,0.11445030570030212,0.9768229722976685,0.13452239334583282,0.9244638681411743,0.12848231196403503,0.9542914628982544,0.5708203911781311,0.6378282308578491,0.07654471695423126,0.9896914958953857,0.1435558795928955,0.9216422438621521,0.267454594373703,0.959133505821228,0.4965706467628479,0.5748147368431091,0.230772465467453,1.0329923629760742,-0.03267555683851242,0.8479781150817871
U19_v1,157,1,0.3439215421676636,0.3177037239074707,-0.15310338139533997,0.9998711347579956,0.3359079360961914,0.3001198470592499,-0.13914157450199127,0.999737560749054,0.3316607177257538,0.29875674843788147,-0.13920722901821136,0.9995999932289124,0.32762518525123596,0.2972961962223053,-0.13920630514621735,0.9997119307518005,0.3302914500236511,0.2988852262496948,-0.20545947551727295,0.9997445940971375,0.3232717514038086,0.29688212275505066,-0.20547914505004883,0.9997240900993347,0.3153882920742035,0.29464977979660034,-0.20530173182487488,0.9998014569282532,0.2802921235561371,0.2925163805484772,-0.007656477857381105,0.999903678894043,0.2670053243637085,0.2915288209915161,-0.3234170973300934,0.9998807907104492,0.3238601088523865,0.32793325185775757,-0.09824816137552261,0.9998511075973511,0.3156941533088684,0.32732629776000977,-0.18845272064208984,0.9998890161514282,0.22098886966705322,0.3541920781135559,0.11559779942035675,0.9962871074676514,0.20330995321273804,0.3464561104774475,-0.3584001958370209,0.9994207620620728,0.33446455001831055,0.26669326424598694,0.44760504364967346,0.2699989378452301,0.3361268639564514,0.25387200713157654,-0.3933357000350952,0.976842999458313,0.24504537880420685,0.22907587885856628,0.6714539527893066,0.07190468162298203,0.22265726327896118,0.22662609815597534,0.16011127829551697,0.457119345664978,0.20744819939136505,0.2207440733909607,0.6380370855331421,0.0720362588763237,0.18308192491531372,0.21841323375701904,0.1687425971031189,0.39346009492874146,0.1923685073852539,0.22741293907165527,0.6357827186584473,0.07762560993432999,0.17499548196792603,0.22594934701919556,0.1357785314321518,0.3886433243751526,0.20737963914871216,0.23350834846496582,0.6562371850013733,0.08574681729078293,0.182759091258049,0.23303347826004028,0.15009157359600067,0.42708340287208557,0.18327386677265167,0.6209684014320374,0.2091231346130371,0.9964411854743958,0.17698751389980316,0.6299806237220764,-0.20926952362060547,0.9985711574554443,0.22574087977409363,0.7882632613182068,0.37459301948547363,0.3878651559352875,0.2035435140132904,0.8162394762039185,-0.0029652933590114117,0.9646089673042297,0.1701190173625946,0.9292052388191223,0.5549632906913757,0.5570680499076843,0.10878860205411911,0.9783565998077393,0.12973131239414215,0.9273358583450317,0.12762875854969025,0.9513955116271973,0.5663130283355713,0.6811352968215942,0.07386172562837601,0.9891732931137085,0.13902166485786438,0.9197674989700317,0.2542799711227417,0.9585691094398499,0.4930495619773865,0.6350035071372986,0.21632027626037598,1.0323659181594849,-0.032372768968343735,0.8660596013069153
U19_v1,158,1,0.330394446849823,0.32376739382743835,-0.14716750383377075,0.9999020099639893,0.3252796530723572,0.30650681257247925,-0.13369625806808472,0.9997896552085876,0.32271111011505127,0.30515190958976746,-0.1338098645210266,0.9996898174285889,0.3188781440258026,0.30347397923469543,-0.13383610546588898,0.9997627139091492,0.3176644444465637,0.305461585521698,-0.1991700977087021,0.9997983574867249,0.3103479743003845,0.30333414673805237,-0.19912947714328766,0.9998003840446472,0.30267244577407837,0.3009125888347626,-0.19892071187496185,0.9998440742492676,0.27662530541419983,0.2981226444244385,0.007254899013787508,0.9999222755432129,0.2602494955062866,0.29658985137939453,-0.3042965829372406,0.9999127388000488,0.3111106753349304,0.3334977626800537,-0.08661749213933945,0.9998776912689209,0.30123668909072876,0.3328554630279541,-0.17581036686897278,0.9999072551727295,0.21119903028011322,0.35671716928482056,0.1512606143951416,0.9973495006561279,0.20789676904678345,0.3480626940727234,-0.3411339223384857,0.999596893787384,0.32167917490005493,0.2745685577392578,0.467892050743103,0.2690064311027527,0.3542519807815552,0.2593371868133545,-0.38978520035743713,0.9807764887809753,0.25058847665786743,0.2323831021785736,0.6644560694694519,0.08782301843166351,0.23639315366744995,0.22609642148017883,0.10952487587928772,0.6005572080612183,0.20031686127185822,0.22219917178153992,0.6324425339698792,0.08834328502416611,0.1900976598262787,0.21790814399719238,0.11122950166463852,0.5327872633934021,0.19126228988170624,0.2297644019126892,0.6344432830810547,0.09439466148614883,0.1763981431722641,0.2248745560646057,0.07004112005233765,0.5269242525100708,0.201705202460289,0.23505452275276184,0.6517412662506104,0.10178948938846588,0.18305018544197083,0.23176822066307068,0.09644557535648346,0.5549341440200806,0.18482859432697296,0.6204813122749329,0.21169044077396393,0.9970495700836182,0.17980913817882538,0.6297627687454224,-0.21166329085826874,0.9985712766647339,0.23050075769424438,0.7899035811424255,0.3373534381389618,0.4500311315059662,0.20837873220443726,0.8127462267875671,-0.026201345026493073,0.9737662672996521,0.1656484156847,0.9310154914855957,0.4684162437915802,0.6164289712905884,0.11172562837600708,0.9761945605278015,0.051173437386751175,0.9506316781044006,0.12843884527683258,0.9546158909797668,0.47405216097831726,0.7264944911003113,0.08010626584291458,0.9911016225814819,0.05400751158595085,0.9400758743286133,0.26434051990509033,0.9576072096824646,0.3982870578765869,0.6966158747673035,0.2325710952281952,1.0278838872909546,-0.1181982010602951,0.9097940921783447
U19_v1,159,1,0.33110153675079346,0.3237144947052002,-0.1652633100748062,0.9997871518135071,0.32387974858283997,0.3052225708961487,-0.15265081822872162,0.9995786547660828,0.3211003541946411,0.30387750267982483,-0.15276065468788147,0.9993877410888672,0.3176572322845459,0.3023611903190613,-0.15277127921581268,0.9995384216308594,0.3165302276611328,0.30433711409568787,-0.21966665983200073,0.9995934367179871,0.30895906686782837,0.3024177551269531,-0.21963375806808472,0.9995954632759094,0.3009173572063446,0.3002992570400238,-0.2194252759218216,0.9996927976608276,0.2729026675224304,0.29875388741493225,-0.015041425824165344,0.999840259552002,0.25802499055862427,0.29795604944229126,-0.332817405462265,0.999810516834259,0.31223058700561523,0.33383268117904663,-0.10587900131940842,0.9997507929801941,0.30247366428375244,0.33328479528427124,-0.19661270081996918,0.9998065829277039,0.2169881910085678,0.35868388414382935,0.12448079884052277,0.9956075549125671,0.20576485991477966,0.3520914316177368,-0.3742414712905884,0.9991914629936218,0.3317171335220337,0.2728726267814636,0.41673779487609863,0.2438618242740631,0.34953242540359497,0.26057448983192444,-0.4454989433288574,0.9725449681282043,0.24723009765148163,0.22855675220489502,0.5769257545471191,0.07560312002897263,0.2292589247226715,0.22410252690315247,0.026629645377397537,0.5229917168617249,0.20272578299045563,0.21822041273117065,0.5337718725204468,0.07720336318016052,0.18584047257900238,0.21431434154510498,0.021743880584836006,0.4625086486339569,0.19308887422084808,0.2255869209766388,0.5317741632461548,0.08250612020492554,0.17102307081222534,0.22435542941093445,-0.016741778701543808,0.4546617865562439,0.20355282723903656,0.2343246042728424,0.5607384443283081,0.09054289013147354,0.17917442321777344,0.22874051332473755,0.01362121943384409,0.48417091369628906,0.1828830987215042,0.6248159408569336,0.21042151749134064,0.9954981803894043,0.18687734007835388,0.6348670721054077,-0.21041277050971985,0.9979119896888733,0.22237157821655273,0.7958226799964905,0.34540656208992004,0.39852672815322876,0.20767375826835632,0.8240247964859009,-0.027601705864071846,0.9645861387252808,0.15722286701202393,0.9351281523704529,0.4866076409816742,0.5519397854804993,0.10941428691148758,0.9826308488845825,0.06773221492767334,0.927436351776123,0.11963821947574615,0.9582977294921875,0.4929156005382538,0.6876482963562012,0.08065921068191528,0.9952408075332642,0.07281331717967987,0.9264704585075378,0.26371681690216064,0.9599183797836304,0.4202888607978821,0.6254033446311951,0.22733674943447113,1.03114914894104,-0.09278665482997894,0.8704457879066467
U19_v1,160,1,0.3195558786392212,0.31595996022224426,-0.161180779337883,0.9998332262039185,0.3068600594997406,0.29690560698509216,-0.1455627828836441,0.9996374845504761,0.3036632537841797,0.2959469258785248,-0.14569440484046936,0.999451220035553,0.30021369457244873,0.29488837718963623,-0.14574705064296722,0.9996030926704407,0.3023985028266907,0.2960803508758545,-0.2122422754764557,0.9996718168258667,0.29618844389915466,0.29477569460868835,-0.21222057938575745,0.9996713399887085,0.2896006107330322,0.29258331656455994,-0.21204470098018646,0.9997673630714417,0.2602701783180237,0.29729998111724854,-0.0030523263849318027,0.9998670816421509,0.2482454925775528,0.2975406050682068,-0.31786617636680603,0.9998557567596436,0.30220216512680054,0.32698291540145874,-0.10052252560853958,0.9997779726982117,0.29505655169487,0.32587766647338867,-0.19074484705924988,0.9998213648796082,0.2210177332162857,0.3614179491996765,0.14084099233150482,0.9956804513931274,0.19381363689899445,0.35585394501686096,-0.36681100726127625,0.9993712306022644,0.33986514806747437,0.27364349365234375,0.44323861598968506,0.28589287400245667,0.3566555380821228,0.2661917805671692,-0.4241638779640198,0.9774627685546875,0.2424970269203186,0.2263430953025818,0.6331075429916382,0.08735297620296478,0.2278418391942978,0.2240801453590393,0.05240635573863983,0.5783406496047974,0.1966692954301834,0.22059524059295654,0.5971869230270386,0.08374055474996567,0.18245649337768555,0.21662086248397827,0.041605476289987564,0.5052608847618103,0.18243205547332764,0.2261655628681183,0.6027605533599854,0.08937371522188187,0.17027127742767334,0.22421011328697205,0.005320509895682335,0.4982381761074066,0.19667737185955048,0.2309482991695404,0.6202746629714966,0.09834413975477219,0.17940159142017365,0.23051422834396362,0.038132473826408386,0.5241484642028809,0.18599948287010193,0.6267186403274536,0.21358728408813477,0.9969573020935059,0.17638011276721954,0.6359313130378723,-0.21355295181274414,0.9985571503639221,0.22568854689598083,0.7969673275947571,0.36416545510292053,0.4143005311489105,0.20843768119812012,0.8231338262557983,-0.014748208224773407,0.9682542085647583,0.15789398550987244,0.9395121335983276,0.5348999500274658,0.555560290813446,0.10840082913637161,0.9835284948348999,0.09566407650709152,0.9409830570220947,0.12404278665781021,0.9576057195663452,0.544991672039032,0.6503749489784241,0.07297182083129883,0.9942747354507446,0.10156828910112381,0.9253989458084106,0.25370121002197266,0.9639909863471985,0.46562644839286804,0.6462236046791077,0.22685086727142334,1.039618730545044,-0.08059520274400711,0.8943896293640137
U19_v1,161,1,0.3202660083770752,0.3220435678958893,-0.1619247943162918,0.9997468590736389,0.31392109394073486,0.30355438590049744,-0.1479765772819519,0.9994753003120422,0.31078213453292847,0.3026845455169678,-0.14810921251773834,0.9992285966873169,0.30742335319519043,0.3016442358493805,-0.14814023673534393,0.9994237422943115,0.30853137373924255,0.3021788001060486,-0.21506133675575256,0.99953293800354,0.301807701587677,0.30069634318351746,-0.21506774425506592,0.9995310306549072,0.29487472772598267,0.299195259809494,-0.21492037177085876,0.9996585845947266,0.26451241970062256,0.30092063546180725,-0.008198916912078857,0.9998095631599426,0.2518138885498047,0.30115973949432373,-0.32572856545448303,0.9998080134391785,0.2980276048183441,0.33351409435272217,-0.10131743550300598,0.999681830406189,0.28817489743232727,0.33269762992858887,-0.19213473796844482,0.9997645020484924,0.21237774193286896,0.36388570070266724,0.1276514232158661,0.9956340193748474,0.18716734647750854,0.35962966084480286,-0.3643827438354492,0.9992997646331787,0.3415001630783081,0.27783259749412537,0.40100064873695374,0.2713460326194763,0.34516072273254395,0.2653079628944397,-0.4138495922088623,0.9705333709716797,0.23493221402168274,0.22596973180770874,0.5428397059440613,0.07963968068361282,0.21560224890708923,0.2218996286392212,0.0679241269826889,0.5028343200683594,0.18377813696861267,0.22112444043159485,0.4978748857975006,0.07941406965255737,0.1670764535665512,0.21627065539360046,0.06138875335454941,0.4459318220615387,0.16985593736171722,0.2240796983242035,0.5038666725158691,0.08479990065097809,0.14864636957645416,0.22486257553100586,0.02345132641494274,0.4406057298183441,0.18317940831184387,0.23107045888900757,0.5290013551712036,0.09277019649744034,0.15894074738025665,0.23114624619483948,0.05382566154003143,0.4697652757167816,0.18166480958461761,0.6305392980575562,0.21409830451011658,0.9964798092842102,0.17156454920768738,0.6400240659713745,-0.21412745118141174,0.9984409213066101,0.23614051938056946,0.7954904437065125,0.37328648567199707,0.38323408365249634,0.2068672478199005,0.8281824588775635,-0.009463443420827389,0.9646401405334473,0.16162168979644775,0.9355447292327881,0.5446268916130066,0.5265309810638428,0.10822565108537674,0.9810856580734253,0.10612012445926666,0.9273976683616638,0.12113702297210693,0.9573565721511841,0.5549560189247131,0.6489900350570679,0.0772281140089035,0.9943260550498962,0.11323928087949753,0.9192894101142883,0.26028063893318176,0.9611579179763794,0.48193445801734924,0.6089775562286377,0.22347453236579895,1.0363147258758545,-0.060603976249694824,0.8661797642707825
U19_v1,162,1,0.3158775568008423,0.3234962224960327,-0.14671042561531067,0.9996410608291626,0.30636653304100037,0.3055289685726166,-0.13258031010627747,0.9992939233779907,0.30384209752082825,0.30434685945510864,-0.13272161781787872,0.9989843964576721,0.3011416792869568,0.30301815271377563,-0.1327274888753891,0.9992238283157349,0.30014482140541077,0.30514732003211975,-0.200637087225914,0.9993744492530823,0.2933625280857086,0.3037642538547516,-0.20065543055534363,0.999387264251709,0.2863098382949829,0.30222535133361816,-0.20054464042186737,0.9995437264442444,0.26128238439559937,0.3032122254371643,0.00425097718834877,0.9997195601463318,0.24445736408233643,0.303776353597641,-0.3182283341884613,0.9996993541717529,0.297093003988266,0.33411797881126404,-0.08699071407318115,0.9995349645614624,0.2872364819049835,0.3339906632900238,-0.17946073412895203,0.9996410608291626,0.2255782037973404,0.36871761083602905,0.13561905920505524,0.9937328696250916,0.18694400787353516,0.36537742614746094,-0.3678286075592041,0.9990757703781128,0.3405582010746002,0.2788112759590149,0.39162880182266235,0.22480490803718567,0.34378814697265625,0.2672642767429352,-0.4344700276851654,0.9642331004142761,0.2224101424217224,0.22396370768547058,0.4885900020599365,0.0919923260807991,0.20667894184589386,0.22082239389419556,0.002549715107306838,0.584868848323822,0.17367248237133026,0.2194971740245819,0.44144952297210693,0.09337938576936722,0.1578311324119568,0.21509787440299988,-0.00960079487413168,0.5398630499839783,0.1587134301662445,0.225051611661911,0.44383350014686584,0.09940159320831299,0.13929840922355652,0.2256157100200653,-0.04855916649103165,0.5312992334365845,0.17169132828712463,0.22824972867965698,0.4736118018627167,0.10773962736129761,0.15957069396972656,0.230211079120636,-0.011405629105865955,0.5458281636238098,0.1864791065454483,0.6350643038749695,0.20975284278392792,0.9971151351928711,0.169260635972023,0.6430199146270752,-0.209857776761055,0.9988068342208862,0.22729212045669556,0.7941065430641174,0.37029340863227844,0.4091804325580597,0.19748148322105408,0.8275217413902283,-0.012174826115369797,0.9647849202156067,0.17422015964984894,0.9314237833023071,0.5404556393623352,0.5634536147117615,0.110141322016716,0.981192946434021,0.11777740716934204,0.9341432452201843,0.13412684202194214,0.9549325108528137,0.550247848033905,0.6801779866218567,0.07897128909826279,0.9939696788787842,0.12499506026506424,0.9241819381713867,0.26167023181915283,0.9606622457504272,0.47016483545303345,0.6597003936767578,0.21541251242160797,0.9971862435340881,-0.06091555953025818,0.8883349299430847
U19_v1,163,1,0.2949918508529663,0.3374338448047638,-0.17388823628425598,0.9995642304420471,0.28801611065864563,0.3194604218006134,-0.1675264537334442,0.9991217255592346,0.28521907329559326,0.3182840347290039,-0.16769461333751678,0.9988458156585693,0.2816757559776306,0.316828191280365,-0.1676829755306244,0.9990133047103882,0.28211793303489685,0.31885144114494324,-0.2309928685426712,0.9992870688438416,0.27534058690071106,0.317466676235199,-0.23099255561828613,0.9993435740470886,0.2680763602256775,0.31595921516418457,-0.23088830709457397,0.9994503855705261,0.23727890849113464,0.3137364983558655,-0.03941795602440834,0.9996834993362427,0.23128125071525574,0.3151882290840149,-0.34029829502105713,0.9996381998062134,0.2777254283428192,0.3480059504508972,-0.11302056163549423,0.9994296431541443,0.26570045948028564,0.34707868099212646,-0.19886040687561035,0.9995511174201965,0.18058858811855316,0.37535589933395386,0.10307460278272629,0.9941588640213013,0.18860839307308197,0.37110573053359985,-0.3821238577365875,0.9991194605827332,0.31190937757492065,0.279491126537323,0.3546237051486969,0.22359685599803925,0.3519730567932129,0.2669292092323303,-0.4470275938510895,0.9544716477394104,0.20956753194332123,0.22455519437789917,0.42871639132499695,0.11098166555166245,0.19866716861724854,0.22120815515518188,-0.052179835736751556,0.6161620616912842,0.15733803808689117,0.2209964096546173,0.38237908482551575,0.12209778279066086,0.14928841590881348,0.21510225534439087,-0.05765947327017784,0.5842220783233643,0.14135752618312836,0.22322282195091248,0.38217005133628845,0.13004440069198608,0.13459670543670654,0.2263699769973755,-0.10228990018367767,0.5761270523071289,0.1621306836605072,0.232008695602417,0.4141480624675751,0.13437654078006744,0.14542679488658905,0.23356357216835022,-0.06528795510530472,0.5829957723617554,0.17938491702079773,0.6388224363327026,0.20769992470741272,0.9965299963951111,0.17726357281208038,0.6498764157295227,-0.20790129899978638,0.9988247752189636,0.2349771112203598,0.7893296480178833,0.4001336991786957,0.47432300448417664,0.19853320717811584,0.825272798538208,0.0029780399054288864,0.972061038017273,0.17986077070236206,0.9208834171295166,0.593147873878479,0.6456034183502197,0.10824531316757202,0.9815340042114258,0.12661795318126678,0.9480708837509155,0.15354380011558533,0.9388433694839478,0.6064860820770264,0.7380328178405762,0.07746764272451401,0.9971510171890259,0.13352560997009277,0.9417024254798889,0.28316769003868103,0.9533888101577759,0.5543647408485413,0.6998881697654724,0.23778557777404785,0.989886999130249,-0.03356419876217842,0.8949475884437561
U19_v1,164,1,0.2842995226383209,0.32569774985313416,-0.15111567080020905,0.9993361830711365,0.26945552229881287,0.3068273663520813,-0.14166295528411865,0.9987123012542725,0.26595520973205566,0.3060539960861206,-0.14181166887283325,0.998307466506958,0.2619750201702118,0.305275559425354,-0.14178261160850525,0.9985541701316833,0.266208291053772,0.30690357089042664,-0.20826387405395508,0.9990189075469971,0.2603208124637604,0.3061557114124298,-0.20827916264533997,0.9991094470024109,0.25403326749801636,0.3055594265460968,-0.20823043584823608,0.9992855191230774,0.2232983410358429,0.3106939196586609,-0.015000874176621437,0.9995002746582031,0.21925504505634308,0.310940146446228,-0.3304523825645447,0.9994841814041138,0.2689766585826874,0.337741494178772,-0.09208255261182785,0.999016284942627,0.25970643758773804,0.33759012818336487,-0.18215414881706238,0.9991894364356995,0.18096071481704712,0.37750422954559326,0.12577058374881744,0.9884082674980164,0.18267352879047394,0.37026435136795044,-0.3962452709674835,0.9984512329101562,0.31626731157302856,0.27149295806884766,0.36826610565185547,0.18816889822483063,0.3481583595275879,0.2627778649330139,-0.4655293822288513,0.9434268474578857,0.18384675681591034,0.22156956791877747,0.44620734453201294,0.08757138252258301,0.18157094717025757,0.21765685081481934,-0.0600304901599884,0.6098237633705139,0.1384086012840271,0.21991971135139465,0.40556538105010986,0.09100063145160675,0.1296539604663849,0.21189168095588684,-0.0647917315363884,0.5867018699645996,0.12209422886371613,0.22752881050109863,0.41438642144203186,0.09726390242576599,0.11663501709699631,0.22511833906173706,-0.1088322103023529,0.5787734389305115,0.1342940330505371,0.23144212365150452,0.4352310001850128,0.10182345658540726,0.13460126519203186,0.2301722764968872,-0.0721011534333229,0.5803775787353516,0.19060827791690826,0.6460065245628357,0.21182774007320404,0.9969152212142944,0.1790178120136261,0.6551799178123474,-0.21208342909812927,0.9990376234054565,0.24095839262008667,0.7839406132698059,0.46124982833862305,0.4694667160511017,0.19723224639892578,0.8321087956428528,0.02369569055736065,0.9706013798713684,0.18917661905288696,0.9143878221511841,0.7117266058921814,0.6540339589118958,0.11418751627206802,0.9725805521011353,0.19529105722904205,0.9489821195602417,0.15283703804016113,0.9329409599304199,0.7309530973434448,0.7265726327896118,0.08405205607414246,0.9843660593032837,0.20658409595489502,0.9354327321052551,0.2814611792564392,0.9530050754547119,0.6754757761955261,0.7061323523521423,0.23201745748519897,1.0231385231018066,0.02640633098781109,0.8959414958953857
U19_v1,165,1,0.26783668994903564,0.3187912702560425,-0.15622057020664215,0.9997311234474182,0.252418577671051,0.3002987205982208,-0.1509927362203598,0.9995260238647461,0.24542823433876038,0.2991938292980194,-0.15105974674224854,0.9994018077850342,0.24105411767959595,0.2982802987098694,-0.15097355842590332,0.9994334578514099,0.2529677450656891,0.3001820743083954,-0.21858324110507965,0.999607503414154,0.24585257470607758,0.29891350865364075,-0.21851645410060883,0.9996600151062012,0.2414669245481491,0.29793885350227356,-0.21841195225715637,0.9996941089630127,0.2055908441543579,0.3071795105934143,-0.042018428444862366,0.9998059868812561,0.21024064719676971,0.3057585656642914,-0.3637087345123291,0.9997434020042419,0.2515477240085602,0.3320479094982147,-0.10427065193653107,0.9996713399887085,0.24821837246418,0.3322426676750183,-0.19592724740505219,0.9997227787971497,0.12872526049613953,0.38038212060928345,0.1271592229604721,0.9928352236747742,0.1956292986869812,0.3686469793319702,-0.4526631534099579,0.9992303848266602,0.2502841055393219,0.2890981137752533,0.5101028084754944,0.19437366724014282,0.3433442711830139,0.2656043767929077,-0.4807826280593872,0.9451971650123596,0.16873109340667725,0.22273355722427368,0.7444288730621338,0.1010642722249031,0.18936482071876526,0.21763882040977478,-0.04656507819890976,0.6942717432975769,0.1256101429462433,0.22392967343330383,0.7316045165061951,0.11455579102039337,0.13175250589847565,0.21515601873397827,-0.046939779072999954,0.6747723817825317,0.11317284405231476,0.23365366458892822,0.7196509838104248,0.12176135182380676,0.12088824063539505,0.2271430790424347,-0.0983845442533493,0.665011465549469,0.12398189306259155,0.23909878730773926,0.7314940094947815,0.12213125824928284,0.13495782017707825,0.23515954613685608,-0.05852837488055229,0.6483030915260315,0.17078092694282532,0.6429014801979065,0.22022706270217896,0.9983763694763184,0.19675694406032562,0.6554397344589233,-0.2208123356103897,0.9995649456977844,0.22985520958900452,0.7878511548042297,0.5897974371910095,0.4666101932525635,0.19878296554088593,0.8345856070518494,0.03187445178627968,0.9700765609741211,0.1916932910680771,0.8946921229362488,0.9146829843521118,0.6627232432365417,0.10216069966554642,0.9781031608581543,0.19682542979717255,0.9523423910140991,0.15183883905410767,0.9178436994552612,0.940904974937439,0.7667626738548279,0.07590262591838837,0.9925788640975952,0.20856407284736633,0.9470567107200623,0.2889079749584198,0.9275389909744263,0.916422963142395,0.7193443179130554,0.23621110618114471,1.0182896852493286,0.04445217177271843,0.9076200127601624
U19_v1,166,1,0.28473520278930664,0.3217304050922394,-0.22419330477714539,0.9997281432151794,0.26415520906448364,0.30324557423591614,-0.20851188898086548,0.9994649291038513,0.2602519094944,0.30274882912635803,-0.2086298167705536,0.9993313550949097,0.2561247944831848,0.3020821213722229,-0.20850969851016998,0.9993318915367126,0.2636658847332001,0.3039880692958832,-0.28186389803886414,0.9995926022529602,0.25891655683517456,0.3038862645626068,-0.2819034457206726,0.9996625185012817,0.2537819743156433,0.30368342995643616,-0.28183525800704956,0.9997076392173767,0.22056463360786438,0.30999675393104553,-0.062173087149858475,0.9998001456260681,0.22076192498207092,0.31272751092910767,-0.40969860553741455,0.9998025298118591,0.27062708139419556,0.3337588906288147,-0.15927748382091522,0.999626874923706,0.26508960127830505,0.33384886384010315,-0.25846320390701294,0.9996820688247681,0.16514870524406433,0.37358373403549194,0.11102434247732162,0.9945833086967468,0.17893093824386597,0.3736812472343445,-0.508664071559906,0.9994521737098694,0.304879367351532,0.2704579532146454,0.38656166195869446,0.23072852194309235,0.33659234642982483,0.26724308729171753,-0.588702917098999,0.9719737768173218,0.16072621941566467,0.21329396963119507,0.48055681586265564,0.14736288785934448,0.17364643514156342,0.21578377485275269,-0.2019789069890976,0.8124709129333496,0.11010751873254776,0.20912423729896545,0.4471278786659241,0.14344272017478943,0.11788976937532425,0.21019834280014038,-0.22051185369491577,0.7742323279380798,0.09838522225618362,0.22171097993850708,0.45569515228271484,0.14842619001865387,0.1069110780954361,0.2239617109298706,-0.2676261365413666,0.7660040855407715,0.11231415718793869,0.22853025794029236,0.4701339900493622,0.14861410856246948,0.11865302175283432,0.22887104749679565,-0.21553540229797363,0.7488791346549988,0.18838785588741302,0.6353538036346436,0.2340051233768463,0.9989765882492065,0.18351507186889648,0.6513301730155945,-0.23434631526470184,0.9997203946113586,0.23837721347808838,0.7694478034973145,0.658677339553833,0.5520358681678772,0.19807972013950348,0.822938084602356,0.051465537399053574,0.9797791242599487,0.22441856563091278,0.8621039986610413,1.025857925415039,0.7158940434455872,0.1064567044377327,0.9764963388442993,0.2651721239089966,0.9658465385437012,0.18948528170585632,0.8860893845558167,1.0560792684555054,0.8071357607841492,0.09259647130966187,0.9854921102523804,0.2791375517845154,0.9599964022636414,0.3177265524864197,0.9045920372009277,1.006337285041809,0.782015860080719,0.25758299231529236,1.0134341716766357,0.061109960079193115,0.9380502104759216
U19_v1,167,1,0.28318801522254944,0.31329643726348877,-0.19012148678302765,0.9993075132369995,0.2610258162021637,0.2974103093147278,-0.17933855950832367,0.9986523985862732,0.25451934337615967,0.2970553934574127,-0.17946022748947144,0.9985435009002686,0.24822795391082764,0.2967952787876129,-0.17933261394500732,0.9984617233276367,0.2680061161518097,0.29823458194732666,-0.2514288127422333,0.9988747239112854,0.26624274253845215,0.2983035743236542,-0.2513985335826874,0.9990572333335876,0.26446017622947693,0.29852473735809326,-0.25136518478393555,0.999078631401062,0.21048882603645325,0.3062225878238678,-0.059741389006376266,0.9995392560958862,0.2320549488067627,0.3087541162967682,-0.39800602197647095,0.9993095397949219,0.2645403742790222,0.32799017429351807,-0.13364236056804657,0.9991613626480103,0.26881805062294006,0.3284637928009033,-0.23049375414848328,0.999122679233551,0.12634585797786713,0.3752005696296692,0.10948044806718826,0.9938616752624512,0.19059617817401886,0.3735507130622864,-0.513299822807312,0.9994010925292969,0.24441450834274292,0.2659089267253876,0.39061668515205383,0.3152022361755371,0.33591610193252563,0.26780006289482117,-0.5969107151031494,0.973053514957428,0.15814363956451416,0.2118014693260193,0.5189535617828369,0.1860501766204834,0.17639775574207306,0.21817651391029358,-0.2998069226741791,0.8763610124588013,0.10423137992620468,0.21575519442558289,0.4996425211429596,0.1673276573419571,0.11506274342536926,0.21634358167648315,-0.3291971981525421,0.8397153615951538,0.09367696195840836,0.2238450050354004,0.4993325173854828,0.1698765754699707,0.10796533524990082,0.22504830360412598,-0.3663517236709595,0.8307780027389526,0.10638657957315445,0.22691959142684937,0.5072326064109802,0.16971616446971893,0.12327749282121658,0.23168253898620605,-0.3099559545516968,0.8024042248725891,0.17208151519298553,0.6271461844444275,0.23940058052539825,0.9990039467811584,0.18174326419830322,0.6435971856117249,-0.24000714719295502,0.9996662139892578,0.2630455493927002,0.7444509267807007,0.6754164099693298,0.5375706553459167,0.1964762657880783,0.8157002925872803,0.10846079885959625,0.9800854325294495,0.23738162219524384,0.835358738899231,1.0746301412582397,0.6734513640403748,0.11119277775287628,0.9661991596221924,0.3892679810523987,0.9715628623962402,0.20282082259655,0.8520113229751587,1.1069871187210083,0.7715190052986145,0.09500741958618164,0.9811668395996094,0.40950140357017517,0.9688143730163574,0.3188716173171997,0.8753930926322937,1.078515887260437,0.7700839638710022,0.25827449560165405,1.0050264596939087,0.21199873089790344,0.9498392343521118
U19_v1,168,1,0.2429937869310379,0.31625115871429443,-0.16030320525169373,0.9995529055595398,0.22571659088134766,0.301779180765152,-0.15382207930088043,0.9991956353187561,0.21923762559890747,0.3013764023780823,-0.1539524644613266,0.9991174340248108,0.21296505630016327,0.3008970022201538,-0.15385210514068604,0.9989897608757019,0.2344542294740677,0.3014151155948639,-0.22557801008224487,0.9993268251419067,0.23378179967403412,0.3007301092147827,-0.22555239498615265,0.9994128942489624,0.23307788372039795,0.3000771403312683,-0.2255125343799591,0.9993591904640198,0.17649593949317932,0.3078771233558655,-0.04965982586145401,0.9996659755706787,0.20791545510292053,0.3097868859767914,-0.3860074281692505,0.9995403289794922,0.22202694416046143,0.3290850818157196,-0.10745657980442047,0.9994401335716248,0.22941921651363373,0.32975706458091736,-0.20414137840270996,0.9994526505470276,0.07875703275203705,0.37902742624282837,0.10938001424074173,0.9964798092842102,0.19477708637714386,0.37259525060653687,-0.5155209898948669,0.9997454285621643,0.14591987431049347,0.26415956020355225,0.38340264558792114,0.4251120090484619,0.33325856924057007,0.274498850107193,-0.5718732476234436,0.9683615565299988,0.13790616393089294,0.21372801065444946,0.501895546913147,0.19875620305538177,0.16888026893138885,0.21699658036231995,-0.2750552296638489,0.8500279784202576,0.09677436947822571,0.21805307269096375,0.48346060514450073,0.177079439163208,0.11537076532840729,0.21607017517089844,-0.3056764602661133,0.8083301782608032,0.08633232861757278,0.22002312541007996,0.47165605425834656,0.1816069632768631,0.10548517107963562,0.22411927580833435,-0.3383719325065613,0.7961922287940979,0.09538360685110092,0.22478574514389038,0.48647308349609375,0.18475918471813202,0.12093666940927505,0.2302270233631134,-0.2816789448261261,0.7629233002662659,0.1522885262966156,0.6245773434638977,0.2417658567428589,0.9994640946388245,0.1855207085609436,0.6377780437469482,-0.24257953464984894,0.9998698234558105,0.27812495827674866,0.6950153112411499,0.8004515767097473,0.4383654296398163,0.1929929405450821,0.8117198944091797,0.09778987616300583,0.9855630397796631,0.25813186168670654,0.8026381731033325,1.2950201034545898,0.5754859447479248,0.10589814931154251,0.9717655181884766,0.3499394357204437,0.9784442782402039,0.22609356045722961,0.8182163834571838,1.3387442827224731,0.7145517468452454,0.09189911931753159,0.9821877479553223,0.36878854036331177,0.9720364809036255,0.3214617371559143,0.8419379591941833,1.3511899709701538,0.6739446520805359,0.2325534075498581,1.010670781135559,0.1796884536743164,0.9531046152114868
U19_v1,169,1,0.22933155298233032,0.3215999901294708,-0.09419292956590652,0.9997000694274902,0.2111864537000656,0.3090921640396118,-0.09642206877470016,0.999510645866394,0.2038775384426117,0.3088012635707855,-0.0965299978852272,0.9994572997093201,0.19693231582641602,0.30846473574638367,-0.09647897630929947,0.9993784427642822,0.22329023480415344,0.3091227114200592,-0.16343297064304352,0.999556839466095,0.22402282059192657,0.30884671211242676,-0.1634100377559662,0.9995973706245422,0.22474585473537445,0.308563768863678,-0.16337816417217255,0.9995571970939636,0.16234037280082703,0.3136890232563019,-0.03005966544151306,0.9998026490211487,0.20326398313045502,0.31465062499046326,-0.342425674200058,0.9996966123580933,0.20854629576206207,0.332620233297348,-0.05517786368727684,0.9997037053108215,0.22139470279216766,0.33306294679641724,-0.14506113529205322,0.9996830224990845,0.06879423558712006,0.3801894783973694,0.09747668355703354,0.9976258873939514,0.20092949271202087,0.3717311918735504,-0.4829655587673187,0.999854564666748,0.11499162763357162,0.274552583694458,0.3563735783100128,0.5641565918922424,0.3335668742656708,0.2714241147041321,-0.5261126756668091,0.9784241914749146,0.13393563032150269,0.2139703631401062,0.4723195731639862,0.26593607664108276,0.16445504128932953,0.2176584005355835,-0.2365977168083191,0.8909427523612976,0.08726859837770462,0.22051730751991272,0.45429080724716187,0.22947265207767487,0.10827019065618515,0.21652501821517944,-0.2665531039237976,0.849020779132843,0.07689083367586136,0.22322145104408264,0.43950730562210083,0.23643475770950317,0.09851903468370438,0.22474095225334167,-0.2948777675628662,0.837669312953949,0.08844906836748123,0.22828790545463562,0.4569419324398041,0.239686518907547,0.11644239723682404,0.23145857453346252,-0.2415492832660675,0.8114388585090637,0.15231530368328094,0.622937023639679,0.22738878428936005,0.9996341466903687,0.18462738394737244,0.6382849216461182,-0.2282787412405014,0.9999133348464966,0.2667616009712219,0.7066124081611633,0.7677177786827087,0.45871037244796753,0.17306993901729584,0.8154866099357605,0.15222814679145813,0.9879178404808044,0.27430883049964905,0.7908403277397156,1.2166857719421387,0.595596432685852,0.09963402897119522,0.9740266799926758,0.4161025583744049,0.982017993927002,0.23995748162269592,0.8065589666366577,1.2576165199279785,0.7421236038208008,0.08416849374771118,0.9908067584037781,0.4381886124610901,0.9763340950012207,0.34456947445869446,0.8220220804214478,1.2866039276123047,0.6852174401283264,0.2282155305147171,1.009049654006958,0.27531537413597107,0.9558582305908203
U19_v1,170,1,0.20463301241397858,0.3190140128135681,0.005996488966047764,0.9991400241851807,0.1890859305858612,0.30855536460876465,-0.013879802078008652,0.9990422129631042,0.1815478801727295,0.3084307312965393,-0.014033420942723751,0.9988847374916077,0.17416194081306458,0.30816659331321716,-0.014132476411759853,0.9988086223602295,0.20409195125102997,0.3083779513835907,-0.08075529336929321,0.9988884329795837,0.20619499683380127,0.30821493268013,-0.08071024715900421,0.9989206790924072,0.20856575667858124,0.30792349576950073,-0.08072618395090103,0.9988706707954407,0.14332127571105957,0.3144720792770386,-0.01615358516573906,0.9996001124382019,0.19525039196014404,0.3162878751754761,-0.3223933279514313,0.9992592930793762,0.18804581463336945,0.33041301369667053,0.022583255544304848,0.9994097948074341,0.20326778292655945,0.3313881456851959,-0.06630174815654755,0.9991100430488586,0.05718560516834259,0.3844294548034668,0.1596893072128296,0.9971743822097778,0.20412525534629822,0.37476226687431335,-0.5238885879516602,0.9998113512992859,0.08659929037094116,0.3342849016189575,0.5691911578178406,0.30723872780799866,0.3280595541000366,0.27068251371383667,-0.5137108564376831,0.9850467443466187,0.09840911626815796,0.32103031873703003,0.8801328539848328,0.10431978851556778,0.16942241787910461,0.21744641661643982,-0.14945656061172485,0.9174684882164001,0.0837630107998848,0.31662091612815857,0.918415367603302,0.09280022233724594,0.1109543964266777,0.21627259254455566,-0.17755186557769775,0.8731951117515564,0.10308195650577545,0.3190876543521881,0.8809562921524048,0.10033917427062988,0.09956243634223938,0.2208804190158844,-0.1892227679491043,0.8628409504890442,0.11162440478801727,0.32456061244010925,0.8638841509819031,0.10759709775447845,0.11675238609313965,0.2259010374546051,-0.1456865817308426,0.8375731110572815,0.15662196278572083,0.6225992441177368,0.23055972158908844,0.9995978474617004,0.17717836797237396,0.6350007057189941,-0.2313404679298401,0.9998780488967896,0.27857285737991333,0.6983699202537537,0.8081604242324829,0.42543521523475647,0.16036364436149597,0.8200486898422241,0.2095121592283249,0.9838449954986572,0.29931581020355225,0.778188169002533,1.2867501974105835,0.567324697971344,0.09289400279521942,0.981562614440918,0.560928463935852,0.9821197390556335,0.2644032835960388,0.8004100322723389,1.3327510356903076,0.7293652296066284,0.07797525823116302,0.9882991313934326,0.5953130722045898,0.9731566905975342,0.36960136890411377,0.8151784539222717,1.3735932111740112,0.656096339225769,0.2049480676651001,1.0182888507843018,0.44909706711769104,0.9505786895751953
U19_v1,171,1,0.20752933621406555,0.31743329763412476,-0.16522975265979767,0.997424840927124,0.18997161090373993,0.30712947249412537,-0.18029175698757172,0.9958525896072388,0.1830168217420578,0.3070346713066101,-0.18057698011398315,0.9956803321838379,0.176499605178833,0.30679965019226074,-0.18055573105812073,0.9945953488349915,0.2032054364681244,0.3066023290157318,-0.2529527544975281,0.9960718154907227,0.20460453629493713,0.3063388466835022,-0.25290820002555847,0.9965580105781555,0.20453530550003052,0.30599549412727356,-0.2529987692832947,0.9958949089050293,0.14739935100078583,0.31284424662590027,-0.14844468235969543,0.9984094500541687,0.18989086151123047,0.3149508535861969,-0.48392564058303833,0.9972934126853943,0.19326190650463104,0.328833669424057,-0.13310351967811584,0.9974991679191589,0.20721426606178284,0.32977309823036194,-0.23073646426200867,0.9966877102851868,0.0708601325750351,0.3810940384864807,0.03599083423614502,0.9940038323402405,0.20004701614379883,0.379894882440567,-0.6610352396965027,0.9994454979896545,0.12460118532180786,0.28112509846687317,0.33498144149780273,0.40683355927467346,0.3316970467567444,0.28747326135635376,-0.7380369305610657,0.9705184102058411,0.12567509710788727,0.21770501136779785,0.39542055130004883,0.24026790261268616,0.16236717998981476,0.2221260368824005,-0.5146166682243347,0.8938075304031372,0.08868318796157837,0.22437036037445068,0.37906038761138916,0.22154082357883453,0.11125731468200684,0.22302287817001343,-0.5916804671287537,0.8366316556930542,0.07641899585723877,0.22345790266990662,0.34283244609832764,0.22569027543067932,0.0999908298254013,0.22573241591453552,-0.6064273118972778,0.8186079263687134,0.09230875223875046,0.2260342538356781,0.37148138880729675,0.23694559931755066,0.11196012049913406,0.2292112410068512,-0.5202209949493408,0.7862905859947205,0.14145773649215698,0.6205647587776184,0.26412999629974365,0.999455988407135,0.1679646372795105,0.6426361203193665,-0.26457861065864563,0.9998303651809692,0.3125540018081665,0.6273821592330933,0.9181653261184692,0.36240333318710327,0.15873539447784424,0.8229477405548096,0.1656070202589035,0.9879448413848877,0.30701714754104614,0.7632502317428589,1.5563061237335205,0.5101125240325928,0.09307826310396194,0.9786250591278076,0.5356121063232422,0.9921388030052185,0.27400198578834534,0.7828068137168884,1.6141456365585327,0.6562119722366333,0.08128061890602112,0.9863377809524536,0.5666669011116028,0.9852712154388428,0.38297373056411743,0.7956594228744507,1.6149497032165527,0.6277973651885986,0.22422721982002258,1.013934850692749,0.351284921169281,0.9782440662384033
U19_v1,172,1,0.20925135910511017,0.31410515308380127,-0.14744432270526886,0.9973841309547424,0.19434358179569244,0.30395615100860596,-0.17291918396949768,0.9961106181144714,0.1871388554573059,0.3038715422153473,-0.1731853187084198,0.9961274266242981,0.1802595555782318,0.30369213223457336,-0.17319679260253906,0.9949048757553101,0.20641741156578064,0.3042428195476532,-0.24067097902297974,0.9959121942520142,0.20771987736225128,0.3044455647468567,-0.2406468540430069,0.9964078068733215,0.2092071771621704,0.3046351969242096,-0.24075382947921753,0.9956493973731995,0.149992436170578,0.31227511167526245,-0.1734381467103958,0.9986528158187866,0.19596682488918304,0.3140014708042145,-0.48516854643821716,0.9975429773330688,0.19072991609573364,0.3263975977897644,-0.12570607662200928,0.9979501366615295,0.20778360962867737,0.3281126618385315,-0.21617254614830017,0.997107207775116,0.070034459233284,0.3827807903289795,0.008930853568017483,0.994345486164093,0.21019640564918518,0.38133928179740906,-0.6691067814826965,0.9994426369667053,0.12596292793750763,0.2728816270828247,0.27595195174217224,0.45547208189964294,0.33819788694381714,0.28902995586395264,-0.7087194919586182,0.9671149253845215,0.14068037271499634,0.21475887298583984,0.3138122260570526,0.21950508654117584,0.16574367880821228,0.2242235541343689,-0.4525710642337799,0.8506549596786499,0.09506507962942123,0.22256943583488464,0.2918190360069275,0.19604751467704773,0.11521445214748383,0.22340291738510132,-0.522908627986908,0.7813740968704224,0.08626216650009155,0.2231389582157135,0.2578590512275696,0.19746927917003632,0.10900212079286575,0.23064377903938293,-0.5397967100143433,0.7570756673812866,0.10034816712141037,0.225423663854599,0.2899937331676483,0.2128356695175171,0.12376037985086441,0.23233622312545776,-0.4578682780265808,0.7282850742340088,0.14187803864479065,0.6201902031898499,0.2647714912891388,0.9994587302207947,0.17039261758327484,0.6445343494415283,-0.2652640640735626,0.9998096823692322,0.3250577747821808,0.5917727947235107,0.9044097661972046,0.3129551410675049,0.15869565308094025,0.8274155259132385,0.23034226894378662,0.9863523244857788,0.31203851103782654,0.7344709634780884,1.529646873474121,0.4413973391056061,0.09038546681404114,0.9784786701202393,0.6481471657752991,0.9908825159072876,0.2869805097579956,0.7608312368392944,1.587556004524231,0.6316583156585693,0.06822048127651215,0.9911158084869385,0.6864268183708191,0.9849159717559814,0.40820828080177307,0.7778838872909546,1.617353916168213,0.5558930039405823,0.23088344931602478,1.0147281885147095,0.4939459562301636,0.9733560085296631
U19_v1,173,1,0.21488358080387115,0.31414228677749634,-0.14994864165782928,0.9946006536483765,0.1987907588481903,0.30422013998031616,-0.18848881125450134,0.9924494028091431,0.1910317987203598,0.30422380566596985,-0.18878573179244995,0.9927411079406738,0.18366971611976624,0.30414777994155884,-0.18882422149181366,0.9904802441596985,0.2130308449268341,0.3049395680427551,-0.2520197629928589,0.9913042783737183,0.21467261016368866,0.3054569661617279,-0.25194036960601807,0.9920793175697327,0.21675772964954376,0.3058929443359375,-0.2520688772201538,0.9903539419174194,0.14868012070655823,0.31395524740219116,-0.2317567616701126,0.9976640939712524,0.20103667676448822,0.315235435962677,-0.5225576758384705,0.9948521256446838,0.19321532547473907,0.3269187808036804,-0.14243678748607635,0.9969130754470825,0.21197478473186493,0.32867759466171265,-0.22683696448802948,0.9949131011962891,0.06319348514080048,0.3783343434333801,-0.05671527236700058,0.9944244623184204,0.22182396054267883,0.3819790482521057,-0.7108814716339111,0.9994451403617859,0.09822472929954529,0.27246057987213135,0.20657074451446533,0.4429987370967865,0.3381611108779907,0.28354188799858093,-0.767042875289917,0.9643348455429077,0.12857602536678314,0.2170822024345398,0.2396181970834732,0.1821267157793045,0.16791203618049622,0.2255091667175293,-0.6020669937133789,0.8204071521759033,0.08579359948635101,0.22384464740753174,0.207855224609375,0.15463097393512726,0.11468501389026642,0.221845805644989,-0.693589985370636,0.7271038889884949,0.07926096022129059,0.22922977805137634,0.17073197662830353,0.15602931380271912,0.10357888787984848,0.2308119237422943,-0.7080969214439392,0.6963176131248474,0.0902768149971962,0.23295295238494873,0.21383172273635864,0.170278862118721,0.11732257902622223,0.2364526093006134,-0.6098358035087585,0.6620094776153564,0.13969065248966217,0.6184843182563782,0.2614670395851135,0.9993365406990051,0.17452886700630188,0.6455469131469727,-0.26188334822654724,0.9997929930686951,0.328993022441864,0.5811719298362732,0.9640241861343384,0.2606368958950043,0.1571805775165558,0.8307355046272278,0.28874334692955017,0.9842048287391663,0.32202959060668945,0.72822105884552,1.6475976705551147,0.3925473093986511,0.08583645522594452,0.9872043132781982,0.7394111752510071,0.9898087978363037,0.28039562702178955,0.7529710531234741,1.7111573219299316,0.5962923765182495,0.07082058489322662,0.994862973690033,0.7801090478897095,0.9839464426040649,0.4088347554206848,0.760292649269104,1.7351748943328857,0.5068709850311279,0.23525114357471466,1.0228739976882935,0.5738685727119446,0.9694314002990723
U19_v1,174,1,0.2191898077726364,0.31791952252388,-0.19228796660900116,0.9963885545730591,0.20262587070465088,0.3077276051044464,-0.22406256198883057,0.994964599609375,0.19496944546699524,0.3075879216194153,-0.22433026134967804,0.9949253797531128,0.18608102202415466,0.3073037266731262,-0.22436073422431946,0.9933810234069824,0.2151855230331421,0.3087857663631439,-0.28788328170776367,0.9943258166313171,0.2164466679096222,0.3094390332698822,-0.28781387209892273,0.9947315454483032,0.21770985424518585,0.30997705459594727,-0.28794780373573303,0.9941044449806213,0.1514369547367096,0.31874772906303406,-0.24282659590244293,0.9982419013977051,0.20102433860301971,0.32049405574798584,-0.5357494354248047,0.9965819716453552,0.20172260701656342,0.33104953169822693,-0.17704768478870392,0.9979263544082642,0.2188037633895874,0.3330119252204895,-0.26199421286582947,0.9963635802268982,0.07651393115520477,0.38497304916381836,-0.04137090593576431,0.9950333833694458,0.2173997014760971,0.3857996463775635,-0.721773624420166,0.9995088577270508,0.1262909471988678,0.27841174602508545,0.24139517545700073,0.37763890624046326,0.34362196922302246,0.29336535930633545,-0.7334330677986145,0.956840455532074,0.13377708196640015,0.2248053252696991,0.32545018196105957,0.09361624717712402,0.1680154949426651,0.23750290274620056,-0.47973179817199707,0.7392594218254089,0.09035380184650421,0.23339128494262695,0.308525949716568,0.07631072402000427,0.11444565653800964,0.23229852318763733,-0.5581991076469421,0.6364612579345703,0.08483836054801941,0.23977169394493103,0.27586793899536133,0.07792273163795471,0.10194726288318634,0.2374071478843689,-0.5722475647926331,0.605993926525116,0.11744670569896698,0.25616034865379333,0.30257952213287354,0.08760739862918854,0.11960753053426743,0.2446797490119934,-0.4844931960105896,0.5686054825782776,0.12578701972961426,0.6171262264251709,0.2633458375930786,0.9994416832923889,0.17499960958957672,0.6432631611824036,-0.2638690173625946,0.9998345375061035,0.3200875520706177,0.5793382525444031,1.003719687461853,0.2562200725078583,0.16107040643692017,0.8242521286010742,0.28775373101234436,0.9844967126846313,0.32070228457450867,0.7176440954208374,1.7139191627502441,0.40257325768470764,0.10030847787857056,0.9681073427200317,0.7616105079650879,0.991257905960083,0.28345975279808044,0.7359095215797424,1.7813905477523804,0.6020821332931519,0.08296369016170502,0.986272931098938,0.8056358098983765,0.986091673374176,0.3997020721435547,0.7500250935554504,1.8105238676071167,0.5199424028396606,0.2536989748477936,1.0011855363845825,0.6053348183631897,0.9742221236228943
U19_v1,175,1,0.21939650177955627,0.31764137744903564,-0.10982611775398254,0.998512327671051,0.20113490521907806,0.30690330266952515,-0.1343025416135788,0.9983364939689636,0.1929939240217209,0.3066270351409912,-0.13453376293182373,0.998281717300415,0.18521516025066376,0.30624353885650635,-0.13463805615901947,0.9977943897247314,0.2171146273612976,0.30831828713417053,-0.19097186625003815,0.9977230429649353,0.21958543360233307,0.30900904536247253,-0.1909528225660324,0.9977856874465942,0.22218216955661774,0.3094881772994995,-0.1910119354724884,0.9975841045379639,0.15347281098365784,0.31717175245285034,-0.14435513317584991,0.9994035959243774,0.20811831951141357,0.3192403316497803,-0.4011647403240204,0.9987037181854248,0.20483556389808655,0.3297025263309479,-0.09442592412233353,0.9992057681083679,0.22192750871181488,0.3316383957862854,-0.1692647784948349,0.9985905289649963,0.07269388437271118,0.38235896825790405,0.029585687443614006,0.9962202906608582,0.23581089079380035,0.3832542300224304,-0.5922881364822388,0.9996846914291382,0.10335242748260498,0.2886522710323334,0.268981397151947,0.5629542469978333,0.33385854959487915,0.2799036204814911,-0.5741091966629028,0.967315673828125,0.12859287858009338,0.23332065343856812,0.4043675363063812,0.13706904649734497,0.17075060307979584,0.23746854066848755,-0.2936054766178131,0.7775051593780518,0.09115317463874817,0.24099889397621155,0.40349262952804565,0.10402244329452515,0.1154564768075943,0.23390012979507446,-0.34869351983070374,0.6788514256477356,0.0851394534111023,0.24750474095344543,0.3713296949863434,0.1072668805718422,0.10608477890491486,0.24562597274780273,-0.3580694794654846,0.6558618545532227,0.09861677139997482,0.24933478236198425,0.3853864073753357,0.12332488596439362,0.12083257734775543,0.24784767627716064,-0.2936601936817169,0.634168267250061,0.1246563047170639,0.6220971941947937,0.23968185484409332,0.9994309544563293,0.18774102628231049,0.6405639052391052,-0.24036118388175964,0.9998247027397156,0.3255721926689148,0.5794611573219299,0.7762053608894348,0.2857566177845001,0.16105999052524567,0.8317396640777588,0.17625649273395538,0.9843952655792236,0.3376063406467438,0.7120988965034485,1.2970284223556519,0.32851067185401917,0.0887177586555481,0.9901237487792969,0.5395954251289368,0.9872057437896729,0.3209509551525116,0.7303410172462463,1.34517502784729,0.535546064376831,0.06730693578720093,0.995531439781189,0.5736318230628967,0.9805174469947815,0.40876269340515137,0.736545741558075,1.4086546897888184,0.4164584279060364,0.23001757264137268,1.0158286094665527,0.41615885496139526,0.9614360332489014
U19_v1,176,1,0.2238042652606964,0.32071390748023987,-0.1186438724398613,0.9984560012817383,0.2038135677576065,0.3101123571395874,-0.14305691421031952,0.9983333945274353,0.1951296180486679,0.309896856546402,-0.14328932762145996,0.9983078241348267,0.1868695318698883,0.3097173273563385,-0.14340068399906158,0.9978048205375671,0.21914799511432648,0.31168562173843384,-0.19178636372089386,0.9976121187210083,0.2212686836719513,0.31246417760849,-0.1917845606803894,0.9977017045021057,0.2234421819448471,0.3131523132324219,-0.19184961915016174,0.9975661039352417,0.15277035534381866,0.3216875493526459,-0.1529468595981598,0.9994445443153381,0.2090693563222885,0.3237155079841614,-0.3747106194496155,0.9986489415168762,0.20569002628326416,0.33274176716804504,-0.10510299354791641,0.9993038177490234,0.2261616587638855,0.33503395318984985,-0.16960018873214722,0.9988184571266174,0.07056494057178497,0.38563284277915955,-0.007147197611629963,0.9954409599304199,0.2428484708070755,0.3883616328239441,-0.5327203273773193,0.9996302127838135,0.10834750533103943,0.2902967929840088,0.17647430300712585,0.5561977624893188,0.3332844376564026,0.28540658950805664,-0.5316691398620605,0.9585859775543213,0.12938857078552246,0.2393484115600586,0.25887390971183777,0.1845383644104004,0.17345313727855682,0.24444466829299927,-0.30571919679641724,0.788622260093689,0.08449479937553406,0.2470758855342865,0.24231964349746704,0.14504189789295197,0.1173882782459259,0.23988428711891174,-0.3580361008644104,0.7059949636459351,0.08413182199001312,0.2556281089782715,0.21668453514575958,0.15040212869644165,0.10700533539056778,0.25148865580558777,-0.373096764087677,0.6884688138961792,0.1176905408501625,0.26723015308380127,0.2418883591890335,0.1652088612318039,0.1230291873216629,0.25405535101890564,-0.3091655373573303,0.6684181690216064,0.12487553805112839,0.6255613565444946,0.2080289125442505,0.9992467164993286,0.19575026631355286,0.6415649652481079,-0.20864476263523102,0.9998018145561218,0.32747310400009155,0.5771111845970154,0.6569815874099731,0.2743767499923706,0.16593332588672638,0.8285552859306335,0.15847229957580566,0.9777600169181824,0.3374461531639099,0.7123273611068726,1.111954927444458,0.3127085864543915,0.09240110218524933,0.9831018447875977,0.46587124466896057,0.9794401526451111,0.3209945559501648,0.7316765189170837,1.1533647775650024,0.5347188711166382,0.10074276477098465,1.0035579204559326,0.4944181740283966,0.9736191034317017,0.4066969156265259,0.7324506640434265,1.2160292863845825,0.3823153078556061,0.2285906970500946,1.0143537521362305,0.35154879093170166,0.942952573299408
U19_v1,177,1,0.20820215344429016,0.31525516510009766,0.01604386791586876,0.9984388947486877,0.18773332238197327,0.30330389738082886,-0.030232694000005722,0.9983559250831604,0.17772941291332245,0.30307871103286743,-0.030478864908218384,0.9984062314033508,0.16706974804401398,0.30267125368118286,-0.03064051829278469,0.9978827834129333,0.21017229557037354,0.3050405979156494,-0.062659852206707,0.9974133372306824,0.21526607871055603,0.3059347867965698,-0.06268203258514404,0.9974840879440308,0.22015799582004547,0.30666714906692505,-0.06283199042081833,0.9971761703491211,0.13953939080238342,0.3165810704231262,-0.12265725433826447,0.9993911981582642,0.21525558829307556,0.319355309009552,-0.27013054490089417,0.9983457326889038,0.18957331776618958,0.3290742039680481,0.00022472895216196775,0.9992986917495728,0.21588200330734253,0.33087626099586487,-0.04279332607984543,0.9988769888877869,0.07536791265010834,0.3882424831390381,-0.018264954909682274,0.9963125586509705,0.2622470259666443,0.3846586346626282,-0.45614954829216003,0.9996837377548218,0.09321849048137665,0.28848493099212646,0.07561088353395462,0.7117644548416138,0.3641309142112732,0.2984209656715393,-0.4660784900188446,0.947618305683136,0.12912596762180328,0.23752447962760925,0.0974242240190506,0.3868940770626068,0.18265970051288605,0.24974358081817627,-0.31131842732429504,0.692785918712616,0.09938734024763107,0.24569296836853027,0.06648795306682587,0.3100600242614746,0.12655243277549744,0.24867093563079834,-0.3608565628528595,0.5816859602928162,0.09007412195205688,0.25369563698768616,0.040297504514455795,0.31269827485084534,0.12131790071725845,0.256448358297348,-0.3852977752685547,0.5559787750244141,0.10121245682239532,0.2551828920841217,0.07993205636739731,0.3245607316493988,0.142881378531456,0.26550641655921936,-0.3206568956375122,0.5638213157653809,0.14661744236946106,0.6237806677818298,0.2075941413640976,0.9995274543762207,0.2069149762392044,0.6502285003662109,-0.2083200067281723,0.9998570680618286,0.3248405158519745,0.5564524531364441,0.5532552003860474,0.3509097397327423,0.16533417999744415,0.8401299715042114,0.12299277633428574,0.9856401681900024,0.3393371105194092,0.7074964642524719,0.9072566032409668,0.438774049282074,0.09104792773723602,0.9892454147338867,0.3146057426929474,0.9883080124855042,0.32126230001449585,0.7299067378044128,0.9374947547912598,0.6493805646896362,0.076687753200531,1.0237599611282349,0.33132606744766235,0.9811262488365173,0.40474069118499756,0.7311244010925293,1.0040390491485596,0.4968225359916687,0.22514000535011292,1.0259270668029785,0.18947237730026245,0.9637967944145203
U19_v1,178,1,0.22996778786182404,0.31596753001213074,0.01643412932753563,0.9990847110748291,0.20829229056835175,0.30499497056007385,-0.016291707754135132,0.9990845918655396,0.19851551949977875,0.3048061728477478,-0.016479413956403732,0.9990978240966797,0.18902795016765594,0.30460503697395325,-0.016593730077147484,0.9988095760345459,0.22904722392559052,0.30603572726249695,-0.05954481661319733,0.9986366629600525,0.23277999460697174,0.3065759837627411,-0.05961793288588524,0.9987291693687439,0.23667937517166138,0.307178795337677,-0.0597623772919178,0.9987245202064514,0.15484946966171265,0.31533297896385193,-0.06832090020179749,0.9996776580810547,0.22180181741714478,0.3174198567867279,-0.2638285458087921,0.9992794394493103,0.20819972455501556,0.3297899067401886,0.013409599661827087,0.9995686411857605,0.2294749915599823,0.3307248651981354,-0.043729268014431,0.9992478489875793,0.06871041655540466,0.38590091466903687,0.06638170033693314,0.9960305094718933,0.2642423212528229,0.38638579845428467,-0.45657745003700256,0.9997656941413879,0.10641816258430481,0.29934003949165344,0.2501356899738312,0.6122644543647766,0.3579978942871094,0.2910636067390442,-0.3794034719467163,0.9671701192855835,0.12822991609573364,0.24697387218475342,0.4276985228061676,0.12381339073181152,0.19122754037380219,0.25717225670814514,-0.042896296828985214,0.7262337803840637,0.0910380482673645,0.2571926414966583,0.4321138858795166,0.08794529736042023,0.12044107168912888,0.25116410851478577,-0.05783400312066078,0.622158408164978,0.09342924505472183,0.26905250549316406,0.41768842935562134,0.09222423285245895,0.12018034607172012,0.263976126909256,-0.08329775184392929,0.6036984920501709,0.1018424853682518,0.27093854546546936,0.41778093576431274,0.10246678441762924,0.13633665442466736,0.26543208956718445,-0.044818926602602005,0.5951135158538818,0.1394433081150055,0.6292219758033752,0.20745472609996796,0.9994445443153381,0.20694848895072937,0.6551313400268555,-0.20823897421360016,0.9998334646224976,0.32436370849609375,0.5485605001449585,0.47851914167404175,0.47760096192359924,0.16508960723876953,0.8417290449142456,0.08515781164169312,0.9859941005706787,0.34570372104644775,0.7167662978172302,0.7743732333183289,0.5124385356903076,0.09522826224565506,0.9870794415473938,0.24606537818908691,0.987450361251831,0.3223567605018616,0.7395107746124268,0.7998717427253723,0.6689175367355347,0.08956174552440643,1.0197335481643677,0.2597746253013611,0.9786452054977417,0.4205422103404999,0.7389031648635864,0.8689388632774353,0.5711530447006226,0.2357695996761322,1.0191316604614258,0.12191737443208694,0.964808464050293
U19_v1,179,1,0.2488384246826172,0.3255526125431061,-0.11667287349700928,0.998755693435669,0.22795358300209045,0.3149486780166626,-0.14241686463356018,0.9984124898910522,0.2196299433708191,0.31507202982902527,-0.14267045259475708,0.9984550476074219,0.21180082857608795,0.31519007682800293,-0.1426793932914734,0.9978825449943542,0.24358148872852325,0.3151061534881592,-0.19094893336296082,0.9979064464569092,0.24625185132026672,0.3153720796108246,-0.19096598029136658,0.9981763362884521,0.2488405704498291,0.31578588485717773,-0.19103151559829712,0.9979408383369446,0.1759074479341507,0.3258090913295746,-0.15993815660476685,0.9994598031044006,0.23494836688041687,0.3288861811161041,-0.38086381554603577,0.998848557472229,0.2299199402332306,0.33883410692214966,-0.10557384788990021,0.9992260932922363,0.2469908893108368,0.3399137854576111,-0.1700054556131363,0.9985820055007935,0.08386318385601044,0.3898502588272095,0.013859858736395836,0.9971473813056946,0.2593226432800293,0.3975788354873657,-0.5576179027557373,0.9995924830436707,0.1590833216905594,0.2853015959262848,0.22385457158088684,0.6514661908149719,0.42509061098098755,0.33211860060691833,-0.47317957878112793,0.9726811051368713,0.15090835094451904,0.24346184730529785,0.330020546913147,0.25448572635650635,0.21849457919597626,0.2826673090457916,-0.10205720365047455,0.7816287875175476,0.11132726818323135,0.2563196122646332,0.32144564390182495,0.18970561027526855,0.18167993426322937,0.2719011604785919,-0.13865400850772858,0.6790586113929749,0.10499381273984909,0.2585006356239319,0.295823335647583,0.19405744969844818,0.1565953940153122,0.2808976471424103,-0.16079328954219818,0.6601046919822693,0.14793872833251953,0.2629576623439789,0.31401681900024414,0.19889995455741882,0.16059108078479767,0.2903585433959961,-0.10509159415960312,0.6472346186637878,0.14516663551330566,0.6222047805786133,0.22685588896274567,0.999640703201294,0.20399287343025208,0.6445146799087524,-0.2274722307920456,0.9998550415039062,0.36214256286621094,0.5760249495506287,0.5584554672241211,0.5790088772773743,0.17497366666793823,0.8272929787635803,0.10663224011659622,0.9906806349754333,0.3631952106952667,0.7267373204231262,0.9876621961593628,0.6206744909286499,0.10327768325805664,0.9781850576400757,0.3603605031967163,0.9936289191246033,0.3326145112514496,0.7481080293655396,1.0256043672561646,0.7349098324775696,0.07168905436992645,0.9913692474365234,0.38076239824295044,0.9845550656318665,0.4453713297843933,0.75443035364151,1.041835069656372,0.6954886317253113,0.23457802832126617,0.998435378074646,0.20015589892864227,0.9803193211555481
U19_v1,180,1,0.24301190674304962,0.32190942764282227,-0.19439338147640228,0.9981776475906372,0.2182493805885315,0.30945083498954773,-0.22342680394649506,0.9978906512260437,0.2103734314441681,0.30931517481803894,-0.22369016706943512,0.9977371692657471,0.2027396261692047,0.30915138125419617,-0.22371232509613037,0.9971031546592712,0.23369702696800232,0.31069278717041016,-0.27497097849845886,0.9973493814468384,0.2363632768392563,0.3114374577999115,-0.27504026889801025,0.9976366758346558,0.23890246450901031,0.3123275637626648,-0.275130957365036,0.9976317882537842,0.1731850504875183,0.323862761259079,-0.2396068572998047,0.9992496371269226,0.22701825201511383,0.32820188999176025,-0.4733462631702423,0.9988215565681458,0.23128031194210052,0.3370133936405182,-0.18151716887950897,0.9989000558853149,0.24541518092155457,0.33845773339271545,-0.24959690868854523,0.9979555606842041,0.10735738277435303,0.3929217457771301,-0.03723384067416191,0.9953070282936096,0.25957971811294556,0.40613192319869995,-0.6443971991539001,0.9994237422943115,0.19225484132766724,0.28403568267822266,0.1920294165611267,0.6617480516433716,0.4461152255535126,0.35681530833244324,-0.5111085176467896,0.9684309363365173,0.15631236135959625,0.24349692463874817,0.33349576592445374,0.3468156158924103,0.24693995714187622,0.2957048714160919,-0.0815201923251152,0.8167039752006531,0.11702465265989304,0.25424614548683167,0.32534557580947876,0.24981708824634552,0.2117006480693817,0.2830136716365814,-0.11963983625173569,0.6974254250526428,0.10381469130516052,0.25643375515937805,0.30465319752693176,0.2519310712814331,0.18676146864891052,0.29125523567199707,-0.14524832367897034,0.673687219619751,0.12740352749824524,0.25949281454086304,0.3192000091075897,0.256491482257843,0.19850653409957886,0.3036288321018219,-0.08633042871952057,0.6757111549377441,0.1588262915611267,0.6276755332946777,0.22404257953166962,0.9993382096290588,0.2073158621788025,0.6531465649604797,-0.22456052899360657,0.9997692704200745,0.3645815849304199,0.5742976665496826,0.6002492308616638,0.6122671365737915,0.1755533218383789,0.8415190577507019,0.09727313369512558,0.9879295825958252,0.37703752517700195,0.7369135022163391,1.0711908340454102,0.6418941617012024,0.09902235865592957,0.9940838813781738,0.4015066623687744,0.9934741854667664,0.34641969203948975,0.7579395771026611,1.110954761505127,0.7027465105056763,0.10833752900362015,1.0049562454223633,0.42645788192749023,0.9774681329727173,0.4726729094982147,0.7705092430114746,1.1029118299484253,0.6993657350540161,0.23650801181793213,1.0227160453796387,0.2115565985441208,0.9796754121780396
U19_v1,181,1,0.249212846159935,0.3251422941684723,-0.11210455745458603,0.9973015785217285,0.22301265597343445,0.31246137619018555,-0.15121546387672424,0.9963349103927612,0.21360209584236145,0.3120453953742981,-0.15152095258235931,0.9962634444236755,0.20186825096607208,0.31144148111343384,-0.15158790349960327,0.9954056739807129,0.2444397360086441,0.31358224153518677,-0.19555506110191345,0.9955316781997681,0.24900540709495544,0.31399795413017273,-0.19560040533542633,0.9960873126983643,0.253109335899353,0.31452953815460205,-0.19570910930633545,0.9956663846969604,0.1723117232322693,0.3235545754432678,-0.21351253986358643,0.9985033273696899,0.2442229986190796,0.32860592007637024,-0.4162258207798004,0.9974839687347412,0.2299773395061493,0.3393131494522095,-0.11507722735404968,0.9973011612892151,0.253721684217453,0.3410184383392334,-0.17423249781131744,0.9958381652832031,0.09989576041698456,0.39382392168045044,-0.04281384125351906,0.993838369846344,0.2774835228919983,0.407275915145874,-0.5813730955123901,0.9986659288406372,0.17135006189346313,0.30162155628204346,0.17754653096199036,0.534447968006134,0.47892463207244873,0.37166446447372437,-0.4607664942741394,0.9358026385307312,0.15575258433818817,0.24787837266921997,0.2851558029651642,0.33578062057495117,0.3004026412963867,0.31743645668029785,-0.07700539380311966,0.7062968015670776,0.12589438259601593,0.254431813955307,0.27379050850868225,0.28175678849220276,0.2761062681674957,0.307504802942276,-0.11393510550260544,0.6216785311698914,0.1137775182723999,0.25741803646087646,0.2510816156864166,0.2825927436351776,0.24189619719982147,0.32259154319763184,-0.14363040030002594,0.6071183681488037,0.13020138442516327,0.26025983691215515,0.2714747488498688,0.2785157263278961,0.2541581988334656,0.333102822303772,-0.08416363596916199,0.5961301922798157,0.1614047735929489,0.628416895866394,0.20613349974155426,0.9992762207984924,0.21305547654628754,0.6456458568572998,-0.20648376643657684,0.9996699094772339,0.3753485381603241,0.6073143482208252,0.5884402990341187,0.5015507340431213,0.1873580515384674,0.8229402899742126,0.13650308549404144,0.9796115756034851,0.3931882977485657,0.7514930963516235,1.0462907552719116,0.5500212907791138,0.1531486213207245,0.957252025604248,0.44702228903770447,0.9869202375411987,0.3627196252346039,0.771257758140564,1.0863758325576782,0.6550244092941284,0.12219296395778656,0.9804049730300903,0.4743334949016571,0.9597513675689697,0.4816385507583618,0.7779597640037537,1.084328532218933,0.6078070998191833,0.2440301924943924,0.9971688389778137,0.303449422121048,0.9607351422309875
U19_v1,182,1,0.25701016187667847,0.32843658328056335,-0.17603430151939392,0.9985716342926025,0.23149357736110687,0.31361258029937744,-0.18654263019561768,0.9980350136756897,0.22472527623176575,0.3135816156864166,-0.1868041306734085,0.997765302658081,0.21897375583648682,0.3137073516845703,-0.18684689700603485,0.9977467656135559,0.24371744692325592,0.3138539791107178,-0.2551887333393097,0.9981533885002136,0.24526940286159515,0.31405770778656006,-0.25529956817626953,0.9983841180801392,0.24700519442558289,0.314637690782547,-0.25543344020843506,0.9985454082489014,0.18745464086532593,0.3237075209617615,-0.13994050025939941,0.9991753697395325,0.23310662806034088,0.3269886374473572,-0.45377039909362793,0.9989966750144958,0.24229314923286438,0.34220606088638306,-0.14045020937919617,0.9983528852462769,0.2525804936885834,0.3425426185131073,-0.2316688597202301,0.996896505355835,0.1343335509300232,0.3951743245124817,0.09220819920301437,0.9970145225524902,0.2630341351032257,0.415684312582016,-0.6197768449783325,0.9991676807403564,0.24517464637756348,0.304905503988266,0.41617900133132935,0.44636866450309753,0.5028979778289795,0.4090452790260315,-0.4039936065673828,0.9357020258903503,0.16408762335777283,0.2504737973213196,0.682410478591919,0.3093567490577698,0.36665451526641846,0.37347280979156494,0.2127900868654251,0.7544121742248535,0.12492245435714722,0.2528899908065796,0.7106840014457703,0.23992562294006348,0.3255960941314697,0.35978829860687256,0.2065751850605011,0.6737216711044312,0.11925601959228516,0.2576260566711426,0.7079501748085022,0.23460102081298828,0.2989717125892639,0.3599129319190979,0.17556311190128326,0.6599376797676086,0.15154698491096497,0.2609422504901886,0.6793577671051025,0.2296706885099411,0.29716163873672485,0.36068665981292725,0.21116982400417328,0.6504175662994385,0.17780470848083496,0.6366291046142578,0.23682251572608948,0.999066174030304,0.20353873074054718,0.6536919474601746,-0.23704037070274353,0.9995230436325073,0.38762497901916504,0.6247371435165405,0.6568827629089355,0.48196664452552795,0.18746107816696167,0.8273055553436279,0.11731085926294327,0.9513812065124512,0.39764779806137085,0.7582412362098694,1.1529560089111328,0.505994439125061,0.17394131422042847,0.9626291990280151,0.4872124493122101,0.980807363986969,0.363035649061203,0.7774335741996765,1.199182152748108,0.6117711663246155,0.14690905809402466,0.9841196537017822,0.5225089192390442,0.9457640051841736,0.4739329218864441,0.7858982682228088,1.1946687698364258,0.6223822832107544,0.26944684982299805,1.0059285163879395,0.33735179901123047,0.9563264846801758
U19_v1,183,1,0.24554654955863953,0.3252675533294678,-0.25280025601387024,0.9981707334518433,0.22415779531002045,0.3127398192882538,-0.2419675588607788,0.9975370168685913,0.21925316751003265,0.3130725026130676,-0.24226970970630646,0.9973239898681641,0.21525998413562775,0.31353843212127686,-0.24235843122005463,0.9973601698875427,0.23330968618392944,0.3132174015045166,-0.32207900285720825,0.9978725910186768,0.23445749282836914,0.31476476788520813,-0.3222386837005615,0.9981244206428528,0.23586112260818481,0.3157450556755066,-0.32241058349609375,0.9982767105102539,0.1965089738368988,0.326666921377182,-0.11861404031515121,0.9989972710609436,0.22256755828857422,0.33095023036003113,-0.4843626320362091,0.9986874461174011,0.23811815679073334,0.3407481610774994,-0.1934840977191925,0.997527539730072,0.24151578545570374,0.34019604325294495,-0.2995283007621765,0.995455265045166,0.17156654596328735,0.3995405435562134,0.1234215646982193,0.9959942102432251,0.24691668152809143,0.4239233136177063,-0.6394123435020447,0.9981632828712463,0.29389330744743347,0.29247578978538513,0.3538055419921875,0.4973578155040741,0.49422287940979004,0.438041627407074,-0.45985183119773865,0.9300696849822998,0.19590966403484344,0.24888569116592407,0.5407071709632874,0.43755587935447693,0.38132530450820923,0.39664721488952637,0.09556778520345688,0.7809916734695435,0.1527164727449417,0.25431644916534424,0.5539752244949341,0.2983959913253784,0.34456610679626465,0.38229724764823914,0.08299055695533752,0.7072873115539551,0.14494505524635315,0.2623182535171509,0.5640846490859985,0.2903568744659424,0.31283682584762573,0.3818543553352356,0.042746469378471375,0.6928233504295349,0.18973028659820557,0.2622417211532593,0.5393136739730835,0.2909042239189148,0.3167499899864197,0.38934266567230225,0.0893697738647461,0.6815763711929321,0.20841878652572632,0.6296561360359192,0.23893046379089355,0.9974573254585266,0.20406988263130188,0.6440026164054871,-0.23882770538330078,0.9983710646629333,0.4167889356613159,0.6128172874450684,0.6015536189079285,0.5727828145027161,0.19721025228500366,0.8206612467765808,0.05226048454642296,0.9509786367416382,0.40578022599220276,0.7695080041885376,1.0494929552078247,0.5458729267120361,0.14433038234710693,0.9602260589599609,0.3710576295852661,0.9784284234046936,0.37250983715057373,0.790518581867218,1.0887024402618408,0.6284177303314209,0.11843541264533997,0.9798375368118286,0.399761825799942,0.9195683598518372,0.4954691529273987,0.8038411140441895,1.0548961162567139,0.6575631499290466,0.2350008189678192,1.009615182876587,0.17619331181049347,0.9494006633758545
U19_v1,184,1,0.2607137858867645,0.328591912984848,-0.22782596945762634,0.998777449131012,0.2375519871711731,0.3149256110191345,-0.2405635416507721,0.9984129667282104,0.23079156875610352,0.31521517038345337,-0.2408359795808792,0.9984235763549805,0.2251484990119934,0.3157031536102295,-0.24087059497833252,0.9981852173805237,0.25049063563346863,0.31600818037986755,-0.30856430530548096,0.9985866546630859,0.2522061765193939,0.31665316224098206,-0.30875498056411743,0.998785674571991,0.25403040647506714,0.31781429052352905,-0.30896252393722534,0.9986575841903687,0.2004949450492859,0.3268575668334961,-0.19410327076911926,0.9992384910583496,0.24189451336860657,0.3313198685646057,-0.5034372806549072,0.9990304708480835,0.2465643435716629,0.3427213430404663,-0.19177892804145813,0.997967541217804,0.2575547397136688,0.3429013788700104,-0.28173673152923584,0.9955713152885437,0.1687871813774109,0.3971647024154663,0.06194746866822243,0.9974613189697266,0.26861631870269775,0.4338677227497101,-0.6526716947555542,0.9978998899459839,0.27573394775390625,0.28560081124305725,0.393198162317276,0.5082119703292847,0.5046405792236328,0.464523047208786,-0.385954350233078,0.9377655982971191,0.20821374654769897,0.24415257573127747,0.607628345489502,0.7722823619842529,0.4086570739746094,0.41061174869537354,0.26694703102111816,0.8331751227378845,0.1649836301803589,0.24554035067558289,0.6297881007194519,0.6739903092384338,0.37910908460617065,0.39137768745422363,0.26618197560310364,0.7601062059402466,0.16253672540187836,0.24851298332214355,0.6075887680053711,0.6641547679901123,0.34736618399620056,0.3871097266674042,0.23688258230686188,0.7401629090309143,0.18149371445178986,0.2503613233566284,0.5962810516357422,0.6362787485122681,0.34505197405815125,0.39185112714767456,0.2677517533302307,0.7224684953689575,0.22880543768405914,0.6337275505065918,0.2394406497478485,0.9987648725509644,0.21011853218078613,0.6551331877708435,-0.2395627647638321,0.9991631507873535,0.43519899249076843,0.6178732514381409,0.6490731239318848,0.7587984800338745,0.19689254462718964,0.8377606868743896,0.10099506378173828,0.9716722965240479,0.41398411989212036,0.7799126505851746,1.2050906419754028,0.7622802257537842,0.11672234535217285,0.9815986156463623,0.5040040016174316,0.9916931986808777,0.378622829914093,0.8033000826835632,1.2552136182785034,0.7901713848114014,0.11871180683374405,0.9905298948287964,0.5402651429176331,0.9565911293029785,0.48880645632743835,0.8126416206359863,1.203728199005127,0.8192024827003479,0.22809840738773346,1.0236518383026123,0.287023663520813,0.9760112762451172
U19_v1,185,1,0.25389936566352844,0.3233374357223511,-0.2214057594537735,0.9985992312431335,0.23254981637001038,0.31031885743141174,-0.23043107986450195,0.9982688426971436,0.2281893789768219,0.3105863928794861,-0.23078110814094543,0.9982366561889648,0.22438649833202362,0.31067660450935364,-0.2308681309223175,0.9981030225753784,0.23964913189411163,0.31299999356269836,-0.2906997501850128,0.998600423336029,0.2402750849723816,0.31436827778816223,-0.2909238934516907,0.9987903237342834,0.24123845994472504,0.3160061836242676,-0.29117706418037415,0.9988119602203369,0.20701277256011963,0.3240217864513397,-0.18626812100410461,0.999231219291687,0.22745399177074432,0.33224034309387207,-0.4612133502960205,0.999175488948822,0.24915656447410583,0.3405533730983734,-0.18974676728248596,0.9980145692825317,0.253195196390152,0.34274956583976746,-0.26971909403800964,0.9970173835754395,0.18945008516311646,0.39235037565231323,0.0321003757417202,0.9954720735549927,0.27040672302246094,0.43902522325515747,-0.5804426670074463,0.998320996761322,0.2862326204776764,0.3036738932132721,0.24755439162254333,0.35550957918167114,0.494281530380249,0.5006247758865356,-0.3609301745891571,0.9109888672828674,0.23763464391231537,0.23892667889595032,0.3544488549232483,0.6354525089263916,0.4210713505744934,0.4352567195892334,0.1475362926721573,0.7606469988822937,0.18512767553329468,0.2312687635421753,0.3562489151954651,0.5565218925476074,0.37992334365844727,0.419515460729599,0.1390436887741089,0.7111413478851318,0.18078672885894775,0.2310185730457306,0.34630775451660156,0.5451532602310181,0.33985450863838196,0.4084717631340027,0.10231984406709671,0.6920904517173767,0.20317542552947998,0.23789718747138977,0.34547263383865356,0.524817943572998,0.36586201190948486,0.4158240556716919,0.1424012929201126,0.6765034794807434,0.23115882277488708,0.6329969763755798,0.20368213951587677,0.9975476861000061,0.21425673365592957,0.6544853448867798,-0.20339623093605042,0.9988981485366821,0.43885159492492676,0.6389530301094055,0.6076244115829468,0.6443347334861755,0.20591817796230316,0.8361707329750061,0.03356129303574562,0.9743396043777466,0.4174978733062744,0.7951189279556274,1.1155030727386475,0.6331650614738464,0.12571826577186584,0.9791132211685181,0.301254004240036,0.978213369846344,0.3842500150203705,0.8200376033782959,1.1591814756393433,0.6613974571228027,0.11052235960960388,1.0003315210342407,0.3227560520172119,0.9023848176002502,0.5050303936004639,0.8268364667892456,1.1155989170074463,0.7176366448402405,0.2377287745475769,1.0290778875350952,0.08603744953870773,0.9413501024246216
U19_v1,186,1,0.2735302150249481,0.3243834674358368,-0.09034804999828339,0.9996821880340576,0.25441867113113403,0.31207311153411865,-0.09480252861976624,0.9995902180671692,0.2501039505004883,0.31218793988227844,-0.09508178383111954,0.9995821118354797,0.24592694640159607,0.31206730008125305,-0.09508068859577179,0.9995357990264893,0.261178582906723,0.3126469850540161,-0.15723884105682373,0.9996999502182007,0.2612215280532837,0.313306599855423,-0.1575351506471634,0.9997239708900452,0.2617233395576477,0.3140221834182739,-0.15779349207878113,0.9997031092643738,0.22643639147281647,0.3226889967918396,-0.0514654815196991,0.9997400641441345,0.24893617630004883,0.32900986075401306,-0.3391099274158478,0.9997895359992981,0.26539966464042664,0.3403770923614502,-0.060913894325494766,0.9994027614593506,0.2694185972213745,0.3413151800632477,-0.14491361379623413,0.9992977380752563,0.19654729962348938,0.3918842077255249,0.10746239125728607,0.9979496598243713,0.28498828411102295,0.43314674496650696,-0.46487680077552795,0.9994584918022156,0.256297767162323,0.291923850774765,0.20564955472946167,0.6430225968360901,0.4814920425415039,0.5248184204101562,-0.23367434740066528,0.935554563999176,0.241366446018219,0.2197468876838684,0.19200275838375092,0.9030417799949646,0.4538169503211975,0.4614011347293854,0.3563845455646515,0.7576545476913452,0.2004275918006897,0.2104850709438324,0.17116346955299377,0.8569816946983337,0.4506133198738098,0.44405296444892883,0.37296387553215027,0.7163884043693542,0.19384372234344482,0.20999330282211304,0.16039340198040009,0.8520405292510986,0.4216139018535614,0.43953919410705566,0.33606818318367004,0.699874997138977,0.20626623928546906,0.21290072798728943,0.17718154191970825,0.8490737080574036,0.4118252992630005,0.4450554847717285,0.35403046011924744,0.6987115144729614,0.23500759899616241,0.6375200152397156,0.2119220644235611,0.9985369443893433,0.21885527670383453,0.658730685710907,-0.21233464777469635,0.9993215799331665,0.4466439485549927,0.6469178199768066,0.5630275011062622,0.7133667469024658,0.20739740133285522,0.8354843258857727,-0.044339124113321304,0.9847385883331299,0.42081958055496216,0.817572295665741,0.9950240850448608,0.7232663035392761,0.12690430879592896,0.987187385559082,0.16122528910636902,0.9833641052246094,0.38184571266174316,0.8408898115158081,1.032204031944275,0.7718020081520081,0.09587472677230835,0.9942617416381836,0.17723500728607178,0.931448757648468,0.5120728015899658,0.8488568067550659,1.004711627960205,0.8128190636634827,0.22624120116233826,1.0458579063415527,-0.04898941144347191,0.953283965587616
U19_v1,187,1,0.27477505803108215,0.32681208848953247,-0.12957316637039185,0.9999231100082397,0.25847139954566956,0.31692132353782654,-0.12540201842784882,0.9998769760131836,0.2545512020587921,0.31728461384773254,-0.12551206350326538,0.9998745918273926,0.25181806087493896,0.31744226813316345,-0.1255446821451187,0.9998693466186523,0.2636566162109375,0.31785306334495544,-0.1871960163116455,0.9999246597290039,0.2629721760749817,0.3190164268016815,-0.18737010657787323,0.9999269247055054,0.2632150650024414,0.32011112570762634,-0.18754275143146515,0.9999189376831055,0.2321644276380539,0.32848504185676575,-0.04258022457361221,0.999923825263977,0.24993421137332916,0.33432817459106445,-0.3310423791408539,0.9999438524246216,0.2639310359954834,0.34311607480049133,-0.08723434060811996,0.999829888343811,0.2655319273471832,0.34427589178085327,-0.17137886583805084,0.9998459815979004,0.21694731712341309,0.3965802490711212,0.09133881330490112,0.9990271329879761,0.28375017642974854,0.4328393340110779,-0.43284687399864197,0.9997685551643372,0.295518159866333,0.2981892228126526,0.15720784664154053,0.8403852581977844,0.42806851863861084,0.5420716404914856,-0.26138389110565186,0.9315875768661499,0.25571590662002563,0.2045058310031891,0.15224651992321014,0.9505655765533447,0.4774448871612549,0.5041618347167969,0.21727071702480316,0.6936880350112915,0.22932063043117523,0.19215437769889832,0.11697083711624146,0.9105435013771057,0.48994845151901245,0.4922679364681244,0.22793088853359222,0.6630529761314392,0.22050544619560242,0.19303923845291138,0.11852197349071503,0.9064785838127136,0.46786123514175415,0.48463863134384155,0.18911628425121307,0.6493069529533386,0.22775933146476746,0.1964637041091919,0.14132805168628693,0.908890962600708,0.4586482644081116,0.4867088794708252,0.2127925455570221,0.6369389891624451,0.25561344623565674,0.6419309377670288,0.2020513415336609,0.9989288449287415,0.22568447887897491,0.6652942895889282,-0.20245064795017242,0.9996009469032288,0.4446110129356384,0.6705663800239563,0.5906371474266052,0.7469265460968018,0.21996259689331055,0.8398992419242859,-0.06982463598251343,0.9881266355514526,0.4205707311630249,0.8307709097862244,1.0251328945159912,0.7319849133491516,0.12871259450912476,0.9924613833427429,0.08554279804229736,0.977182924747467,0.3820967674255371,0.8544570803642273,1.0640015602111816,0.7813016772270203,0.09276819229125977,0.9956092834472656,0.0964559018611908,0.9227145314216614,0.5061231851577759,0.8640910983085632,1.0368977785110474,0.7918286919593811,0.2177714854478836,1.0475645065307617,-0.12787418067455292,0.9338026642799377
U19_v1,188,1,0.29160141944885254,0.3286913335323334,-0.18273450434207916,0.9999436140060425,0.2751661241054535,0.32023686170578003,-0.16879253089427948,0.999893069267273,0.2721003592014313,0.3206391930580139,-0.16888569295406342,0.9998890161514282,0.2700434923171997,0.3208497166633606,-0.16884855926036835,0.9998879432678223,0.2769644558429718,0.32151639461517334,-0.23654097318649292,0.9999457597732544,0.275102823972702,0.3230242431163788,-0.23676040768623352,0.999945878982544,0.2743005156517029,0.3245190978050232,-0.23691952228546143,0.999942421913147,0.24870510399341583,0.3328635096549988,-0.053565043956041336,0.9999147653579712,0.25964120030403137,0.3412996232509613,-0.36853083968162537,0.9999531507492065,0.28371280431747437,0.34397071599960327,-0.12941142916679382,0.9998477697372437,0.28380054235458374,0.3457212448120117,-0.221291184425354,0.9998854398727417,0.23609454929828644,0.39425724744796753,0.08689802139997482,0.9991669654846191,0.2889709174633026,0.4402921199798584,-0.48149070143699646,0.9998743534088135,0.29404857754707336,0.2876881957054138,0.15233813226222992,0.8679694533348083,0.37554705142974854,0.5533995032310486,-0.36513185501098633,0.9661843776702881,0.2709802985191345,0.19186106324195862,0.09354829788208008,0.9668994545936584,0.4966479539871216,0.5339787006378174,0.019384633749723434,0.8239686489105225,0.2459874153137207,0.17714908719062805,0.040536969900131226,0.9419779777526855,0.523980438709259,0.525965690612793,0.0037204716354608536,0.7967482209205627,0.23912760615348816,0.17452779412269592,0.02231694385409355,0.9395194053649902,0.4991276264190674,0.5135675072669983,-0.027540793642401695,0.7887031435966492,0.2452355921268463,0.1800781786441803,0.07204301655292511,0.9417312741279602,0.48556721210479736,0.5144062042236328,0.01639273762702942,0.7628581523895264,0.25468337535858154,0.6408897638320923,0.22598612308502197,0.999309778213501,0.222830668091774,0.6659917831420898,-0.22646532952785492,0.9997770190238953,0.44679880142211914,0.6951087713241577,0.6253073215484619,0.8127111792564392,0.23134352266788483,0.8389427065849304,-0.09031984210014343,0.9932978749275208,0.4209815561771393,0.8501378893852234,1.092699408531189,0.8527480363845825,0.13318127393722534,0.9886559247970581,0.09214089065790176,0.9869328141212463,0.38085806369781494,0.8717185854911804,1.1335304975509644,0.853205680847168,0.09969815611839294,0.9950746297836304,0.10401593893766403,0.9378185868263245,0.5100069046020508,0.8854916095733643,1.0757464170455933,0.8905964493751526,0.23232954740524292,1.0414941310882568,-0.14574961364269257,0.9648802280426025
U19_v1,189,1,0.3180793523788452,0.33652573823928833,-0.2631915211677551,0.9999645948410034,0.2971273958683014,0.3249267637729645,-0.24543814361095428,0.999937891960144,0.2936595678329468,0.32482147216796875,-0.24555350840091705,0.9999374151229858,0.29082784056663513,0.32450252771377563,-0.24557586014270782,0.9999393224716187,0.2972884178161621,0.32731497287750244,-0.3206515312194824,0.9999706745147705,0.2944326102733612,0.3289845883846283,-0.32083916664123535,0.9999696016311646,0.2921771705150604,0.3312210440635681,-0.32098087668418884,0.9999697208404541,0.2678481638431549,0.33602944016456604,-0.11045382916927338,0.9999513626098633,0.2735811173915863,0.3464680016040802,-0.4568334221839905,0.9999761581420898,0.30891284346580505,0.3499507009983063,-0.20125527679920197,0.999911904335022,0.3080131411552429,0.3543985188007355,-0.3020986020565033,0.9999476671218872,0.24669064581394196,0.39902493357658386,0.03247275575995445,0.9993996620178223,0.2991224229335785,0.44933468103408813,-0.5451136231422424,0.9999126195907593,0.2998131215572357,0.29150792956352234,0.08159608393907547,0.8715782165527344,0.3459039628505707,0.5615185499191284,-0.49944669008255005,0.9796093106269836,0.29869017004966736,0.185322105884552,-0.007482639979571104,0.9647394418716431,0.5164760947227478,0.5814695954322815,-0.2720133066177368,0.8571408987045288,0.2802704870700836,0.16322198510169983,-0.07547691464424133,0.9390062689781189,0.5485291481018066,0.578130841255188,-0.30852818489074707,0.8234043717384338,0.27305009961128235,0.15997540950775146,-0.09446753561496735,0.9355898499488831,0.5445579290390015,0.564866304397583,-0.33874502778053284,0.8162412643432617,0.2766278386116028,0.16854140162467957,-0.030113456770777702,0.9380512833595276,0.5335781574249268,0.5646779537200928,-0.2772512137889862,0.7838177680969238,0.2513890266418457,0.6435319185256958,0.2256609946489334,0.9990047812461853,0.23343735933303833,0.6669251918792725,-0.22619624435901642,0.99972003698349,0.4533880949020386,0.7047122716903687,0.5904959440231323,0.8003963828086853,0.23713934421539307,0.8408572673797607,-0.09671250730752945,0.9919971823692322,0.42761072516441345,0.8618360757827759,1.0460278987884521,0.8372453451156616,0.1447051763534546,0.9870935082435608,0.06845740228891373,0.9830599427223206,0.387323796749115,0.884315013885498,1.0841879844665527,0.8282603025436401,0.10360875725746155,0.9891287684440613,0.07782040536403656,0.9194201231002808,0.5160648226737976,0.8926130533218384,1.0266680717468262,0.8793997168540955,0.24303098022937775,1.0446557998657227,-0.165433868765831,0.9578083157539368
U19_v1,190,1,0.31399786472320557,0.34169015288352966,-0.3575124442577362,0.9999890327453613,0.29889023303985596,0.3282051384449005,-0.33279719948768616,0.9999785423278809,0.2975010871887207,0.32786956429481506,-0.33277657628059387,0.9999779462814331,0.29663121700286865,0.3274310529232025,-0.332791805267334,0.9999781847000122,0.2961849272251129,0.33098679780960083,-0.40922707319259644,0.9999916553497314,0.2930898070335388,0.332628071308136,-0.40929967164993286,0.9999912977218628,0.29072901606559753,0.3342498540878296,-0.40932753682136536,0.9999909400939941,0.27904078364372253,0.33911558985710144,-0.16125701367855072,0.9999803304672241,0.27494966983795166,0.34919729828834534,-0.5181912779808044,0.9999923706054688,0.30952146649360657,0.35848650336265564,-0.28366467356681824,0.9999725818634033,0.3037879467010498,0.3615102767944336,-0.3873650133609772,0.9999872446060181,0.278298020362854,0.4018797278404236,-0.029381446540355682,0.9997195601463318,0.2748014032840729,0.45105797052383423,-0.5926066040992737,0.9999738931655884,0.30496907234191895,0.2808806598186493,0.01513590756803751,0.9397919178009033,0.3280099034309387,0.5739476680755615,-0.6401250958442688,0.9893618226051331,0.31238827109336853,0.17254739999771118,-0.08257260173559189,0.9800167083740234,0.5038723349571228,0.6302618384361267,-0.5259532928466797,0.8989083170890808,0.30402255058288574,0.15241459012031555,-0.16731373965740204,0.9590938687324524,0.5541159510612488,0.6398621797561646,-0.5732799172401428,0.8608031868934631,0.3015328645706177,0.150405615568161,-0.1802123337984085,0.9564729332923889,0.5596053600311279,0.6258977651596069,-0.6045539379119873,0.8560965061187744,0.30279740691185,0.1557157337665558,-0.10547896474599838,0.9593797922134399,0.5458688139915466,0.6228541731834412,-0.5334445238113403,0.8251368999481201,0.2661631107330322,0.6522196531295776,0.23147360980510712,0.9994038343429565,0.22720623016357422,0.6751086711883545,-0.23213259875774384,0.9998695850372314,0.43873336911201477,0.7170937061309814,0.6544321179389954,0.8430585861206055,0.2607293128967285,0.8445203900337219,-0.11186645179986954,0.9940656423568726,0.42539098858833313,0.8710570335388184,1.1318981647491455,0.871402382850647,0.1479431390762329,0.9904069900512695,0.05043473094701767,0.9851192831993103,0.38825222849845886,0.890180230140686,1.1722291707992554,0.8510942459106445,0.11122101545333862,0.9951964616775513,0.05974258482456207,0.9292354583740234,0.497733473777771,0.9055620431900024,1.1109845638275146,0.8951092958450317,0.25137093663215637,1.0444430112838745,-0.18432968854904175,0.9651432037353516
U19_v1,191,1,0.3341102600097656,0.34861403703689575,-0.49111026525497437,0.9999892711639404,0.31782692670822144,0.3346250355243683,-0.4656814932823181,0.9999779462814331,0.3160974383354187,0.33483555912971497,-0.465588241815567,0.99997878074646,0.31466248631477356,0.33483514189720154,-0.4656144678592682,0.9999784231185913,0.31455886363983154,0.3367132544517517,-0.5468044877052307,0.9999920129776001,0.3108000159263611,0.338430255651474,-0.5468977689743042,0.9999921321868896,0.3073529899120331,0.33993688225746155,-0.5469025373458862,0.9999911785125732,0.2950434684753418,0.34807294607162476,-0.28333187103271484,0.9999833106994629,0.2856690585613251,0.35521200299263,-0.6620379686355591,0.9999938011169434,0.3281414210796356,0.3656691014766693,-0.41284093260765076,0.9999783039093018,0.3231038451194763,0.36850443482398987,-0.5221713185310364,0.9999903440475464,0.2987363636493683,0.4175233840942383,-0.15153317153453827,0.9996809959411621,0.28491896390914917,0.4577235281467438,-0.7103250622749329,0.9999614953994751,0.32265007495880127,0.2815914750099182,-0.1424659639596939,0.9538623690605164,0.32797932624816895,0.5902116298675537,-0.8007883429527283,0.9860820770263672,0.3339551091194153,0.16459813714027405,-0.24881285429000854,0.9785190224647522,0.47541195154190063,0.6683979630470276,-0.7269762754440308,0.8140503168106079,0.328482985496521,0.14647531509399414,-0.3381069600582123,0.948747456073761,0.5248980522155762,0.6897763013839722,-0.7756105065345764,0.7499004006385803,0.33031198382377625,0.14198121428489685,-0.3416126072406769,0.9454021453857422,0.5480234622955322,0.6796247959136963,-0.8037050366401672,0.74110347032547,0.3286491930484772,0.1493881344795227,-0.2695405185222626,0.9503855109214783,0.5354437828063965,0.6731878519058228,-0.734390139579773,0.7087724804878235,0.2770988345146179,0.6650640368461609,0.22138060629367828,0.9992730021476746,0.23238274455070496,0.6834662556648254,-0.22208112478256226,0.9998148083686829,0.4286996126174927,0.7396250367164612,0.6163550615310669,0.8474944829940796,0.2802155315876007,0.8438321352005005,-0.02402546815574169,0.9925825595855713,0.41489332914352417,0.8865705132484436,1.0640485286712646,0.8727214932441711,0.17166706919670105,0.9819775819778442,0.2093709409236908,0.9785811305046082,0.3813764452934265,0.9075024127960205,1.10160231590271,0.8656863570213318,0.14248120784759521,0.9873261451721191,0.22417312860488892,0.9153534173965454,0.5071316957473755,0.9173927307128906,1.0356175899505615,0.8896116018295288,0.26056957244873047,1.0413795709609985,-0.01005351822823286,0.9494697451591492
U19_v1,192,1,0.3450465202331543,0.3719598352909088,-0.4992853105068207,0.999993085861206,0.3336721360683441,0.35500943660736084,-0.4734783172607422,0.9999810457229614,0.33361250162124634,0.3543492257595062,-0.47333279252052307,0.9999843835830688,0.3341907262802124,0.353585422039032,-0.4733709692955017,0.9999819993972778,0.3239491581916809,0.3578873872756958,-0.5463769435882568,0.9999932050704956,0.3182615041732788,0.3602299690246582,-0.5464025735855103,0.9999943971633911,0.31298619508743286,0.36194419860839844,-0.5464543700218201,0.9999926090240479,0.3162049651145935,0.3654237687587738,-0.2893449366092682,0.9999890327453613,0.2869124412536621,0.37660107016563416,-0.6289335489273071,0.9999960660934448,0.3432668149471283,0.3862786591053009,-0.42294204235076904,0.9999872446060181,0.3292924165725708,0.39247336983680725,-0.520791232585907,0.9999945163726807,0.3355102837085724,0.4225025475025177,-0.15944033861160278,0.9998161196708679,0.271643728017807,0.47167807817459106,-0.672641396522522,0.9999839067459106,0.34185802936553955,0.2938206195831299,-0.12912026047706604,0.9694029092788696,0.3374788165092468,0.607965886592865,-0.7469074726104736,0.9950366616249084,0.3594152629375458,0.17484113574028015,-0.15931417047977448,0.9876853227615356,0.4655997157096863,0.7073038816452026,-0.6707042455673218,0.9231458902359009,0.35668426752090454,0.15312641859054565,-0.24752028286457062,0.9663669466972351,0.5100257396697998,0.7367125153541565,-0.7012202143669128,0.8752754330635071,0.35607561469078064,0.15146669745445251,-0.23932594060897827,0.9639955163002014,0.5325522422790527,0.7276192307472229,-0.7505795359611511,0.8713992238044739,0.3553314507007599,0.15852606296539307,-0.1754632145166397,0.9688203930854797,0.5227863788604736,0.7191681265830994,-0.6852883696556091,0.8609131574630737,0.3073701858520508,0.6678566336631775,0.21378515660762787,0.9992840886116028,0.2227165848016739,0.6913159489631653,-0.21442583203315735,0.9998452663421631,0.44192594289779663,0.7837384939193726,0.5044269561767578,0.8879170417785645,0.29712748527526855,0.8600971698760986,-0.1023748517036438,0.9939004182815552,0.3965415954589844,0.8900383114814758,0.845328152179718,0.8425204753875732,0.16552035510540009,0.9966459274291992,-0.06453149765729904,0.973050057888031,0.34994885325431824,0.9089634418487549,0.8725530505180359,0.8395957946777344,0.11882399767637253,0.9981877207756042,-0.06707562506198883,0.9035688042640686,0.48520827293395996,0.938848614692688,0.8425279259681702,0.8516945838928223,0.27046456933021545,1.075989842414856,-0.2848365008831024,0.9382334351539612
U19_v1,193,1,0.3577203154563904,0.38008546829223633,-0.40094178915023804,0.9999634027481079,0.34437280893325806,0.36650946736335754,-0.3776586651802063,0.9998829364776611,0.3429715037345886,0.36581534147262573,-0.37749433517456055,0.9999022483825684,0.3416600525379181,0.3649614453315735,-0.37748032808303833,0.9998927116394043,0.3394436240196228,0.36927512288093567,-0.45710182189941406,0.9999583959579468,0.3349147439002991,0.37059056758880615,-0.4571005702018738,0.9999685287475586,0.3310856521129608,0.3718253970146179,-0.4572199583053589,0.9999599456787109,0.31851479411125183,0.3740078806877136,-0.209685817360878,0.9999269247055054,0.30559980869293213,0.3856041133403778,-0.5797382593154907,0.9999765157699585,0.3492201566696167,0.3965214490890503,-0.3284008204936981,0.9999277591705322,0.34141188859939575,0.39907023310661316,-0.4345797002315521,0.9999675750732422,0.31199198961257935,0.4333035945892334,-0.09043125808238983,0.9995232820510864,0.3004937171936035,0.4735950231552124,-0.6432170867919922,0.9999520778656006,0.35416296124458313,0.3092140853404999,-0.06913935393095016,0.9428848624229431,0.3363920748233795,0.6134241819381714,-0.722997784614563,0.9884191751480103,0.37415993213653564,0.1863303780555725,-0.09985848516225815,0.9832823872566223,0.44309675693511963,0.7391881346702576,-0.6226248741149902,0.8959344029426575,0.37215912342071533,0.1649249792098999,-0.17758598923683167,0.960267961025238,0.4718179702758789,0.7675497531890869,-0.6466708779335022,0.8412094712257385,0.37154701352119446,0.16500335931777954,-0.17341700196266174,0.9584625363349915,0.49167191982269287,0.7641937732696533,-0.689084529876709,0.8375428318977356,0.3709715008735657,0.17067652940750122,-0.11714553833007812,0.9639177322387695,0.483956515789032,0.7561043500900269,-0.6329846978187561,0.8320476412773132,0.2559918463230133,0.681630551815033,0.22637689113616943,0.9989150762557983,0.24480608105659485,0.709617018699646,-0.22727857530117035,0.9996213912963867,0.3556135594844818,0.8124098777770996,0.47613978385925293,0.712585985660553,0.34465545415878296,0.873847484588623,0.012698077596724033,0.9765381217002869,0.2945995330810547,0.9244689345359802,0.7636218667030334,0.7275295853614807,0.18499884009361267,0.9919075965881348,0.25303253531455994,0.9203192591667175,0.2595575153827667,0.9415425658226013,0.7883678674697876,0.7937871813774109,0.14903786778450012,0.9949638247489929,0.2744142711162567,0.8839472532272339,0.39670127630233765,0.9420053958892822,0.7911097407341003,0.7565007209777832,0.2730502486228943,1.0476425886154175,0.14806430041790009,0.8568964004516602
U19_v1,194,1,0.3723832666873932,0.38307687640190125,-0.3132045567035675,0.9999760389328003,0.3568892478942871,0.3699946701526642,-0.29235079884529114,0.9999256134033203,0.3551010489463806,0.36936649680137634,-0.29216185212135315,0.9999381303787231,0.3536001741886139,0.36853280663490295,-0.29210758209228516,0.9999210834503174,0.3513031601905823,0.37216269969940186,-0.3692164421081543,0.9999691247940063,0.3458443880081177,0.37327659130096436,-0.3691251873970032,0.9999774694442749,0.3409672677516937,0.37428930401802063,-0.3691830337047577,0.9999700784683228,0.32646703720092773,0.376369833946228,-0.1377742886543274,0.9999531507492065,0.31428974866867065,0.3863852918148041,-0.4974326193332672,0.9999878406524658,0.3631711006164551,0.3977241516113281,-0.24574093520641327,0.9999642372131348,0.3547629117965698,0.40054187178611755,-0.3485230505466461,0.9999842643737793,0.31861168146133423,0.43701016902923584,-0.026326367631554604,0.9997087121009827,0.32020774483680725,0.4695186913013458,-0.5876316428184509,0.9999743700027466,0.3748118281364441,0.3293403387069702,-0.01210057269781828,0.9242400527000427,0.34465116262435913,0.6194190979003906,-0.673770546913147,0.9894008040428162,0.3981322646141052,0.22316214442253113,-0.05360620468854904,0.9766201972961426,0.4221930503845215,0.7444317936897278,-0.5539936423301697,0.9168793559074402,0.3944665789604187,0.19649651646614075,-0.13360202312469482,0.9476714730262756,0.4282950758934021,0.7747195959091187,-0.5791128873825073,0.8586738109588623,0.3928958475589752,0.1965360939502716,-0.1302378922700882,0.9459500908851624,0.44222116470336914,0.778012752532959,-0.6240912079811096,0.852271556854248,0.3934963345527649,0.20349273085594177,-0.07210571318864822,0.9516861438751221,0.43629202246665955,0.7671321630477905,-0.5656806826591492,0.8509643077850342,0.2687557637691498,0.6947087049484253,0.2237958163022995,0.9989357590675354,0.2780718505382538,0.7196598649024963,-0.2246231734752655,0.9996260404586792,0.34505048394203186,0.8231931328773499,0.5030783414840698,0.78513103723526,0.31933557987213135,0.881044328212738,0.046418555080890656,0.9761499166488647,0.29146018624305725,0.9307140707969666,0.7892047166824341,0.7501441240310669,0.19951370358467102,0.9998446702957153,0.2963305413722992,0.9061606526374817,0.25806403160095215,0.9558380246162415,0.8131737112998962,0.8434467911720276,0.16596050560474396,1.0018064975738525,0.3180457651615143,0.884239912033081,0.4067613184452057,0.951248824596405,0.8180018663406372,0.7531011700630188,0.316627562046051,1.0604300498962402,0.18558408319950104,0.8111711740493774
U19_v1,195,1,0.3764075040817261,0.3935675024986267,-0.37477269768714905,0.9999849796295166,0.36163634061813354,0.38371625542640686,-0.35705795884132385,0.9999551773071289,0.36016595363616943,0.38318005204200745,-0.3569183647632599,0.9999574422836304,0.3592185080051422,0.382407546043396,-0.35693517327308655,0.9999492168426514,0.35467833280563354,0.3862558603286743,-0.4233200252056122,0.9999825954437256,0.3484154939651489,0.38768911361694336,-0.4233573079109192,0.999987006187439,0.34276244044303894,0.3897324502468109,-0.4234998822212219,0.9999853372573853,0.33177071809768677,0.389374703168869,-0.2113586664199829,0.9999716281890869,0.31394603848457336,0.4008917212486267,-0.522769033908844,0.9999940395355225,0.36823612451553345,0.4067440927028656,-0.31015902757644653,0.9999827146530151,0.3584184944629669,0.4105798006057739,-0.3990946412086487,0.9999932050704956,0.31227943301200867,0.4425380825996399,-0.0928569808602333,0.9996750354766846,0.3110257089138031,0.483068585395813,-0.5862317681312561,0.9999805688858032,0.3734281361103058,0.35974064469337463,0.006930834613740444,0.9142775535583496,0.3589937686920166,0.6272054314613342,-0.6221904754638672,0.9903772473335266,0.41974684596061707,0.2595077157020569,0.10186423361301422,0.9588375687599182,0.4008752703666687,0.750872015953064,-0.5115091800689697,0.9515082240104675,0.4156114459037781,0.2388250231742859,0.04639953747391701,0.9116119146347046,0.39481663703918457,0.7785152792930603,-0.5370023846626282,0.9089899063110352,0.4098026156425476,0.24004891514778137,0.053922560065984726,0.9070690274238586,0.400283545255661,0.7788451910018921,-0.5876443386077881,0.9059295058250427,0.40859806537628174,0.24789676070213318,0.0908319354057312,0.9194489121437073,0.40251481533050537,0.7693822979927063,-0.5275206565856934,0.9057525396347046,0.2902625501155853,0.6870114207267761,0.19854113459587097,0.9983940720558167,0.28945744037628174,0.7122163772583008,-0.19884444773197174,0.999548614025116,0.381677508354187,0.8038978576660156,0.47471460700035095,0.7738586068153381,0.3131609559059143,0.8771459460258484,0.023690717294812202,0.9764966368675232,0.3402034342288971,0.9318262338638306,0.7713820934295654,0.6844677925109863,0.19392766058444977,0.9939864873886108,0.23520413041114807,0.9080553650856018,0.29734691977500916,0.961155354976654,0.7958471179008484,0.7774485349655151,0.14419417083263397,1.0030608177185059,0.25442513823509216,0.8768669962882996,0.4172196686267853,0.9606907367706299,0.7939255833625793,0.661616861820221,0.31211990118026733,1.0495917797088623,0.1210959330201149,0.8056410551071167
U19_v1,196,1,0.39743685722351074,0.3737644851207733,-0.22183547914028168,0.9999426603317261,0.3747500777244568,0.36411795020103455,-0.18962866067886353,0.9998670816421509,0.3707694411277771,0.36424875259399414,-0.18952201306819916,0.9998307228088379,0.36711642146110535,0.36440417170524597,-0.18952633440494537,0.9998212456703186,0.37421950697898865,0.36506086587905884,-0.2768137454986572,0.9999520778656006,0.3695243000984192,0.36585596203804016,-0.2768339216709137,0.9999575614929199,0.3643590211868286,0.36681514978408813,-0.2771844267845154,0.9999662637710571,0.33374112844467163,0.37597477436065674,-0.011490676552057266,0.9999148845672607,0.33026596903800964,0.380452036857605,-0.41479334235191345,0.9999847412109375,0.3861190676689148,0.38835176825523376,-0.14575250446796417,0.9997984766960144,0.3834631145000458,0.38997966051101685,-0.262626051902771,0.9999369382858276,0.3153049945831299,0.4493662118911743,0.22533142566680908,0.9988974332809448,0.30839359760284424,0.4731295108795166,-0.5452815294265747,0.999956488609314,0.37623029947280884,0.4094328284263611,0.5755329728126526,0.350781112909317,0.3480493128299713,0.6057521104812622,-0.6396065950393677,0.9418820738792419,0.4156283140182495,0.3276728093624115,1.0473097562789917,0.6621125340461731,0.38771048188209534,0.7242518663406372,-0.5384225249290466,0.890031099319458,0.4179319739341736,0.3061826527118683,1.1287530660629272,0.5076066851615906,0.3785109519958496,0.7508376240730286,-0.5524395704269409,0.8486815094947815,0.4145309329032898,0.30687272548675537,1.1537870168685913,0.4683862328529358,0.38524961471557617,0.7514892816543579,-0.5820592641830444,0.834898054599762,0.40915238857269287,0.3156592845916748,1.0626074075698853,0.478414386510849,0.38910314440727234,0.7435951232910156,-0.5418916344642639,0.7927906513214111,0.30918532609939575,0.6894480586051941,0.21127286553382874,0.9979742169380188,0.30634739995002747,0.7047600746154785,-0.211161270737648,0.9993026256561279,0.3587915897369385,0.8289596438407898,0.5169545412063599,0.5252842903137207,0.3253335952758789,0.8650152683258057,-0.08593681454658508,0.9226105809211731,0.3636398911476135,0.9451733231544495,0.8487341403961182,0.4655395448207855,0.20183640718460083,0.9936593770980835,0.12263905256986618,0.8448565602302551,0.3381192684173584,0.9694398045539856,0.8723056316375732,0.5543205142021179,0.17306216061115265,1.0006933212280273,0.1400800347328186,0.747760534286499,0.41906285285949707,0.9716598391532898,0.8033337593078613,0.5767480134963989,0.30863693356513977,1.042680025100708,-0.025200465694069862,0.7523443698883057
U19_v1,197,1,0.33644944429397583,0.3821571171283722,0.15947242081165314,0.9999090433120728,0.3153807520866394,0.3695405125617981,0.13806243240833282,0.9998290538787842,0.311018168926239,0.3691181540489197,0.13816764950752258,0.9997864365577698,0.3073976933956146,0.3688019812107086,0.13802914321422577,0.9997939467430115,0.32137176394462585,0.37080690264701843,0.07989273220300674,0.9999028444290161,0.32110127806663513,0.37146490812301636,0.07999106496572495,0.9999076128005981,0.3213062882423401,0.3721388280391693,0.07970601320266724,0.9999113082885742,0.28800055384635925,0.37786343693733215,0.09902940690517426,0.9998762607574463,0.3061286211013794,0.3814699947834015,-0.16991062462329865,0.9999481439590454,0.3288629949092865,0.3944729268550873,0.15994217991828918,0.9998217225074768,0.3355308771133423,0.3963095247745514,0.0813935175538063,0.999897837638855,0.2619451582431793,0.4433957040309906,0.27483999729156494,0.9995033740997314,0.3192422688007355,0.4565395712852478,-0.3755861520767212,0.9999213218688965,0.3709053695201874,0.44506871700286865,0.648865282535553,0.4273119568824768,0.35024234652519226,0.5674394965171814,-0.5567169189453125,0.9248980283737183,0.4734301269054413,0.3906365633010864,1.0831435918807983,0.8610019087791443,0.39203551411628723,0.6679309606552124,-0.6319319605827332,0.9101515412330627,0.4887712001800537,0.37408167123794556,1.1704046726226807,0.7829972505569458,0.3792721629142761,0.6942957639694214,-0.6539541482925415,0.8873358964920044,0.49775612354278564,0.3738618791103363,1.1527409553527832,0.7707726955413818,0.3825813829898834,0.6945806741714478,-0.6895318627357483,0.8756259679794312,0.4869976043701172,0.38049280643463135,1.0844454765319824,0.7586012482643127,0.3852345645427704,0.6852766275405884,-0.6424073576927185,0.8331264853477478,0.2986675798892975,0.6636004447937012,0.19281579554080963,0.9986969828605652,0.34966954588890076,0.678017795085907,-0.19294151663780212,0.99899822473526,0.3650306761264801,0.8078259229660034,0.3755648732185364,0.5285523533821106,0.3492049276828766,0.8340592980384827,-0.08894940465688705,0.8910081386566162,0.3577776849269867,0.9366053342819214,0.5736005306243896,0.46184805035591125,0.22111180424690247,0.9823732376098633,0.050560157746076584,0.8520501852035522,0.3534114360809326,0.9621880054473877,0.5820420384407043,0.564619243144989,0.19581963121891022,0.9918476939201355,0.060222286731004715,0.7701479196548462,0.40505358576774597,0.9503539204597473,0.5069065093994141,0.517800509929657,0.3448707163333893,0.986640214920044,-0.08854439854621887,0.7355718016624451
U19_v1,198,1,0.3112596869468689,0.37666720151901245,0.09286805242300034,0.9991820454597473,0.295268177986145,0.3664490580558777,0.09085745364427567,0.9989728927612305,0.29139184951782227,0.3668251633644104,0.0908401682972908,0.9986543655395508,0.28805285692214966,0.36722585558891296,0.09061679244041443,0.9988351464271545,0.29939165711402893,0.3658919036388397,0.029865708202123642,0.999233603477478,0.29835984110832214,0.36597272753715515,0.029826994985342026,0.9991422891616821,0.2977433502674103,0.36615800857543945,0.029567228630185127,0.99930739402771,0.2692980468273163,0.37515896558761597,0.10666517913341522,0.9986972212791443,0.2845492362976074,0.3754572570323944,-0.17066590487957,0.9994102716445923,0.3024948835372925,0.3898466229438782,0.10774820297956467,0.9987272620201111,0.30558162927627563,0.3899344801902771,0.027933428063988686,0.9992844462394714,0.24489782750606537,0.44558244943618774,0.25846123695373535,0.9958274960517883,0.2952878177165985,0.4487563967704773,-0.37608179450035095,0.9996421337127686,0.3555906414985657,0.5065362453460693,0.49145177006721497,0.09999780356884003,0.34803858399391174,0.5505528450012207,-0.3405299484729767,0.8693151473999023,0.4475966989994049,0.48100507259368896,0.7505301833152771,0.08244941383600235,0.4110226035118103,0.5713555812835693,-0.016711518168449402,0.5787777304649353,0.4731009006500244,0.4736838936805725,0.7932920455932617,0.08789241313934326,0.43334439396858215,0.5739408731460571,0.012222275137901306,0.5734475255012512,0.48758387565612793,0.4694746136665344,0.7806414365768433,0.08706000447273254,0.4277403950691223,0.5647461414337158,-0.014785000123083591,0.5602619051933289,0.4632161557674408,0.4730243682861328,0.744865357875824,0.09606997668743134,0.41901102662086487,0.5641542077064514,-0.017179979011416435,0.5367178320884705,0.3255411386489868,0.6656085848808289,0.20514053106307983,0.9943795800209045,0.37907299399375916,0.6753283143043518,-0.2053133100271225,0.997719943523407,0.3670273721218109,0.8011806011199951,0.5057620406150818,0.4300828278064728,0.3738437592983246,0.8242156505584717,-0.1295192837715149,0.920982837677002,0.3508653938770294,0.9296340942382812,0.7533101439476013,0.5362178683280945,0.24639758467674255,0.974916934967041,-0.04641011729836464,0.9053284525871277,0.3356010913848877,0.9490213394165039,0.7704241871833801,0.6174370646476746,0.21011558175086975,0.9893233776092529,-0.03777342662215233,0.8358402252197266,0.3945799767971039,0.9521222710609436,0.7371625304222107,0.5503708720207214,0.35444387793540955,0.9789698123931885,-0.1639079600572586,0.8114836812019348
U19_v1,199,1,0.2887875437736511,0.3714231252670288,0.2516706883907318,0.9944981932640076,0.2716246247291565,0.3605724275112152,0.26502594351768494,0.9944376945495605,0.26761043071746826,0.3603307902812958,0.2649114727973938,0.9934600591659546,0.2637428641319275,0.3599908649921417,0.2648661136627197,0.9942823648452759,0.27805447578430176,0.36021843552589417,0.18610993027687073,0.9946860074996948,0.27864983677864075,0.35983291268348694,0.18580783903598785,0.9942589998245239,0.27990803122520447,0.35940125584602356,0.18530428409576416,0.9946521520614624,0.2476329505443573,0.3674842119216919,0.31120574474334717,0.9895769357681274,0.2756536900997162,0.3669837713241577,-0.04251892492175102,0.9953704476356506,0.2835128903388977,0.38365262746810913,0.27508413791656494,0.9903338551521301,0.2875339090824127,0.3843250274658203,0.1737051159143448,0.9914184808731079,0.22038328647613525,0.4360167384147644,0.450422465801239,0.997657060623169,0.28878533840179443,0.43266236782073975,-0.3086615800857544,0.9987431168556213,0.3026805520057678,0.5374546647071838,0.43037331104278564,0.05230248346924782,0.39512962102890015,0.4995615482330322,-0.21453002095222473,0.8119196891784668,0.37522995471954346,0.5850653052330017,0.3092030882835388,0.0465080551803112,0.3950578570365906,0.48121821880340576,0.37681594491004944,0.24348637461662292,0.401799738407135,0.599891185760498,0.295818954706192,0.05770682170987129,0.3977867364883423,0.47267410159111023,0.43248656392097473,0.24723047018051147,0.3991946280002594,0.5957239866256714,0.27664169669151306,0.05866579711437225,0.38328778743743896,0.4707523286342621,0.4265739917755127,0.236310213804245,0.39097389578819275,0.5908992886543274,0.28809550404548645,0.0562148243188858,0.3775329887866974,0.4761996269226074,0.3925314247608185,0.25479915738105774,0.35515856742858887,0.6529955267906189,0.2549699544906616,0.9979436993598938,0.3881169855594635,0.6544488668441772,-0.2555963397026062,0.9973244667053223,0.38919466733932495,0.8169412612915039,0.3994038999080658,0.5724201202392578,0.3875027298927307,0.8309845328330994,-0.24898304045200348,0.9433754682540894,0.354977011680603,0.9481510519981384,0.5427819490432739,0.7544149160385132,0.23027078807353973,0.97674560546875,-0.15611286461353302,0.9197295904159546,0.3270047605037689,0.9683879017829895,0.5437648892402649,0.7036769986152649,0.15887366235256195,0.985507071018219,-0.1476154327392578,0.8504641652107239,0.4189610481262207,0.9717752933502197,0.4470665752887726,0.7559428215026855,0.2969565689563751,1.0196548700332642,-0.296309232711792,0.880478024482727
U19_v1,200,1,0.26869186758995056,0.37347620725631714,0.33655908703804016,0.9987420439720154,0.24723082780838013,0.36390405893325806,0.2823181450366974,0.9984575510025024,0.23849014937877655,0.3653971552848816,0.28224316239356995,0.9977949857711792,0.23102162778377533,0.36689189076423645,0.2822701334953308,0.9981774091720581,0.2672744691371918,0.3593924045562744,0.2498239427804947,0.9983657002449036,0.27365177869796753,0.35792529582977295,0.2497076541185379,0.998011589050293,0.2794857919216156,0.35671162605285645,0.2494547814130783,0.9979264736175537,0.2183339148759842,0.3750581741333008,0.11872906982898712,0.9987955093383789,0.2866840660572052,0.36442071199417114,-0.03802241012454033,0.9984644651412964,0.258352130651474,0.38548514246940613,0.2937343120574951,0.9982981085777283,0.2826739549636841,0.38126006722450256,0.2497500479221344,0.9984631538391113,0.17606571316719055,0.45552948117256165,0.09844515472650528,0.9990807771682739,0.35876762866973877,0.41053155064582825,-0.21078746020793915,0.9994606375694275,0.22106875479221344,0.5598984360694885,0.2502446174621582,0.3029511570930481,0.4437636435031891,0.3741294741630554,-0.14508774876594543,0.9834275841712952,0.30495592951774597,0.5738298296928406,0.40866807103157043,0.06953998655080795,0.33098047971725464,0.37633654475212097,0.3733718693256378,0.5614988207817078,0.33238863945007324,0.5766881704330444,0.4402659833431244,0.08449089527130127,0.30271559953689575,0.3741167187690735,0.4391247034072876,0.4152649939060211,0.34014636278152466,0.5742824673652649,0.4146832525730133,0.08754951506853104,0.2836112380027771,0.38102975487709045,0.43648234009742737,0.4131103456020355,0.33497706055641174,0.5728856325149536,0.3998353183269501,0.08995307981967926,0.291472852230072,0.3886236846446991,0.38239455223083496,0.44229742884635925,0.3198273181915283,0.6545898914337158,0.15358945727348328,0.9991263747215271,0.4405583143234253,0.654680073261261,-0.15440650284290314,0.9988779425621033,0.34994009137153625,0.8044179081916809,0.27498385310173035,0.6426448822021484,0.4595355987548828,0.8158851861953735,-0.1380697786808014,0.9667141437530518,0.3599025011062622,0.9371496438980103,0.26121026277542114,0.8026203513145447,0.2838361859321594,0.9409769773483276,-0.12157595157623291,0.9634088277816772,0.3733396530151367,0.9660662412643433,0.25539013743400574,0.7805016040802002,0.2062947005033493,0.9501175284385681,-0.11401969194412231,0.9534931778907776,0.416253924369812,0.9739537835121155,0.21133016049861908,0.7407585382461548,0.2953285276889801,0.9910445213317871,-0.16825233399868011,0.9256994724273682
U19_v1,201,1,0.27890634536743164,0.36030805110931396,0.27835169434547424,0.9987950325012207,0.25366973876953125,0.354833722114563,0.234434112906456,0.9990965127944946,0.24387723207473755,0.3568282425403595,0.23454280197620392,0.9987051486968994,0.23303669691085815,0.3585312068462372,0.2345823049545288,0.9990474581718445,0.2784269452095032,0.35006019473075867,0.19799533486366272,0.9988871216773987,0.2842525839805603,0.34898075461387634,0.19798342883586884,0.9985270500183105,0.2898826003074646,0.34791311621665955,0.19788558781147003,0.998619556427002,0.21505029499530792,0.3689558207988739,0.10711796581745148,0.9988987445831299,0.2913978397846222,0.35580629110336304,-0.06434723734855652,0.9982794523239136,0.2626338005065918,0.374615877866745,0.25026506185531616,0.9986176490783691,0.2912881374359131,0.3678564429283142,0.201398104429245,0.9983195662498474,0.17598561942577362,0.45732954144477844,0.1439255028963089,0.9983437061309814,0.3580525517463684,0.39865273237228394,-0.2515491247177124,0.999402642250061,0.21194665133953094,0.5681095123291016,0.3009317219257355,0.4491235315799713,0.44253289699554443,0.33063939213752747,-0.27053946256637573,0.9973440766334534,0.29054173827171326,0.600932240486145,0.3842570185661316,0.17676304280757904,0.44983047246932983,0.24477502703666687,-0.008259687572717667,0.9873977899551392,0.33829766511917114,0.6115043759346008,0.4105704724788666,0.18404406309127808,0.44841593503952026,0.22749945521354675,-0.007247082889080048,0.97236168384552,0.35788798332214355,0.6124265789985657,0.3568868637084961,0.1861751228570938,0.42267754673957825,0.2287905216217041,0.008737485855817795,0.9705936312675476,0.3486216962337494,0.6109825968742371,0.36711862683296204,0.20876963436603546,0.417052686214447,0.23765039443969727,0.0037624903488904238,0.9650737047195435,0.3261004388332367,0.6487243175506592,0.1386955976486206,0.9996358156204224,0.4506780207157135,0.6430204510688782,-0.1395239382982254,0.9995168447494507,0.33950042724609375,0.7950710654258728,0.2918637692928314,0.6805669069290161,0.489088773727417,0.7942043542861938,-0.033907096832990646,0.8771200776100159,0.3565537631511688,0.9387549161911011,0.33312827348709106,0.7514681816101074,0.32345280051231384,0.909194827079773,0.07153696566820145,0.8503687381744385,0.33730193972587585,0.9671115279197693,0.3347088396549225,0.7291790246963501,0.27359336614608765,0.9273738265037537,0.0861324667930603,0.8611602783203125,0.37922537326812744,0.9653509855270386,0.30748313665390015,0.6594200730323792,0.34109488129615784,0.9547834992408752,0.04849691316485405,0.7977542281150818
U19_v1,202,1,0.2758430242538452,0.3609769642353058,0.12489082664251328,0.9978783130645752,0.25421470403671265,0.35257282853126526,0.07414615154266357,0.9983502626419067,0.24380981922149658,0.3547544777393341,0.07435297220945358,0.9983002543449402,0.23451635241508484,0.35698485374450684,0.07439091801643372,0.9982759952545166,0.2791643738746643,0.34955182671546936,0.04290834441781044,0.9976460337638855,0.2863278388977051,0.34934404492378235,0.04293803125619888,0.9976275563240051,0.2930756211280823,0.34916701912879944,0.042997345328330994,0.997423529624939,0.22019967436790466,0.36989927291870117,-0.07607167959213257,0.9985073208808899,0.3034040927886963,0.3594222962856293,-0.22691009938716888,0.997601330280304,0.26682907342910767,0.3762323260307312,0.08916262537240982,0.9983034133911133,0.2901986241340637,0.37327221035957336,0.04632163792848587,0.9975335597991943,0.16938145458698273,0.4619410037994385,-0.03964800387620926,0.999122679233551,0.37756285071372986,0.39376795291900635,-0.3630441427230835,0.9994736313819885,0.20739434659481049,0.5733603239059448,0.07914620637893677,0.4368707537651062,0.4553127884864807,0.2875359058380127,-0.4753318727016449,0.9987862706184387,0.29046469926834106,0.6074048280715942,0.06679044663906097,0.21186640858650208,0.472686767578125,0.16839101910591125,-0.4534495174884796,0.9977547526359558,0.3097076416015625,0.6128466725349426,0.08618766814470291,0.20707347989082336,0.4779910743236542,0.13826632499694824,-0.4839865565299988,0.9954259991645813,0.3295723497867584,0.6080639958381653,0.03676147386431694,0.20412921905517578,0.46044206619262695,0.13550060987472534,-0.43667033314704895,0.9952003955841064,0.32163897156715393,0.6041637659072876,0.05280207470059395,0.22450003027915955,0.4543636441230774,0.1458319127559662,-0.4338543117046356,0.993160605430603,0.32006773352622986,0.6538960933685303,0.0720490962266922,0.9997890591621399,0.46260663866996765,0.6446049213409424,-0.07283609360456467,0.9996156692504883,0.30888986587524414,0.8123510479927063,0.3979082405567169,0.8238776922225952,0.5153913497924805,0.7750387191772461,0.10978125780820847,0.8089179992675781,0.34778282046318054,0.9331614971160889,0.11581161618232727,0.9259116053581238,0.3348767161369324,0.8421608209609985,-0.09199139475822449,0.9112836122512817,0.3441063463687897,0.955757200717926,0.08471648395061493,0.9247113466262817,0.30499744415283203,0.8446970582008362,-0.1046627014875412,0.945817232131958,0.3635106682777405,0.9713995456695557,-0.004364661406725645,0.8895493745803833,0.338010311126709,0.9066857695579529,-0.12050765007734299,0.9143260717391968
U19_v1,203,1,0.2732878625392914,0.37258362770080566,0.14783841371536255,0.9980394244194031,0.2506018280982971,0.3632441759109497,0.09560123831033707,0.9988528490066528,0.24108262360095978,0.36493703722953796,0.09572964906692505,0.9989290833473206,0.23207154870033264,0.3667649030685425,0.09564749151468277,0.9988797307014465,0.2714444398880005,0.35954663157463074,0.06500475853681564,0.9983538389205933,0.27634644508361816,0.35861507058143616,0.06506520509719849,0.9984046816825867,0.2816286087036133,0.357768177986145,0.06505900621414185,0.9981034994125366,0.21733015775680542,0.3768135905265808,-0.07055525481700897,0.9990621209144592,0.2901737093925476,0.3651014268398285,-0.21555685997009277,0.9980717301368713,0.2664754390716553,0.3859805166721344,0.10549933463335037,0.998348593711853,0.28649091720581055,0.38298314809799194,0.06406117230653763,0.997249186038971,0.17200171947479248,0.46261078119277954,-0.06071973219513893,0.9990353584289551,0.3728809058666229,0.3956958055496216,-0.33677610754966736,0.9987586736679077,0.2080409973859787,0.5637030005455017,0.09852901101112366,0.41851314902305603,0.4483351707458496,0.2902376353740692,-0.42327311635017395,0.9982935786247253,0.2817065715789795,0.5529956221580505,0.11653704196214676,0.12378475815057755,0.47986963391304016,0.17056089639663696,-0.4195559620857239,0.9973975419998169,0.3131255805492401,0.5505932569503784,0.14319460093975067,0.13301332294940948,0.495743989944458,0.14544814825057983,-0.44015082716941833,0.9951360821723938,0.34308910369873047,0.5432420372962952,0.09199400246143341,0.13296382129192352,0.4833868741989136,0.14149627089500427,-0.3962264060974121,0.9951152801513672,0.34033340215682983,0.5430099368095398,0.10475285351276398,0.14773599803447723,0.47577786445617676,0.15053915977478027,-0.3994016647338867,0.9923065304756165,0.32433974742889404,0.6600162386894226,0.022484570741653442,0.9998776912689209,0.4781062602996826,0.6427508592605591,-0.023403264582157135,0.9995667338371277,0.3214503526687622,0.8051989078521729,0.28764498233795166,0.9596273303031921,0.5146470069885254,0.735892117023468,0.4072423279285431,0.7926177382469177,0.3456527292728424,0.9572650194168091,-0.07906103879213333,0.9769575595855713,0.3869844973087311,0.7960902452468872,0.2511127293109894,0.9112352728843689,0.3418514132499695,0.969718337059021,-0.1167968213558197,0.974187433719635,0.3524754047393799,0.79437655210495,0.2445337176322937,0.9512755870819092,0.3597182035446167,0.9708377122879028,-0.20674100518226624,0.9576677083969116,0.3893756568431854,0.8595595955848694,0.30627119541168213,0.9197081923484802
U19_v1,204,1,0.25392717123031616,0.383609801530838,0.448655903339386,0.999729573726654,0.23571230471134186,0.37714338302612305,0.3644765019416809,0.9998273849487305,0.2271711230278015,0.3786236047744751,0.3645396828651428,0.999854564666748,0.2182932198047638,0.3801414370536804,0.3644867241382599,0.9998533725738525,0.25914210081100464,0.37145504355430603,0.35570570826530457,0.9998377561569214,0.26641735434532166,0.3691716492176056,0.355788916349411,0.9998486042022705,0.2733265161514282,0.36698076128959656,0.35560381412506104,0.9998212456703186,0.20835179090499878,0.3863397240638733,0.1130528673529625,0.9998687505722046,0.28397712111473083,0.36878344416618347,0.06393127888441086,0.9998055100440979,0.2445494532585144,0.3938799202442169,0.38055315613746643,0.999556839466095,0.26886695623397827,0.3881579041481018,0.3656710684299469,0.9993721842765808,0.17404840886592865,0.46360209584236145,0.07422514259815216,0.9996122717857361,0.3686985969543457,0.39247196912765503,-0.07354290038347244,0.9993707537651062,0.20381052792072296,0.5563835501670837,0.35174760222435,0.5435203313827515,0.4500277042388916,0.3335261642932892,-0.028460761532187462,0.9967849254608154,0.25184524059295654,0.5335187911987305,0.6241068840026855,0.08438192307949066,0.47540000081062317,0.25356781482696533,0.0728648379445076,0.9857035279273987,0.266474187374115,0.530512809753418,0.6789126396179199,0.09195423126220703,0.49215471744537354,0.23676007986068726,0.08208276331424713,0.9776691794395447,0.2934959828853607,0.5191910862922668,0.6353449821472168,0.09110720455646515,0.4759308099746704,0.23351651430130005,0.09995957463979721,0.978830873966217,0.29258304834365845,0.5200103521347046,0.6234846711158752,0.10753166675567627,0.4713834226131439,0.24338728189468384,0.08862332254648209,0.9675725102424622,0.33406758308410645,0.6428931951522827,0.015190709382295609,0.9999730587005615,0.4772632420063019,0.622290313243866,-0.015834521502256393,0.9997912049293518,0.32682961225509644,0.8028517961502075,-0.07640987634658813,0.9989787340164185,0.5242120623588562,0.6845007538795471,0.25260409712791443,0.976658046245575,0.3463113307952881,0.9537055492401123,-0.4103322923183441,0.9980490207672119,0.4388713538646698,0.7567698955535889,0.2597537040710449,0.9736343622207642,0.3641146123409271,0.9837313890457153,-0.4419199228286743,0.9977879524230957,0.40733978152275085,0.7557535767555237,0.2702394425868988,0.9745965600013733,0.33637183904647827,0.9568132758140564,-0.5145864486694336,0.9847747683525085,0.43485668301582336,0.8231542110443115,0.3699589967727661,0.9375008940696716
U19_v1,205,1,0.2720673084259033,0.38540977239608765,0.4370579421520233,0.9994311928749084,0.25379347801208496,0.3760000765323639,0.3582458198070526,0.999574601650238,0.2432592511177063,0.37713557481765747,0.35829174518585205,0.9995229244232178,0.23599675297737122,0.3780483901500702,0.35835832357406616,0.9995313882827759,0.26954934000968933,0.37198007106781006,0.3441373109817505,0.9997292160987854,0.27592045068740845,0.37016648054122925,0.3440832495689392,0.9996930360794067,0.2803129553794861,0.36867016553878784,0.3436729311943054,0.9996384382247925,0.22301416099071503,0.3849756419658661,0.1371406763792038,0.9997026324272156,0.28066083788871765,0.37190115451812744,0.05981547757983208,0.999711811542511,0.26058489084243774,0.3951724171638489,0.3793901205062866,0.9989649057388306,0.2827017903327942,0.3912931978702545,0.3572929799556732,0.9988662004470825,0.1607092320919037,0.4666459858417511,0.09452009946107864,0.9996821880340576,0.3744051456451416,0.4005739688873291,-0.1172824501991272,0.9995167255401611,0.2027183175086975,0.5531398057937622,0.3195545971393585,0.8019348382949829,0.5177770256996155,0.39009588956832886,-0.013143608346581459,0.9842124581336975,0.2661513388156891,0.5537120699882507,0.7172639966011047,0.03546630218625069,0.5359514951705933,0.4128458797931671,0.38787487149238586,0.21091267466545105,0.2896389663219452,0.5551966428756714,0.7977491617202759,0.028666632249951363,0.5443190932273865,0.4144636392593384,0.4627530872821808,0.133034348487854,0.3030316233634949,0.5474108457565308,0.7901407480239868,0.027600755915045738,0.5281376838684082,0.41367876529693604,0.49545347690582275,0.13421979546546936,0.2979252338409424,0.546981692314148,0.7295165657997131,0.030871916562318802,0.5209996700286865,0.416352242231369,0.417650043964386,0.13209688663482666,0.33795487880706787,0.6258076429367065,0.060287438333034515,0.9999775886535645,0.4727489948272705,0.5999674201011658,-0.061128322035074234,0.9998072981834412,0.3388039469718933,0.787451446056366,-0.07948820292949677,0.998672366142273,0.5567655563354492,0.6499778628349304,0.1413726657629013,0.971076250076294,0.3568114638328552,0.94664466381073,-0.31183454394340515,0.9963262677192688,0.4709208607673645,0.7408667206764221,0.37430188059806824,0.9172091484069824,0.37253543734550476,0.9673057794570923,-0.3315836787223816,0.9956496357917786,0.44075095653533936,0.7399799823760986,0.4065823554992676,0.918703556060791,0.32413342595100403,0.9650791883468628,-0.36671268939971924,0.9668028354644775,0.47831666469573975,0.7969614863395691,0.5502404570579529,0.7900208234786987
U19_v1,206,1,0.23318548500537872,0.38506555557250977,0.5797700881958008,0.999481737613678,0.21924959123134613,0.37641003727912903,0.5083864331245422,0.9995256662368774,0.21265070140361786,0.37733471393585205,0.5083234906196594,0.9995392560958862,0.2043599635362625,0.3786422312259674,0.5082970857620239,0.9995490908622742,0.2394161820411682,0.37275493144989014,0.514514148235321,0.9995892643928528,0.24572068452835083,0.37131696939468384,0.51435786485672,0.9995865225791931,0.25219908356666565,0.3698844909667969,0.5140067934989929,0.9994951486587524,0.2002720832824707,0.3848854601383209,0.2440958470106125,0.9996974468231201,0.2598947584629059,0.3751879930496216,0.26158782839775085,0.9997126460075378,0.22928869724273682,0.3953399062156677,0.49599552154541016,0.9994489550590515,0.2521831691265106,0.39247748255729675,0.5011407732963562,0.9994027614593506,0.15430450439453125,0.4629979729652405,0.07791176438331604,0.999925971031189,0.35319122672080994,0.4193761944770813,0.18246082961559296,0.9991382360458374,0.20402823388576508,0.5464769005775452,0.09198098629713058,0.6482126116752625,0.3858666718006134,0.5071370601654053,0.27196377515792847,0.2749651372432709,0.25690388679504395,0.6076954007148743,0.26330626010894775,0.16252242028713226,0.36099088191986084,0.5467703938484192,0.48163023591041565,0.014988269656896591,0.26207271218299866,0.6213429570198059,0.26812657713890076,0.14014191925525665,0.36498555541038513,0.5581532120704651,0.5349398255348206,0.015768708661198616,0.2697124481201172,0.6184217929840088,0.285265177488327,0.13143953680992126,0.3455313444137573,0.5531641244888306,0.5458282232284546,0.015827421098947525,0.26821935176849365,0.6107912659645081,0.2716926336288452,0.11859098076820374,0.33703476190567017,0.5485742688179016,0.49052050709724426,0.018082285299897194,0.35074061155319214,0.628547728061676,-0.045011043548583984,0.9999974966049194,0.49960222840309143,0.6002981662750244,0.04432625323534012,0.9999611377716064,0.3554747700691223,0.7938027381896973,-0.08742212504148483,0.9995773434638977,0.535779595375061,0.6379599571228027,0.3916490972042084,0.9669012427330017,0.3739323616027832,0.9538726210594177,-0.23288658261299133,0.9992266893386841,0.5057664513587952,0.7178095579147339,0.5736921429634094,0.9695820808410645,0.3850994408130646,0.9684025049209595,-0.24680586159229279,0.9988477230072021,0.48590123653411865,0.7222809791564941,0.5933977365493774,0.9721846580505371,0.2903413772583008,0.9687695503234863,-0.37322738766670227,0.9824970364570618,0.49735087156295776,0.7797765731811523,0.622493326663971,0.8428158760070801
U19_v1,207,1,0.2087528556585312,0.39656543731689453,0.5782697796821594,0.999589741230011,0.19763171672821045,0.3890454173088074,0.5166175961494446,0.9995890259742737,0.18972501158714294,0.3901293873786926,0.5165289044380188,0.9995719790458679,0.1824386715888977,0.39099347591400146,0.5166350603103638,0.9996411800384521,0.21688450872898102,0.3868270516395569,0.5298138856887817,0.9996610879898071,0.2247365564107895,0.38546058535575867,0.5297288298606873,0.9996398687362671,0.23135101795196533,0.3842543363571167,0.5293481349945068,0.9996210336685181,0.18512821197509766,0.3964463174343109,0.2619456648826599,0.999537467956543,0.24465903639793396,0.3867933750152588,0.3156251907348633,0.9995792508125305,0.20591910183429718,0.40620511770248413,0.49335891008377075,0.9994587302207947,0.22424417734146118,0.40342655777931213,0.5093486309051514,0.9993641972541809,0.15355291962623596,0.4560721516609192,0.07456366717815399,0.9999146461486816,0.3390839099884033,0.4304560422897339,0.25929272174835205,0.9993464350700378,0.1887180060148239,0.5446499586105347,0.04334503412246704,0.6064455509185791,0.34878265857696533,0.5269457101821899,0.3184765875339508,0.12274429202079773,0.1847207397222519,0.6198354959487915,0.11746495217084885,0.3842032253742218,0.2844356298446655,0.5961627960205078,0.391033411026001,0.09717246145009995,0.170415461063385,0.6365047097206116,0.11294960975646973,0.3465934991836548,0.27297621965408325,0.6137099862098694,0.4267987310886383,0.10333410650491714,0.17241081595420837,0.6317115426063538,0.1215958297252655,0.32748663425445557,0.2543787360191345,0.6172180771827698,0.41351112723350525,0.10285056382417679,0.180375337600708,0.627659797668457,0.1231829822063446,0.2844785749912262,0.2595791816711426,0.6142767071723938,0.3888900876045227,0.10413502901792526,0.36526918411254883,0.6274107694625854,-0.07919548451900482,0.9999932050704956,0.5113059282302856,0.5941421985626221,0.07833284884691238,0.9998977184295654,0.36612021923065186,0.7954136729240417,-0.1450052261352539,0.9985211491584778,0.5063696503639221,0.6175535321235657,0.41811054944992065,0.7643704414367676,0.38285693526268005,0.9531577825546265,-0.5177485942840576,0.9983648657798767,0.5220862030982971,0.6986696720123291,0.3515501320362091,0.8718481063842773,0.3953981101512909,0.9801807403564453,-0.5611816048622131,0.9970081448554993,0.5030903220176697,0.7116495370864868,0.34375879168510437,0.899982750415802,0.28954342007637024,0.9663851261138916,-0.7377502918243408,0.9880401492118835,0.5308381915092468,0.7449083924293518,0.3398025929927826,0.8371963500976562
U19_v1,208,1,0.21440699696540833,0.4016736149787903,0.5112401843070984,0.9990702271461487,0.20456244051456451,0.39353978633880615,0.4455614686012268,0.9991294741630554,0.1988288164138794,0.3938809931278229,0.44545120000839233,0.999090313911438,0.19306033849716187,0.39423292875289917,0.4455868601799011,0.9991918206214905,0.22431762516498566,0.3915542960166931,0.4571453332901001,0.9993782043457031,0.2301008403301239,0.3907041549682617,0.4570862948894501,0.9994396567344666,0.23576226830482483,0.389691561460495,0.45672178268432617,0.9993933439254761,0.19520071148872375,0.399033784866333,0.1924189031124115,0.9992413520812988,0.2511615753173828,0.3927202522754669,0.24035796523094177,0.9994879961013794,0.2134588062763214,0.4104616940021515,0.43097493052482605,0.9986866116523743,0.2340480536222458,0.409059077501297,0.44490084052085876,0.9985382556915283,0.16092145442962646,0.46162059903144836,0.043553028255701065,0.9999411106109619,0.33820268511772156,0.4418903589248657,0.19455473124980927,0.9996466636657715,0.15534231066703796,0.5593073964118958,0.0063749048858881,0.8775570392608643,0.3562740087509155,0.539376974105835,0.27322423458099365,0.06826425343751907,0.12479811906814575,0.6342393159866333,0.061789680272340775,0.8153462409973145,0.2943037152290344,0.6240487098693848,0.4071616530418396,0.07788662612438202,0.10309973359107971,0.6493229866027832,0.0447578951716423,0.7409964203834534,0.2842141389846802,0.6409737467765808,0.44525793194770813,0.08798471838235855,0.09953442215919495,0.6474695801734924,0.07495968043804169,0.7217967510223389,0.27271199226379395,0.6426951289176941,0.42635902762413025,0.0840405747294426,0.11325356364250183,0.6414989829063416,0.07572581619024277,0.6378635764122009,0.27138859033584595,0.6366934776306152,0.4055514335632324,0.0805124044418335,0.3743068277835846,0.6329577565193176,-0.04062626138329506,0.9999934434890747,0.49672362208366394,0.5987738370895386,0.03943454846739769,0.9999219179153442,0.3780589699745178,0.7954555153846741,-0.04960331693291664,0.9977678060531616,0.5761036276817322,0.5578147768974304,0.37498483061790466,0.7716607451438904,0.3887060880661011,0.9612568616867065,-0.27006182074546814,0.9941555261611938,0.5264349579811096,0.6897076964378357,0.37890973687171936,0.8302388787269592,0.39901646971702576,0.9786354303359985,-0.293182373046875,0.9903700947761536,0.5017521977424622,0.7010664343833923,0.379141241312027,0.8479268550872803,0.30406618118286133,0.9701883792877197,-0.41643670201301575,0.9549756050109863,0.5579566955566406,0.7326213121414185,0.3989270031452179,0.7568433284759521
U19_v1,209,1,0.206769198179245,0.40950295329093933,0.770919680595398,0.9983463287353516,0.1936430037021637,0.40066465735435486,0.713959276676178,0.9979408383369446,0.18848919868469238,0.4012027382850647,0.7139360904693604,0.9975836277008057,0.1834375560283661,0.40154993534088135,0.7140198945999146,0.9980592131614685,0.21527178585529327,0.39905160665512085,0.7263491153717041,0.9989311099052429,0.22150598466396332,0.3982886075973511,0.7262871861457825,0.9988836646080017,0.22807791829109192,0.3972989618778229,0.7259495258331299,0.9991278052330017,0.18557128310203552,0.4057433307170868,0.45441314578056335,0.9978942275047302,0.24302032589912415,0.3994118571281433,0.5090705752372742,0.9994007349014282,0.2053728997707367,0.4181499779224396,0.6860275864601135,0.9984204769134521,0.22608238458633423,0.4178212583065033,0.7018880844116211,0.998569130897522,0.162245512008667,0.46340978145599365,0.20984186232089996,0.999954342842102,0.32386577129364014,0.4481818675994873,0.4769209027290344,0.9998569488525391,0.16567817330360413,0.5618508458137512,0.1424674242734909,0.8681049942970276,0.3272571563720703,0.5640277862548828,0.5266831517219543,0.14212194085121155,0.1072598397731781,0.6349807381629944,0.1484685093164444,0.8103322386741638,0.2636837363243103,0.6695578694343567,0.5637949705123901,0.32854074239730835,0.07735660672187805,0.652748167514801,0.10540376603603363,0.7412763833999634,0.25180596113204956,0.6889123320579529,0.5731031894683838,0.3220815658569336,0.07659423351287842,0.6469613909721375,0.14291797578334808,0.725176215171814,0.23390312492847443,0.6891731023788452,0.5508837103843689,0.3128359913825989,0.08637881278991699,0.643578290939331,0.16242879629135132,0.6663507223129272,0.2428259551525116,0.6812220811843872,0.5566192865371704,0.29289451241493225,0.38929829001426697,0.6240284442901611,-0.11663056164979935,0.9999946355819702,0.5236365795135498,0.5905554890632629,0.11599624156951904,0.9999523162841797,0.38140925765037537,0.7908486127853394,-0.024457858875393867,0.9963487386703491,0.5379199385643005,0.6238135099411011,0.6510077714920044,0.514726459980011,0.38902416825294495,0.9577215909957886,-0.20279334485530853,0.9923256635665894,0.5401679873466492,0.6960567235946655,0.8229562640190125,0.6295173168182373,0.40750524401664734,0.9804372787475586,-0.22282791137695312,0.9850285053253174,0.5390998721122742,0.7102351784706116,0.8386441469192505,0.6971217393875122,0.2738516926765442,0.9707856178283691,-0.33914268016815186,0.9404333233833313,0.5538379549980164,0.7308276891708374,0.8619236350059509,0.5783993601799011
U19_v1,210,1,0.19000235199928284,0.4092719256877899,0.8764009475708008,0.9986553192138672,0.18207445740699768,0.40108388662338257,0.8291487693786621,0.9986557960510254,0.17753785848617554,0.4017335772514343,0.8291795253753662,0.9983097314834595,0.17314675450325012,0.4023207128047943,0.8292121887207031,0.9987971782684326,0.2022361159324646,0.3988509476184845,0.8446846008300781,0.9991773962974548,0.2110440731048584,0.3989488482475281,0.8445950746536255,0.9990045428276062,0.21880502998828888,0.39823073148727417,0.844231367111206,0.9992806315422058,0.17947709560394287,0.40790754556655884,0.5870769619941711,0.9979314804077148,0.23669181764125824,0.40171360969543457,0.6545043587684631,0.9992871880531311,0.18921184539794922,0.4212024211883545,0.7932174205780029,0.9987447261810303,0.2122804820537567,0.41915881633758545,0.8129217028617859,0.9989131689071655,0.16571956872940063,0.46313410997390747,0.2912200391292572,0.9999301433563232,0.3225046396255493,0.4491522014141083,0.6245161890983582,0.9998103976249695,0.171798437833786,0.5578580498695374,0.19770732522010803,0.8318475484848022,0.2738817036151886,0.5531539916992188,0.6320672035217285,0.1827620565891266,0.13658291101455688,0.6294686198234558,0.16731449961662292,0.7368784546852112,0.19023236632347107,0.6358315348625183,0.534887969493866,0.5455390810966492,0.12722042202949524,0.6470249891281128,0.11654286086559296,0.6815076470375061,0.17438432574272156,0.6519052386283875,0.534109890460968,0.5324365496635437,0.11100897192955017,0.6368854641914368,0.15110163390636444,0.6604565382003784,0.15022286772727966,0.6437208652496338,0.49954739212989807,0.5301817059516907,0.12205234169960022,0.6326003074645996,0.17986418306827545,0.6121445298194885,0.15955227613449097,0.6395021677017212,0.5204519033432007,0.5042500495910645,0.41201967000961304,0.6146208047866821,-0.1493409425020218,0.9999954700469971,0.5327239632606506,0.5855480432510376,0.14881986379623413,0.999962329864502,0.37817078828811646,0.7888401746749878,-0.12821583449840546,0.99788898229599,0.49358296394348145,0.6307145953178406,0.7050932049751282,0.4456896185874939,0.39358752965927124,0.9506792426109314,-0.3841615617275238,0.9963812232017517,0.5493462085723877,0.7003886699676514,0.8814833164215088,0.5858765840530396,0.4100349247455597,0.9753434658050537,-0.41475021839141846,0.9932456612586975,0.5602403879165649,0.7112497091293335,0.8970473408699036,0.6975828409194946,0.284978449344635,0.9722902774810791,-0.5475746989250183,0.9683951735496521,0.5271745324134827,0.7257549166679382,0.9125277996063232,0.5747115612030029
U19_v1,211,1,0.17896434664726257,0.4052678346633911,0.7386102080345154,0.9975242018699646,0.1744270622730255,0.398708701133728,0.6878612637519836,0.9980751276016235,0.16783612966537476,0.39886775612831116,0.6878740191459656,0.997553288936615,0.16059476137161255,0.40027356147766113,0.6878897547721863,0.9983015060424805,0.19652223587036133,0.3961547017097473,0.7100700736045837,0.9986971020698547,0.20409485697746277,0.3956921100616455,0.7099575996398926,0.9983232617378235,0.2116941213607788,0.394989550113678,0.7095388770103455,0.9987452030181885,0.17243686318397522,0.40915703773498535,0.44553983211517334,0.9968774318695068,0.2347554713487625,0.4014242887496948,0.540830135345459,0.9986338019371033,0.17923587560653687,0.41857093572616577,0.6559426188468933,0.9977174997329712,0.2035200297832489,0.41643017530441284,0.6840240955352783,0.9978237152099609,0.16793027520179749,0.45822441577911377,0.17462897300720215,0.9998986721038818,0.3313393294811249,0.44703203439712524,0.5378536581993103,0.9993098974227905,0.18423402309417725,0.5572906136512756,0.0940542221069336,0.7600897550582886,0.3112463057041168,0.5449028611183167,0.594589352607727,0.07266084849834442,0.17013198137283325,0.620381236076355,0.06549116224050522,0.631716787815094,0.20134854316711426,0.6139276027679443,0.5484965443611145,0.23662351071834564,0.15320667624473572,0.6261758804321289,0.021612361073493958,0.5780846476554871,0.17706406116485596,0.6215383410453796,0.556076169013977,0.25601986050605774,0.1482718288898468,0.6178086400032043,0.04322780668735504,0.5554327368736267,0.16318246722221375,0.6155076026916504,0.5236951112747192,0.2573706805706024,0.15755274891853333,0.6146599650382996,0.07455158978700638,0.5016083121299744,0.1750984787940979,0.6133284568786621,0.5349854826927185,0.2516634464263916,0.4046783447265625,0.6196012496948242,-0.15556912124156952,0.9999947547912598,0.5265167951583862,0.588363766670227,0.15510410070419312,0.9999412298202515,0.37254366278648376,0.7838923335075378,-0.18173043429851532,0.9971824884414673,0.4791935384273529,0.6280853748321533,0.7345898747444153,0.2515698969364166,0.3892630934715271,0.9536571502685547,-0.3833441138267517,0.9933445453643799,0.5492122173309326,0.7120710015296936,1.0241928100585938,0.36602428555488586,0.4107629060745239,0.9782850742340088,-0.4036654531955719,0.9892654418945312,0.5637003183364868,0.7253746390342712,1.053562045097351,0.46877285838127136,0.27440279722213745,0.9761203527450562,-0.5384889841079712,0.9456407427787781,0.5279204249382019,0.7314783334732056,1.0796759128570557,0.35083723068237305
U19_v1,212,1,0.16800421476364136,0.4004264175891876,0.6089210510253906,0.9987789988517761,0.16741299629211426,0.3929668664932251,0.5528479218482971,0.998769223690033,0.16417348384857178,0.39370957016944885,0.5529212355613708,0.9984495639801025,0.1605568528175354,0.3945103883743286,0.5530208349227905,0.9989584684371948,0.18332356214523315,0.39154601097106934,0.5912218689918518,0.9990717172622681,0.19196507334709167,0.3911333680152893,0.5911127328872681,0.9988111257553101,0.1995939314365387,0.3907594382762909,0.5906818509101868,0.9990869760513306,0.1734112799167633,0.4027664065361023,0.333186537027359,0.9973445534706116,0.22238004207611084,0.39742758870124817,0.5007561445236206,0.9987860321998596,0.1733424961566925,0.4120236039161682,0.5366255640983582,0.9987272620201111,0.19230592250823975,0.4111291468143463,0.585559070110321,0.9984927177429199,0.1669272482395172,0.45215776562690735,0.04663722962141037,0.9999490976333618,0.31390029191970825,0.445792019367218,0.5618879199028015,0.9992990493774414,0.21381604671478271,0.5262657403945923,-0.2624990940093994,0.47229403257369995,0.2954420745372772,0.5314157009124756,0.5826511979103088,0.091257743537426,0.200588658452034,0.5794830322265625,-0.5904703140258789,0.6784026026725769,0.19719326496124268,0.5787432193756104,0.5305806994438171,0.2838784456253052,0.20185540616512299,0.5900799036026001,-0.6823159456253052,0.7236923575401306,0.17486628890037537,0.5910424590110779,0.553939163684845,0.326529324054718,0.19896754622459412,0.5849652886390686,-0.6354534029960632,0.7020403742790222,0.16982406377792358,0.5862982869148254,0.48961398005485535,0.3263061046600342,0.20017331838607788,0.5822071433067322,-0.5784828066825867,0.6469104290008545,0.17242911458015442,0.5839449167251587,0.5052735209465027,0.32398754358291626,0.41708189249038696,0.6190184354782104,-0.21207518875598907,0.9999958276748657,0.5276209712028503,0.588443398475647,0.21197062730789185,0.999923825263977,0.3743833899497986,0.7840687036514282,-0.3447197675704956,0.9974913597106934,0.48344549536705017,0.6434025168418884,0.8139822483062744,0.23252344131469727,0.38727039098739624,0.9557680487632751,-0.5848870873451233,0.9946343898773193,0.5444194078445435,0.7236820459365845,1.1834012269973755,0.39476078748703003,0.4124050736427307,0.9789050221443176,-0.610518217086792,0.9892297387123108,0.5588580369949341,0.7397522330284119,1.2208046913146973,0.4504488408565521,0.27027764916419983,0.976553201675415,-0.7574871182441711,0.9613433480262756,0.5080923438072205,0.7486236095428467,1.2453272342681885,0.3900362551212311
U19_v1,213,1,0.17217811942100525,0.39359545707702637,0.7909489870071411,0.9987826943397522,0.16718176007270813,0.3863007128238678,0.7293082475662231,0.9987146854400635,0.16221991181373596,0.38731610774993896,0.7294374108314514,0.9984315037727356,0.15606307983398438,0.3886094391345978,0.729559063911438,0.9988320469856262,0.18815293908119202,0.3843788504600525,0.7595917582511902,0.9989854693412781,0.1976795494556427,0.38375139236450195,0.7594716548919678,0.9986773133277893,0.205730602145195,0.38342928886413574,0.7590542435646057,0.998776376247406,0.16879457235336304,0.3980167508125305,0.4909493327140808,0.998001754283905,0.22548115253448486,0.39136308431625366,0.6239082217216492,0.9985082745552063,0.17363977432250977,0.4060770273208618,0.7138702273368835,0.9988923668861389,0.19620618224143982,0.4051167368888855,0.7523311972618103,0.9985527396202087,0.15691980719566345,0.44555211067199707,0.16449536383152008,0.9999722242355347,0.3148133158683777,0.4375040531158447,0.6655235290527344,0.999530553817749,0.2203526645898819,0.5057153105735779,-0.24980852007865906,0.29982879757881165,0.2869027853012085,0.5095047950744629,0.5493640899658203,0.08236387372016907,0.23327527940273285,0.5617403388023376,-0.6936408877372742,0.5832749605178833,0.20178745687007904,0.558161199092865,0.3189239203929901,0.37285831570625305,0.25002896785736084,0.573487401008606,-0.8129725456237793,0.6529276967048645,0.18490183353424072,0.5727631449699402,0.30592337250709534,0.4448925852775574,0.2488863170146942,0.572633683681488,-0.7765576839447021,0.6413970589637756,0.1797499656677246,0.5649499893188477,0.25296133756637573,0.4437233805656433,0.24405962228775024,0.569769561290741,-0.6903387308120728,0.5949999690055847,0.18407732248306274,0.562977135181427,0.293247789144516,0.4283943772315979,0.40743064880371094,0.6164213418960571,-0.23831908404827118,0.999997615814209,0.5154876112937927,0.5879735946655273,0.23800984025001526,0.999956488609314,0.37657055258750916,0.784243106842041,-0.3575187921524048,0.99802565574646,0.4815271496772766,0.6455867886543274,0.852867066860199,0.27201902866363525,0.3897879719734192,0.9566169381141663,-0.624007523059845,0.9936926364898682,0.5317013263702393,0.7342668175697327,1.1967768669128418,0.39142554998397827,0.41589874029159546,0.9778420925140381,-0.6566364169120789,0.9832955002784729,0.5489876866340637,0.750827431678772,1.2274872064590454,0.40285006165504456,0.26684510707855225,0.9751139879226685,-0.8346213698387146,0.9563201665878296,0.4955301582813263,0.7627711296081543,1.2174031734466553,0.3822498023509979
U19_v1,214,1,0.16707643866539001,0.3824062943458557,0.4981032609939575,0.996479332447052,0.16049522161483765,0.3764512538909912,0.42645135521888733,0.9967490434646606,0.15497815608978271,0.3779745101928711,0.4266124367713928,0.9960734844207764,0.14871686697006226,0.37960368394851685,0.42674028873443604,0.9968922734260559,0.18186324834823608,0.3728754222393036,0.4567282795906067,0.9971669316291809,0.1912771612405777,0.37189942598342896,0.4566441476345062,0.9963439106941223,0.19959072768688202,0.3710094094276428,0.45626723766326904,0.9965680837631226,0.15766897797584534,0.3890763521194458,0.18642573058605194,0.9960983991622925,0.21894067525863647,0.38061022758483887,0.31884053349494934,0.996000349521637,0.1645219922065735,0.39527615904808044,0.4242129325866699,0.998225748538971,0.1902855932712555,0.3930198550224304,0.46300676465034485,0.9977214932441711,0.15532943606376648,0.4438222646713257,-0.07350531965494156,0.9999556541442871,0.30052924156188965,0.4298100769519806,0.4018407464027405,0.999330997467041,0.21936245262622833,0.5058538317680359,-0.40229302644729614,0.34163814783096313,0.2648482918739319,0.49781981110572815,0.33464211225509644,0.11978431791067123,0.2574236989021301,0.5582801699638367,-0.7742087244987488,0.6331482529640198,0.18216019868850708,0.5585446953773499,0.12347470968961716,0.49085530638694763,0.28105032444000244,0.5710958242416382,-0.8939967155456543,0.679053783416748,0.16636872291564941,0.5747583508491516,0.10986287146806717,0.552933394908905,0.28088557720184326,0.5686994194984436,-0.8661796450614929,0.6614671945571899,0.15579566359519958,0.5776283740997314,0.04750565066933632,0.5565899610519409,0.2744627296924591,0.5649710297584534,-0.7747949957847595,0.6188240647315979,0.15674155950546265,0.5746025443077087,0.0944790318608284,0.5213924050331116,0.4042714834213257,0.6175016164779663,-0.22795020043849945,0.9999958276748657,0.503028392791748,0.5879353284835815,0.22775033116340637,0.999924898147583,0.3731782138347626,0.7820876836776733,-0.27291443943977356,0.9973524808883667,0.4716987609863281,0.6422796249389648,0.8414908647537231,0.1918114274740219,0.3891257047653198,0.9555333852767944,-0.33485931158065796,0.9942533373832703,0.522026777267456,0.746040940284729,1.3387324810028076,0.3994733393192291,0.41426560282707214,0.9769374132156372,-0.3431643545627594,0.9814819097518921,0.5425736904144287,0.7611019015312195,1.3885931968688965,0.36522623896598816,0.27956295013427734,0.9749940037727356,-0.5208563804626465,0.9546075463294983,0.474941611289978,0.7696986198425293,1.3751925230026245,0.37852734327316284
U19_v1,215,1,0.1653621792793274,0.38519901037216187,0.4594898223876953,0.9981974959373474,0.16452118754386902,0.3783903419971466,0.3950507938861847,0.9984642267227173,0.15916180610656738,0.37956809997558594,0.3952125012874603,0.9980403780937195,0.15440645813941956,0.3805009722709656,0.39532655477523804,0.998566210269928,0.18334773182868958,0.37598469853401184,0.43161138892173767,0.9986298084259033,0.1911541074514389,0.37550613284111023,0.43153250217437744,0.9982255101203918,0.1993381232023239,0.37560975551605225,0.431124210357666,0.9985612034797668,0.1684686839580536,0.3884153962135315,0.18786989152431488,0.9970812201499939,0.22205407917499542,0.38202303647994995,0.34821465611457825,0.9979694485664368,0.16783484816551208,0.39596056938171387,0.39556941390037537,0.9986491799354553,0.18739889562129974,0.3950383961200714,0.44258132576942444,0.9985113739967346,0.1626107394695282,0.43581295013427734,-0.06770002841949463,0.9999616146087646,0.29511258006095886,0.43032020330429077,0.449930876493454,0.9991708993911743,0.23301702737808228,0.49332720041275024,-0.3616076409816742,0.49849510192871094,0.26681435108184814,0.49870651960372925,0.42432212829589844,0.1069263443350792,0.2822188436985016,0.5447622537612915,-0.6885830163955688,0.7346884608268738,0.18145307898521423,0.5489695072174072,0.25674524903297424,0.44956088066101074,0.3057631850242615,0.5572946667671204,-0.7913382053375244,0.7606319189071655,0.16603973507881165,0.5629664063453674,0.26820486783981323,0.499748170375824,0.30659446120262146,0.5571377277374268,-0.764337956905365,0.7422250509262085,0.15239563584327698,0.5647650957107544,0.19133882224559784,0.5089179873466492,0.2992855906486511,0.5538926124572754,-0.6870696544647217,0.6979460716247559,0.15342563390731812,0.5619898438453674,0.2250109612941742,0.49478811025619507,0.40175747871398926,0.6174827814102173,-0.2263999879360199,0.9999924898147583,0.4974493682384491,0.5934000611305237,0.22623108327388763,0.9998666048049927,0.3593007028102875,0.7773167490959167,-0.32345104217529297,0.9979350566864014,0.44110167026519775,0.6576500535011292,0.7627545595169067,0.21342000365257263,0.3938581943511963,0.9492164850234985,-0.52254319190979,0.9962827563285828,0.5076311826705933,0.7651827335357666,1.1405128240585327,0.4632444381713867,0.42435190081596375,0.9740892648696899,-0.5474191904067993,0.9870866537094116,0.526340126991272,0.784129798412323,1.1797226667404175,0.4588189125061035,0.2662598788738251,0.9738378524780273,-0.7298235297203064,0.9736180305480957,0.4511500895023346,0.7847344279289246,1.1812970638275146,0.48222246766090393
U19_v1,216,1,0.1774146854877472,0.38543692231178284,0.42423999309539795,0.9975607395172119,0.17475110292434692,0.3774675726890564,0.3563455641269684,0.997817873954773,0.16828101873397827,0.3782603144645691,0.35654622316360474,0.9971460700035095,0.16203442215919495,0.3788359761238098,0.3566427230834961,0.9978007674217224,0.1948082596063614,0.3759172558784485,0.39519190788269043,0.9979721903800964,0.20176619291305542,0.37535732984542847,0.39513957500457764,0.9973817467689514,0.20824185013771057,0.37476974725723267,0.3947484791278839,0.9978784322738647,0.1697717010974884,0.3857538104057312,0.14523406326770782,0.9957947731018066,0.2248990386724472,0.3798183500766754,0.31649085879325867,0.9972609281539917,0.17546772956848145,0.39499807357788086,0.35928720235824585,0.9985477328300476,0.19627033174037933,0.39446479082107544,0.40950849652290344,0.9984813332557678,0.16391624510288239,0.43813958764076233,-0.11323731392621994,0.9999510049819946,0.29484105110168457,0.4292756915092468,0.42035019397735596,0.9992621541023254,0.24037060141563416,0.5017724633216858,-0.4650571048259735,0.45768478512763977,0.27103930711746216,0.5054112076759338,0.414702832698822,0.1153687834739685,0.2957450747489929,0.5373623371124268,-0.8700379729270935,0.7197472453117371,0.17944470047950745,0.5416514277458191,0.2854233980178833,0.4389703869819641,0.32788681983947754,0.5469658970832825,-0.9838107824325562,0.7572270035743713,0.15911322832107544,0.5672770738601685,0.29995885491371155,0.4781216084957123,0.3260735869407654,0.5477159023284912,-0.955845057964325,0.7386038303375244,0.13878875970840454,0.5493940114974976,0.2147374004125595,0.4884668290615082,0.30456995964050293,0.5467121601104736,-0.8720925450325012,0.6946995258331299,0.1524539291858673,0.5475897192955017,0.2501378655433655,0.47958624362945557,0.3875914216041565,0.6224689483642578,-0.23045320808887482,0.9999874830245972,0.48239898681640625,0.5998116135597229,0.23044706881046295,0.9998021721839905,0.34728431701660156,0.7703043818473816,-0.29832637310028076,0.9979103207588196,0.4382600784301758,0.6616411805152893,0.760963499546051,0.21695725619792938,0.38958194851875305,0.9491409063339233,-0.46015727519989014,0.996048629283905,0.4786817729473114,0.7798514366149902,1.1640527248382568,0.501437783241272,0.41648489236831665,0.973691463470459,-0.4818958640098572,0.9877391457557678,0.5091876983642578,0.8029831647872925,1.2051416635513306,0.5221150517463684,0.25668206810951233,0.9783740043640137,-0.6675425171852112,0.9705600738525391,0.43347054719924927,0.7938457727432251,1.1968536376953125,0.5065597295761108
U19_v1,217,1,0.18303444981575012,0.3911871910095215,0.33778300881385803,0.996857762336731,0.18139679729938507,0.38386136293411255,0.27721771597862244,0.9973936080932617,0.17630687355995178,0.38441896438598633,0.27740591764450073,0.9963536262512207,0.17069126665592194,0.38495999574661255,0.2774657607078552,0.9974996447563171,0.19896012544631958,0.3816846013069153,0.3187820017337799,0.9975207448005676,0.20490425825119019,0.3809741139411926,0.31872081756591797,0.9966869950294495,0.2107161283493042,0.38014841079711914,0.31833192706108093,0.9975705742835999,0.17495273053646088,0.3906297981739044,0.10220390558242798,0.9947683811187744,0.22426606714725494,0.38541391491889954,0.2848980128765106,0.9964654445648193,0.1792435348033905,0.3994224965572357,0.2850360572338104,0.9980342984199524,0.19659139215946198,0.3994264006614685,0.33895957469940186,0.9978806972503662,0.1690177023410797,0.43785619735717773,-0.14169351756572723,0.9999419450759888,0.3026273548603058,0.43208304047584534,0.42263293266296387,0.9983081817626953,0.27410393953323364,0.4945055842399597,-0.46673163771629333,0.5617279410362244,0.2687048316001892,0.5134091377258301,0.40615156292915344,0.07460933923721313,0.343330055475235,0.538248598575592,-0.8203703165054321,0.6931881904602051,0.1849832683801651,0.5455008745193481,0.2897249162197113,0.28768250346183777,0.3795527517795563,0.5499682426452637,-0.9209436178207397,0.704349160194397,0.15630635619163513,0.5521342754364014,0.3118338882923126,0.31298109889030457,0.3646951913833618,0.5514365434646606,-0.8913289308547974,0.6766480803489685,0.13886505365371704,0.5543007254600525,0.22966797649860382,0.3181385397911072,0.3491525948047638,0.5423173904418945,-0.819664716720581,0.6339623928070068,0.1503099948167801,0.5537238121032715,0.2550688683986664,0.31771838665008545,0.3777880370616913,0.6288220286369324,-0.23039236664772034,0.999976634979248,0.4741727411746979,0.6114726662635803,0.23029033839702606,0.9995768666267395,0.352289080619812,0.7772949934005737,-0.28958556056022644,0.9974060654640198,0.4200614094734192,0.6775789260864258,0.7437256574630737,0.2099263221025467,0.38854819536209106,0.9478559494018555,-0.46370062232017517,0.9960775971412659,0.47010648250579834,0.7892405986785889,1.1307259798049927,0.513870120048523,0.41773679852485657,0.9759666919708252,-0.4887026250362396,0.9869199991226196,0.49170011281967163,0.8090773820877075,1.168047547340393,0.5562993884086609,0.25299981236457825,0.9728480577468872,-0.6883456110954285,0.9746748208999634,0.4048112630844116,0.7991445064544678,1.1649494171142578,0.5391709804534912
U19_v1,218,1,0.17230086028575897,0.38036268949508667,0.41683462262153625,0.9963298439979553,0.1664877086877823,0.37300848960876465,0.34459617733955383,0.99644935131073,0.16021308302879333,0.3737441897392273,0.34480005502700806,0.9956054091453552,0.15345600247383118,0.3743475675582886,0.34481358528137207,0.9964970946311951,0.18512430787086487,0.37070155143737793,0.3900715112686157,0.996539831161499,0.19074960052967072,0.3699879050254822,0.39002713561058044,0.9956051707267761,0.19967399537563324,0.3685995936393738,0.3895905017852783,0.9965071082115173,0.15802037715911865,0.38070255517959595,0.13394872844219208,0.9947261214256287,0.21624024212360382,0.3732073903083801,0.3339444100856781,0.9958674907684326,0.1694011241197586,0.3891502022743225,0.35432910919189453,0.9979361295700073,0.18831370770931244,0.3875004053115845,0.4129963517189026,0.9975209832191467,0.16270045936107635,0.42725899815559387,-0.13918454945087433,0.9999494552612305,0.3007968068122864,0.4260270893573761,0.46821320056915283,0.9984252452850342,0.2736791968345642,0.48791587352752686,-0.4891682267189026,0.6244709491729736,0.2739146947860718,0.5017878413200378,0.44971609115600586,0.07240273803472519,0.3612062335014343,0.537835955619812,-0.8564157485961914,0.6779935956001282,0.19721224904060364,0.5381951332092285,0.32069048285484314,0.19418945908546448,0.40111032128334045,0.5561566948890686,-0.9670982360839844,0.6904882192611694,0.18856114149093628,0.5481730103492737,0.33562853932380676,0.21712751686573029,0.3913010358810425,0.5588537454605103,-0.9381900429725647,0.6619710326194763,0.17298546433448792,0.5490068197250366,0.25881412625312805,0.2191336452960968,0.37584343552589417,0.5483891367912292,-0.8562943935394287,0.6209256649017334,0.1781391054391861,0.5472513437271118,0.2870177626609802,0.2204171121120453,0.3645320236682892,0.6259719133377075,-0.2501184642314911,0.9999563694000244,0.46458858251571655,0.6107622981071472,0.2503141760826111,0.9993427395820618,0.3470698893070221,0.7718062996864319,-0.29643678665161133,0.9988647699356079,0.4084166884422302,0.6933420896530151,0.7702348828315735,0.35235360264778137,0.3876018524169922,0.9485071301460266,-0.4017369747161865,0.9965851306915283,0.4458599090576172,0.8037209510803223,1.2377034425735474,0.5878263115882874,0.4208691716194153,0.9738912582397461,-0.4184707999229431,0.9889413714408875,0.4693662226200104,0.8243793845176697,1.2846217155456543,0.6264439821243286,0.27617499232292175,0.9747289419174194,-0.6241720914840698,0.9759159088134766,0.38722068071365356,0.8121878504753113,1.2753660678863525,0.5650998950004578
U19_v1,219,1,0.19938351213932037,0.3838590979576111,0.5051117539405823,0.9987097978591919,0.1895483285188675,0.3761587142944336,0.45128506422042847,0.9986831545829773,0.18363577127456665,0.37612712383270264,0.45145750045776367,0.9984956979751587,0.1778889298439026,0.37642449140548706,0.45143771171569824,0.998688280582428,0.20440265536308289,0.37395942211151123,0.463053435087204,0.9988301396369934,0.20861969888210297,0.3730984926223755,0.46302399039268494,0.998636782169342,0.21268318593502045,0.37228408455848694,0.46255815029144287,0.998761773109436,0.17440491914749146,0.3810451030731201,0.28157973289489746,0.9983612895011902,0.2200387865304947,0.37576180696487427,0.3277398347854614,0.9984751343727112,0.19675080478191376,0.39068418741226196,0.45404377579689026,0.9988279938697815,0.21013712882995605,0.3895103931427002,0.4677688479423523,0.9986579418182373,0.17494478821754456,0.4292285144329071,0.0244776401668787,0.9998749494552612,0.2866677939891815,0.4232963025569916,0.35942843556404114,0.999000608921051,0.28618964552879333,0.4953038692474365,-0.3111981451511383,0.6506847739219666,0.28620392084121704,0.5002688765525818,0.23694398999214172,0.24074657261371613,0.38209956884384155,0.5412143468856812,-0.665657639503479,0.6834604740142822,0.22109512984752655,0.5405681729316711,0.03181424364447594,0.4484288990497589,0.42672109603881836,0.5617563724517822,-0.7542659044265747,0.6729596853256226,0.23329338431358337,0.5641293525695801,0.03124416619539261,0.4637767970561981,0.42492756247520447,0.5642560124397278,-0.7388782501220703,0.6511690616607666,0.20638307929039001,0.5550251007080078,-0.019591467455029488,0.45578569173812866,0.4097365438938141,0.5552367568016052,-0.6718802452087402,0.6324992775917053,0.21105045080184937,0.5507559180259705,0.008704136125743389,0.429225891828537,0.3586823642253876,0.6237533688545227,-0.18040508031845093,0.9998887777328491,0.4436682462692261,0.6041974425315857,0.1807854026556015,0.9991518259048462,0.34482473134994507,0.775488018989563,-0.2843811810016632,0.9986989498138428,0.39889541268348694,0.7230249047279358,0.45553773641586304,0.6418392658233643,0.38452452421188354,0.9442368745803833,-0.44139978289604187,0.9928452372550964,0.41802161931991577,0.834382951259613,0.6786205172538757,0.7767559885978699,0.41217121481895447,0.9705831408500671,-0.46513423323631287,0.9857832193374634,0.43812400102615356,0.8548197746276855,0.6987872123718262,0.7834427952766418,0.30741146206855774,0.9765483140945435,-0.6626030802726746,0.9658558964729309,0.3868873715400696,0.8586287498474121,0.6143310070037842,0.7387343645095825
U19_v1,220,1,0.2011195868253708,0.387075811624527,0.46696195006370544,0.9987462759017944,0.19016727805137634,0.3791235685348511,0.41340774297714233,0.9983863830566406,0.18595825135707855,0.3791676163673401,0.41350430250167847,0.9983090162277222,0.18152043223381042,0.37929636240005493,0.4134610891342163,0.9982802867889404,0.2037518322467804,0.37751153111457825,0.42180779576301575,0.9985793828964233,0.2076067179441452,0.37675559520721436,0.4218219518661499,0.9985234141349792,0.21159912645816803,0.37597572803497314,0.42140859365463257,0.9984772801399231,0.18175072968006134,0.3819410502910614,0.257205069065094,0.9984118938446045,0.21873921155929565,0.3783137798309326,0.28810328245162964,0.9985483288764954,0.19855855405330658,0.3933675289154053,0.4230009913444519,0.9987466335296631,0.2108234167098999,0.3920300602912903,0.4324226677417755,0.9986603260040283,0.18251310288906097,0.42408281564712524,0.05968477204442024,0.9998728036880493,0.2701985538005829,0.42089152336120605,0.2784586250782013,0.9995790123939514,0.2960418164730072,0.4866199493408203,-0.23225249350070953,0.667308509349823,0.3171849250793457,0.4869934916496277,0.15230225026607513,0.493974506855011,0.40721219778060913,0.5502930283546448,-0.5696458220481873,0.7854903340339661,0.3535896837711334,0.554716169834137,-0.04237014800310135,0.646587073802948,0.44653233885765076,0.5658939480781555,-0.6494879722595215,0.7769064903259277,0.3553861081600189,0.5775051116943359,-0.053945522755384445,0.645942747592926,0.4443293809890747,0.569180428981781,-0.6430464386940002,0.7648083567619324,0.34538865089416504,0.5728573203086853,-0.09211898595094681,0.6302677392959595,0.41928863525390625,0.560594916343689,-0.5782898664474487,0.7427889704704285,0.3428826332092285,0.5669838786125183,-0.05962640419602394,0.5912911295890808,0.3477190136909485,0.61751389503479,-0.12293741106987,0.9998468160629272,0.418371319770813,0.6036431193351746,0.1231396496295929,0.9992819428443909,0.35580694675445557,0.7666405439376831,-0.18135611712932587,0.9943517446517944,0.38221219182014465,0.7403890490531921,0.2822171151638031,0.7384824156761169,0.37865185737609863,0.933342695236206,-0.26515838503837585,0.9751064777374268,0.4097122848033905,0.867486834526062,0.4340049624443054,0.7941292524337769,0.40650835633277893,0.9600603580474854,-0.2816188633441925,0.9687176942825317,0.41513630747795105,0.8704451322555542,0.44749733805656433,0.8262365460395813,0.3355744481086731,0.9743119478225708,-0.45067569613456726,0.9221845269203186,0.39468082785606384,0.8860747814178467,0.34887683391571045,0.749963104724884
U19_v1,221,1,0.18714667856693268,0.39086171984672546,0.36137354373931885,0.9994016885757446,0.18165938556194305,0.3807344436645508,0.3137642741203308,0.9991171956062317,0.18012847006320953,0.3805229663848877,0.3137451410293579,0.9990764856338501,0.1783488243818283,0.38042864203453064,0.31370705366134644,0.9990803003311157,0.18789154291152954,0.38043397665023804,0.33670762181282043,0.999212384223938,0.1903674602508545,0.3800169825553894,0.33664292097091675,0.9990869760513306,0.19265098869800568,0.3796606659889221,0.3363259434700012,0.9991064667701721,0.18477366864681244,0.3826015591621399,0.1989477425813675,0.9992679953575134,0.2042667418718338,0.38138943910598755,0.29223859310150146,0.9988716244697571,0.19339899718761444,0.3969022035598755,0.33359256386756897,0.9991849064826965,0.1978035867214203,0.3967136740684509,0.36116841435432434,0.9990228414535522,0.19872917234897614,0.42675191164016724,0.016022955998778343,0.9999517202377319,0.27779221534729004,0.4232900142669678,0.3511367440223694,0.9995123147964478,0.33349668979644775,0.49566370248794556,-0.21255217492580414,0.9170840382575989,0.35462290048599243,0.49881383776664734,0.24716800451278687,0.45137444138526917,0.4292207360267639,0.5605258345603943,-0.4525893032550812,0.9127044081687927,0.41398224234580994,0.5633044838905334,0.031733252108097076,0.5362468361854553,0.46636849641799927,0.578095018863678,-0.5218520164489746,0.8853963613510132,0.4183295965194702,0.5845159888267517,0.019229836761951447,0.5579014420509338,0.45650777220726013,0.5813881158828735,-0.5109710693359375,0.8796986937522888,0.4368257522583008,0.5822261571884155,-0.03171197697520256,0.5468202233314514,0.4457370936870575,0.5761826038360596,-0.45392706990242004,0.8603912591934204,0.433578759431839,0.5761565566062927,0.0071792914532125,0.5163606405258179,0.344827264547348,0.6221810579299927,-0.14503230154514313,0.9996242523193359,0.4048028588294983,0.6113972663879395,0.1449207365512848,0.9984776377677917,0.33299520611763,0.7667220234870911,-0.1895671784877777,0.9628525376319885,0.362028032541275,0.7575552463531494,0.10126743465662003,0.469145268201828,0.3755384683609009,0.9317303895950317,-0.2135183960199356,0.9067397713661194,0.37417852878570557,0.907559871673584,0.11829067021608353,0.4471982717514038,0.41075199842453003,0.9562200903892517,-0.22121787071228027,0.8944182991981506,0.3964257538318634,0.9355799555778503,0.11828164011240005,0.5386131405830383,0.32792460918426514,0.9815100431442261,-0.3573482632637024,0.8308669328689575,0.3241015076637268,0.9453792572021484,-0.011444896459579468,0.44297683238983154
U19_v1,222,1,0.17554733157157898,0.3947508633136749,0.3385191559791565,0.9990947246551514,0.17067433893680573,0.3856540024280548,0.28808361291885376,0.998656153678894,0.16778793931007385,0.3858160972595215,0.2880496382713318,0.9985448122024536,0.16429127752780914,0.3860588073730469,0.2879939079284668,0.9986814856529236,0.18149541318416595,0.38410288095474243,0.3296471834182739,0.9989244341850281,0.18593180179595947,0.38330137729644775,0.3295956552028656,0.9987170696258545,0.18964923918247223,0.3826753497123718,0.3292495608329773,0.9989261031150818,0.17290891706943512,0.38809067010879517,0.14955641329288483,0.9983782768249512,0.21218298375606537,0.3826743960380554,0.32804009318351746,0.9986730813980103,0.18124103546142578,0.40257883071899414,0.2994469404220581,0.998201847076416,0.19233044981956482,0.40100210905075073,0.35163167119026184,0.9981901049613953,0.19906862080097198,0.43218958377838135,-0.08059630542993546,0.9999115467071533,0.3217698037624359,0.43580538034439087,0.42242562770843506,0.999061644077301,0.3099624514579773,0.5070210695266724,-0.28222161531448364,0.940172553062439,0.409302294254303,0.5131117701530457,0.46994414925575256,0.24265950918197632,0.4191160798072815,0.5739184021949768,-0.45615264773368835,0.8436341881752014,0.44464242458343506,0.5698387622833252,0.46574556827545166,0.22654226422309875,0.45704877376556396,0.5912504196166992,-0.5052187442779541,0.8034905195236206,0.46424803137779236,0.590421199798584,0.49414610862731934,0.24921242892742157,0.446542352437973,0.5921110510826111,-0.48816031217575073,0.7960912585258484,0.46863484382629395,0.5869995355606079,0.4375985562801361,0.24579013884067535,0.4354981780052185,0.5832617282867432,-0.4517858624458313,0.7788401246070862,0.46018531918525696,0.5759236812591553,0.44359660148620605,0.23389436304569244,0.32528960704803467,0.6289198994636536,-0.1935507357120514,0.9991629123687744,0.4093087315559387,0.6204124689102173,0.19339793920516968,0.9967743754386902,0.3009595274925232,0.7722147107124329,-0.22360341250896454,0.9680405855178833,0.3478003144264221,0.7588952779769897,0.12817157804965973,0.3374508321285248,0.36606743931770325,0.9280024170875549,-0.25424572825431824,0.9145892262458801,0.36547866463661194,0.9117145538330078,0.1319161206483841,0.31084439158439636,0.4026643633842468,0.9509152173995972,-0.2572338879108429,0.8943204879760742,0.39666786789894104,0.9334830045700073,0.12896257638931274,0.3758656978607178,0.3112392723560333,0.9836796522140503,-0.36067384481430054,0.866960346698761,0.30137160420417786,0.947554349899292,0.01887964829802513,0.34580159187316895
U19_v1,223,1,0.1781996488571167,0.40085458755493164,0.2438139170408249,0.9985989928245544,0.17594097554683685,0.3917886018753052,0.18865428864955902,0.9980655312538147,0.1734582483768463,0.39223432540893555,0.1886589676141739,0.9979081153869629,0.17051267623901367,0.39273786544799805,0.18861569464206696,0.9981824159622192,0.18627943098545074,0.3895720839500427,0.23326461017131805,0.9983941912651062,0.19114351272583008,0.3885720670223236,0.23318414390087128,0.9980617165565491,0.1956738829612732,0.3876773715019226,0.23285126686096191,0.998467743396759,0.18131135404109955,0.3950890302658081,0.039368126541376114,0.9976605176925659,0.2200724184513092,0.38834112882614136,0.2321760207414627,0.9982847571372986,0.18705810606479645,0.40892887115478516,0.2016243040561676,0.9973179697990417,0.1984826922416687,0.4065345525741577,0.25802239775657654,0.9974038004875183,0.2087007611989975,0.4420284032821655,-0.16548749804496765,0.99985671043396,0.33223992586135864,0.4451756477355957,0.34900379180908203,0.998534083366394,0.31021571159362793,0.5148144960403442,-0.3421829044818878,0.9350253343582153,0.42158812284469604,0.5181429386138916,0.46059125661849976,0.1899777352809906,0.43044906854629517,0.5822112560272217,-0.4876106083393097,0.8137266635894775,0.4504176080226898,0.5645021796226501,0.5263833999633789,0.1997409611940384,0.4595170319080353,0.6005229949951172,-0.5296681523323059,0.772749125957489,0.4557834267616272,0.5778778195381165,0.5660607218742371,0.2311176210641861,0.45893770456314087,0.601483941078186,-0.5162818431854248,0.7652488350868225,0.4662909209728241,0.5751687288284302,0.5125333666801453,0.23208509385585785,0.4450473487377167,0.598115086555481,-0.4834514558315277,0.7500075697898865,0.4483743906021118,0.5600303411483765,0.5083399415016174,0.21684196591377258,0.31401121616363525,0.6406197547912598,-0.19988186657428741,0.9987195730209351,0.40225428342819214,0.6331405639648438,0.19983342289924622,0.995468258857727,0.2704533338546753,0.7769395112991333,-0.2096146047115326,0.9631876349449158,0.3359930217266083,0.765214204788208,0.1757916808128357,0.2930631935596466,0.3539271950721741,0.9226306676864624,-0.22471223771572113,0.9205942749977112,0.35934779047966003,0.9043043851852417,0.18510767817497253,0.27517619729042053,0.395656019449234,0.9387521743774414,-0.22360563278198242,0.9164574146270752,0.39714229106903076,0.931455135345459,0.1828501671552658,0.36494752764701843,0.29876983165740967,0.9712224006652832,-0.293163537979126,0.889316976070404,0.31059855222702026,0.93894362449646,0.10250828415155411,0.3244507610797882
U19_v1,224,1,0.17983292043209076,0.4014529585838318,0.3005058765411377,0.999716579914093,0.17574088275432587,0.3916977643966675,0.23780663311481476,0.9995774626731873,0.1719999760389328,0.39184969663619995,0.23780809342861176,0.999529242515564,0.16764448583126068,0.39209678769111633,0.23776167631149292,0.9995531439781189,0.19041086733341217,0.38918375968933105,0.2777628004550934,0.9996405839920044,0.19634459912776947,0.38770925998687744,0.2776636481285095,0.9995678067207336,0.20190688967704773,0.3862209618091583,0.27731093764305115,0.9996237754821777,0.17803283035755157,0.3941742777824402,0.057833798229694366,0.9994668364524841,0.22714078426361084,0.3869873285293579,0.22579345107078552,0.9996373653411865,0.186052605509758,0.4095269441604614,0.24679677188396454,0.9993709921836853,0.2041916847229004,0.40771448612213135,0.2958122789859772,0.9993851184844971,0.2003350555896759,0.4409627318382263,-0.15390315651893616,0.9999191761016846,0.3289797008037567,0.4423486590385437,0.32050302624702454,0.9992033839225769,0.3016597032546997,0.5253865122795105,-0.2449837177991867,0.9455338716506958,0.41574031114578247,0.5193697214126587,0.30348536372184753,0.2606331408023834,0.4211624562740326,0.5831460952758789,-0.2522173225879669,0.7695068120956421,0.43137454986572266,0.5595457553863525,0.21078823506832123,0.14147017896175385,0.4641733169555664,0.5972135066986084,-0.276326447725296,0.710892915725708,0.4587354362010956,0.5772278904914856,0.22972507774829865,0.1753157079219818,0.46267977356910706,0.5981705188751221,-0.2727499306201935,0.7107862830162048,0.44661498069763184,0.5764458179473877,0.18773725628852844,0.17682163417339325,0.4521910548210144,0.594188392162323,-0.24956364929676056,0.7130250334739685,0.4412843585014343,0.5704659819602966,0.19193656742572784,0.17420890927314758,0.299942284822464,0.6430374383926392,-0.19534100592136383,0.9992594122886658,0.39672279357910156,0.6362018585205078,0.19502471387386322,0.9980536699295044,0.2401813268661499,0.7812749147415161,-0.18967054784297943,0.9778169989585876,0.3241269290447235,0.7708126306533813,0.1481141299009323,0.4925159215927124,0.35809487104415894,0.9223436117172241,-0.23530271649360657,0.9504528045654297,0.36265456676483154,0.913548469543457,0.13255906105041504,0.4708259403705597,0.3967440128326416,0.9308658838272095,-0.23607292771339417,0.9592570662498474,0.3946603536605835,0.9313308596611023,0.12676632404327393,0.5393575429916382,0.3140510618686676,0.985759973526001,-0.2670374810695648,0.916590690612793,0.3216725289821625,0.9599016904830933,0.05045226216316223,0.43310755491256714
U19_v1,225,1,0.1754705160856247,0.40151679515838623,0.2993493676185608,0.9997610449790955,0.17187835276126862,0.3908393085002899,0.23195913434028625,0.9996137022972107,0.16858088970184326,0.39139190316200256,0.23206138610839844,0.999599039554596,0.16467484831809998,0.39205944538116455,0.23204970359802246,0.999592125415802,0.18444256484508514,0.3880785405635834,0.2790144383907318,0.9996669292449951,0.1913822442293167,0.38662630319595337,0.2789456248283386,0.9996417760848999,0.19708767533302307,0.3853242099285126,0.27852046489715576,0.9996768236160278,0.17544740438461304,0.3955228328704834,0.021081892773509026,0.9995560050010681,0.22371160984039307,0.38746359944343567,0.22111110389232635,0.9998013377189636,0.18120203912258148,0.40947118401527405,0.23157347738742828,0.9995360374450684,0.1951819807291031,0.4089633822441101,0.28969988226890564,0.9995781779289246,0.20598463714122772,0.44469475746154785,-0.21622300148010254,0.9999414682388306,0.32657647132873535,0.4438168406486511,0.31657591462135315,0.9994738698005676,0.32311341166496277,0.522253692150116,-0.34065183997154236,0.9528608918190002,0.4109352231025696,0.5119781494140625,0.4141651391983032,0.12417159974575043,0.4447752833366394,0.5809312462806702,-0.3712621033191681,0.8693937063217163,0.4270317256450653,0.5386766195297241,0.4809863269329071,0.14755406975746155,0.4892362058162689,0.5936800837516785,-0.40652117133140564,0.8291879296302795,0.43440869450569153,0.549795925617218,0.5259172916412354,0.19726018607616425,0.48409757018089294,0.5963693261146545,-0.4002334177494049,0.8259866237640381,0.42083147168159485,0.5510890483856201,0.47795265913009644,0.20368897914886475,0.47226324677467346,0.593090832233429,-0.36933931708335876,0.8220383524894714,0.41655582189559937,0.5473815202713013,0.4641059637069702,0.20481103658676147,0.2938796579837799,0.6485215425491333,-0.20972567796707153,0.9993756413459778,0.38950568437576294,0.6409680247306824,0.20953218638896942,0.998683750629425,0.21444854140281677,0.781470775604248,-0.173348531126976,0.9955714344978333,0.31598061323165894,0.7750948667526245,0.22724175453186035,0.608550488948822,0.34057068824768066,0.9082163572311401,-0.19011808931827545,0.9819137454032898,0.35870876908302307,0.9040182828903198,0.25216567516326904,0.7032732963562012,0.38348153233528137,0.9136941432952881,-0.1885509192943573,0.9797288775444031,0.39044588804244995,0.9192222952842712,0.2464291751384735,0.697253942489624,0.3093436062335968,0.9771803617477417,-0.19940879940986633,0.965388834476471,0.3221651613712311,0.9605329036712646,0.1712217926979065,0.6904501914978027
U19_v1,226,1,0.17506438493728638,0.4018712639808655,0.27255505323410034,0.9998389482498169,0.17357143759727478,0.39153337478637695,0.2073795348405838,0.9997560381889343,0.17080940306186676,0.39178478717803955,0.20748302340507507,0.9997454285621643,0.16741137206554413,0.39209944009780884,0.20745450258255005,0.9997476935386658,0.18510571122169495,0.3894619941711426,0.259431391954422,0.9997883439064026,0.19194510579109192,0.3881753981113434,0.2593308091163635,0.9997709393501282,0.19771035015583038,0.3869524598121643,0.25899550318717957,0.9998031258583069,0.17973661422729492,0.39523470401763916,0.005288748070597649,0.9997057318687439,0.22546696662902832,0.38885244727134705,0.23108139634132385,0.9998531341552734,0.1807062327861786,0.4094811677932739,0.20829227566719055,0.9996875524520874,0.19358214735984802,0.4093407392501831,0.2736450731754303,0.9997264742851257,0.20578663051128387,0.4430429935455322,-0.2274797558784485,0.999936580657959,0.32784366607666016,0.4474395513534546,0.34789928793907166,0.9995824694633484,0.3204142153263092,0.5176138877868652,-0.3798081576824188,0.9474868774414062,0.41586071252822876,0.5179852843284607,0.41862884163856506,0.14132937788963318,0.4320337772369385,0.5723904371261597,-0.43804052472114563,0.8676313757896423,0.4214441776275635,0.560970664024353,0.4250541925430298,0.12033089995384216,0.47299063205718994,0.5842015147209167,-0.4805256724357605,0.8413443565368652,0.42926010489463806,0.5742871761322021,0.46533259749412537,0.16583764553070068,0.4683282971382141,0.5856893658638,-0.4658982455730438,0.8376376032829285,0.4174387454986572,0.5743837952613831,0.41475996375083923,0.16714736819267273,0.45826685428619385,0.5831038951873779,-0.4327355623245239,0.822123110294342,0.41370517015457153,0.5694418549537659,0.40630394220352173,0.15943209826946259,0.28563302755355835,0.6435078382492065,-0.22242693603038788,0.9996649026870728,0.3807278573513031,0.6398019194602966,0.2221820056438446,0.9993759989738464,0.1954876184463501,0.7772858738899231,-0.1486976444721222,0.9962487816810608,0.3251773416996002,0.7699736952781677,0.28497499227523804,0.6862081289291382,0.31595268845558167,0.8954444527626038,-0.26686209440231323,0.9907081127166748,0.3532606363296509,0.8905431032180786,0.19712170958518982,0.8095213174819946,0.3553631901741028,0.8971238136291504,-0.27387481927871704,0.9912556409835815,0.3797437250614166,0.9051647186279297,0.18122215569019318,0.8092690706253052,0.30860665440559387,0.960589587688446,-0.28255343437194824,0.9797027707099915,0.3192474842071533,0.9455546140670776,0.10616964846849442,0.7783693671226501
U19_v1,227,1,0.17464198172092438,0.39773523807525635,0.31875285506248474,0.9999161958694458,0.17203117907047272,0.38714107871055603,0.24739772081375122,0.9998772144317627,0.16901151835918427,0.3876548707485199,0.24757032096385956,0.9998717308044434,0.16533240675926208,0.3882089853286743,0.24749578535556793,0.9998629093170166,0.18336492776870728,0.3845914304256439,0.2988143265247345,0.999890923500061,0.19013693928718567,0.38362953066825867,0.29872626066207886,0.9998763799667358,0.19564220309257507,0.38251572847366333,0.29836371541023254,0.9998815059661865,0.17581090331077576,0.3917442560195923,0.02506192773580551,0.9998869895935059,0.2206595242023468,0.3840521275997162,0.24616818130016327,0.9999370574951172,0.18018744885921478,0.40560293197631836,0.24773167073726654,0.9998596906661987,0.19123995304107666,0.40404415130615234,0.3111831247806549,0.9998800754547119,0.2008882462978363,0.4391130208969116,-0.22800101339817047,0.9999496936798096,0.3190315067768097,0.43866080045700073,0.36382484436035156,0.9996248483657837,0.32942551374435425,0.5200257897377014,-0.36596158146858215,0.9677782654762268,0.4124123454093933,0.5038851499557495,0.45616665482521057,0.28496477007865906,0.4315270781517029,0.5850290060043335,-0.37567782402038574,0.9118343591690063,0.4234401285648346,0.5164744853973389,0.4914665222167969,0.16669471561908722,0.4687412977218628,0.6008755564689636,-0.41353073716163635,0.8768396377563477,0.4320944547653198,0.5252286791801453,0.5346640944480896,0.20532837510108948,0.4636381268501282,0.6026122570037842,-0.408641517162323,0.8729780316352844,0.390384316444397,0.5189343094825745,0.49497970938682556,0.20517683029174805,0.4563193917274475,0.5981686115264893,-0.37242451310157776,0.8562197089195251,0.38961541652679443,0.512628436088562,0.4772089123725891,0.19674822688102722,0.2783081531524658,0.6410754919052124,-0.23419471085071564,0.999771773815155,0.3717799782752991,0.6360024809837341,0.23417915403842926,0.9997007846832275,0.1753823459148407,0.7717569470405579,-0.1899685561656952,0.9979652166366577,0.3201158046722412,0.7685818076133728,0.2968909740447998,0.7673482298851013,0.31204935908317566,0.8833288550376892,-0.23454627394676208,0.9888243079185486,0.35175901651382446,0.8937501907348633,0.25127318501472473,0.8636161684989929,0.350488543510437,0.8873764872550964,-0.2327185720205307,0.9929463267326355,0.37815701961517334,0.9102627635002136,0.23758633434772491,0.880211353302002,0.2883959114551544,0.94712233543396,-0.21066409349441528,0.9708163142204285,0.30527445673942566,0.9439506530761719,0.16267798840999603,0.7639747262001038
U19_v1,228,1,0.16743522882461548,0.3972327709197998,0.39483439922332764,0.9997157454490662,0.16426149010658264,0.3872964382171631,0.32175368070602417,0.9995923638343811,0.16085189580917358,0.38731253147125244,0.32191038131713867,0.9995282888412476,0.1568845510482788,0.38741016387939453,0.3218527138233185,0.9995512366294861,0.1782672107219696,0.38554251194000244,0.3747447431087494,0.9997004270553589,0.18453454971313477,0.38446182012557983,0.3747086524963379,0.9996521472930908,0.1905987560749054,0.3834317922592163,0.37433385848999023,0.9997183680534363,0.16667447984218597,0.3897855281829834,0.08811307698488235,0.9994677901268005,0.21702377498149872,0.3847171664237976,0.3204318583011627,0.9997926354408264,0.17096029222011566,0.40536218881607056,0.319724977016449,0.9993022680282593,0.18407785892486572,0.4051145613193512,0.3867753744125366,0.9994113445281982,0.19315382838249207,0.43495798110961914,-0.15428677201271057,0.9997312426567078,0.328459233045578,0.44943350553512573,0.3966606855392456,0.999231219291687,0.31065791845321655,0.505408763885498,-0.29254350066185,0.9044679999351501,0.43064600229263306,0.5104151964187622,0.47183504700660706,0.30116450786590576,0.38530468940734863,0.5658037066459656,-0.30965983867645264,0.7410522103309631,0.42394745349884033,0.5412629842758179,0.5096338987350464,0.18102161586284637,0.416317343711853,0.5815861821174622,-0.3445815145969391,0.6957911849021912,0.4285041093826294,0.5517969131469727,0.5452319383621216,0.20760682225227356,0.40782880783081055,0.5812500715255737,-0.3280186057090759,0.6873319745063782,0.4146285653114319,0.5503513813018799,0.4984123408794403,0.20856596529483795,0.40366458892822266,0.5767937302589417,-0.30270466208457947,0.6759236454963684,0.4094613194465637,0.5464702844619751,0.49268487095832825,0.20636044442653656,0.26588138937950134,0.6394113898277283,-0.2265433520078659,0.9988061189651489,0.3570963144302368,0.6381047964096069,0.22664934396743774,0.9985242486000061,0.1711411476135254,0.7641453146934509,-0.20698237419128418,0.9944164752960205,0.31831955909729004,0.7717063426971436,0.2620308995246887,0.6988434791564941,0.300716370344162,0.880060076713562,-0.22719094157218933,0.9670886397361755,0.342149555683136,0.8960148692131042,0.22326649725437164,0.7299137115478516,0.3386465311050415,0.8913325071334839,-0.2242799699306488,0.9823908805847168,0.37062376737594604,0.9200878739356995,0.21203556656837463,0.8075618743896484,0.26864638924598694,0.9361718893051147,-0.2014950066804886,0.9221124053001404,0.2704216241836548,0.9400219917297363,0.15304362773895264,0.5753619074821472
U19_v1,229,1,0.15747487545013428,0.39189326763153076,0.40487805008888245,0.999758780002594,0.15328048169612885,0.38136255741119385,0.333227276802063,0.999631404876709,0.14977611601352692,0.3811017870903015,0.333347350358963,0.9995397329330444,0.145998015999794,0.3808385133743286,0.33331966400146484,0.9995803236961365,0.1682412326335907,0.37976232171058655,0.3807322084903717,0.999733030796051,0.17492657899856567,0.3785584270954132,0.38072922825813293,0.9996793270111084,0.18225812911987305,0.37727129459381104,0.3803505599498749,0.9997554421424866,0.1580648422241211,0.3817466199398041,0.10151222348213196,0.9994568228721619,0.20936748385429382,0.37785249948501587,0.309996634721756,0.9997645020484924,0.16468171775341034,0.3984772264957428,0.33084002137184143,0.9992892742156982,0.18280147016048431,0.39735376834869385,0.3911719024181366,0.999393105506897,0.1844104826450348,0.4261208176612854,-0.1309508979320526,0.9996033310890198,0.3259325325489044,0.4422011971473694,0.3635348081588745,0.9991914629936218,0.29962921142578125,0.5017353296279907,-0.30566421151161194,0.8492079973220825,0.44216227531433105,0.5049000382423401,0.3792106509208679,0.219200998544693,0.36297300457954407,0.5628340840339661,-0.3825550079345703,0.7097463011741638,0.3829461634159088,0.54476398229599,0.35220152139663696,0.23487170040607452,0.39116668701171875,0.5795899629592896,-0.420274019241333,0.664135217666626,0.39130067825317383,0.5641196370124817,0.3719145655632019,0.26170700788497925,0.3801295757293701,0.5788589119911194,-0.4036753475666046,0.655327558517456,0.37662166357040405,0.5633483529090881,0.3217127323150635,0.2609778940677643,0.37719830870628357,0.5737175345420837,-0.3765154480934143,0.6419399380683899,0.3744933605194092,0.5585177540779114,0.3317459523677826,0.25755321979522705,0.26024866104125977,0.6306188106536865,-0.20761950314044952,0.9985785484313965,0.3515983521938324,0.6309213042259216,0.20765672624111176,0.9984990358352661,0.16384457051753998,0.7528793811798096,-0.17888736724853516,0.991584300994873,0.32763999700546265,0.7700452208518982,0.2450472116470337,0.6695912480354309,0.28802165389060974,0.87496018409729,-0.1691201776266098,0.9533135294914246,0.35338500142097473,0.8986982107162476,0.21038220822811127,0.7158121466636658,0.3270447850227356,0.8885508179664612,-0.16486944258213043,0.9683986306190491,0.37819787859916687,0.92316734790802,0.19958119094371796,0.7529844045639038,0.23900854587554932,0.9283433556556702,-0.14367255568504333,0.9015699625015259,0.2605608403682709,0.9342927932739258,0.13479803502559662,0.5732440948486328
U19_v1,230,1,0.16315436363220215,0.3795759677886963,0.5596290230751038,0.99969482421875,0.1572984755039215,0.3694281578063965,0.48850512504577637,0.9995831847190857,0.15321213006973267,0.3693711757659912,0.48855912685394287,0.999480664730072,0.14900916814804077,0.36942893266677856,0.4885011613368988,0.9995513558387756,0.1728978157043457,0.3680286407470703,0.5279205441474915,0.9996703863143921,0.17959532141685486,0.3670368790626526,0.5278879404067993,0.9995834231376648,0.1870093047618866,0.3660944700241089,0.5275781154632568,0.9996775388717651,0.15713688731193542,0.37235507369041443,0.2370751053094864,0.9995005130767822,0.20939822494983673,0.3687273859977722,0.40848153829574585,0.9995785355567932,0.16571660339832306,0.3883744478225708,0.47790130972862244,0.9992002844810486,0.18461786210536957,0.3874396085739136,0.5274452567100525,0.9993051290512085,0.16797611117362976,0.4211689531803131,-0.035481538623571396,0.9997726082801819,0.32147204875946045,0.43379414081573486,0.4240647852420807,0.9992220401763916,0.2745809555053711,0.4932989478111267,-0.2210235446691513,0.8690871000289917,0.4516865611076355,0.4962484538555145,0.34452882409095764,0.4822157621383667,0.354489803314209,0.5620807409286499,-0.29300686717033386,0.7756537199020386,0.37793466448783875,0.5596668720245361,0.19610433280467987,0.39492589235305786,0.38391605019569397,0.582043468952179,-0.3391280174255371,0.7150397896766663,0.3946157693862915,0.5753948092460632,0.18930958211421967,0.3906523585319519,0.36564454436302185,0.5805488228797913,-0.33109405636787415,0.7113445997238159,0.3830903470516205,0.5749186873435974,0.15028159320354462,0.38429421186447144,0.3614548444747925,0.5794934630393982,-0.2906064987182617,0.6804803013801575,0.3801134526729584,0.5683388113975525,0.17527787387371063,0.365263432264328,0.25238001346588135,0.6233670115470886,-0.20073764026165009,0.9983464479446411,0.35462111234664917,0.6254727244377136,0.2006288468837738,0.9982701539993286,0.16062510013580322,0.7449028491973877,-0.19114930927753448,0.9792471528053284,0.3392435610294342,0.7685853838920593,0.2013547122478485,0.6640493869781494,0.27308931946754456,0.8808274865150452,-0.1760437786579132,0.9235463738441467,0.36535385251045227,0.9101128578186035,0.1403449922800064,0.6800271272659302,0.3075079023838043,0.8961517810821533,-0.17394447326660156,0.9510546326637268,0.3861111104488373,0.9317384958267212,0.1246134489774704,0.7090006470680237,0.2152869552373886,0.9209263324737549,-0.18124409019947052,0.8470720052719116,0.26875677704811096,0.9247309565544128,0.02357461303472519,0.4652290940284729
U19_v1,231,1,0.158796027302742,0.37042784690856934,0.6688542366027832,0.9992790818214417,0.15026208758354187,0.36062783002853394,0.5928676724433899,0.9990850687026978,0.1455647051334381,0.36072805523872375,0.5929104089736938,0.9989408850669861,0.1406632661819458,0.36087489128112793,0.5928643941879272,0.9990838766098022,0.1677718162536621,0.35912996530532837,0.6304768323898315,0.999210000038147,0.17540542781352997,0.35810911655426025,0.630471408367157,0.999071478843689,0.18411773443222046,0.35700589418411255,0.6301530003547668,0.9991992115974426,0.14640074968338013,0.36529380083084106,0.3121512830257416,0.998924195766449,0.20823295414447784,0.3590327203273773,0.4780115485191345,0.9986680746078491,0.16007106006145477,0.3804813623428345,0.5775766372680664,0.9979807734489441,0.17880716919898987,0.37930089235305786,0.6258549690246582,0.9978370070457458,0.15812428295612335,0.4147937297821045,0.02162991091609001,0.9997254014015198,0.32656222581863403,0.4247772693634033,0.4405031204223633,0.9989174604415894,0.2326500117778778,0.4875072240829468,-0.21672943234443665,0.8369728326797485,0.4524374008178711,0.48837774991989136,0.3037523329257965,0.6045680046081543,0.30866602063179016,0.5583593845367432,-0.3350635766983032,0.7236990928649902,0.36511513590812683,0.5514651536941528,0.11272080987691879,0.46223318576812744,0.33892637491226196,0.5792375802993774,-0.3881829082965851,0.6598880290985107,0.3708708584308624,0.5632109045982361,0.09878595918416977,0.42510029673576355,0.3312971591949463,0.5796422958374023,-0.3728681206703186,0.6526705622673035,0.3465472459793091,0.5635407567024231,0.06431883573532104,0.40835654735565186,0.3275728225708008,0.5732928514480591,-0.33168402314186096,0.6146766543388367,0.34975335001945496,0.5626773834228516,0.09212029725313187,0.3970225155353546,0.2427597939968109,0.6126638054847717,-0.18143458664417267,0.9974104762077332,0.34860268235206604,0.6130348443984985,0.18111789226531982,0.9961273074150085,0.16251176595687866,0.7397767305374146,-0.13894592225551605,0.9503401517868042,0.3490877151489258,0.7624172568321228,0.20795179903507233,0.6425827145576477,0.2412823587656021,0.8806958198547363,-0.147055983543396,0.906817615032196,0.35583174228668213,0.9060287475585938,0.14326661825180054,0.6506860256195068,0.27549004554748535,0.900301992893219,-0.15054851770401,0.9394410252571106,0.3737103343009949,0.9294564723968506,0.129276305437088,0.6969699859619141,0.19906672835350037,0.9030917286872864,-0.19698721170425415,0.8112875819206238,0.2835102677345276,0.9098666906356812,0.023256221786141396,0.4254191219806671
U19_v1,232,1,0.14877673983573914,0.36203521490097046,0.6048242449760437,0.9990566372871399,0.13800159096717834,0.3520182967185974,0.5229108333587646,0.9987176656723022,0.13361793756484985,0.35218167304992676,0.5229288339614868,0.9985954165458679,0.12898710370063782,0.3523489832878113,0.5228453278541565,0.9987469911575317,0.15476900339126587,0.3506534695625305,0.5548216700553894,0.9989264607429504,0.1627793312072754,0.3497576117515564,0.5547924041748047,0.9988961219787598,0.17069020867347717,0.34879210591316223,0.5544153451919556,0.9989845156669617,0.13411809504032135,0.35776737332344055,0.23121334612369537,0.9987826943397522,0.19631187617778778,0.35254037380218506,0.36903977394104004,0.9983793497085571,0.15172427892684937,0.3711669445037842,0.5132765769958496,0.9980636239051819,0.17027801275253296,0.370477557182312,0.5534049272537231,0.997983455657959,0.14526614546775818,0.410532683134079,-0.012633363716304302,0.9995582699775696,0.3175656199455261,0.4145439863204956,0.30877041816711426,0.9987758994102478,0.21650926768779755,0.4926266372203827,-0.19370195269584656,0.7571613192558289,0.4438808560371399,0.48173922300338745,0.16489604115486145,0.6017336249351501,0.27452951669692993,0.5793781876564026,-0.2133985459804535,0.4852120578289032,0.3591070771217346,0.5366770029067993,0.0057412246242165565,0.258401095867157,0.3019029498100281,0.6068289875984192,-0.2486739456653595,0.41833800077438354,0.3441430628299713,0.5529581308364868,0.0033285687677562237,0.2301889955997467,0.29119786620140076,0.6088622212409973,-0.22875089943408966,0.3994303345680237,0.3262742757797241,0.5526228547096252,-0.026994194835424423,0.21338024735450745,0.2851540148258209,0.5961146354675293,-0.2068352997303009,0.3632470369338989,0.3234795928001404,0.5473201274871826,-0.01284742821007967,0.2093316614627838,0.23053127527236938,0.603248119354248,-0.12074080109596252,0.9967356324195862,0.3407880961894989,0.6011513471603394,0.1203862875699997,0.9942870736122131,0.16692589223384857,0.7415919303894043,-0.036566972732543945,0.9763349294662476,0.3435995578765869,0.7508384585380554,0.19849984347820282,0.8966727256774902,0.19797810912132263,0.8793096542358398,-0.016203979030251503,0.9645980000495911,0.3550116717815399,0.8931219577789307,0.19946816563606262,0.8873921632766724,0.22005218267440796,0.9024094343185425,-0.01914488524198532,0.9656952023506165,0.3577882647514343,0.9192257523536682,0.19566112756729126,0.8801881074905396,0.13280020654201508,0.8875864744186401,-0.10090767592191696,0.82472163438797,0.33610662817955017,0.9026360511779785,0.09714191406965256,0.5822331309318542
U19_v1,233,1,0.14928439259529114,0.35799455642700195,0.6023132801055908,0.9995595812797546,0.1380743831396103,0.34785014390945435,0.5251297950744629,0.9993323683738708,0.13272598385810852,0.3479645848274231,0.525193989276886,0.9993133544921875,0.12716931104660034,0.3480570316314697,0.5251302719116211,0.9994165897369385,0.15805506706237793,0.34600818157196045,0.5559924244880676,0.9994245767593384,0.16637635231018066,0.34478843212127686,0.5559881925582886,0.9994112253189087,0.17480240762233734,0.3434582054615021,0.5557021498680115,0.9994588494300842,0.13033124804496765,0.35286745429039,0.23703035712242126,0.9993755221366882,0.19716961681842804,0.3463078737258911,0.36982017755508423,0.9991717338562012,0.14984607696533203,0.3665258288383484,0.5111827850341797,0.9991030693054199,0.17077484726905823,0.36541369557380676,0.5497094392776489,0.9989911913871765,0.13752415776252747,0.41018885374069214,0.0078901257365942,0.9995409250259399,0.31143397092819214,0.40972355008125305,0.3206466734409332,0.9983924031257629,0.20227158069610596,0.49780625104904175,-0.12371999770402908,0.7792361378669739,0.43514084815979004,0.47892478108406067,0.30257582664489746,0.5129039883613586,0.23550426959991455,0.5866003632545471,-0.08251618593931198,0.4227752387523651,0.3306710422039032,0.5359205007553101,0.30862540006637573,0.13460926711559296,0.24949541687965393,0.6128209233283997,-0.10750431567430496,0.35737666487693787,0.3359256982803345,0.5478450655937195,0.32730209827423096,0.12741775810718536,0.2434270828962326,0.6163765788078308,-0.08117314428091049,0.33730173110961914,0.31246423721313477,0.5461115837097168,0.2867376506328583,0.1180223599076271,0.24236515164375305,0.6050867438316345,-0.07178556174039841,0.3092917501926422,0.30659496784210205,0.5414586067199707,0.2899680435657501,0.11998897790908813,0.21482650935649872,0.599169135093689,-0.10655340552330017,0.9980772733688354,0.32813388109207153,0.5975630879402161,0.10640512406826019,0.9959766268730164,0.1674373745918274,0.7392233610153198,-0.011679239571094513,0.9821339249610901,0.3353426158428192,0.7441776990890503,0.19757960736751556,0.9301326870918274,0.17395900189876556,0.8744046092033386,0.026412291452288628,0.9750745296478271,0.3532848656177521,0.881965160369873,0.21299342811107635,0.9135648012161255,0.180278480052948,0.899437427520752,0.026605898514389992,0.9743481874465942,0.35504281520843506,0.9097038507461548,0.21237272024154663,0.9138944745063782,0.09925858676433563,0.8793050646781921,-0.04925667494535446,0.8349166512489319,0.32226425409317017,0.8954487442970276,0.12740471959114075,0.6137099266052246
U19_v1,234,1,0.14931431412696838,0.3575601577758789,0.5735118389129639,0.9997463822364807,0.13773402571678162,0.3486383855342865,0.49053317308425903,0.9996248483657837,0.13157638907432556,0.34903717041015625,0.49058520793914795,0.9996044039726257,0.12545226514339447,0.34943699836730957,0.4905787706375122,0.9996365308761597,0.1597936749458313,0.34620100259780884,0.5291476249694824,0.9996451139450073,0.16815456748008728,0.34498661756515503,0.529090404510498,0.9996429681777954,0.17653195559978485,0.3437875509262085,0.528835654258728,0.999657154083252,0.12781861424446106,0.35526347160339355,0.18496890366077423,0.9996851682662964,0.19910268485546112,0.3475533127784729,0.3485492169857025,0.9995354413986206,0.14754429459571838,0.36765143275260925,0.4749920666217804,0.999581515789032,0.17120665311813354,0.365572452545166,0.5224354267120361,0.9995512366294861,0.13383066654205322,0.4107557237148285,-0.0743960589170456,0.9998387098312378,0.30655720829963684,0.4111884832382202,0.32184213399887085,0.9987550973892212,0.18743151426315308,0.4988563060760498,-0.18090149760246277,0.9524862170219421,0.42804983258247375,0.4806766211986542,0.2814602255821228,0.5578838586807251,0.20518402755260468,0.5959327816963196,-0.06898781657218933,0.7664893865585327,0.3214104473590851,0.5298410058021545,0.2336978167295456,0.14415177702903748,0.21819792687892914,0.6245779395103455,-0.09931589663028717,0.6482917666435242,0.30699700117111206,0.5447773933410645,0.2432171106338501,0.12999646365642548,0.21181267499923706,0.6243945360183716,-0.07351132482290268,0.6272876262664795,0.2874671518802643,0.541234016418457,0.20100116729736328,0.1226906031370163,0.20894870162010193,0.615684986114502,-0.05576048046350479,0.5736954808235168,0.28345394134521484,0.535926342010498,0.2119836062192917,0.12382759153842926,0.2088063359260559,0.6021701097488403,-0.12029612064361572,0.9987012147903442,0.3164970278739929,0.598815381526947,0.12017057836055756,0.9976679682731628,0.16445916891098022,0.7377360463142395,-0.023856351152062416,0.9854043126106262,0.3178163766860962,0.7436367273330688,0.21476934850215912,0.9380677342414856,0.14894410967826843,0.8755000829696655,0.04575285315513611,0.9795995950698853,0.3468562960624695,0.8857262134552002,0.2674301564693451,0.9408161044120789,0.1545707881450653,0.9008190631866455,0.049832068383693695,0.9821818470954895,0.35097718238830566,0.9091737270355225,0.2682463228702545,0.9418087005615234,0.09317505359649658,0.8847931623458862,-0.014408998191356659,0.8727407455444336,0.307611882686615,0.9040224552154541,0.18129850924015045,0.7012059688568115
U19_v1,235,1,0.13743416965007782,0.36482810974121094,0.5228970646858215,0.9998003840446472,0.1270975023508072,0.3553996682167053,0.4336548149585724,0.9996780157089233,0.12215681374073029,0.35557854175567627,0.43370911478996277,0.9996881484985352,0.11707422137260437,0.3558007478713989,0.4337276816368103,0.9996821880340576,0.14677086472511292,0.35308152437210083,0.48278161883354187,0.9996696710586548,0.15557962656021118,0.35156741738319397,0.4827400743961334,0.9996802806854248,0.1643468141555786,0.35013052821159363,0.4825262725353241,0.9996590614318848,0.12252262234687805,0.35967767238616943,0.12121846526861191,0.9997414946556091,0.19018542766571045,0.35188066959381104,0.33293861150741577,0.9995601773262024,0.13846439123153687,0.37390851974487305,0.42368170619010925,0.9996856451034546,0.1601397693157196,0.37177789211273193,0.48488932847976685,0.9996340274810791,0.12731502950191498,0.41270506381988525,-0.1564362794160843,0.9998985528945923,0.3048725128173828,0.41175705194473267,0.3422394096851349,0.9988644123077393,0.17437592148780823,0.5061904191970825,-0.266386479139328,0.9861381649971008,0.4302193522453308,0.4814411997795105,0.3307003676891327,0.5793203711509705,0.17500129342079163,0.6057344079017639,-0.13726912438869476,0.9002332091331482,0.3183607757091522,0.535807728767395,0.2941958010196686,0.16514989733695984,0.17767469584941864,0.6362608075141907,-0.17053328454494476,0.8173083066940308,0.28742143511772156,0.548227846622467,0.3131466507911682,0.1472415328025818,0.17459167540073395,0.6370912790298462,-0.1420493721961975,0.8026893138885498,0.2722703814506531,0.5442892909049988,0.2618387043476105,0.1429850161075592,0.17589756846427917,0.6256161332130432,-0.1212506890296936,0.7530919909477234,0.28627902269363403,0.5393631458282471,0.2701413929462433,0.1429334133863449,0.20331305265426636,0.6082452535629272,-0.1536882370710373,0.9987292885780334,0.3084724545478821,0.6046239733695984,0.15354004502296448,0.9977499842643738,0.1576056182384491,0.7409819960594177,-0.04238468036055565,0.990170419216156,0.30246931314468384,0.7417904138565063,0.27300775051116943,0.9588456749916077,0.13995638489723206,0.8782144784927368,0.027895959094166756,0.9870787858963013,0.3438430428504944,0.8811683654785156,0.3245268166065216,0.9581732153892517,0.1523202657699585,0.9003767371177673,0.033672723919153214,0.9905163645744324,0.3569464087486267,0.9062855243682861,0.3276606500148773,0.9626971483230591,0.07433213293552399,0.8895118832588196,-0.028484756126999855,0.8997471332550049,0.3123595118522644,0.9044468998908997,0.25552815198898315,0.74872225522995
U19_v1,236,1,0.14124064147472382,0.3678501844406128,0.4791681468486786,0.9998642206192017,0.12920911610126495,0.3592374920845032,0.3884582817554474,0.9998069405555725,0.1236499547958374,0.35950368642807007,0.38849467039108276,0.99981290102005,0.11803226172924042,0.35979539155960083,0.3885166645050049,0.9998094439506531,0.14917346835136414,0.356906533241272,0.43559548258781433,0.9997830986976624,0.15702912211418152,0.3556135296821594,0.4355597198009491,0.9997833371162415,0.16523659229278564,0.3543800711631775,0.4353913962841034,0.9997664093971252,0.12157338857650757,0.3638243079185486,0.07436257600784302,0.9998327493667603,0.18835130333900452,0.3567473292350769,0.2768500745296478,0.9997443556785583,0.1410287320613861,0.37713852524757385,0.3796689212322235,0.999822199344635,0.16183528304100037,0.3752012848854065,0.4382389485836029,0.9997813105583191,0.11919142305850983,0.42871201038360596,-0.1953015774488449,0.9999330043792725,0.30253252387046814,0.41806939244270325,0.2910376191139221,0.9991822838783264,0.15644022822380066,0.5261701345443726,-0.29304900765419006,0.9950355291366577,0.43032193183898926,0.48919570446014404,0.3829968571662903,0.69075608253479,0.14282920956611633,0.620186984539032,-0.14546385407447815,0.9387036561965942,0.3239783048629761,0.5459412932395935,0.4835163652896881,0.16613614559173584,0.14002805948257446,0.647869348526001,-0.17033417522907257,0.8690020442008972,0.3014541268348694,0.5590513348579407,0.5200269222259521,0.1389589011669159,0.13863661885261536,0.6495592594146729,-0.14454729855060577,0.8601665496826172,0.2846111059188843,0.5528591275215149,0.47089412808418274,0.13516177237033844,0.1421944946050644,0.6381468176841736,-0.1295464187860489,0.8153414726257324,0.2927306294441223,0.5497631430625916,0.46433353424072266,0.13717202842235565,0.19561557471752167,0.6137570738792419,-0.15495665371418,0.9992367029190063,0.29958242177963257,0.6092317700386047,0.15496926009655,0.998606264591217,0.14542174339294434,0.7446058988571167,-0.0496385432779789,0.9907692074775696,0.2815903425216675,0.7451313138008118,0.27536749839782715,0.9655053615570068,0.13641197979450226,0.8812771439552307,0.03811052069067955,0.9897279143333435,0.34451669454574585,0.8809616565704346,0.34032362699508667,0.96368807554245,0.151962012052536,0.9039933681488037,0.04822436720132828,0.9922163486480713,0.36420053243637085,0.9010564088821411,0.3444663882255554,0.9621374607086182,0.07635444402694702,0.8940837383270264,0.0009857282275334,0.9335330128669739,0.3055986762046814,0.9142271280288696,0.2776517868041992,0.7999826073646545
U19_v1,237,1,0.1344519406557083,0.3770639896392822,0.41338178515434265,0.9999027252197266,0.12325608730316162,0.36856186389923096,0.31878364086151123,0.9998729228973389,0.11821049451828003,0.3688325881958008,0.31875643134117126,0.9998855590820312,0.1129697859287262,0.3691546320915222,0.31878674030303955,0.9998703002929688,0.14147692918777466,0.3667204976081848,0.36963406205177307,0.9998418092727661,0.1490129828453064,0.36570173501968384,0.369631826877594,0.9998533725738525,0.15669065713882446,0.3647952079772949,0.36951950192451477,0.9998241066932678,0.11553336679935455,0.3745851516723633,0.00193482032045722,0.9999033212661743,0.18016794323921204,0.36839932203292847,0.22082991898059845,0.9998284578323364,0.13355916738510132,0.38664549589157104,0.3138505816459656,0.9998980760574341,0.15367057919502258,0.38493242859840393,0.3770764470100403,0.9998600482940674,0.09763461351394653,0.4480522572994232,-0.2573762536048889,0.9999791383743286,0.30037686228752136,0.4260731339454651,0.26185429096221924,0.9995699524879456,0.12103525549173355,0.547683596611023,-0.33170631527900696,0.9978951215744019,0.4252573549747467,0.4986414313316345,0.41889265179634094,0.7472103834152222,0.09946474432945251,0.6401907801628113,-0.1486520916223526,0.9821946024894714,0.31961536407470703,0.5595995783805847,0.5752147436141968,0.2949126064777374,0.0932125449180603,0.6658673286437988,-0.17760561406612396,0.9541614651679993,0.30109551548957825,0.5733904838562012,0.6151943206787109,0.25090956687927246,0.08650988340377808,0.6671035289764404,-0.1558072715997696,0.9505473375320435,0.28837016224861145,0.5716034173965454,0.5652205944061279,0.24688078463077545,0.09318692982196808,0.6577785611152649,-0.1324823498725891,0.9243563413619995,0.29325053095817566,0.568488597869873,0.5576322674751282,0.250791996717453,0.17488692700862885,0.6265741586685181,-0.16721376776695251,0.9997147917747498,0.28292202949523926,0.6212228536605835,0.16716568171977997,0.9992693066596985,0.1312202513217926,0.7538363933563232,-0.0899459719657898,0.9904775619506836,0.26723912358283997,0.7479797601699829,0.313834011554718,0.9622341394424438,0.13819217681884766,0.887300968170166,0.011608967557549477,0.990653932094574,0.340216726064682,0.875886857509613,0.3993295133113861,0.9622839093208313,0.1579902470111847,0.9120110273361206,0.02235623449087143,0.9926459789276123,0.36170825362205505,0.8932785987854004,0.40616634488105774,0.9607591032981873,0.056577980518341064,0.8956294059753418,-0.0468999445438385,0.9412685632705688,0.3065277338027954,0.909135103225708,0.34246015548706055,0.8091220855712891
U19_v1,238,1,0.13742148876190186,0.38574719429016113,0.47366735339164734,0.9995617270469666,0.12745358049869537,0.3773176670074463,0.37826162576675415,0.99958735704422,0.12200619280338287,0.3776364028453827,0.3781479299068451,0.9996393918991089,0.1163005456328392,0.37809374928474426,0.3780810832977295,0.9995658993721008,0.14573974907398224,0.37569645047187805,0.42008915543556213,0.999386191368103,0.15316849946975708,0.37486737966537476,0.42007169127464294,0.9994428753852844,0.16077826917171478,0.37421202659606934,0.41989731788635254,0.9992755055427551,0.11440321058034897,0.383346289396286,0.038038332015275955,0.9997672438621521,0.18178290128707886,0.37816086411476135,0.2190263718366623,0.9994279742240906,0.1336030215024948,0.3952046036720276,0.3651979863643646,0.999664306640625,0.15401223301887512,0.3942394554615021,0.4171387255191803,0.9994807839393616,0.08352822065353394,0.45104295015335083,-0.2330472767353058,0.9999814033508301,0.2939479947090149,0.43492501974105835,0.22365127503871918,0.9990687966346741,0.0902230441570282,0.5494092702865601,-0.30581191182136536,0.9980267882347107,0.4197523593902588,0.5097958445549011,0.3741986155509949,0.7681869864463806,0.05102004110813141,0.6489090323448181,-0.12005828320980072,0.9900245666503906,0.32083889842033386,0.5723848938941956,0.5623054504394531,0.23179364204406738,0.04106496274471283,0.6750710606575012,-0.14900048077106476,0.9706408381462097,0.29836493730545044,0.5905442237854004,0.6026152968406677,0.18106546998023987,0.038618966937065125,0.675318717956543,-0.12493856996297836,0.9685128927230835,0.2877076268196106,0.5852899551391602,0.5623308420181274,0.17752812802791595,0.0437391996383667,0.6689021587371826,-0.1043986976146698,0.9480640292167664,0.29322898387908936,0.5787967443466187,0.5475361943244934,0.1860988438129425,0.14988529682159424,0.6284728646278381,-0.15497322380542755,0.9997639060020447,0.2603599727153778,0.6230833530426025,0.15472963452339172,0.9989737272262573,0.12144050747156143,0.7596790194511414,-0.08093732595443726,0.9843904376029968,0.24453958868980408,0.7500104904174805,0.3217005729675293,0.9337300062179565,0.14542734622955322,0.8865998983383179,-0.009636851958930492,0.9815444946289062,0.32122185826301575,0.8666012287139893,0.4038035571575165,0.9130346179008484,0.15675529837608337,0.9088385105133057,-0.0030159095767885447,0.9886876344680786,0.34529051184654236,0.8837263584136963,0.41042575240135193,0.9362786412239075,0.0866958349943161,0.8942227363586426,-0.0863933116197586,0.8813608884811401,0.3023480474948883,0.9079220294952393,0.345147043466568,0.6226959228515625
U19_v1,239,1,0.13409656286239624,0.38585364818573,0.4672474265098572,0.9995723366737366,0.12446019053459167,0.37744468450546265,0.3709649443626404,0.9995875954627991,0.1191195622086525,0.37777113914489746,0.3708486557006836,0.9996398687362671,0.11360404640436172,0.37822121381759644,0.37078210711479187,0.9995577931404114,0.1418495923280716,0.3757849335670471,0.41415509581565857,0.999393105506897,0.149361714720726,0.3748933672904968,0.41413670778274536,0.9994598031044006,0.1570451557636261,0.3741702735424042,0.4139661490917206,0.9992960691452026,0.11183439195156097,0.38343924283981323,0.03005792200565338,0.9997702240943909,0.17910318076610565,0.37795382738113403,0.21723033487796783,0.999444305896759,0.13074299693107605,0.39534151554107666,0.3587898313999176,0.9996658563613892,0.1502007097005844,0.3943602442741394,0.4126517176628113,0.9994804263114929,0.08226235210895538,0.45140811800956726,-0.23889857530593872,0.9999823570251465,0.2928304374217987,0.43471962213516235,0.22334443032741547,0.9991605281829834,0.090418741106987,0.5507805347442627,-0.30231645703315735,0.9980706572532654,0.4183390438556671,0.5099118947982788,0.3698786795139313,0.7727444767951965,0.051890283823013306,0.6478922963142395,-0.10411026328802109,0.9886165261268616,0.31841450929641724,0.573636531829834,0.5544944405555725,0.22292758524417877,0.04188641905784607,0.6744270920753479,-0.1319541484117508,0.9666120409965515,0.29605916142463684,0.5913732051849365,0.5937358140945435,0.17233724892139435,0.03902047872543335,0.674721896648407,-0.10845022648572922,0.9641942977905273,0.2833572328090668,0.5865720510482788,0.5535465478897095,0.1685311496257782,0.04385007917881012,0.6682339310646057,-0.08844000101089478,0.9426143765449524,0.29110270738601685,0.5799113512039185,0.5394535064697266,0.17904533445835114,0.14878791570663452,0.6288825869560242,-0.15740855038166046,0.999782383441925,0.2596856653690338,0.6232510805130005,0.1571580022573471,0.9990350008010864,0.12127280235290527,0.7597737312316895,-0.07052305340766907,0.9824146628379822,0.2455495446920395,0.7500863671302795,0.33363884687423706,0.9283123016357422,0.14647483825683594,0.8858097791671753,-0.0046757301315665245,0.9811633229255676,0.3225579261779785,0.866127610206604,0.41180163621902466,0.9136167764663696,0.15889477729797363,0.9089627265930176,0.0010338808642700315,0.9884110689163208,0.3467850089073181,0.8833473920822144,0.4179817736148834,0.9363012909889221,0.0818728506565094,0.8956389427185059,-0.0847768783569336,0.8859261870384216,0.30167776346206665,0.907336413860321,0.35407865047454834,0.640794575214386
U19_v1,240,1,0.14064577221870422,0.39360034465789795,0.4660172760486603,0.9998084902763367,0.12934738397598267,0.38546282052993774,0.38466212153434753,0.99982750415802,0.12325942516326904,0.38591593503952026,0.3846035897731781,0.9998366832733154,0.11715828627347946,0.3865543603897095,0.38450154662132263,0.9997918009757996,0.1485743671655655,0.3833369016647339,0.4065700173377991,0.9997957348823547,0.15567663311958313,0.38235336542129517,0.4065418839454651,0.999798595905304,0.1629115492105484,0.3815702199935913,0.4063635468482971,0.9997511506080627,0.11343124508857727,0.39089587330818176,0.09119872003793716,0.9999176263809204,0.18018406629562378,0.3856181502342224,0.18436260521411896,0.9997983574867249,0.13484199345111847,0.4019719362258911,0.37673646211624146,0.9998117089271545,0.1536327451467514,0.40037912130355835,0.4029741883277893,0.9997709393501282,0.07403067499399185,0.46076148748397827,-0.1609751433134079,0.9999802112579346,0.27945855259895325,0.44038671255111694,0.15973250567913055,0.999657392501831,0.06329724192619324,0.5569601058959961,-0.259897381067276,0.9979116320610046,0.4092889428138733,0.514223575592041,0.16158534586429596,0.9522485733032227,0.0038037002086639404,0.6412370800971985,-0.10237324982881546,0.9746915698051453,0.35604971647262573,0.5778456330299377,0.20996344089508057,0.5598349571228027,-0.009004279971122742,0.6649461984634399,-0.12083108723163605,0.9342573285102844,0.3531566262245178,0.5932230949401855,0.22306883335113525,0.43914520740509033,-0.01577514410018921,0.6661449670791626,-0.0970584899187088,0.9281043410301208,0.3383796215057373,0.5905418395996094,0.22333255410194397,0.4208967089653015,-0.004165053367614746,0.6566387414932251,-0.08839836716651917,0.8831766843795776,0.3316146731376648,0.5855525732040405,0.20721250772476196,0.37432920932769775,0.13891305029392242,0.628256618976593,-0.1501014232635498,0.9997556805610657,0.2516026198863983,0.6265954375267029,0.14936563372612,0.9991598129272461,0.09863197803497314,0.75640869140625,-0.03366585820913315,0.9970946311950684,0.23274695873260498,0.7487100958824158,0.28724393248558044,0.9584857821464539,0.14494270086288452,0.8865989446640015,-0.03133227676153183,0.9953235983848572,0.3088516592979431,0.8563202023506165,0.3112034201622009,0.9685109257698059,0.16543792188167572,0.906036376953125,-0.031374480575323105,0.9948922395706177,0.334256649017334,0.8730064034461975,0.3118896782398224,0.9718825817108154,0.06873567402362823,0.8964006304740906,-0.1327507048845291,0.955328106880188,0.2933213710784912,0.8971128463745117,0.2190004140138626,0.8090059161186218
U19_v1,241,1,0.13280436396598816,0.3925313949584961,0.603264570236206,0.9994227886199951,0.11952630430459976,0.3844567537307739,0.5107900500297546,0.9996212720870972,0.11342135816812515,0.384768545627594,0.5107763409614563,0.9996356964111328,0.10727023333311081,0.3852497339248657,0.5106009244918823,0.999517560005188,0.13938286900520325,0.38314932584762573,0.5384010672569275,0.9995866417884827,0.1469172239303589,0.3824443519115448,0.5384307503700256,0.9996458292007446,0.15474112331867218,0.3818534314632416,0.5383844971656799,0.9996058344841003,0.10397077351808548,0.3901623487472534,0.18585841357707977,0.9997978806495667,0.17402465641498566,0.3849296271800995,0.3073967397212982,0.9996944665908813,0.12654615938663483,0.4012112617492676,0.502315104007721,0.9994414448738098,0.1476007103919983,0.40039023756980896,0.5363484025001526,0.9993821382522583,0.06608933955430984,0.4592350423336029,-0.04110468924045563,0.9998701810836792,0.27120086550712585,0.4371803402900696,0.22076256573200226,0.9996352195739746,0.03144282102584839,0.5500450134277344,0.03451211377978325,0.9946773052215576,0.41066718101501465,0.5059621334075928,0.2352534830570221,0.9937018156051636,-0.0003382563591003418,0.5733120441436768,0.3595382571220398,0.4305015206336975,0.3977699875831604,0.5825169086456299,0.305116206407547,0.6167265176773071,-0.01351676881313324,0.5840449333190918,0.3851246237754822,0.2769298851490021,0.3999178111553192,0.5965704917907715,0.31935492157936096,0.4669189453125,0.004983559250831604,0.5761702656745911,0.4004194438457489,0.2689288854598999,0.38713645935058594,0.594692587852478,0.3379649519920349,0.43327850103378296,0.014795377850532532,0.5711422562599182,0.37545087933540344,0.24634496867656708,0.38358819484710693,0.590819776058197,0.312765896320343,0.37123221158981323,0.13453693687915802,0.6249443292617798,-0.17660987377166748,0.9998384714126587,0.24198272824287415,0.6203182935714722,0.17681901156902313,0.9989559650421143,0.09164755791425705,0.7475378513336182,-0.21650324761867523,0.9952192902565002,0.20304125547409058,0.7325919270515442,0.3734477162361145,0.9222879409790039,0.14922019839286804,0.8871999979019165,-0.3018929064273834,0.9917140603065491,0.27232301235198975,0.8369272351264954,0.3970544934272766,0.9379615187644958,0.1838458776473999,0.9089069366455078,-0.30982524156570435,0.9946458339691162,0.2916915714740753,0.8525272011756897,0.3980984091758728,0.9673404693603516,0.08422933518886566,0.9016849994659424,-0.39071568846702576,0.9513409733772278,0.2539617121219635,0.8851214647293091,0.3564119338989258,0.7659029364585876
U19_v1,242,1,0.13322293758392334,0.38499370217323303,0.7096737623214722,0.9994680285453796,0.12052906304597855,0.3767419457435608,0.6161477565765381,0.9996458292007446,0.11419831216335297,0.37708136439323425,0.6161397099494934,0.9996781349182129,0.10823219269514084,0.3775428831577301,0.615906298160553,0.9995881915092468,0.14098702371120453,0.3750932812690735,0.6424608826637268,0.999683141708374,0.14827069640159607,0.37427642941474915,0.642520010471344,0.9997348189353943,0.1558569371700287,0.373562753200531,0.6424547433853149,0.9996957778930664,0.10587688535451889,0.38213855028152466,0.28726980090141296,0.9998444318771362,0.17368179559707642,0.37721189856529236,0.40459752082824707,0.9997535347938538,0.1267845779657364,0.3930826783180237,0.6085046529769897,0.9994164705276489,0.14707449078559875,0.3924928605556488,0.6411893367767334,0.9993155002593994,0.06608503311872482,0.4471006691455841,0.069876529276371,0.9998961687088013,0.27457892894744873,0.4309433400630951,0.30100977420806885,0.9996418952941895,0.023280799388885498,0.527511715888977,0.1894530951976776,0.9925034046173096,0.4044894874095917,0.5034350752830505,0.2826741933822632,0.994763970375061,0.001818835735321045,0.5434976816177368,0.5283514857292175,0.37945133447647095,0.4017510414123535,0.5789370536804199,0.30091381072998047,0.745866596698761,-0.011707767844200134,0.5510395169258118,0.5635262131690979,0.2571682631969452,0.4130097031593323,0.5926809906959534,0.30573397874832153,0.60328209400177,0.012231424450874329,0.5423258543014526,0.5707594156265259,0.25151515007019043,0.3973143994808197,0.5914982557296753,0.32991448044776917,0.5633714199066162,0.02303268015384674,0.5389420986175537,0.5421374440193176,0.23201197385787964,0.3903602361679077,0.5875211358070374,0.30927830934524536,0.48646143078804016,0.1294419765472412,0.6176436543464661,-0.17216765880584717,0.9998506307601929,0.23634660243988037,0.6135609149932861,0.17255078256130219,0.9986400008201599,0.09662514179944992,0.7429601550102234,-0.2349235564470291,0.996354341506958,0.1961916834115982,0.7246242165565491,0.4235830307006836,0.9430549740791321,0.15558511018753052,0.8849464654922485,-0.2713609039783478,0.9907301068305969,0.2513418197631836,0.8360769152641296,0.5644755959510803,0.9427695870399475,0.18406027555465698,0.9064129590988159,-0.2775454521179199,0.992653489112854,0.2695232033729553,0.8584188222885132,0.5770002603530884,0.9710509181022644,0.08811021596193314,0.8923532366752625,-0.3711686134338379,0.9388753175735474,0.22120729088783264,0.8609365820884705,0.5525121688842773,0.7681509852409363
U19_v1,243,1,0.12653964757919312,0.37531372904777527,0.7250864505767822,0.999748170375824,0.11463417112827301,0.36598604917526245,0.6372750997543335,0.999822199344635,0.10818960517644882,0.36646315455436707,0.6372554302215576,0.9998410940170288,0.10158346593379974,0.36714085936546326,0.6370221972465515,0.9998021721839905,0.1354263424873352,0.3641396462917328,0.663162112236023,0.9998307228088379,0.14284630119800568,0.36330699920654297,0.6632171273231506,0.9998520612716675,0.1506045013666153,0.3627001941204071,0.6631207466125488,0.9998109936714172,0.09879235178232193,0.3720042109489441,0.3158710300922394,0.9999196529388428,0.16896800696849823,0.3673332631587982,0.4282166659832001,0.99983811378479,0.12071169167757034,0.38338595628738403,0.6238142848014832,0.9997422099113464,0.14089927077293396,0.38226479291915894,0.6550432443618774,0.9996472597122192,0.06220819056034088,0.43425193428993225,0.06456869840621948,0.9999243021011353,0.2767220735549927,0.4230479598045349,0.3367783725261688,0.9994375109672546,0.021932348608970642,0.5190104246139526,0.08857392519712448,0.9965236783027649,0.39726486802101135,0.49632781744003296,0.258306086063385,0.9932083487510681,-0.024612754583358765,0.5567612648010254,0.3253580927848816,0.7056524753570557,0.4088231921195984,0.5709583759307861,0.19901591539382935,0.7909994721412659,-0.044956058263778687,0.5713863372802734,0.3374880850315094,0.5349023342132568,0.42033421993255615,0.5867413282394409,0.18964342772960663,0.6749442219734192,-0.027844354510307312,0.5641026496887207,0.3457395136356354,0.5184126496315002,0.40789031982421875,0.5869297981262207,0.21815425157546997,0.6280284523963928,-0.014488041400909424,0.5580568313598633,0.3362252414226532,0.46082112193107605,0.4007532000541687,0.5828450918197632,0.20547956228256226,0.5406032800674438,0.12356556951999664,0.6067816615104675,-0.19260409474372864,0.9998672008514404,0.23347744345664978,0.6056153178215027,0.19272342324256897,0.998399555683136,0.0986764058470726,0.7354459762573242,-0.23682910203933716,0.9978360533714294,0.18984545767307281,0.7168796062469482,0.4628070890903473,0.9271669387817383,0.15555188059806824,0.8809650540351868,-0.2671602964401245,0.9926638603210449,0.23031097650527954,0.8340097665786743,0.6497005224227905,0.9356832504272461,0.1799302101135254,0.9001981019973755,-0.274602472782135,0.9944599866867065,0.2488507330417633,0.8508520126342773,0.6652286648750305,0.9660049080848694,0.08242905139923096,0.8955724239349365,-0.4043756127357483,0.9526744484901428,0.1857815831899643,0.849723219871521,0.6112211346626282,0.7805071473121643
U19_v1,244,1,0.12263509631156921,0.3639732599258423,0.5822305083274841,0.9998109936714172,0.11143891513347626,0.3547993302345276,0.49451884627342224,0.9998307228088379,0.10517274588346481,0.3550729751586914,0.4945700466632843,0.9998340606689453,0.09863267838954926,0.3554781377315521,0.4943525195121765,0.9997987151145935,0.1312013566493988,0.3534870743751526,0.5186547636985779,0.9998601675033569,0.1386212259531021,0.352788507938385,0.5186551809310913,0.9998767375946045,0.1460430920124054,0.35223543643951416,0.518491804599762,0.9998520612716675,0.0966530367732048,0.3608675003051758,0.19033591449260712,0.9998844861984253,0.1653451919555664,0.35670870542526245,0.2944941222667694,0.9998501539230347,0.1165296733379364,0.37235522270202637,0.4882522225379944,0.9997175335884094,0.13729631900787354,0.37161898612976074,0.5170724391937256,0.999687910079956,0.06191673129796982,0.42521923780441284,-0.040922876447439194,0.9998527765274048,0.26921433210372925,0.41215258836746216,0.23577211797237396,0.9993113279342651,0.02063852548599243,0.5135602355003357,0.03888232633471489,0.9956656098365784,0.38647526502609253,0.4862669110298157,0.210142582654953,0.9911206364631653,-0.03265976905822754,0.5295699834823608,0.325239360332489,0.6989702582359314,0.40988364815711975,0.5609431266784668,0.2069939374923706,0.737445056438446,-0.054471567273139954,0.5397642254829407,0.3490043878555298,0.542333722114563,0.42328524589538574,0.5791566371917725,0.21583080291748047,0.6190443634986877,-0.035380080342292786,0.5302218198776245,0.36081045866012573,0.5351664423942566,0.4081827402114868,0.5805720090866089,0.23606841266155243,0.5769913792610168,-0.020992547273635864,0.525694727897644,0.3395688533782959,0.47791779041290283,0.40064263343811035,0.5752357840538025,0.21414513885974884,0.48921141028404236,0.13027705252170563,0.5972090363502502,-0.20289413630962372,0.9996541738510132,0.23851421475410461,0.5975264310836792,0.20298317074775696,0.9978263974189758,0.10961891710758209,0.7270439863204956,-0.19256643950939178,0.997521698474884,0.18759757280349731,0.7150373458862305,0.4424661099910736,0.8961015343666077,0.1657467633485794,0.867363691329956,-0.17921878397464752,0.9905962944030762,0.2049528807401657,0.838577151298523,0.6301063895225525,0.9246549010276794,0.18587303161621094,0.8878982663154602,-0.17843632400035858,0.9936390519142151,0.22530290484428406,0.8571845293045044,0.6471137404441833,0.9550418257713318,0.09230086207389832,0.8943455219268799,-0.28821295499801636,0.9487168192863464,0.15840163826942444,0.8588983416557312,0.5888177752494812,0.7721274495124817
U19_v1,245,1,0.12055264413356781,0.35337209701538086,0.47339141368865967,0.9996702671051025,0.10769984126091003,0.3442305326461792,0.3932376503944397,0.999710738658905,0.1000242829322815,0.3444151282310486,0.3932495415210724,0.9997053742408752,0.09209799021482468,0.344710111618042,0.39303478598594666,0.999680757522583,0.12940005958080292,0.34294945001602173,0.4136234521865845,0.9997808337211609,0.13655701279640198,0.3421192169189453,0.4135744571685791,0.9997994303703308,0.14394599199295044,0.3413579761981964,0.4133871793746948,0.9997782111167908,0.08721745759248734,0.35086196660995483,0.10566188395023346,0.9997126460075378,0.16362696886062622,0.34561192989349365,0.19380775094032288,0.9997156262397766,0.11226427555084229,0.3621175289154053,0.3835964798927307,0.9993880987167358,0.13481678068637848,0.3614028990268707,0.40804287791252136,0.9993512034416199,0.05238388478755951,0.4200415015220642,-0.09791982918977737,0.9996009469032288,0.2651287615299225,0.4064598083496094,0.13776043057441711,0.9985373020172119,0.02174818515777588,0.5072084069252014,0.009586225263774395,0.9896383285522461,0.38011598587036133,0.48247912526130676,0.10858359932899475,0.9910652041435242,-0.026474088430404663,0.5370706915855408,0.27043789625167847,0.6200259923934937,0.40590912103652954,0.5602698922157288,0.0858461782336235,0.7950009107589722,-0.04247881472110748,0.5518450736999512,0.2900290787220001,0.4709841310977936,0.41728049516677856,0.5768346190452576,0.09256703406572342,0.690524160861969,-0.028217002749443054,0.5442647337913513,0.2931186258792877,0.46822068095207214,0.4058007001876831,0.5769498944282532,0.09913543611764908,0.6592612862586975,-0.015780329704284668,0.5379860401153564,0.2802145183086395,0.42075207829475403,0.3999277949333191,0.5721233487129211,0.08873303234577179,0.5722173452377319,0.13094763457775116,0.5968433022499084,-0.18178138136863708,0.999090313911438,0.23446932435035706,0.596142053604126,0.18178921937942505,0.9957473874092102,0.11717959493398666,0.7232778072357178,-0.12612062692642212,0.9878597855567932,0.1806771159172058,0.7131239771842957,0.39903524518013,0.8214007616043091,0.16022321581840515,0.8685501217842102,-0.07001470029354095,0.9693202376365662,0.18349230289459229,0.8364616632461548,0.5858510136604309,0.846971333026886,0.1792435199022293,0.8945586681365967,-0.06694717705249786,0.9815306067466736,0.19873803853988647,0.8574072122573853,0.6033966541290283,0.912031352519989,0.08874046802520752,0.8954460620880127,-0.17797324061393738,0.8802753686904907,0.14134392142295837,0.8560836911201477,0.5420975685119629,0.6623783111572266
U19_v1,246,1,0.11718888580799103,0.3485890328884125,0.4720374345779419,0.999025821685791,0.10471931099891663,0.33906418085098267,0.3935282528400421,0.9991540908813477,0.09722021222114563,0.3390689492225647,0.39351731538772583,0.9991193413734436,0.08923192322254181,0.33919191360473633,0.3933255970478058,0.9990573525428772,0.12597566843032837,0.33829864859580994,0.41139495372772217,0.9992384910583496,0.13330475986003876,0.3375844955444336,0.4113300144672394,0.9992885589599609,0.14102803170681,0.33687615394592285,0.41116276383399963,0.9992227554321289,0.08521553874015808,0.34572577476501465,0.10764479637145996,0.9992120265960693,0.16147054731845856,0.34118908643722534,0.18321621417999268,0.9990971088409424,0.1094217374920845,0.3570583462715149,0.38153234124183655,0.9986787438392639,0.13124556839466095,0.3566911816596985,0.4027288556098938,0.9986631870269775,0.04980677366256714,0.4174655079841614,-0.08375265449285507,0.9992239475250244,0.26118960976600647,0.40122878551483154,0.10675015300512314,0.997782289981842,0.022906184196472168,0.5018174052238464,-0.0327855721116066,0.9818046689033508,0.37298402190208435,0.4783371090888977,0.06470778584480286,0.9844958782196045,-0.018718019127845764,0.5465307235717773,0.16258195042610168,0.590843677520752,0.40301138162612915,0.5560208559036255,0.039961203932762146,0.7309960126876831,-0.03011852502822876,0.5627378821372986,0.1693730652332306,0.4477980434894562,0.4141322374343872,0.5719558596611023,0.04694715142250061,0.6230665445327759,-0.018129616975784302,0.5566641092300415,0.17803438007831573,0.4426169693470001,0.40299373865127563,0.5724111199378967,0.04641900956630707,0.5909837484359741,-0.008362904191017151,0.5495263338088989,0.171163871884346,0.39491593837738037,0.3968610167503357,0.567524254322052,0.040115926414728165,0.5137685537338257,0.12323176860809326,0.5892258286476135,-0.1439373940229416,0.9978740215301514,0.23263967037200928,0.5879049301147461,0.14397121965885162,0.9924157857894897,0.11873989552259445,0.717985212802887,-0.08275991678237915,0.9662328958511353,0.18001669645309448,0.7079749703407288,0.246289923787117,0.7978643178939819,0.15061116218566895,0.8630410432815552,0.009790893644094467,0.932510495185852,0.16369128227233887,0.8415687084197998,0.3690268397331238,0.7884551286697388,0.16196385025978088,0.8899829387664795,0.014735397882759571,0.959540069103241,0.1741572767496109,0.861027717590332,0.3783724308013916,0.8700091242790222,0.11453662812709808,0.8899081349372864,-0.09589580446481705,0.7726396322250366,0.14689555764198303,0.8649554252624512,0.2823173701763153,0.559181809425354
U19_v1,247,1,0.12133096158504486,0.34580469131469727,0.48248574137687683,0.9991231560707092,0.1090795248746872,0.33652400970458984,0.4027578830718994,0.9991645812988281,0.10141672194004059,0.33656203746795654,0.40278542041778564,0.9991492033004761,0.09330283850431442,0.33669549226760864,0.4026322662830353,0.9990566372871399,0.12972313165664673,0.3359379172325134,0.4175226390361786,0.9992396831512451,0.13656024634838104,0.3354339003562927,0.4174569845199585,0.9993141889572144,0.14364297688007355,0.33496856689453125,0.41728025674819946,0.9992265701293945,0.08713331073522568,0.3435615599155426,0.10906077921390533,0.999197781085968,0.16224513947963715,0.34011635184288025,0.17046821117401123,0.9991620779037476,0.11280332505702972,0.3550204634666443,0.3887086808681488,0.9989705085754395,0.13462454080581665,0.35477229952812195,0.4059155583381653,0.9990583062171936,0.04087083041667938,0.4152974486351013,-0.0706767812371254,0.9992886781692505,0.2603079378604889,0.40071508288383484,0.07340013235807419,0.9985138773918152,0.018146514892578125,0.5032631158828735,-0.01433273870497942,0.9803665280342102,0.3665977716445923,0.4797944724559784,0.034828368574380875,0.9888871312141418,-0.0145711749792099,0.5505755543708801,0.18218813836574554,0.5711920857429504,0.39653876423835754,0.5536450147628784,0.022677961736917496,0.7527549862861633,-0.029782459139823914,0.5675104856491089,0.19093239307403564,0.43046313524246216,0.40783047676086426,0.5697250366210938,0.030677618458867073,0.6450744867324829,-0.008646085858345032,0.5624877214431763,0.19766703248023987,0.4224146604537964,0.3980966806411743,0.5691324472427368,0.02789539471268654,0.6146864891052246,-0.007428377866744995,0.554844856262207,0.18985287845134735,0.3721774220466614,0.39210906624794006,0.5639178156852722,0.02252328209578991,0.5368656516075134,0.11933653056621552,0.5860850811004639,-0.11192943900823593,0.9982567429542542,0.22730037569999695,0.5850272178649902,0.11195966601371765,0.9946770668029785,0.12126697599887848,0.7166697382926941,-0.052067872136831284,0.9703267812728882,0.17598101496696472,0.7108070254325867,0.20269297063350677,0.866100549697876,0.14335227012634277,0.8632292747497559,0.04583905264735222,0.9424530863761902,0.1425209492444992,0.8401182889938354,0.3333929181098938,0.8478564023971558,0.15473303198814392,0.8885835409164429,0.05112094059586525,0.9627079963684082,0.1455194354057312,0.8611729145050049,0.3429334759712219,0.9031708836555481,0.11973913013935089,0.8849083781242371,-0.05493049696087837,0.7890560030937195,0.1277831494808197,0.8643240928649902,0.23939593136310577,0.616996705532074
U19_v1,248,1,0.12027072161436081,0.34563973546028137,0.4789229929447174,0.9995177984237671,0.10860741138458252,0.33583712577819824,0.3992595076560974,0.9994785189628601,0.10156533867120743,0.33587396144866943,0.3992999196052551,0.999481737613678,0.09412804245948792,0.33607590198516846,0.39918655157089233,0.9994028806686401,0.13005664944648743,0.33538317680358887,0.4069833755493164,0.9994921684265137,0.13746899366378784,0.33494091033935547,0.4069213271141052,0.9995306730270386,0.14506405591964722,0.3346025347709656,0.4067230522632599,0.999431312084198,0.08746279776096344,0.34315359592437744,0.1124994233250618,0.9994134902954102,0.16444815695285797,0.3399934470653534,0.1413278728723526,0.9994643330574036,0.11174207925796509,0.35510510206222534,0.3888903558254242,0.99946528673172,0.1346336454153061,0.35514330863952637,0.396610826253891,0.9995056390762329,0.039477474987506866,0.41296568512916565,-0.04237043485045433,0.9996662139892578,0.26228514313697815,0.4022945165634155,0.020574502646923065,0.9993151426315308,0.023647934198379517,0.49888917803764343,-0.016267316415905952,0.9847379326820374,0.35522276163101196,0.48367342352867126,-0.054323457181453705,0.9940999150276184,0.0020844638347625732,0.5611648559570312,0.11928348243236542,0.6549715399742126,0.3912273943424225,0.5614150166511536,-0.08441862463951111,0.813441812992096,-0.003650560975074768,0.5736338496208191,0.12588787078857422,0.5052043795585632,0.4044252038002014,0.5764328837394714,-0.08147526532411575,0.703874409198761,0.00335673987865448,0.570483922958374,0.12585128843784332,0.4962320327758789,0.39449113607406616,0.5758966207504272,-0.07765889167785645,0.6739208102226257,0.02159087359905243,0.5635682344436646,0.12242790311574936,0.43896836042404175,0.38764187693595886,0.5711817145347595,-0.0821087434887886,0.589952290058136,0.11177472770214081,0.5851921439170837,-0.06778571754693985,0.9990460276603699,0.22126954793930054,0.584393322467804,0.06765398383140564,0.9973869919776917,0.12017757445573807,0.7172139883041382,-0.006556707434356213,0.9785323143005371,0.16655601561069489,0.7130417823791504,0.12778349220752716,0.9388777613639832,0.14774549007415771,0.8599258661270142,0.09085214138031006,0.9645875692367554,0.1240115761756897,0.8372016549110413,0.2702633738517761,0.9323970079421997,0.16082727909088135,0.8809607028961182,0.09534810483455658,0.9755157232284546,0.11738698184490204,0.8545669317245483,0.28029507398605347,0.9469320774078369,0.12616515159606934,0.8854005336761475,-0.011016478762030602,0.8467430472373962,0.08542841672897339,0.8618465662002563,0.16270580887794495,0.7540663480758667
U19_v1,249,1,0.12163250148296356,0.3478187322616577,0.4821861684322357,0.9995922446250916,0.10944375395774841,0.33713722229003906,0.4025776982307434,0.9995346069335938,0.10214295238256454,0.3370658755302429,0.4026142358779907,0.9995144605636597,0.09448187053203583,0.33711856603622437,0.4024806618690491,0.99943608045578,0.131377711892128,0.33711013197898865,0.4089440405368805,0.9995866417884827,0.1386919766664505,0.336797833442688,0.40887555480003357,0.9996216297149658,0.14617019891738892,0.3365345001220703,0.4086434543132782,0.9995549321174622,0.08757375925779343,0.34457457065582275,0.11360875517129898,0.9994277358055115,0.16395127773284912,0.34235697984695435,0.13768142461776733,0.9995715022087097,0.11172443628311157,0.3568248152732849,0.39206480979919434,0.999432384967804,0.13433197140693665,0.35720163583755493,0.3982744812965393,0.9995138645172119,0.0347125381231308,0.4134810268878937,-0.04404739290475845,0.999601423740387,0.25515639781951904,0.40489575266838074,0.009266347624361515,0.9995338916778564,0.010548755526542664,0.500203013420105,0.002732496475800872,0.981340229511261,0.3474375307559967,0.4858713150024414,-0.06415169686079025,0.9958970546722412,0.010849490761756897,0.5470287203788757,0.17257921397686005,0.4681607782840729,0.3873874545097351,0.5617967844009399,-0.08936721831560135,0.8276162147521973,-0.004499062895774841,0.5648150444030762,0.187949538230896,0.3240330219268799,0.40260201692581177,0.5799382328987122,-0.08540132641792297,0.7142186760902405,0.016121774911880493,0.5614964365959167,0.18927432596683502,0.3173406422138214,0.3901376724243164,0.5796580910682678,-0.07558084279298782,0.6814344525337219,0.02382553368806839,0.5503196716308594,0.17697773873806,0.2824747562408447,0.3824635148048401,0.5738946199417114,-0.08461926132440567,0.5931351184844971,0.10566563159227371,0.5867364406585693,-0.07188308984041214,0.9990798234939575,0.21290192008018494,0.5861846208572388,0.07164499163627625,0.9978519678115845,0.11948735266923904,0.7200953960418701,0.018078342080116272,0.9790961742401123,0.16788971424102783,0.7131223678588867,0.173349529504776,0.9443649649620056,0.14076456427574158,0.8533397912979126,0.1254974603652954,0.9699413776397705,0.1159910038113594,0.8345757722854614,0.3332630693912506,0.943560779094696,0.15160469710826874,0.8740803599357605,0.13308463990688324,0.9797873497009277,0.09826594591140747,0.8529019355773926,0.34565991163253784,0.9505428075790405,0.13459019362926483,0.8784204721450806,0.04855642840266228,0.8730562925338745,0.08616077899932861,0.8580742478370667,0.24790242314338684,0.7818174362182617
U19_v1,250,1,0.11977508664131165,0.35299909114837646,0.4575519859790802,0.9992751479148865,0.10873249918222427,0.34376055002212524,0.3814567029476166,0.9991590976715088,0.101432204246521,0.3435012102127075,0.3814809322357178,0.9991466999053955,0.09343388676643372,0.34329986572265625,0.38133737444877625,0.9990260601043701,0.13067945837974548,0.3442300260066986,0.3839445114135742,0.9992233514785767,0.13814744353294373,0.34409937262535095,0.38384923338890076,0.9992800354957581,0.14563369750976562,0.3439956307411194,0.3835799992084503,0.9991453886032104,0.08680221438407898,0.3498539328575134,0.10652834177017212,0.9990090131759644,0.16278128325939178,0.34986647963523865,0.11477573215961456,0.9992792010307312,0.10902319848537445,0.3615265488624573,0.37206020951271057,0.9992374181747437,0.13203181326389313,0.3627670705318451,0.37375110387802124,0.9993447661399841,0.03645814210176468,0.4177020490169525,-0.02742249146103859,0.9993743300437927,0.25155383348464966,0.41122519969940186,-0.03280002623796463,0.9995148181915283,0.016379065811634064,0.5000035762786865,-0.00988334696739912,0.9755117297172546,0.3324326276779175,0.4927496016025543,-0.12095041573047638,0.9964886903762817,0.009334482252597809,0.5544906258583069,0.10728646069765091,0.4204592704772949,0.3775554895401001,0.5693659782409668,-0.1557312160730362,0.8190563321113586,0.004615612328052521,0.5712056159973145,0.11715241521596909,0.2891441881656647,0.3939058780670166,0.5862746238708496,-0.15483324229717255,0.6971235871315002,0.027415886521339417,0.5669462084770203,0.11715299636125565,0.2820088267326355,0.3833814859390259,0.5852749943733215,-0.14482682943344116,0.662304162979126,0.03401249647140503,0.5573449730873108,0.10911025106906891,0.25094202160835266,0.3750087022781372,0.5801724195480347,-0.15091052651405334,0.5758914947509766,0.094639852643013,0.5911322236061096,-0.04076598212122917,0.997852087020874,0.20411553978919983,0.591245174407959,0.04054667055606842,0.9955925345420837,0.10124076902866364,0.7209974527359009,0.031977638602256775,0.9618273377418518,0.15915679931640625,0.7153834104537964,0.09978509694337845,0.9389733076095581,0.14142301678657532,0.8517196178436279,0.13002146780490875,0.943771481513977,0.11232820153236389,0.8376588821411133,0.2493886500597,0.9132269024848938,0.15705189108848572,0.8735881447792053,0.13513712584972382,0.9635258316993713,0.09293094277381897,0.8534603714942932,0.25977909564971924,0.932823896408081,0.14607122540473938,0.8646010756492615,0.0385868102312088,0.7892422676086426,0.10625740140676498,0.8552783727645874,0.14129512012004852,0.6890493631362915
U19_v1,251,1,0.1201815977692604,0.36161893606185913,0.4535839259624481,0.9997133612632751,0.10849805921316147,0.3513581454753876,0.3762364983558655,0.9996598958969116,0.10104678571224213,0.3510763645172119,0.3762468695640564,0.9996376037597656,0.09338438510894775,0.3509061336517334,0.3760831654071808,0.999567449092865,0.13063929975032806,0.35173022747039795,0.39014527201652527,0.9996902942657471,0.13809747993946075,0.35153141617774963,0.39006513357162476,0.9997087121009827,0.14536736905574799,0.351427286863327,0.38986077904701233,0.999657154083252,0.08944040536880493,0.3570209741592407,0.09910962730646133,0.9996651411056519,0.1634196937084198,0.3573121428489685,0.15654624998569489,0.9996802806854248,0.1107514426112175,0.3690809905529022,0.36680158972740173,0.999581515789032,0.13245949149131775,0.3702344298362732,0.38253042101860046,0.9996497631072998,0.04319772869348526,0.41751599311828613,-0.08414164185523987,0.9996156692504883,0.25249606370925903,0.41878020763397217,0.07438991218805313,0.9996222257614136,0.02102440595626831,0.5024932026863098,-0.09471439570188522,0.9806046485900879,0.32568246126174927,0.5032544136047363,-0.03475186973810196,0.9957113265991211,0.013647578656673431,0.5515847206115723,0.022494802251458168,0.46579787135124207,0.3584078550338745,0.579433023929596,-0.13956643640995026,0.8637927174568176,0.010048583149909973,0.5673003196716309,0.022548194974660873,0.3244038224220276,0.375951886177063,0.5946736931800842,-0.14343953132629395,0.7725070118904114,0.029700852930545807,0.5644363164901733,0.02580220438539982,0.32080498337745667,0.3647578954696655,0.5936891436576843,-0.13134515285491943,0.7363110780715942,0.03497152775526047,0.5560673475265503,0.025321023538708687,0.28567638993263245,0.35522106289863586,0.5888996720314026,-0.1371856927871704,0.6468160152435303,0.09392456710338593,0.5946417450904846,-0.1360321342945099,0.9985787868499756,0.20254990458488464,0.5965807437896729,0.13609232008457184,0.9969858527183533,0.0843331515789032,0.7197753190994263,-0.1098647490143776,0.9850211143493652,0.15769639611244202,0.7200736999511719,0.18318040668964386,0.9329103827476501,0.13957740366458893,0.8508213758468628,-0.025309044867753983,0.9678147435188293,0.11101347953081131,0.8468454480171204,0.2941773533821106,0.9263338446617126,0.1622941493988037,0.8674668073654175,-0.019164759665727615,0.9814479947090149,0.1016707792878151,0.8663188219070435,0.2995999753475189,0.9435842037200928,0.12706346809864044,0.8749721646308899,-0.10510850697755814,0.8747461438179016,0.06821835786104202,0.861711323261261,0.18290115892887115,0.7121274471282959
U19_v1,252,1,0.1312839686870575,0.36756980419158936,0.4431798458099365,0.99979168176651,0.12028052657842636,0.3574516773223877,0.36990082263946533,0.9997767806053162,0.11298246681690216,0.3573955297470093,0.3699222803115845,0.9997443556785583,0.10537363588809967,0.3574560284614563,0.3697912395000458,0.9997090697288513,0.14197996258735657,0.35744500160217285,0.380085825920105,0.9997896552085876,0.14909210801124573,0.35729551315307617,0.3800291419029236,0.9997887015342712,0.15631107985973358,0.3572859466075897,0.3798540234565735,0.9997774958610535,0.099736787378788,0.36357367038726807,0.10750728100538254,0.9997614026069641,0.17136552929878235,0.3638295531272888,0.1493709832429886,0.9998149275779724,0.1217976063489914,0.37554454803466797,0.3614368736743927,0.999669075012207,0.14290747046470642,0.376407265663147,0.37270092964172363,0.9997536540031433,0.04767437279224396,0.42407017946243286,-0.05359863489866257,0.9996240139007568,0.25249776244163513,0.4264143705368042,0.04253885895013809,0.999758780002594,0.023883961141109467,0.5068566799163818,-0.051597099751234055,0.9781370759010315,0.3158085346221924,0.5111938118934631,-0.06532302498817444,0.9962425231933594,0.02929876744747162,0.5504162311553955,0.07682792097330093,0.3758077025413513,0.3361298143863678,0.5848344564437866,-0.15258879959583282,0.8640965819358826,0.029895350337028503,0.5670586228370667,0.08658872544765472,0.2589292824268341,0.3492750823497772,0.5987688899040222,-0.15439173579216003,0.7642233967781067,0.03472425043582916,0.5629609227180481,0.08866062760353088,0.2573619484901428,0.3405117690563202,0.5970147252082825,-0.14038507640361786,0.7303974032402039,0.04719088226556778,0.5544705986976624,0.08044484257698059,0.23744690418243408,0.3328613340854645,0.5922264456748962,-0.14780113101005554,0.6503742933273315,0.08554798364639282,0.5989429950714111,-0.10806012898683548,0.9991995692253113,0.19878742098808289,0.6006746888160706,0.10817379504442215,0.9986120462417603,0.058771125972270966,0.7190613746643066,-0.07871193438768387,0.9868310689926147,0.1585206836462021,0.722987711429596,0.15736423432826996,0.9399908185005188,0.12937767803668976,0.8427975177764893,-0.029777374118566513,0.9711913466453552,0.11303980648517609,0.8487000465393066,0.21391645073890686,0.942768394947052,0.1464468538761139,0.8533515930175781,-0.024719877168536186,0.9840569496154785,0.11735428869724274,0.8628820776939392,0.21578733623027802,0.9525450468063354,0.12315693497657776,0.878463864326477,-0.06968807429075241,0.8908682465553284,0.09189750254154205,0.8708004951477051,0.11913436651229858,0.7663928270339966
U19_v1,253,1,0.13059405982494354,0.3694015145301819,0.41153061389923096,0.9997220635414124,0.11964952945709229,0.3600768446922302,0.33844560384750366,0.9997425675392151,0.1129043847322464,0.3603534698486328,0.3384925127029419,0.999702513217926,0.10584703832864761,0.36070579290390015,0.3383764922618866,0.9996548891067505,0.14204929769039154,0.35954993963241577,0.34787213802337646,0.999751627445221,0.15023137629032135,0.3593478202819824,0.347842276096344,0.9997467398643494,0.15834484994411469,0.3592750132083893,0.3476831316947937,0.9997487664222717,0.10183896124362946,0.36678627133369446,0.08319620788097382,0.9997153878211975,0.17310352623462677,0.3654535114765167,0.12513229250907898,0.9998413324356079,0.12250396609306335,0.3787383735179901,0.33493977785110474,0.9994687438011169,0.14461497962474823,0.37824004888534546,0.3462505638599396,0.9996055960655212,0.047942154109478,0.43163537979125977,-0.0005315126618370414,0.9994921684265137,0.2514718174934387,0.43051061034202576,0.0005990163190290332,0.999800980091095,0.01633906364440918,0.509174108505249,0.08143475651741028,0.9483005404472351,0.3067896366119385,0.5168778896331787,0.01635236293077469,0.9940959215164185,0.03731834143400192,0.5597532987594604,0.2920478582382202,0.2422475665807724,0.315707266330719,0.587493896484375,0.10796327888965607,0.8271629214286804,0.04517872631549835,0.572925329208374,0.3245393633842468,0.17457500100135803,0.32311803102493286,0.6015674471855164,0.1232428029179573,0.7208548188209534,0.05697234719991684,0.5700919032096863,0.3178955316543579,0.1735691875219345,0.31477615237236023,0.5998438000679016,0.1354840099811554,0.6916503310203552,0.06277249753475189,0.5643691420555115,0.29478684067726135,0.16551901400089264,0.3090834319591522,0.5954301953315735,0.11565553396940231,0.6206848621368408,0.08801710605621338,0.6005974411964417,-0.042509838938713074,0.9994206428527832,0.19787664711475372,0.6029626727104187,0.04231474548578262,0.9992067217826843,0.04724688082933426,0.7189137935638428,0.04676384478807449,0.9788457155227661,0.1588434875011444,0.7231546640396118,0.1562500149011612,0.9473860263824463,0.1164889931678772,0.8257723450660706,0.06949973106384277,0.9670283198356628,0.11977703869342804,0.834248423576355,0.16015814244747162,0.9700959920883179,0.12947489321231842,0.8362361192703247,0.07130640745162964,0.9811877608299255,0.12570121884346008,0.8543170690536499,0.15769454836845398,0.9718501567840576,0.12608708441257477,0.8756921291351318,0.048230044543743134,0.8893213272094727,0.10679380595684052,0.8729313611984253,0.07950292527675629,0.8665921092033386
U19_v1,254,1,0.13220544159412384,0.37107014656066895,0.4405398368835449,0.9998080134391785,0.12193290889263153,0.36144059896469116,0.3682079315185547,0.9998239874839783,0.11548975855112076,0.3616756498813629,0.36827126145362854,0.9997977614402771,0.10846962034702301,0.3622393012046814,0.36822181940078735,0.9997655749320984,0.14389853179454803,0.3610384464263916,0.3768216669559479,0.9998315572738647,0.15193088352680206,0.3608747124671936,0.3767724633216858,0.9998248219490051,0.1598408967256546,0.3608902096748352,0.3766006529331207,0.9998273849487305,0.10542644560337067,0.36816346645355225,0.1153562068939209,0.9998034834861755,0.17437656223773956,0.3670947253704071,0.1549489051103592,0.9998860359191895,0.12544220685958862,0.3804173171520233,0.36511850357055664,0.9996461868286133,0.14666226506233215,0.3801063299179077,0.37582650780677795,0.999729573726654,0.053876399993896484,0.4321333169937134,0.03427254036068916,0.9996932744979858,0.2515731453895569,0.4314116835594177,0.027418391779065132,0.9998288154602051,0.017809882760047913,0.5088011622428894,0.12674544751644135,0.9797956943511963,0.30722567439079285,0.5175909996032715,0.09411438554525375,0.9937381744384766,0.03126484900712967,0.5521076321601868,0.3688207268714905,0.41194331645965576,0.29740285873413086,0.5806368589401245,0.26370444893836975,0.7450971603393555,0.029992491006851196,0.5649824738502502,0.4072781205177307,0.2897545397281647,0.29838627576828003,0.5973889231681824,0.29202064871788025,0.6075609922409058,0.04534459859132767,0.5612298250198364,0.4021770656108856,0.2874756455421448,0.2848179340362549,0.5939911007881165,0.2988392114639282,0.5794711112976074,0.05296790599822998,0.5564457178115845,0.3738163709640503,0.26403868198394775,0.27825728058815,0.5875259637832642,0.271847665309906,0.5216306447982788,0.08925861120223999,0.5979201197624207,-0.023065822198987007,0.9995874762535095,0.19862735271453857,0.6001234650611877,0.02271508239209652,0.9994767308235168,0.04516058415174484,0.7148116827011108,0.08322068303823471,0.9780394434928894,0.1595764458179474,0.7214606404304504,0.1451379507780075,0.9648123383522034,0.106573686003685,0.8160272836685181,0.011657344177365303,0.9720234274864197,0.11560586839914322,0.8332359790802002,0.05371370166540146,0.9785550236701965,0.11755245178937912,0.8254989385604858,0.003903748467564583,0.9846467971801758,0.11616799980401993,0.848761796951294,0.04155144840478897,0.9821019172668457,0.11355887353420258,0.8653661608695984,-0.019292941316962242,0.9117868542671204,0.10495047271251678,0.8649460077285767,-0.03353327885270119,0.9066557288169861
U19_v1,255,1,0.12983167171478271,0.3709008991718292,0.3960745334625244,0.9995514750480652,0.11842450499534607,0.3606901168823242,0.3186793923377991,0.9994920492172241,0.11171314865350723,0.3607099652290344,0.31874367594718933,0.9994558691978455,0.10536965727806091,0.3609354794025421,0.318744957447052,0.9993752837181091,0.13826154172420502,0.36098116636276245,0.3310992419719696,0.9995821118354797,0.1451050192117691,0.36101073026657104,0.3309641480445862,0.9996135830879211,0.15179753303527832,0.3611534833908081,0.3307375907897949,0.9996347427368164,0.10363265872001648,0.3673728108406067,0.05985236167907715,0.9993773102760315,0.16864463686943054,0.36720922589302063,0.11588773876428604,0.9997032284736633,0.12257922440767288,0.37924444675445557,0.31958144903182983,0.9991528987884521,0.14277149736881256,0.38012969493865967,0.33523160219192505,0.9993947744369507,0.05560141056776047,0.43125835061073303,-0.03190390765666962,0.9990299940109253,0.25600945949554443,0.4310794472694397,0.019966939464211464,0.9997217059135437,0.02554178237915039,0.5090813636779785,0.0825105607509613,0.8929635882377625,0.30913522839546204,0.520899772644043,0.16785067319869995,0.9802970886230469,0.059670060873031616,0.5429351925849915,0.3498399555683136,0.12037477642297745,0.2668754458427429,0.5608680248260498,0.41305023431777954,0.3275628685951233,0.06386324018239975,0.5536392331123352,0.3899418115615845,0.10279957950115204,0.24748073518276215,0.5756599307060242,0.45675474405288696,0.2397443801164627,0.08619801700115204,0.5480566620826721,0.3840692937374115,0.10277362167835236,0.2396719604730606,0.5686121582984924,0.45239225029945374,0.2256716787815094,0.09111487120389938,0.5433679819107056,0.3552493751049042,0.10281535983085632,0.24296879768371582,0.5640664100646973,0.4192095696926117,0.20509253442287445,0.0884159654378891,0.6002684235572815,-0.045783426612615585,0.9993374943733215,0.19998426735401154,0.6014686226844788,0.045320939272642136,0.9992474317550659,0.04421807825565338,0.7142523527145386,0.07615649700164795,0.9827515482902527,0.16053779423236847,0.7225104570388794,0.160472571849823,0.9717150330543518,0.09377987682819366,0.8171092867851257,-0.11970985680818558,0.979814887046814,0.11099465936422348,0.8331320881843567,-0.043822869658470154,0.9773454666137695,0.10293424129486084,0.8290694952011108,-0.13700558245182037,0.9923635721206665,0.11228025704622269,0.8553628921508789,-0.06649741530418396,0.9839350581169128,0.08079610764980316,0.8591839671134949,-0.15430894494056702,0.9028680920600891,0.10161644220352173,0.8628643751144409,-0.1292453408241272,0.869566023349762
U19_v1,256,1,0.12553560733795166,0.36429449915885925,0.4533982574939728,0.9994868040084839,0.11498332023620605,0.3554934561252594,0.3721939027309418,0.9993259906768799,0.10839583724737167,0.3555759787559509,0.37222713232040405,0.9992592930793762,0.10212823748588562,0.3558248281478882,0.37220558524131775,0.9992014765739441,0.13595326244831085,0.3555682897567749,0.3880857229232788,0.9993852376937866,0.14374768733978271,0.355535626411438,0.3879653215408325,0.999401330947876,0.15142381191253662,0.35561424493789673,0.3877446949481964,0.9994490742683411,0.1017768606543541,0.3618538975715637,0.0910436362028122,0.9989737272262573,0.17167139053344727,0.3614197373390198,0.15971390902996063,0.9994361996650696,0.11944785714149475,0.37330910563468933,0.3680635690689087,0.9990105628967285,0.14157576858997345,0.3739883005619049,0.3875460922718048,0.9992954730987549,0.05063364654779434,0.4271409511566162,-0.06533364951610565,0.9989251494407654,0.25967884063720703,0.426945298910141,0.055949922651052475,0.999477207660675,0.018363751471042633,0.5120096802711487,-0.04420838505029678,0.9437587261199951,0.3084174394607544,0.5183253884315491,0.16110986471176147,0.974102258682251,0.04556071758270264,0.5418460965156555,0.14648447930812836,0.1624840646982193,0.23178058862686157,0.5476875305175781,0.35455289483070374,0.16566435992717743,0.06226852536201477,0.5602003335952759,0.16539567708969116,0.13088849186897278,0.20836246013641357,0.5569825768470764,0.39058446884155273,0.11387234926223755,0.08654654026031494,0.5543477535247803,0.16810961067676544,0.12701372802257538,0.1966436803340912,0.5518004298210144,0.38214391469955444,0.10770852863788605,0.08983114361763,0.5492644906044006,0.15119580924510956,0.12785352766513824,0.2051992267370224,0.5483003854751587,0.3551284670829773,0.10135950148105621,0.08447744697332382,0.5963022708892822,-0.04402158409357071,0.9989294409751892,0.19570428133010864,0.6001288890838623,0.04372234642505646,0.9989474415779114,0.054967187345027924,0.7047498226165771,0.169457346200943,0.9757275581359863,0.16577386856079102,0.7207754850387573,0.18220803141593933,0.9857308268547058,0.08755390346050262,0.814460039138794,0.0709061399102211,0.9758559465408325,0.11446618288755417,0.8390763998031616,0.022440720349550247,0.9853411316871643,0.09640899300575256,0.8291449546813965,0.06584654003381729,0.9894785284996033,0.10918839275836945,0.8559152483940125,0.005752599332481623,0.9896005392074585,0.07600940763950348,0.8533926010131836,0.06136465445160866,0.8617153167724609,0.10391706228256226,0.8639932870864868,-0.0495484285056591,0.8588099479675293
U19_v1,257,1,0.1226896420121193,0.35887232422828674,0.4928964376449585,0.9993898868560791,0.11280354857444763,0.34982165694236755,0.40668249130249023,0.9992589354515076,0.10643816739320755,0.3498550057411194,0.4067215323448181,0.9991932511329651,0.09915471076965332,0.3500445485115051,0.40669989585876465,0.9991288781166077,0.13393431901931763,0.35041552782058716,0.41973036527633667,0.999327540397644,0.1413881927728653,0.35063618421554565,0.41958245635032654,0.9993440508842468,0.149263396859169,0.3509193956851959,0.4193534851074219,0.9993613362312317,0.10015183687210083,0.35689806938171387,0.12660786509513855,0.9989959597587585,0.16857513785362244,0.35621148347854614,0.18136000633239746,0.999403715133667,0.11753839254379272,0.36803025007247925,0.410068541765213,0.9991158843040466,0.1390887200832367,0.3690516948699951,0.42554664611816406,0.999336302280426,0.05010445415973663,0.41893309354782104,-0.00026848629931919277,0.9993847608566284,0.26184409856796265,0.42223429679870605,0.056721944361925125,0.9994010925292969,0.018282249569892883,0.502673864364624,0.02570032700896263,0.9698437452316284,0.30655738711357117,0.5135747790336609,0.16660861670970917,0.9736064672470093,0.04670913517475128,0.5346607565879822,0.2159498631954193,0.22853535413742065,0.22863763570785522,0.5335673093795776,0.395178884267807,0.08842985332012177,0.06243029236793518,0.552773118019104,0.2346040904521942,0.1759219914674759,0.20459163188934326,0.5436238050460815,0.4316418170928955,0.06243841350078583,0.0700550228357315,0.5426737666130066,0.235325425863266,0.1703568696975708,0.19229254126548767,0.536380410194397,0.4223734438419342,0.05965576693415642,0.0906684547662735,0.5429311990737915,0.2198280692100525,0.1582954376935959,0.1987435221672058,0.5333842635154724,0.39545127749443054,0.0588185153901577,0.08496154844760895,0.5893363356590271,0.013071205466985703,0.9989166259765625,0.1970806121826172,0.5937840938568115,-0.013241312466561794,0.9989868998527527,0.06505171209573746,0.7031373977661133,0.2090335339307785,0.9781345129013062,0.16853736340999603,0.7171441912651062,0.08709914982318878,0.9954813718795776,0.0797908753156662,0.8137457370758057,0.21026763319969177,0.9741554856300354,0.11427394300699234,0.8420022130012512,0.004958040546625853,0.9925803542137146,0.08396262675523758,0.8263024687767029,0.21326135098934174,0.9886665344238281,0.11365559697151184,0.8580001592636108,-0.0040505616925656796,0.9944233298301697,0.06820061057806015,0.8474245071411133,0.18741004168987274,0.7938423752784729,0.12137988209724426,0.8640375733375549,-0.07514143735170364,0.8668908476829529
U19_v1,258,1,0.12299152463674545,0.3533364534378052,0.3981190025806427,0.998464822769165,0.11398954689502716,0.3438008427619934,0.3069567084312439,0.9981516003608704,0.10814248025417328,0.3439016342163086,0.3069555163383484,0.9980683922767639,0.10194925218820572,0.34413784742355347,0.30688154697418213,0.9979256391525269,0.1331716924905777,0.34413647651672363,0.3238683044910431,0.9986086487770081,0.1400493085384369,0.3443286418914795,0.3237297832965851,0.9987528324127197,0.14709244668483734,0.3446345329284668,0.3234570026397705,0.9987977743148804,0.10065516084432602,0.3519693613052368,0.014846021309494972,0.9979750514030457,0.16578622162342072,0.35157883167266846,0.0879204049706459,0.9987894892692566,0.11558708548545837,0.3633476495742798,0.310926616191864,0.9978628754615784,0.13687020540237427,0.3636641502380371,0.33178335428237915,0.9983527660369873,0.05117042362689972,0.41411930322647095,-0.1187172457575798,0.9982498288154602,0.26694977283477783,0.41575202345848083,0.021716324612498283,0.9985478520393372,0.012342438101768494,0.5022109746932983,0.02052558958530426,0.851443886756897,0.3045448958873749,0.5055635571479797,0.22858282923698425,0.8702207803726196,0.035206615924835205,0.511154294013977,0.359101802110672,0.0710066705942154,0.22271090745925903,0.5085186958312988,0.5811638236045837,0.06685207039117813,0.05845390260219574,0.5265634059906006,0.3889414370059967,0.06775536388158798,0.21204166114330292,0.5210162401199341,0.6371603012084961,0.06299478560686111,0.07709916681051254,0.5181683301925659,0.39043116569519043,0.06742902845144272,0.18892458081245422,0.5042251348495483,0.6216170787811279,0.061482563614845276,0.0839758813381195,0.5148992538452148,0.367015540599823,0.06715724617242813,0.19506089389324188,0.5036249756813049,0.5820630788803101,0.06408192962408066,0.08457835018634796,0.5837812423706055,-0.05422327667474747,0.9958761930465698,0.1950850635766983,0.5886903405189514,0.05400871858000755,0.9945149421691895,0.0694015771150589,0.7034887671470642,0.06529174000024796,0.9826110005378723,0.1674024909734726,0.7152074575424194,0.1713569164276123,0.97849440574646,0.0659632459282875,0.8217185139656067,0.14767837524414062,0.9719908833503723,0.1251780241727829,0.8415652513504028,0.24234895408153534,0.965347170829773,0.07181839644908905,0.8406540155410767,0.15699762105941772,0.9811239838600159,0.11999017000198364,0.858483612537384,0.24870596826076508,0.9672653675079346,0.017898686230182648,0.8504297733306885,0.12955807149410248,0.808992326259613,0.10701869428157806,0.8558759689331055,0.2019837349653244,0.7237681746482849
U19_v1,259,1,0.1404690146446228,0.3509211540222168,0.4313761293888092,0.9991866946220398,0.12983320653438568,0.3412390351295471,0.3446071445941925,0.9990781545639038,0.12296569347381592,0.34120485186576843,0.3446400463581085,0.9990127086639404,0.11587990075349808,0.3414182662963867,0.34456339478492737,0.9990027546882629,0.14909350872039795,0.34183716773986816,0.35718783736228943,0.9992923736572266,0.1554381102323532,0.3419809937477112,0.3570517301559448,0.9993315935134888,0.16201536357402802,0.3422369062900543,0.3568541407585144,0.9993785619735718,0.11074050515890121,0.34974998235702515,0.05650698021054268,0.9990617632865906,0.17584499716758728,0.3495607376098633,0.11009481549263,0.9993509650230408,0.13026608526706696,0.36098694801330566,0.34452179074287415,0.9990807771682739,0.15184809267520905,0.3609682321548462,0.3595649302005768,0.9993034601211548,0.050768591463565826,0.4124315679073334,-0.0847444087266922,0.9981386661529541,0.2638368010520935,0.4136022925376892,0.034508898854255676,0.9988346695899963,0.0052352771162986755,0.49412694573402405,0.0594203844666481,0.8699237704277039,0.3065430521965027,0.5003260374069214,0.2565065920352936,0.8751717805862427,0.04276413470506668,0.5093391537666321,0.4182693362236023,0.06274966895580292,0.22421833872795105,0.49647146463394165,0.6460137367248535,0.07298507541418076,0.0634012520313263,0.5221810936927795,0.4510064721107483,0.057141195982694626,0.2137131690979004,0.5095529556274414,0.7114923596382141,0.06863358616828918,0.08095617592334747,0.5147125124931335,0.45782914757728577,0.056501131504774094,0.19408255815505981,0.4888845682144165,0.6971309781074524,0.06734541803598404,0.08699367940425873,0.5119221210479736,0.42894017696380615,0.056269314140081406,0.19986838102340698,0.4895009994506836,0.6494243741035461,0.07049806416034698,0.07974535971879959,0.5802416801452637,-0.03835984691977501,0.9970318078994751,0.19374093413352966,0.5853997468948364,0.0381527878344059,0.9968075752258301,0.06823436915874481,0.6989349722862244,0.1345808207988739,0.9891313314437866,0.16824454069137573,0.713039755821228,0.17544592916965485,0.9884644150733948,0.054753489792346954,0.8199516534805298,0.24107685685157776,0.9776254296302795,0.12526901066303253,0.8382813930511475,0.2610815763473511,0.9781535863876343,0.05354484170675278,0.8429855108261108,0.25507330894470215,0.9845089316368103,0.11675111204385757,0.8596030473709106,0.27136051654815674,0.9817991852760315,0.01007544994354248,0.8296182155609131,0.24876800179481506,0.7692837715148926,0.12234989553689957,0.8460367321968079,0.23822231590747833,0.728197455406189
U19_v1,260,1,0.138275146484375,0.3475008010864258,0.41368961334228516,0.9986556768417358,0.1280062347650528,0.3378670811653137,0.32467928528785706,0.9985588192939758,0.12152976542711258,0.33795684576034546,0.3247145712375641,0.9985588192939758,0.11470663547515869,0.3382537364959717,0.3246171176433563,0.9985300302505493,0.14784082770347595,0.3382546007633209,0.33451923727989197,0.9989405274391174,0.15457721054553986,0.3384125232696533,0.33437836170196533,0.9990395903587341,0.16151928901672363,0.33864712715148926,0.33414405584335327,0.9990857839584351,0.10903305560350418,0.34700918197631836,0.03989187628030777,0.9984660148620605,0.17642083764076233,0.34641164541244507,0.08513569086790085,0.9990705847740173,0.12890787422657013,0.3577389121055603,0.32975485920906067,0.9982364177703857,0.15179045498371124,0.35766226053237915,0.3423774242401123,0.9986190795898438,0.05173435062170029,0.40872418880462646,-0.05208786949515343,0.9976477026939392,0.2688728868961334,0.4129399359226227,-0.011635789647698402,0.9985333681106567,0.00427815318107605,0.49057257175445557,0.1469033658504486,0.8086329102516174,0.3034709692001343,0.4993698000907898,0.23553504049777985,0.8598656058311462,0.04049748182296753,0.48995447158813477,0.5482930541038513,0.04862605407834053,0.23476716876029968,0.4798431992530823,0.6904804706573486,0.06759251654148102,0.061846617609262466,0.5008110404014587,0.5910525321960449,0.04524249583482742,0.23051249980926514,0.48571187257766724,0.7626047134399414,0.06252636015415192,0.08024869114160538,0.4931856393814087,0.594218373298645,0.0450880192220211,0.21214823424816132,0.46468162536621094,0.7495073080062866,0.061268195509910583,0.08682724088430405,0.49222129583358765,0.5591532588005066,0.04476597532629967,0.21589234471321106,0.466876745223999,0.6972546577453613,0.06391497701406479,0.07898472994565964,0.5792863965034485,0.009771760553121567,0.9960225820541382,0.1932242512702942,0.5844615697860718,-0.010084981098771095,0.9959341287612915,0.0694449320435524,0.7015074491500854,0.15792030096054077,0.9825097322463989,0.1708967089653015,0.7148350477218628,0.1361055076122284,0.9871139526367188,0.04973360151052475,0.8234580755233765,0.24338600039482117,0.9647330045700073,0.1262889951467514,0.841225802898407,0.2131081521511078,0.9723410606384277,0.04437889903783798,0.8465813398361206,0.2541522681713104,0.9737132787704468,0.11471498012542725,0.8617414236068726,0.2225068360567093,0.9755833148956299,0.03822900354862213,0.8266464471817017,0.2451828569173813,0.671936571598053,0.13553635776042938,0.8459842205047607,0.18987035751342773,0.6871679425239563
U19_v1,261,1,0.14273014664649963,0.34899330139160156,0.4171762764453888,0.9982889294624329,0.13211551308631897,0.33919215202331543,0.3284090757369995,0.9982777833938599,0.12512178719043732,0.3392431139945984,0.32845523953437805,0.9982782602310181,0.11768120527267456,0.33950674533843994,0.32837387919425964,0.9982569813728333,0.15135924518108368,0.33938443660736084,0.33678188920021057,0.9986467957496643,0.1577129364013672,0.3394308388233185,0.3366612493991852,0.9987565279006958,0.16421572864055634,0.33958303928375244,0.3364391326904297,0.9988030195236206,0.11120928823947906,0.3477014899253845,0.04601513221859932,0.9980612397193909,0.178553968667984,0.34681570529937744,0.08617295324802399,0.9987847208976746,0.13354966044425964,0.3586764335632324,0.334188848733902,0.9979538917541504,0.15540751814842224,0.35865867137908936,0.3452565670013428,0.998331606388092,0.05389436334371567,0.4073545038700104,-0.02072812058031559,0.9976474642753601,0.26808375120162964,0.4116325080394745,-0.036262378096580505,0.9986541271209717,0.0082101970911026,0.48734980821609497,0.17602066695690155,0.8285619616508484,0.30274656414985657,0.4988424777984619,0.21284495294094086,0.8948371410369873,0.03703879565000534,0.4975503981113434,0.5536558628082275,0.053993526846170425,0.24905264377593994,0.47760915756225586,0.6651084423065186,0.08320654928684235,0.053473420441150665,0.5018966197967529,0.5965956449508667,0.048248495906591415,0.24489110708236694,0.4839515686035156,0.7347116470336914,0.07309384644031525,0.07144875824451447,0.4942770004272461,0.5978024005889893,0.047910161316394806,0.2243545651435852,0.4640144109725952,0.7196308374404907,0.07159929722547531,0.07829384505748749,0.49282240867614746,0.5634270906448364,0.046795014292001724,0.22759565711021423,0.46559950709342957,0.6716942191123962,0.0739014595746994,0.07898765802383423,0.5778129696846008,0.045884206891059875,0.997065007686615,0.18726806342601776,0.5833030343055725,-0.04622736573219299,0.9971244931221008,0.0736849382519722,0.6992678046226501,0.16698232293128967,0.9712345600128174,0.17120133340358734,0.7106581330299377,0.08623360842466354,0.989521861076355,0.050569601356983185,0.81667560338974,0.23750893771648407,0.9575249552726746,0.13361451029777527,0.8374834060668945,0.13210880756378174,0.9773240685462952,0.04653647541999817,0.840160608291626,0.24566228687763214,0.968268632888794,0.12182463705539703,0.8597384691238403,0.13899312913417816,0.9803032875061035,0.0597921684384346,0.8248148560523987,0.2333853840827942,0.645471453666687,0.14768575131893158,0.8444204330444336,0.11157141625881195,0.7300174832344055
U19_v1,262,1,0.14255142211914062,0.35024532675743103,0.46036985516548157,0.9993283748626709,0.13219653069972992,0.3402554392814636,0.3718448281288147,0.9993342757225037,0.12571944296360016,0.3402617275714874,0.3718845844268799,0.9993563294410706,0.11881116032600403,0.3404614329338074,0.37181732058525085,0.9993215799331665,0.15093660354614258,0.3407748341560364,0.37722280621528625,0.9994567036628723,0.15733426809310913,0.3409205675125122,0.3770851790904999,0.9995180368423462,0.16396746039390564,0.3411421477794647,0.37686067819595337,0.9995036125183105,0.11340422928333282,0.3491634130477905,0.08888345211744308,0.9992759823799133,0.17911693453788757,0.34840893745422363,0.11384357511997223,0.9995916485786438,0.1354181319475174,0.36007070541381836,0.37715721130371094,0.9993069171905518,0.15510261058807373,0.3605937957763672,0.3838631510734558,0.9994483590126038,0.05361078679561615,0.41116851568222046,-0.006709901150316,0.9990578293800354,0.2682649493217468,0.41286465525627136,-0.013971352018415928,0.999292254447937,0.005739428102970123,0.4959428012371063,0.13483671844005585,0.9279462099075317,0.30263110995292664,0.49887704849243164,0.2182355523109436,0.9303735494613647,0.03817887604236603,0.5122426748275757,0.4584343731403351,0.07886077463626862,0.24030759930610657,0.4881032705307007,0.6751142740249634,0.08105002343654633,0.050946399569511414,0.5232725739479065,0.48998770117759705,0.06263419985771179,0.23129397630691528,0.49618610739707947,0.7436184883117676,0.0655539408326149,0.06762087345123291,0.516818106174469,0.4895939826965332,0.06195778399705887,0.21592435240745544,0.4882749021053314,0.7335410714149475,0.06417558342218399,0.07311387360095978,0.5136448740959167,0.46474528312683105,0.060561198741197586,0.21943193674087524,0.47811177372932434,0.6829305291175842,0.06770757585763931,0.07902997732162476,0.5809199213981628,0.03145550191402435,0.9981651902198792,0.18568606674671173,0.5859386324882507,-0.03175877779722214,0.9978622794151306,0.06632553040981293,0.7048456072807312,0.1498713493347168,0.987483024597168,0.17134393751621246,0.7123376727104187,0.10134778171777725,0.9940010905265808,0.05607178062200546,0.8274271488189697,0.2178722769021988,0.9782665371894836,0.13824106752872467,0.8385094404220581,0.16191349923610687,0.985599160194397,0.05167289823293686,0.8507153987884521,0.22564241290092468,0.9816280007362366,0.12645632028579712,0.8617279529571533,0.1692010462284088,0.985607385635376,0.061468832194805145,0.8199474215507507,0.20768040418624878,0.7602912187576294,0.158015176653862,0.8375412225723267,0.13591046631336212,0.7970049977302551
U19_v1,263,1,0.1417212188243866,0.3538946509361267,0.4517629146575928,0.9994245767593384,0.13330721855163574,0.3443737030029297,0.3620555102825165,0.9994051456451416,0.1271144449710846,0.34457769989967346,0.3620907962322235,0.9994537234306335,0.12028831243515015,0.34495809674263,0.3620133101940155,0.9994033575057983,0.15038302540779114,0.3445180654525757,0.37300193309783936,0.9995152950286865,0.15621879696846008,0.34462970495224,0.37286368012428284,0.9995844960212708,0.16228574514389038,0.34482693672180176,0.3726593554019928,0.9995599389076233,0.11500843614339828,0.3529638946056366,0.07517867535352707,0.9993815422058105,0.17738381028175354,0.35199642181396484,0.1242256686091423,0.9996271133422852,0.1342068910598755,0.36410361528396606,0.3671059012413025,0.9993389248847961,0.1533801555633545,0.3642829358577728,0.3805854618549347,0.9994710087776184,0.05625874549150467,0.4128631353378296,-0.042368654161691666,0.9992623925209045,0.2691172659397125,0.417900413274765,0.020641883835196495,0.9992831349372864,0.004062198102474213,0.49537360668182373,0.08706165850162506,0.9425486922264099,0.3059183359146118,0.5038512945175171,0.24554480612277985,0.9481434226036072,0.0302988663315773,0.5167497992515564,0.3972764313220978,0.09708324819803238,0.2568003833293915,0.4927765727043152,0.6687952876091003,0.09356179088354111,0.04316370189189911,0.5289685130119324,0.4232443869113922,0.0764666423201561,0.24856886267662048,0.5028537511825562,0.7329080104827881,0.07474317401647568,0.06006808578968048,0.5236704349517822,0.4220975935459137,0.07574819028377533,0.23348286747932434,0.4942222237586975,0.7237513661384583,0.07319669425487518,0.06541810929775238,0.5203630328178406,0.40332818031311035,0.07279331982135773,0.22786858677864075,0.48180773854255676,0.6758609414100647,0.07529021054506302,0.08064679801464081,0.5822376608848572,-0.0027868624310940504,0.9980411529541016,0.1868901252746582,0.5874549150466919,0.0026053693145513535,0.9976141452789307,0.06881862133741379,0.7054322957992554,0.09612150490283966,0.9891697764396667,0.1680172085762024,0.7131152153015137,0.12993164360523224,0.9941372871398926,0.058330170810222626,0.8258271217346191,0.15404018759727478,0.9786362051963806,0.1441980004310608,0.8386343717575073,0.1743364781141281,0.9839895367622375,0.05579126626253128,0.8509654998779297,0.16150157153606415,0.9830588102340698,0.13559594750404358,0.8623113632202148,0.17997518181800842,0.9846144318580627,0.06137949228286743,0.8212524652481079,0.13713201880455017,0.7652602195739746,0.1528492271900177,0.8373630046844482,0.14673590660095215,0.7762590646743774
U19_v1,264,1,0.13828125596046448,0.3575119376182556,0.4148397147655487,0.9988529682159424,0.1296919733285904,0.3478756248950958,0.3246769309043884,0.9988045692443848,0.12393307685852051,0.3479626178741455,0.3246747851371765,0.9988675117492676,0.11765844374895096,0.3482474684715271,0.3245983123779297,0.9987155199050903,0.14749965071678162,0.34835049510002136,0.3386845290660858,0.9990915060043335,0.15357911586761475,0.34854698181152344,0.3385644257068634,0.9992327690124512,0.15988682210445404,0.34886497259140015,0.33833375573158264,0.999210000038147,0.11440639942884445,0.3564627766609192,0.040108852088451385,0.9987137317657471,0.17584328353405,0.35561615228652954,0.10311196744441986,0.9992908239364624,0.1321602314710617,0.367419570684433,0.331557035446167,0.9983797073364258,0.15075471997261047,0.36779648065567017,0.3490385413169861,0.998777449131012,0.05521726608276367,0.4177352786064148,-0.07735038548707962,0.9985450506210327,0.26809629797935486,0.4216523766517639,0.015712274238467216,0.9989074468612671,-0.0021137893199920654,0.4970437288284302,0.08473867177963257,0.9235291481018066,0.3078092038631439,0.506364107131958,0.256694495677948,0.9106383919715881,0.027551919221878052,0.5093147158622742,0.4433194100856781,0.07954529672861099,0.25769802927970886,0.4954911470413208,0.6868885159492493,0.07371876388788223,0.03161962330341339,0.5207459330558777,0.47590869665145874,0.06500215083360672,0.24723929166793823,0.5063872933387756,0.7525742053985596,0.06245457008481026,0.04737702012062073,0.5141956806182861,0.47622033953666687,0.065152607858181,0.23260045051574707,0.4978138208389282,0.7413851022720337,0.06227364018559456,0.05331797152757645,0.5115194320678711,0.45220810174942017,0.0641399696469307,0.22890064120292664,0.49629902839660645,0.6935914754867554,0.06514964252710342,0.07678341865539551,0.5862100124359131,-0.016680307686328888,0.9963197708129883,0.18438059091567993,0.590419590473175,0.016397707164287567,0.9966747760772705,0.06932112574577332,0.7049433588981628,0.12392127513885498,0.9864878058433533,0.16853152215480804,0.7115674018859863,0.13337883353233337,0.9923022985458374,0.06303777545690536,0.8249744772911072,0.22537356615066528,0.9725666642189026,0.1466904729604721,0.8381837606430054,0.18114277720451355,0.9808684587478638,0.056665048003196716,0.8489470481872559,0.23755107820034027,0.9761438965797424,0.13952916860580444,0.8609925508499146,0.18669027090072632,0.9797574877738953,0.0641569048166275,0.8264391422271729,0.22047150135040283,0.7268381714820862,0.150992289185524,0.8399053812026978,0.15158450603485107,0.7510230541229248
U19_v1,265,1,0.1285114288330078,0.36194151639938354,0.4332105219364166,0.9986827969551086,0.12050996720790863,0.35211676359176636,0.3435559570789337,0.9987561702728271,0.1141926720738411,0.35229063034057617,0.34352293610572815,0.9989131689071655,0.10839378833770752,0.352649062871933,0.3434455990791321,0.9987026453018188,0.13992775976657867,0.352333664894104,0.36015284061431885,0.9988448619842529,0.14690817892551422,0.35247743129730225,0.3600442111492157,0.99903404712677,0.15385475754737854,0.3527953326702118,0.3598276674747467,0.9988565444946289,0.10836256295442581,0.36112070083618164,0.056169841438531876,0.9989566802978516,0.17169831693172455,0.3599811792373657,0.128578782081604,0.999210000038147,0.12197042256593704,0.37275952100753784,0.34833744168281555,0.9984660148620605,0.1428116261959076,0.37294018268585205,0.36876562237739563,0.998635470867157,0.05086207389831543,0.42414307594299316,-0.09100394695997238,0.999276340007782,0.2652231454849243,0.4257608950138092,0.05988266319036484,0.9985376596450806,-0.01322297751903534,0.4980919063091278,0.030341677367687225,0.9650170803070068,0.31291842460632324,0.5103403329849243,0.29752248525619507,0.8907702565193176,0.026345930993556976,0.5331283807754517,0.36480745673179626,0.15987679362297058,0.23732072114944458,0.504490852355957,0.7229904532432556,0.05932307988405228,0.034508466720581055,0.5482218861579895,0.392755389213562,0.12094222754240036,0.22934864461421967,0.5149593353271484,0.7888420224189758,0.05048729106783867,0.047225192189216614,0.5384536981582642,0.3935650885105133,0.120005302131176,0.2101665735244751,0.5002139806747437,0.7801039814949036,0.04979228228330612,0.04554598778486252,0.5344608426094055,0.3728554844856262,0.11724688112735748,0.21390175819396973,0.49962350726127625,0.7291023135185242,0.054483938962221146,0.07588954269886017,0.5899836421012878,-0.0489710234105587,0.9970591068267822,0.18331308662891388,0.5945274233818054,0.048608310520648956,0.9954062700271606,0.07125695049762726,0.7100215554237366,0.09632305055856705,0.9886071085929871,0.16486109793186188,0.7158794403076172,0.18698664009571075,0.9885497689247131,0.07086063921451569,0.8311269283294678,0.20601683855056763,0.9781299829483032,0.15018193423748016,0.8386868238449097,0.30098021030426025,0.9757062196731567,0.06965111196041107,0.8505245447158813,0.21876591444015503,0.9828220009803772,0.1433904469013214,0.857408881187439,0.312200129032135,0.9730383157730103,0.07030922174453735,0.8347538709640503,0.1932249814271927,0.7982800602912903,0.14345839619636536,0.8420950770378113,0.2712852358818054,0.7519649267196655
U19_v1,266,1,0.12968891859054565,0.36185741424560547,0.4425945580005646,0.9986849427223206,0.12167590856552124,0.3520059585571289,0.35356467962265015,0.9987375140190125,0.11579860746860504,0.3521372079849243,0.35353362560272217,0.998885452747345,0.10939851403236389,0.3524382710456848,0.35345885157585144,0.9987068176269531,0.14111964404582977,0.35238707065582275,0.3679167330265045,0.9987911581993103,0.14798025786876678,0.35261601209640503,0.3678107261657715,0.9989601373672485,0.15481865406036377,0.3529539108276367,0.367588073015213,0.9987736344337463,0.10893948376178741,0.3609462082386017,0.0668058693408966,0.99888676404953,0.17206691205501556,0.3601946234703064,0.1284673810005188,0.9991312623023987,0.12284128367900848,0.3725610673427582,0.35762715339660645,0.9985402822494507,0.1438417136669159,0.37282034754753113,0.3749845325946808,0.9986727237701416,0.0505731999874115,0.42388975620269775,-0.08022709935903549,0.9993563294410706,0.26381605863571167,0.42586153745651245,0.051193717867136,0.9984220266342163,-0.009394094347953796,0.49762457609176636,0.026254108175635338,0.9703441858291626,0.3124682307243347,0.5105787515640259,0.2765243947505951,0.9021928310394287,0.027164578437805176,0.532245934009552,0.3319514989852905,0.18185307085514069,0.23755484819412231,0.504974901676178,0.6871320009231567,0.0602416954934597,0.03578265756368637,0.5470921993255615,0.35611891746520996,0.13523973524570465,0.22802311182022095,0.5158253312110901,0.749656081199646,0.051016177982091904,0.04762628674507141,0.5372429490089417,0.3565337657928467,0.13356541097164154,0.21020305156707764,0.5005084872245789,0.7405796647071838,0.05020815506577492,0.04580344259738922,0.5334310531616211,0.33897092938423157,0.1295224130153656,0.21392500400543213,0.4999328851699829,0.6926795244216919,0.054279498755931854,0.07585693150758743,0.5900658965110779,-0.03845454379916191,0.9970496892929077,0.18293684720993042,0.5947649478912354,0.038138605654239655,0.9950793981552124,0.06978099793195724,0.7086153030395508,0.10116937011480331,0.9881032109260559,0.16342803835868835,0.714581310749054,0.17098717391490936,0.9896467328071594,0.07076123356819153,0.8306125402450562,0.20106609165668488,0.978099524974823,0.1487402617931366,0.8376047015190125,0.2773536145687103,0.9776076674461365,0.06964785605669022,0.8501965999603271,0.2123735249042511,0.9835101366043091,0.14139217138290405,0.855309009552002,0.28756967186927795,0.9751974940299988,0.06973670423030853,0.8374555110931396,0.1855107545852661,0.7995337247848511,0.14432311058044434,0.8446213603019714,0.24605585634708405,0.7637190222740173
U19_v1,267,1,0.12611553072929382,0.36480221152305603,0.3699127733707428,0.9981814622879028,0.11968544870615005,0.35500597953796387,0.2842659056186676,0.9982331991195679,0.11301681399345398,0.3552064597606659,0.28421691060066223,0.9983443021774292,0.10695568472146988,0.3554325997829437,0.28413137793540955,0.998028576374054,0.13913249969482422,0.35489422082901,0.2963014245033264,0.9985136389732361,0.1459452211856842,0.35495471954345703,0.2962009310722351,0.9987484216690063,0.15279445052146912,0.3551279902458191,0.29595082998275757,0.9986156225204468,0.10614529252052307,0.36350488662719727,0.012041171081364155,0.9981402158737183,0.16956543922424316,0.36266541481018066,0.06574773788452148,0.9989103078842163,0.11797042936086655,0.3753313720226288,0.29017966985702515,0.9971994161605835,0.13888290524482727,0.3754260540008545,0.30517715215682983,0.9975765347480774,0.05004911124706268,0.4261869490146637,-0.09849639981985092,0.998391330242157,0.25814977288246155,0.4317009747028351,-0.013994920067489147,0.9980280995368958,-0.014551721513271332,0.4990817904472351,0.06725722551345825,0.889365553855896,0.3128235638141632,0.5137256383895874,0.2155105024576187,0.8867661952972412,0.027783706784248352,0.5173647999763489,0.40546125173568726,0.08985286206007004,0.2427080273628235,0.5030661821365356,0.6156424283981323,0.08295334875583649,0.04293430596590042,0.5273404121398926,0.4411407709121704,0.07629681378602982,0.23200282454490662,0.5122824907302856,0.6734094619750977,0.07171429693698883,0.04949166625738144,0.5246319770812988,0.4356175363063812,0.07715936005115509,0.21589510142803192,0.5038708448410034,0.665309727191925,0.0713859274983406,0.050211817026138306,0.5158089995384216,0.4115900993347168,0.0782691091299057,0.21642407774925232,0.4957115650177002,0.6218569874763489,0.07390356808900833,0.07538269460201263,0.5938276052474976,-0.0337957963347435,0.9968484044075012,0.1807207465171814,0.5976561307907104,0.03337710350751877,0.9953250885009766,0.0678454041481018,0.7110459804534912,0.12021560221910477,0.9914970993995667,0.1625734269618988,0.7134640216827393,0.18703775107860565,0.9883549213409424,0.07408112287521362,0.8277356624603271,0.232843279838562,0.9835345149040222,0.15298934280872345,0.8319727182388306,0.308845192193985,0.9781478643417358,0.07370507717132568,0.8453911542892456,0.24582365155220032,0.9852024912834167,0.1484108418226242,0.8475304841995239,0.32099631428718567,0.968079149723053,0.06786073744297028,0.8396527767181396,0.22350789606571198,0.8521336317062378,0.1393112689256668,0.8464679718017578,0.28352633118629456,0.7988277673721313
U19_v1,268,1,0.12987832725048065,0.36982136964797974,0.3772459030151367,0.9989824891090393,0.12122791260480881,0.36029914021492004,0.2922569513320923,0.9990020394325256,0.11488191783428192,0.360639363527298,0.2922329902648926,0.9990494847297668,0.10803592950105667,0.36106449365615845,0.2921752333641052,0.9988634586334229,0.1411905437707901,0.3599841594696045,0.2999066412448883,0.9991772770881653,0.1478874236345291,0.36004379391670227,0.29982590675354004,0.9993252754211426,0.15478643774986267,0.3602496087551117,0.2995530962944031,0.9992468357086182,0.10466617345809937,0.36804282665252686,0.0218029897660017,0.998790442943573,0.1708870381116867,0.3672652840614319,0.055363964289426804,0.9993733763694763,0.1200682669878006,0.3801080584526062,0.2985744774341583,0.9980791807174683,0.1419495940208435,0.3800581097602844,0.30778875946998596,0.9983618855476379,0.050645776093006134,0.4293345808982849,-0.07455247640609741,0.9987468719482422,0.25498032569885254,0.4326585531234741,-0.04787686839699745,0.9987335801124573,-0.014376603066921234,0.502763569355011,0.11283350735902786,0.8808605670928955,0.31325578689575195,0.5143808126449585,0.16362889111042023,0.9276583790779114,0.04174472391605377,0.5119304060935974,0.4297304153442383,0.09235797822475433,0.24558871984481812,0.5002661347389221,0.5424206256866455,0.13729608058929443,0.05349050462245941,0.5140280723571777,0.46805521845817566,0.07682929188013077,0.23441579937934875,0.5098108053207397,0.5999376177787781,0.10949990153312683,0.06956186890602112,0.506588876247406,0.4600464403629303,0.07818970084190369,0.2208346277475357,0.49556446075439453,0.5912622213363647,0.10953543335199356,0.06658544391393661,0.5062499046325684,0.43514397740364075,0.08195635676383972,0.21723277866840363,0.49532684683799744,0.5494431257247925,0.1096680611371994,0.07554352283477783,0.5947350859642029,-0.015540256164968014,0.9982366561889648,0.18230432271957397,0.5988113880157471,0.014937055297195911,0.9968993663787842,0.0672907680273056,0.7113438844680786,0.13323408365249634,0.9910367727279663,0.16305036842823029,0.7080579996109009,0.19521446526050568,0.9859462380409241,0.0761876255273819,0.8282375335693359,0.15299579501152039,0.9824264049530029,0.15929561853408813,0.815986156463623,0.2417360246181488,0.9738205671310425,0.0777788758277893,0.8474553823471069,0.15748533606529236,0.9861742258071899,0.15492486953735352,0.8339270353317261,0.24809670448303223,0.9660141468048096,0.08005480468273163,0.8436832427978516,0.14126959443092346,0.8320519328117371,0.1646498590707779,0.834437370300293,0.22725176811218262,0.7840456366539001
U19_v1,269,1,0.12908579409122467,0.3701329231262207,0.3635629117488861,0.9986579418182373,0.12062402069568634,0.3606458306312561,0.2778588831424713,0.9986552000045776,0.11434096097946167,0.36097198724746704,0.27782776951789856,0.998724639415741,0.10758553445339203,0.3613928556442261,0.27776727080345154,0.9984400868415833,0.14054745435714722,0.3603232800960541,0.28702712059020996,0.9989105463027954,0.14732545614242554,0.3603712320327759,0.28694701194763184,0.999121367931366,0.15430933237075806,0.36057746410369873,0.28667670488357544,0.9990148544311523,0.10439015179872513,0.36820536851882935,0.0054722679778933525,0.998376727104187,0.17095166444778442,0.3675358295440674,0.04605398699641228,0.9992013573646545,0.11939036101102829,0.3802998661994934,0.2843547761440277,0.997406542301178,0.14142000675201416,0.3802988529205322,0.2956279218196869,0.9978432655334473,0.05071456730365753,0.4292815923690796,-0.0903373435139656,0.9985367059707642,0.2558507025241852,0.43332016468048096,-0.05148942023515701,0.9986675977706909,-0.015425629913806915,0.5017558336257935,0.10263259708881378,0.8559486269950867,0.3137342631816864,0.5147378444671631,0.16418267786502838,0.9105972051620483,0.03405936807394028,0.5055437088012695,0.4234209954738617,0.0787307396531105,0.24514074623584747,0.5011698007583618,0.5425636172294617,0.12427670508623123,0.051447756588459015,0.5117558240890503,0.4611554443836212,0.06891175359487534,0.23550495505332947,0.510170042514801,0.5989144444465637,0.10326741635799408,0.07127711176872253,0.5083064436912537,0.4534589946269989,0.07047875225543976,0.2196560949087143,0.4958409368991852,0.5897877216339111,0.1036701500415802,0.0746021717786789,0.5063529014587402,0.4291265904903412,0.07445825636386871,0.2163776159286499,0.49567800760269165,0.5492216944694519,0.10388697683811188,0.07564379274845123,0.5952104330062866,-0.02196958102285862,0.9984062314033508,0.18342359364032745,0.5991597771644592,0.021307941526174545,0.9971352815628052,0.06828723847866058,0.7101245522499084,0.15519626438617706,0.990911066532135,0.1642240583896637,0.7075422406196594,0.22752833366394043,0.9836052060127258,0.07670049369335175,0.8257979154586792,0.17394813895225525,0.9841856360435486,0.16040338575839996,0.8142250776290894,0.2765439748764038,0.9736600518226624,0.07750383019447327,0.8458926677703857,0.1789061278104782,0.9879289269447327,0.15796026587486267,0.8295725584030151,0.28345757722854614,0.96595299243927,0.0741591528058052,0.8445154428482056,0.16309036314487457,0.8505847454071045,0.16209417581558228,0.8329353928565979,0.26316192746162415,0.7948421239852905
U19_v1,270,1,0.12880665063858032,0.3685969114303589,0.3065303564071655,0.9982374906539917,0.12042951583862305,0.3593519926071167,0.2194335013628006,0.9982693195343018,0.1140478253364563,0.35975217819213867,0.21936827898025513,0.998383641242981,0.10723841190338135,0.3601798117160797,0.219264417886734,0.997822642326355,0.14055480062961578,0.35879993438720703,0.23116083443164825,0.9985961318016052,0.1473691463470459,0.3588215112686157,0.23111382126808167,0.9988987445831299,0.1544453650712967,0.3590105175971985,0.23086810111999512,0.9986936450004578,0.10472139716148376,0.3668106198310852,-0.0482608936727047,0.9981964230537415,0.17086778581142426,0.36599743366241455,0.00429196422919631,0.9990744590759277,0.118931345641613,0.3790641129016876,0.2302854061126709,0.9966938495635986,0.1413416713476181,0.37848031520843506,0.2449064403772354,0.9972088932991028,0.051337048411369324,0.4268988072872162,-0.13904939591884613,0.9989439845085144,0.2561239004135132,0.43044808506965637,-0.06273011863231659,0.9985617995262146,-0.0052588507533073425,0.4949612319469452,0.06887537240982056,0.8534600734710693,0.3089113235473633,0.5120768547058105,0.1660325527191162,0.8988935947418213,0.03487081825733185,0.4887918531894684,0.40834319591522217,0.09242723882198334,0.24445120990276337,0.5001974105834961,0.5434886813163757,0.13906487822532654,0.051518455147743225,0.48896634578704834,0.443469375371933,0.07860370725393295,0.23932954668998718,0.5087572336196899,0.6010634899139404,0.11714524775743484,0.0717763602733612,0.48115667700767517,0.4463043212890625,0.0803433358669281,0.2246667444705963,0.500612199306488,0.5917675495147705,0.11648084968328476,0.07554558664560318,0.48157811164855957,0.4191073477268219,0.08215745538473129,0.22094617784023285,0.49538862705230713,0.5505573749542236,0.11701979488134384,0.07479223608970642,0.5906825065612793,-0.05903066322207451,0.9989614486694336,0.18404969573020935,0.5946097373962402,0.0584888830780983,0.997475802898407,0.06672578305006027,0.7097152471542358,0.12858448922634125,0.9943557977676392,0.1635626256465912,0.7015381455421448,0.3203606903553009,0.9757611751556396,0.08023598790168762,0.8242491483688354,0.19749875366687775,0.9866873025894165,0.1644439697265625,0.8047371506690979,0.4627859592437744,0.9606876969337463,0.08233901113271713,0.8442834615707397,0.2091052383184433,0.9899128675460815,0.16435140371322632,0.8220250606536865,0.48095881938934326,0.9541878700256348,0.07429541647434235,0.8403763771057129,0.20438046753406525,0.8555880784988403,0.159097820520401,0.8205407857894897,0.4821891486644745,0.7433209419250488
U19_v1,271,1,0.13162469863891602,0.3641418218612671,0.4057369828224182,0.9977098703384399,0.12313761562108994,0.3549621105194092,0.3208743929862976,0.9977651834487915,0.11676374077796936,0.35535556077957153,0.3208327293395996,0.9979345798492432,0.10988666117191315,0.35581326484680176,0.3207470774650574,0.9973809123039246,0.14287489652633667,0.3543923795223236,0.3269200921058655,0.9981040954589844,0.14971794188022614,0.3543505072593689,0.326852023601532,0.9985719919204712,0.1567234992980957,0.3544600009918213,0.3265747129917145,0.9983526468276978,0.10674504190683365,0.36274898052215576,0.0485447533428669,0.997484564781189,0.1736634075641632,0.36136096715927124,0.07353364676237106,0.998577356338501,0.12241898477077484,0.37452059984207153,0.3264029324054718,0.9951115250587463,0.14486649632453918,0.374270498752594,0.33308106660842896,0.9960088729858398,0.05260776728391647,0.4238681197166443,-0.06534165143966675,0.9984520673751831,0.25636768341064453,0.42503657937049866,-0.02468257211148739,0.9979065656661987,-0.0009475797414779663,0.49753570556640625,0.1098523959517479,0.8700820207595825,0.30405357480049133,0.5068366527557373,0.16699457168579102,0.8787156343460083,0.059167832136154175,0.4882170557975769,0.42030489444732666,0.08554492145776749,0.23536142706871033,0.49110835790634155,0.5246434807777405,0.11021149903535843,0.06686960160732269,0.489768922328949,0.4554092586040497,0.06847375631332397,0.22322869300842285,0.4972952604293823,0.5853275656700134,0.08859891444444656,0.0893317312002182,0.4819962680339813,0.4610632359981537,0.06976831704378128,0.20570701360702515,0.48938608169555664,0.5757731795310974,0.08826275169849396,0.09218849986791611,0.48185423016548157,0.430355429649353,0.07214479893445969,0.2074434757232666,0.48108628392219543,0.5307915210723877,0.08911994099617004,0.0786060318350792,0.5829789638519287,-0.0419343039393425,0.9985910058021545,0.1859232783317566,0.5874693989753723,0.041455015540122986,0.9965408444404602,0.07067777216434479,0.6974883079528809,0.10623214393854141,0.9936577677726746,0.16623088717460632,0.6895456314086914,0.2715436816215515,0.9756246209144592,0.07764659076929092,0.8147709369659424,0.08192940056324005,0.9859030246734619,0.16393044590950012,0.7933719158172607,0.304225355386734,0.9638416767120361,0.07982441782951355,0.8346808552742004,0.08341609686613083,0.9909521341323853,0.16045613586902618,0.8089051842689514,0.31051531434059143,0.9641949534416199,0.07934118062257767,0.829780101776123,0.07126754522323608,0.8282347321510315,0.15259379148483276,0.8087188601493835,0.307081937789917,0.7276047468185425
U19_v1,272,1,0.13264897465705872,0.3601052761077881,0.4137237071990967,0.9985640645027161,0.12619397044181824,0.3504222631454468,0.3294668197631836,0.9986650943756104,0.12027312070131302,0.3508998453617096,0.32944998145103455,0.9987163543701172,0.11355935037136078,0.35143524408340454,0.3293471336364746,0.9984678626060486,0.1443806290626526,0.3493892252445221,0.3360256254673004,0.9989091157913208,0.15072618424892426,0.34919899702072144,0.33596271276474,0.9991238713264465,0.1572258025407791,0.3492226302623749,0.3357107639312744,0.9990487694740295,0.1093151792883873,0.3584425449371338,0.06064976379275322,0.998542308807373,0.1732502430677414,0.35666921734809875,0.08753558993339539,0.9991121888160706,0.12350630015134811,0.37011754512786865,0.3348144590854645,0.9972177743911743,0.14510640501976013,0.36976003646850586,0.34205135703086853,0.9977309107780457,0.0503222793340683,0.41894155740737915,-0.06431921571493149,0.9988351464271545,0.2578333616256714,0.4202362298965454,0.001008659484796226,0.9980067610740662,-0.007345214486122131,0.4904690086841583,0.1303236186504364,0.8672700524330139,0.30053043365478516,0.5021932125091553,0.1995566040277481,0.9047358632087708,0.061631739139556885,0.4859824776649475,0.4747752845287323,0.05845414847135544,0.2310868203639984,0.48590248823165894,0.5722942352294922,0.1043008491396904,0.07134100794792175,0.4892514944076538,0.5114838480949402,0.04606340453028679,0.23032483458518982,0.4914902448654175,0.6338070631027222,0.08263326436281204,0.1003883108496666,0.4748576879501343,0.5143618583679199,0.04675097391009331,0.2131514549255371,0.4836708903312683,0.6264582872390747,0.08156644552946091,0.09629706293344498,0.48116904497146606,0.4839800298213959,0.04955510050058365,0.2084326446056366,0.4762346148490906,0.579573929309845,0.08139555901288986,0.08426652103662491,0.5790032148361206,-0.05589291453361511,0.9983401298522949,0.19131755828857422,0.5825415849685669,0.05565404146909714,0.995917022228241,0.07505543529987335,0.6992431282997131,0.012908640317618847,0.9936177730560303,0.167799711227417,0.689427375793457,0.20598749816417694,0.9775232672691345,0.08426547050476074,0.8209545612335205,0.04156207665801048,0.9843173027038574,0.16683471202850342,0.8018902540206909,0.2845101058483124,0.9589763283729553,0.08784551918506622,0.8405489921569824,0.04755551367998123,0.9891323447227478,0.1643676459789276,0.8220221996307373,0.2944660782814026,0.9586614370346069,0.07596375793218613,0.8316633105278015,0.033432189375162125,0.8237094283103943,0.1545591652393341,0.8177058696746826,0.2864779531955719,0.7046937346458435
U19_v1,273,1,0.14338159561157227,0.35416555404663086,0.416486918926239,0.9991907477378845,0.13616932928562164,0.34426605701446533,0.33505991101264954,0.9991599321365356,0.1303475797176361,0.34442049264907837,0.3350783586502075,0.9991685152053833,0.12414690852165222,0.3446957468986511,0.33498263359069824,0.9991099238395691,0.15317246317863464,0.3444005846977234,0.3393147885799408,0.9993719458580017,0.1589542031288147,0.34454837441444397,0.3392391800880432,0.9994778037071228,0.16494902968406677,0.3448147773742676,0.33897316455841064,0.99946528673172,0.11697738617658615,0.3528442978858948,0.07217790186405182,0.9989681243896484,0.17882293462753296,0.3528025150299072,0.08798041939735413,0.9993385672569275,0.1340116262435913,0.3648626208305359,0.33878985047340393,0.9982033967971802,0.15419411659240723,0.3645794987678528,0.34267184138298035,0.9985270500183105,0.052134379744529724,0.4155879318714142,-0.04938793182373047,0.9985236525535583,0.25831127166748047,0.41694799065589905,-0.0016544557875022292,0.9980005621910095,-0.0028242021799087524,0.49045827984809875,0.1644115447998047,0.8585003018379211,0.2981080412864685,0.4985463619232178,0.1779407411813736,0.9102526307106018,0.06442319601774216,0.48231199383735657,0.5232545137405396,0.053294140845537186,0.22891701757907867,0.48070722818374634,0.5173283815383911,0.13482913374900818,0.06838656216859818,0.4788796007633209,0.5640479326248169,0.040929049253463745,0.22668252885341644,0.48808932304382324,0.5769627690315247,0.10876011848449707,0.09305346012115479,0.470522403717041,0.5657774806022644,0.041010890156030655,0.2101118266582489,0.48049837350845337,0.5680132508277893,0.10792164504528046,0.08997755497694016,0.4729401469230652,0.5325851440429688,0.044619739055633545,0.20422005653381348,0.4709630608558655,0.5238442420959473,0.10279318690299988,0.08839099854230881,0.5760842561721802,-0.045595791190862656,0.9979044198989868,0.19428572058677673,0.5789795517921448,0.04547737166285515,0.994942843914032,0.08039695024490356,0.6957089900970459,-0.028398388996720314,0.9917781352996826,0.16875050961971283,0.6874220371246338,0.1789635419845581,0.9778883457183838,0.08315323293209076,0.8226529359817505,-0.04981229826807976,0.9793593883514404,0.16707786917686462,0.8022787570953369,0.2084357887506485,0.9565941095352173,0.08296806365251541,0.8418635129928589,-0.04979528486728668,0.9861292243003845,0.16171906888484955,0.8216977119445801,0.21357350051403046,0.9609704613685608,0.07840147614479065,0.8268724679946899,-0.07812094688415527,0.7884699702262878,0.16151213645935059,0.8161455392837524,0.20612388849258423,0.700941264629364
U19_v1,274,1,0.14985373616218567,0.3525364398956299,0.3651769459247589,0.9996069073677063,0.14110113680362701,0.3429107367992401,0.28758856654167175,0.9995806813240051,0.1348101645708084,0.34295356273651123,0.2876315116882324,0.999570906162262,0.12787029147148132,0.3431248962879181,0.28753793239593506,0.9995669722557068,0.15802477300167084,0.34318166971206665,0.2897445857524872,0.9997037053108215,0.1637587547302246,0.3432108759880066,0.2896537482738495,0.9997438788414001,0.16962070763111115,0.3432633876800537,0.28941184282302856,0.9997518658638,0.11888300627470016,0.35133737325668335,0.04420045390725136,0.9994733929634094,0.1814144253730774,0.3508261442184448,0.05256763473153114,0.999678373336792,0.1403803825378418,0.3624444305896759,0.2944364845752716,0.9992233514785767,0.16055415570735931,0.3626124858856201,0.296135812997818,0.9993508458137512,0.04854429513216019,0.4152024984359741,-0.043361302465200424,0.9988580942153931,0.25177717208862305,0.413959801197052,-0.03138776123523712,0.9989169836044312,0.016220293939113617,0.4912261366844177,0.1996169239282608,0.849666178226471,0.29154008626937866,0.49448758363723755,0.1878574937582016,0.9261094927787781,0.07377494871616364,0.4734181761741638,0.6026859879493713,0.043628595769405365,0.22728298604488373,0.4705897569656372,0.5887702703475952,0.15880312025547028,0.08290731906890869,0.4646714925765991,0.653124988079071,0.03154122084379196,0.2166442573070526,0.4658856987953186,0.659511387348175,0.12256896495819092,0.09868046641349792,0.4603481888771057,0.6574714183807373,0.03114718198776245,0.20508542656898499,0.45953211188316345,0.6499488949775696,0.11983372271060944,0.09637008607387543,0.462380051612854,0.614872932434082,0.033827342092990875,0.2076323926448822,0.46081429719924927,0.5974855422973633,0.11562275886535645,0.09170497953891754,0.5725467205047607,-0.018939536064863205,0.998271107673645,0.1964794546365738,0.5745404958724976,0.018877198919653893,0.9963083863258362,0.08760615438222885,0.6944299936294556,-0.013603908941149712,0.9881221652030945,0.1705435812473297,0.6898055672645569,0.16049252450466156,0.9803168773651123,0.08934089541435242,0.8212536573410034,-0.06852235645055771,0.9743731021881104,0.1629534512758255,0.8062452077865601,0.18120858073234558,0.9620235562324524,0.08512793481349945,0.8441409468650818,-0.0726580023765564,0.983792781829834,0.15167692303657532,0.8246749639511108,0.18574835360050201,0.9682057499885559,0.08942188322544098,0.8280156850814819,-0.10262880474328995,0.7850394248962402,0.1804797649383545,0.8176573514938354,0.1781829297542572,0.7507495284080505
U19_v1,275,1,0.15169529616832733,0.35216397047042847,0.3584545850753784,0.9994693398475647,0.1432725489139557,0.3423144817352295,0.2808378338813782,0.9994353652000427,0.13713495433330536,0.34233415126800537,0.2808571457862854,0.9994511008262634,0.13022089004516602,0.34246981143951416,0.2807626724243164,0.9994485974311829,0.1598036140203476,0.3425607681274414,0.28230077028274536,0.9996102452278137,0.16537265479564667,0.34258225560188293,0.2822263240814209,0.9996656179428101,0.17103220522403717,0.3426399827003479,0.28196394443511963,0.9996688365936279,0.12023039162158966,0.3501220941543579,0.03798260912299156,0.9993361830711365,0.18162545561790466,0.34992218017578125,0.04339268431067467,0.9995564818382263,0.1421951800584793,0.36203837394714355,0.28824153542518616,0.9988238215446472,0.16256216168403625,0.3624558448791504,0.289028137922287,0.998977541923523,0.04731284826993942,0.4129704236984253,-0.04675193503499031,0.9985311031341553,0.24794483184814453,0.4115458130836487,-0.037257350981235504,0.9985750913619995,0.011769652366638184,0.4899469017982483,0.20816670358181,0.8566622138023376,0.29358309507369995,0.49235284328460693,0.18767303228378296,0.9022982120513916,0.06152214854955673,0.4670507609844208,0.6458667516708374,0.04899933561682701,0.23540237545967102,0.46538421511650085,0.6059553623199463,0.15279288589954376,0.07941689342260361,0.4544775187969208,0.7019848227500916,0.03485037013888359,0.22283366322517395,0.455788791179657,0.6785350441932678,0.12013307213783264,0.0836992934346199,0.4539995491504669,0.7085230946540833,0.034098997712135315,0.21553590893745422,0.45452815294265747,0.6725798845291138,0.11742822080850601,0.09361004829406738,0.45664915442466736,0.6604906320571899,0.03685973957180977,0.21721667051315308,0.4560069441795349,0.6167914271354675,0.11074309796094894,0.09367674589157104,0.5734304189682007,-0.01573263108730316,0.9979549646377563,0.2001643180847168,0.5747585892677307,0.015686476603150368,0.9957275390625,0.09032906591892242,0.6942643523216248,-0.023070380091667175,0.9824999570846558,0.17544522881507874,0.6904571056365967,0.1649504154920578,0.9719572067260742,0.09079091250896454,0.8185979127883911,-0.06831861287355423,0.9669359922409058,0.160465806722641,0.808285653591156,0.19252093136310577,0.9516505002975464,0.08388246595859528,0.8403744697570801,-0.07184042781591415,0.976074755191803,0.1532350331544876,0.8246866464614868,0.1971212774515152,0.9537149667739868,0.08762583881616592,0.8269944190979004,-0.10177763551473618,0.7926852107048035,0.1803559809923172,0.8178114295005798,0.18881425261497498,0.7505865693092346
U19_v1,276,1,0.15083622932434082,0.3524014353752136,0.36249029636383057,0.9995265007019043,0.14273469150066376,0.34295207262039185,0.28326937556266785,0.9994871616363525,0.13656271994113922,0.3429880142211914,0.28330034017562866,0.9994995594024658,0.1296713650226593,0.3431296944618225,0.2832030653953552,0.9995075464248657,0.15961413085460663,0.3430942893028259,0.28728580474853516,0.9996426105499268,0.16534262895584106,0.34306690096855164,0.2872067987918854,0.9996956586837769,0.17111743986606598,0.34308966994285583,0.2869517505168915,0.9997052550315857,0.12123385071754456,0.35022616386413574,0.034856200218200684,0.9994205236434937,0.18094441294670105,0.34991586208343506,0.05180767551064491,0.9996192455291748,0.14133070409297943,0.3617793917655945,0.2901865541934967,0.9990336894989014,0.16165916621685028,0.362223744392395,0.294258713722229,0.9991726279258728,0.05251019448041916,0.41168519854545593,-0.04433335363864899,0.9985407590866089,0.24950015544891357,0.4108874797821045,-0.027644729241728783,0.9988221526145935,0.022169843316078186,0.4904952645301819,0.2103199064731598,0.8501187562942505,0.2900525629520416,0.49401766061782837,0.20574943721294403,0.8888064622879028,0.059662871062755585,0.4623716175556183,0.6526246070861816,0.06395765393972397,0.23306208848953247,0.46626484394073486,0.627185583114624,0.14355236291885376,0.06537238508462906,0.4490920305252075,0.7096383571624756,0.0463251955807209,0.2247564196586609,0.4613036513328552,0.7002362608909607,0.11501025408506393,0.08148258179426193,0.4444619119167328,0.7188851237297058,0.045124053955078125,0.21770742535591125,0.4551672339439392,0.6927725076675415,0.1115049421787262,0.09368543326854706,0.451890230178833,0.6687780022621155,0.04666938632726669,0.2131817489862442,0.45625361800193787,0.6373372077941895,0.1067160964012146,0.0950806587934494,0.5738614797592163,-0.010802175849676132,0.9980913996696472,0.20108872652053833,0.5747952461242676,0.010697966441512108,0.9963687658309937,0.09142618626356125,0.6958197355270386,-0.014427206479012966,0.9814054369926453,0.17685706913471222,0.6936269998550415,0.15247701108455658,0.9756485819816589,0.08904673159122467,0.8192646503448486,-0.05420433729887009,0.9649086594581604,0.15939097106456757,0.8111923336982727,0.17070026695728302,0.9533717036247253,0.08412011712789536,0.8417315483093262,-0.05728413164615631,0.9749075770378113,0.15366335213184357,0.8281158804893494,0.1742512732744217,0.9533409476280212,0.08892662823200226,0.8292772769927979,-0.08963160961866379,0.786043643951416,0.17413242161273956,0.8168958425521851,0.15996195375919342,0.751373827457428
U19_v1,277,1,0.15453465282917023,0.35269808769226074,0.36002683639526367,0.9996073842048645,0.146566703915596,0.3432469666004181,0.28236183524131775,0.9995835423469543,0.1406809687614441,0.3432159423828125,0.2823845446109772,0.9995909333229065,0.13386183977127075,0.3432824909687042,0.28228601813316345,0.9995972514152527,0.16245315968990326,0.3435071110725403,0.28613752126693726,0.9997058510780334,0.16779904067516327,0.3435087203979492,0.2860678434371948,0.9997444748878479,0.1732795387506485,0.34356433153152466,0.285812109708786,0.9997513890266418,0.12387595325708389,0.35033828020095825,0.03875868394970894,0.9995114803314209,0.18332038819789886,0.3505192697048187,0.054223354905843735,0.9996750354766846,0.14566676318645477,0.3621583580970764,0.2891530692577362,0.9991405010223389,0.16490572690963745,0.3626636862754822,0.2927717864513397,0.9992628693580627,0.051330432295799255,0.4111883044242859,-0.04883011430501938,0.9987403750419617,0.24860629439353943,0.41102802753448486,-0.02110963687300682,0.9988906979560852,0.015457555651664734,0.48936524987220764,0.19556422531604767,0.884351372718811,0.29061052203178406,0.4929560124874115,0.2117137312889099,0.8878299593925476,0.05647491663694382,0.4568561613559723,0.6383432745933533,0.08054178208112717,0.2394993007183075,0.46476176381111145,0.6380571126937866,0.1599389910697937,0.06231864541769028,0.44399040937423706,0.6956952214241028,0.05529431253671646,0.2280331254005432,0.45551031827926636,0.7138139605522156,0.12526702880859375,0.07806956022977829,0.4435725510120392,0.7077036499977112,0.05357472971081734,0.22007966041564941,0.45424339175224304,0.7082730531692505,0.12131306529045105,0.07825636863708496,0.44556358456611633,0.6558840870857239,0.05528578162193298,0.22124966979026794,0.45538806915283203,0.6494428515434265,0.11588841676712036,0.09630567580461502,0.5730162858963013,-0.017849987372756004,0.9982226490974426,0.20257318019866943,0.5739908814430237,0.017778443172574043,0.9963988065719604,0.09124533832073212,0.6950572729110718,-0.019185049459338188,0.9795347452163696,0.17775793373584747,0.6918426752090454,0.1652631163597107,0.9689798951148987,0.09147098660469055,0.818927526473999,-0.0632234439253807,0.961805522441864,0.16063745319843292,0.8095715641975403,0.19122765958309174,0.9451524615287781,0.08343732357025146,0.8421211242675781,-0.06649159640073776,0.9727043509483337,0.15297648310661316,0.825339674949646,0.19605478644371033,0.9464558959007263,0.08844974637031555,0.829434335231781,-0.09503620862960815,0.7841806411743164,0.1753239780664444,0.8176548480987549,0.18804623186588287,0.7389993071556091
U19_v1,278,1,0.15305651724338531,0.3522314131259918,0.3496533930301666,0.9995880722999573,0.14528179168701172,0.3430875837802887,0.2724112868309021,0.9995620846748352,0.13944435119628906,0.34313011169433594,0.27243584394454956,0.9995624423027039,0.13269737362861633,0.3432773947715759,0.2723408639431,0.9995715022087097,0.16108903288841248,0.3432316184043884,0.27597659826278687,0.9996943473815918,0.16646744310855865,0.34323251247406006,0.2759025990962982,0.9997329115867615,0.17201106250286102,0.3432999849319458,0.27564454078674316,0.9997434020042419,0.12334194034337997,0.3503636419773102,0.03129878267645836,0.9994807839393616,0.1822507083415985,0.3503195643424988,0.04574315994977951,0.9996576309204102,0.1441146582365036,0.3618636131286621,0.27975016832351685,0.9990911483764648,0.16341476142406464,0.36233246326446533,0.28311094641685486,0.999218225479126,0.051855579018592834,0.41110050678253174,-0.05169098079204559,0.9986485838890076,0.24942991137504578,0.4108733534812927,-0.029583197087049484,0.9988775849342346,0.02133319526910782,0.4890652596950531,0.19756236672401428,0.8621382713317871,0.2926865816116333,0.4929099678993225,0.20175479352474213,0.8885403275489807,0.05892924964427948,0.4568970203399658,0.6410427093505859,0.06740681082010269,0.2393527626991272,0.4650566577911377,0.6271864175796509,0.16140896081924438,0.06390116363763809,0.44821128249168396,0.6991972923278809,0.04749540612101555,0.2274935245513916,0.45589277148246765,0.7025734782218933,0.12748552858829498,0.0803157240152359,0.4434981942176819,0.71001797914505,0.04613732174038887,0.2194247990846634,0.45449668169021606,0.6965588331222534,0.12385274469852448,0.08059537410736084,0.44549885392189026,0.6580918431282043,0.048195336014032364,0.22093889117240906,0.45558518171310425,0.6383245587348938,0.11813255399465561,0.09672260284423828,0.572527289390564,-0.018228702247142792,0.9981546998023987,0.20279335975646973,0.5733646154403687,0.018131783232092857,0.9963343143463135,0.0921018198132515,0.6950501203536987,-0.019951237365603447,0.9793394207954407,0.17861315608024597,0.6913483142852783,0.16343985497951508,0.9671322107315063,0.09199057519435883,0.8186337947845459,-0.0644373744726181,0.9607083201408386,0.16113905608654022,0.8092696666717529,0.18774257600307465,0.9436233639717102,0.08371452987194061,0.841995358467102,-0.06777484714984894,0.9726383686065674,0.15384235978126526,0.8251397013664246,0.19236399233341217,0.9462356567382812,0.08679063618183136,0.8301383256912231,-0.09610272943973541,0.7781599760055542,0.1749259978532791,0.8175784349441528,0.18385978043079376,0.7351710796356201
U19_v1,279,1,0.3080626428127289,0.2946416735649109,-0.1161273792386055,0.9999352693557739,0.3024066984653473,0.27872559428215027,-0.0994015783071518,0.9998432397842407,0.3003067374229431,0.277839720249176,-0.09954338520765305,0.9997439980506897,0.29815131425857544,0.2768486738204956,-0.09959424287080765,0.9998321533203125,0.29764094948768616,0.2777942419052124,-0.16990460455417633,0.9998546838760376,0.2904481887817383,0.2759917378425598,-0.16986678540706635,0.9998400211334229,0.28405994176864624,0.2741888165473938,-0.16967515647411346,0.999894380569458,0.2544816732406616,0.2753055691719055,0.053318917751312256,0.9999395608901978,0.23591801524162292,0.27305683493614197,-0.2769218683242798,0.9999465942382812,0.2947956323623657,0.3063817322254181,-0.05128650367259979,0.9999263286590576,0.2861049771308899,0.3047531843185425,-0.14680115878582,0.9999415874481201,0.22551597654819489,0.34725403785705566,0.22407187521457672,0.9978204965591431,0.17362265288829803,0.32475829124450684,-0.3312915563583374,0.9997666478157043,0.35493922233581543,0.26323866844177246,0.5105931758880615,0.4479064643383026,0.3408881425857544,0.232908695936203,-0.37524375319480896,0.9941387176513672,0.2497599720954895,0.21228966116905212,0.6773244142532349,0.06569356471300125,0.2204505056142807,0.20329058170318604,0.15541639924049377,0.600173830986023,0.20157581567764282,0.2003611922264099,0.6442874073982239,0.05121948570013046,0.1786361038684845,0.1907370686531067,0.14119374752044678,0.4579114317893982,0.18666145205497742,0.20497187972068787,0.6571407914161682,0.05574696511030197,0.16183079779148102,0.2011415958404541,0.12766392529010773,0.44127723574638367,0.20147356390953064,0.21007299423217773,0.6660463213920593,0.06581638753414154,0.17173190414905548,0.20505982637405396,0.1495528519153595,0.47498899698257446,0.1799543797969818,0.6073232889175415,0.2192956954240799,0.9974477291107178,0.14795006811618805,0.6095753312110901,-0.21915723383426666,0.9986727237701416,0.23434507846832275,0.7773817777633667,0.28256556391716003,0.22606198489665985,0.19741509854793549,0.7986507415771484,-0.055735353380441666,0.9606313705444336,0.18853144347667694,0.9454554319381714,0.40506693720817566,0.3344894349575043,0.16069404780864716,0.9782633781433105,0.018979214131832123,0.9344284534454346,0.15647204220294952,0.9706685543060303,0.41107213497161865,0.48487022519111633,0.13531813025474548,0.9986581802368164,0.018442394211888313,0.9304933547973633,0.31752461194992065,0.9727615118026733,0.292330801486969,0.5062945485115051,0.31668758392333984,0.9904153347015381,-0.19416287541389465,0.8919771313667297
U19_v1,280,1,0.30629217624664307,0.29891425371170044,-0.12167845666408539,0.9999362230300903,0.3017246425151825,0.28244492411613464,-0.10591426491737366,0.9998444318771362,0.2998782992362976,0.2815595865249634,-0.10606177151203156,0.9997521042823792,0.2979823350906372,0.2805972993373871,-0.10612422227859497,0.9998296499252319,0.2969092130661011,0.28172945976257324,-0.17558293044567108,0.999854326248169,0.29124414920806885,0.2802828550338745,-0.17553764581680298,0.9998438358306885,0.2842247188091278,0.2784545123577118,-0.17532512545585632,0.9998906850814819,0.25845667719841003,0.27938100695610046,0.04503821209073067,0.9999420642852783,0.238189697265625,0.2764381468296051,-0.2817489802837372,0.999944806098938,0.2916465103626251,0.3108997941017151,-0.05648605525493622,0.9999260902404785,0.2830294072628021,0.30939164757728577,-0.15088006854057312,0.9999397993087769,0.2239319235086441,0.3505954146385193,0.20971782505512238,0.9977474808692932,0.17057858407497406,0.32654619216918945,-0.3315879702568054,0.9997406601905823,0.3517919182777405,0.264222115278244,0.49669623374938965,0.40933525562286377,0.3476305305957794,0.23454859852790833,-0.3744647204875946,0.9924679398536682,0.24061214923858643,0.21390119194984436,0.6611694693565369,0.07035421580076218,0.2116057276725769,0.20455896854400635,0.152605339884758,0.6092519164085388,0.2003360092639923,0.20165953040122986,0.6291126012802124,0.057646214962005615,0.1745881885290146,0.1922643482685089,0.14242811501026154,0.4865059554576874,0.18607255816459656,0.2022707462310791,0.6428825259208679,0.06259504705667496,0.15726298093795776,0.20227694511413574,0.12409376353025436,0.47213417291641235,0.1990814059972763,0.2115931510925293,0.6507720947265625,0.07315495610237122,0.16655629873275757,0.20607027411460876,0.14578726887702942,0.5030190348625183,0.18081103265285492,0.611300528049469,0.21834921836853027,0.9979490637779236,0.1524447202682495,0.6139096021652222,-0.21823552250862122,0.9989659786224365,0.23359239101409912,0.7823789715766907,0.30269262194633484,0.2723436653614044,0.196188285946846,0.8056269884109497,-0.03356681764125824,0.9672532081604004,0.18948304653167725,0.9425228834152222,0.44474729895591736,0.4124639630317688,0.1574794352054596,0.9812644720077515,0.05332423746585846,0.9503957033157349,0.15403999388217926,0.9697736501693726,0.4534946382045746,0.562362551689148,0.13071691989898682,0.9974832534790039,0.0544976070523262,0.9467076659202576,0.3158683776855469,0.9739345908164978,0.3456391990184784,0.5765551328659058,0.3049616813659668,0.9914278984069824,-0.1515437364578247,0.9126561880111694
U19_v1,281,1,0.29894202947616577,0.2999371886253357,-0.14437122642993927,0.9999372959136963,0.29531484842300415,0.2835584282875061,-0.13136839866638184,0.999842643737793,0.29328805208206177,0.28264936804771423,-0.13149075210094452,0.9997512698173523,0.29133254289627075,0.2816862165927887,-0.13153739273548126,0.9998218417167664,0.2909688949584961,0.28294727206230164,-0.19784066081047058,0.9998472929000854,0.2846454381942749,0.2814023792743683,-0.19778063893318176,0.9998377561569214,0.2789553701877594,0.2797924280166626,-0.1975385695695877,0.9998841285705566,0.25329482555389404,0.2800319492816925,0.017409080639481544,0.9999452829360962,0.23523178696632385,0.2756105065345764,-0.2955887019634247,0.9999457597732544,0.2846408188343048,0.31151124835014343,-0.0797891765832901,0.9999310970306396,0.27704790234565735,0.30977484583854675,-0.16991250216960907,0.9999446868896484,0.22220773994922638,0.3501729965209961,0.18565090000629425,0.9978821873664856,0.16743415594100952,0.3278501331806183,-0.3369883596897125,0.9997549653053284,0.3519391715526581,0.2648583948612213,0.48487845063209534,0.3832642436027527,0.3458365201950073,0.2285049557685852,-0.37549257278442383,0.9924119114875793,0.23592805862426758,0.20987480878829956,0.6612551808357239,0.06512446701526642,0.20893537998199463,0.2001124918460846,0.17956525087356567,0.5798550844192505,0.18691253662109375,0.20175859332084656,0.6286821365356445,0.05515037849545479,0.16689275205135345,0.19176703691482544,0.17248721420764923,0.45738664269447327,0.17714416980743408,0.20942306518554688,0.6384612917900085,0.05996488034725189,0.15449297428131104,0.199110209941864,0.15607315301895142,0.4443835914134979,0.19224049150943756,0.2145267128944397,0.6492968201637268,0.06931690871715546,0.1630813181400299,0.20802068710327148,0.17292125523090363,0.48167112469673157,0.17342586815357208,0.6138352155685425,0.21773383021354675,0.9980321526527405,0.1520785391330719,0.6173112392425537,-0.21769219636917114,0.9990847110748291,0.23775824904441833,0.7795401215553284,0.32415127754211426,0.27982571721076965,0.1973189413547516,0.8082195520401001,-0.013207404874265194,0.9687573909759521,0.19656899571418762,0.9430743455886841,0.4806063771247864,0.4492127597332001,0.1628015786409378,0.9835813045501709,0.08980770409107208,0.9509994983673096,0.1626203954219818,0.9625828266143799,0.49117299914360046,0.611393392086029,0.12902753055095673,0.9975694417953491,0.09390157461166382,0.9479944705963135,0.32339155673980713,0.9695649147033691,0.3906814157962799,0.5939897894859314,0.30346155166625977,0.9953715801239014,-0.1045418232679367,0.9098340272903442
U19_v1,282,1,0.3087656497955322,0.2950451672077179,-0.1610262542963028,0.9999514818191528,0.3009144067764282,0.2787589728832245,-0.14659914374351501,0.9998699426651001,0.29842329025268555,0.2781028747558594,-0.14671102166175842,0.9997933506965637,0.29586946964263916,0.27746450901031494,-0.14676277339458466,0.9998551607131958,0.29740893840789795,0.2779074013233185,-0.21520785987377167,0.9998745918273926,0.2921130061149597,0.27663305401802063,-0.215164914727211,0.9998666048049927,0.28583934903144836,0.2751457691192627,-0.21493269503116608,0.9999083280563354,0.25648990273475647,0.278118759393692,0.008127834647893906,0.999956488609314,0.24216565489768982,0.2733771502971649,-0.3139028251171112,0.9999579191207886,0.29396939277648926,0.3072217106819153,-0.09540185332298279,0.9999474287033081,0.2873880863189697,0.3055483400821686,-0.18803094327449799,0.9999599456787109,0.23030613362789154,0.35310202836990356,0.17920972406864166,0.997607946395874,0.16771677136421204,0.3279793858528137,-0.35586273670196533,0.999764621257782,0.35567206144332886,0.26615288853645325,0.5009009838104248,0.39492878317832947,0.3310893774032593,0.22564473748207092,-0.3920544683933258,0.9943442344665527,0.23936226963996887,0.2195725440979004,0.7081245183944702,0.04989735409617424,0.20386555790901184,0.2055380940437317,0.1802050918340683,0.5213056206703186,0.19742357730865479,0.21241557598114014,0.6765563488006592,0.0424317866563797,0.1650633066892624,0.20042672753334045,0.17055879533290863,0.3867911100387573,0.18074937164783478,0.2237209975719452,0.682487964630127,0.04745473712682724,0.15356962382793427,0.2097436785697937,0.15952977538108826,0.3779833912849426,0.19747230410575867,0.22835621237754822,0.693973183631897,0.0557430125772953,0.16292859613895416,0.2209957242012024,0.17448459565639496,0.4201785624027252,0.18120388686656952,0.614029586315155,0.22240643203258514,0.9976440072059631,0.15074433386325836,0.6169182062149048,-0.22221334278583527,0.9989238381385803,0.23422622680664062,0.7827755212783813,0.33274489641189575,0.27283337712287903,0.19494709372520447,0.807334303855896,-0.003190533258020878,0.9757172465324402,0.19124116003513336,0.9415274262428284,0.49898096919059753,0.4510157108306885,0.15670692920684814,0.9817253351211548,0.10168460756540298,0.9620131850242615,0.15511484444141388,0.9689723253250122,0.511162519454956,0.6038239002227783,0.12963269650936127,0.9975372552871704,0.10576582700014114,0.957934558391571,0.31832265853881836,0.9734039902687073,0.40786927938461304,0.6049470901489258,0.3072829842567444,0.9912554025650024,-0.09576190263032913,0.9247550964355469
U19_v1,283,1,0.3071502149105072,0.2964121699333191,-0.1487264633178711,0.9999464750289917,0.29999756813049316,0.2801850736141205,-0.13451223075389862,0.9998544454574585,0.2975568175315857,0.27949514985084534,-0.13463804125785828,0.9997661709785461,0.2950965464115143,0.2787988483905792,-0.13468514382839203,0.9998360872268677,0.29667678475379944,0.2793675661087036,-0.20475520193576813,0.9998660087585449,0.2915123701095581,0.2780721187591553,-0.20471331477165222,0.9998576641082764,0.2852189838886261,0.2765048146247864,-0.20450548827648163,0.9999027252197266,0.25585418939590454,0.27874693274497986,0.0171041376888752,0.9999492168426514,0.24104708433151245,0.2737085819244385,-0.31235256791114807,0.9999520778656006,0.29196223616600037,0.3081170916557312,-0.08351332694292068,0.9999369382858276,0.2854769825935364,0.30644646286964417,-0.17837099730968475,0.9999514818191528,0.22298303246498108,0.3507539629936218,0.18960946798324585,0.9973452687263489,0.17015714943408966,0.32493749260902405,-0.36363109946250916,0.9997690320014954,0.3523757755756378,0.26386725902557373,0.5108671188354492,0.3942090570926666,0.34520480036735535,0.2321145236492157,-0.4065907895565033,0.9940187931060791,0.23665621876716614,0.21439257264137268,0.7188741564750671,0.056850820779800415,0.20832553505897522,0.20516157150268555,0.15020741522312164,0.5698771476745605,0.196786567568779,0.20292162895202637,0.6891953945159912,0.048227906227111816,0.1700843721628189,0.19925633072853088,0.138278529047966,0.4345959722995758,0.18039676547050476,0.2097075879573822,0.6959246397018433,0.05360478162765503,0.15333834290504456,0.20788294076919556,0.1252254694700241,0.4238530099391937,0.1951715499162674,0.22313722968101501,0.7053559422492981,0.06269431859254837,0.16278797388076782,0.2198105752468109,0.14449134469032288,0.46193641424179077,0.1796025186777115,0.6138052940368652,0.22558803856372833,0.9977571368217468,0.14974313974380493,0.616669237613678,-0.22542624175548553,0.999039351940155,0.2363922894001007,0.7819088697433472,0.3481808006763458,0.2747403085231781,0.1923510581254959,0.8106265068054199,-0.005087897647172213,0.9752992391586304,0.18980424106121063,0.9404950141906738,0.5276679396629333,0.45358195900917053,0.15026529133319855,0.9860666990280151,0.10243349522352219,0.9657917022705078,0.1566769927740097,0.9681627154350281,0.5411748290061951,0.5882920622825623,0.12145556509494781,0.9994356632232666,0.1056370809674263,0.9608713984489441,0.3194909691810608,0.9725229740142822,0.4432325065135956,0.623908281326294,0.3061046600341797,0.9977133274078369,-0.09995906800031662,0.9321365356445312
U19_v1,284,1,0.30279064178466797,0.29820626974105835,-0.1334146410226822,0.9999349117279053,0.2988876700401306,0.2818005084991455,-0.11842794716358185,0.9998389482498169,0.2967031002044678,0.2809341251850128,-0.11856750398874283,0.9997443556785583,0.29451286792755127,0.2800377607345581,-0.11862374097108841,0.9998200535774231,0.29444950819015503,0.28104230761528015,-0.18748554587364197,0.9998481273651123,0.28784874081611633,0.27945271134376526,-0.1874326914548874,0.9998395442962646,0.28181207180023193,0.2778499126434326,-0.18721988797187805,0.9998881816864014,0.25562354922294617,0.27760499715805054,0.03387022390961647,0.9999446868896484,0.2368042767047882,0.2747074067592621,-0.29007747769355774,0.9999457597732544,0.2880391776561737,0.30956798791885376,-0.06737326830625534,0.999923586845398,0.27996376156806946,0.3078562021255493,-0.1609211266040802,0.9999381303787231,0.22574514150619507,0.35055166482925415,0.2046489417552948,0.9974812865257263,0.16871292889118195,0.3277514576911926,-0.336853951215744,0.9997283816337585,0.35313880443573,0.26505571603775024,0.5016894936561584,0.40206998586654663,0.34701108932495117,0.22911542654037476,-0.37339475750923157,0.9925070405006409,0.2408841848373413,0.20944714546203613,0.6839131712913513,0.07131751626729965,0.21144729852676392,0.19942116737365723,0.17289845645427704,0.6024037003517151,0.1910761147737503,0.19706818461418152,0.6542901992797852,0.059073932468891144,0.1738012433052063,0.18770858645439148,0.16381822526454926,0.475319504737854,0.18041372299194336,0.20371302962303162,0.6685975790023804,0.06412418931722641,0.15424744784832,0.1986703872680664,0.14831218123435974,0.4611058831214905,0.19536536931991577,0.2093554139137268,0.6739751100540161,0.07458508014678955,0.16323316097259521,0.20815631747245789,0.16662423312664032,0.4956494867801666,0.1757725179195404,0.6143588423728943,0.2193080633878708,0.9976480603218079,0.15106087923049927,0.6175090074539185,-0.21918915212154388,0.9989199638366699,0.23562084138393402,0.7816166281700134,0.3224688172340393,0.26622000336647034,0.19743023812770844,0.8138222694396973,-0.029307954013347626,0.9667935967445374,0.19135501980781555,0.9437127709388733,0.47658801078796387,0.4017981290817261,0.155379056930542,0.9870752096176147,0.06005047261714935,0.9490980505943298,0.15695685148239136,0.9689414501190186,0.48688215017318726,0.5459529757499695,0.12510129809379578,1.0009163618087769,0.06183067336678505,0.9449045062065125,0.3182307779788971,0.9749600291252136,0.3868309259414673,0.5685964226722717,0.3001611828804016,1.00424063205719,-0.14495564997196198,0.9080953598022461
U19_v1,285,1,0.30133354663848877,0.29848727583885193,-0.14029386639595032,0.999937891960144,0.29726505279541016,0.28208139538764954,-0.12601366639137268,0.9998431205749512,0.29501795768737793,0.2812039256095886,-0.1261446326971054,0.9997504353523254,0.2927858233451843,0.2802714407444,-0.1261877864599228,0.9998219609260559,0.2928813695907593,0.2812574803829193,-0.1945178508758545,0.9998518228530884,0.2862633764743805,0.27961161732673645,-0.1944703608751297,0.9998428821563721,0.28017646074295044,0.2779085040092468,-0.19425533711910248,0.9998900890350342,0.2533763349056244,0.27748504281044006,0.026388635858893394,0.9999457597732544,0.2351284921169281,0.2742508351802826,-0.295179545879364,0.9999476671218872,0.2864958643913269,0.3099314272403717,-0.07416889071464539,0.9999268054962158,0.2785566747188568,0.30812689661979675,-0.16692569851875305,0.9999419450759888,0.22339871525764465,0.3500351905822754,0.19859401881694794,0.9975597858428955,0.16939744353294373,0.3271936774253845,-0.3418292999267578,0.9997467398643494,0.35218143463134766,0.2641032934188843,0.4973812699317932,0.41055843234062195,0.34308716654777527,0.22801756858825684,-0.38125038146972656,0.9932696223258972,0.23915249109268188,0.20884215831756592,0.681045413017273,0.07238112390041351,0.20901402831077576,0.19885927438735962,0.1693161278963089,0.601934015750885,0.1907195895910263,0.19643452763557434,0.6504396200180054,0.05998975411057472,0.17199714481830597,0.1915317177772522,0.15990914404392242,0.4693492650985718,0.18015311658382416,0.20341306924819946,0.6622162461280823,0.06532823294401169,0.1539594829082489,0.1987740695476532,0.14557816088199615,0.455532044172287,0.1948477327823639,0.21385300159454346,0.6698675751686096,0.07588676363229752,0.16277189552783966,0.208115816116333,0.16332381963729858,0.4927847683429718,0.17404137551784515,0.6142756938934326,0.220000758767128,0.9976156949996948,0.1512957066297531,0.6177451610565186,-0.21989230811595917,0.9989342093467712,0.23541070520877838,0.7812899947166443,0.3267384469509125,0.25826045870780945,0.19676142930984497,0.8140120506286621,-0.025522630661725998,0.9674299955368042,0.19311876595020294,0.9432071447372437,0.4843718707561493,0.3987843096256256,0.15550868213176727,0.9867702722549438,0.06634939461946487,0.9501464366912842,0.15747228264808655,0.9683817625045776,0.4951130747795105,0.5495300889015198,0.12555313110351562,1.0006390810012817,0.068486787378788,0.9467557072639465,0.31799763441085815,0.9745596647262573,0.3961232304573059,0.5662946105003357,0.30466949939727783,0.995180606842041,-0.13697989284992218,0.9087327122688293
U19_v1,286,1,0.3058670163154602,0.2936502993106842,-0.1455070674419403,0.9999513626098633,0.2990233302116394,0.2770713269710541,-0.13159573078155518,0.9998650550842285,0.2962227761745453,0.27631208300590515,-0.1316877156496048,0.9997836947441101,0.2933284044265747,0.27552905678749084,-0.13172559440135956,0.9998502731323242,0.29579150676727295,0.2761804163455963,-0.20075571537017822,0.9998725652694702,0.2897029519081116,0.27467381954193115,-0.20072448253631592,0.999862790107727,0.28389522433280945,0.2731189429759979,-0.20052167773246765,0.9999079704284668,0.25355660915374756,0.27553054690361023,0.01997227407991886,0.9999535083770752,0.2403046041727066,0.2709682583808899,-0.3047981262207031,0.9999548196792603,0.29028674960136414,0.3057617247104645,-0.08081133663654327,0.9999408721923828,0.2836282551288605,0.3041234612464905,-0.17432807385921478,0.9999551773071289,0.22911836206912994,0.34995025396347046,0.19048751890659332,0.9973577857017517,0.16284510493278503,0.3250461220741272,-0.3489639163017273,0.9997585415840149,0.3543122410774231,0.264051228761673,0.5233707427978516,0.38355380296707153,0.3285183608531952,0.22551500797271729,-0.37621262669563293,0.9937973618507385,0.24195924401283264,0.21753418445587158,0.7517804503440857,0.05041709169745445,0.2142900824546814,0.20701125264167786,0.22470377385616302,0.5036612153053284,0.19899211823940277,0.2093122899532318,0.7250810861587524,0.04292877018451691,0.1759127825498581,0.19879794120788574,0.22041404247283936,0.3701380789279938,0.1911439597606659,0.21256422996520996,0.7316211462020874,0.047649819403886795,0.15918636322021484,0.20793217420578003,0.21275120973587036,0.3594192564487457,0.20092760026454926,0.22549328207969666,0.7383649945259094,0.05612345039844513,0.16811469197273254,0.21990272402763367,0.22121286392211914,0.4016385078430176,0.18089425563812256,0.6138321161270142,0.2218192219734192,0.9974527955055237,0.14929836988449097,0.6168453693389893,-0.22166959941387177,0.9989521503448486,0.23536407947540283,0.7837532758712769,0.3419390320777893,0.29226863384246826,0.1919480860233307,0.8115622401237488,-0.007338790688663721,0.9770119786262512,0.19301889836788177,0.9419254064559937,0.514703094959259,0.47880467772483826,0.1526358425617218,0.9872815608978271,0.09700563549995422,0.9679390788078308,0.15965141355991364,0.9691118001937866,0.5277114510536194,0.6043164730072021,0.1240868866443634,1.0001662969589233,0.10035143047571182,0.9609595537185669,0.32361024618148804,0.9728033542633057,0.42687785625457764,0.6420739889144897,0.3088025748729706,1.0005944967269897,-0.10690882056951523,0.9351754784584045
U19_v1,287,1,0.30448830127716064,0.2940866947174072,-0.13454903662204742,0.9999451637268066,0.29848599433898926,0.2774944603443146,-0.12023036926984787,0.9998513460159302,0.2958945333957672,0.276733934879303,-0.12033168226480484,0.9997612833976746,0.2932254672050476,0.27594810724258423,-0.12038200348615646,0.9998366832733154,0.29475754499435425,0.27661675214767456,-0.18910661339759827,0.999860405921936,0.2885105609893799,0.2751024663448334,-0.18907149136066437,0.9998492002487183,0.2825757563114166,0.2735241651535034,-0.18887686729431152,0.9998992681503296,0.2538626194000244,0.2758130431175232,0.03022303245961666,0.9999485015869141,0.23929402232170105,0.2711811065673828,-0.29317507147789,0.9999492168426514,0.2894224524497986,0.3060634136199951,-0.07011835277080536,0.9999330043792725,0.2821836471557617,0.3045215904712677,-0.16336390376091003,0.9999480247497559,0.22962287068367004,0.34990549087524414,0.1988588273525238,0.9973338842391968,0.16234679520130157,0.3249281644821167,-0.33831048011779785,0.9997507929801941,0.3544328808784485,0.26497721672058105,0.5279624462127686,0.38496530055999756,0.3321841061115265,0.23116883635520935,-0.3681504428386688,0.9932345747947693,0.24455931782722473,0.2168254554271698,0.755652666091919,0.051980238407850266,0.21752165257930756,0.2062690258026123,0.21461206674575806,0.5179164409637451,0.20182527601718903,0.20327895879745483,0.7301985621452332,0.043620169162750244,0.17996777594089508,0.19378545880317688,0.20917809009552002,0.38622817397117615,0.18766586482524872,0.21066784858703613,0.7392792105674744,0.048063598573207855,0.16205023229122162,0.2059313952922821,0.19947345554828644,0.37434327602386475,0.203390434384346,0.21737509965896606,0.7436893582344055,0.05675269663333893,0.17239713668823242,0.21077483892440796,0.21035969257354736,0.41385045647621155,0.18086303770542145,0.6132649183273315,0.22017055749893188,0.9974810481071472,0.14885087311267853,0.616399884223938,-0.22004655003547668,0.9989451766014099,0.2362806499004364,0.7828511595726013,0.33765900135040283,0.28933238983154297,0.19166623055934906,0.8110509514808655,-0.01242874376475811,0.9746825098991394,0.19215497374534607,0.9415023326873779,0.5090608596801758,0.4576202630996704,0.15097296237945557,0.9870554208755493,0.08902155607938766,0.9640222191810608,0.15812021493911743,0.9688026905059814,0.5218220353126526,0.5815866589546204,0.12188085913658142,0.9997117519378662,0.09196295589208603,0.9568285942077637,0.32185667753219604,0.9728317260742188,0.42055976390838623,0.6232818961143494,0.27660560607910156,1.0406426191329956,-0.11696280539035797,0.9292272329330444
U19_v1,288,1,0.3044935464859009,0.29375341534614563,-0.13304398953914642,0.9999459981918335,0.2991150915622711,0.2772544324398041,-0.11864332854747772,0.9998548030853271,0.2966528534889221,0.27650102972984314,-0.118747279047966,0.9997658133506775,0.2940865755081177,0.2757241427898407,-0.11880384385585785,0.9998409748077393,0.29509246349334717,0.2763409912586212,-0.18704870343208313,0.9998633861541748,0.28879672288894653,0.2748044431209564,-0.18701283633708954,0.9998518228530884,0.28277587890625,0.27319979667663574,-0.1868165135383606,0.9999016523361206,0.2548801302909851,0.27528998255729675,0.03190891072154045,0.9999496936798096,0.2394351065158844,0.2706340253353119,-0.28927770256996155,0.9999500513076782,0.28954383730888367,0.3056911528110504,-0.06860426813364029,0.9999345541000366,0.2820838689804077,0.3041159510612488,-0.16124725341796875,0.9999485015869141,0.23028025031089783,0.3495495915412903,0.20117472112178802,0.997403085231781,0.1620805263519287,0.32454565167427063,-0.33395349979400635,0.9997555613517761,0.354030042886734,0.2651728689670563,0.5300479531288147,0.38928279280662537,0.3323463797569275,0.2313666045665741,-0.3614242672920227,0.9931800365447998,0.2456401288509369,0.21624094247817993,0.7607992887496948,0.052280083298683167,0.2184540182352066,0.2057686150074005,0.22028397023677826,0.5235921740531921,0.20296308398246765,0.20275184512138367,0.7361778616905212,0.04339667037129402,0.1811637282371521,0.19296371936798096,0.21497473120689392,0.39151686429977417,0.18909408152103424,0.20991745591163635,0.7462993860244751,0.04776439815759659,0.16354036331176758,0.20482894778251648,0.20463250577449799,0.37953615188598633,0.20451240241527557,0.21668553352355957,0.7494248151779175,0.056483302265405655,0.17358353734016418,0.2098088264465332,0.21572920680046082,0.41896751523017883,0.18099015951156616,0.612861692905426,0.21899621188640594,0.9975155591964722,0.14832116663455963,0.6158822178840637,-0.2188788652420044,0.998957633972168,0.2367129921913147,0.7823885679244995,0.33636900782585144,0.29117149114608765,0.19166147708892822,0.8107591867446899,-0.013100114651024342,0.974141001701355,0.1933818757534027,0.9415356516838074,0.507367730140686,0.45543429255485535,0.15083888173103333,0.9870339632034302,0.08781195431947708,0.9628714323043823,0.1582600623369217,0.9688130617141724,0.5201253890991211,0.5773225426673889,0.1217542439699173,0.9995484352111816,0.09076609462499619,0.9551215171813965,0.3217068314552307,0.9729210138320923,0.41870707273483276,0.6211602687835693,0.27616792917251587,1.0410614013671875,-0.11844691634178162,0.9276844263076782
U19_v1,289,1,0.3044610619544983,0.29397502541542053,-0.1350361406803131,0.999945878982544,0.29858487844467163,0.277448445558548,-0.12075603753328323,0.9998533725738525,0.29603487253189087,0.2766900658607483,-0.12085778266191483,0.9997639060020447,0.2933979630470276,0.2759041488170624,-0.12090909481048584,0.9998387098312378,0.29473400115966797,0.27654707431793213,-0.18938402831554413,0.9998621940612793,0.28845489025115967,0.2750166952610016,-0.18934904038906097,0.9998509883880615,0.28246819972991943,0.27341192960739136,-0.1891544610261917,0.9999006986618042,0.2539825737476349,0.27560707926750183,0.029542522504925728,0.9999490976333618,0.23909568786621094,0.2709243893623352,-0.2927185595035553,0.9999496936798096,0.28949862718582153,0.30589374899864197,-0.07071729749441147,0.9999338388442993,0.28220313787460327,0.3043329417705536,-0.16364169120788574,0.9999483823776245,0.22928938269615173,0.34973880648612976,0.19851428270339966,0.997358500957489,0.16273309290409088,0.3248446583747864,-0.3380320966243744,0.9997538924217224,0.35413700342178345,0.26496759057044983,0.5285054445266724,0.38739463686943054,0.33098623156547546,0.22627946734428406,-0.3666406273841858,0.9931938052177429,0.24489715695381165,0.21667176485061646,0.7604070901870728,0.05217364430427551,0.21791866421699524,0.20613640546798706,0.2180117517709732,0.5174841284751892,0.20226100087165833,0.2030564546585083,0.7356574535369873,0.04356909543275833,0.18055517971515656,0.19347193837165833,0.2127174586057663,0.38510823249816895,0.1881728172302246,0.21045666933059692,0.7447493076324463,0.04800218716263771,0.16277776658535004,0.2056068778038025,0.20314884185791016,0.3733103275299072,0.20378057658672333,0.21723133325576782,0.7485259771347046,0.05665718764066696,0.17295482754707336,0.21051746606826782,0.21375802159309387,0.4131632149219513,0.1806219220161438,0.6130706071853638,0.21986941993236542,0.9974833130836487,0.14893478155136108,0.6162691116333008,-0.21974897384643555,0.9989461302757263,0.23647774755954742,0.7826849222183228,0.338057279586792,0.28770047426223755,0.19191886484622955,0.8108739256858826,-0.01213433500379324,0.9744607210159302,0.19230778515338898,0.9413739442825317,0.5099844336509705,0.4538653492927551,0.15113148093223572,0.9870707988739014,0.0893680527806282,0.9636306166648865,0.15838468074798584,0.9687285423278809,0.5228015184402466,0.5773603916168213,0.12211655080318451,0.999629557132721,0.09234140068292618,0.9562163949012756,0.32196998596191406,0.9728231430053711,0.4215468466281891,0.6200781464576721,0.27685147523880005,1.040658712387085,-0.11650598794221878,0.9286670684814453
U19_v1,290,1,0.3044132590293884,0.29397329688072205,-0.1347465217113495,0.9999442100524902,0.2986481785774231,0.277470201253891,-0.12042607367038727,0.9998490810394287,0.29614314436912537,0.2767166495323181,-0.12053031474351883,0.9997562766075134,0.2935636043548584,0.27593573927879333,-0.12058278918266296,0.9998340606689453,0.29476743936538696,0.276567280292511,-0.18952520191669464,0.9998584985733032,0.2884977459907532,0.2750371992588043,-0.18948915600776672,0.9998465776443481,0.2825409770011902,0.2734336853027344,-0.18929630517959595,0.9998979568481445,0.25423377752304077,0.2756545841693878,0.03034130297601223,0.9999474287033081,0.2391386777162552,0.27092379331588745,-0.2940511405467987,0.999948263168335,0.28957098722457886,0.3059057891368866,-0.07009971141815186,0.9999322891235352,0.28226613998413086,0.3043460249900818,-0.16365386545658112,0.999947190284729,0.22906747460365295,0.34987175464630127,0.20017755031585693,0.99732506275177,0.16272233426570892,0.3248802423477173,-0.3400494158267975,0.9997513890266418,0.35411110520362854,0.2651807367801666,0.5302577018737793,0.38258039951324463,0.3311610221862793,0.2263098657131195,-0.37149205803871155,0.9932274222373962,0.2446657121181488,0.2164182960987091,0.7588087916374207,0.05154510214924812,0.2174195945262909,0.2058316171169281,0.20914852619171143,0.5183554887771606,0.20200906693935394,0.20298373699188232,0.7337872982025146,0.043198760598897934,0.18008503317832947,0.19325822591781616,0.20295719802379608,0.38614627718925476,0.18789508938789368,0.21017029881477356,0.7427141666412354,0.04762949049472809,0.16235320270061493,0.20517301559448242,0.1933523416519165,0.37411290407180786,0.20298728346824646,0.22384056448936462,0.7468202114105225,0.05627021566033363,0.17252936959266663,0.2100268304347992,0.20485199987888336,0.41345974802970886,0.18053850531578064,0.6131514310836792,0.22050900757312775,0.9975378513336182,0.14868587255477905,0.6161630153656006,-0.22039008140563965,0.9989639520645142,0.23587921261787415,0.7829112410545349,0.3387977182865143,0.2876507341861725,0.19170236587524414,0.8113212585449219,-0.012050172314047813,0.9746387004852295,0.1923125684261322,0.941834032535553,0.5116637349128723,0.45485642552375793,0.15153753757476807,0.9871937036514282,0.09077102690935135,0.9641584753990173,0.15858300030231476,0.9692769646644592,0.5245962142944336,0.5774721503257751,0.12281425297260284,1.0000431537628174,0.09371506422758102,0.9568647146224976,0.3225749731063843,0.9730344414710999,0.42258021235466003,0.6221636533737183,0.3092811703681946,1.0001513957977295,-0.11616559326648712,0.9295751452445984
U19_v1,291,1,0.3011077046394348,0.2940737307071686,-0.16838188469409943,0.9999450445175171,0.29594308137893677,0.27766120433807373,-0.15488781034946442,0.9998457431793213,0.2933933734893799,0.2769627273082733,-0.15498290956020355,0.9997557997703552,0.2908632755279541,0.27626511454582214,-0.15500876307487488,0.9998238682746887,0.29264968633651733,0.2767575681209564,-0.2233426868915558,0.999854564666748,0.2868299186229706,0.2752668857574463,-0.2232915759086609,0.999846339225769,0.28128451108932495,0.2737136483192444,-0.22306779026985168,0.9998936653137207,0.25067198276519775,0.27498558163642883,-0.0011831311276182532,0.9999476671218872,0.23918017745018005,0.2713204026222229,-0.3228404223918915,0.9999496936798096,0.28570032119750977,0.30671003460884094,-0.10282427817583084,0.9999338388442993,0.2794796824455261,0.30505073070526123,-0.1952820122241974,0.9999505281448364,0.2270372062921524,0.3508530557155609,0.1719953715801239,0.9972889423370361,0.16492678225040436,0.32627254724502563,-0.3649962842464447,0.9997456669807434,0.3539436459541321,0.2626301944255829,0.4942512512207031,0.397972971200943,0.32786819338798523,0.22561520338058472,-0.39768901467323303,0.9941622614860535,0.24297255277633667,0.21806570887565613,0.7050848007202148,0.056381408125162125,0.21143744885921478,0.20598354935646057,0.19677487015724182,0.5374306440353394,0.20016904175281525,0.20579862594604492,0.6741881966590881,0.0481422133743763,0.17485325038433075,0.19533419609069824,0.18906928598880768,0.3960343301296234,0.1911858171224594,0.2149093747138977,0.6785985827445984,0.05352270230650902,0.15569809079170227,0.20914623141288757,0.1815319061279297,0.3859550654888153,0.19989226758480072,0.2197374701499939,0.6901707649230957,0.06206842511892319,0.16432949900627136,0.22147062420845032,0.19259512424468994,0.42998066544532776,0.1765906661748886,0.614698052406311,0.22373294830322266,0.9973922967910767,0.15080830454826355,0.6179021596908569,-0.22358371317386627,0.9989266991615295,0.23616403341293335,0.7812162637710571,0.3472822904586792,0.2557166814804077,0.19496485590934753,0.8117597699165344,-0.0037032433319836855,0.9731652140617371,0.19065545499324799,0.9417059421539307,0.5208334922790527,0.4435253441333771,0.1536366194486618,0.9855730533599854,0.10154538601636887,0.9638227224349976,0.15452174842357635,0.9682090282440186,0.5335725545883179,0.5844054222106934,0.12355709820985794,1.0008227825164795,0.1052166149020195,0.9592613577842712,0.3192252516746521,0.9729074239730835,0.43431252241134644,0.6101580858230591,0.30398035049438477,1.0026443004608154,-0.09784435480833054,0.9283968806266785
U19_v1,292,1,0.3042568862438202,0.2911365032196045,-0.14868028461933136,0.9999517202377319,0.29746341705322266,0.27486780285835266,-0.13345687091350555,0.9998723268508911,0.2950555086135864,0.27403342723846436,-0.13356073200702667,0.9997939467430115,0.2912902235984802,0.2728818356990814,-0.13360515236854553,0.9998582601547241,0.2922532856464386,0.2740646004676819,-0.20105572044849396,0.9998818635940552,0.2865447402000427,0.2727380692958832,-0.20102328062057495,0.9998724460601807,0.28019821643829346,0.27113428711891174,-0.2008102834224701,0.9999146461486816,0.24860075116157532,0.27238237857818604,0.01996615156531334,0.9999547004699707,0.2324170470237732,0.2692435085773468,-0.29770833253860474,0.999956488609314,0.290727823972702,0.303335577249527,-0.08344152569770813,0.9999426603317261,0.2829517126083374,0.30211755633354187,-0.17496667802333832,0.9999551773071289,0.22870248556137085,0.347395122051239,0.19362583756446838,0.9976890087127686,0.17133982479572296,0.3258652687072754,-0.3479476273059845,0.9997937083244324,0.3557180166244507,0.2624499797821045,0.5029332637786865,0.432208389043808,0.3322153687477112,0.22528061270713806,-0.3938409984111786,0.9942388534545898,0.253013551235199,0.2116643488407135,0.7093071341514587,0.06841976195573807,0.219580739736557,0.20161262154579163,0.14929774403572083,0.5971666574478149,0.2044522911310196,0.19882288575172424,0.6796444654464722,0.05497043579816818,0.1794101893901825,0.18927904963493347,0.13501903414726257,0.45389217138290405,0.19515922665596008,0.20603758096694946,0.6873967051506042,0.06016569957137108,0.16202113032341003,0.2010957896709442,0.12307817488908768,0.44061097502708435,0.20600052177906036,0.2119225263595581,0.6965062618255615,0.07028881460428238,0.17202475666999817,0.205843985080719,0.14279812574386597,0.4797782599925995,0.177572101354599,0.6103697419166565,0.2230381965637207,0.9979099631309509,0.1514919549226761,0.6149321794509888,-0.22291173040866852,0.9991500377655029,0.23647622764110565,0.7776839137077332,0.34687408804893494,0.2741676867008209,0.1946731060743332,0.8092952370643616,-0.011749318800866604,0.9740859270095825,0.1945817470550537,0.9358828067779541,0.5231447219848633,0.44408389925956726,0.15324048697948456,0.9847069382667542,0.09251181781291962,0.962691068649292,0.15932872891426086,0.9604631662368774,0.5360504388809204,0.5836227536201477,0.12359672039747238,0.9997885227203369,0.0955049991607666,0.9564833641052246,0.31992119550704956,0.9689058065414429,0.43463054299354553,0.6133632063865662,0.30524224042892456,0.9949395656585693,-0.11369217932224274,0.9283197522163391
U19_v1,293,1,0.30669084191322327,0.29453057050704956,-0.14101064205169678,0.9999516010284424,0.3018035888671875,0.278004914522171,-0.1253754198551178,0.9998695850372314,0.2996772527694702,0.2770444452762604,-0.12549546360969543,0.9997923970222473,0.2975075840950012,0.2760184109210968,-0.12554186582565308,0.9998538494110107,0.2970017194747925,0.2775081396102905,-0.1930406093597412,0.9998821020126343,0.2896658778190613,0.2758188247680664,-0.1930057406425476,0.9998756647109985,0.28319093585014343,0.27412137389183044,-0.19280248880386353,0.9999145269393921,0.25700661540031433,0.2748618423938751,0.027775898575782776,0.9999523162841797,0.23529568314552307,0.27209219336509705,-0.290152370929718,0.9999552965164185,0.2926696538925171,0.3059990406036377,-0.07559867948293686,0.9999383687973022,0.28382253646850586,0.30490896105766296,-0.16733166575431824,0.9999511241912842,0.2298131138086319,0.3464653789997101,0.1995413452386856,0.9976812601089478,0.1712234616279602,0.32551902532577515,-0.34272560477256775,0.9997922778129578,0.3561381697654724,0.26170802116394043,0.5022698640823364,0.44114354252815247,0.344992995262146,0.23338192701339722,-0.3885546922683716,0.9941645264625549,0.25526073575019836,0.21072235703468323,0.7035688161849976,0.0787702426314354,0.22291511297225952,0.2026471495628357,0.1445942372083664,0.6489273309707642,0.20433369278907776,0.19856011867523193,0.6758111715316772,0.06265528500080109,0.1804834008216858,0.18954423069953918,0.13065627217292786,0.5093274116516113,0.1935366541147232,0.2051663100719452,0.686229407787323,0.06812676787376404,0.16227169334888458,0.20080015063285828,0.11649319529533386,0.4952457845211029,0.20457978546619415,0.21069037914276123,0.6921579837799072,0.0789785087108612,0.17220497131347656,0.20540013909339905,0.1376754492521286,0.5286434292793274,0.18174847960472107,0.6093016266822815,0.2218351513147354,0.9980608820915222,0.14811384677886963,0.6133392453193665,-0.2217055857181549,0.999204695224762,0.23911428451538086,0.7770856022834778,0.33605921268463135,0.3144736886024475,0.1926405131816864,0.8085150122642517,-0.021919872611761093,0.9779494404792786,0.1948559284210205,0.9392256736755371,0.505054771900177,0.4995630085468292,0.15231680870056152,0.9856452345848083,0.07208804041147232,0.9707004427909851,0.16025690734386444,0.9603284597396851,0.5166922211647034,0.6165130138397217,0.12263983488082886,1.0003762245178223,0.07320468127727509,0.961971640586853,0.31766822934150696,0.970093846321106,0.4117169976234436,0.6676048040390015,0.3040478825569153,0.9954841136932373,-0.14170241355895996,0.943541944026947
U19_v1,294,1,0.30725178122520447,0.29547348618507385,-0.14401580393314362,0.9999498128890991,0.30292630195617676,0.27906662225723267,-0.1283154934644699,0.9998644590377808,0.30080610513687134,0.27809062600135803,-0.12843933701515198,0.9997857213020325,0.2986415922641754,0.27703025937080383,-0.12847962975502014,0.9998472929000854,0.2981089949607849,0.27855944633483887,-0.19640453159809113,0.9998775720596313,0.29064878821372986,0.27681323885917664,-0.1963716745376587,0.9998719692230225,0.2842162847518921,0.27506202459335327,-0.1961708515882492,0.9999113082885742,0.25803834199905396,0.27562493085861206,0.02567874826490879,0.9999499320983887,0.2365569770336151,0.2727988660335541,-0.29395005106925964,0.9999547004699707,0.2928321361541748,0.3067986071109772,-0.07831436395645142,0.9999369382858276,0.28393059968948364,0.305687814950943,-0.1705339252948761,0.9999504089355469,0.22814933955669403,0.3461417555809021,0.19950810074806213,0.997759222984314,0.1732187718153,0.3252754211425781,-0.34754326939582825,0.9998012185096741,0.3560957908630371,0.2608281672000885,0.4951992630958557,0.44736751914024353,0.34534186124801636,0.23300543427467346,-0.39523160457611084,0.9945302605628967,0.2556179165840149,0.21096670627593994,0.685429573059082,0.0795770063996315,0.22246390581130981,0.2030160129070282,0.13342638313770294,0.665826678276062,0.20417922735214233,0.19836899638175964,0.655823290348053,0.06279034912586212,0.17980191111564636,0.18959271907806396,0.11829538643360138,0.5251129269599915,0.19282039999961853,0.20475643873214722,0.6659116744995117,0.06833026558160782,0.16117405891418457,0.20062631368637085,0.10438203066587448,0.5112485289573669,0.2037830948829651,0.21017920970916748,0.6734899878501892,0.07917362451553345,0.1711944192647934,0.20517349243164062,0.12671777606010437,0.5432578921318054,0.18033717572689056,0.6084585785865784,0.22264571487903595,0.9979099631309509,0.1476440131664276,0.6124244332313538,-0.22249750792980194,0.9991381168365479,0.24038368463516235,0.7757804989814758,0.3284083306789398,0.3015408515930176,0.1951073855161667,0.8033246397972107,-0.02997567132115364,0.9768444895744324,0.19635498523712158,0.9387388229370117,0.4890354573726654,0.4820312261581421,0.15679481625556946,0.9844659566879272,0.05734093114733696,0.9687857031822205,0.1615205705165863,0.9598968029022217,0.49945858120918274,0.6062220931053162,0.12342646718025208,0.999948263168335,0.05765547603368759,0.9606485366821289,0.3181436061859131,0.9696571230888367,0.3930007517337799,0.6550180315971375,0.30575525760650635,0.9952135682106018,-0.1570952832698822,0.9412332773208618
U19_v1,295,1,0.30726516246795654,0.28163254261016846,-0.14948737621307373,0.999969482421875,0.3015536069869995,0.26686733961105347,-0.13219229876995087,0.9999253749847412,0.299416720867157,0.26618891954421997,-0.13226039707660675,0.9998834133148193,0.29713988304138184,0.2653903663158417,-0.13227975368499756,0.9999170303344727,0.2971719801425934,0.2661389708518982,-0.19637396931648254,0.9999268054962158,0.2905747592449188,0.26477372646331787,-0.1963735818862915,0.9999184608459473,0.28424444794654846,0.26335060596466064,-0.19613288342952728,0.9999432563781738,0.2574080228805542,0.2646997570991516,0.022485632449388504,0.9999741315841675,0.23613585531711578,0.2613460123538971,-0.28237810730934143,0.9999730587005615,0.29307830333709717,0.29339492321014404,-0.08690614253282547,0.9999650716781616,0.2851642668247223,0.29221996665000916,-0.17417503893375397,0.9999721050262451,0.24101315438747406,0.34204423427581787,0.17457859218120575,0.9981746673583984,0.1599457710981369,0.3180557191371918,-0.32109320163726807,0.9997890591621399,0.35178712010383606,0.24749144911766052,0.4730317294597626,0.4382098913192749,0.3201677203178406,0.21540063619613647,-0.3338240683078766,0.9927670955657959,0.2323935329914093,0.20360907912254333,0.6984918117523193,0.0667525976896286,0.19502617418766022,0.20319926738739014,0.28744348883628845,0.4682529866695404,0.18468698859214783,0.19649142026901245,0.6664184331893921,0.053336214274168015,0.14975623786449432,0.19639334082603455,0.29783716797828674,0.34464362263679504,0.1740306168794632,0.2059885561466217,0.677260160446167,0.05847625061869621,0.12671414017677307,0.21979355812072754,0.28543439507484436,0.33776602149009705,0.18366390466690063,0.20930278301239014,0.6865633130073547,0.06825222820043564,0.1459885537624359,0.24917453527450562,0.2834678590297699,0.38566529750823975,0.17794032394886017,0.6104706525802612,0.21359863877296448,0.9974451065063477,0.1494901031255722,0.6150052547454834,-0.21355541050434113,0.9990070462226868,0.22565272450447083,0.7823866009712219,0.34457531571388245,0.358267605304718,0.18847590684890747,0.8089264631271362,-0.009872722439467907,0.9740896821022034,0.1908194124698639,0.9384644031524658,0.5057764053344727,0.573874294757843,0.1337902843952179,0.9843957424163818,0.10504516959190369,0.9565106630325317,0.1591099053621292,0.9614284038543701,0.5167902112007141,0.7032827138900757,0.09309951961040497,0.9950110912322998,0.11190005391836166,0.944118082523346,0.31559285521507263,0.9665221571922302,0.4204300343990326,0.692808985710144,0.24728500843048096,1.047951340675354,-0.0866483673453331,0.9174442291259766
U19_v1,296,1,0.31053078174591064,0.28120946884155273,-0.14112262427806854,0.9999744892120361,0.30345988273620605,0.2659611999988556,-0.12469791620969772,0.9999397993087769,0.3012775182723999,0.26531097292900085,-0.12477827072143555,0.9999065399169922,0.2990626096725464,0.264534056186676,-0.12481261789798737,0.9999340772628784,0.29948198795318604,0.2651020586490631,-0.18628911674022675,0.9999375343322754,0.29400956630706787,0.26382091641426086,-0.18627119064331055,0.9999313354492188,0.28667259216308594,0.26214322447776794,-0.1860085427761078,0.999951958656311,0.2595546543598175,0.2643987834453583,0.02587171271443367,0.9999792575836182,0.2386966049671173,0.26194635033607483,-0.26732030510902405,0.9999759197235107,0.2965318560600281,0.29328256845474243,-0.08018580079078674,0.9999711513519287,0.28905415534973145,0.2917533814907074,-0.16428466141223907,0.9999755620956421,0.24016642570495605,0.33936694264411926,0.1760958731174469,0.9983676075935364,0.1689339578151703,0.3161461651325226,-0.3038003742694855,0.9998015761375427,0.35409659147262573,0.25180891156196594,0.48374879360198975,0.41904956102371216,0.32330071926116943,0.2154582440853119,-0.31560322642326355,0.9915110468864441,0.23043905198574066,0.20196881890296936,0.720085084438324,0.06843224167823792,0.19911238551139832,0.19809675216674805,0.29370513558387756,0.48187941312789917,0.17684245109558105,0.1928609311580658,0.6888670325279236,0.05592617020010948,0.1566796600818634,0.18638846278190613,0.3013785183429718,0.36832472681999207,0.16601331532001495,0.20142170786857605,0.6981818079948425,0.06128903850913048,0.13793045282363892,0.20079666376113892,0.28403398394584656,0.3613940477371216,0.1833161562681198,0.2063579261302948,0.7081129550933838,0.0710076168179512,0.14950689673423767,0.20386692881584167,0.2871379256248474,0.4071037173271179,0.17734718322753906,0.6088117957115173,0.21126240491867065,0.9979246854782104,0.14897125959396362,0.6131495237350464,-0.21121671795845032,0.9991695880889893,0.22883012890815735,0.7790826559066772,0.3388713300228119,0.4023131728172302,0.18730342388153076,0.8070583343505859,-0.010018855333328247,0.9798368811607361,0.19076234102249146,0.9372844696044922,0.4904429614543915,0.6229159832000732,0.13386037945747375,0.984669029712677,0.09507349133491516,0.9647002816200256,0.15978911519050598,0.9610774517059326,0.5003079175949097,0.7370519638061523,0.09447303414344788,0.9939186573028564,0.10055937618017197,0.9515024423599243,0.3167942762374878,0.9661117792129517,0.4047703146934509,0.7347450852394104,0.2507818937301636,1.0451089143753052,-0.0976625308394432,0.9326233863830566
U19_v1,297,1,0.3111324906349182,0.2814216911792755,-0.13784736394882202,0.9999734163284302,0.3041302561759949,0.26618507504463196,-0.12147129327058792,0.9999374151229858,0.3019724488258362,0.26553449034690857,-0.12155415862798691,0.9999027252197266,0.2997884750366211,0.26476719975471497,-0.12159223854541779,0.9999315738677979,0.3001607060432434,0.26533305644989014,-0.18324534595012665,0.9999350309371948,0.29471468925476074,0.26405179500579834,-0.18322212994098663,0.9999282360076904,0.28735417127609253,0.2623772919178009,-0.18295890092849731,0.9999499320983887,0.2603979706764221,0.2646033763885498,0.028423964977264404,0.9999783039093018,0.23945394158363342,0.262026309967041,-0.2656271159648895,0.9999747276306152,0.2969440221786499,0.2933976948261261,-0.07705242931842804,0.9999696016311646,0.28952211141586304,0.2918332517147064,-0.16143038868904114,0.999974250793457,0.23946358263492584,0.3394213318824768,0.17814932763576508,0.9983495473861694,0.16863086819648743,0.3162400424480438,-0.3023199141025543,0.9997953772544861,0.35358312726020813,0.2521209716796875,0.48595890402793884,0.4146706759929657,0.3300861716270447,0.2167356312274933,-0.31585827469825745,0.9911836385726929,0.2301013469696045,0.20180141925811768,0.7206668853759766,0.06875362247228622,0.1997917890548706,0.1981590986251831,0.29118162393569946,0.48145610094070435,0.17720529437065125,0.19259950518608093,0.6893800497055054,0.056324973702430725,0.15761026740074158,0.1863686740398407,0.2987236976623535,0.36944618821144104,0.16633766889572144,0.201166570186615,0.6989839673042297,0.06166869401931763,0.13909614086151123,0.20081540942192078,0.2812333106994629,0.3621554970741272,0.18347854912281036,0.206131249666214,0.708857536315918,0.0714266300201416,0.15061238408088684,0.20391234755516052,0.2846784293651581,0.40716227889060974,0.17703482508659363,0.6085593104362488,0.21050386130809784,0.9979422688484192,0.14873164892196655,0.6128712892532349,-0.21046660840511322,0.9991681575775146,0.22928176820278168,0.7788498401641846,0.33707165718078613,0.4019003212451935,0.1876474916934967,0.806914210319519,-0.010764122009277344,0.9791132807731628,0.19086086750030518,0.9373690485954285,0.4878424108028412,0.6190310716629028,0.13432246446609497,0.9844771027565002,0.09483420848846436,0.9637035727500916,0.1602441817522049,0.9610985517501831,0.49753835797309875,0.7336486577987671,0.09496568888425827,0.993865430355072,0.10035958141088486,0.9503803253173828,0.3172183632850647,0.9661333560943604,0.4016393721103668,0.7316569685935974,0.25054115056991577,1.0446884632110596,-0.09738168865442276,0.9314431548118591
U19_v1,298,1,0.303239107131958,0.2850664556026459,-0.14742863178253174,0.9999474287033081,0.29423168301582336,0.26773446798324585,-0.1308414787054062,0.9998825788497925,0.29187625646591187,0.26701030135154724,-0.13091418147087097,0.9998205304145813,0.28947606682777405,0.2663710117340088,-0.13092415034770966,0.9998717308044434,0.28928083181381226,0.26712197065353394,-0.19238480925559998,0.9998812675476074,0.28299787640571594,0.26599252223968506,-0.19238035380840302,0.9998722076416016,0.2764166295528412,0.26489096879959106,-0.19214516878128052,0.999909520149231,0.2506227493286133,0.26757702231407166,0.016283735632896423,0.9999567270278931,0.23628494143486023,0.26614120602607727,-0.27734479308128357,0.9999492168426514,0.2899060547351837,0.2980238199234009,-0.08765938133001328,0.9999388456344604,0.2801131010055542,0.2965943217277527,-0.17176157236099243,0.9999508857727051,0.2220955193042755,0.3376949429512024,0.15794652700424194,0.9975316524505615,0.17562033236026764,0.3245108127593994,-0.31415489315986633,0.9997043013572693,0.34055083990097046,0.25026431679725647,0.45200473070144653,0.392538458108902,0.3265289068222046,0.2211253046989441,-0.3561461269855499,0.9891563653945923,0.23075179755687714,0.2024136781692505,0.6515542268753052,0.08843261748552322,0.20078355073928833,0.19584840536117554,0.1863604485988617,0.5514332056045532,0.18336623907089233,0.18931066989898682,0.6134993433952332,0.07410768419504166,0.15644150972366333,0.18596124649047852,0.18616729974746704,0.4403018057346344,0.16786929965019226,0.19645479321479797,0.6186516880989075,0.0801784098148346,0.14044618606567383,0.19374758005142212,0.16638334095478058,0.42989233136177063,0.18387213349342346,0.204048752784729,0.6375918388366699,0.09038610756397247,0.1483646035194397,0.205907940864563,0.1785869300365448,0.4677082300186157,0.17568615078926086,0.6116354465484619,0.21065925061702728,0.9976484179496765,0.15416570007801056,0.6186916828155518,-0.2107640504837036,0.9991024732589722,0.22742226719856262,0.7800376415252686,0.35287874937057495,0.3805290758609772,0.1903529167175293,0.8083894848823547,6.521993054775521e-05,0.9754589796066284,0.1872352808713913,0.9317370653152466,0.5190473794937134,0.5933466553688049,0.1302586793899536,0.9743946194648743,0.1223139539361,0.9558257460594177,0.14927780628204346,0.9533413648605347,0.5295750498771667,0.7229806780815125,0.0951632708311081,0.9897931814193726,0.1293262094259262,0.9457107782363892,0.29713284969329834,0.9619165658950806,0.4393436312675476,0.7021144032478333,0.25164103507995605,1.0359852313995361,-0.0630238950252533,0.919640839099884
U19_v1,299,1,0.30930376052856445,0.28303930163383484,-0.1520044207572937,0.9999594688415527,0.2990347743034363,0.2649956941604614,-0.13853052258491516,0.9999057054519653,0.29652222990989685,0.2642543613910675,-0.13856476545333862,0.999860405921936,0.2939109206199646,0.26370513439178467,-0.13854604959487915,0.9998968839645386,0.2936449646949768,0.2637401521205902,-0.20584708452224731,0.9999023675918579,0.2867446839809418,0.26198050379753113,-0.20583954453468323,0.9998942613601685,0.27964603900909424,0.2603831887245178,-0.2055892050266266,0.9999217987060547,0.25377681851387024,0.26266947388648987,0.00698075070977211,0.9999681711196899,0.23720204830169678,0.2593882083892822,-0.3102474808692932,0.9999620914459229,0.2977217435836792,0.295352041721344,-0.09134471416473389,0.9999585151672363,0.2889086604118347,0.2929830551147461,-0.18211936950683594,0.9999678134918213,0.22517570853233337,0.337891161441803,0.17168749868869781,0.9975675344467163,0.17810271680355072,0.3174833655357361,-0.35092857480049133,0.9996895790100098,0.32581523060798645,0.24374175071716309,0.5190613269805908,0.35403525829315186,0.31092777848243713,0.2097877562046051,-0.34395915269851685,0.9931182861328125,0.2120942622423172,0.2142610251903534,0.7695632576942444,0.05530998110771179,0.18833951652050018,0.20625072717666626,0.32705774903297424,0.4789179563522339,0.16652798652648926,0.20482748746871948,0.7438289523124695,0.050363484770059586,0.14678668975830078,0.2063121199607849,0.3470836281776428,0.36445334553718567,0.16593687236309052,0.22204679250717163,0.7418963313102722,0.056230660527944565,0.14176508784294128,0.22148844599723816,0.33444780111312866,0.3580302894115448,0.1946592926979065,0.2291930615901947,0.7532879710197449,0.06493781507015228,0.1408185362815857,0.24861428141593933,0.32707318663597107,0.4025243818759918,0.17986339330673218,0.6070470213890076,0.22157439589500427,0.996585488319397,0.15350942313671112,0.6120038628578186,-0.2215360701084137,0.9986212253570557,0.22641435265541077,0.7758585810661316,0.34781405329704285,0.3383181393146515,0.18876458704471588,0.8007784485816956,-0.007665344048291445,0.9770588278770447,0.1855185627937317,0.9345422983169556,0.5109120011329651,0.5684855580329895,0.12764385342597961,0.9781128168106079,0.0930834710597992,0.9612401127815247,0.14685972034931183,0.9614543914794922,0.5219129323959351,0.6992696523666382,0.09713522344827652,0.9917680025100708,0.09823969751596451,0.9582445621490479,0.28832560777664185,0.9587864875793457,0.43508660793304443,0.6802874207496643,0.2689272165298462,1.0285580158233643,-0.09365703910589218,0.9233930110931396
U19_v1,300,1,0.31692570447921753,0.2744654417037964,-0.1858954280614853,0.9999698400497437,0.30365273356437683,0.25883182883262634,-0.16717173159122467,0.9999314546585083,0.30161580443382263,0.2585291266441345,-0.16720928251743317,0.9998959302902222,0.2995900511741638,0.2583071291446686,-0.16719572246074677,0.9999254941940308,0.29831013083457947,0.25783804059028625,-0.23275886476039886,0.9999324083328247,0.2922520637512207,0.2569189965724945,-0.2327880561351776,0.9999281167984009,0.28564542531967163,0.25600260496139526,-0.232549786567688,0.999950647354126,0.2622286081314087,0.2615097165107727,-0.012487247586250305,0.9999756813049316,0.24425259232521057,0.25874248147010803,-0.3250013291835785,0.999972939491272,0.3069818317890167,0.2883569002151489,-0.124758280813694,0.9999662637710571,0.2969669699668884,0.28678882122039795,-0.21419864892959595,0.9999738931655884,0.2430139183998108,0.33784204721450806,0.13489815592765808,0.9976397752761841,0.1777762472629547,0.3222509026527405,-0.3595706522464752,0.9997307658195496,0.3426172733306885,0.24351739883422852,0.46115007996559143,0.38943248987197876,0.314548134803772,0.21248063445091248,-0.3639625906944275,0.9910506010055542,0.22745388746261597,0.203145831823349,0.7107626795768738,0.07234711199998856,0.19640801846981049,0.19534164667129517,0.2589857280254364,0.5067747831344604,0.1796278953552246,0.18991973996162415,0.6819336414337158,0.060848575085401535,0.15115158259868622,0.1877651810646057,0.2678934633731842,0.3929470181465149,0.1706169843673706,0.19830220937728882,0.6853584051132202,0.06680099666118622,0.1313314437866211,0.20448240637779236,0.2556321918964386,0.3842865526676178,0.1798504889011383,0.21044036746025085,0.6963739991188049,0.0760592445731163,0.142561137676239,0.20649829506874084,0.2553560435771942,0.4235999882221222,0.18389882147312164,0.6112056374549866,0.21829549968242645,0.9980175495147705,0.15369001030921936,0.6162487864494324,-0.21830183267593384,0.999269425868988,0.2270493507385254,0.7766199707984924,0.3880190849304199,0.466612845659256,0.18623028695583344,0.8052483201026917,0.02024521864950657,0.9852355718612671,0.1895599216222763,0.9252008199691772,0.5830955505371094,0.7026622891426086,0.12322762608528137,0.9718438982963562,0.1647009253501892,0.9718867540359497,0.15451963245868683,0.9480189085006714,0.597720742225647,0.7821723818778992,0.09420081228017807,0.9865725040435791,0.17416976392269135,0.958767831325531,0.30898991227149963,0.950671374797821,0.5083489418029785,0.7787691354751587,0.24819907546043396,1.0266780853271484,-0.022290298715233803,0.9431872367858887
U19_v1,301,1,0.3069167137145996,0.27873414754867554,-0.13800358772277832,0.9999675750732422,0.30256789922714233,0.2629895508289337,-0.12010852247476578,0.9999237060546875,0.3009977340698242,0.2623184025287628,-0.12013771384954453,0.9998868703842163,0.2993306517601013,0.261581689119339,-0.12011033296585083,0.9999212026596069,0.29567503929138184,0.2615405321121216,-0.1861824095249176,0.9999241828918457,0.2892744541168213,0.25993144512176514,-0.1862322837114334,0.9999159574508667,0.2820349931716919,0.2581072151660919,-0.18602360785007477,0.9999412298202515,0.25915610790252686,0.2582187056541443,0.03471659496426582,0.9999674558639526,0.23574501276016235,0.2541462779045105,-0.27884572744369507,0.9999699592590332,0.2947272062301636,0.2890346944332123,-0.07507732510566711,0.9999613761901855,0.28434962034225464,0.2872917354106903,-0.1647239327430725,0.999970555305481,0.2445192039012909,0.3320366144180298,0.19394955039024353,0.9986621141433716,0.1645582765340805,0.31041622161865234,-0.3217135965824127,0.9998124241828918,0.37381720542907715,0.23913127183914185,0.4870802164077759,0.453518271446228,0.31414616107940674,0.20808732509613037,-0.3184620141983032,0.9927802681922913,0.24196961522102356,0.20144715905189514,0.6922250390052795,0.07128526270389557,0.2138408124446869,0.20177268981933594,0.3316141664981842,0.43013304471969604,0.19136710464954376,0.19314348697662354,0.6619967818260193,0.05811893567442894,0.16680817306041718,0.19545990228652954,0.35004279017448425,0.3135756254196167,0.18442660570144653,0.19574105739593506,0.6684245467185974,0.06460269540548325,0.16046759486198425,0.2409892976284027,0.3437615633010864,0.30715981125831604,0.1961931437253952,0.2104627788066864,0.6783460378646851,0.07322650402784348,0.16449666023254395,0.24708375334739685,0.33269762992858887,0.3491802215576172,0.17593048512935638,0.5990620851516724,0.2249719798564911,0.9985508322715759,0.1532568633556366,0.6031715869903564,-0.2250058948993683,0.9993701577186584,0.22526809573173523,0.7636735439300537,0.33222469687461853,0.40835991501808167,0.1911349892616272,0.7932308912277222,-0.014022529125213623,0.9849387407302856,0.18906371295452118,0.9253944158554077,0.4694546163082123,0.7001656889915466,0.14513763785362244,0.9692442417144775,0.1043037474155426,0.9739999771118164,0.1568482667207718,0.9518804550170898,0.47813254594802856,0.7918034195899963,0.11605067551136017,0.9849337935447693,0.11093146353960037,0.9628075361251831,0.31359174847602844,0.9521603584289551,0.3807064890861511,0.7888692021369934,0.2914813756942749,0.9749687910079956,-0.07336083054542542,0.9506841897964478
U19_v1,302,1,0.3049621284008026,0.26542237401008606,-0.1714630126953125,0.9999641180038452,0.2953566312789917,0.25021761655807495,-0.15411081910133362,0.9999099969863892,0.29308873414993286,0.249555766582489,-0.1541450470685959,0.9998664855957031,0.29054808616638184,0.24877703189849854,-0.15411442518234253,0.9999003410339355,0.29087358713150024,0.24961435794830322,-0.21997487545013428,0.9999164342880249,0.28502199053764343,0.24853208661079407,-0.22000166773796082,0.9999117851257324,0.2775478661060333,0.2470613718032837,-0.2197856605052948,0.999936580657959,0.2524539828300476,0.24964791536331177,-0.0011464380659162998,0.999967098236084,0.23438823223114014,0.24763506650924683,-0.3145911693572998,0.9999682903289795,0.2925582528114319,0.27759259939193726,-0.10934647172689438,0.9999531507492065,0.28488022089004517,0.2764506936073303,-0.19916118681430817,0.9999637603759766,0.23010697960853577,0.3267509937286377,0.14930735528469086,0.997397780418396,0.16437876224517822,0.3086571991443634,-0.35289832949638367,0.9997138381004333,0.34518903493881226,0.2248114049434662,0.4406382143497467,0.42098814249038696,0.3176817297935486,0.20252910256385803,-0.34041833877563477,0.9910420179367065,0.2283884882926941,0.18951717019081116,0.6745820641517639,0.07551337778568268,0.19998319447040558,0.19175609946250916,0.3554117977619171,0.43411657214164734,0.187954843044281,0.18021094799041748,0.6470890045166016,0.06215588375926018,0.1616257131099701,0.18464604020118713,0.37748390436172485,0.32093721628189087,0.1791834980249405,0.18811625242233276,0.6598673462867737,0.06747130304574966,0.15515092015266418,0.1974773406982422,0.37252485752105713,0.31112590432167053,0.1873447746038437,0.19376206398010254,0.6635186076164246,0.07689646631479263,0.16521568596363068,0.20134946703910828,0.3566358983516693,0.35552987456321716,0.17447826266288757,0.5987959504127502,0.2195204645395279,0.9976522326469421,0.15123045444488525,0.6023565530776978,-0.2195262908935547,0.9992107152938843,0.22211872041225433,0.7630642056465149,0.3834623396396637,0.5076895952224731,0.18128123879432678,0.797580897808075,0.005172282457351685,0.9884346723556519,0.19320687651634216,0.9196144342422485,0.5698471069335938,0.7480298280715942,0.1271832138299942,0.9728165864944458,0.13232684135437012,0.9808245897293091,0.15882503986358643,0.9447345733642578,0.5839307308197021,0.8057777285575867,0.09715615212917328,0.9882466793060303,0.13940437138080597,0.9653433561325073,0.3134676218032837,0.9510183334350586,0.49569159746170044,0.8202021718025208,0.2543990910053253,1.0300813913345337,-0.06292025744915009,0.9576526284217834
U19_v1,303,1,0.3113645613193512,0.26504847407341003,-0.1851367950439453,0.9999464750289917,0.2995520532131195,0.24769917130470276,-0.17007891833782196,0.9998750686645508,0.296753466129303,0.2469249963760376,-0.17010124027729034,0.9998189806938171,0.2936389744281769,0.24611392617225647,-0.1700657308101654,0.9998618364334106,0.2956773638725281,0.24721848964691162,-0.23703792691230774,0.999881386756897,0.2897883653640747,0.24615362286567688,-0.23705853521823883,0.9998732805252075,0.2823489010334015,0.24480873346328735,-0.2368348240852356,0.9999068975448608,0.2521374821662903,0.24700462818145752,-0.023423748090863228,0.9999563694000244,0.23771251738071442,0.2455499768257141,-0.3412935733795166,0.9999532699584961,0.29824548959732056,0.2769177258014679,-0.12497655302286148,0.9999395608901978,0.29062619805336,0.2759394347667694,-0.21566742658615112,0.9999527931213379,0.22337907552719116,0.3227587938308716,0.13014759123325348,0.9967922568321228,0.1730034053325653,0.30832773447036743,-0.38354387879371643,0.9996488094329834,0.32982489466667175,0.2247655987739563,0.429325133562088,0.3750802278518677,0.3173310160636902,0.19840621948242188,-0.3907875716686249,0.9898681640625,0.22260113060474396,0.19549405574798584,0.655256450176239,0.06319814920425415,0.19966459274291992,0.18761587142944336,0.2531045377254486,0.4243917167186737,0.18509258329868317,0.18245857954025269,0.6227392554283142,0.053813155740499496,0.16260303556919098,0.1822151243686676,0.2663971781730652,0.3177742660045624,0.17612622678279877,0.19262224435806274,0.6234279274940491,0.05961330607533455,0.15356478095054626,0.20419278740882874,0.25957414507865906,0.3116782009601593,0.1829354614019394,0.1971043050289154,0.6387267708778381,0.06837017834186554,0.1638948917388916,0.2050105631351471,0.2530820369720459,0.3537745177745819,0.1706952154636383,0.6001878380775452,0.2231464982032776,0.996908962726593,0.154801607131958,0.6048583388328552,-0.22315792739391327,0.9990608096122742,0.2165779322385788,0.7620195746421814,0.4113754630088806,0.40362462401390076,0.18120823800563812,0.7991071939468384,0.020888403058052063,0.9835177659988403,0.18776622414588928,0.9117324948310852,0.6181504130363464,0.668709397315979,0.12210509181022644,0.9692984223365784,0.16536962985992432,0.970452070236206,0.15652167797088623,0.9299782514572144,0.6342973709106445,0.774834394454956,0.09120044112205505,0.984074592590332,0.17464204132556915,0.9583484530448914,0.301481693983078,0.9452940225601196,0.5550598502159119,0.7545373439788818,0.254302442073822,1.0239169597625732,-0.021581312641501427,0.9345783591270447
U19_v1,304,1,0.3228348195552826,0.26279640197753906,-0.1747783124446869,0.9999078512191772,0.3115302324295044,0.24752038717269897,-0.1587381213903427,0.9998039603233337,0.3089555501937866,0.24705886840820312,-0.15881825983524323,0.9997251629829407,0.3062124252319336,0.24657580256462097,-0.15883386135101318,0.9997921586036682,0.3063506782054901,0.24658793210983276,-0.22351539134979248,0.9998155236244202,0.29998311400413513,0.2455262839794159,-0.22351796925067902,0.9998176693916321,0.29285138845443726,0.24438607692718506,-0.2233269214630127,0.9998655319213867,0.2651911973953247,0.2481861710548401,-0.012200250290334225,0.99992835521698,0.24823738634586334,0.24650293588638306,-0.3202483355998993,0.9999172687530518,0.3090989589691162,0.2755984961986542,-0.11420992761850357,0.9998905658721924,0.3009195029735565,0.2742193043231964,-0.2022516280412674,0.999910831451416,0.22552281618118286,0.3188040852546692,0.1437656283378601,0.9957332015037537,0.1765383630990982,0.3070095181465149,-0.3646923005580902,0.999554455280304,0.34769207239151,0.2270629107952118,0.4413159191608429,0.34536758065223694,0.3286662697792053,0.20433709025382996,-0.41008055210113525,0.9846840500831604,0.23493699729442596,0.1829681694507599,0.648945689201355,0.0795692652463913,0.2060588151216507,0.1785169243812561,0.11340303719043732,0.5764977335929871,0.18996447324752808,0.16856276988983154,0.6134364604949951,0.06882940232753754,0.16492050886154175,0.1650485396385193,0.11120084673166275,0.48450884222984314,0.17228291928768158,0.17502069473266602,0.6180547475814819,0.07452011853456497,0.14710891246795654,0.1767009198665619,0.0841207429766655,0.4762313663959503,0.18829362094402313,0.18262848258018494,0.6353748440742493,0.08400166034698486,0.1559356451034546,0.18145734071731567,0.10459443926811218,0.5024043917655945,0.17505261301994324,0.5893332958221436,0.22351840138435364,0.9971272349357605,0.15324875712394714,0.5953990817070007,-0.22347386181354523,0.9990720748901367,0.22710669040679932,0.7549628019332886,0.3955164849758148,0.5284714698791504,0.18798145651817322,0.7915252447128296,0.001857089577242732,0.9865632057189941,0.17867542803287506,0.9031216502189636,0.5848109722137451,0.7509788274765015,0.11639384925365448,0.9654808640480042,0.12395694106817245,0.9764260649681091,0.14603593945503235,0.930935263633728,0.5973272323608398,0.8210042715072632,0.08317111432552338,0.9823663234710693,0.12941257655620575,0.962739884853363,0.27095359563827515,0.9361439347267151,0.5190601944923401,0.815294086933136,0.22683674097061157,0.9744449853897095,-0.07091137766838074,0.9503573775291443
U19_v1,305,1,0.305930495262146,0.2582748234272003,-0.17445489764213562,0.9999333620071411,0.29515987634658813,0.2417152225971222,-0.1598471701145172,0.9998524188995361,0.2922530472278595,0.2409243881702423,-0.15991665422916412,0.9997822642326355,0.28900033235549927,0.239904522895813,-0.15991899371147156,0.9998414516448975,0.29179689288139343,0.24096879363059998,-0.22336889803409576,0.999855637550354,0.28535333275794983,0.23958048224449158,-0.22339190542697906,0.9998453855514526,0.27902597188949585,0.2380339503288269,-0.22320222854614258,0.9998905658721924,0.2493228018283844,0.24119243025779724,-0.01845010370016098,0.9999492168426514,0.23640653491020203,0.23955038189888,-0.3213854134082794,0.9999345541000366,0.29264238476753235,0.2715857923030853,-0.11659995466470718,0.9999257326126099,0.28650885820388794,0.2703728675842285,-0.20316463708877563,0.9999384880065918,0.2122611403465271,0.31780776381492615,0.12795889377593994,0.9963212013244629,0.17023047804832458,0.3032435476779938,-0.36735573410987854,0.9995571970939636,0.3575218915939331,0.209640234708786,0.4440626800060272,0.36382442712783813,0.32744789123535156,0.19643071293830872,-0.38092151284217834,0.9850509166717529,0.22827057540416718,0.18581095337867737,0.7142122983932495,0.0638861432671547,0.19873209297657013,0.18191203474998474,0.25633466243743896,0.40867337584495544,0.18313665688037872,0.17168903350830078,0.6880577802658081,0.05483965575695038,0.1630459874868393,0.17014914751052856,0.2694628834724426,0.3158831298351288,0.17419837415218353,0.18012920022010803,0.6923602819442749,0.05999518930912018,0.14799609780311584,0.18488910794258118,0.2529301047325134,0.30880582332611084,0.18917275965213776,0.18711066246032715,0.7008582949638367,0.06785500049591064,0.1649625152349472,0.19117030501365662,0.2521001100540161,0.34900376200675964,0.1737789809703827,0.5903581976890564,0.22084718942642212,0.9973172545433044,0.15285558998584747,0.5963545441627502,-0.22090111672878265,0.9990777969360352,0.22343598306179047,0.7589812278747559,0.40512290596961975,0.4650786519050598,0.18447303771972656,0.7947461605072021,0.02090175822377205,0.9841402769088745,0.18096941709518433,0.9127312898635864,0.6184166073799133,0.6900962591171265,0.12340664863586426,0.9678167700767517,0.16246913373470306,0.9708192944526672,0.14570936560630798,0.9343332052230835,0.6350852847099304,0.7774375081062317,0.0834202989935875,0.9862295389175415,0.17133547365665436,0.9572104811668396,0.2825685143470764,0.9347424507141113,0.5564290285110474,0.7617819905281067,0.2461748570203781,1.0204172134399414,-0.024578865617513657,0.9362108111381531
U19_v1,306,1,0.31741464138031006,0.26145634055137634,-0.17311051487922668,0.9999046325683594,0.30528682470321655,0.24465355277061462,-0.1587214469909668,0.9998030066490173,0.3022863566875458,0.2438100278377533,-0.15879593789577484,0.9997171759605408,0.29921311140060425,0.2429806888103485,-0.15880215167999268,0.9997847676277161,0.3015705347061157,0.24417859315872192,-0.22350943088531494,0.9998044371604919,0.2956737279891968,0.24303001165390015,-0.22348017990589142,0.9997949004173279,0.28936323523521423,0.24184545874595642,-0.2232554852962494,0.9998449087142944,0.258211612701416,0.24494031071662903,-0.013352222740650177,0.9999319314956665,0.24379557371139526,0.24353772401809692,-0.32271960377693176,0.9999123811721802,0.302141398191452,0.27378883957862854,-0.11282622069120407,0.999896764755249,0.2946828603744507,0.27348700165748596,-0.20122380554676056,0.9999163150787354,0.21160505712032318,0.3169160485267639,0.13160592317581177,0.9955962300300598,0.18394255638122559,0.30455461144447327,-0.3549559712409973,0.9994829893112183,0.33471769094467163,0.2253960371017456,0.4393922686576843,0.2984258234500885,0.32508236169815063,0.19728240370750427,-0.40413421392440796,0.9840002655982971,0.2162637710571289,0.1848951280117035,0.6403876543045044,0.06507693231105804,0.19898870587348938,0.17485615611076355,0.135981485247612,0.4715528190135956,0.17405982315540314,0.1708325743675232,0.6010710000991821,0.060049548745155334,0.15933473408222198,0.1631552278995514,0.13772045075893402,0.3898172378540039,0.16615840792655945,0.17825257778167725,0.6004971265792847,0.06595588475465775,0.14231346547603607,0.17395934462547302,0.11480259895324707,0.3834288418292999,0.18550345301628113,0.18618476390838623,0.6244766712188721,0.07441966980695724,0.15224586427211761,0.17829665541648865,0.1288650631904602,0.4179379343986511,0.16590958833694458,0.591833233833313,0.21504712104797363,0.995762288570404,0.15581366419792175,0.5996124744415283,-0.21509933471679688,0.9986680746078491,0.21346694231033325,0.7621201276779175,0.3895992636680603,0.43424367904663086,0.1850576400756836,0.7960903644561768,-0.009220808744430542,0.9779892563819885,0.18125544488430023,0.9080960750579834,0.5724050402641296,0.6461913585662842,0.11505356431007385,0.9710742831230164,0.11348457634449005,0.9561052322387695,0.14369873702526093,0.933485746383667,0.5843757390975952,0.7540115714073181,0.07655064761638641,0.9871254563331604,0.120048388838768,0.9436590671539307,0.2759914994239807,0.9403501749038696,0.503261387348175,0.7246131300926208,0.23382684588432312,1.0253143310546875,-0.08102115988731384,0.90765780210495
U19_v1,307,1,0.31431156396865845,0.26015704870224,-0.14481022953987122,0.9999152421951294,0.3036680817604065,0.2437162697315216,-0.133989155292511,0.9998249411582947,0.30073750019073486,0.24344542622566223,-0.13405092060565948,0.9997419714927673,0.29778242111206055,0.24285194277763367,-0.13403932750225067,0.9998056292533875,0.3009486198425293,0.24317103624343872,-0.1959441751241684,0.9998148083686829,0.2958219647407532,0.24204295873641968,-0.19592171907424927,0.99980229139328,0.2903667092323303,0.2408604919910431,-0.1956930309534073,0.9998471736907959,0.25798845291137695,0.2442951500415802,-0.004255941603332758,0.999937891960144,0.24954448640346527,0.24233564734458923,-0.30289188027381897,0.9999080896377563,0.29926031827926636,0.2727607488632202,-0.09055331349372864,0.999911904335022,0.29387855529785156,0.2716539800167084,-0.17559918761253357,0.9999278783798218,0.2011364996433258,0.3156740367412567,0.12883175909519196,0.9961677193641663,0.19282537698745728,0.2994593381881714,-0.3361489772796631,0.9994840621948242,0.31940194964408875,0.22761502861976624,0.46368125081062317,0.27831658720970154,0.3328929543495178,0.19406786561012268,-0.35485997796058655,0.9779828786849976,0.22766046226024628,0.18558278679847717,0.6936053037643433,0.06374384462833405,0.20802247524261475,0.17515233159065247,0.25811660289764404,0.40844541788101196,0.18495579063892365,0.17104533314704895,0.6613671779632568,0.06360823661088943,0.1654455065727234,0.16966396570205688,0.2767496109008789,0.34657904505729675,0.17953240871429443,0.18085810542106628,0.6574580669403076,0.06959566473960876,0.15292415022850037,0.17754215002059937,0.24831123650074005,0.34159865975379944,0.188765287399292,0.19265800714492798,0.6781479120254517,0.07717352360486984,0.16099387407302856,0.18497031927108765,0.2518358528614044,0.38551658391952515,0.1539076268672943,0.5887327194213867,0.2108619213104248,0.996374785900116,0.16327336430549622,0.5979267954826355,-0.21107539534568787,0.9986605644226074,0.20135675370693207,0.7594355344772339,0.39422449469566345,0.3511606752872467,0.18606002628803253,0.7879999876022339,0.012717721983790398,0.96584153175354,0.16974322497844696,0.9031267166137695,0.5719810724258423,0.554948627948761,0.11538513004779816,0.9559721946716309,0.149532750248909,0.9264788031578064,0.13344846665859222,0.9272974729537964,0.5845766067504883,0.7093481421470642,0.07496064901351929,0.9804447889328003,0.16052788496017456,0.9299101829528809,0.2682724595069885,0.9351615309715271,0.5195739269256592,0.6307671666145325,0.23569561541080475,1.0053575038909912,-0.0072702704928815365,0.8558400869369507
U19_v1,308,1,0.3159530460834503,0.26256024837493896,-0.16744492948055267,0.9999078512191772,0.30060631036758423,0.24615973234176636,-0.1554235816001892,0.99981290102005,0.29692989587783813,0.24519455432891846,-0.15548834204673767,0.9997324347496033,0.2933816611766815,0.24431300163269043,-0.15546414256095886,0.999790608882904,0.29775089025497437,0.2457694709300995,-0.21939904987812042,0.9998142123222351,0.292339026927948,0.24465703964233398,-0.2193821370601654,0.9998125433921814,0.286304771900177,0.24347400665283203,-0.21912629902362823,0.9998553991317749,0.25404781103134155,0.24530524015426636,-0.017893297597765923,0.9999305009841919,0.24340678751468658,0.24490123987197876,-0.32356005907058716,0.9999148845672607,0.3016197085380554,0.2742244005203247,-0.10891859233379364,0.9999017715454102,0.2958837151527405,0.27322348952293396,-0.19602574408054352,0.9999244213104248,0.20233771204948425,0.31557562947273254,0.12215659767389297,0.9962106943130493,0.19174788892269135,0.30193057656288147,-0.3626411259174347,0.999519944190979,0.3139362633228302,0.21979808807373047,0.42406412959098816,0.3120024800300598,0.33159998059272766,0.19684848189353943,-0.4288387596607208,0.983442485332489,0.2068173587322235,0.18099430203437805,0.5740450620651245,0.08076562732458115,0.19435375928878784,0.1750819981098175,0.0739758312702179,0.5542098879814148,0.1678282767534256,0.17167773842811584,0.5271168947219849,0.07860429584980011,0.15621022880077362,0.16417422890663147,0.07020340859889984,0.4737366735935211,0.1624697893857956,0.1746019721031189,0.5185918807983398,0.08574540168046951,0.14425358176231384,0.16982674598693848,0.03987915441393852,0.4656468331813812,0.17826484143733978,0.18607312440872192,0.5548245310783386,0.09470091760158539,0.15190242230892181,0.17772436141967773,0.06458775699138641,0.4974935054779053,0.15582367777824402,0.5890282392501831,0.2164495289325714,0.996874213218689,0.16232912242412567,0.5996034741401672,-0.2165607362985611,0.9988905787467957,0.19565241038799286,0.7628403902053833,0.38009512424468994,0.4065609574317932,0.1813720464706421,0.7886838316917419,0.0012228813720867038,0.9745699763298035,0.1675499975681305,0.9053288102149963,0.5524774789810181,0.6215031147003174,0.11207425594329834,0.9563931822776794,0.13170406222343445,0.9484811425209045,0.13369612395763397,0.9281668663024902,0.5628427863121033,0.7520676255226135,0.07432087510824203,0.9810185432434082,0.14003945887088776,0.9454439282417297,0.27101999521255493,0.9355200529098511,0.4863499402999878,0.6937351822853088,0.2355925440788269,1.0016207695007324,-0.03741881623864174,0.8977793455123901
U19_v1,309,1,0.3090812563896179,0.26082339882850647,-0.16422173380851746,0.9999086856842041,0.2960588037967682,0.2467261552810669,-0.1499284952878952,0.9998165965080261,0.293134868144989,0.24612635374069214,-0.14998158812522888,0.9997279047966003,0.28997188806533813,0.2454724907875061,-0.14995154738426208,0.9997972846031189,0.2932778596878052,0.24640795588493347,-0.21304868161678314,0.9998242259025574,0.2881259322166443,0.24561265110969543,-0.21303988993167877,0.9998175501823425,0.28237706422805786,0.24472233653068542,-0.2128024846315384,0.9998676776885986,0.250572144985199,0.24693989753723145,-0.008594685234129429,0.9999338388442993,0.2414831817150116,0.24665939807891846,-0.3092266321182251,0.9999271631240845,0.29645365476608276,0.2722855806350708,-0.10536807030439377,0.9999090433120728,0.29096224904060364,0.2714118957519531,-0.1909695267677307,0.9999291896820068,0.21133148670196533,0.31858301162719727,0.13409435749053955,0.9966739416122437,0.18741971254348755,0.30442461371421814,-0.35100603103637695,0.9996047616004944,0.3439044952392578,0.22070705890655518,0.41483747959136963,0.36394932866096497,0.3243141770362854,0.19769468903541565,-0.41304415464401245,0.9875217080116272,0.2106671929359436,0.18110090494155884,0.5654588937759399,0.07996562868356705,0.1824256032705307,0.1720457375049591,0.08151821792125702,0.5603384375572205,0.17341484129428864,0.16966941952705383,0.5183750987052917,0.07157339155673981,0.14706341922283173,0.16451475024223328,0.0757521465420723,0.46105045080184937,0.16348925232887268,0.17583903670310974,0.5169833302497864,0.07790031284093857,0.1301274299621582,0.17022833228111267,0.04779860004782677,0.4536413550376892,0.17756763100624084,0.18573817610740662,0.5485345125198364,0.08728166669607162,0.14677055180072784,0.17922037839889526,0.07112591713666916,0.49266430735588074,0.15575703978538513,0.5850728154182434,0.2151697725057602,0.9965789914131165,0.16569332778453827,0.5941994786262512,-0.21521718800067902,0.9987474679946899,0.19373053312301636,0.7565173506736755,0.35807397961616516,0.34851112961769104,0.186423659324646,0.7849622964859009,-0.02039308473467827,0.9645954370498657,0.16341754794120789,0.9050958156585693,0.5142339468002319,0.5441238880157471,0.11761198937892914,0.9540562629699707,0.09978771209716797,0.9230512976646423,0.13146378099918365,0.9291769862174988,0.5232829451560974,0.7069777846336365,0.08265358954668045,0.9797203540802002,0.10711249709129333,0.928889811038971,0.2648932933807373,0.928491473197937,0.4452623724937439,0.6235980987548828,0.24182114005088806,0.9721507430076599,-0.07367467135190964,0.8598518371582031
U19_v1,310,1,0.30186235904693604,0.27253490686416626,-0.1515115201473236,0.9998574256896973,0.29678744077682495,0.2579720914363861,-0.14069689810276031,0.9997332692146301,0.2947620451450348,0.25723809003829956,-0.14078085124492645,0.9995996356010437,0.2926265001296997,0.25633665919303894,-0.1407712697982788,0.9997032284736633,0.2911893129348755,0.2572758197784424,-0.20087029039859772,0.9997187256813049,0.2848013937473297,0.25614500045776367,-0.2008158266544342,0.9996910095214844,0.27718213200569153,0.2547053098678589,-0.20060448348522186,0.9997683167457581,0.2505163848400116,0.254988431930542,-0.006776556372642517,0.9998931884765625,0.2343747317790985,0.25395557284355164,-0.29372963309288025,0.9998620748519897,0.28847646713256836,0.28321078419685364,-0.09343664348125458,0.9998576641082764,0.28048214316368103,0.28190866112709045,-0.17517784237861633,0.9998788833618164,0.20636069774627686,0.3177510201931,0.1356784701347351,0.9972280859947205,0.18199829757213593,0.30321744084358215,-0.3325352072715759,0.9994813799858093,0.341667115688324,0.22426819801330566,0.39858853816986084,0.3511204123497009,0.31292200088500977,0.19946330785751343,-0.39189577102661133,0.9801154136657715,0.21708305180072784,0.183546781539917,0.5339906811714172,0.09540901333093643,0.1852089911699295,0.1749255359172821,0.09039457887411118,0.5441907644271851,0.1731417179107666,0.1718045473098755,0.48859450221061707,0.08613758534193039,0.14723849296569824,0.166558176279068,0.08912719786167145,0.4601292312145233,0.16237416863441467,0.17744603753089905,0.4871549904346466,0.0930803045630455,0.12882490456104279,0.17350983619689941,0.05725635588169098,0.4531557857990265,0.17142105102539062,0.1822282373905182,0.5176698565483093,0.10324250161647797,0.13511322438716888,0.18187329173088074,0.07969888299703598,0.49207770824432373,0.14526477456092834,0.5836616158485413,0.2051292359828949,0.9973043203353882,0.15712131559848785,0.5928278565406799,-0.2053358405828476,0.9988225102424622,0.18411792814731598,0.7569795846939087,0.346783846616745,0.3429025113582611,0.18518812954425812,0.7827398777008057,-0.016714410856366158,0.9536945819854736,0.15583530068397522,0.9089611768722534,0.4918980002403259,0.52793949842453,0.12760010361671448,0.9455060958862305,0.11325728893280029,0.9045366644859314,0.12771716713905334,0.9272003173828125,0.49999552965164185,0.7082398533821106,0.08379828929901123,0.971096396446228,0.12379980087280273,0.9226541519165039,0.23923254013061523,0.9337798357009888,0.42604270577430725,0.592566192150116,0.21861813962459564,0.9915372133255005,-0.034457992762327194,0.8332179188728333
U19_v1,311,1,0.2933688759803772,0.2698642611503601,-0.17373713850975037,0.9999284744262695,0.2891651391983032,0.253805011510849,-0.16042669117450714,0.999842643737793,0.2883022725582123,0.253124862909317,-0.16047461330890656,0.9997606873512268,0.2873314619064331,0.25217846035957336,-0.16044998168945312,0.9998288154602051,0.28126609325408936,0.2526758015155792,-0.22311308979988098,0.9998435974121094,0.2744525074958801,0.2511979639530182,-0.22314201295375824,0.99982088804245,0.26727327704429626,0.24932315945625305,-0.22294184565544128,0.9998719692230225,0.24824997782707214,0.24951976537704468,-0.012312643229961395,0.9999383687973022,0.22715502977371216,0.24699300527572632,-0.3100385069847107,0.9999324083328247,0.2835942506790161,0.2816048860549927,-0.11216327548027039,0.9999213218688965,0.27253082394599915,0.2795638144016266,-0.19700925052165985,0.9999414682388306,0.21096403896808624,0.3185320794582367,0.1442907303571701,0.9976109266281128,0.16588963568210602,0.30067336559295654,-0.3488284945487976,0.9996414184570312,0.36812785267829895,0.22359216213226318,0.4291040301322937,0.4105500280857086,0.3104400634765625,0.1932835578918457,-0.36705467104911804,0.9890986680984497,0.22874589264392853,0.19249793887138367,0.6462377905845642,0.06743127107620239,0.17838054895401,0.1844630241394043,0.26599809527397156,0.34341245889663696,0.18723319470882416,0.17637059092521667,0.6135712265968323,0.05822833627462387,0.14225265383720398,0.17866024374961853,0.28457120060920715,0.24700720608234406,0.18092863261699677,0.18285393714904785,0.6152080297470093,0.06370243430137634,0.12816525995731354,0.18689221143722534,0.2729679346084595,0.2419547736644745,0.1903083771467209,0.1950339376926422,0.631084680557251,0.07187943160533905,0.1446572244167328,0.20270749926567078,0.26394617557525635,0.2916184663772583,0.1551845669746399,0.5791958570480347,0.2196848839521408,0.9962517619132996,0.15185706317424774,0.5852247476577759,-0.21978479623794556,0.9985032081604004,0.1886873096227646,0.7563292384147644,0.3361549377441406,0.3491787016391754,0.18395328521728516,0.7781709432601929,-0.040664445608854294,0.9733120799064636,0.1503746211528778,0.9153234362602234,0.4745708107948303,0.583683431148529,0.11872655153274536,0.9557678699493408,0.06300954520702362,0.9450693130493164,0.11287640780210495,0.9362710118293762,0.48315757513046265,0.7326571345329285,0.07104296237230301,0.9816266298294067,0.06905040889978409,0.9397619962692261,0.25518369674682617,0.9390302896499634,0.40146106481552124,0.6698033809661865,0.2223743498325348,1.0051127672195435,-0.1078186184167862,0.8919819593429565
U19_v1,312,1,0.29567521810531616,0.2738009989261627,-0.16104160249233246,0.9999375343322754,0.2952600121498108,0.2578544318675995,-0.14686425030231476,0.9998646974563599,0.29491233825683594,0.2571803629398346,-0.14691126346588135,0.9997950196266174,0.29399174451828003,0.2562718391418457,-0.14685511589050293,0.9998505115509033,0.28607940673828125,0.25641968846321106,-0.20815876126289368,0.9998680353164673,0.2792057394981384,0.2547917068004608,-0.20823189616203308,0.9998499155044556,0.27205413579940796,0.2528839707374573,-0.2080497145652771,0.9998918771743774,0.2562229037284851,0.2516428530216217,0.0002757985203061253,0.9999415874481201,0.23199832439422607,0.2486480176448822,-0.2907731533050537,0.9999402761459351,0.28518521785736084,0.28436678647994995,-0.09973236173391342,0.999921441078186,0.2739740014076233,0.2822871506214142,-0.18288490176200867,0.9999431371688843,0.21399107575416565,0.31908631324768066,0.1542186439037323,0.9978522062301636,0.1655757874250412,0.3023304343223572,-0.329903244972229,0.9996898174285889,0.3620322644710541,0.22525042295455933,0.4276443123817444,0.44021135568618774,0.311441034078598,0.19394776225090027,-0.3488902449607849,0.9877213835716248,0.23236361145973206,0.1917993724346161,0.628350019454956,0.09077446162700653,0.17675121128559113,0.18303945660591125,0.27271899580955505,0.36320960521698,0.18904627859592438,0.17618831992149353,0.5935149788856506,0.07853292673826218,0.14258769154548645,0.17699366807937622,0.29329192638397217,0.2680591344833374,0.17238135635852814,0.17967477440834045,0.5957129597663879,0.08471523225307465,0.12805891036987305,0.18418031930923462,0.2778729200363159,0.26086190342903137,0.1914215385913849,0.18711742758750916,0.6136350035667419,0.09405705332756042,0.13627858459949493,0.18752723932266235,0.27000856399536133,0.3126787543296814,0.1541639268398285,0.5802194476127625,0.22067807614803314,0.9962801337242126,0.15076316893100739,0.5867928266525269,-0.2209324836730957,0.9986261129379272,0.18915842473506927,0.7561225891113281,0.3259606957435608,0.37349939346313477,0.1820448338985443,0.7801945209503174,-0.06806164979934692,0.9766920804977417,0.15643180906772614,0.9115570783615112,0.44471654295921326,0.6077625751495361,0.11755169928073883,0.9592225551605225,0.014231612905859947,0.9533787369728088,0.11962177604436874,0.9353517293930054,0.45005014538764954,0.7368918061256409,0.07131936401128769,0.9847168922424316,0.01663416437804699,0.9433013200759888,0.25861096382141113,0.9398893713951111,0.3686257600784302,0.7065066695213318,0.25161463022232056,0.9874604940414429,-0.16313207149505615,0.9103782773017883
U19_v1,313,1,0.29062461853027344,0.2783317565917969,-0.11332597583532333,0.9999127388000488,0.2927786111831665,0.26312005519866943,-0.09707098454236984,0.9998241066932678,0.29270970821380615,0.2627160847187042,-0.09712788462638855,0.9997300505638123,0.29267770051956177,0.26216423511505127,-0.09708259254693985,0.9998123049736023,0.28342580795288086,0.2610582411289215,-0.1615487039089203,0.9998317956924438,0.2758108377456665,0.25913509726524353,-0.16159898042678833,0.9998074173927307,0.26834556460380554,0.25699761509895325,-0.1614307165145874,0.9998618364334106,0.25232377648353577,0.2572179138660431,0.04804828763008118,0.9999244213104248,0.227128803730011,0.252704918384552,-0.25760596990585327,0.9999207258224487,0.2795987129211426,0.28933632373809814,-0.052500512450933456,0.9998918771743774,0.26745909452438354,0.2865658104419708,-0.14016073942184448,0.9999198913574219,0.21255692839622498,0.3235318064689636,0.19751209020614624,0.9973723888397217,0.16030028462409973,0.30428656935691833,-0.3073784112930298,0.999624490737915,0.358096182346344,0.23181840777397156,0.4576798379421234,0.411471426486969,0.3050672709941864,0.19571462273597717,-0.3497077226638794,0.9861742258071899,0.22585687041282654,0.19480609893798828,0.6322155594825745,0.08656440675258636,0.17968493700027466,0.1868012249469757,0.21994641423225403,0.3776521682739258,0.18534459173679352,0.17974349856376648,0.5955647230148315,0.07410772889852524,0.14478714764118195,0.17992660403251648,0.23662658035755157,0.2848033905029297,0.17980456352233887,0.18116575479507446,0.601799726486206,0.07886171340942383,0.13770261406898499,0.190647155046463,0.2181023359298706,0.2725558578968048,0.1877167671918869,0.19174829125404358,0.6193349361419678,0.08919595927000046,0.14749713242053986,0.19476565718650818,0.21703751385211945,0.3191604018211365,0.15159465372562408,0.5796355605125427,0.21879959106445312,0.9958972930908203,0.1465604603290558,0.5835115909576416,-0.219061940908432,0.9983306527137756,0.18577840924263,0.7522004246711731,0.29873400926589966,0.32812097668647766,0.17929072678089142,0.7752162218093872,-0.0951630026102066,0.9668388366699219,0.14561323821544647,0.9095332622528076,0.39584624767303467,0.5110228061676025,0.11402197182178497,0.9519023895263672,-0.028602618724107742,0.9294029474258423,0.11261629313230515,0.9292330741882324,0.3985602855682373,0.6668438911437988,0.06527294963598251,0.9818015098571777,-0.028126396238803864,0.9254146218299866,0.2535925805568695,0.93111652135849,0.316547691822052,0.6297698616981506,0.21700581908226013,1.0018913745880127,-0.20943564176559448,0.8777393102645874
U19_v1,314,1,0.28371304273605347,0.2710961699485779,-0.142575204372406,0.9999312162399292,0.27891141176223755,0.25450560450553894,-0.12557613849639893,0.9998486042022705,0.2779271900653839,0.2536018490791321,-0.1256304830312729,0.9997729659080505,0.27684998512268066,0.25225937366485596,-0.12557575106620789,0.9998371601104736,0.2716575860977173,0.253330260515213,-0.18956464529037476,0.9998605251312256,0.2647778391838074,0.25160545110702515,-0.18962179124355316,0.999843955039978,0.2575758397579193,0.24934569001197815,-0.1894695907831192,0.99988853931427,0.23681777715682983,0.24981814622879028,0.02079816907644272,0.9999412298202515,0.21608908474445343,0.24738609790802002,-0.2834833264350891,0.99993896484375,0.27351075410842896,0.28223541378974915,-0.08280891180038452,0.9999181032180786,0.26309362053871155,0.2806202173233032,-0.16954714059829712,0.9999376535415649,0.20214802026748657,0.3214893639087677,0.16148284077644348,0.9971343278884888,0.15729933977127075,0.30210521817207336,-0.33428797125816345,0.9996592998504639,0.35213547945022583,0.22170206904411316,0.419449120759964,0.42191988229751587,0.2981802821159363,0.1935400664806366,-0.35037705302238464,0.9884446859359741,0.2007938176393509,0.18689030408859253,0.6025970578193665,0.07331953197717667,0.16609972715377808,0.18449339270591736,0.2539081573486328,0.38622501492500305,0.15786698460578918,0.1782195270061493,0.5636870861053467,0.062072716653347015,0.12404008954763412,0.1824456751346588,0.27022886276245117,0.28954192996025085,0.148726224899292,0.18361839652061462,0.570692241191864,0.06728934496641159,0.11442036926746368,0.19426751136779785,0.25077372789382935,0.2817085087299347,0.15861111879348755,0.1872236728668213,0.5888906121253967,0.07658210396766663,0.11987966299057007,0.22304114699363708,0.24942515790462494,0.3302655518054962,0.1545538455247879,0.5814688801765442,0.2216426581144333,0.9964098334312439,0.1492488533258438,0.5844443440437317,-0.22174380719661713,0.9987013339996338,0.18676412105560303,0.7519134283065796,0.3490962088108063,0.3137343227863312,0.17863020300865173,0.775993824005127,-0.047427769750356674,0.9680679440498352,0.15209650993347168,0.9075241088867188,0.4970429539680481,0.531578004360199,0.10798852145671844,0.9577193260192871,0.059669360518455505,0.9317721724510193,0.1207033023238182,0.9320144057273865,0.5067766904830933,0.6894202828407288,0.06944756954908371,0.9844506978988647,0.0654209554195404,0.9276466965675354,0.2528556287288666,0.9392569065093994,0.4263667166233063,0.6320146918296814,0.2152668684720993,1.009853482246399,-0.12562693655490875,0.8677355647087097
U19_v1,315,1,0.27074897289276123,0.26198437809944153,-0.1734972596168518,0.9999594688415527,0.26307862997055054,0.24655276536941528,-0.15737326443195343,0.9999045133590698,0.26307111978530884,0.24561387300491333,-0.15738587081432343,0.9998608827590942,0.26284509897232056,0.2443230152130127,-0.15732082724571228,0.999895453453064,0.2530179023742676,0.2456047236919403,-0.2177673727273941,0.9999047517776489,0.24563303589820862,0.2442009150981903,-0.21774277091026306,0.9998936653137207,0.23820677399635315,0.24245068430900574,-0.2175428718328476,0.9999191761016846,0.22903317213058472,0.24307489395141602,-0.003996783401817083,0.9999637603759766,0.19725939631462097,0.2412644922733307,-0.29256150126457214,0.9999608993530273,0.264310359954834,0.2758047580718994,-0.11113227903842926,0.9999535083770752,0.24927622079849243,0.274690181016922,-0.19300107657909393,0.9999605417251587,0.1990584433078766,0.32180699706077576,0.14897653460502625,0.9983949065208435,0.1498212218284607,0.3047584891319275,-0.3347693383693695,0.9997138381004333,0.3281177878379822,0.21934956312179565,0.41249045729637146,0.4798467457294464,0.2969559133052826,0.19898957014083862,-0.3319500684738159,0.9890439510345459,0.21320024132728577,0.18940529227256775,0.6203032732009888,0.0817360207438469,0.18817587196826935,0.19501304626464844,0.33128148317337036,0.3157363533973694,0.16933852434158325,0.18079739809036255,0.586395263671875,0.06822843104600906,0.16007956862449646,0.190715491771698,0.3563762903213501,0.22218406200408936,0.16310225427150726,0.1872827112674713,0.5969656109809875,0.07555273175239563,0.14924488961696625,0.23052218556404114,0.3516610264778137,0.21785984933376312,0.17150519788265228,0.19242069125175476,0.6078376173973083,0.08358009904623032,0.15349797904491425,0.23590785264968872,0.33327019214630127,0.26284176111221313,0.14961470663547516,0.5833563804626465,0.2161065638065338,0.9977759718894958,0.14746390283107758,0.5888927578926086,-0.2162603884935379,0.9989885687828064,0.18394732475280762,0.7545503377914429,0.3642580211162567,0.3427487015724182,0.17237593233585358,0.7792856097221375,-0.002680480247363448,0.9710318446159363,0.15658845007419586,0.9133252501487732,0.5111081600189209,0.6129639744758606,0.10367375612258911,0.9509098529815674,0.1238810196518898,0.9426009058952332,0.11847599595785141,0.9387618899345398,0.5216491222381592,0.7614738345146179,0.06777205318212509,0.9724153876304626,0.1349698156118393,0.9422593712806702,0.24996080994606018,0.9319174885749817,0.44414862990379333,0.6793285012245178,0.21005281805992126,1.004051685333252,-0.026391686871647835,0.8840113282203674
U19_v1,316,1,0.2944261431694031,0.2698281407356262,-0.1106267049908638,0.9999146461486816,0.28760015964508057,0.2546066343784332,-0.09271257370710373,0.9998400211334229,0.2859804630279541,0.25390610098838806,-0.09270655363798141,0.999756395816803,0.28443658351898193,0.25302764773368835,-0.09262511134147644,0.9998327493667603,0.2808520793914795,0.2534034252166748,-0.15840020775794983,0.9998388290405273,0.27397421002388,0.2518980801105499,-0.1583956629037857,0.9998084902763367,0.2665659785270691,0.25008124113082886,-0.15820927917957306,0.9998615980148315,0.24587148427963257,0.2517564296722412,0.051232919096946716,0.9999316930770874,0.22220173478126526,0.2484644651412964,-0.26116424798965454,0.9999229907989502,0.28039252758026123,0.28156590461730957,-0.05242496356368065,0.9999027252197266,0.27048394083976746,0.2801818251609802,-0.1417282670736313,0.9999231100082397,0.20275431871414185,0.3230484127998352,0.18709047138690948,0.997348427772522,0.1570570170879364,0.3063284754753113,-0.31275632977485657,0.999545156955719,0.33020180463790894,0.22588199377059937,0.45599743723869324,0.35848355293273926,0.2918601632118225,0.19802135229110718,-0.32905814051628113,0.9862403273582458,0.19647128880023956,0.1921849548816681,0.6394264698028564,0.0705118477344513,0.18039879202842712,0.1894456446170807,0.3007136583328247,0.3494655191898346,0.15935231745243073,0.18020722270011902,0.6009222269058228,0.061399515718221664,0.13988149166107178,0.18470805883407593,0.3279995918273926,0.26983189582824707,0.1511528491973877,0.18801623582839966,0.6082302927970886,0.06658502668142319,0.1256800889968872,0.19276905059814453,0.3102191984653473,0.2610863149166107,0.16789284348487854,0.19441020488739014,0.6261466145515442,0.07577826082706451,0.1353255659341812,0.19618400931358337,0.30003073811531067,0.30553725361824036,0.14672330021858215,0.5790618658065796,0.21365998685359955,0.9961239695549011,0.14430540800094604,0.5831174254417419,-0.21390047669410706,0.9983966946601868,0.1774648278951645,0.7529778480529785,0.30851849913597107,0.29583266377449036,0.16680249571800232,0.7759921550750732,-0.07693933695554733,0.954253077507019,0.13139352202415466,0.9094492197036743,0.4133341610431671,0.48522743582725525,0.08762884140014648,0.954153299331665,0.0228349007666111,0.892698347568512,0.09475742280483246,0.9343510270118713,0.4174535870552063,0.6654161214828491,0.052464574575424194,0.9739364981651306,0.029021767899394035,0.902164101600647,0.2367134839296341,0.9371575117111206,0.33552175760269165,0.5880582332611084,0.20100048184394836,0.9776913523674011,-0.1440863460302353,0.8193613886833191
U19_v1,317,1,0.2935730516910553,0.26820245385169983,-0.13378678262233734,0.9998966455459595,0.2859176993370056,0.25302034616470337,-0.11695478111505508,0.999799907207489,0.28401485085487366,0.25231102108955383,-0.11695220321416855,0.9996984004974365,0.2822159230709076,0.2514321208000183,-0.11686914414167404,0.9997923970222473,0.28029125928878784,0.2520928978919983,-0.1831413358449936,0.9997959733009338,0.2739963233470917,0.2503747045993805,-0.1831667125225067,0.9997608065605164,0.26717227697372437,0.24871918559074402,-0.18297094106674194,0.9998276233673096,0.24369096755981445,0.2510494589805603,0.026233257725834846,0.9999181032180786,0.22326938807964325,0.24845322966575623,-0.2880161702632904,0.9999030828475952,0.27956902980804443,0.28004220128059387,-0.07595379650592804,0.9998890161514282,0.2707592248916626,0.27887898683547974,-0.1655789166688919,0.9999139308929443,0.19927173852920532,0.3225480318069458,0.1613416075706482,0.9969039559364319,0.16027632355690002,0.306358277797699,-0.3361542522907257,0.9995142221450806,0.3246590793132782,0.2213883101940155,0.4407891631126404,0.3459181785583496,0.29273322224617004,0.19793343544006348,-0.3600786328315735,0.9879230856895447,0.19442635774612427,0.1917489469051361,0.6339561343193054,0.06008225679397583,0.16788733005523682,0.18783730268478394,0.2655101418495178,0.343503475189209,0.1569751501083374,0.18050861358642578,0.5951183438301086,0.05337879806756973,0.13600079715251923,0.18518760800361633,0.2874540388584137,0.2584976553916931,0.1490073800086975,0.188204824924469,0.5963141322135925,0.0585472509264946,0.12175502628087997,0.19337359070777893,0.2744947373867035,0.2513490915298462,0.16493475437164307,0.19913983345031738,0.6178730726242065,0.06682217866182327,0.1298118531703949,0.2023944854736328,0.2651503384113312,0.29429304599761963,0.1461925506591797,0.5777494311332703,0.21803604066371918,0.9963071346282959,0.1461702436208725,0.5826863646507263,-0.21823309361934662,0.9985169768333435,0.17680223286151886,0.7509406805038452,0.32824063301086426,0.2781812846660614,0.16713610291481018,0.7739505171775818,-0.04828353971242905,0.9584838151931763,0.1301140934228897,0.9052846431732178,0.4588485658168793,0.49551400542259216,0.09648212045431137,0.9508280754089355,0.07052013278007507,0.9092242121696472,0.09118957072496414,0.930814802646637,0.4664880335330963,0.685200572013855,0.0522986575961113,0.9728965759277344,0.07847999036312103,0.919536828994751,0.24364979565143585,0.9271314144134521,0.387819766998291,0.6017465591430664,0.21151068806648254,0.9734984636306763,-0.09403667598962784,0.842329204082489
U19_v1,318,1,0.281875878572464,0.26391342282295227,-0.1662740707397461,0.9999488592147827,0.2753988206386566,0.24981221556663513,-0.14895009994506836,0.9998898506164551,0.2725934386253357,0.24861472845077515,-0.148900106549263,0.9998395442962646,0.2712329030036926,0.24724197387695312,-0.1487552374601364,0.9998797178268433,0.26620155572891235,0.24889573454856873,-0.2154267132282257,0.9998928308486938,0.2588011920452118,0.247540682554245,-0.2154637575149536,0.9998761415481567,0.25073882937431335,0.24570485949516296,-0.21529605984687805,0.9999078512191772,0.23201397061347961,0.24473106861114502,-0.0016608270816504955,0.9999514818191528,0.20808503031730652,0.2437012791633606,-0.31802645325660706,0.9999542236328125,0.2693009376525879,0.27813002467155457,-0.1079852432012558,0.9999401569366455,0.2577059268951416,0.27756327390670776,-0.19764681160449982,0.9999539852142334,0.19307978451251984,0.32179173827171326,0.1400936394929886,0.9979745745658875,0.1437552273273468,0.3095502555370331,-0.37095001339912415,0.9996588230133057,0.30135026574134827,0.20820292830467224,0.4021528363227844,0.4258671998977661,0.2557726502418518,0.20047953724861145,-0.31740278005599976,0.9899975061416626,0.1818259060382843,0.1915980577468872,0.6046097278594971,0.07575885951519012,0.17417804896831512,0.2056412398815155,0.45366236567497253,0.27263322472572327,0.14151936769485474,0.18641319870948792,0.570429265499115,0.06520849466323853,0.13420821726322174,0.20449742674827576,0.4997622072696686,0.19118252396583557,0.13714195787906647,0.19343873858451843,0.5735849738121033,0.07338111102581024,0.13825716078281403,0.23983490467071533,0.49270620942115784,0.18868622183799744,0.15725524723529816,0.1989700198173523,0.5883303284645081,0.07990168035030365,0.1408168226480484,0.2444818615913391,0.4597167670726776,0.23798635601997375,0.14480125904083252,0.5849671959877014,0.22466713190078735,0.9973874688148499,0.140935018658638,0.5909778475761414,-0.22484229505062103,0.9989733695983887,0.1747482419013977,0.759813666343689,0.37018561363220215,0.29637742042541504,0.16110381484031677,0.7825349569320679,-0.0295398011803627,0.9671201705932617,0.12998150289058685,0.9115025997161865,0.5152539610862732,0.5836581587791443,0.07903280854225159,0.9587575197219849,0.10590101778507233,0.9277135133743286,0.10022155195474625,0.9310010671615601,0.525402843952179,0.7384200096130371,0.049391008913517,0.9769105911254883,0.11752492934465408,0.9303569197654724,0.2093641757965088,0.940923810005188,0.44870758056640625,0.6594035625457764,0.17883265018463135,1.0148528814315796,-0.04879295825958252,0.8533151149749756
U19_v1,319,1,0.28449589014053345,0.2672486901283264,-0.1417534351348877,0.9999345541000366,0.27896571159362793,0.25141069293022156,-0.12463126331567764,0.9998592138290405,0.2772718369960785,0.250613272190094,-0.12458661943674088,0.9997887015342712,0.2756495475769043,0.2495102882385254,-0.12445290386676788,0.9998466968536377,0.2725825309753418,0.25032657384872437,-0.18695050477981567,0.9998639822006226,0.2648335099220276,0.24872151017189026,-0.18701903522014618,0.9998385906219482,0.2572457194328308,0.24680638313293457,-0.18686233460903168,0.9998846054077148,0.23539325594902039,0.24735966324806213,0.02410888671875,0.9999347925186157,0.21254120767116547,0.24468207359313965,-0.27218425273895264,0.999940037727356,0.27061712741851807,0.27941304445266724,-0.08242598176002502,0.999915361404419,0.26050275564193726,0.27812084555625916,-0.16668082773685455,0.9999392032623291,0.19837422668933868,0.31922924518585205,0.16744861006736755,0.9976320266723633,0.13926346600055695,0.305270254611969,-0.3150023818016052,0.9996477365493774,0.3221668004989624,0.21666166186332703,0.42796212434768677,0.41237086057662964,0.25660860538482666,0.19930040836334229,-0.30198580026626587,0.9887450337409973,0.18447338044643402,0.19265133142471313,0.6011978387832642,0.06574078649282455,0.15966835618019104,0.19924286007881165,0.3843116760253906,0.2482336163520813,0.14483289420604706,0.18603351712226868,0.5624932646751404,0.05787404254078865,0.1326189637184143,0.19922617077827454,0.41740626096725464,0.17858637869358063,0.13742822408676147,0.1929909586906433,0.5649820566177368,0.06410592794418335,0.11388363689184189,0.21107015013694763,0.4115530252456665,0.17521807551383972,0.15669336915016174,0.19851908087730408,0.5850231051445007,0.07188805192708969,0.12704846262931824,0.23813128471374512,0.3879494369029999,0.2197359949350357,0.14096136391162872,0.5800215005874634,0.2144288271665573,0.9960783123970032,0.13784170150756836,0.5846145153045654,-0.2147444784641266,0.9986270666122437,0.1710512340068817,0.7479751706123352,0.3353266716003418,0.25640788674354553,0.1590597927570343,0.7724664211273193,-0.05294815078377724,0.9562250971794128,0.12972697615623474,0.8998779058456421,0.4567964971065521,0.5015872120857239,0.09101719409227371,0.9495105743408203,0.056661296635866165,0.912060022354126,0.10000205039978027,0.9309273958206177,0.4634588658809662,0.6924179196357727,0.04195115715265274,0.975369930267334,0.06456512957811356,0.9175332188606262,0.2203725278377533,0.9305902719497681,0.38230276107788086,0.6120477914810181,0.17939960956573486,1.0022175312042236,-0.10592342168092728,0.8356100916862488
U19_v1,320,1,0.3056079149246216,0.26776689291000366,-0.15384532511234283,0.9999446868896484,0.2959481179714203,0.2532287836074829,-0.13540486991405487,0.9998877048492432,0.29317671060562134,0.25267672538757324,-0.13540145754814148,0.9998295307159424,0.2902570366859436,0.2520202696323395,-0.13531534373760223,0.9998822212219238,0.2906442880630493,0.251682847738266,-0.20432685315608978,0.999879002571106,0.28405576944351196,0.25019219517707825,-0.20434708893299103,0.9998610019683838,0.27694523334503174,0.24855226278305054,-0.20409391820430756,0.9999009370803833,0.24546141922473907,0.251544326543808,0.01656314544379711,0.9999496936798096,0.22958588600158691,0.24854221940040588,-0.31097671389579773,0.9999446868896484,0.28746065497398376,0.2797756791114807,-0.09315909445285797,0.9999401569366455,0.27894896268844604,0.2779026925563812,-0.1863100379705429,0.999953031539917,0.20497755706310272,0.32305967807769775,0.15760831534862518,0.9982684850692749,0.16057412326335907,0.31265750527381897,-0.3522624671459198,0.9996510744094849,0.3172295093536377,0.22350671887397766,0.4578002691268921,0.36894455552101135,0.2853025197982788,0.20485249161720276,-0.36937767267227173,0.9897356033325195,0.21086335182189941,0.19479277729988098,0.6491086483001709,0.062468379735946655,0.17995183169841766,0.19174304604530334,0.25945422053337097,0.3982011675834656,0.1609332263469696,0.18828201293945312,0.6099763512611389,0.05614569038152695,0.14292243123054504,0.19039401412010193,0.28038182854652405,0.3021411895751953,0.15426398813724518,0.1962195634841919,0.6092424988746643,0.062243860214948654,0.1269070953130722,0.19671770930290222,0.26352664828300476,0.29687005281448364,0.17608636617660522,0.20351552963256836,0.6314273476600647,0.0704502984881401,0.13529735803604126,0.20588409900665283,0.25771743059158325,0.34153279662132263,0.14620761573314667,0.5949939489364624,0.22196625173091888,0.9978851675987244,0.1395713984966278,0.5988869071006775,-0.22214271128177643,0.9990026354789734,0.16275569796562195,0.7627244591712952,0.3470638394355774,0.2669910788536072,0.1556435376405716,0.7854838371276855,-0.01919192634522915,0.9588967561721802,0.11983980983495712,0.9149285554885864,0.4686252772808075,0.5360856056213379,0.09306897222995758,0.9509354829788208,0.11127596348524094,0.9179366230964661,0.08808630704879761,0.9402991533279419,0.47509345412254333,0.712162435054779,0.05842486768960953,0.9787315130233765,0.12155616283416748,0.9319659471511841,0.23268970847129822,0.937430739402771,0.39390018582344055,0.6384086012840271,0.19235342741012573,0.9961880445480347,-0.03819756582379341,0.8670231699943542
U19_v1,321,1,0.2967368960380554,0.2854463756084442,-0.13171570003032684,0.9999029636383057,0.2924479842185974,0.2705879509449005,-0.11546354740858078,0.9997914433479309,0.2903268337249756,0.2699205279350281,-0.11547330766916275,0.999699592590332,0.2881205081939697,0.26910310983657837,-0.1153450459241867,0.9997697472572327,0.28614675998687744,0.2690974771976471,-0.18088863790035248,0.9997971653938293,0.2792683243751526,0.26750901341438293,-0.180911585688591,0.9997780919075012,0.2720169723033905,0.2657613456249237,-0.18074187636375427,0.9998266100883484,0.2454627901315689,0.2645774185657501,0.03000553697347641,0.9999029636383057,0.22709178924560547,0.26240602135658264,-0.281273752450943,0.9999128580093384,0.2786232829093933,0.2957257330417633,-0.07222836464643478,0.9998745918273926,0.2689288556575775,0.29359254240989685,-0.1608627885580063,0.9999079704284668,0.2053540050983429,0.328361451625824,0.17209696769714355,0.9976938366889954,0.1578751653432846,0.31416642665863037,-0.3290211856365204,0.9996470212936401,0.29413047432899475,0.2304922342300415,0.4235537052154541,0.36919283866882324,0.28145137429237366,0.2048673927783966,-0.36135411262512207,0.9892534613609314,0.20349502563476562,0.19671675562858582,0.5550212860107422,0.07383748888969421,0.17115268111228943,0.2003248929977417,0.23047566413879395,0.40660449862480164,0.15340939164161682,0.19001764059066772,0.5091401934623718,0.06631432473659515,0.12699168920516968,0.19883009791374207,0.2523781955242157,0.3118414878845215,0.14621105790138245,0.19633880257606506,0.5115873217582703,0.07318789511919022,0.11909474432468414,0.21135005354881287,0.2347724884748459,0.30630236864089966,0.16815225780010223,0.20236900448799133,0.5380305647850037,0.08151166886091232,0.1295328140258789,0.21228936314582825,0.22921428084373474,0.3517757058143616,0.14606380462646484,0.5916600227355957,0.21947108209133148,0.9966661334037781,0.1389458030462265,0.5953226089477539,-0.219720721244812,0.9987403750419617,0.17399205267429352,0.7567988634109497,0.33180126547813416,0.2521584630012512,0.15889978408813477,0.7820535898208618,-0.055543575435876846,0.9542418122291565,0.12701299786567688,0.9097613096237183,0.4440968334674835,0.4931366741657257,0.09509296715259552,0.9502218961715698,0.048656757920980453,0.9164853692054749,0.09950301051139832,0.9266171455383301,0.44904014468193054,0.6877848505973816,0.04802912473678589,0.9768823385238647,0.055351726710796356,0.9285257458686829,0.2334180474281311,0.9317599534988403,0.37506020069122314,0.6124035120010376,0.18879908323287964,1.0025355815887451,-0.10903891921043396,0.8591766953468323
U19_v1,322,1,0.3027494549751282,0.2895471751689911,-0.14138063788414001,0.9999183416366577,0.3003106117248535,0.27344223856925964,-0.12569887936115265,0.999821126461029,0.298831582069397,0.27287644147872925,-0.1257239729166031,0.9997368454933167,0.29727065563201904,0.27230119705200195,-0.1256456822156906,0.9998062252998352,0.2926793098449707,0.2717873156070709,-0.19073054194450378,0.9998192191123962,0.28550875186920166,0.27011144161224365,-0.1907559186220169,0.9998034834861755,0.2779066860675812,0.2684191167354584,-0.19055558741092682,0.9998538494110107,0.2566016912460327,0.2681716978549957,0.018785597756505013,0.9999172687530518,0.2329545021057129,0.26522600650787354,-0.28983962535858154,0.9999227523803711,0.28500890731811523,0.3001441955566406,-0.08201766759157181,0.9998972415924072,0.2745507061481476,0.2981106638908386,-0.16981078684329987,0.9999260902404785,0.2182769626379013,0.332462877035141,0.15807493031024933,0.9978923201560974,0.15951286256313324,0.31697890162467957,-0.32920199632644653,0.9996713399887085,0.3272243142127991,0.23822742700576782,0.43520259857177734,0.3575114905834198,0.2820415496826172,0.21222350001335144,-0.36622127890586853,0.9891026020050049,0.2115723043680191,0.20442280173301697,0.5872521996498108,0.06696556508541107,0.17787906527519226,0.2014615535736084,0.1982443779706955,0.4151429235935211,0.15942829847335815,0.19416728615760803,0.5434929132461548,0.06223282963037491,0.13599835336208344,0.19420775771141052,0.21043866872787476,0.3172091245651245,0.15154260396957397,0.20043107867240906,0.5418523550033569,0.06870093196630478,0.1235874816775322,0.21130362153053284,0.195493683218956,0.3112599551677704,0.16266223788261414,0.20460623502731323,0.5692527294158936,0.07698346674442291,0.13404516875743866,0.21247437596321106,0.19526362419128418,0.35508352518081665,0.1487557590007782,0.5948314070701599,0.21939679980278015,0.9975698590278625,0.14189374446868896,0.5986895561218262,-0.2195829153060913,0.9989973902702332,0.17315369844436646,0.7550049424171448,0.34699487686157227,0.2623128592967987,0.16362158954143524,0.7787110805511475,-0.01782083883881569,0.9621978998184204,0.1256636381149292,0.9023158550262451,0.47309577465057373,0.5240750312805176,0.10091143846511841,0.943804144859314,0.10216154158115387,0.931152880191803,0.09749259054660797,0.9321386218070984,0.4803336560726166,0.7177743911743164,0.0617513507604599,0.9738301634788513,0.11049367487430573,0.9410504102706909,0.2281840592622757,0.9262524843215942,0.4082035422325134,0.6387084722518921,0.20413029193878174,0.9861806631088257,-0.047833748161792755,0.8816302418708801
U19_v1,323,1,0.3048541843891144,0.2917403280735016,-0.1464584767818451,0.9999406337738037,0.30104464292526245,0.2740435302257538,-0.1328250765800476,0.9998650550842285,0.29901909828186035,0.2729656994342804,-0.13277852535247803,0.9998108744621277,0.29715701937675476,0.27180731296539307,-0.13259775936603546,0.9998494386672974,0.2965245842933655,0.2728613615036011,-0.2008621096611023,0.999871015548706,0.2910635471343994,0.27097153663635254,-0.2009364813566208,0.9998544454574585,0.28556662797927856,0.2689128518104553,-0.20075613260269165,0.9998874664306641,0.2594608664512634,0.26593470573425293,0.006654385942965746,0.9999361038208008,0.24292264878749847,0.2626190483570099,-0.31438854336738586,0.999948263168335,0.2862228453159332,0.302229106426239,-0.08921599388122559,0.9999275207519531,0.27849727869033813,0.300295889377594,-0.18056583404541016,0.9999529123306274,0.21173304319381714,0.3338514566421509,0.16236867010593414,0.997643768787384,0.1579938530921936,0.31623074412345886,-0.3691953122615814,0.9997580647468567,0.27267444133758545,0.22961744666099548,0.43845492601394653,0.40248799324035645,0.2672621011734009,0.2053491473197937,-0.36845269799232483,0.9943351149559021,0.21917849779129028,0.23281928896903992,0.6077664494514465,0.0705907791852951,0.21491175889968872,0.22239619493484497,0.30838117003440857,0.3713773488998413,0.17610907554626465,0.2076476514339447,0.5660449862480164,0.06590601056814194,0.18751917779445648,0.22283166646957397,0.3389345109462738,0.2636505961418152,0.17551960051059723,0.21793046593666077,0.5547155737876892,0.07500563561916351,0.19325685501098633,0.26230406761169434,0.3380112051963806,0.2598656713962555,0.1998937427997589,0.24788442254066467,0.5853484869003296,0.08437836915254593,0.20101496577262878,0.2608518898487091,0.3166801631450653,0.30956608057022095,0.15329153835773468,0.5931781530380249,0.22834190726280212,0.9950287938117981,0.14884093403816223,0.5944341421127319,-0.2285124808549881,0.9986280202865601,0.18002080917358398,0.7534313201904297,0.3480493128299713,0.24670182168483734,0.16816359758377075,0.7769118547439575,-0.06228047236800194,0.9724439978599548,0.13396939635276794,0.9033347368240356,0.4739944636821747,0.5280646681785583,0.09859011322259903,0.9569056630134583,0.02634337730705738,0.9460810422897339,0.09505818784236908,0.9352781772613525,0.4805997610092163,0.720247745513916,0.04958692193031311,0.983823299407959,0.03044045716524124,0.9482784867286682,0.23692137002944946,0.9313650727272034,0.4121937155723572,0.6605343222618103,0.19865721464157104,1.0112638473510742,-0.13675478100776672,0.8922358751296997
U19_v1,324,1,0.29243403673171997,0.29227548837661743,-0.13692216575145721,0.9999380111694336,0.29133909940719604,0.2752874195575714,-0.12150249630212784,0.9998589754104614,0.2892746329307556,0.27438557147979736,-0.12148521095514297,0.9997978806495667,0.2880179286003113,0.2734915018081665,-0.12135624885559082,0.9998493194580078,0.28536349534988403,0.27391961216926575,-0.1857191026210785,0.9998615980148315,0.27974942326545715,0.27226758003234863,-0.18577371537685394,0.9998427629470825,0.27392131090164185,0.27044445276260376,-0.18561355769634247,0.9998823404312134,0.2519981563091278,0.27031949162483215,0.0250767320394516,0.9999406337738037,0.23388934135437012,0.2664124071598053,-0.2788937985897064,0.9999444484710693,0.279155969619751,0.3016999363899231,-0.07795757055282593,0.9999265670776367,0.2701072692871094,0.2997629642486572,-0.1644914150238037,0.9999463558197021,0.21952947974205017,0.3399814963340759,0.1803470253944397,0.9977353811264038,0.157246395945549,0.3206327557563782,-0.3334110379219055,0.9997177720069885,0.3077293038368225,0.24117198586463928,0.4410001039505005,0.40094122290611267,0.2756984233856201,0.21294912695884705,-0.34013497829437256,0.9934833645820618,0.225346177816391,0.23745733499526978,0.6132761240005493,0.0604163333773613,0.21280141174793243,0.21548569202423096,0.31141045689582825,0.32671818137168884,0.16675566136837006,0.2124028503894806,0.5737929940223694,0.05298536270856857,0.18579182028770447,0.22442486882209778,0.33695560693740845,0.2298024594783783,0.16283147037029266,0.22042545676231384,0.571392297744751,0.0602957159280777,0.16700845956802368,0.24157649278640747,0.33327585458755493,0.2267269492149353,0.18461477756500244,0.2266775667667389,0.594674825668335,0.06779509782791138,0.17576205730438232,0.2421533763408661,0.3160182535648346,0.27327606081962585,0.15806104242801666,0.594292938709259,0.21890822052955627,0.9959391355514526,0.14936934411525726,0.5959786176681519,-0.21900078654289246,0.9986085295677185,0.18423858284950256,0.7574066519737244,0.33345961570739746,0.27094951272010803,0.17160488665103912,0.7762823104858398,-0.05299514904618263,0.9712971448898315,0.13212986290454865,0.9078396558761597,0.4532914459705353,0.5458896160125732,0.10144011676311493,0.9554083943367004,0.043908677995204926,0.9390476942062378,0.09888005256652832,0.9345822334289551,0.46056756377220154,0.7344582080841064,0.06085595488548279,0.9750720858573914,0.050565239042043686,0.9418172240257263,0.2424718737602234,0.9371898770332336,0.38674744963645935,0.6636099219322205,0.22504082322120667,0.9763903617858887,-0.11307177692651749,0.8814834356307983
U19_v1,325,1,0.3058692216873169,0.29542192816734314,-0.13873013854026794,0.9999634027481079,0.30343252420425415,0.2779325246810913,-0.12158123403787613,0.9999200105667114,0.30148130655288696,0.27698609232902527,-0.12155105918645859,0.9998849630355835,0.2997397482395172,0.27597498893737793,-0.12144317477941513,0.999915599822998,0.29939401149749756,0.27645692229270935,-0.18550506234169006,0.9999138116836548,0.29345327615737915,0.2744588255882263,-0.18552717566490173,0.9999003410339355,0.2880423665046692,0.27243584394454956,-0.18531516194343567,0.9999252557754517,0.26401522755622864,0.2724379003047943,0.030656829476356506,0.9999657869338989,0.24752876162528992,0.26834559440612793,-0.2729421555995941,0.9999656677246094,0.2902868986129761,0.30454719066619873,-0.07858599722385406,0.9999593496322632,0.2825738191604614,0.3025760352611542,-0.1650279015302658,0.9999698400497437,0.2256714105606079,0.34124040603637695,0.18185865879058838,0.9985693693161011,0.15818803012371063,0.32124465703964233,-0.31605052947998047,0.9997840523719788,0.3355579972267151,0.247801274061203,0.4584105908870697,0.424490749835968,0.27176350355148315,0.2176285982131958,-0.3322177827358246,0.9944889545440674,0.23407979309558868,0.24447178840637207,0.6297558546066284,0.0619698166847229,0.2229476124048233,0.22495746612548828,0.2954339385032654,0.36213600635528564,0.17329120635986328,0.22291558980941772,0.5899724364280701,0.05425171181559563,0.17833802103996277,0.2259531319141388,0.3180309236049652,0.2541103661060333,0.18338936567306519,0.2262381911277771,0.5868104100227356,0.06182815134525299,0.17526398599147797,0.24495485424995422,0.3163374960422516,0.2514594793319702,0.2105385810136795,0.25711190700531006,0.610685408115387,0.0704081580042839,0.1794310361146927,0.2685477137565613,0.29956817626953125,0.29739826917648315,0.16303473711013794,0.5976116061210632,0.21485944092273712,0.9966340661048889,0.14895983040332794,0.5972728729248047,-0.21488109230995178,0.9987006187438965,0.18907766044139862,0.7589113712310791,0.31704196333885193,0.2608567178249359,0.1711404174566269,0.7782238125801086,-0.044253259897232056,0.9682567715644836,0.13849979639053345,0.9121124744415283,0.41596752405166626,0.5331966280937195,0.11450495570898056,0.9507269859313965,0.04739954695105553,0.9379130601882935,0.11076982319355011,0.9466539621353149,0.4203293025493622,0.7402130961418152,0.06581945717334747,0.9739036560058594,0.0538969524204731,0.9467098712921143,0.24481193721294403,0.9432755708694458,0.3376234769821167,0.6510825157165527,0.2081921100616455,1.005813479423523,-0.10515882074832916,0.8840824961662292
U19_v1,326,1,0.313634991645813,0.301303893327713,-0.12276080250740051,0.9999216794967651,0.31291496753692627,0.2846347689628601,-0.11065983772277832,0.9998432397842407,0.31112849712371826,0.2846960723400116,-0.11063391715288162,0.9997754693031311,0.3098720908164978,0.2839069962501526,-0.11048616468906403,0.99982750415802,0.30836623907089233,0.28314512968063354,-0.17454123497009277,0.999836802482605,0.3033517599105835,0.2813648581504822,-0.17460386455059052,0.9998103976249695,0.29844531416893005,0.27941015362739563,-0.17443391680717468,0.9998528957366943,0.2751571536064148,0.278965562582016,0.02054431289434433,0.9999265670776367,0.25804653763771057,0.27416354417800903,-0.2831801176071167,0.9999264478683472,0.2963654398918152,0.3109583556652069,-0.06906140595674515,0.999913215637207,0.2891140282154083,0.3089911937713623,-0.1555129587650299,0.9999377727508545,0.22215665876865387,0.342512845993042,0.16317129135131836,0.9978266358375549,0.1673378050327301,0.32280585169792175,-0.33131811022758484,0.999716579914093,0.2933640480041504,0.2412080466747284,0.45017850399017334,0.32976463437080383,0.28187263011932373,0.21801817417144775,-0.34055522084236145,0.9910752773284912,0.2234669029712677,0.22829273343086243,0.6216686367988586,0.05864432454109192,0.2295839488506317,0.2266809642314911,0.3091493248939514,0.3199082911014557,0.17258024215698242,0.22428202629089355,0.580931544303894,0.056658919900655746,0.18433426320552826,0.2279762625694275,0.3405877351760864,0.24278511106967926,0.17265622317790985,0.2264418601989746,0.5684430599212646,0.06449925899505615,0.1815691739320755,0.24506306648254395,0.33171916007995605,0.24008966982364655,0.19471700489521027,0.24001345038414001,0.5994605422019958,0.0725230947136879,0.19082805514335632,0.25718551874160767,0.31423017382621765,0.2848186194896698,0.16175691783428192,0.5981771349906921,0.2150847464799881,0.9959420561790466,0.15386824309825897,0.5999885201454163,-0.21536123752593994,0.9987296462059021,0.197193443775177,0.7559074759483337,0.34042978286743164,0.27056246995925903,0.17736943066120148,0.7797694206237793,-0.04612516984343529,0.9657278656959534,0.1477898806333542,0.9123634099960327,0.4638317823410034,0.5219132304191589,0.10837952792644501,0.9562116265296936,0.055214352905750275,0.9296448230743408,0.10864749550819397,0.9367896914482117,0.4703843295574188,0.7273247838020325,0.07143136113882065,0.9789668321609497,0.061389584094285965,0.9409295320510864,0.2498702108860016,0.9340306520462036,0.4029945433139801,0.6449266076087952,0.20324231684207916,1.0093655586242676,-0.09888637065887451,0.8662653565406799
U19_v1,327,1,0.31431400775909424,0.2980896532535553,-0.1684104949235916,0.9999221563339233,0.31011471152305603,0.2817763686180115,-0.15621769428253174,0.9998264908790588,0.3079582452774048,0.28094181418418884,-0.1562349498271942,0.9997492432594299,0.30605241656303406,0.2799431383609772,-0.15615327656269073,0.9998027682304382,0.30737119913101196,0.2807779908180237,-0.21946752071380615,0.9998251795768738,0.302920937538147,0.2792569100856781,-0.21950018405914307,0.9998113512992859,0.29840928316116333,0.27751585841178894,-0.21927903592586517,0.9998550415039062,0.26970139145851135,0.27660655975341797,-0.02025720290839672,0.9999253749847412,0.2557334005832672,0.27267101407051086,-0.3222975730895996,0.9999268054962158,0.29545190930366516,0.3087075650691986,-0.11252427846193314,0.9999195337295532,0.2901743948459625,0.30734387040138245,-0.19815638661384583,0.9999406337738037,0.22007930278778076,0.3397420644760132,0.1167185977101326,0.9977601766586304,0.17289461195468903,0.32506704330444336,-0.3625713288784027,0.9996851682662964,0.30738431215286255,0.24654501676559448,0.41142332553863525,0.35412004590034485,0.2994520962238312,0.2264689803123474,-0.3820199966430664,0.9894473552703857,0.22252477705478668,0.2278418242931366,0.6129270195960999,0.04802224040031433,0.21396182477474213,0.2272777259349823,0.22923102974891663,0.3694470226764679,0.16962167620658875,0.21604037284851074,0.5759413242340088,0.044428061693906784,0.1664193570613861,0.22474047541618347,0.2488068789243698,0.2814440429210663,0.16470518708229065,0.22269803285598755,0.5703423619270325,0.04991570860147476,0.1648293435573578,0.24218955636024475,0.2338869571685791,0.2796277701854706,0.18819516897201538,0.23904147744178772,0.5944921374320984,0.05722453072667122,0.16759175062179565,0.26875147223472595,0.22885482013225555,0.32119104266166687,0.1690678894519806,0.6003513336181641,0.21567341685295105,0.9972507357597351,0.1570146530866623,0.6017987728118896,-0.21579158306121826,0.9989746809005737,0.19877028465270996,0.7631776332855225,0.35516950488090515,0.2681547999382019,0.1730821132659912,0.787337064743042,0.003571575041860342,0.9676350355148315,0.15378092229366302,0.9130520820617676,0.5068469643592834,0.5469588041305542,0.11149036139249802,0.9523646831512451,0.1365501582622528,0.9466599822044373,0.12150418758392334,0.9390155076980591,0.5162107944488525,0.7339465618133545,0.07914397120475769,0.9749108552932739,0.14619049429893494,0.9507259726524353,0.24121209979057312,0.9365638494491577,0.43484044075012207,0.6496526598930359,0.2214982956647873,1.0007383823394775,-0.01521275844424963,0.8959231972694397
U19_v1,328,1,0.3125542998313904,0.29498735070228577,-0.1518527716398239,0.999954104423523,0.3078884184360504,0.2791535258293152,-0.13602955639362335,0.9998891353607178,0.305709570646286,0.27838194370269775,-0.13604727387428284,0.9998268485069275,0.30370664596557617,0.27754947543144226,-0.13597585260868073,0.9998766183853149,0.3037811517715454,0.2781245708465576,-0.20032240450382233,0.9998939037322998,0.2976096272468567,0.2763616442680359,-0.20037367939949036,0.9998788833618164,0.2917652428150177,0.2745208740234375,-0.20019946992397308,0.9999167919158936,0.2623266279697418,0.276826411485672,-3.470554293016903e-05,0.9999557733535767,0.2470996230840683,0.27419790625572205,-0.3064408302307129,0.9999545812606812,0.29619860649108887,0.30781078338623047,-0.09818001091480255,0.9999459981918335,0.28961485624313354,0.306098610162735,-0.18538713455200195,0.9999605417251587,0.23277637362480164,0.3493659198284149,0.12257232517004013,0.9974886178970337,0.16634516417980194,0.3314827084541321,-0.3529481589794159,0.9996882677078247,0.34844014048576355,0.252892404794693,0.41974905133247375,0.3812854588031769,0.3042885363101959,0.22432395815849304,-0.35045722126960754,0.9906118512153625,0.23825661838054657,0.22296160459518433,0.6551279425621033,0.05330583453178406,0.22808077931404114,0.2236950695514679,0.30167481303215027,0.3721092641353607,0.18459069728851318,0.2149890959262848,0.6232355833053589,0.04670550674200058,0.18335473537445068,0.21751946210861206,0.32213515043258667,0.2754274606704712,0.17884960770606995,0.22049066424369812,0.6229779124259949,0.05175399407744408,0.17947468161582947,0.2372516691684723,0.3104117512702942,0.27065062522888184,0.1960364133119583,0.23467019200325012,0.6389679312705994,0.06053384765982628,0.1890256106853485,0.2401101291179657,0.3009020984172821,0.3177601099014282,0.17722457647323608,0.6035774946212769,0.20652572810649872,0.9970296621322632,0.15984974801540375,0.6051932573318481,-0.20650902390480042,0.9988712668418884,0.20476922392845154,0.7620401382446289,0.35153111815452576,0.27367109060287476,0.1770302951335907,0.7877039313316345,-0.0032416495960205793,0.9640628695487976,0.16331201791763306,0.9135652184486389,0.5158777236938477,0.4980199933052063,0.11662968248128891,0.9523465037345886,0.13300128281116486,0.9308772683143616,0.13082930445671082,0.9355008602142334,0.5276265740394592,0.6757310032844543,0.08768235146999359,0.9740427732467651,0.1428796648979187,0.9332774877548218,0.23991802334785461,0.9377329349517822,0.4422256052494049,0.6020544767379761,0.22059190273284912,1.003763198852539,-0.032435979694128036,0.8665375709533691
U19_v1,329,1,0.3258526921272278,0.29607704281806946,-0.17110368609428406,0.9999650716781616,0.3190367817878723,0.2789440155029297,-0.15438984334468842,0.999909520149231,0.3165357708930969,0.2781613767147064,-0.15438739955425262,0.9998561143875122,0.31406283378601074,0.2773674428462982,-0.15435002744197845,0.9998995065689087,0.3153924345970154,0.27723124623298645,-0.2228771448135376,0.999915361404419,0.3099753260612488,0.275134414434433,-0.22289210557937622,0.999907374382019,0.3040430545806885,0.27286431193351746,-0.22268003225326538,0.9999383687973022,0.2742321193218231,0.27720141410827637,-0.009825707413256168,0.9999675750732422,0.2589818239212036,0.2720968425273895,-0.33464765548706055,0.9999687671661377,0.30734938383102417,0.3087756633758545,-0.11388398706912994,0.9999611377716064,0.30132079124450684,0.30725160241127014,-0.2066207379102707,0.9999713897705078,0.22914239764213562,0.3511870503425598,0.13297103345394135,0.9972678422927856,0.17992645502090454,0.33036741614341736,-0.37718823552131653,0.9997180104255676,0.34187406301498413,0.2644711434841156,0.4903259873390198,0.3735750913619995,0.31720417737960815,0.22993314266204834,-0.36701080203056335,0.9924114942550659,0.25296276807785034,0.23409375548362732,0.8125548958778381,0.03784717619419098,0.22664330899715424,0.2227994203567505,0.31302517652511597,0.35520070791244507,0.20481500029563904,0.22833728790283203,0.7969930768013,0.032611023634672165,0.1851384937763214,0.2204054892063141,0.33424943685531616,0.25271010398864746,0.20008894801139832,0.23434707522392273,0.8013656735420227,0.03617347776889801,0.17704838514328003,0.2390025556087494,0.32631537318229675,0.2478809952735901,0.20822200179100037,0.24696531891822815,0.7999104857444763,0.04384908452630043,0.1733829826116562,0.2658475935459137,0.31305235624313354,0.29328086972236633,0.1785324215888977,0.6043498516082764,0.21283239126205444,0.9965327978134155,0.16780634224414825,0.6069247722625732,-0.21267740428447723,0.9985777139663696,0.20804017782211304,0.7664353251457214,0.35296720266342163,0.31102538108825684,0.178522989153862,0.7933787107467651,-0.0014712162083014846,0.9726251363754272,0.15903028845787048,0.915343165397644,0.5243712663650513,0.5215141773223877,0.11243990063667297,0.9566543102264404,0.12838071584701538,0.9464492797851562,0.1257941573858261,0.9393543004989624,0.5374509692192078,0.669776201248169,0.07387309521436691,0.9778413772583008,0.13753832876682281,0.9407350420951843,0.25607988238334656,0.9386330842971802,0.45382049679756165,0.6207243800163269,0.23121024668216705,0.9684029817581177,-0.04122937470674515,0.889883816242218
U19_v1,330,1,0.3264338970184326,0.2949581742286682,-0.16542400419712067,0.9999608993530273,0.3171849250793457,0.2792336046695709,-0.14960281550884247,0.9999034404754639,0.3144493103027344,0.27835527062416077,-0.14961755275726318,0.9998499155044556,0.31207817792892456,0.2773421108722687,-0.14957913756370544,0.999894380569458,0.3130868673324585,0.27821293473243713,-0.21314026415348053,0.999904990196228,0.3076692819595337,0.2766745090484619,-0.21317127346992493,0.9998983144760132,0.3018389344215393,0.27487048506736755,-0.2129397839307785,0.9999305009841919,0.27188926935195923,0.2772867679595947,-0.005549123976379633,0.999966025352478,0.2574487328529358,0.27523431181907654,-0.3069448173046112,0.9999649524688721,0.3102257251739502,0.30778056383132935,-0.1076156497001648,0.9999531507492065,0.3033844232559204,0.30654606223106384,-0.19388815760612488,0.9999651908874512,0.22588500380516052,0.3485682010650635,0.13810354471206665,0.9979639053344727,0.1858649104833603,0.33267906308174133,-0.3402567505836487,0.9997331500053406,0.33953040838241577,0.2597779929637909,0.4576531648635864,0.4271965026855469,0.3241993188858032,0.23071283102035522,-0.33268284797668457,0.9916266202926636,0.25609803199768066,0.22156494855880737,0.7156468033790588,0.06400984525680542,0.22992774844169617,0.21880283951759338,0.31628963351249695,0.4329276978969574,0.21105033159255981,0.21401524543762207,0.6890369653701782,0.05527334287762642,0.18976937234401703,0.21168985962867737,0.33354827761650085,0.32417404651641846,0.20303481817245483,0.21956446766853333,0.6967328190803528,0.06015043705701828,0.17683520913124084,0.22159817814826965,0.31881874799728394,0.3162858486175537,0.2119183987379074,0.22702640295028687,0.7037428617477417,0.06980593502521515,0.1842215657234192,0.2245643138885498,0.31320062279701233,0.3640764355659485,0.17621281743049622,0.6059893369674683,0.20887233316898346,0.9964367151260376,0.17186470329761505,0.6083751320838928,-0.20883265137672424,0.9985009431838989,0.21270808577537537,0.7714300155639648,0.3354722559452057,0.3111065626144409,0.18717177212238312,0.7957990765571594,-0.01679779589176178,0.9711218476295471,0.1608085334300995,0.9194031953811646,0.4735323190689087,0.503231942653656,0.10959853231906891,0.9614024758338928,0.07619722932577133,0.9464493989944458,0.12610279023647308,0.9341306686401367,0.48217228055000305,0.6573204398155212,0.07625802606344223,0.9812396764755249,0.08185882121324539,0.9413183927536011,0.25342655181884766,0.9403366446495056,0.4052446782588959,0.6232420206069946,0.22066622972488403,0.9747544527053833,-0.08552075177431107,0.9013106226921082
U19_v1,331,1,0.3299957513809204,0.29579323530197144,-0.13777096569538116,0.9999462366104126,0.32266315817832947,0.2798886001110077,-0.12222509831190109,0.9998633861541748,0.3197248876094818,0.2789543569087982,-0.12225208431482315,0.9997819066047668,0.3167995810508728,0.2777445316314697,-0.12221407145261765,0.9998478889465332,0.3191973865032196,0.27888089418411255,-0.18712525069713593,0.9998722076416016,0.3135010004043579,0.2772678732872009,-0.1871563345193863,0.9998553991317749,0.3074326515197754,0.27530863881111145,-0.1870124191045761,0.9999028444290161,0.27453768253326416,0.2772572934627533,0.01550241932272911,0.9999505281448364,0.2590163052082062,0.2751220762729645,-0.29192042350769043,0.9999507665634155,0.31061410903930664,0.3087536096572876,-0.08215955644845963,0.9999336004257202,0.30456507205963135,0.30755263566970825,-0.17016713321208954,0.9999493360519409,0.23568926751613617,0.34827709197998047,0.15254732966423035,0.9972859621047974,0.1849912405014038,0.331240713596344,-0.3355847895145416,0.9996870756149292,0.3554568886756897,0.2631238102912903,0.457083135843277,0.393981009721756,0.32564759254455566,0.23474252223968506,-0.3231103718280792,0.9898159503936768,0.264184832572937,0.22248709201812744,0.7054814696311951,0.058623768389225006,0.2380811870098114,0.22118669748306274,0.3457310199737549,0.38734692335128784,0.21505486965179443,0.217276930809021,0.6782546639442444,0.049271732568740845,0.19548539817333221,0.21560314297676086,0.36952054500579834,0.2849520742893219,0.2069116234779358,0.21896526217460632,0.6888190507888794,0.053093064576387405,0.18215124309062958,0.22287851572036743,0.3568708002567291,0.2755209803581238,0.2172345519065857,0.2265039086341858,0.694087028503418,0.06288482248783112,0.19876520335674286,0.23450967669487,0.344612717628479,0.32541927695274353,0.18129761517047882,0.6072232723236084,0.20639076828956604,0.9947003126144409,0.16923503577709198,0.6100526452064514,-0.20642338693141937,0.9980072379112244,0.2133185714483261,0.7726267576217651,0.33752700686454773,0.2945415675640106,0.18297019600868225,0.8023968935012817,-0.03664831072092056,0.9579646587371826,0.1633152812719345,0.9228899478912354,0.48893728852272034,0.44138115644454956,0.10337810218334198,0.9725013375282288,0.06643593311309814,0.9185313582420349,0.1279628425836563,0.9387891292572021,0.49917441606521606,0.5943104028701782,0.06841426342725754,0.984610915184021,0.0726393610239029,0.9147378206253052,0.24684402346611023,0.9513111710548401,0.4162518084049225,0.5610790848731995,0.21685509383678436,1.0291495323181152,-0.11470911651849747,0.8485649824142456
U19_v1,332,1,0.33425748348236084,0.2962280511856079,-0.1328228861093521,0.9999573230743408,0.32681038975715637,0.27926987409591675,-0.11561068892478943,0.9998910427093506,0.32412779331207275,0.27853527665138245,-0.11560962349176407,0.9998204112052917,0.32133203744888306,0.277814120054245,-0.11559595167636871,0.9998830556869507,0.32181787490844727,0.27707231044769287,-0.18024060130119324,0.9998986721038818,0.3153342604637146,0.2747420370578766,-0.18026652932167053,0.9998825788497925,0.3075472116470337,0.2722359597682953,-0.18013469874858856,0.9999263286590576,0.279695987701416,0.27843043208122253,0.024111203849315643,0.9999608993530273,0.2626599669456482,0.27413851022720337,-0.2826223373413086,0.9999600648880005,0.31624698638916016,0.3098433315753937,-0.0779569149017334,0.999947190284729,0.30960074067115784,0.3064075708389282,-0.16600249707698822,0.9999599456787109,0.24480676651000977,0.35297125577926636,0.15918590128421783,0.9966458678245544,0.178972989320755,0.332547664642334,-0.3208678960800171,0.999652624130249,0.3678581714630127,0.2724592387676239,0.49033620953559875,0.36206042766571045,0.32131826877593994,0.23605915904045105,-0.2921328842639923,0.9883667826652527,0.2698432505130768,0.23068776726722717,0.7875180840492249,0.04389498010277748,0.23387522995471954,0.22225171327590942,0.3963179588317871,0.3269750475883484,0.2211252897977829,0.22377872467041016,0.7689819931983948,0.0362393856048584,0.1992458999156952,0.21514981985092163,0.4232596158981323,0.23983469605445862,0.21442808210849762,0.2281716763973236,0.7829883694648743,0.03886524215340614,0.18717524409294128,0.22705385088920593,0.4128413796424866,0.23012039065361023,0.22509804368019104,0.2371009886264801,0.7786079049110413,0.04758414253592491,0.19694869220256805,0.2312895655632019,0.39542070031166077,0.27657774090766907,0.18753908574581146,0.6076304912567139,0.19921749830245972,0.9939578771591187,0.17112863063812256,0.6111889481544495,-0.1991579383611679,0.9977483153343201,0.2176533043384552,0.7703604102134705,0.32919445633888245,0.3371134400367737,0.18629896640777588,0.8017410039901733,-0.03689996898174286,0.9606091976165771,0.1628645956516266,0.9174394607543945,0.4811815619468689,0.46616217494010925,0.10439114272594452,0.9679073095321655,0.06737986952066422,0.9187852144241333,0.12485960125923157,0.9427324533462524,0.4921969175338745,0.6035841703414917,0.06700589507818222,0.982111930847168,0.07388275116682053,0.9071454405784607,0.2585504651069641,0.9478275775909424,0.40555962920188904,0.5784647464752197,0.21022173762321472,1.0265322923660278,-0.12029673159122467,0.8454110622406006
U19_v1,333,1,0.3332022726535797,0.2995702922344208,-0.1404849886894226,0.9999493360519409,0.3216879665851593,0.2821284830570221,-0.12260199338197708,0.9998670816421509,0.3188638687133789,0.281245619058609,-0.12263193726539612,0.9997859597206116,0.31597381830215454,0.28023144602775574,-0.1226160004734993,0.9998559951782227,0.3169141411781311,0.28051650524139404,-0.19021804630756378,0.9998769760131836,0.31048810482025146,0.27864870429039,-0.19025321304798126,0.9998644590377808,0.3036758005619049,0.2766657769680023,-0.19011926651000977,0.9999134540557861,0.2746787369251251,0.28074681758880615,0.022467676550149918,0.9999535083770752,0.2575322389602661,0.27846890687942505,-0.2965555489063263,0.9999561309814453,0.3169170916080475,0.31306952238082886,-0.08240777254104614,0.9999363422393799,0.3087853789329529,0.3118153214454651,-0.17412826418876648,0.9999523162841797,0.25046640634536743,0.3558204770088196,0.16447779536247253,0.9969006776809692,0.18489955365657806,0.3382847309112549,-0.33997470140457153,0.9996670484542847,0.35978347063064575,0.2683705985546112,0.49176308512687683,0.3778074085712433,0.3244926631450653,0.2384292185306549,-0.3236885070800781,0.9910973310470581,0.2661728858947754,0.22810590267181396,0.771460771560669,0.052677325904369354,0.22550979256629944,0.2219550609588623,0.3392348289489746,0.4216999113559723,0.21638983488082886,0.22021424770355225,0.7507642507553101,0.043061550706624985,0.19292406737804413,0.21558138728141785,0.35802605748176575,0.30674535036087036,0.20759974420070648,0.225434809923172,0.7634031176567078,0.04606717452406883,0.17829379439353943,0.22481036186218262,0.3489213287830353,0.293601930141449,0.21722525358200073,0.23289653658866882,0.7612264156341553,0.05582481250166893,0.18767240643501282,0.22851121425628662,0.3381890058517456,0.33859017491340637,0.1946660429239273,0.6134382486343384,0.20844905078411102,0.9952677488327026,0.1707770675420761,0.6163768768310547,-0.2084355652332306,0.9980179071426392,0.21764028072357178,0.7826008796691895,0.3316217362880707,0.3500494658946991,0.18623559176921844,0.8105071783065796,-0.038511697202920914,0.9693403244018555,0.1669621467590332,0.931264340877533,0.4902336299419403,0.49506130814552307,0.10646861791610718,0.97637540102005,0.06261220574378967,0.9377501010894775,0.1289019137620926,0.953853964805603,0.5015646815299988,0.606830358505249,0.0718216672539711,0.9885807037353516,0.06799494475126266,0.9223446846008301,0.2557564973831177,0.9565320014953613,0.41010114550590515,0.6118889451026917,0.2239101231098175,1.0360360145568848,-0.13307392597198486,0.8792850375175476
U19_v1,334,1,0.3271676301956177,0.29800742864608765,-0.1507854014635086,0.999966025352478,0.31584030389785767,0.283393532037735,-0.13423702120780945,0.999910831451416,0.3128669857978821,0.28253865242004395,-0.1342349350452423,0.9998565912246704,0.3096511960029602,0.2815667688846588,-0.13421665132045746,0.9999061822891235,0.3112109303474426,0.28178951144218445,-0.2010379284620285,0.9999117851257324,0.3043271005153656,0.2797832190990448,-0.20103849470615387,0.9998983144760132,0.2975046634674072,0.27767953276634216,-0.2008621245622635,0.9999347925186157,0.2683953642845154,0.28344371914863586,0.008636604994535446,0.9999710321426392,0.2551807761192322,0.28034713864326477,-0.30759933590888977,0.9999675750732422,0.3106387257575989,0.31198179721832275,-0.09485424309968948,0.9999614953994751,0.3031045198440552,0.3111315071582794,-0.1855795532464981,0.999970555305481,0.24024921655654907,0.3587842583656311,0.15385380387306213,0.9973892569541931,0.18350014090538025,0.33927226066589355,-0.3450145721435547,0.9997053742408752,0.3564816415309906,0.2758340835571289,0.49844685196876526,0.36081355810165405,0.3267744779586792,0.24043649435043335,-0.30681803822517395,0.99201899766922,0.26273438334465027,0.2436087429523468,0.8141122460365295,0.040149983018636703,0.23509974777698517,0.2311064600944519,0.40891873836517334,0.33565354347229004,0.2171546071767807,0.23130133748054504,0.7977126240730286,0.03312955051660538,0.1952354907989502,0.22642141580581665,0.43617647886276245,0.23403900861740112,0.2112807333469391,0.24075308442115784,0.8062193393707275,0.03619971126317978,0.18462231755256653,0.23639371991157532,0.43282008171081543,0.22443898022174835,0.22102044522762299,0.24742937088012695,0.8026008605957031,0.04425741732120514,0.1904931515455246,0.2460789978504181,0.41067221760749817,0.27154025435447693,0.18970134854316711,0.6130800247192383,0.2057441920042038,0.9941908717155457,0.1762295812368393,0.617095410823822,-0.20564380288124084,0.9976974129676819,0.22159813344478607,0.7792392373085022,0.34254124760627747,0.3100808560848236,0.19309790432453156,0.808157205581665,-0.02147875539958477,0.9658035039901733,0.1687617301940918,0.9249559640884399,0.5036346912384033,0.45071062445640564,0.10501278191804886,0.974332332611084,0.07950568199157715,0.9233465194702148,0.13037335872650146,0.9458491802215576,0.5164814591407776,0.5955960154533386,0.06864278763532639,0.9848728179931641,0.0866805836558342,0.9144502878189087,0.2567773163318634,0.9570467472076416,0.43911683559417725,0.5629384517669678,0.22306573390960693,1.0291979312896729,-0.09632865339517593,0.8509223461151123
U19_v1,335,1,0.3368801474571228,0.3065683841705322,-0.12942835688591003,0.9999490976333618,0.3299131989479065,0.2903138995170593,-0.11270110309123993,0.9998818635940552,0.32678085565567017,0.2909591794013977,-0.1127399131655693,0.9998074173927307,0.32418888807296753,0.2898871600627899,-0.11270879954099655,0.9998693466186523,0.32623761892318726,0.28908032178878784,-0.18029531836509705,0.999890923500061,0.32041680812835693,0.2873718738555908,-0.18034930527210236,0.9998754262924194,0.31424546241760254,0.28527218103408813,-0.1802249550819397,0.9999196529388428,0.28086814284324646,0.28768977522850037,0.021230341866612434,0.9999563694000244,0.26372191309928894,0.28563186526298523,-0.2993986904621124,0.9999547004699707,0.31601133942604065,0.31970569491386414,-0.07542148977518082,0.9999381303787231,0.31043338775634766,0.31860989332199097,-0.1673116832971573,0.9999517202377319,0.2343386709690094,0.35594281554222107,0.15175475180149078,0.9971951246261597,0.18853141367435455,0.34126049280166626,-0.352687269449234,0.999690055847168,0.35634422302246094,0.2688586413860321,0.46929019689559937,0.36089375615119934,0.33193233609199524,0.25060561299324036,-0.35892248153686523,0.9879101514816284,0.2743292450904846,0.2264222502708435,0.7169681787490845,0.067747563123703,0.25074636936187744,0.22126126289367676,0.2722649872303009,0.4557631015777588,0.21973377466201782,0.22057074308395386,0.6901232600212097,0.05760077387094498,0.20283928513526917,0.215518981218338,0.2873018980026245,0.35347920656204224,0.20510141551494598,0.22378882765769958,0.6977378129959106,0.06126983463764191,0.18645957112312317,0.2219446897506714,0.2698145806789398,0.3392184376716614,0.22122950851917267,0.22832876443862915,0.704674243927002,0.07211890816688538,0.19601841270923615,0.22831231355667114,0.26828163862228394,0.3835652768611908,0.18793968856334686,0.6143854856491089,0.2109222561120987,0.9962325692176819,0.1789422333240509,0.6205114126205444,-0.21099121868610382,0.9986832737922668,0.22424080967903137,0.7807635068893433,0.36500728130340576,0.33709755539894104,0.19692331552505493,0.8133219480514526,-0.02804339863359928,0.964468240737915,0.17330580949783325,0.923660159111023,0.5413828492164612,0.47557637095451355,0.11626219004392624,0.978487491607666,0.0923922136425972,0.9283919334411621,0.13852788507938385,0.9435055255889893,0.5536001920700073,0.610845148563385,0.07514672726392746,0.9910905957221985,0.098348468542099,0.9188247323036194,0.2659722566604614,0.9576250314712524,0.46755099296569824,0.593998908996582,0.22612786293029785,1.0359991788864136,-0.10357049107551575,0.8607050776481628
U19_v1,336,1,0.3310953974723816,0.3084699809551239,-0.164120152592659,0.9999264478683472,0.32467031478881836,0.29487383365631104,-0.15068957209587097,0.9998239874839783,0.3218904733657837,0.293743759393692,-0.15075674653053284,0.9997192025184631,0.3191509246826172,0.29238656163215637,-0.15073569118976593,0.9998018145561218,0.32222431898117065,0.2919826805591583,-0.21740569174289703,0.9998347759246826,0.3167296350002289,0.2904756963253021,-0.21742317080497742,0.9998175501823425,0.3094939589500427,0.2882263958454132,-0.21725504100322723,0.9998766183853149,0.2720617949962616,0.2886596918106079,-0.019428323954343796,0.9999374151229858,0.2616824805736542,0.28780385851860046,-0.33658698201179504,0.9999303817749023,0.3122676908969879,0.321167916059494,-0.1103217601776123,0.9999167919158936,0.3068912625312805,0.3202430009841919,-0.20071399211883545,0.9999353885650635,0.22136016190052032,0.3568180501461029,0.11829403787851334,0.9968494772911072,0.19734089076519012,0.3427709937095642,-0.38792315125465393,0.999637246131897,0.34681543707847595,0.26393231749534607,0.44790059328079224,0.3284783959388733,0.3435056209564209,0.24863609671592712,-0.4174036383628845,0.9871253371238708,0.2582976222038269,0.22669902443885803,0.7049404978752136,0.05521591007709503,0.24371185898780823,0.22522249817848206,0.18072234094142914,0.43110552430152893,0.20534949004650116,0.22360852360725403,0.6753156781196594,0.04928235709667206,0.19825993478298187,0.22127869725227356,0.18662765622138977,0.3338184952735901,0.19609147310256958,0.22722533345222473,0.6749368906021118,0.05380072444677353,0.18375258147716522,0.2279934287071228,0.16533368825912476,0.32615169882774353,0.21238750219345093,0.23178544640541077,0.6892766356468201,0.061834536492824554,0.19283924996852875,0.2358376681804657,0.17378628253936768,0.3702399432659149,0.18059518933296204,0.6152886748313904,0.2170732170343399,0.9965343475341797,0.18181467056274414,0.6218712329864502,-0.21711871027946472,0.9987345337867737,0.22361935675144196,0.784188985824585,0.38494110107421875,0.27993547916412354,0.19949652254581451,0.8137598633766174,0.004642894957214594,0.9624712467193604,0.17373554408550262,0.9289690852165222,0.582820475101471,0.45757076144218445,0.11827854067087173,0.9781124591827393,0.14156349003314972,0.9322798252105713,0.13929696381092072,0.9528602361679077,0.5971902012825012,0.6172381043434143,0.07606881111860275,0.992048978805542,0.14965783059597015,0.9294427037239075,0.26527923345565796,0.9547418355941772,0.5181875824928284,0.5714238882064819,0.2320936620235443,1.0319749116897583,-0.03667965531349182,0.8651647567749023
