video_id,frame_id,target_detected,landmark_0_x,landmark_0_y,landmark_0_z,landmark_0_visibility,landmark_1_x,landmark_1_y,landmark_1_z,landmark_1_visibility,landmark_2_x,landmark_2_y,landmark_2_z,landmark_2_visibility,landmark_3_x,landmark_3_y,landmark_3_z,landmark_3_visibility,landmark_4_x,landmark_4_y,landmark_4_z,landmark_4_visibility,landmark_5_x,landmark_5_y,landmark_5_z,landmark_5_visibility,landmark_6_x,landmark_6_y,landmark_6_z,landmark_6_visibility,landmark_7_x,landmark_7_y,landmark_7_z,landmark_7_visibility,landmark_8_x,landmark_8_y,landmark_8_z,landmark_8_visibility,landmark_9_x,landmark_9_y,landmark_9_z,landmark_9_visibility,landmark_10_x,landmark_10_y,landmark_10_z,landmark_10_visibility,landmark_11_x,landmark_11_y,landmark_11_z,landmark_11_visibility,landmark_12_x,landmark_12_y,landmark_12_z,landmark_12_visibility,landmark_13_x,landmark_13_y,landmark_13_z,landmark_13_visibility,landmark_14_x,landmark_14_y,landmark_14_z,landmark_14_visibility,landmark_15_x,landmark_15_y,landmark_15_z,landmark_15_visibility,landmark_16_x,landmark_16_y,landmark_16_z,landmark_16_visibility,landmark_17_x,landmark_17_y,landmark_17_z,landmark_17_visibility,landmark_18_x,landmark_18_y,landmark_18_z,landmark_18_visibility,landmark_19_x,landmark_19_y,landmark_19_z,landmark_19_visibility,landmark_20_x,landmark_20_y,landmark_20_z,landmark_20_visibility,landmark_21_x,landmark_21_y,landmark_21_z,landmark_21_visibility,landmark_22_x,landmark_22_y,landmark_22_z,landmark_22_visibility,landmark_23_x,landmark_23_y,landmark_23_z,landmark_23_visibility,landmark_24_x,landmark_24_y,landmark_24_z,landmark_24_visibility,landmark_25_x,landmark_25_y,landmark_25_z,landmark_25_visibility,landmark_26_x,landmark_26_y,landmark_26_z,landmark_26_visibility,landmark_27_x,landmark_27_y,landmark_27_z,landmark_27_visibility,landmark_28_x,landmark_28_y,landmark_28_z,landmark_28_visibility,landmark_29_x,landmark_29_y,landmark_29_z,landmark_29_visibility,landmark_30_x,landmark_30_y,landmark_30_z,landmark_30_visibility,landmark_31_x,landmark_31_y,landmark_31_z,landmark_31_visibility,landmark_32_x,landmark_32_y,landmark_32_z,landmark_32_visibility
U19_v4,1,1,0.1864694505929947,0.1204734668135643,-0.30629611015319824,0.9997654557228088,0.18966351449489594,0.11408451944589615,-0.2885584533214569,0.999692440032959,0.19264866411685944,0.11397383362054825,-0.2886110842227936,0.9996277093887329,0.1955868899822235,0.11380815505981445,-0.2886587083339691,0.9996269941329956,0.1788347363471985,0.11394890397787094,-0.29366883635520935,0.9996992349624634,0.17421115934848785,0.11382623016834259,-0.2937372326850891,0.9996143579483032,0.16968372464179993,0.1137789636850357,-0.2937922179698944,0.9996144771575928,0.19695964455604553,0.11428980529308319,-0.15623147785663605,0.9993568062782288,0.15915291011333466,0.11490759253501892,-0.1767716109752655,0.9995130300521851,0.19181007146835327,0.12659281492233276,-0.2532844543457031,0.9997889399528503,0.177939310669899,0.126494899392128,-0.2595705986022949,0.9997046589851379,0.22779734432697296,0.14099404215812683,-0.06080728769302368,0.9998692274093628,0.12542280554771423,0.14544785022735596,-0.11494531482458115,0.999727189540863,0.27324020862579346,0.17812465131282806,-0.19374249875545502,0.9843850135803223,0.12166264653205872,0.1939331442117691,-0.2505382299423218,0.9947581887245178,0.2170524299144745,0.15409566462039948,-0.4267129898071289,0.9489124417304993,0.17158754169940948,0.15666428208351135,-0.43356379866600037,0.9897936582565308,0.20717661082744598,0.14445272088050842,-0.47005027532577515,0.8651080131530762,0.18505671620368958,0.14550906419754028,-0.47218477725982666,0.9653666019439697,0.20271483063697815,0.1415081024169922,-0.45100855827331543,0.8545114398002625,0.1827419549226761,0.1418985277414322,-0.4552445709705353,0.959496021270752,0.20209427177906036,0.1454402506351471,-0.42273497581481934,0.7973478436470032,0.1794014275074005,0.14570653438568115,-0.4276539981365204,0.9237810373306274,0.20966452360153198,0.22435280680656433,0.0030928405467420816,0.9998369216918945,0.14587366580963135,0.22462782263755798,-0.0029480603989213705,0.9990003705024719,0.2189202904701233,0.28069356083869934,-0.2812730073928833,0.9722132682800293,0.13848382234573364,0.28360211849212646,0.0703837051987648,0.8792428374290466,0.24562714993953705,0.3378220200538635,-0.28652575612068176,0.9634929299354553,0.11447589099407196,0.3327745497226715,0.2926752269268036,0.760153591632843,0.24507413804531097,0.3520543575286865,-0.2938009798526764,0.8167936205863953,0.10933089256286621,0.339279443025589,0.3086806535720825,0.42717379331588745,0.2615966200828552,0.35491520166397095,-0.46791374683380127,0.9498891830444336,0.1251659393310547,0.3466452360153198,0.1809043288230896,0.7240504026412964
U19_v4,2,1,0.18625618517398834,0.1211172342300415,-0.2843535840511322,0.9998500347137451,0.1890852004289627,0.11429223418235779,-0.2670457065105438,0.9997947812080383,0.19190233945846558,0.1141243427991867,-0.26709529757499695,0.9997634291648865,0.1950058788061142,0.11384017765522003,-0.26713669300079346,0.9997610449790955,0.17831899225711823,0.11423591524362564,-0.2717718482017517,0.9997952580451965,0.1738404482603073,0.11412976682186127,-0.27182736992836,0.9997380375862122,0.16939230263233185,0.1140400692820549,-0.27187734842300415,0.9997343420982361,0.1967858523130417,0.11409298330545425,-0.13601596653461456,0.999607503414154,0.15913893282413483,0.11496289074420929,-0.15470436215400696,0.9996756315231323,0.19154952466487885,0.12704001367092133,-0.2314777374267578,0.9998490810394287,0.17830157279968262,0.12697909772396088,-0.23720404505729675,0.9997861981391907,0.22854790091514587,0.14012505114078522,-0.04308104142546654,0.9999277591705322,0.12501847743988037,0.14499598741531372,-0.09106850624084473,0.9998082518577576,0.2727065682411194,0.17757375538349152,-0.16560228168964386,0.986748456954956,0.12117689847946167,0.19339491426944733,-0.21751061081886292,0.9933843016624451,0.21531926095485687,0.15478849411010742,-0.39179500937461853,0.9646611213684082,0.17117947340011597,0.1570046842098236,-0.3982006013393402,0.9878644347190857,0.20614027976989746,0.1447727084159851,-0.4338884949684143,0.9013097882270813,0.1847815215587616,0.1457863748073578,-0.43554219603538513,0.9595165252685547,0.20184209942817688,0.14163631200790405,-0.4165199398994446,0.8937268853187561,0.18264782428741455,0.14192292094230652,-0.42012184858322144,0.9526722431182861,0.20136800408363342,0.14575722813606262,-0.3881341218948364,0.8456351161003113,0.17919331789016724,0.1458357721567154,-0.39294472336769104,0.9147714376449585,0.2098468691110611,0.22357405722141266,0.0027213930152356625,0.999826967716217,0.1461118757724762,0.2241397202014923,-0.002586018992587924,0.999101996421814,0.21991504728794098,0.28137117624282837,-0.24481624364852905,0.9742962718009949,0.13865020871162415,0.28243231773376465,0.05679156258702278,0.8995448350906372,0.2460477650165558,0.3381170332431793,-0.24276387691497803,0.9678540825843811,0.11535868793725967,0.3330942988395691,0.278601735830307,0.7739171981811523,0.24523484706878662,0.35188645124435425,-0.24944648146629333,0.8357424736022949,0.11205875128507614,0.3402408957481384,0.2945699691772461,0.44796696305274963,0.26108795404434204,0.35522937774658203,-0.41838061809539795,0.9553472399711609,0.12585295736789703,0.3461153209209442,0.17153526842594147,0.7480700612068176
U19_v4,3,1,0.19698463380336761,0.12338883429765701,-0.24752642214298248,0.9996833801269531,0.2005138397216797,0.11664389818906784,-0.231022909283638,0.9994944334030151,0.20359954237937927,0.11656813323497772,-0.23107686638832092,0.9994414448738098,0.206814706325531,0.11638287454843521,-0.23111532628536224,0.9994394183158875,0.18951134383678436,0.11654669791460037,-0.23774081468582153,0.9995595812797546,0.185075581073761,0.11647236347198486,-0.23778709769248962,0.9994773268699646,0.18049974739551544,0.11646430194377899,-0.23784884810447693,0.9994937181472778,0.2086266577243805,0.11666662991046906,-0.10381708294153214,0.9989270567893982,0.1712055802345276,0.1175374835729599,-0.13071800768375397,0.9994872808456421,0.20240826904773712,0.1296427845954895,-0.19542084634304047,0.9996078610420227,0.1889006495475769,0.1295628845691681,-0.2035023719072342,0.9995964169502258,0.2407708317041397,0.14213958382606506,-0.008159861899912357,0.9998868703842163,0.1364923119544983,0.14681100845336914,-0.07389131933450699,0.9998341798782349,0.2845969796180725,0.17967987060546875,-0.11163768172264099,0.9796282649040222,0.13358022272586823,0.19672903418540955,-0.1795281022787094,0.9904403686523438,0.2288375198841095,0.15793152153491974,-0.32227668166160583,0.9496704339981079,0.18510599434375763,0.16113387048244476,-0.3426941931247711,0.9876074194908142,0.21920901536941528,0.14911699295043945,-0.3624200224876404,0.8712884187698364,0.200927734375,0.1510457992553711,-0.3785531222820282,0.9622620344161987,0.21453960239887238,0.1461743414402008,-0.34577640891075134,0.8603804707527161,0.1979997158050537,0.1473543643951416,-0.3678954243659973,0.9557650089263916,0.21343007683753967,0.14978456497192383,-0.3190269470214844,0.8139081597328186,0.19389228522777557,0.1505473554134369,-0.33900684118270874,0.9248902201652527,0.22186966240406036,0.2251795381307602,0.015794970095157623,0.9995916485786438,0.1581554114818573,0.22724677622318268,-0.015664905309677124,0.9988692402839661,0.2319033443927765,0.2858676314353943,-0.11277563124895096,0.9537031650543213,0.14610035717487335,0.2865312397480011,0.04069351777434349,0.9035670161247253,0.25229257345199585,0.3478853702545166,-0.09557078033685684,0.9467595815658569,0.11888203024864197,0.3362053632736206,0.24217048287391663,0.8079355359077454,0.2497064471244812,0.3612661063671112,-0.10112345963716507,0.8059097528457642,0.11216797679662704,0.34369009733200073,0.25591665506362915,0.4519713521003723,0.27461451292037964,0.36336398124694824,-0.25215983390808105,0.932666540145874,0.1322561502456665,0.34843072295188904,0.13780581951141357,0.781196117401123
U19_v4,4,1,0.19772322475910187,0.12378167361021042,-0.23928725719451904,0.9997183680534363,0.20107796788215637,0.11676196753978729,-0.22286033630371094,0.9995668530464172,0.20423857867717743,0.1165730208158493,-0.2229137122631073,0.9995126724243164,0.20735564827919006,0.11628799885511398,-0.22295686602592468,0.9995174407958984,0.19033212959766388,0.1167600229382515,-0.22976133227348328,0.9996063113212585,0.18614086508750916,0.1166720762848854,-0.2298068404197693,0.9995290040969849,0.18140819668769836,0.1165972501039505,-0.22985565662384033,0.9995520710945129,0.20892831683158875,0.1164635419845581,-0.09642034024000168,0.9991099238395691,0.17181013524532318,0.11736093461513519,-0.1240573450922966,0.9995585083961487,0.20280149579048157,0.12994033098220825,-0.18737386167049408,0.9996627569198608,0.189833402633667,0.12984217703342438,-0.19568683207035065,0.9996422529220581,0.24103963375091553,0.14192888140678406,-0.0020142756402492523,0.9999096393585205,0.1375974416732788,0.14670397341251373,-0.06788577139377594,0.9998539686203003,0.2844386696815491,0.1800655871629715,-0.10600611567497253,0.9795299172401428,0.1336057335138321,0.19677138328552246,-0.1737312525510788,0.9900134801864624,0.23030030727386475,0.15812137722969055,-0.31039735674858093,0.9510009288787842,0.18490484356880188,0.16119129955768585,-0.3342558741569519,0.9876096248626709,0.22182652354240417,0.14959418773651123,-0.34930551052093506,0.8746283650398254,0.20030921697616577,0.15144440531730652,-0.37005507946014404,0.9622171521186829,0.21547570824623108,0.14628398418426514,-0.33220410346984863,0.863872766494751,0.19737879931926727,0.14733850955963135,-0.3588646352291107,0.9556856155395508,0.21448689699172974,0.14971986413002014,-0.30691060423851013,0.8190232515335083,0.19332635402679443,0.15064209699630737,-0.3304416835308075,0.9258050918579102,0.22229647636413574,0.22515076398849487,0.015028636902570724,0.9996846914291382,0.15848252177238464,0.22744129598140717,-0.014893235638737679,0.9990997314453125,0.23124027252197266,0.286423921585083,-0.0965159460902214,0.950393557548523,0.14572753012180328,0.28650549054145813,0.04500385746359825,0.8994211554527283,0.2521502673625946,0.348527193069458,-0.06787654012441635,0.936461329460144,0.11902035027742386,0.33560460805892944,0.25926023721694946,0.7828900218009949,0.25012943148612976,0.36156123876571655,-0.07193092256784439,0.7613344192504883,0.11164509505033493,0.3421664834022522,0.27480876445770264,0.4218621850013733,0.2730332016944885,0.36372655630111694,-0.22030644118785858,0.9186887741088867,0.12980732321739197,0.35003745555877686,0.1601497381925583,0.7573632001876831
U19_v4,5,1,0.2106345295906067,0.12297462671995163,-0.3137740194797516,0.9998983144760132,0.21346107125282288,0.11636423319578171,-0.30198732018470764,0.9998624324798584,0.2162344753742218,0.11597350984811783,-0.3019954562187195,0.9998369216918945,0.21933919191360474,0.11562639474868774,-0.30202189087867737,0.999836802482605,0.2026922106742859,0.1164882555603981,-0.3094112277030945,0.9998723268508911,0.19857634603977203,0.11631696671247482,-0.3094487488269806,0.9998370409011841,0.19369876384735107,0.1161261796951294,-0.3094760775566101,0.9998371601104736,0.2205260992050171,0.11568789184093475,-0.18083320558071136,0.9997232556343079,0.18463806807994843,0.11697608232498169,-0.21150977909564972,0.9998600482940674,0.215068057179451,0.12879525125026703,-0.26247817277908325,0.9999312162399292,0.2015724927186966,0.12898197770118713,-0.27142333984375,0.999929666519165,0.2523055672645569,0.14322569966316223,-0.07083436101675034,0.999945878982544,0.15081965923309326,0.14747507870197296,-0.1494763195514679,0.9999240636825562,0.296343594789505,0.18435925245285034,-0.16101688146591187,0.9809194207191467,0.1430724561214447,0.19718454778194427,-0.2620989978313446,0.992617666721344,0.2565811276435852,0.16195453703403473,-0.3668721616268158,0.9622618556022644,0.19881217181682587,0.16935783624649048,-0.4259742200374603,0.9881711006164551,0.24516664445400238,0.15626740455627441,-0.40339720249176025,0.9064894318580627,0.21440093219280243,0.16144844889640808,-0.4618666172027588,0.9659379720687866,0.23902282118797302,0.15228867530822754,-0.3864191174507141,0.8981735706329346,0.2132493257522583,0.1560341715812683,-0.4487719237804413,0.9604828953742981,0.2385767698287964,0.15424755215644836,-0.36278048157691956,0.8661683797836304,0.21000836789608002,0.15860745310783386,-0.4213668704032898,0.9367609620094299,0.23087379336357117,0.23121803998947144,0.020162342116236687,0.9998315572738647,0.17080216109752655,0.2328910529613495,-0.020098334178328514,0.9995039701461792,0.2390725016593933,0.29313603043556213,-0.034350890666246414,0.9651456475257874,0.15254515409469604,0.2900591194629669,0.11979597061872482,0.9404103755950928,0.2556193172931671,0.3556843400001526,0.019619153812527657,0.9653623700141907,0.12265443801879883,0.33300063014030457,0.3831465244293213,0.8728902339935303,0.25231996178627014,0.3670356869697571,0.0190001018345356,0.8553565144538879,0.11707819998264313,0.33809828758239746,0.40505450963974,0.6127392649650574,0.27431803941726685,0.36836373805999756,-0.11860261857509613,0.9521190524101257,0.13429002463817596,0.3536246120929718,0.3035522997379303,0.8433114886283875
U19_v4,6,1,0.22052030265331268,0.12043821066617966,-0.3038524389266968,0.9999538660049438,0.2234986573457718,0.11360621452331543,-0.2917897403240204,0.9999344348907471,0.22710995376110077,0.113491490483284,-0.291772723197937,0.9999058246612549,0.23006172478199005,0.11330129951238632,-0.29176467657089233,0.999908447265625,0.21217641234397888,0.11355070769786835,-0.29713815450668335,0.9999529123306274,0.20807123184204102,0.11337722837924957,-0.29719099402427673,0.9999382495880127,0.20335733890533447,0.11326471716165543,-0.2972163259983063,0.9999480247497559,0.232310950756073,0.1141049861907959,-0.1768191158771515,0.9997735619544983,0.19559451937675476,0.11527290940284729,-0.19892637431621552,0.999956488609314,0.22611485421657562,0.12640854716300964,-0.25643283128738403,0.9999674558639526,0.21248754858970642,0.12648740410804749,-0.26271677017211914,0.9999797344207764,0.26564398407936096,0.14308448135852814,-0.07276876270771027,0.9999352693557739,0.16198807954788208,0.14653557538986206,-0.1542108952999115,0.9999719858169556,0.3031354248523712,0.1859496384859085,-0.14994704723358154,0.9602407217025757,0.14766430854797363,0.19666679203510284,-0.24873079359531403,0.9969870448112488,0.26394587755203247,0.17524810135364532,-0.3487742245197296,0.9198206663131714,0.21021300554275513,0.1804174780845642,-0.37782353162765503,0.9889358878135681,0.2542693316936493,0.1724776178598404,-0.3847668468952179,0.8519282937049866,0.23253199458122253,0.1759403496980667,-0.4090646803379059,0.9665399789810181,0.24749884009361267,0.1679324209690094,-0.37295225262641907,0.8406655192375183,0.23315651714801788,0.1699489951133728,-0.3961212933063507,0.9609002470970154,0.2482176423072815,0.16854141652584076,-0.34640535712242126,0.7996386885643005,0.22785623371601105,0.1710507869720459,-0.3712821304798126,0.9376406073570251,0.2407442182302475,0.23030388355255127,0.028866350650787354,0.9999184608459473,0.1789036989212036,0.23253124952316284,-0.028844596818089485,0.9997616410255432,0.24684719741344452,0.2958392798900604,-0.06979888677597046,0.9693984389305115,0.16162773966789246,0.2911161482334137,0.09215324372053146,0.9763454794883728,0.25463125109672546,0.35928621888160706,-0.03337324410676956,0.9748674035072327,0.12686237692832947,0.3313654661178589,0.3801937401294708,0.8964980840682983,0.24703708291053772,0.3697272539138794,-0.03540849685668945,0.890961766242981,0.11777143180370331,0.3347347378730774,0.4057890772819519,0.629135012626648,0.2832701504230499,0.37745651602745056,-0.16543161869049072,0.9633956551551819,0.1396787166595459,0.3541475236415863,0.324800968170166,0.8618450164794922
U19_v4,7,1,0.23117691278457642,0.11696232110261917,-0.3120655119419098,0.9999680519104004,0.23404839634895325,0.1104145348072052,-0.29585960507392883,0.9999481439590454,0.23747850954532623,0.11013830453157425,-0.29587385058403015,0.9999412298202515,0.24021556973457336,0.10990563035011292,-0.295902281999588,0.9999396800994873,0.22348394989967346,0.11087711900472641,-0.30282533168792725,0.9999518394470215,0.21904297173023224,0.11097642034292221,-0.302896112203598,0.9999473094940186,0.21486204862594604,0.11111363023519516,-0.302956223487854,0.9999464750289917,0.24181939661502838,0.1113688051700592,-0.17049913108348846,0.9998249411582947,0.2073836773633957,0.11313726007938385,-0.20072537660598755,0.9999688863754272,0.23713624477386475,0.12309298664331436,-0.2620210349559784,0.9999810457229614,0.22400659322738647,0.12337934225797653,-0.2708728313446045,0.9999849796295166,0.2780967652797699,0.145126074552536,-0.058307159692049026,0.9999781847000122,0.17091849446296692,0.14567682147026062,-0.15473653376102448,0.9999704360961914,0.3141959011554718,0.1893768161535263,-0.14430095255374908,0.9795234203338623,0.15512381494045258,0.19168275594711304,-0.20555678009986877,0.9963545799255371,0.2760242223739624,0.18064598739147186,-0.40050286054611206,0.9803900122642517,0.21663528680801392,0.20058105885982513,-0.33491891622543335,0.9818587899208069,0.26838797330856323,0.17782822251319885,-0.4496456980705261,0.9628767371177673,0.2363172471523285,0.20355232059955597,-0.3715922236442566,0.9535055160522461,0.26338034868240356,0.17227531969547272,-0.4473416805267334,0.9627518653869629,0.23917436599731445,0.19632519781589508,-0.37261703610420227,0.9495912194252014,0.262510746717453,0.1725374013185501,-0.40393584966659546,0.943988561630249,0.2349783182144165,0.19501808285713196,-0.3338533937931061,0.9264861941337585,0.24693229794502258,0.2291957139968872,0.0378124862909317,0.9999517202377319,0.18733327090740204,0.2286219596862793,-0.037956785410642624,0.9998433589935303,0.25182265043258667,0.2983402609825134,-0.044931404292583466,0.9831323027610779,0.17556363344192505,0.29550111293792725,-0.0354301854968071,0.9903669357299805,0.25847405195236206,0.36002832651138306,0.05545729026198387,0.9856348633766174,0.13662704825401306,0.3259321451187134,0.2937547266483307,0.8711838126182556,0.25087970495224,0.37017822265625,0.05952905863523483,0.865847647190094,0.1285495162010193,0.3214428126811981,0.32391801476478577,0.4675067365169525,0.2770515978336334,0.3779064416885376,-0.061642300337553024,0.9749565720558167,0.146009624004364,0.35147184133529663,0.2631520926952362,0.8524779677391052
U19_v4,8,1,0.24100303649902344,0.11418811231851578,-0.306753545999527,0.9999905824661255,0.24513457715511322,0.10718134045600891,-0.2906186580657959,0.9999834299087524,0.2487032264471054,0.10696451365947723,-0.29063981771469116,0.9999804496765137,0.2516239583492279,0.10684634745121002,-0.29068922996520996,0.9999792575836182,0.23331959545612335,0.10761091113090515,-0.2976588308811188,0.9999849796295166,0.22875778377056122,0.10764208436012268,-0.29769349098205566,0.9999829530715942,0.22434177994728088,0.10772694647312164,-0.2977382242679596,0.999980092048645,0.2535179555416107,0.10864725708961487,-0.16688206791877747,0.9999395608901978,0.21664419770240784,0.10972236096858978,-0.19832739233970642,0.9999918937683105,0.24723383784294128,0.12126141786575317,-0.257605642080307,0.9999960660934448,0.2328082025051117,0.1212010532617569,-0.26681992411613464,0.9999966621398926,0.28687214851379395,0.14479145407676697,-0.053567346185445786,0.9999935626983643,0.18068544566631317,0.14507567882537842,-0.15744130313396454,0.999990701675415,0.3191552758216858,0.18931667506694794,-0.14745350182056427,0.9854779243469238,0.16958704590797424,0.19232583045959473,-0.16591709852218628,0.9948662519454956,0.28053712844848633,0.18311889469623566,-0.4263124167919159,0.9904224872589111,0.21099267899990082,0.2226017713546753,-0.2704823911190033,0.9698240756988525,0.2718474268913269,0.17989738285541534,-0.48168137669563293,0.9825901389122009,0.22454802691936493,0.23502740263938904,-0.30638307332992554,0.9368813633918762,0.2683832049369812,0.1747831255197525,-0.4804956316947937,0.9827200174331665,0.23252786695957184,0.2286243885755539,-0.31905239820480347,0.9346225261688232,0.2682463526725769,0.17492231726646423,-0.43091654777526855,0.9724671840667725,0.2289831042289734,0.22480469942092896,-0.27383583784103394,0.9138793349266052,0.25747033953666687,0.22925223410129547,0.043124448508024216,0.9999792575836182,0.1968766450881958,0.22869783639907837,-0.04325884208083153,0.9999353885650635,0.25994962453842163,0.3010878264904022,-0.039062388241291046,0.9799579977989197,0.18871548771858215,0.29908832907676697,-0.09073071926832199,0.9937040209770203,0.2579096555709839,0.36253032088279724,0.08866933733224869,0.9776785373687744,0.15282487869262695,0.32066085934638977,0.26143696904182434,0.8290517926216125,0.24791176617145538,0.3727419972419739,0.09628085792064667,0.8596727848052979,0.14244818687438965,0.313335120677948,0.2951420247554779,0.45713508129119873,0.2812954783439636,0.38076281547546387,-0.00628223130479455,0.9612599611282349,0.15576082468032837,0.350711464881897,0.2561585605144501,0.7996967434883118
U19_v4,9,1,0.25282660126686096,0.11156249046325684,-0.3391256630420685,0.9999974966049194,0.25692617893218994,0.1046152412891388,-0.3190121054649353,0.9999942779541016,0.25948065519332886,0.10446594655513763,-0.3190499544143677,0.9999942779541016,0.26196423172950745,0.10440404713153839,-0.3190693259239197,0.999992847442627,0.24507370591163635,0.10475119948387146,-0.3259713053703308,0.999993085861206,0.23977623879909515,0.10479113459587097,-0.325969398021698,0.9999923706054688,0.2352297008037567,0.10496482253074646,-0.3259773850440979,0.9999895095825195,0.2646165192127228,0.10676947236061096,-0.1770649552345276,0.9999755620956421,0.22606021165847778,0.10746166110038757,-0.20974420011043549,0.9999947547912598,0.2588311731815338,0.11869839578866959,-0.28403177857398987,0.9999983310699463,0.2438613772392273,0.11878898739814758,-0.29351767897605896,0.9999984502792358,0.29411813616752625,0.142873153090477,-0.06632161885499954,0.9999970197677612,0.1873616874217987,0.14464756846427917,-0.14408789575099945,0.9999914169311523,0.3193769156932831,0.19017378985881805,-0.17949515581130981,0.987602174282074,0.180350199341774,0.19645492732524872,-0.11811695992946625,0.9938637018203735,0.28651848435401917,0.18513166904449463,-0.5003042221069336,0.9951377511024475,0.19934970140457153,0.23833559453487396,-0.2082662284374237,0.9687536954879761,0.27451974153518677,0.18117386102676392,-0.5632683038711548,0.9912221431732178,0.20599114894866943,0.25011730194091797,-0.2398037612438202,0.9370003342628479,0.2732953727245331,0.17539025843143463,-0.5654193758964539,0.9915404915809631,0.21519775688648224,0.24737881124019623,-0.26522284746170044,0.9371802806854248,0.2751619219779968,0.17629265785217285,-0.5071735978126526,0.9857041239738464,0.2148016095161438,0.24351836740970612,-0.21629899740219116,0.9200354218482971,0.26644569635391235,0.2325206696987152,0.04186489060521126,0.9999799728393555,0.20738039910793304,0.23206330835819244,-0.04199189320206642,0.9999054670333862,0.2656874656677246,0.30081242322921753,-0.018960408866405487,0.9775221347808838,0.2018101066350937,0.3003957271575928,-0.07926615327596664,0.9925872683525085,0.2604771554470062,0.3624080419540405,0.1611459106206894,0.9806419014930725,0.16437366604804993,0.3290311098098755,0.2812896966934204,0.8579384088516235,0.25004637241363525,0.3726433515548706,0.17360365390777588,0.880875289440155,0.15521813929080963,0.32281190156936646,0.3144054412841797,0.4335486888885498,0.2742605209350586,0.38249868154525757,0.0626283809542656,0.9715419411659241,0.17672935128211975,0.35691821575164795,0.2500877380371094,0.8388857245445251
U19_v4,10,1,0.25992444157600403,0.10896246135234833,-0.3171699643135071,0.9999977350234985,0.2645796537399292,0.10195674002170563,-0.30076512694358826,0.9999929666519165,0.2678016424179077,0.10196581482887268,-0.3007846474647522,0.9999934434890747,0.2700047492980957,0.10198645293712616,-0.3007873594760895,0.9999918937683105,0.25258201360702515,0.10209126770496368,-0.3056013584136963,0.9999920129776001,0.24785646796226501,0.1021585613489151,-0.30559924244880676,0.9999921321868896,0.24331757426261902,0.1023457944393158,-0.3056337237358093,0.99998939037323,0.2721368670463562,0.10423922538757324,-0.17379553616046906,0.9999768733978271,0.23525094985961914,0.10503144562244415,-0.19600780308246613,0.9999942779541016,0.2659086287021637,0.1164630651473999,-0.2671258747577667,0.9999988079071045,0.2515319287776947,0.1165684163570404,-0.2737314701080322,0.999998927116394,0.3038899302482605,0.14075994491577148,-0.07472188025712967,0.999998927116394,0.19610406458377838,0.1414107233285904,-0.12537650763988495,0.999996542930603,0.3205520212650299,0.19027107954025269,-0.17473167181015015,0.9912436008453369,0.1838650405406952,0.19180898368358612,-0.08746916800737381,0.9958645105361938,0.287902295589447,0.18395507335662842,-0.46419715881347656,0.9966638684272766,0.18075492978096008,0.2405737340450287,-0.16558212041854858,0.9841375946998596,0.2784707248210907,0.17916707694530487,-0.5216335654258728,0.993029773235321,0.18010184168815613,0.2547853887081146,-0.19112864136695862,0.9650002121925354,0.275776207447052,0.1738419383764267,-0.5229941606521606,0.9931615591049194,0.1900801807641983,0.25274956226348877,-0.2196808010339737,0.9653839468955994,0.2771010994911194,0.17444241046905518,-0.46956565976142883,0.9878259301185608,0.19353130459785461,0.24885417520999908,-0.1750420182943344,0.9566453695297241,0.27177706360816956,0.22961698472499847,0.0335557647049427,0.9999762773513794,0.21376679837703705,0.2294885814189911,-0.03376910090446472,0.999924898147583,0.2659011781215668,0.3026292324066162,-0.0387786366045475,0.9870506525039673,0.21582695841789246,0.30183762311935425,-0.08064831048250198,0.9944032430648804,0.2615462839603424,0.36370718479156494,0.1529754251241684,0.9859870076179504,0.17646309733390808,0.335496723651886,0.24894990026950836,0.9344758987426758,0.2518935203552246,0.37259334325790405,0.16621841490268707,0.8614721894264221,0.16748204827308655,0.3353418707847595,0.2782984673976898,0.542629599571228,0.2710600197315216,0.38454946875572205,0.046961214393377304,0.978808581829071,0.19052238762378693,0.36633530259132385,0.19901123642921448,0.9253763556480408
U19_v4,11,1,0.26469025015830994,0.10783134400844574,-0.3575534522533417,0.9999982118606567,0.26970145106315613,0.10182380676269531,-0.33909866213798523,0.9999943971633911,0.2734203636646271,0.10192666947841644,-0.3391135036945343,0.9999949932098389,0.275987446308136,0.10194315016269684,-0.3390936851501465,0.999994158744812,0.2583807706832886,0.10157331824302673,-0.34175628423690796,0.9999927282333374,0.2538481056690216,0.10157375037670135,-0.34173551201820374,0.9999916553497314,0.24960656464099884,0.10160285234451294,-0.3417390286922455,0.9999880790710449,0.2790570855140686,0.1041930615901947,-0.19982951879501343,0.9999836683273315,0.24209269881248474,0.10410228371620178,-0.2117421180009842,0.9999909400939941,0.27065423130989075,0.11553119122982025,-0.3031521141529083,0.9999985694885254,0.2561168670654297,0.11534681916236877,-0.30666783452033997,0.9999980926513672,0.31136006116867065,0.14032241702079773,-0.09622213244438171,0.9999991655349731,0.20287489891052246,0.14162889122962952,-0.11519603431224823,0.9999955892562866,0.3266597390174866,0.18678902089595795,-0.18990777432918549,0.9956525564193726,0.1849563866853714,0.18910226225852966,-0.04423483461141586,0.9957286715507507,0.29183971881866455,0.1804642677307129,-0.49011167883872986,0.998607337474823,0.16366103291511536,0.23538583517074585,-0.12560208141803741,0.990394651889801,0.27996039390563965,0.17595763504505157,-0.5496097207069397,0.9964938759803772,0.15736466646194458,0.2489914894104004,-0.14849959313869476,0.9780206084251404,0.27809572219848633,0.17096339166164398,-0.5546006560325623,0.9966344237327576,0.166892871260643,0.24905797839164734,-0.18519563972949982,0.9786990880966187,0.2804839611053467,0.17157861590385437,-0.49644383788108826,0.9936815500259399,0.17100957036018372,0.24550385773181915,-0.13881796598434448,0.972746729850769,0.27799808979034424,0.22858591377735138,0.03325539827346802,0.999964714050293,0.21988454461097717,0.2271270602941513,-0.033490583300590515,0.9998996257781982,0.27074742317199707,0.30086013674736023,-0.02297375351190567,0.9855814576148987,0.23490449786186218,0.29808348417282104,-0.07250361144542694,0.9931796789169312,0.26201531291007996,0.3654994070529938,0.15167129039764404,0.9880678653717041,0.19627833366394043,0.34176212549209595,0.2517739236354828,0.9328486323356628,0.2516690790653229,0.37521636486053467,0.16271598637104034,0.9033971428871155,0.18299248814582825,0.3416021168231964,0.279376745223999,0.5809265375137329,0.2707614004611969,0.38750895857810974,0.03269181028008461,0.9839906692504883,0.2034105658531189,0.3727133274078369,0.1907588541507721,0.9290469288825989
U19_v4,12,1,0.27381038665771484,0.10881416499614716,-0.30469053983688354,0.9999911785125732,0.2789287865161896,0.10225272178649902,-0.2880380153656006,0.9999715089797974,0.2814410626888275,0.10220794379711151,-0.2880721390247345,0.9999740123748779,0.28413084149360657,0.10220812261104584,-0.2880493104457855,0.9999728202819824,0.26737770438194275,0.10228610038757324,-0.2904152572154999,0.9999635219573975,0.2619938552379608,0.102245032787323,-0.29038017988204956,0.9999599456787109,0.25717052817344666,0.10228833556175232,-0.2903917729854584,0.9999523162841797,0.2877657115459442,0.10433781147003174,-0.16282880306243896,0.9999357461929321,0.24761344492435455,0.10437595844268799,-0.1756407469511032,0.9999507665634155,0.2791736125946045,0.11644798517227173,-0.2558225691318512,0.999990701675415,0.2648017704486847,0.11674390733242035,-0.2595045566558838,0.9999899864196777,0.31804028153419495,0.14079903066158295,-0.083527110517025,0.9999971389770508,0.20849254727363586,0.14085642993450165,-0.07422799617052078,0.9999924898147583,0.3282252252101898,0.1896142065525055,-0.17019903659820557,0.9960951209068298,0.184416264295578,0.18553248047828674,-0.0020837257616221905,0.9947596192359924,0.2909848093986511,0.17646247148513794,-0.44605937600135803,0.9984500408172607,0.15244491398334503,0.22676357626914978,-0.09215891361236572,0.9899545907974243,0.28319868445396423,0.17195087671279907,-0.5017290115356445,0.9959701299667358,0.1460210233926773,0.2398705929517746,-0.11292774975299835,0.9793197512626648,0.2834145128726959,0.16607017815113068,-0.5031200051307678,0.9960143566131592,0.15195885300636292,0.2401980459690094,-0.14985086023807526,0.9801836609840393,0.2840092182159424,0.16806384921073914,-0.4506804347038269,0.993046224117279,0.15655602514743805,0.23642395436763763,-0.10683376342058182,0.9755215048789978,0.2851390838623047,0.2298678308725357,0.02396214008331299,0.9997369647026062,0.2231358289718628,0.2274876832962036,-0.02414325252175331,0.9996588230133057,0.26711660623550415,0.3022876977920532,-0.009231781587004662,0.9586668610572815,0.2476014643907547,0.2981356978416443,-0.07367710769176483,0.9840750694274902,0.25764530897140503,0.3645535111427307,0.14799629151821136,0.961268424987793,0.2170315384864807,0.35818570852279663,0.11987829208374023,0.9454857707023621,0.2511085569858551,0.37242239713668823,0.15724419057369232,0.8095095753669739,0.20671813189983368,0.3613734841346741,0.13237744569778442,0.6432779431343079,0.26898273825645447,0.38753366470336914,0.0348188541829586,0.9503951668739319,0.22459346055984497,0.3829724192619324,0.012336276471614838,0.926486074924469
U19_v4,13,1,0.2805319130420685,0.11117897927761078,-0.30084294080734253,0.9999514818191528,0.28306350111961365,0.10456942021846771,-0.2831682860851288,0.9998641014099121,0.2858470678329468,0.10447552800178528,-0.2832108736038208,0.999868631362915,0.28921055793762207,0.10445500910282135,-0.28320565819740295,0.9998693466186523,0.27382320165634155,0.10445526242256165,-0.2863142192363739,0.9998244643211365,0.2694874107837677,0.1043778508901596,-0.2863138020038605,0.9997989535331726,0.26448437571525574,0.10440593957901001,-0.2863693833351135,0.9997782111167908,0.29063117504119873,0.1063351184129715,-0.1503789722919464,0.9996579885482788,0.2526645362377167,0.10668757557868958,-0.16678808629512787,0.9997387528419495,0.2838585674762726,0.11862041056156158,-0.24864420294761658,0.9999392032623291,0.27213746309280396,0.11885930597782135,-0.25342822074890137,0.9999376535415649,0.32281243801116943,0.14198409020900726,-0.06377864629030228,0.9999879598617554,0.21362219750881195,0.14267845451831818,-0.06092159077525139,0.9999740123748779,0.3376658260822296,0.18961070477962494,-0.15206247568130493,0.9915034770965576,0.17978709936141968,0.1812949776649475,0.010484722442924976,0.9901607036590576,0.2963748574256897,0.1763729453086853,-0.42251038551330566,0.996292233467102,0.1423790603876114,0.2201068103313446,-0.0759313702583313,0.9829779267311096,0.29115527868270874,0.17024004459381104,-0.47504740953445435,0.9908539056777954,0.13412660360336304,0.23107118904590607,-0.09422990679740906,0.9651785492897034,0.2916777729988098,0.1634829342365265,-0.4770052433013916,0.9911093711853027,0.14065350592136383,0.2311689555644989,-0.13267575204372406,0.9675382375717163,0.2906547486782074,0.16564828157424927,-0.42757439613342285,0.9850724339485168,0.14432671666145325,0.22814342379570007,-0.09140131622552872,0.9603671431541443,0.29142525792121887,0.23117676377296448,0.028961550444364548,0.999322772026062,0.23037704825401306,0.2288794219493866,-0.029140304774045944,0.9990748167037964,0.27326977252960205,0.3046700954437256,-0.021089835092425346,0.903775155544281,0.2556026875972748,0.2984929084777832,-0.08592867106199265,0.9605297446250916,0.2552304267883301,0.37039095163345337,0.11687424778938293,0.9310453534126282,0.2308640331029892,0.3652474880218506,0.0806906670331955,0.9288005232810974,0.24231602251529694,0.3790406584739685,0.12354552000761032,0.7590639591217041,0.22123464941978455,0.37288615107536316,0.08955296874046326,0.6002747416496277,0.2689853310585022,0.3907269835472107,-0.0071403528563678265,0.9253657460212708,0.24365775287151337,0.3885522484779358,-0.04459207504987717,0.916834831237793
U19_v4,14,1,0.28263530135154724,0.1145537793636322,-0.2678195834159851,0.9999823570251465,0.2864472568035126,0.10808683931827545,-0.2515828311443329,0.9999518394470215,0.2902083992958069,0.10812808573246002,-0.2516595125198364,0.9999531507492065,0.29367029666900635,0.1083274781703949,-0.2516734004020691,0.9999535083770752,0.2762221693992615,0.10775065422058105,-0.253731369972229,0.9999451637268066,0.27163809537887573,0.10755352675914764,-0.25374916195869446,0.9999337196350098,0.26689082384109497,0.1075725257396698,-0.2538081109523773,0.999924898147583,0.29682832956314087,0.11049441993236542,-0.13294900953769684,0.9999091625213623,0.25708168745040894,0.10964617133140564,-0.14571194350719452,0.9999284744262695,0.28702378273010254,0.12194348126649857,-0.22147157788276672,0.9999819993972778,0.2736589014530182,0.12097503244876862,-0.22525860369205475,0.9999845027923584,0.32773491740226746,0.14606744050979614,-0.06050112843513489,0.9999825954437256,0.21598762273788452,0.14381349086761475,-0.05357005447149277,0.9999862909317017,0.3450188934803009,0.1944977045059204,-0.15578198432922363,0.997528612613678,0.17854826152324677,0.1794559508562088,0.01732639968395233,0.9930960536003113,0.2946154475212097,0.17906659841537476,-0.40388011932373047,0.998752236366272,0.13908664882183075,0.21162590384483337,-0.0638614147901535,0.9848905205726624,0.2862432599067688,0.1737489253282547,-0.45403823256492615,0.9966920614242554,0.13022463023662567,0.22065052390098572,-0.08118266612291336,0.9698678255081177,0.28570300340652466,0.1687909960746765,-0.450599730014801,0.9966199398040771,0.13684581220149994,0.2201519012451172,-0.1180504783987999,0.9712885022163391,0.28780362010002136,0.17044639587402344,-0.40573886036872864,0.9939762353897095,0.14152824878692627,0.21787521243095398,-0.07886891812086105,0.966209888458252,0.29475608468055725,0.23484352231025696,0.033608149737119675,0.9982461929321289,0.23340031504631042,0.23289854824543,-0.03368007019162178,0.9990642666816711,0.27598637342453003,0.3046325147151947,0.012637721374630928,0.7691120505332947,0.261763334274292,0.3023127317428589,-0.1490021049976349,0.9297052025794983,0.2590206265449524,0.3691626191139221,0.10386204719543457,0.7462989687919617,0.2467523217201233,0.37532171607017517,-0.08600175380706787,0.8591692447662354,0.2473142445087433,0.3796674311161041,0.10631012171506882,0.6045233607292175,0.23929069936275482,0.387350857257843,-0.08798715472221375,0.5432094931602478,0.2798304855823517,0.38859015703201294,-0.0020565770100802183,0.757608950138092,0.2650907039642334,0.3952047526836395,-0.23070362210273743,0.822845458984375
U19_v4,15,1,0.2875092625617981,0.11850111186504364,-0.26751217246055603,0.99997878074646,0.29257842898368835,0.1119985431432724,-0.2470242828130722,0.9999516010284424,0.29622170329093933,0.11210066080093384,-0.24712161719799042,0.9999550580978394,0.299292653799057,0.11230309307575226,-0.24714630842208862,0.9999492168426514,0.2813320755958557,0.11168523132801056,-0.2510949671268463,0.9999382495880127,0.2764144241809845,0.11163187026977539,-0.2510989308357239,0.9999231100082397,0.27118727564811707,0.11169050633907318,-0.25117507576942444,0.9999092817306519,0.30228397250175476,0.1145191639661789,-0.10654722899198532,0.999930739402771,0.25973206758499146,0.11411786079406738,-0.1293308585882187,0.9999303817749023,0.29208457469940186,0.12540923058986664,-0.21245154738426208,0.999982476234436,0.2781626880168915,0.12493818253278732,-0.21924464404582977,0.9999833106994629,0.33186060190200806,0.14963781833648682,-0.029566368088126183,0.9999805688858032,0.21865051984786987,0.14571984112262726,-0.021385835483670235,0.9999837875366211,0.3582857549190521,0.20035110414028168,-0.13480126857757568,0.9961349964141846,0.18023693561553955,0.1772650182247162,0.05418466404080391,0.9697090983390808,0.3009667992591858,0.17904755473136902,-0.39851266145706177,0.9970617890357971,0.13767606019973755,0.20410920679569244,-0.04207738861441612,0.9616537690162659,0.29556113481521606,0.1711854487657547,-0.45389506220817566,0.9929310083389282,0.1287606656551361,0.21382193267345428,-0.06617864221334457,0.932964563369751,0.2973461151123047,0.16522568464279175,-0.4515664279460907,0.9929255247116089,0.13532346487045288,0.21352477371692657,-0.1088152602314949,0.938341498374939,0.29640576243400574,0.16798460483551025,-0.40235698223114014,0.9880780577659607,0.14029136300086975,0.21107925474643707,-0.06086887791752815,0.9315302968025208,0.2974105775356293,0.23971562087535858,0.02479279413819313,0.9968474507331848,0.23721623420715332,0.2376878559589386,-0.024678770452737808,0.9983002543449402,0.27317947149276733,0.3098388910293579,0.01637338288128376,0.45822370052337646,0.2631876766681671,0.30692800879478455,-0.16576607525348663,0.7423693537712097,0.2479628324508667,0.3773978054523468,0.11494120210409164,0.4695254862308502,0.26507219672203064,0.3801092505455017,-0.08463902771472931,0.7631031274795532,0.23452524840831757,0.3880535364151001,0.1169237345457077,0.5139845013618469,0.2650466859340668,0.39340049028396606,-0.08552297204732895,0.6418802738189697,0.2611161768436432,0.4015114903450012,-0.00672596599906683,0.5361254215240479,0.27138057351112366,0.3937914967536926,-0.24529072642326355,0.7458428144454956
U19_v4,16,1,0.29326963424682617,0.12213730812072754,-0.2267409712076187,0.9999854564666748,0.2967278063297272,0.11586633324623108,-0.20477189123630524,0.9999604225158691,0.2996252775192261,0.11581292748451233,-0.20488053560256958,0.9999618530273438,0.3031320571899414,0.11578994989395142,-0.2048865109682083,0.9999589920043945,0.28631484508514404,0.11563065648078918,-0.20884646475315094,0.9999550580978394,0.2813659906387329,0.11549557745456696,-0.2088363617658615,0.9999443292617798,0.27657344937324524,0.11553499102592468,-0.20890584588050842,0.9999396800994873,0.3052404820919037,0.11708652973175049,-0.06513243913650513,0.9999271631240845,0.2653939425945282,0.11726343631744385,-0.08836113661527634,0.9999300241470337,0.2965698838233948,0.12884311378002167,-0.17269596457481384,0.9999827146530151,0.2833552360534668,0.12852174043655396,-0.17968107759952545,0.999985933303833,0.33427464962005615,0.1516946703195572,-0.0027807021979242563,0.9999730587005615,0.22255313396453857,0.14762091636657715,0.017838550731539726,0.999988317489624,0.36359766125679016,0.2025812715291977,-0.10865581035614014,0.995169460773468,0.18290570378303528,0.17773717641830444,0.09645143896341324,0.9693054556846619,0.3042411208152771,0.18171042203903198,-0.3592243194580078,0.9971761703491211,0.13867731392383575,0.20292678475379944,-0.0002557185653131455,0.9702622294425964,0.29675981402397156,0.17370982468128204,-0.4124809801578522,0.9938217401504517,0.1287166327238083,0.21258585155010223,-0.023111844435334206,0.9499473571777344,0.29811933636665344,0.1681184619665146,-0.4115302562713623,0.9938699007034302,0.1360023468732834,0.21243837475776672,-0.06513003259897232,0.9540175795555115,0.2978670597076416,0.17132844030857086,-0.36280250549316406,0.989219605922699,0.14086808264255524,0.21034082770347595,-0.018684551119804382,0.9474509954452515,0.3026568591594696,0.2463487982749939,0.021722462028265,0.9963517189025879,0.2433704137802124,0.2446722388267517,-0.02164812944829464,0.9991772770881653,0.27148690819740295,0.3151877522468567,0.07667825371026993,0.6091979742050171,0.2709973156452179,0.314433217048645,-0.217291921377182,0.8966661691665649,0.24080580472946167,0.37868767976760864,0.2078304886817932,0.5810848474502563,0.2784042954444885,0.3858811557292938,-0.19760854542255402,0.9112317562103271,0.22604164481163025,0.38978785276412964,0.21443650126457214,0.5992427468299866,0.28100576996803284,0.4051777124404907,-0.2045772671699524,0.7590128183364868,0.25676241517066956,0.3949507772922516,0.10533846169710159,0.6883777379989624,0.28716036677360535,0.3981306552886963,-0.3701300621032715,0.8912851214408875
U19_v4,17,1,0.29742810130119324,0.12565819919109344,-0.2771817445755005,0.9999935626983643,0.3008142411708832,0.11911451816558838,-0.25291499495506287,0.9999829530715942,0.3037024438381195,0.11899514496326447,-0.25302329659461975,0.9999817609786987,0.3072304427623749,0.11892502009868622,-0.25304779410362244,0.99997878074646,0.2900255024433136,0.11897937953472137,-0.25746601819992065,0.9999825954437256,0.28498485684394836,0.11883047223091125,-0.2574772238731384,0.9999791383743286,0.2802506983280182,0.11868281662464142,-0.257521390914917,0.9999772310256958,0.30997422337532043,0.12053683400154114,-0.0983889251947403,0.9999650716781616,0.26879286766052246,0.12016342580318451,-0.12480416148900986,0.9999735355377197,0.30081427097320557,0.1328926384449005,-0.21786166727542877,0.9999936819076538,0.28750425577163696,0.13254696130752563,-0.22589769959449768,0.9999955892562866,0.341258704662323,0.1545201539993286,-0.021032121032476425,0.9999728202819824,0.22638888657093048,0.15139392018318176,-0.0189727284014225,0.999992847442627,0.37200215458869934,0.20476306974887848,-0.13604652881622314,0.9958315491676331,0.18491238355636597,0.18089400231838226,-0.02523762360215187,0.9770121574401855,0.3088846206665039,0.18443146347999573,-0.3995341956615448,0.9970868229866028,0.13962669670581818,0.20584452152252197,-0.23165136575698853,0.9767001271247864,0.3012765347957611,0.17747879028320312,-0.4569527208805084,0.9931747317314148,0.1308847963809967,0.21497350931167603,-0.2745414674282074,0.9621334671974182,0.3017174303531647,0.1709035336971283,-0.45685553550720215,0.9931663870811462,0.13930103182792664,0.21450039744377136,-0.30615755915641785,0.9649145603179932,0.3017730414867401,0.17451179027557373,-0.40353161096572876,0.9877974390983582,0.1440678834915161,0.2124060094356537,-0.24873141944408417,0.9567972421646118,0.3098239302635193,0.25207480788230896,0.028135057538747787,0.9977306723594666,0.2508058547973633,0.25027087330818176,-0.028142578899860382,0.9996938705444336,0.27545982599258423,0.3208116292953491,0.11491221189498901,0.7504104971885681,0.2781805396080017,0.32118529081344604,-0.2196839153766632,0.9529841542243958,0.2399078756570816,0.3774624466896057,0.3330293595790863,0.6865822076797485,0.29507890343666077,0.3951355814933777,-0.17899656295776367,0.9609513878822327,0.21996057033538818,0.38257789611816406,0.3489132225513458,0.6669884920120239,0.29776862263679504,0.40981170535087585,-0.18389394879341125,0.8262932896614075,0.2520373463630676,0.3988018035888672,0.24471396207809448,0.7896549701690674,0.30579903721809387,0.40635502338409424,-0.3574710190296173,0.9451709985733032
U19_v4,18,1,0.30182331800460815,0.12625180184841156,-0.2998639941215515,0.999994158744812,0.3061249554157257,0.11957775056362152,-0.2767516076564789,0.9999825954437256,0.3097727596759796,0.11952358484268188,-0.2768380641937256,0.9999804496765137,0.31234028935432434,0.11959622800350189,-0.27685418725013733,0.9999805688858032,0.2946983575820923,0.11961233615875244,-0.279400497674942,0.9999796152114868,0.2898624837398529,0.11955241858959198,-0.27938273549079895,0.9999710321426392,0.28542959690093994,0.1195945143699646,-0.2794162333011627,0.9999699592590332,0.31413733959198,0.12119048833847046,-0.12183639407157898,0.9999643564224243,0.27515214681625366,0.12103454768657684,-0.13746009767055511,0.9999620914459229,0.30636951327323914,0.13455191254615784,-0.24009177088737488,0.9999946355819702,0.29226452112197876,0.13402080535888672,-0.24490965902805328,0.9999954700469971,0.34607064723968506,0.15696609020233154,-0.03975927084684372,0.9999896287918091,0.23002807796001434,0.1524786651134491,-0.026456933468580246,0.9999933242797852,0.3746771216392517,0.205241858959198,-0.16611875593662262,0.997516393661499,0.1878635734319687,0.18389233946800232,0.03881401568651199,0.9885172843933105,0.31796351075172424,0.18634843826293945,-0.4618385434150696,0.9983305335044861,0.14368975162506104,0.21273435652256012,-0.0664089024066925,0.9802261590957642,0.3065893352031708,0.18043607473373413,-0.524764895439148,0.9954764246940613,0.13247451186180115,0.2200520783662796,-0.09785746783018112,0.9605513215065002,0.3076355755329132,0.17448103427886963,-0.524976909160614,0.9954096674919128,0.1390947550535202,0.21902348101139069,-0.1351974606513977,0.9633737802505493,0.30946579575538635,0.17670542001724243,-0.46655747294425964,0.9914699196815491,0.14454486966133118,0.21711058914661407,-0.08347926288843155,0.9566148519515991,0.31622081995010376,0.2581194341182709,0.034762147814035416,0.9989284873008728,0.2571975290775299,0.25516995787620544,-0.0347384475171566,0.9998036026954651,0.28730958700180054,0.32500627636909485,0.1016751378774643,0.8157170414924622,0.28196701407432556,0.3254622220993042,-0.17969924211502075,0.9770213961601257,0.24042640626430511,0.37508177757263184,0.3662494719028473,0.7486507892608643,0.2984485626220703,0.40065354108810425,-0.08718812465667725,0.9798457026481628,0.22002673149108887,0.3775765001773834,0.3878278136253357,0.7626335024833679,0.3011016249656677,0.4125022888183594,-0.08639232069253922,0.8667963743209839,0.25499898195266724,0.4045056998729706,0.2830657958984375,0.8362606763839722,0.310851514339447,0.41617682576179504,-0.2539415657520294,0.9649291634559631
U19_v4,19,1,0.3061075806617737,0.126815065741539,-0.2807651460170746,0.9999909400939941,0.31159427762031555,0.12039622664451599,-0.2577153146266937,0.9999737739562988,0.31473636627197266,0.12042854726314545,-0.2578105628490448,0.9999706745147705,0.3170892894268036,0.12034893035888672,-0.2578241527080536,0.9999692440032959,0.2995990216732025,0.11989425122737885,-0.2616744339466095,0.9999713897705078,0.2944084405899048,0.11967983841896057,-0.2616557776927948,0.9999608993530273,0.2896113395690918,0.11957129836082458,-0.26171764731407166,0.9999582767486572,0.3183956444263458,0.12168562412261963,-0.10682666301727295,0.9999518394470215,0.2798297107219696,0.1212923675775528,-0.12782679498195648,0.9999560117721558,0.3100619614124298,0.1340574026107788,-0.22249916195869446,0.9999935626983643,0.29547929763793945,0.13358163833618164,-0.22882501780986786,0.999995231628418,0.3493048846721649,0.15808391571044922,-0.03234214335680008,0.9999884366989136,0.23697906732559204,0.15517699718475342,-0.018114576116204262,0.9999943971633911,0.37421223521232605,0.20654484629631042,-0.15582023561000824,0.9954348206520081,0.19903355836868286,0.18833017349243164,0.05367074906826019,0.9829416871070862,0.31941068172454834,0.18866699934005737,-0.45817553997039795,0.9973942041397095,0.15298672020435333,0.2204935997724533,-0.04949849471449852,0.977080225944519,0.3111549913883209,0.18142713606357574,-0.5213835835456848,0.9938393235206604,0.14273986220359802,0.2306261956691742,-0.07785587757825851,0.9567712545394897,0.3134261965751648,0.17536279559135437,-0.5247679948806763,0.9937880635261536,0.1490786224603653,0.23023295402526855,-0.11994831264019012,0.9602614641189575,0.3134171664714813,0.17788520455360413,-0.4649241268634796,0.9890050292015076,0.1542298048734665,0.22771301865577698,-0.06802487373352051,0.9530350565910339,0.322208434343338,0.25829383730888367,0.03483860567212105,0.999525785446167,0.26361212134361267,0.2567419111728668,-0.03488745540380478,0.9998795986175537,0.30334317684173584,0.3283137083053589,0.06529459357261658,0.8747515082359314,0.28876280784606934,0.3286822736263275,-0.12333894520998001,0.973394513130188,0.24603240191936493,0.37300562858581543,0.3573567271232605,0.7698425650596619,0.2922220826148987,0.4027470648288727,0.013022512197494507,0.9801352620124817,0.2282303273677826,0.37510043382644653,0.3820981979370117,0.768157958984375,0.29142725467681885,0.4147522449493408,0.01859208196401596,0.8836057782173157,0.25619614124298096,0.40521419048309326,0.28292316198349,0.8506065607070923,0.30564621090888977,0.4212638735771179,-0.14116476476192474,0.9695019721984863
U19_v4,20,1,0.31198617815971375,0.12671278417110443,-0.3144971430301666,0.9999629259109497,0.3156980574131012,0.11998812854290009,-0.2933878004550934,0.999897837638855,0.3187601566314697,0.12002336978912354,-0.2934873104095459,0.9998915195465088,0.3220387101173401,0.12011522054672241,-0.29351693391799927,0.9998968839645386,0.30511048436164856,0.11966820061206818,-0.2940004765987396,0.9998852014541626,0.30024781823158264,0.11949166655540466,-0.29397404193878174,0.9998458623886108,0.2951749861240387,0.1196376383304596,-0.294033408164978,0.9998451471328735,0.32266074419021606,0.12233191728591919,-0.14937835931777954,0.9998437166213989,0.2824837565422058,0.12228189408779144,-0.1537722796201706,0.9997864365577698,0.3153548538684845,0.13420477509498596,-0.2585967779159546,0.999977707862854,0.3021703362464905,0.1340906023979187,-0.2601683735847473,0.9999817609786987,0.35556355118751526,0.15717671811580658,-0.08165738731622696,0.9999804496765137,0.24196869134902954,0.15656356513500214,-0.033059414476156235,0.9999896287918091,0.37441474199295044,0.2060011327266693,-0.2095390260219574,0.9935954213142395,0.20697098970413208,0.19703459739685059,0.06386815011501312,0.9860528707504272,0.3248622715473175,0.19489899277687073,-0.5187996029853821,0.9963083863258362,0.1623239666223526,0.23354434967041016,-0.028342027217149734,0.9808628559112549,0.3159666359424591,0.1895829439163208,-0.5827959775924683,0.9919030070304871,0.1509760171175003,0.24565249681472778,-0.053730323910713196,0.9651092290878296,0.31838297843933105,0.18363305926322937,-0.5872803926467896,0.9917265176773071,0.1575876623392105,0.24608421325683594,-0.09577295929193497,0.9678109884262085,0.3187716603279114,0.18477314710617065,-0.5256373286247253,0.985630214214325,0.16305172443389893,0.24253684282302856,-0.04661830887198448,0.9611344933509827,0.3247525691986084,0.2605203092098236,0.02415715903043747,0.9994986057281494,0.2639728784561157,0.2601797580718994,-0.024230387061834335,0.9998779296875,0.31335219740867615,0.3325025737285614,0.06969945877790451,0.9317778944969177,0.2829678952693939,0.3327322006225586,-0.08558307588100433,0.9866672158241272,0.2538612484931946,0.3689544200897217,0.4615871012210846,0.6843154430389404,0.28310489654541016,0.40635162591934204,0.08024808764457703,0.9768026471138,0.2386232316493988,0.3689137399196625,0.4986473619937897,0.5795692205429077,0.2779009938240051,0.4147627055644989,0.08948905766010284,0.7932974696159363,0.2646665573120117,0.40371838212013245,0.41513898968696594,0.7740465998649597,0.3032386600971222,0.42531585693359375,-0.0737210139632225,0.9620903134346008
U19_v4,21,1,0.31555184721946716,0.12810462713241577,-0.3955670893192291,0.9999725818634033,0.3204091489315033,0.12185057997703552,-0.37256455421447754,0.9999426603317261,0.32328638434410095,0.12193971872329712,-0.37269070744514465,0.999940037727356,0.3262633681297302,0.12206171452999115,-0.37275370955467224,0.9999387264251709,0.30944401025772095,0.12144887447357178,-0.3738071620464325,0.9999279975891113,0.30428242683410645,0.12122182548046112,-0.37378573417663574,0.9998995065689087,0.2988963723182678,0.12117356061935425,-0.37382030487060547,0.9998903274536133,0.3265845775604248,0.1243128776550293,-0.21135444939136505,0.9999192953109741,0.28619638085365295,0.12324255704879761,-0.21737250685691833,0.9998487234115601,0.3184841275215149,0.13571353256702423,-0.3329320549964905,0.999988317489624,0.30502068996429443,0.13562610745429993,-0.33495619893074036,0.999988317489624,0.3588123917579651,0.16102303564548492,-0.11801993101835251,0.9999874830245972,0.2481122761964798,0.15983688831329346,-0.07994817942380905,0.9999845027923584,0.3733993172645569,0.20711806416511536,-0.22029221057891846,0.994300127029419,0.21850700676441193,0.20833246409893036,0.0249393992125988,0.9913627505302429,0.3307781219482422,0.2068963646888733,-0.5539668202400208,0.9959742426872253,0.1775546371936798,0.24833261966705322,-0.09338295459747314,0.9868698716163635,0.3200701177120209,0.20800292491912842,-0.6261965036392212,0.9910016655921936,0.1712019294500351,0.2611691653728485,-0.12892138957977295,0.9746520519256592,0.3207850158214569,0.20240077376365662,-0.6448498964309692,0.9910944104194641,0.17493438720703125,0.26097241044044495,-0.1757739633321762,0.9769320487976074,0.322002112865448,0.20184758305549622,-0.5671159029006958,0.9847660064697266,0.1781761348247528,0.25708863139152527,-0.11353584378957748,0.9692785739898682,0.32488521933555603,0.2589477598667145,0.024521833285689354,0.9995819926261902,0.26294055581092834,0.25791987776756287,-0.024569058790802956,0.9998449087142944,0.3208712637424469,0.334372341632843,0.031407952308654785,0.9152716994285583,0.2775854766368866,0.33811771869659424,-0.0823516845703125,0.9773698449134827,0.28889474272727966,0.3816015124320984,0.4421766996383667,0.6146699786186218,0.28471624851226807,0.40909260511398315,0.11539126187562943,0.9427688121795654,0.2752193510532379,0.38354721665382385,0.4793285131454468,0.5279319286346436,0.28086555004119873,0.41982144117355347,0.1273156851530075,0.6841349601745605,0.2948397099971771,0.406240850687027,0.37545424699783325,0.6829574704170227,0.3016566038131714,0.42925935983657837,-0.04690861329436302,0.9142066836357117
U19_v4,22,1,0.3183814585208893,0.1292501986026764,-0.35251927375793457,0.9999070167541504,0.32295674085617065,0.12222857773303986,-0.33099567890167236,0.99977046251297,0.32641369104385376,0.12209492921829224,-0.3311239182949066,0.9997701048851013,0.3289627432823181,0.12211565673351288,-0.33116641640663147,0.9997760653495789,0.31086182594299316,0.12218303978443146,-0.33475032448768616,0.9997321963310242,0.3058996796607971,0.12219643592834473,-0.33473995327949524,0.999651312828064,0.301140159368515,0.1224229484796524,-0.3347724676132202,0.9996371269226074,0.33038565516471863,0.12475058436393738,-0.17828503251075745,0.9996838569641113,0.2908145785331726,0.12525762617588043,-0.19281379878520966,0.9994285702705383,0.32373037934303284,0.13717925548553467,-0.29252147674560547,0.9999394416809082,0.3081938922405243,0.1374536007642746,-0.2967507541179657,0.9999339580535889,0.36375656723976135,0.15905465185642242,-0.08753479272127151,0.9999853372573853,0.25265932083129883,0.16487091779708862,-0.06915399432182312,0.9999291896820068,0.3818066716194153,0.199403315782547,-0.14013291895389557,0.9864591360092163,0.23182234168052673,0.21773669123649597,0.016804257407784462,0.9879181981086731,0.3490825891494751,0.21550552546977997,-0.42716583609580994,0.9904041290283203,0.19949692487716675,0.2637159824371338,-0.1023896336555481,0.982056200504303,0.340568870306015,0.22378608584403992,-0.4915064871311188,0.9816061854362488,0.19311067461967468,0.27887529134750366,-0.13923457264900208,0.9671462774276733,0.33329370617866516,0.2188226878643036,-0.5193390846252441,0.9819419384002686,0.19910828769207,0.27893415093421936,-0.18291455507278442,0.9698060750961304,0.33347249031066895,0.2161894291639328,-0.44258439540863037,0.9726481437683105,0.2042563557624817,0.2753683626651764,-0.12092144787311554,0.9610270261764526,0.33093148469924927,0.2621908187866211,0.01945899799466133,0.9989314675331116,0.26707959175109863,0.26142674684524536,-0.019440902397036552,0.9992371797561646,0.3282196819782257,0.3361535370349884,-0.004610014613717794,0.9598900675773621,0.27234891057014465,0.3403097093105316,-0.05163560435175896,0.9799387454986572,0.3026804029941559,0.387501060962677,0.3105461001396179,0.8632175326347351,0.2793854773044586,0.4097331464290619,0.13986903429031372,0.9610904455184937,0.2941170036792755,0.3890835642814636,0.33566468954086304,0.6621406078338623,0.27763915061950684,0.4168349504470825,0.15059499442577362,0.7018305063247681,0.30862778425216675,0.41983214020729065,0.20770263671875,0.8572711944580078,0.2887810468673706,0.43467700481414795,-0.018409363925457,0.9362031817436218
U19_v4,23,1,0.32361581921577454,0.13179844617843628,-0.3326435387134552,0.9999265670776367,0.32831308245658875,0.12506984174251556,-0.31081828474998474,0.9997897744178772,0.3319541811943054,0.1250946968793869,-0.31093087792396545,0.9997904896736145,0.33544036746025085,0.1251889020204544,-0.31095340847969055,0.9997671246528625,0.3158884346485138,0.12485264241695404,-0.31403952836990356,0.9997217059135437,0.31066614389419556,0.12482106685638428,-0.31402355432510376,0.9996864795684814,0.3055339455604553,0.12493070960044861,-0.31407836079597473,0.9996793270111084,0.3374459445476532,0.12774023413658142,-0.1639385223388672,0.9995254278182983,0.2944153845310211,0.12775012850761414,-0.1759897768497467,0.9995006322860718,0.3287452757358551,0.13996756076812744,-0.2758512794971466,0.9999386072158813,0.31316494941711426,0.1401563137769699,-0.2793392241001129,0.9999388456344604,0.3707505464553833,0.16415435075759888,-0.07930459082126617,0.9999613761901855,0.256564199924469,0.16915646195411682,-0.08627457171678543,0.9998742341995239,0.38083210587501526,0.20596911013126373,-0.1569075882434845,0.9286681413650513,0.2443886399269104,0.22347010672092438,-0.05328216403722763,0.9856266379356384,0.3565841615200043,0.23098953068256378,-0.46933162212371826,0.9544680714607239,0.2230018675327301,0.27706265449523926,-0.18253320455551147,0.9667365550994873,0.35210123658180237,0.24169565737247467,-0.5403404831886292,0.9429393410682678,0.2237875759601593,0.2932417094707489,-0.22682206332683563,0.940493106842041,0.34343576431274414,0.23706284165382385,-0.5725939869880676,0.946057140827179,0.23294523358345032,0.2913912534713745,-0.26774221658706665,0.9429114460945129,0.3430429697036743,0.23318828642368317,-0.48863446712493896,0.9278230667114258,0.23479104042053223,0.2867357134819031,-0.200164332985878,0.9298089742660522,0.334990918636322,0.26800307631492615,0.01600261777639389,0.9996495246887207,0.26665565371513367,0.2676566243171692,-0.01604790799319744,0.9993425011634827,0.3354640007019043,0.3434206545352936,-0.05673249438405037,0.9768839478492737,0.2666536271572113,0.34641745686531067,-0.030919792130589485,0.9845481514930725,0.31579235196113586,0.40505319833755493,0.2432197630405426,0.9589056372642517,0.2721094489097595,0.41043323278427124,0.2309119552373886,0.9723959565162659,0.30175119638442993,0.41028904914855957,0.26490068435668945,0.79234379529953,0.2732293903827667,0.4174961447715759,0.24787263572216034,0.7284767031669617,0.3308383822441101,0.43491196632385254,0.10913705080747604,0.9532638192176819,0.28444766998291016,0.43557119369506836,0.07684513181447983,0.9603861570358276
U19_v4,24,1,0.3282008469104767,0.13687185943126678,-0.3478030264377594,0.999962329864502,0.33270931243896484,0.13020697236061096,-0.3280760645866394,0.999893069267273,0.3360210359096527,0.13028813898563385,-0.32815197110176086,0.9998929500579834,0.33894166350364685,0.1303580403327942,-0.3281717300415039,0.999884843826294,0.3210180699825287,0.12996253371238708,-0.33315280079841614,0.999872088432312,0.31609654426574707,0.12994155287742615,-0.33314746618270874,0.999855637550354,0.311007022857666,0.13009978830814362,-0.3331925570964813,0.9998440742492676,0.340444415807724,0.13296227157115936,-0.19052700698375702,0.999695897102356,0.29955270886421204,0.13265582919120789,-0.21196961402893066,0.999792754650116,0.333026260137558,0.145292729139328,-0.29425448179244995,0.9999610185623169,0.31687048077583313,0.14501574635505676,-0.3003661036491394,0.9999632835388184,0.37125325202941895,0.16955165565013885,-0.0932815745472908,0.9999804496765137,0.2608487606048584,0.17170536518096924,-0.1381499022245407,0.9999212026596069,0.3811624050140381,0.21152885258197784,-0.12942054867744446,0.9529049396514893,0.2540448307991028,0.22730028629302979,-0.11129817366600037,0.9887571930885315,0.35800960659980774,0.24133582413196564,-0.3761339783668518,0.9743891954421997,0.2532061040401459,0.2861165404319763,-0.21211981773376465,0.9678016901016235,0.3569337725639343,0.2537941634654999,-0.43684348464012146,0.9608309864997864,0.2550659775733948,0.30345091223716736,-0.2541501522064209,0.9384558200836182,0.349555641412735,0.24874402582645416,-0.4687645137310028,0.9626142978668213,0.26852545142173767,0.3014797270298004,-0.2897259593009949,0.9389747381210327,0.34759044647216797,0.24467526376247406,-0.39388394355773926,0.9486088752746582,0.2687399983406067,0.2956011891365051,-0.22674952447414398,0.9268721342086792,0.33379244804382324,0.2699362635612488,0.021454671397805214,0.9998003840446472,0.2637159526348114,0.2713479697704315,-0.02151775360107422,0.9996121525764465,0.34343791007995605,0.34291523694992065,-0.011093725450336933,0.983062744140625,0.25850629806518555,0.3485366702079773,-0.006107937078922987,0.9866693019866943,0.3354312479496002,0.416649729013443,0.14170746505260468,0.9829880595207214,0.26521170139312744,0.4107537269592285,0.18343442678451538,0.9781162738800049,0.32511013746261597,0.42513716220855713,0.14748014509677887,0.875532865524292,0.26869648694992065,0.4196731448173523,0.19312825798988342,0.7385779023170471,0.3532370328903198,0.4403514266014099,-0.011390730738639832,0.9746915698051453,0.2749846577644348,0.4344300627708435,0.03459106758236885,0.9686388373374939
U19_v4,25,1,0.333050936460495,0.14281828701496124,-0.2583162784576416,0.9998995065689087,0.3385874927043915,0.135828897356987,-0.23938770592212677,0.9997679591178894,0.342316597700119,0.13599783182144165,-0.23949967324733734,0.9997710585594177,0.34527865052223206,0.13619853556156158,-0.23957613110542297,0.9997687935829163,0.32528525590896606,0.13552747666835785,-0.24587392807006836,0.9997105002403259,0.3196945786476135,0.13549524545669556,-0.24584658443927765,0.9996843338012695,0.3145398795604706,0.13551945984363556,-0.24584278464317322,0.9996830224990845,0.34888437390327454,0.13895197212696075,-0.10784061253070831,0.9992490410804749,0.30381834506988525,0.13849765062332153,-0.1370953917503357,0.999586284160614,0.33911073207855225,0.1511671543121338,-0.2060352861881256,0.9998224377632141,0.3219687342643738,0.15084414184093475,-0.21427297592163086,0.9998683929443359,0.3724900782108307,0.17465759813785553,-0.017280064523220062,0.9999750852584839,0.26584118604660034,0.17798152565956116,-0.07034449279308319,0.9998781681060791,0.37491661310195923,0.21453389525413513,-0.04937746003270149,0.913977324962616,0.256451815366745,0.23637321591377258,-0.05697634443640709,0.9870593547821045,0.3648509681224823,0.24582713842391968,-0.28414687514305115,0.9589018821716309,0.2875944972038269,0.2825676202774048,-0.1647663116455078,0.9604162573814392,0.367941290140152,0.25604432821273804,-0.3458647131919861,0.9403765201568604,0.2961311638355255,0.2965218424797058,-0.20776543021202087,0.928135335445404,0.3623940646648407,0.2539516091346741,-0.37362155318260193,0.943924069404602,0.30944547057151794,0.29461339116096497,-0.23092810809612274,0.928267240524292,0.3592708706855774,0.25006502866744995,-0.3011518120765686,0.9253939986228943,0.3075740337371826,0.2899014949798584,-0.1737811118364334,0.9094020128250122,0.3364778757095337,0.2701888084411621,0.020985247567296028,0.9997411370277405,0.26689648628234863,0.26942020654678345,-0.020912667736411095,0.9993687272071838,0.3511439263820648,0.3464217782020569,-0.08522239327430725,0.9538462162017822,0.2595708966255188,0.348580002784729,-0.046216461807489395,0.9605050086975098,0.36001282930374146,0.4248362183570862,-0.03489420562982559,0.956258237361908,0.25751346349716187,0.41460707783699036,0.08402824401855469,0.9273925423622131,0.35085803270339966,0.43782758712768555,-0.03835784271359444,0.782060980796814,0.25438928604125977,0.4231628477573395,0.08876428753137589,0.536334753036499,0.38382548093795776,0.4415853023529053,-0.19390124082565308,0.9273539185523987,0.2764107286930084,0.4372193217277527,-0.06302069872617722,0.8857023119926453
U19_v4,26,1,0.3378687798976898,0.14418183267116547,-0.274368554353714,0.9999017715454102,0.3425900638103485,0.13665273785591125,-0.2535383403301239,0.9997857213020325,0.3460128605365753,0.13665704429149628,-0.25364020466804504,0.9997919201850891,0.3488563597202301,0.13655373454093933,-0.2536675035953522,0.9997794032096863,0.3300379812717438,0.1367671638727188,-0.2617371678352356,0.9997652173042297,0.32462793588638306,0.1368289440870285,-0.2617396414279938,0.9997339844703674,0.31941765546798706,0.13698287308216095,-0.2617932856082916,0.9997403025627136,0.35198721289634705,0.13878026604652405,-0.11591698229312897,0.999321699142456,0.30837610363960266,0.1406952440738678,-0.15038016438484192,0.9997314810752869,0.3434971570968628,0.15231439471244812,-0.219792440533638,0.9998717308044434,0.32683297991752625,0.15261012315750122,-0.22956694662570953,0.9999105930328369,0.3799428343772888,0.17516157031059265,-0.027058085426688194,0.999967098236084,0.26977190375328064,0.17910361289978027,-0.10033226758241653,0.9998910427093506,0.38179856538772583,0.2204131931066513,-0.08075035363435745,0.943733274936676,0.2659029960632324,0.2341751754283905,-0.10911662131547928,0.9939462542533875,0.36827540397644043,0.2523166239261627,-0.3286648690700531,0.9542370438575745,0.3164585530757904,0.26999545097351074,-0.20686213672161102,0.9818592667579651,0.37048789858818054,0.26568272709846497,-0.3918042778968811,0.9359586238861084,0.3296055495738983,0.28364086151123047,-0.2537439465522766,0.9619729518890381,0.3650384843349457,0.26111048460006714,-0.4207281470298767,0.9376451969146729,0.34072816371917725,0.2777767777442932,-0.27417439222335815,0.9612118005752563,0.36256495118141174,0.2567698359489441,-0.3463324010372162,0.9213849902153015,0.3393385112285614,0.2723219692707062,-0.21406637132167816,0.9470641016960144,0.34116920828819275,0.2755490839481354,0.011991957202553749,0.9998254179954529,0.2729233503341675,0.27438998222351074,-0.01179338525980711,0.9995532631874084,0.35180675983428955,0.35159289836883545,-0.09057310968637466,0.9869970083236694,0.2549552917480469,0.35274162888526917,0.04286733269691467,0.9782395958900452,0.3818260729312897,0.4269738495349884,-0.07530030608177185,0.9865208864212036,0.258886456489563,0.4133145809173584,0.24690036475658417,0.9529040455818176,0.38551560044288635,0.44096440076828003,-0.08406244218349457,0.8898847699165344,0.26279330253601074,0.42023539543151855,0.2584715783596039,0.6620646119117737,0.3910091519355774,0.4395937919616699,-0.26160866022109985,0.9734851121902466,0.2652721405029297,0.4373627305030823,0.11174918711185455,0.9303740859031677
U19_v4,27,1,0.3439733386039734,0.14379459619522095,-0.2451377660036087,0.9998134970664978,0.3484353721141815,0.13658232986927032,-0.22211238741874695,0.9996799230575562,0.3518714904785156,0.13644084334373474,-0.22221794724464417,0.999677300453186,0.3556502163410187,0.1363087147474289,-0.22223281860351562,0.9996734857559204,0.3362009525299072,0.1365511268377304,-0.2306174486875534,0.9996746778488159,0.33059585094451904,0.1364988535642624,-0.2306355983018875,0.9995889067649841,0.32466769218444824,0.1365397572517395,-0.23071928322315216,0.9996020197868347,0.35784801840782166,0.13829314708709717,-0.07168794423341751,0.9990386962890625,0.31335562467575073,0.13902901113033295,-0.10612674057483673,0.9996505975723267,0.34843745827674866,0.15212707221508026,-0.18543864786624908,0.9998292922973633,0.33319079875946045,0.1525534987449646,-0.19525159895420074,0.999870777130127,0.39158833026885986,0.1764548420906067,0.026189222931861877,0.9999465942382812,0.27832433581352234,0.176588773727417,-0.06987641751766205,0.9998924732208252,0.39695921540260315,0.22320574522018433,-0.03769278898835182,0.9010618329048157,0.27368783950805664,0.23154062032699585,-0.10796813666820526,0.9851843118667603,0.3819510042667389,0.24808698892593384,-0.3012472987174988,0.8823040127754211,0.34519025683403015,0.2556849718093872,-0.22595056891441345,0.9575027823448181,0.3799667954444885,0.26016101241111755,-0.3670046925544739,0.866732120513916,0.3647947311401367,0.2624274492263794,-0.274829238653183,0.9247971177101135,0.3765684962272644,0.2536693215370178,-0.392947256565094,0.8720912933349609,0.3710037171840668,0.2546815872192383,-0.2909891903400421,0.9220986366271973,0.3737415671348572,0.2490748167037964,-0.3185068368911743,0.8425713777542114,0.3647976517677307,0.25158369541168213,-0.23151226341724396,0.8863900303840637,0.3462851941585541,0.28070133924484253,0.021839404478669167,0.9998797178268433,0.27923914790153503,0.27720633149147034,-0.02154812403023243,0.9996209144592285,0.352277010679245,0.35658442974090576,-0.12030373513698578,0.9898070693016052,0.26071542501449585,0.35230162739753723,0.08237989246845245,0.9794700145721436,0.3808184862136841,0.4320386052131653,-0.11546061933040619,0.9912059903144836,0.2534334063529968,0.41216808557510376,0.38034048676490784,0.9225543737411499,0.3786013722419739,0.44879046082496643,-0.12546654045581818,0.9230205416679382,0.25540679693222046,0.41967377066612244,0.40186193585395813,0.6050231456756592,0.4043480455875397,0.45117995142936707,-0.32094162702560425,0.9818466305732727,0.2608744204044342,0.434710294008255,0.259000301361084,0.9059996604919434
U19_v4,28,1,0.34929731488227844,0.1433500349521637,-0.2845750153064728,0.9995718598365784,0.35412973165512085,0.13601672649383545,-0.26653310656547546,0.9989877343177795,0.3582511842250824,0.13584871590137482,-0.26658621430397034,0.9988222718238831,0.36186596751213074,0.13576073944568634,-0.26656684279441833,0.998816728591919,0.34127649664878845,0.1362825632095337,-0.2711089551448822,0.9991931319236755,0.33574044704437256,0.1363392174243927,-0.2711213529109955,0.9990488886833191,0.3298328220844269,0.1363808512687683,-0.2712043523788452,0.9992021918296814,0.3653787076473236,0.13761061429977417,-0.12587633728981018,0.9970718622207642,0.3188575804233551,0.13847558200359344,-0.14159944653511047,0.9991863369941711,0.3558732569217682,0.15140080451965332,-0.22731871902942657,0.9995772242546082,0.3404516279697418,0.15132515132427216,-0.2319534718990326,0.9997028708457947,0.4007578194141388,0.1739843487739563,-0.028607364743947983,0.9997643828392029,0.28427183628082275,0.17515018582344055,-0.09209348261356354,0.9998691082000732,0.40423744916915894,0.22691649198532104,-0.08321002870798111,0.8776311874389648,0.2793236970901489,0.2306348830461502,-0.15139302611351013,0.9873631596565247,0.35262811183929443,0.23098383843898773,-0.2857808768749237,0.7625187635421753,0.36157387495040894,0.2352197915315628,-0.27361300587654114,0.953676164150238,0.33621886372566223,0.23672296106815338,-0.33375298976898193,0.7179861664772034,0.38318586349487305,0.2374422252178192,-0.31721043586730957,0.9067181348800659,0.3343082368373871,0.2276756763458252,-0.3381234407424927,0.7138697504997253,0.3862558603286743,0.23116794228553772,-0.31860774755477905,0.8985610008239746,0.3365701735019684,0.2255801558494568,-0.2908536195755005,0.6622735857963562,0.38064152002334595,0.22873207926750183,-0.27338582277297974,0.8526110053062439,0.35816317796707153,0.2826004922389984,0.012603884562849998,0.9998076558113098,0.28772425651550293,0.2798706889152527,-0.01243952289223671,0.9994838237762451,0.3548429310321808,0.35906901955604553,-0.08717677742242813,0.9903398156166077,0.26727861166000366,0.35541391372680664,0.13670141994953156,0.9856647253036499,0.3714410066604614,0.43397393822669983,-0.01903076097369194,0.9903152585029602,0.24805797636508942,0.4100431203842163,0.4545828104019165,0.9519807696342468,0.37001967430114746,0.4479590654373169,-0.021702632308006287,0.8806200623512268,0.24464794993400574,0.41303178668022156,0.4799443185329437,0.6937057971954346,0.3792835474014282,0.45333462953567505,-0.21786828339099884,0.9802903532981873,0.2566109001636505,0.4391777515411377,0.3410319685935974,0.9394004940986633
U19_v4,29,1,0.3557611107826233,0.14341513812541962,-0.24977625906467438,0.9985247254371643,0.3603518307209015,0.13567757606506348,-0.23198670148849487,0.9969544410705566,0.36464983224868774,0.13573969900608063,-0.23205211758613586,0.9964937567710876,0.36823731660842896,0.13587838411331177,-0.2320324033498764,0.9956179857254028,0.3481881618499756,0.1352153718471527,-0.23759813606739044,0.9974972605705261,0.3425849378108978,0.13498900830745697,-0.2376573383808136,0.9974545836448669,0.3362461030483246,0.13484729826450348,-0.23777590692043304,0.9977349042892456,0.3708295524120331,0.13736753165721893,-0.08639645576477051,0.9932450652122498,0.32405152916908264,0.13660451769828796,-0.1050969660282135,0.9985004663467407,0.36052823066711426,0.15132346749305725,-0.189524844288826,0.9990720748901367,0.34573355317115784,0.15120317041873932,-0.19512762129306793,0.9992700219154358,0.40323126316070557,0.17230594158172607,0.017547769472002983,0.9997016787528992,0.2884683310985565,0.17331403493881226,-0.06624110788106918,0.999884843826294,0.41639819741249084,0.2212446928024292,-0.06400549411773682,0.7408089637756348,0.2778918445110321,0.23070189356803894,-0.15528732538223267,0.9944730401039124,0.341235488653183,0.2184646725654602,-0.2713002562522888,0.6015450358390808,0.35868948698043823,0.215124249458313,-0.2677699327468872,0.9766525030136108,0.328125923871994,0.21908175945281982,-0.3110361695289612,0.5404758453369141,0.3813837468624115,0.21604232490062714,-0.30408328771591187,0.9344353079795837,0.3290157914161682,0.21222025156021118,-0.308793842792511,0.5304180383682251,0.3823848366737366,0.207488015294075,-0.2945265471935272,0.9257356524467468,0.33242470026016235,0.21167218685150146,-0.27378907799720764,0.48172488808631897,0.3774367570877075,0.2086050808429718,-0.2623695731163025,0.888420820236206,0.36262890696525574,0.2826215326786041,0.027925333008170128,0.9999277591705322,0.2921370267868042,0.2810930013656616,-0.027934135869145393,0.9997701048851013,0.35597342252731323,0.3653380870819092,-0.12048713117837906,0.9880869388580322,0.28136637806892395,0.3621048927307129,0.002090329071506858,0.9868465065956116,0.362022340297699,0.4384094476699829,0.0606825090944767,0.9836302399635315,0.2503836750984192,0.4016265273094177,0.42511558532714844,0.8695653080940247,0.3548516035079956,0.44961661100387573,0.07096035033464432,0.8043337464332581,0.24287548661231995,0.40343430638313293,0.46345531940460205,0.4739840626716614,0.373575896024704,0.46144336462020874,-0.10309399664402008,0.9710258841514587,0.2576635479927063,0.4380596876144409,0.35138139128685,0.8769819736480713
U19_v4,30,1,0.3638177812099457,0.14095620810985565,-0.38562890887260437,0.9998928308486938,0.36805474758148193,0.13269348442554474,-0.3651874363422394,0.9998326301574707,0.3718031048774719,0.1326713114976883,-0.36525073647499084,0.9997878670692444,0.3755320608615875,0.13275203108787537,-0.365276575088501,0.9997490048408508,0.3555387854576111,0.13236652314662933,-0.3767921030521393,0.9998444318771362,0.3497062623500824,0.13219092786312103,-0.37686246633529663,0.999828577041626,0.3437472879886627,0.13204245269298553,-0.3769802749156952,0.9998093247413635,0.37724658846855164,0.1342829316854477,-0.1881832480430603,0.9996011853218079,0.33206707239151,0.13382405042648315,-0.2368183434009552,0.9999265670776367,0.368038535118103,0.14904852211475372,-0.31324347853660583,0.9999614953994751,0.3538609743118286,0.14931803941726685,-0.3275589644908905,0.9999662637710571,0.40922480821609497,0.17270678281784058,-0.018367845565080643,0.9999306201934814,0.296845942735672,0.1704913079738617,-0.18942521512508392,0.9999752044677734,0.4349236488342285,0.22477832436561584,-0.1348007321357727,0.9073819518089294,0.2842148244380951,0.22959241271018982,-0.31673622131347656,0.9986238479614258,0.39878928661346436,0.209731787443161,-0.4469001591205597,0.8805020451545715,0.3534562289714813,0.2060023844242096,-0.49500250816345215,0.993478536605835,0.39157208800315857,0.20545867085456848,-0.5020828247070312,0.8096246719360352,0.3769975006580353,0.20253315567970276,-0.5431092977523804,0.9751198291778564,0.3879871070384979,0.1969805806875229,-0.49605026841163635,0.8039290308952332,0.3776806592941284,0.1944667398929596,-0.5342959761619568,0.9698689579963684,0.39236578345298767,0.20047980546951294,-0.45117422938346863,0.7550570964813232,0.3699038028717041,0.1945936679840088,-0.49051979184150696,0.945830225944519,0.3694012463092804,0.2836025059223175,0.05989234894514084,0.9999761581420898,0.3030744791030884,0.2810906767845154,-0.059884097427129745,0.9999113082885742,0.36020854115486145,0.36788272857666016,-0.06759170442819595,0.967462956905365,0.29736095666885376,0.36274173855781555,0.002125256694853306,0.9862154722213745,0.3538360595703125,0.44419512152671814,0.15464161336421967,0.9749301671981812,0.25385355949401855,0.4021488130092621,0.4693223237991333,0.8852586150169373,0.338454008102417,0.4574081599712372,0.16974617540836334,0.9076715707778931,0.24388840794563293,0.40310919284820557,0.5114925503730774,0.6127002835273743,0.38500410318374634,0.4606902003288269,0.011038757860660553,0.9702584147453308,0.2608559727668762,0.43800756335258484,0.3920997381210327,0.8994438052177429
U19_v4,31,1,0.3705579936504364,0.13795045018196106,-0.25070250034332275,0.9998817443847656,0.3732883334159851,0.12946370244026184,-0.2295132577419281,0.9997697472572327,0.3759002089500427,0.1292676478624344,-0.2295801043510437,0.9997217059135437,0.3792060315608978,0.12921951711177826,-0.22959284484386444,0.999731719493866,0.36104971170425415,0.12933002412319183,-0.24501602351665497,0.999797523021698,0.35486090183258057,0.12912555038928986,-0.24504931271076202,0.9997708201408386,0.3494558036327362,0.12917761504650116,-0.2451745718717575,0.9997385144233704,0.38161230087280273,0.13119947910308838,-0.07016529887914658,0.9994415640830994,0.33793604373931885,0.13170742988586426,-0.13689181208610535,0.9998480081558228,0.37413904070854187,0.14602738618850708,-0.1862172782421112,0.9999127388000488,0.3606177568435669,0.1474262923002243,-0.20570731163024902,0.9999067783355713,0.4159570038318634,0.1694035530090332,0.07575816661119461,0.9999502897262573,0.30213212966918945,0.16858628392219543,-0.12901689112186432,0.9999504089355469,0.44954439997673035,0.22313827276229858,-0.031024930998682976,0.9650484919548035,0.29271697998046875,0.22892650961875916,-0.28347262740135193,0.9971530437469482,0.41024547815322876,0.20041999220848083,-0.2887038588523865,0.9725119471549988,0.3496880829334259,0.19476908445358276,-0.4593016803264618,0.9941113591194153,0.4006243944168091,0.19168967008590698,-0.3339083790779114,0.9352603554725647,0.37015819549560547,0.18845440447330475,-0.5036947727203369,0.9809290766716003,0.39359304308891296,0.18484941124916077,-0.31489861011505127,0.9317275881767273,0.369780957698822,0.1826733946800232,-0.4925178587436676,0.9768530130386353,0.39233607053756714,0.18723991513252258,-0.28605741262435913,0.9072798490524292,0.3636445105075836,0.185278058052063,-0.4544537365436554,0.9594563245773315,0.37420162558555603,0.2846737205982208,0.08081196248531342,0.999936580657959,0.3107225298881531,0.2820914089679718,-0.08089658617973328,0.9997808337211609,0.36363205313682556,0.36604592204093933,-0.036631811410188675,0.9083542823791504,0.31582847237586975,0.3626347482204437,-0.05235571414232254,0.9684727787971497,0.3484780788421631,0.4422421455383301,0.11116102337837219,0.9451239109039307,0.2637081742286682,0.40644076466560364,0.32235753536224365,0.8445960283279419,0.33607569336891174,0.4561220109462738,0.12001452594995499,0.8931073546409607,0.24920548498630524,0.40806734561920166,0.35578611493110657,0.606592059135437,0.38248586654663086,0.46177446842193604,-0.011757361702620983,0.9526954293251038,0.27458053827285767,0.442989706993103,0.2576233744621277,0.8727129101753235
U19_v4,32,1,0.37663784623146057,0.13736870884895325,-0.2653493881225586,0.9997394680976868,0.37963756918907166,0.1291836053133011,-0.24425822496414185,0.9995514750480652,0.3825361132621765,0.12896500527858734,-0.24435210227966309,0.9995105266571045,0.386221319437027,0.12884658575057983,-0.2443973422050476,0.9995135068893433,0.36805450916290283,0.1289415955543518,-0.25693759322166443,0.9995026588439941,0.3624130189418793,0.1285868138074875,-0.2569641172885895,0.9994595646858215,0.35632750391960144,0.12834754586219788,-0.2570633590221405,0.9993582367897034,0.3880680203437805,0.1301363855600357,-0.0794500932097435,0.9992191791534424,0.3425949811935425,0.13045212626457214,-0.13290715217590332,0.9996071457862854,0.3797588348388672,0.14527978003025055,-0.19815751910209656,0.9998233914375305,0.36715540289878845,0.1456821858882904,-0.21384268999099731,0.9997761845588684,0.42404788732528687,0.1666748821735382,0.06784923374652863,0.9999439716339111,0.306382954120636,0.16668151319026947,-0.10927289724349976,0.9998941421508789,0.4610402286052704,0.2228909581899643,-0.05030987411737442,0.9686747193336487,0.2990827262401581,0.22610321640968323,-0.27020472288131714,0.9935924410820007,0.41680029034614563,0.1952255368232727,-0.32701730728149414,0.9756194353103638,0.35037773847579956,0.18826963007450104,-0.48675623536109924,0.9893733859062195,0.4071540832519531,0.1853620409965515,-0.3768951892852783,0.9444839358329773,0.3692329227924347,0.18062320351600647,-0.5366550087928772,0.970332145690918,0.4007285535335541,0.17960283160209656,-0.36082202196121216,0.9411688446998596,0.370097279548645,0.17388737201690674,-0.5265664458274841,0.964726448059082,0.3988116681575775,0.1834057867527008,-0.326015830039978,0.9214839935302734,0.3651294708251953,0.1772153675556183,-0.48408564925193787,0.9412906169891357,0.38059350848197937,0.2813180387020111,0.08136943727731705,0.9998528957366943,0.3169809579849243,0.27511587738990784,-0.08150112628936768,0.9995361566543579,0.3682193458080292,0.3634682893753052,-0.01683460921049118,0.8979880809783936,0.3314821720123291,0.3584499955177307,-0.11308855563402176,0.975702702999115,0.3396959900856018,0.43592938780784607,0.2073235809803009,0.9306869506835938,0.28231197595596313,0.41307154297828674,0.22677813470363617,0.8894091248512268,0.32343173027038574,0.4451865553855896,0.22386950254440308,0.8770728707313538,0.27043136954307556,0.4168911874294281,0.2562437951564789,0.6513053178787231,0.3693974018096924,0.46042460203170776,0.10092807561159134,0.9401116967201233,0.29578596353530884,0.4492131471633911,0.1460801362991333,0.8924211263656616
U19_v4,33,1,0.38155612349510193,0.13732706010341644,-0.22529307007789612,0.9990041851997375,0.3856029212474823,0.12908205389976501,-0.20139117538928986,0.9983929991722107,0.38823288679122925,0.128849059343338,-0.20149780809879303,0.9983037710189819,0.39134547114372253,0.1287328451871872,-0.20155486464500427,0.998267412185669,0.37399059534072876,0.12865731120109558,-0.21456396579742432,0.9980125427246094,0.36815011501312256,0.1282493770122528,-0.21459776163101196,0.9979209303855896,0.36207976937294006,0.12799349427223206,-0.21467626094818115,0.9977825284004211,0.39391106367111206,0.13020969927310944,-0.03354806825518608,0.9973891377449036,0.3485097587108612,0.12984399497509003,-0.0887177512049675,0.9981456995010376,0.385113388299942,0.14609214663505554,-0.15791144967079163,0.9992032647132874,0.37092339992523193,0.14590980112552643,-0.17409297823905945,0.9990344047546387,0.42429012060165405,0.16786590218544006,0.0988893136382103,0.999858021736145,0.30978304147720337,0.16725680232048035,-0.060439981520175934,0.999670147895813,0.46951672434806824,0.22168365120887756,-0.05015172064304352,0.9644040465354919,0.3035275638103485,0.2264125794172287,-0.21473626792430878,0.9776759147644043,0.4143991768360138,0.18855734169483185,-0.3290749192237854,0.9587867856025696,0.3528813123703003,0.18161246180534363,-0.42363429069519043,0.9750776886940002,0.4048800766468048,0.17593538761138916,-0.38241663575172424,0.901265025138855,0.3715765178203583,0.1708293855190277,-0.4729710817337036,0.9427829384803772,0.3959842622280121,0.17283111810684204,-0.3573462665081024,0.8925925493240356,0.37059810757637024,0.16549727320671082,-0.4663192629814148,0.9334060549736023,0.3953011929988861,0.17765894532203674,-0.3255171775817871,0.860400378704071,0.3652125895023346,0.1702042520046234,-0.42296311259269714,0.8970341086387634,0.38490989804267883,0.2800484001636505,0.07402347773313522,0.9985589385032654,0.31812164187431335,0.2731741666793823,-0.0740191787481308,0.9973171353340149,0.36310794949531555,0.3618167042732239,0.008891835808753967,0.7490013241767883,0.3418377637863159,0.35480886697769165,-0.17271852493286133,0.9141011834144592,0.33693620562553406,0.4337487518787384,0.20707538723945618,0.825655996799469,0.3057069182395935,0.4314124882221222,0.04698428884148598,0.8586319088935852,0.32094091176986694,0.44404780864715576,0.21908147633075714,0.7378822565078735,0.29253751039505005,0.44042712450027466,0.06139620020985603,0.639493465423584,0.36509788036346436,0.45910024642944336,0.08326774835586548,0.8608183860778809,0.3285329043865204,0.45809030532836914,-0.09494440257549286,0.8709847927093506
U19_v4,34,1,0.387988418340683,0.13742473721504211,-0.18627145886421204,0.9976220726966858,0.3925861418247223,0.1295091211795807,-0.1589747816324234,0.9963906407356262,0.39593952894210815,0.12931598722934723,-0.15907154977321625,0.995820164680481,0.39990800619125366,0.12928235530853271,-0.15912587940692902,0.9959970712661743,0.380506306886673,0.12952904403209686,-0.17131376266479492,0.9958882927894592,0.37478676438331604,0.12927964329719543,-0.17134001851081848,0.995468258857727,0.3684365153312683,0.12913261353969574,-0.17142212390899658,0.9959695339202881,0.4021928906440735,0.13159887492656708,0.008514816872775555,0.9943010807037354,0.3540540635585785,0.13165974617004395,-0.042899031192064285,0.9959701299667358,0.39225253462791443,0.14615271985530853,-0.12046542018651962,0.9975758194923401,0.377712219953537,0.1458953320980072,-0.13545851409435272,0.9976092576980591,0.42993593215942383,0.1703111231327057,0.12098920345306396,0.9995927214622498,0.31158018112182617,0.16916903853416443,-0.026079533621668816,0.9992726445198059,0.4779125452041626,0.22004806995391846,-0.042254138737916946,0.9664866328239441,0.30366918444633484,0.22222472727298737,-0.20370382070541382,0.979762852191925,0.42229411005973816,0.1835622787475586,-0.29461291432380676,0.9556798338890076,0.3603711426258087,0.17474743723869324,-0.40612122416496277,0.9806244969367981,0.41261640191078186,0.1714976727962494,-0.34551122784614563,0.8888694047927856,0.3789311647415161,0.16301307082176208,-0.4551718831062317,0.9483544826507568,0.4038172662258148,0.1683374047279358,-0.3144969642162323,0.8759598135948181,0.37650826573371887,0.15877491235733032,-0.4433094561100006,0.9393374919891357,0.402569979429245,0.1741974949836731,-0.2889001965522766,0.8447386026382446,0.37110263109207153,0.163661390542984,-0.4035871922969818,0.9099999666213989,0.3856809139251709,0.27934908866882324,0.059479970484972,0.9968768358230591,0.32106339931488037,0.2727108597755432,-0.05937093496322632,0.9958220720291138,0.35894906520843506,0.35876017808914185,-0.0020415259059518576,0.5302949547767639,0.3516501188278198,0.3556731939315796,-0.15394918620586395,0.6880088448524475,0.3284221887588501,0.43416455388069153,0.17917762696743011,0.5738190412521362,0.3266772925853729,0.4373967945575714,0.03363513946533203,0.6728453636169434,0.31286925077438354,0.4433442950248718,0.18933320045471191,0.4652327001094818,0.3128802478313446,0.4478953778743744,0.0442313551902771,0.49498045444488525,0.35178935527801514,0.45740002393722534,0.04677101969718933,0.6226183772087097,0.3458627462387085,0.4617549479007721,-0.12564943730831146,0.6931514739990234
U19_v4,35,1,0.395455926656723,0.13814033567905426,-0.24376249313354492,0.9992978572845459,0.39935123920440674,0.12973365187644958,-0.21495439112186432,0.9986644983291626,0.4020364582538605,0.12960800528526306,-0.2150370180606842,0.9984070658683777,0.4052945077419281,0.1296113133430481,-0.2150733470916748,0.9984428286552429,0.38747110962867737,0.12976036965847015,-0.23189067840576172,0.9987205266952515,0.38166627287864685,0.12971796095371246,-0.23192273080348969,0.9985688924789429,0.37521207332611084,0.12986324727535248,-0.23201212286949158,0.9986811280250549,0.4062875807285309,0.13228046894073486,-0.0428488589823246,0.9976869821548462,0.3591782748699188,0.13310563564300537,-0.11799349635839462,0.9984381794929504,0.398931622505188,0.14725932478904724,-0.1762721985578537,0.9990979433059692,0.3845956325531006,0.1473263055086136,-0.19832907617092133,0.9992430210113525,0.4308445453643799,0.1723642349243164,0.06695105880498886,0.9994046688079834,0.3110434114933014,0.1668202131986618,-0.09301925450563431,0.9994379878044128,0.4836042821407318,0.219029039144516,-0.09101391583681107,0.9811521768569946,0.3020063638687134,0.2200406789779663,-0.2851386070251465,0.9809454679489136,0.43623051047325134,0.17727228999137878,-0.3391210436820984,0.9791378974914551,0.36637601256370544,0.16936177015304565,-0.5054903626441956,0.9870229959487915,0.423630028963089,0.1647101193666458,-0.38870158791542053,0.9392776489257812,0.3862922787666321,0.15827499330043793,-0.5590317845344543,0.9664885997772217,0.41528162360191345,0.16235126554965973,-0.35815858840942383,0.9317264556884766,0.38386839628219604,0.15415892004966736,-0.5460560321807861,0.961409330368042,0.4146746098995209,0.1669154316186905,-0.3330382704734802,0.9084253907203674,0.37791621685028076,0.15763871371746063,-0.5031274557113647,0.9390297532081604,0.3899707496166229,0.281693696975708,0.05365614965558052,0.9958691000938416,0.326402872800827,0.2764537036418915,-0.05360562354326248,0.9969402551651001,0.3527064323425293,0.364108681678772,0.034223198890686035,0.638310432434082,0.3533157408237457,0.3608976900577545,-0.1568111777305603,0.7691414952278137,0.3129599392414093,0.43303126096725464,0.21949364244937897,0.7051790356636047,0.35176190733909607,0.444193571805954,-0.01664326898753643,0.843752384185791,0.29650741815567017,0.4440041184425354,0.2300260066986084,0.6517161726951599,0.34459957480430603,0.4575117230415344,-0.011685132049024105,0.7190369367599487,0.33811959624290466,0.461129367351532,0.09029216319322586,0.7573024034500122,0.35803747177124023,0.46421968936920166,-0.19291868805885315,0.8464398384094238
U19_v4,36,1,0.3986826539039612,0.13811837136745453,-0.2764114439487457,0.9991855025291443,0.40314003825187683,0.12966343760490417,-0.24314150214195251,0.9987012147903442,0.40588435530662537,0.12944185733795166,-0.2432618886232376,0.998394787311554,0.40927648544311523,0.12934818863868713,-0.24334147572517395,0.9984481334686279,0.3906700313091278,0.1298750638961792,-0.26020506024360657,0.998699426651001,0.3848864734172821,0.12985797226428986,-0.26024290919303894,0.9985588192939758,0.37882915139198303,0.12997682392597198,-0.2603496015071869,0.9987474679946899,0.41213446855545044,0.1324785202741623,-0.05646409094333649,0.9975749850273132,0.36451801657676697,0.13298159837722778,-0.1314445585012436,0.9984893798828125,0.4036175012588501,0.1475389450788498,-0.20450934767723083,0.9991740584373474,0.38823893666267395,0.14741230010986328,-0.2266356348991394,0.999358594417572,0.4414510130882263,0.17560163140296936,0.06020231544971466,0.9989663362503052,0.3195750415325165,0.16831663250923157,-0.12063965946435928,0.9994614720344543,0.49502629041671753,0.21743974089622498,-0.13250908255577087,0.9717071652412415,0.3093242943286896,0.21754759550094604,-0.3474511504173279,0.9764350056648254,0.4415406584739685,0.17420348525047302,-0.39171451330184937,0.9612963199615479,0.3730163872241974,0.16715937852859497,-0.580078125,0.9813965559005737,0.43029966950416565,0.16018639504909515,-0.4447346329689026,0.9013741612434387,0.39135247468948364,0.15561191737651825,-0.6414076089859009,0.9544646143913269,0.42194032669067383,0.15815319120883942,-0.412166565656662,0.8887805938720703,0.38836026191711426,0.15135446190834045,-0.6241670846939087,0.9473600387573242,0.42076951265335083,0.162371426820755,-0.3860536217689514,0.8588246703147888,0.3836110532283783,0.15527567267417908,-0.5771244764328003,0.9189549684524536,0.394157737493515,0.2868195176124573,0.06379665434360504,0.9959056377410889,0.3324597477912903,0.2817535698413849,-0.06369072943925858,0.9985761642456055,0.34984028339385986,0.3658251166343689,0.09608122706413269,0.525684118270874,0.3598354160785675,0.36460423469543457,-0.23837479948997498,0.786098062992096,0.3066513240337372,0.42785078287124634,0.3809083104133606,0.5339997410774231,0.37571442127227783,0.44811728596687317,-0.11009819805622101,0.8539964556694031,0.29036399722099304,0.43599021434783936,0.40240463614463806,0.526631236076355,0.3754236400127411,0.4615570306777954,-0.10599973052740097,0.7302433848381042,0.32957953214645386,0.4538869261741638,0.27184030413627625,0.6198855042457581,0.4063449501991272,0.4723389744758606,-0.3049374520778656,0.849037766456604
U19_v4,37,1,0.4041683077812195,0.13834956288337708,-0.18662101030349731,0.9998071789741516,0.4079006016254425,0.13070271909236908,-0.1516701579093933,0.9997133612632751,0.4108716547489166,0.13038930296897888,-0.15177801251411438,0.9996196031570435,0.4148332178592682,0.13030819594860077,-0.15186119079589844,0.9996581077575684,0.3961586058139801,0.13109922409057617,-0.1669939160346985,0.9997201561927795,0.3905789852142334,0.13100498914718628,-0.16700561344623566,0.999669075012207,0.38456296920776367,0.13098189234733582,-0.1670638471841812,0.9997416138648987,0.417424738407135,0.13315948843955994,0.031217899173498154,0.9994388222694397,0.3698628544807434,0.13289755582809448,-0.03586382418870926,0.9996311664581299,0.40947455167770386,0.14706957340240479,-0.11683224886655807,0.999756395816803,0.3948577344417572,0.14686523377895355,-0.13664361834526062,0.9998087286949158,0.44605180621147156,0.17257070541381836,0.13691501319408417,0.9996654987335205,0.32465359568595886,0.16840419173240662,-0.03522482514381409,0.9997710585594177,0.5055134296417236,0.21367031335830688,-0.05398986488580704,0.9815037250518799,0.30939537286758423,0.2159469723701477,-0.25992992520332336,0.9788546562194824,0.4518800973892212,0.1718214452266693,-0.2995784282684326,0.9739474058151245,0.38028019666671753,0.16566285490989685,-0.48842528462409973,0.9817876815795898,0.44055986404418945,0.1584261655807495,-0.35066038370132446,0.928289532661438,0.4017770290374756,0.15528826415538788,-0.5489120483398438,0.9550620317459106,0.4316575527191162,0.1568126231431961,-0.315942645072937,0.918269157409668,0.40086010098457336,0.15211345255374908,-0.5289976596832275,0.9473198056221008,0.4305092990398407,0.1621459275484085,-0.29230785369873047,0.8908941149711609,0.3949959874153137,0.1556914895772934,-0.4842911660671234,0.9200067520141602,0.4011668264865875,0.2855854332447052,0.0681411400437355,0.9967890977859497,0.3393155336380005,0.2818942070007324,-0.06801684200763702,0.999091625213623,0.3565292954444885,0.3651307225227356,0.11368625611066818,0.4725204408168793,0.3674139678478241,0.3661690950393677,-0.28282302618026733,0.8550916314125061,0.3031670153141022,0.4229471981525421,0.38287198543548584,0.43419376015663147,0.38116705417633057,0.4554845988750458,-0.22039198875427246,0.8948018550872803,0.283044695854187,0.42899149656295776,0.40356332063674927,0.46742716431617737,0.3798494338989258,0.47248780727386475,-0.22259904444217682,0.7959950566291809,0.31999671459198,0.4547746181488037,0.28848204016685486,0.5526629686355591,0.3962547481060028,0.4720228910446167,-0.41658586263656616,0.8709766864776611
U19_v4,38,1,0.41538184881210327,0.13949048519134521,-0.22575955092906952,0.9998836517333984,0.4190167784690857,0.1314496397972107,-0.19438759982585907,0.9998176693916321,0.42147886753082275,0.13116851449012756,-0.1944834142923355,0.9997512698173523,0.4242393970489502,0.13112398982048035,-0.19453969597816467,0.9997583031654358,0.4076697826385498,0.13129682838916779,-0.21272492408752441,0.9998358488082886,0.4018903374671936,0.13092482089996338,-0.2127441018819809,0.9998132586479187,0.39591139554977417,0.13069915771484375,-0.21280068159103394,0.9998433589935303,0.42563313245773315,0.13365066051483154,-0.009051133878529072,0.9996961355209351,0.380522221326828,0.13204753398895264,-0.0889405831694603,0.9998012185096741,0.4191237986087799,0.14897412061691284,-0.1535109132528305,0.9999096393585205,0.4039168357849121,0.14774999022483826,-0.17692860960960388,0.9999288320541382,0.454508900642395,0.1704721748828888,0.11875759065151215,0.9997736811637878,0.33490073680877686,0.1679447889328003,-0.08667340874671936,0.9998656511306763,0.5180017948150635,0.21068421006202698,-0.06585224717855453,0.9768968224525452,0.32190611958503723,0.21294572949409485,-0.32196351885795593,0.984552264213562,0.4616704285144806,0.1732536256313324,-0.3335875868797302,0.9687135815620422,0.387929230928421,0.1677948385477066,-0.5701450705528259,0.98780357837677,0.44904476404190063,0.1609005182981491,-0.386918842792511,0.924497127532959,0.40625810623168945,0.15701326727867126,-0.636143684387207,0.9712948203086853,0.43893197178840637,0.15968820452690125,-0.3570807874202728,0.915985107421875,0.40586113929748535,0.15325552225112915,-0.6172574758529663,0.9660837054252625,0.4382275640964508,0.16418059170246124,-0.3289359509944916,0.8856998682022095,0.4004555940628052,0.15683341026306152,-0.566744863986969,0.9455115795135498,0.4087110757827759,0.28829994797706604,0.08135943114757538,0.9983031749725342,0.34723538160324097,0.28338319063186646,-0.08124835044145584,0.999441921710968,0.3671385645866394,0.36628198623657227,0.11455856263637543,0.6073784232139587,0.3679119944572449,0.3703320622444153,-0.23901115357875824,0.9220060110092163,0.30379244685173035,0.4202868938446045,0.3933122754096985,0.5735960602760315,0.3793349862098694,0.4612860679626465,-0.14095839858055115,0.9630352258682251,0.2871626913547516,0.42136168479919434,0.4160180985927582,0.6348832845687866,0.3683009743690491,0.47653728723526,-0.1400359869003296,0.9043891429901123,0.3116716742515564,0.45357778668403625,0.30594107508659363,0.7297009229660034,0.41679245233535767,0.4770808219909668,-0.3324236571788788,0.9451814293861389
U19_v4,39,1,0.4219833314418793,0.13513651490211487,-0.28664007782936096,0.9994332194328308,0.42555972933769226,0.1268443912267685,-0.25699642300605774,0.998845100402832,0.428190678358078,0.12651297450065613,-0.25707849860191345,0.9985125660896301,0.43168511986732483,0.1262826919555664,-0.25711265206336975,0.9985055923461914,0.41297799348831177,0.12731866538524628,-0.27421823143959045,0.9988844990730286,0.40669968724250793,0.1273076832294464,-0.2742183804512024,0.9988303780555725,0.4003809690475464,0.12741725146770477,-0.2743614614009857,0.9989516735076904,0.43357419967651367,0.12916646897792816,-0.07531924545764923,0.997853696346283,0.3852900266647339,0.12985704839229584,-0.1495378017425537,0.9989933371543884,0.42618024349212646,0.14531129598617554,-0.2148517668247223,0.9996100068092346,0.4080202877521515,0.14570173621177673,-0.23670826852321625,0.9996931552886963,0.46265023946762085,0.16861934959888458,0.06015128269791603,0.9995647072792053,0.3398946523666382,0.16365842521190643,-0.1462109088897705,0.9997932314872742,0.527037501335144,0.21009889245033264,-0.12168964743614197,0.9718284010887146,0.33126023411750793,0.2168697714805603,-0.3549942076206207,0.9930320978164673,0.47201022505760193,0.17440034449100494,-0.40704992413520813,0.9668320417404175,0.39498645067214966,0.17024818062782288,-0.5603976845741272,0.9937207698822021,0.45855727791786194,0.1648654043674469,-0.4610230624675751,0.9207593202590942,0.4175576865673065,0.16073927283287048,-0.6183761358261108,0.9823420643806458,0.44906333088874817,0.1614140123128891,-0.4290408790111542,0.9107093811035156,0.413743257522583,0.15399488806724548,-0.5985028147697449,0.9789303541183472,0.44811463356018066,0.166007399559021,-0.4016334116458893,0.888903021812439,0.4073827266693115,0.158175528049469,-0.5544241666793823,0.964756190776825,0.4170980751514435,0.2897464334964752,0.08018483221530914,0.9983735084533691,0.35042279958724976,0.2855607271194458,-0.08026083558797836,0.998977780342102,0.3797505795955658,0.37278062105178833,0.08729629963636398,0.5680379271507263,0.3702329993247986,0.37330883741378784,-0.16121210157871246,0.8621333837509155,0.3188535273075104,0.41982510685920715,0.4593696892261505,0.44841769337654114,0.3647509515285492,0.4506109356880188,0.061111368238925934,0.8689374327659607,0.3001060485839844,0.42425546050071716,0.49206864833831787,0.5110990405082703,0.3581378757953644,0.4635906219482422,0.07656364142894745,0.6689717173576355,0.335664838552475,0.45981210470199585,0.37867116928100586,0.6037042140960693,0.39886796474456787,0.47593575716018677,-0.1072012186050415,0.8510459661483765
U19_v4,40,1,0.4309609532356262,0.13661858439445496,-0.3425240218639374,0.999082088470459,0.4342370927333832,0.12778829038143158,-0.3161633312702179,0.9988256096839905,0.4376714825630188,0.12743839621543884,-0.31626009941101074,0.9984493255615234,0.44090184569358826,0.12724317610263824,-0.3163859248161316,0.9984555244445801,0.4226786196231842,0.12784361839294434,-0.33322080969810486,0.9988497495651245,0.4161401391029358,0.12739764153957367,-0.33324262499809265,0.9986577033996582,0.4091407358646393,0.12712116539478302,-0.3333628475666046,0.9987483024597168,0.4406164288520813,0.1283740997314453,-0.1256631314754486,0.9986655712127686,0.3907150328159332,0.12850181758403778,-0.196529820561409,0.9992278814315796,0.43349581956863403,0.14556707441806793,-0.26467365026474,0.9997546076774597,0.4204592704772949,0.14558297395706177,-0.2855159640312195,0.9997920393943787,0.4762372076511383,0.16422225534915924,0.033597152680158615,0.9997836947441101,0.3460867404937744,0.16474118828773499,-0.16194283962249756,0.9999126195907593,0.5430772304534912,0.21077725291252136,-0.14721111953258514,0.9819083213806152,0.3362019956111908,0.21920821070671082,-0.36394351720809937,0.9946650266647339,0.48975980281829834,0.18075019121170044,-0.4769924283027649,0.962323784828186,0.4056752026081085,0.17364999651908875,-0.5944259762763977,0.9938803911209106,0.47513243556022644,0.17227403819561005,-0.5378703474998474,0.9063419699668884,0.4312053918838501,0.16648638248443604,-0.6532734632492065,0.9822260141372681,0.4637138843536377,0.16878733038902283,-0.5136495232582092,0.8965922594070435,0.4303399622440338,0.16040542721748352,-0.6340632438659668,0.9784377813339233,0.4622756242752075,0.1727781891822815,-0.4753028452396393,0.87319016456604,0.4236471354961395,0.16239656507968903,-0.5883804559707642,0.9620634913444519,0.42457789182662964,0.286145955324173,0.07556762546300888,0.9977340698242188,0.35267114639282227,0.28157657384872437,-0.07549676299095154,0.9992272853851318,0.3985350728034973,0.370497465133667,0.05176622420549393,0.5838062167167664,0.36197561025619507,0.37653595209121704,-0.16811993718147278,0.8605112433433533,0.34488940238952637,0.4117909073829651,0.4927273988723755,0.12277110666036606,0.3567987382411957,0.4580935537815094,-0.0009215705213136971,0.8063067197799683,0.3291628956794739,0.41299891471862793,0.5352019667625427,0.21646979451179504,0.34830909967422485,0.47116291522979736,0.009373757056891918,0.5659860968589783,0.3628860116004944,0.4389345645904541,0.45840540528297424,0.20806899666786194,0.39449426531791687,0.47701430320739746,-0.17546191811561584,0.7279655933380127
U19_v4,41,1,0.4391371011734009,0.13843853771686554,-0.33957430720329285,0.9990333318710327,0.44263872504234314,0.12967783212661743,-0.3140694797039032,0.998580813407898,0.445696622133255,0.12969613075256348,-0.31417596340179443,0.9980942606925964,0.4489879310131073,0.12972190976142883,-0.3143121302127838,0.9982380867004395,0.43235185742378235,0.12879794836044312,-0.32703539729118347,0.9985377788543701,0.4268239736557007,0.12806716561317444,-0.32703784108161926,0.9980751276016235,0.4203958213329315,0.1273118555545807,-0.32712632417678833,0.9983766078948975,0.44843602180480957,0.13125737011432648,-0.12879036366939545,0.9983711838722229,0.402240514755249,0.12865620851516724,-0.18277715146541595,0.998572826385498,0.4407651722431183,0.14792586863040924,-0.2637425661087036,0.9996801614761353,0.42911359667778015,0.14716842770576477,-0.2798921763896942,0.9997411370277405,0.480220228433609,0.16619472205638885,0.017297353595495224,0.999777615070343,0.3563041687011719,0.1632886528968811,-0.130306676030159,0.9998152852058411,0.5455173254013062,0.21213398873806,-0.16192565858364105,0.988416314125061,0.34158509969711304,0.2201893925666809,-0.3164404332637787,0.99359130859375,0.50150465965271,0.18106874823570251,-0.4911990165710449,0.9773983359336853,0.4206782281398773,0.18394219875335693,-0.5635441541671753,0.9924482107162476,0.4893946945667267,0.17245148122310638,-0.5547071099281311,0.935608446598053,0.4467739462852478,0.17891284823417664,-0.62548828125,0.9784719347953796,0.47669845819473267,0.16952373087406158,-0.5319704413414001,0.9255828261375427,0.4484322667121887,0.17127227783203125,-0.6054264307022095,0.9752147197723389,0.4755234718322754,0.17191338539123535,-0.48976337909698486,0.9104204177856445,0.44247952103614807,0.1733722686767578,-0.5578614473342896,0.957446277141571,0.4235179126262665,0.2835233807563782,0.05267263576388359,0.9987534284591675,0.3509708642959595,0.27838078141212463,-0.05262935534119606,0.9992856383323669,0.4085296094417572,0.3702983558177948,-0.00780953885987401,0.8405677676200867,0.3479725420475006,0.3721582889556885,-0.12597927451133728,0.894457221031189,0.36683323979377747,0.40621334314346313,0.5079354047775269,0.26138877868652344,0.3512730598449707,0.452447772026062,0.08724471926689148,0.846267580986023,0.3503262400627136,0.4070930480957031,0.5574390292167664,0.26452821493148804,0.3436487317085266,0.4654407501220703,0.10318438708782196,0.5979465842247009,0.3798076808452606,0.4447036385536194,0.46800947189331055,0.3283828794956207,0.367994487285614,0.47555986046791077,-0.08308006078004837,0.7987786531448364
U19_v4,42,1,0.4471827745437622,0.14106108248233795,-0.34148529171943665,0.9984470009803772,0.4516136646270752,0.13137540221214294,-0.31936749815940857,0.9979261159896851,0.4547958970069885,0.13110478222370148,-0.3194676637649536,0.997359573841095,0.4582669734954834,0.13089406490325928,-0.3195894956588745,0.9972629547119141,0.4390456974506378,0.13113288581371307,-0.3268987834453583,0.9974339604377747,0.43250253796577454,0.1307401955127716,-0.3268882930278778,0.9969286322593689,0.4259175956249237,0.13040804862976074,-0.32699963450431824,0.9970850348472595,0.45921069383621216,0.13220643997192383,-0.14151398837566376,0.9982959628105164,0.411604642868042,0.13155624270439148,-0.169191375374794,0.9983258843421936,0.44908714294433594,0.14920806884765625,-0.2678426504135132,0.9994469285011292,0.4361175000667572,0.1501152068376541,-0.2764720618724823,0.9994195699691772,0.48754408955574036,0.16775153577327728,0.009460845030844212,0.9997082352638245,0.3678044080734253,0.1646120548248291,-0.13092029094696045,0.9996869564056396,0.5494589805603027,0.21848411858081818,-0.14160551130771637,0.9738883972167969,0.34757667779922485,0.22597771883010864,-0.3172600567340851,0.9940056800842285,0.5115751028060913,0.18478894233703613,-0.4214767813682556,0.9571470618247986,0.4365310072898865,0.19500994682312012,-0.5363469123840332,0.990990161895752,0.49899226427078247,0.1765333116054535,-0.4759887456893921,0.896641731262207,0.4623199701309204,0.18914906680583954,-0.5922664999961853,0.9719039797782898,0.4862514138221741,0.17120224237442017,-0.45609021186828613,0.8824759125709534,0.4623350203037262,0.18221858143806458,-0.573307454586029,0.9663383364677429,0.4847693145275116,0.1750607043504715,-0.4198170006275177,0.8617936372756958,0.45704856514930725,0.18431979417800903,-0.5310289263725281,0.9414997100830078,0.4268837571144104,0.2874365746974945,0.04513944312930107,0.9994986057281494,0.3489271402359009,0.2830534279346466,-0.04507582262158394,0.9990683197975159,0.4298035204410553,0.36787378787994385,-0.10509228706359863,0.9602755308151245,0.3367331027984619,0.37515681982040405,-0.0564851276576519,0.9663106203079224,0.3816235065460205,0.42955008149147034,0.2654588222503662,0.8775812387466431,0.33670681715011597,0.44622623920440674,0.2199324369430542,0.9450638890266418,0.36412981152534485,0.4318827986717224,0.296974778175354,0.7772305607795715,0.33813804388046265,0.45393744111061096,0.23996829986572266,0.7242559194564819,0.3980425000190735,0.46724921464920044,0.1483374387025833,0.8924924731254578,0.3529374301433563,0.4751542806625366,0.05339858680963516,0.9238433837890625
U19_v4,43,1,0.4545184373855591,0.14186081290245056,-0.3993903696537018,0.9991788268089294,0.4585857391357422,0.13219469785690308,-0.3770347833633423,0.9989450573921204,0.46214085817337036,0.13196882605552673,-0.3771379590034485,0.9986217021942139,0.465614378452301,0.13170646131038666,-0.37722089886665344,0.9982373714447021,0.44554558396339417,0.13201656937599182,-0.38804394006729126,0.9989820122718811,0.43925741314888,0.1317441463470459,-0.38805148005485535,0.9989182949066162,0.4317809045314789,0.13138322532176971,-0.388167142868042,0.9989736080169678,0.4649259150028229,0.13327939808368683,-0.18562094867229462,0.9985357522964478,0.4149759113788605,0.132956400513649,-0.22825531661510468,0.9996354579925537,0.4565815031528473,0.15077562630176544,-0.31968754529953003,0.9996569156646729,0.4432870149612427,0.15123607218265533,-0.3323674499988556,0.9998049139976501,0.49157318472862244,0.1678725630044937,0.006473483517765999,0.9997252821922302,0.3718126118183136,0.1697804480791092,-0.17973467707633972,0.9999133348464966,0.5371631383895874,0.2152421474456787,-0.09617623686790466,0.8427579402923584,0.35075846314430237,0.23302891850471497,-0.3262682855129242,0.9976040720939636,0.5172855854034424,0.19927552342414856,-0.41142213344573975,0.7813065052032471,0.44728949666023254,0.21241003274917603,-0.525181770324707,0.9954814910888672,0.5163571834564209,0.19799268245697021,-0.47022709250450134,0.6999853849411011,0.4738577604293823,0.21072497963905334,-0.5811851024627686,0.9857972264289856,0.5015243291854858,0.19103246927261353,-0.4698278307914734,0.6812710165977478,0.47709834575653076,0.20154939591884613,-0.5709785223007202,0.9831539988517761,0.49629852175712585,0.19119688868522644,-0.4189930260181427,0.6627025604248047,0.46997159719467163,0.2009478211402893,-0.5208755135536194,0.9676803350448608,0.42928820848464966,0.28907591104507446,0.059838052839040756,0.999548614025116,0.34930118918418884,0.2850017249584198,-0.05971575155854225,0.9989941716194153,0.44235485792160034,0.36988335847854614,-0.06838584691286087,0.9439248442649841,0.3259124755859375,0.3774750828742981,-0.0444072000682354,0.980385422706604,0.40803447365760803,0.44557392597198486,0.2073606252670288,0.9172364473342896,0.3232775926589966,0.44381338357925415,0.21928198635578156,0.9503458738327026,0.3923383355140686,0.4508461356163025,0.22726155817508698,0.8509804606437683,0.31732335686683655,0.4513731598854065,0.23827601969242096,0.7305231094360352,0.4443415105342865,0.47710543870925903,0.06470410525798798,0.9141173362731934,0.3499011695384979,0.4762613773345947,0.05194525793194771,0.9260010123252869
U19_v4,44,1,0.45950785279273987,0.145712211728096,-0.4343826174736023,0.9991033673286438,0.46111345291137695,0.13573811948299408,-0.40547052025794983,0.9987260699272156,0.4642522633075714,0.1353306770324707,-0.4055693745613098,0.9983692765235901,0.4677049517631531,0.13493086397647858,-0.4056062400341034,0.9979090690612793,0.4488987624645233,0.13560841977596283,-0.4203129708766937,0.9989445805549622,0.44224750995635986,0.13518236577510834,-0.42035412788391113,0.9988746047019958,0.4353284239768982,0.13483789563179016,-0.4204484224319458,0.9990200996398926,0.46633440256118774,0.13476400077342987,-0.1902841329574585,0.9965225458145142,0.4182005226612091,0.1364998072385788,-0.2463712990283966,0.9994934797286987,0.4627205431461334,0.1537361741065979,-0.3470461368560791,0.9991804957389832,0.4487937092781067,0.15346987545490265,-0.3633013367652893,0.9995230436325073,0.4908788800239563,0.16965655982494354,0.01785716973245144,0.9992369413375854,0.37124449014663696,0.17508167028427124,-0.2032892107963562,0.9998304843902588,0.526214063167572,0.21136343479156494,-0.09413020312786102,0.48933252692222595,0.35897719860076904,0.2373858541250229,-0.28863775730133057,0.9960898160934448,0.5077511668205261,0.2120668739080429,-0.46414345502853394,0.2932892143726349,0.45790109038352966,0.22336672246456146,-0.39252522587776184,0.9894310235977173,0.507107675075531,0.2149946242570877,-0.5312731266021729,0.2683608829975128,0.4908266067504883,0.22142833471298218,-0.4389360845088959,0.9700912237167358,0.4998820126056671,0.2112278938293457,-0.5373066067695618,0.2611812651157379,0.4920790195465088,0.21411821246147156,-0.4378143846988678,0.9667732119560242,0.4885804355144501,0.20866335928440094,-0.4775625467300415,0.25407713651657104,0.47984790802001953,0.2134174406528473,-0.38854578137397766,0.9410218000411987,0.42944368720054626,0.2893467843532562,0.05886239930987358,0.9996365308761597,0.34610503911972046,0.2873515486717224,-0.05869953706860542,0.9989861845970154,0.45031481981277466,0.3751561939716339,-0.13991622626781464,0.9741392135620117,0.31960389018058777,0.3749571442604065,-0.005594827700406313,0.9850550889968872,0.43534883856773376,0.4577302932739258,0.02376554161310196,0.9737987518310547,0.30969446897506714,0.4415215253829956,0.31312450766563416,0.9454970955848694,0.4214388132095337,0.47009772062301636,0.029832126572728157,0.8978747725486755,0.30706849694252014,0.4453684687614441,0.33683547377586365,0.6860013008117676,0.4759597182273865,0.4843389391899109,-0.17660705745220184,0.9666309356689453,0.3250316083431244,0.4736550450325012,0.15279477834701538,0.9335944056510925
U19_v4,45,1,0.46416839957237244,0.14785130321979523,-0.372231662273407,0.9986036419868469,0.4657311737537384,0.13894601166248322,-0.3473222553730011,0.9978750944137573,0.468719482421875,0.13843360543251038,-0.34743988513946533,0.9974775910377502,0.47187304496765137,0.13801713287830353,-0.3474826514720917,0.9976432919502258,0.45374974608421326,0.13911713659763336,-0.36237674951553345,0.998191773891449,0.4476315379142761,0.1387222409248352,-0.36238300800323486,0.9976902008056641,0.4408935308456421,0.1383606195449829,-0.3624570369720459,0.9980438947677612,0.46863415837287903,0.13886766135692596,-0.164426788687706,0.9935758709907532,0.423398494720459,0.14013823866844177,-0.2232474833726883,0.9982849955558777,0.46712610125541687,0.1562414914369583,-0.2976892292499542,0.9986581802368164,0.45414620637893677,0.15645083785057068,-0.3143960237503052,0.9991649389266968,0.49748966097831726,0.1740066409111023,-0.012275982648134232,0.9997254014015198,0.3745897114276886,0.17893445491790771,-0.1806999146938324,0.9995995163917542,0.5261126756668091,0.22291594743728638,-0.07650569081306458,0.8038477897644043,0.34897467494010925,0.24507620930671692,-0.24671527743339539,0.9935964345932007,0.5085845589637756,0.23434849083423615,-0.3788439929485321,0.6988908648490906,0.4488794505596161,0.24475377798080444,-0.3526126742362976,0.9813522696495056,0.5053136348724365,0.2424403876066208,-0.44672709703445435,0.6500570774078369,0.47901225090026855,0.24650508165359497,-0.4014948308467865,0.9571930170059204,0.4957618713378906,0.23469120264053345,-0.46137726306915283,0.6532601714134216,0.4822321832180023,0.23772066831588745,-0.40924009680747986,0.9546118974685669,0.4935990571975708,0.23129326105117798,-0.39258161187171936,0.6215654015541077,0.4739055037498474,0.23458093404769897,-0.3527885675430298,0.9270145893096924,0.4373703896999359,0.29446473717689514,0.04486165568232536,0.9996681213378906,0.35327717661857605,0.29086604714393616,-0.044569291174411774,0.9989204406738281,0.4500972628593445,0.37892451882362366,-0.09840255975723267,0.9801761507987976,0.3227820098400116,0.3707616925239563,0.128706157207489,0.9725289940834045,0.4452682435512543,0.4685063064098358,-0.04975752905011177,0.9836292862892151,0.294856995344162,0.43524885177612305,0.459598183631897,0.9398688673973083,0.4300293028354645,0.483041375875473,-0.055440641939640045,0.9212197065353394,0.28819510340690613,0.43863338232040405,0.4842738211154938,0.6665606498718262,0.48135295510292053,0.4895845949649811,-0.2657390832901001,0.9747253060340881,0.30568259954452515,0.46993646025657654,0.31790634989738464,0.9194273948669434
U19_v4,46,1,0.46380260586738586,0.1500280201435089,-0.43975910544395447,0.9997785687446594,0.4656562805175781,0.13995154201984406,-0.4170220196247101,0.9996137022972107,0.46840202808380127,0.13944554328918457,-0.4171055257320404,0.9995887875556946,0.47164642810821533,0.13902366161346436,-0.4171798825263977,0.999573290348053,0.45311805605888367,0.1401056945323944,-0.43185704946517944,0.9995954632759094,0.446480393409729,0.13977795839309692,-0.43189823627471924,0.9995249509811401,0.43974506855010986,0.1396803855895996,-0.43192216753959656,0.9995130300521851,0.4704514741897583,0.14046217501163483,-0.23117288947105408,0.9989290833473206,0.42237329483032227,0.1423179805278778,-0.29103225469589233,0.9995855689048767,0.4670383930206299,0.15890835225582123,-0.36276790499687195,0.9998125433921814,0.4529092609882355,0.15886250138282776,-0.37983912229537964,0.9998383522033691,0.5020953416824341,0.17568755149841309,-0.06069932505488396,0.9999629259109497,0.37065523862838745,0.18141913414001465,-0.21617785096168518,0.9997770190238953,0.5275358557701111,0.23096585273742676,-0.09577003121376038,0.9474944472312927,0.3441339433193207,0.2492220401763916,-0.2512302100658417,0.9933232665061951,0.5059278607368469,0.2524208724498749,-0.3969903290271759,0.9294055104255676,0.4443654417991638,0.2574526369571686,-0.38107573986053467,0.9789608716964722,0.4999268352985382,0.2607908546924591,-0.46555954217910767,0.8914591073989868,0.47043994069099426,0.26355910301208496,-0.43346938490867615,0.9550458788871765,0.49571335315704346,0.2546939551830292,-0.4875364303588867,0.8954175114631653,0.47831588983535767,0.25487685203552246,-0.44749781489372253,0.9536007046699524,0.4950577914714813,0.2506733238697052,-0.41237491369247437,0.8726872801780701,0.4713231325149536,0.2511918544769287,-0.384133517742157,0.9288116693496704,0.4357571303844452,0.2938591241836548,0.04182920232415199,0.9997788071632385,0.35551923513412476,0.289947509765625,-0.041633542627096176,0.999099850654602,0.4460418224334717,0.3825695514678955,-0.12999728322029114,0.9807136654853821,0.32878464460372925,0.3793863356113434,0.012112594209611416,0.9681112170219421,0.43051645159721375,0.47022774815559387,-0.04570891708135605,0.9773072004318237,0.2851937711238861,0.43436378240585327,0.36493557691574097,0.8821026086807251,0.41270461678504944,0.48098766803741455,-0.04763190075755119,0.8692373633384705,0.27337712049484253,0.43258827924728394,0.39281290769577026,0.5154927968978882,0.4648228883743286,0.49868741631507874,-0.24398861825466156,0.9582871198654175,0.29426252841949463,0.47049903869628906,0.24268129467964172,0.8484086394309998
U19_v4,47,1,0.4635779857635498,0.15395382046699524,-0.5249816179275513,0.9997243285179138,0.464136004447937,0.14370496571063995,-0.5019890666007996,0.999319314956665,0.4671350419521332,0.14337030053138733,-0.5020725131034851,0.9992697834968567,0.47049838304519653,0.14304913580417633,-0.5021373629570007,0.999230146408081,0.45233309268951416,0.14357684552669525,-0.5190291404724121,0.9993993043899536,0.4456515908241272,0.14312154054641724,-0.5191518068313599,0.9994021654129028,0.43859121203422546,0.142829030752182,-0.5192307233810425,0.9993847608566284,0.4682515859603882,0.14368122816085815,-0.3076907694339752,0.9973192811012268,0.41999512910842896,0.14434608817100525,-0.38342171907424927,0.9995059967041016,0.46693235635757446,0.16276434063911438,-0.44518062472343445,0.9996707439422607,0.45307931303977966,0.16263897716999054,-0.46679607033729553,0.9997543692588806,0.5032600164413452,0.17939388751983643,-0.10802929103374481,0.9999476671218872,0.3669026494026184,0.18512870371341705,-0.3019769787788391,0.9998043179512024,0.5329990386962891,0.23553642630577087,-0.08417211472988129,0.952566921710968,0.3339668810367584,0.2492496371269226,-0.3088606297969818,0.9977381229400635,0.48895275592803955,0.26253682374954224,-0.34107205271720886,0.9505808353424072,0.4255635440349579,0.2661251425743103,-0.4278084635734558,0.9878348708152771,0.47923436760902405,0.2711261212825775,-0.39969027042388916,0.9134645462036133,0.44917553663253784,0.2721315324306488,-0.48071321845054626,0.9706504940986633,0.4725467562675476,0.2640667259693146,-0.42538273334503174,0.9162262082099915,0.4561314582824707,0.2611064314842224,-0.4929865598678589,0.9694943428039551,0.47343647480010986,0.26047995686531067,-0.3561546206474304,0.897566020488739,0.4508195221424103,0.2587268054485321,-0.4296194911003113,0.9533976912498474,0.43477892875671387,0.2997739613056183,0.06998169422149658,0.999879002571106,0.3580479919910431,0.2945728898048401,-0.07005258649587631,0.9994869232177734,0.4299715757369995,0.3919225335121155,-0.03620540350675583,0.9525315165519714,0.34158214926719666,0.38582733273506165,-0.11621611565351486,0.9856724739074707,0.39659422636032104,0.47159868478775024,0.13553042709827423,0.9675998687744141,0.27687764167785645,0.42167675495147705,0.31508496403694153,0.8544350266456604,0.37928029894828796,0.48340198397636414,0.14579950273036957,0.8973413705825806,0.2571392357349396,0.41747936606407166,0.35573655366897583,0.5331658124923706,0.43857038021087646,0.4981045722961426,0.011727578938007355,0.9578689336776733,0.2805589437484741,0.46392643451690674,0.2725384533405304,0.8303682804107666
U19_v4,48,1,0.4558027684688568,0.15295758843421936,-0.5053685307502747,0.9998817443847656,0.45878836512565613,0.1433521807193756,-0.4795626103878021,0.9996993541717529,0.4621424376964569,0.14293892681598663,-0.4796343445777893,0.9996340274810791,0.46634456515312195,0.14261606335639954,-0.47969409823417664,0.9995757937431335,0.44420507550239563,0.1434067189693451,-0.49004605412483215,0.9997619986534119,0.4370489716529846,0.14328256249427795,-0.4901728630065918,0.9997606873512268,0.429884135723114,0.14326350390911102,-0.49026384949684143,0.9997662901878357,0.4682595133781433,0.14401118457317352,-0.2876378297805786,0.9987674951553345,0.4158216714859009,0.14561307430267334,-0.3340199589729309,0.999824583530426,0.4605875313282013,0.16181580722332,-0.42815709114074707,0.9998787641525269,0.444645494222641,0.16227515041828156,-0.44125837087631226,0.9999111890792847,0.503363847732544,0.18371924757957458,-0.10017041862010956,0.9999710321426392,0.3588768243789673,0.1872331202030182,-0.2511434555053711,0.9999085664749146,0.5320050120353699,0.23932136595249176,-0.0589650459587574,0.9566006660461426,0.3157987594604492,0.24539786577224731,-0.25191035866737366,0.9969696402549744,0.47719091176986694,0.26888716220855713,-0.27374565601348877,0.9458845257759094,0.3933977782726288,0.26775074005126953,-0.38224509358406067,0.985744297504425,0.4596750736236572,0.27749645709991455,-0.32632988691329956,0.9021862745285034,0.4218588173389435,0.27582332491874695,-0.43217697739601135,0.9650269746780396,0.45688217878341675,0.26769307255744934,-0.34978941082954407,0.9034189581871033,0.42999395728111267,0.2652600407600403,-0.4441182315349579,0.9633864164352417,0.4591185450553894,0.26478785276412964,-0.2861615717411041,0.8823537826538086,0.42411965131759644,0.2629784345626831,-0.3844565451145172,0.9466871619224548,0.4335728585720062,0.3016415238380432,0.059881798923015594,0.9999392032623291,0.3566228151321411,0.29634955525398254,-0.05997660011053085,0.999751627445221,0.4166237711906433,0.3926675319671631,-0.064988873898983,0.9457584619522095,0.3431435227394104,0.3959827423095703,-0.12910550832748413,0.9778591990470886,0.37215983867645264,0.465102881193161,0.18462885916233063,0.9391976594924927,0.28676092624664307,0.4143206477165222,0.36398452520370483,0.7232421636581421,0.3540675640106201,0.4775969386100769,0.20385494828224182,0.8317137360572815,0.27037209272384644,0.40844106674194336,0.4124803841114044,0.4319293200969696,0.4056292176246643,0.4962191879749298,0.08136521279811859,0.9196901321411133,0.2748945355415344,0.45324409008026123,0.3449520468711853,0.7111026048660278
U19_v4,49,1,0.44332706928253174,0.1490897238254547,-0.48369258642196655,0.9999152421951294,0.44856151938438416,0.13958625495433807,-0.46519654989242554,0.9996955394744873,0.4523790776729584,0.13935531675815582,-0.46523579955101013,0.9996457099914551,0.457143098115921,0.1392761915922165,-0.4652908146381378,0.999583899974823,0.4320816099643707,0.13938455283641815,-0.46917954087257385,0.9997655749320984,0.4248078167438507,0.13916489481925964,-0.46928632259368896,0.9997658133506775,0.41861191391944885,0.13912418484687805,-0.4693795442581177,0.9997686743736267,0.46229398250579834,0.1420230120420456,-0.2975617051124573,0.9991685152053833,0.4072245955467224,0.14157888293266296,-0.31537526845932007,0.9998351335525513,0.4488773047924042,0.15892769396305084,-0.414661169052124,0.9999387264251709,0.431144118309021,0.1594058722257614,-0.4196811318397522,0.9999555349349976,0.5013293027877808,0.18469063937664032,-0.12846942245960236,0.9999840259552002,0.35379505157470703,0.18136686086654663,-0.2257457673549652,0.9999638795852661,0.5312750935554504,0.24295753240585327,-0.09526623040437698,0.9826973080635071,0.2967643737792969,0.23607416450977325,-0.21794764697551727,0.9976165294647217,0.4555603861808777,0.26776766777038574,-0.2746741473674774,0.9640123248100281,0.3704413175582886,0.26372477412223816,-0.3288569450378418,0.9799275398254395,0.43548470735549927,0.27481263875961304,-0.3228209614753723,0.9220356941223145,0.3959917724132538,0.27222585678100586,-0.37068894505500793,0.9474958181381226,0.4327391982078552,0.265520304441452,-0.3369063138961792,0.9209601879119873,0.40569987893104553,0.2636736333370209,-0.3782258629798889,0.9434223771095276,0.4363284707069397,0.2627280056476593,-0.2811794877052307,0.9007032513618469,0.3975108563899994,0.2608894407749176,-0.3287995755672455,0.921593427658081,0.42809057235717773,0.30184510350227356,0.05327444151043892,0.9999346733093262,0.3512486219406128,0.29461589455604553,-0.053410980850458145,0.9997711777687073,0.4068645238876343,0.39293938875198364,-0.06673557311296463,0.9451292157173157,0.35323575139045715,0.39223939180374146,-0.12243827432394028,0.984957218170166,0.3495856523513794,0.46175867319107056,0.20920191705226898,0.9396734833717346,0.2862984240055084,0.427406370639801,0.3273293077945709,0.8169576525688171,0.32589277625083923,0.47287172079086304,0.23156021535396576,0.8268755078315735,0.27127110958099365,0.4212297201156616,0.371156245470047,0.5357100963592529,0.3758007884025574,0.4954458475112915,0.11138895899057388,0.9258816242218018,0.27547481656074524,0.4654046893119812,0.29279881715774536,0.7978790402412415
U19_v4,50,1,0.4344615340232849,0.14266274869441986,-0.40726613998413086,0.9997491240501404,0.43974050879478455,0.13377349078655243,-0.39058101177215576,0.9986706972122192,0.4444567859172821,0.13377167284488678,-0.39064502716064453,0.9986322522163391,0.44919347763061523,0.13385364413261414,-0.3906972110271454,0.9983564019203186,0.4245496094226837,0.13335955142974854,-0.39324280619621277,0.9988970756530762,0.4176527261734009,0.13318823277950287,-0.393309086561203,0.9989997744560242,0.4107631742954254,0.133087620139122,-0.39340484142303467,0.9989961981773376,0.452532023191452,0.13573622703552246,-0.2418231964111328,0.9966222047805786,0.3970916271209717,0.13514572381973267,-0.25655269622802734,0.9992331266403198,0.4396251142024994,0.15245863795280457,-0.3465149998664856,0.9997134804725647,0.4219382405281067,0.15155023336410522,-0.35039976239204407,0.999834418296814,0.493897944688797,0.1774735152721405,-0.09129714220762253,0.9999333620071411,0.34296461939811707,0.17340783774852753,-0.16924254596233368,0.9999079704284668,0.5240355134010315,0.2377864420413971,-0.039875321090221405,0.9841957092285156,0.28215324878692627,0.22757488489151,-0.14267471432685852,0.9972454309463501,0.4474655091762543,0.26500269770622253,-0.19423110783100128,0.9594310522079468,0.3550129234790802,0.25987187027931213,-0.2494010627269745,0.9731854200363159,0.4258086681365967,0.2730691432952881,-0.24048694968223572,0.9161718487739563,0.38021135330200195,0.27013617753982544,-0.28757908940315247,0.9421572089195251,0.42145654559135437,0.2635708749294281,-0.2520025968551636,0.9141120314598083,0.3900432288646698,0.25984692573547363,-0.2945643365383148,0.9376888871192932,0.424321711063385,0.260280579328537,-0.19938646256923676,0.8936242461204529,0.3829484283924103,0.256733775138855,-0.24913570284843445,0.9179336428642273,0.4193824827671051,0.29599472880363464,0.055332861840724945,0.9993274211883545,0.34243300557136536,0.2881316840648651,-0.05542359873652458,0.998755693435669,0.3914055824279785,0.38217997550964355,-0.047969188541173935,0.6956419348716736,0.36407995223999023,0.38445669412612915,-0.13800911605358124,0.9255086779594421,0.3342641592025757,0.4573354721069336,0.15104132890701294,0.77882319688797,0.29788026213645935,0.44598233699798584,0.11031590402126312,0.7962448000907898,0.31497836112976074,0.471973717212677,0.16445258259773254,0.6807940602302551,0.2781464457511902,0.4516494870185852,0.12986597418785095,0.5477750301361084,0.36013203859329224,0.48677465319633484,0.048547904938459396,0.7574071884155273,0.31630614399909973,0.48142653703689575,0.004373842850327492,0.7265458703041077
U19_v4,51,1,0.42337074875831604,0.13664868474006653,-0.40195178985595703,0.9999096393585205,0.4295426607131958,0.12640579044818878,-0.39210405945777893,0.9997414946556091,0.4337570071220398,0.126268669962883,-0.3920691907405853,0.9996751546859741,0.4389898180961609,0.12632296979427338,-0.3921302258968353,0.9996342658996582,0.41305306553840637,0.1260574609041214,-0.39398273825645447,0.9998282194137573,0.4062518775463104,0.125922292470932,-0.39394065737724304,0.9998120665550232,0.3998512923717499,0.12574151158332825,-0.39397168159484863,0.9998384714126587,0.44450366497039795,0.1283823847770691,-0.2632465958595276,0.9993782043457031,0.3845631778240204,0.1280674785375595,-0.27426740527153015,0.9997838139533997,0.4295439124107361,0.1466004103422165,-0.345174640417099,0.9998973608016968,0.4099060297012329,0.14511245489120483,-0.3478674292564392,0.9999533891677856,0.4893520176410675,0.1696663796901703,-0.1411176174879074,0.9999442100524902,0.3283335268497467,0.16625268757343292,-0.18108072876930237,0.9999710321426392,0.5188807249069214,0.23254454135894775,-0.10120659321546555,0.9870378971099854,0.27611851692199707,0.22110792994499207,-0.15749049186706543,0.9953786134719849,0.43549874424934387,0.2616287171840668,-0.24202516674995422,0.9797764420509338,0.3444479703903198,0.2584598660469055,-0.2473973035812378,0.9811722636222839,0.4112658202648163,0.2708396911621094,-0.2882862389087677,0.9528174996376038,0.36710190773010254,0.2680248022079468,-0.2814607620239258,0.9584762454032898,0.4059506356716156,0.26004984974861145,-0.290262371301651,0.9519568681716919,0.3773810565471649,0.25663697719573975,-0.2834610939025879,0.9586085677146912,0.4094069302082062,0.25607892870903015,-0.2425818294286728,0.9422187209129333,0.37206393480300903,0.2528059780597687,-0.24517078697681427,0.9514453411102295,0.4217762053012848,0.2804824411869049,0.01721840910613537,0.9969876408576965,0.34753215312957764,0.2772611975669861,-0.01712249033153057,0.999347984790802,0.39609062671661377,0.3550407588481903,0.039979565888643265,0.30104824900627136,0.3746004104614258,0.36524757742881775,-0.05365472286939621,0.6111657619476318,0.3665456771850586,0.36852121353149414,0.38921552896499634,0.08029795438051224,0.33151429891586304,0.4396401047706604,0.05863671749830246,0.5586080551147461,0.35791459679603577,0.36629629135131836,0.42630672454833984,0.1445794701576233,0.32617640495300293,0.4503563344478607,0.06888318061828613,0.48788905143737793,0.36509233713150024,0.38789600133895874,0.409775048494339,0.09377152472734451,0.3264356851577759,0.4792894721031189,-0.041182149201631546,0.4007493853569031
U19_v4,52,1,0.4191005527973175,0.12798061966896057,-0.35921207070350647,0.9999759197235107,0.42254242300987244,0.11891964077949524,-0.3444577753543854,0.9999088048934937,0.4268486499786377,0.11887602508068085,-0.3444681763648987,0.9999065399169922,0.4316706657409668,0.11891946196556091,-0.3444976508617401,0.9998973608016968,0.4089973270893097,0.11806251108646393,-0.3497013449668884,0.9999315738677979,0.40246981382369995,0.11794044077396393,-0.3497360050678253,0.999935507774353,0.3952524662017822,0.11772993206977844,-0.34971722960472107,0.9999412298202515,0.43352729082107544,0.12083880603313446,-0.2177111655473709,0.9997778534889221,0.37557706236839294,0.12008681893348694,-0.24577412009239197,0.9999340772628784,0.42407920956611633,0.13874183595180511,-0.30653539299964905,0.999970555305481,0.4065708518028259,0.1376875340938568,-0.3141002058982849,0.9999850988388062,0.4799512028694153,0.16176961362361908,-0.11377326399087906,0.9999651908874512,0.3145495355129242,0.16452845931053162,-0.17000767588615417,0.9999651908874512,0.5131213665008545,0.2262437641620636,-0.08330997079610825,0.9941243529319763,0.2758474349975586,0.2235834300518036,-0.14464876055717468,0.9969250559806824,0.4299308657646179,0.26220273971557617,-0.21169604361057281,0.9891120791435242,0.3328276574611664,0.2668663561344147,-0.23380450904369354,0.983304500579834,0.4070923924446106,0.2709510326385498,-0.261569082736969,0.9721218943595886,0.3564457297325134,0.2732715606689453,-0.2744961380958557,0.9631783366203308,0.39972829818725586,0.25885581970214844,-0.26191186904907227,0.9706053137779236,0.36355289816856384,0.2603769898414612,-0.28175610303878784,0.962448000907898,0.40278172492980957,0.2542281448841095,-0.21171338856220245,0.9620277881622314,0.3581050634384155,0.2565641403198242,-0.23523031175136566,0.9573639631271362,0.4141976535320282,0.2781822383403778,0.0282585546374321,0.9984188079833984,0.34112799167633057,0.2738632261753082,-0.02835415117442608,0.9993622899055481,0.3776623010635376,0.36808767914772034,0.05635104700922966,0.8205443024635315,0.3810938596725464,0.3655153214931488,-0.14956237375736237,0.8958576917648315,0.3172140121459961,0.4471762776374817,0.16886962950229645,0.8711674213409424,0.40338730812072754,0.46044275164604187,-0.08859983831644058,0.9159858226776123,0.29952794313430786,0.45578742027282715,0.17597654461860657,0.7586613297462463,0.40006083250045776,0.47148025035858154,-0.08584225177764893,0.7377399802207947,0.32438501715660095,0.49072426557540894,0.07514850050210953,0.8128876686096191,0.4052351415157318,0.499657541513443,-0.23239773511886597,0.8611635565757751
U19_v4,53,1,0.40984082221984863,0.11966492235660553,-0.8243545293807983,0.9998927116394043,0.4135095477104187,0.10940761864185333,-0.7988860607147217,0.9996908903121948,0.4170435667037964,0.10908488929271698,-0.7989363074302673,0.999632716178894,0.4210788905620575,0.10887545347213745,-0.799117386341095,0.9996084570884705,0.39867186546325684,0.10978209972381592,-0.8079527616500854,0.9997738003730774,0.391966313123703,0.10985839366912842,-0.808148980140686,0.9997641444206238,0.38512006402015686,0.11015363037586212,-0.8082955479621887,0.9998049139976501,0.4234010875225067,0.11229118704795837,-0.5946498513221741,0.9993414282798767,0.3685881793498993,0.1143181324005127,-0.638032853603363,0.9997976422309875,0.4150233864784241,0.1295100301504135,-0.7411783933639526,0.9999243021011353,0.3970470428466797,0.13033245503902435,-0.7537700533866882,0.9999575614929199,0.47341322898864746,0.1613091677427292,-0.4096827208995819,0.9999526739120483,0.3093201816082001,0.1596432328224182,-0.48666438460350037,0.9999550580978394,0.4990391731262207,0.22518974542617798,-0.3769594132900238,0.9909554123878479,0.2676858603954315,0.22490549087524414,-0.465705007314682,0.9948915243148804,0.4282265305519104,0.2680979073047638,-0.5676230192184448,0.9563129544258118,0.32314053177833557,0.27405884861946106,-0.6045056581497192,0.9697457551956177,0.40691640973091125,0.27857154607772827,-0.6370705366134644,0.8966996073722839,0.3502146601676941,0.2832947075366974,-0.668813943862915,0.9340780973434448,0.39934369921684265,0.2671321928501129,-0.6606957912445068,0.8976041674613953,0.3598731756210327,0.2715064287185669,-0.6890581846237183,0.9340242147445679,0.40285152196884155,0.2629121243953705,-0.5801185369491577,0.8838986158370972,0.3541950583457947,0.2683982849121094,-0.612224280834198,0.9130128026008606,0.417545884847641,0.27915531396865845,0.030064227059483528,0.9990335702896118,0.33888089656829834,0.27770471572875977,-0.030018329620361328,0.9994736313819885,0.3844354450702667,0.3634142279624939,0.04482278227806091,0.3719542622566223,0.37089499831199646,0.36410802602767944,-0.05874062329530716,0.5101481080055237,0.3747045397758484,0.41147735714912415,0.5433081388473511,0.10542578250169754,0.36255311965942383,0.4291614890098572,0.31423887610435486,0.3447912335395813,0.365946888923645,0.415853351354599,0.5886284112930298,0.15158292651176453,0.3592418432235718,0.4366833567619324,0.3482244312763214,0.24103616178035736,0.3896259367465973,0.44346892833709717,0.4787665605545044,0.13090144097805023,0.3712283670902252,0.4624728560447693,0.1783004254102707,0.31103017926216125
U19_v4,54,1,0.39987438917160034,0.11618661880493164,-0.5857153534889221,0.9999240636825562,0.40355899930000305,0.10615499317646027,-0.5643351674079895,0.9997614026069641,0.4071759879589081,0.10615655779838562,-0.5643554329872131,0.9997467398643494,0.41183900833129883,0.10632425546646118,-0.5644409656524658,0.9997280240058899,0.3879792392253876,0.10618148744106293,-0.5724968314170837,0.9997958540916443,0.38085436820983887,0.1063804179430008,-0.5726355910301208,0.99980229139328,0.3736646771430969,0.1067361980676651,-0.5727056860923767,0.9998118281364441,0.4139334559440613,0.11037150025367737,-0.3984452188014984,0.999479353427887,0.35684502124786377,0.11108596622943878,-0.43840518593788147,0.9997759461402893,0.4047911465167999,0.12738558650016785,-0.5185840129852295,0.9999321699142456,0.38604307174682617,0.12789161503314972,-0.5300024747848511,0.9999525547027588,0.46399739384651184,0.16185548901557922,-0.2516101002693176,0.9999574422836304,0.2974507808685303,0.16506414115428925,-0.31881606578826904,0.9999088048934937,0.49215060472488403,0.22578895092010498,-0.19162960350513458,0.9944074153900146,0.26848363876342773,0.23395374417304993,-0.2711144685745239,0.9933880567550659,0.42815008759498596,0.27009525895118713,-0.34100061655044556,0.9864452481269836,0.3248014748096466,0.28169047832489014,-0.3787916600704193,0.9725717306137085,0.4050183892250061,0.28414082527160645,-0.39255791902542114,0.9633949398994446,0.3512258529663086,0.2892927825450897,-0.4243003726005554,0.943303108215332,0.39645376801490784,0.27296963334083557,-0.40875670313835144,0.9637072682380676,0.35691583156585693,0.2793639004230499,-0.4436742067337036,0.9436906576156616,0.40019726753234863,0.2671523690223694,-0.34722232818603516,0.9544911980628967,0.35142239928245544,0.2741174101829529,-0.3848266899585724,0.9324066638946533,0.414071261882782,0.2817802429199219,0.022731056436896324,0.9966894388198853,0.33385321497917175,0.2823387384414673,-0.022671181708574295,0.9975475668907166,0.3900814652442932,0.36901599168777466,-0.011369193904101849,0.5973240733146667,0.3647940456867218,0.3736574649810791,-0.09988643229007721,0.5801095366477966,0.40985599160194397,0.4408552050590515,0.19573716819286346,0.46844416856765747,0.3743608295917511,0.45190250873565674,0.11312473565340042,0.5262884497642517,0.4025938808917999,0.45078521966934204,0.20870012044906616,0.36353543400764465,0.371525377035141,0.46118175983428955,0.1268644630908966,0.30780091881752014,0.4288896918296814,0.4725433588027954,0.06983674317598343,0.41769254207611084,0.3888300359249115,0.48680567741394043,-0.052019160240888596,0.44018834829330444
U19_v4,55,1,0.3841390609741211,0.11784297227859497,-0.5577510595321655,0.9998148083686829,0.3893207907676697,0.10718625783920288,-0.5374144911766052,0.9993997812271118,0.3930778205394745,0.10707470774650574,-0.5375031232833862,0.999424934387207,0.3974508047103882,0.1071372926235199,-0.537639319896698,0.9993788003921509,0.3720531463623047,0.10762527585029602,-0.5438394546508789,0.9995017051696777,0.36463654041290283,0.10795095562934875,-0.5439414381980896,0.9995161294937134,0.35749125480651855,0.10853976011276245,-0.5440196990966797,0.9994896650314331,0.40196090936660767,0.11186425387859344,-0.37683171033859253,0.998786985874176,0.34343433380126953,0.11399683356285095,-0.4071345329284668,0.9996979236602783,0.39137205481529236,0.1289583444595337,-0.49259060621261597,0.9998569488525391,0.3708902597427368,0.12936821579933167,-0.501021146774292,0.9998956918716431,0.4539625644683838,0.1671375036239624,-0.21055616438388824,0.9999065399169922,0.2875000238418579,0.17084909975528717,-0.31922635436058044,0.9998027682304382,0.4735938608646393,0.2322704792022705,-0.1544165313243866,0.9811413288116455,0.2656331956386566,0.2434290647506714,-0.26946747303009033,0.996023416519165,0.41654151678085327,0.2744196653366089,-0.3176659643650055,0.9608939290046692,0.33198487758636475,0.2883818745613098,-0.36829081177711487,0.9594089984893799,0.39607399702072144,0.29110047221183777,-0.3722585439682007,0.9220045804977417,0.3569144308567047,0.2986464202404022,-0.41357409954071045,0.9194095134735107,0.3872494399547577,0.28028807044029236,-0.3945147395133972,0.9238955974578857,0.36222657561302185,0.28820276260375977,-0.4358980655670166,0.9194296002388,0.3904624283313751,0.2744983732700348,-0.3277655839920044,0.9126155376434326,0.3572566509246826,0.28335726261138916,-0.37447813153266907,0.9105790257453918,0.40198996663093567,0.29152536392211914,0.05651300773024559,0.9990260601043701,0.31736958026885986,0.2893555462360382,-0.05633815377950668,0.9972183704376221,0.38690367341041565,0.40033024549484253,-0.029866933822631836,0.6570577025413513,0.3522384762763977,0.38377997279167175,-0.11803266406059265,0.818339467048645,0.3744232654571533,0.4966493844985962,0.08043011277914047,0.6735091805458069,0.35150057077407837,0.4298197031021118,0.20224629342556,0.21640440821647644,0.3616964817047119,0.5102986097335815,0.08262939006090164,0.5593039989471436,0.3444802463054657,0.4297662675380707,0.22989095747470856,0.18276266753673553,0.4139699935913086,0.5220882892608643,-0.06134407967329025,0.5681055784225464,0.37002426385879517,0.4665350317955017,0.12895838916301727,0.17965389788150787
U19_v4,56,1,0.36963486671447754,0.12031207978725433,-0.6470362544059753,0.9999568462371826,0.37527620792388916,0.1099206805229187,-0.608834981918335,0.9999274015426636,0.38001567125320435,0.10972094535827637,-0.6089804172515869,0.9999105930328369,0.38374000787734985,0.10967749357223511,-0.6090787053108215,0.999901294708252,0.3560629189014435,0.11075499653816223,-0.6218674778938293,0.999931812286377,0.34794896841049194,0.11136519908905029,-0.6219901442527771,0.9999210834503174,0.340530127286911,0.11212335526943207,-0.6221402287483215,0.9999254941940308,0.3891738951206207,0.11431211233139038,-0.3653455972671509,0.9998719692230225,0.3286059498786926,0.11795863509178162,-0.4206799566745758,0.9999350309371948,0.3788107931613922,0.13161799311637878,-0.5523711442947388,0.9999852180480957,0.3568879961967468,0.13246312737464905,-0.5682428479194641,0.9999904632568359,0.4411967396736145,0.16924940049648285,-0.14593791961669922,0.9999618530273438,0.2832145690917969,0.17848731577396393,-0.31060975790023804,0.9999445676803589,0.46836280822753906,0.23302772641181946,-0.14315693080425262,0.9725448489189148,0.26815521717071533,0.25420081615448,-0.28785011172294617,0.985116183757782,0.4159519076347351,0.27177196741104126,-0.48232609033584595,0.9265596866607666,0.3431168794631958,0.2866639494895935,-0.460644394159317,0.9452599287033081,0.40107977390289307,0.2872065603733063,-0.5654065012931824,0.8822424411773682,0.3705311119556427,0.2959243655204773,-0.530568540096283,0.9049281477928162,0.39388108253479004,0.2760985195636749,-0.6015766263008118,0.8838233947753906,0.3759414851665497,0.2811158299446106,-0.55869060754776,0.9048106670379639,0.39673125743865967,0.2701112926006317,-0.503727912902832,0.8644910454750061,0.372150182723999,0.2754618525505066,-0.470481276512146,0.8667030334472656,0.3937796354293823,0.30260521173477173,0.07755185663700104,0.9993897676467896,0.30874308943748474,0.3003847599029541,-0.07755494117736816,0.9997645020484924,0.39268195629119873,0.40787473320961,0.06604855507612228,0.6866616010665894,0.3434743285179138,0.4093327820301056,-0.13557563722133636,0.9288911819458008,0.3312467336654663,0.43136441707611084,0.6851730346679688,0.17516714334487915,0.33566752076148987,0.49745437502861023,0.12212604284286499,0.9002453088760376,0.31402626633644104,0.4281851351261139,0.7420122027397156,0.27746763825416565,0.32876405119895935,0.5161253213882446,0.14025850594043732,0.63468998670578,0.34245628118515015,0.46531736850738525,0.6338436007499695,0.24749110639095306,0.3681517541408539,0.5275759696960449,-0.09129732102155685,0.8338801860809326
U19_v4,57,1,0.3581058979034424,0.11838185787200928,-0.5380412936210632,0.9998937845230103,0.36355048418045044,0.10843656957149506,-0.5048878788948059,0.9998390674591064,0.3685770332813263,0.10817906260490417,-0.5049651861190796,0.9997654557228088,0.37257200479507446,0.10812148451805115,-0.5050707459449768,0.9997904896736145,0.34382447600364685,0.10949784517288208,-0.514969527721405,0.9998794794082642,0.3363714814186096,0.11017493903636932,-0.5150831341743469,0.9998388290405273,0.32919907569885254,0.11099128425121307,-0.5152075290679932,0.9998724460601807,0.37754058837890625,0.1118534505367279,-0.29857227206230164,0.9997474551200867,0.31947848200798035,0.11601275205612183,-0.336967408657074,0.9998767375946045,0.36838558316230774,0.12968403100967407,-0.4576393961906433,0.9999560117721558,0.345661461353302,0.1314648538827896,-0.4684487283229828,0.9999724626541138,0.4279003143310547,0.1657189577817917,-0.10866956412792206,0.9998592138290405,0.2791311740875244,0.17756105959415436,-0.2792093753814697,0.9998900890350342,0.45965471863746643,0.230826735496521,-0.05970750376582146,0.9334966540336609,0.2650202512741089,0.25839921832084656,-0.2729417681694031,0.9899296164512634,0.4251386821269989,0.2615923285484314,-0.28520140051841736,0.8761968612670898,0.3665183186531067,0.28532108664512634,-0.39023345708847046,0.9723725914955139,0.41425850987434387,0.27273035049438477,-0.3430919945240021,0.8182192444801331,0.38958433270454407,0.2875218093395233,-0.4430621564388275,0.9449111819267273,0.4083229899406433,0.2631213068962097,-0.36955562233924866,0.8140442371368408,0.39361467957496643,0.2738837003707886,-0.46149665117263794,0.9443970918655396,0.4090825915336609,0.25944891571998596,-0.3001662492752075,0.8056484460830688,0.38761159777641296,0.2708473801612854,-0.39536184072494507,0.9251760244369507,0.3799300491809845,0.30428385734558105,0.06221069395542145,0.9992550015449524,0.2909601330757141,0.3022492825984955,-0.06218564510345459,0.9995096921920776,0.40867239236831665,0.4032699465751648,-0.13852068781852722,0.9027206301689148,0.30725130438804626,0.40717440843582153,-0.082363560795784,0.9290258288383484,0.3154415488243103,0.43085211515426636,0.3761754631996155,0.3855278491973877,0.3234732747077942,0.48002150654792786,0.2290855050086975,0.816387951374054,0.2793160378932953,0.42135441303253174,0.426583468914032,0.4007464647293091,0.32236766815185547,0.4867139458656311,0.2556536793708801,0.5413358211517334,0.3197559416294098,0.46716517210006714,0.3470662534236908,0.40718820691108704,0.35359418392181396,0.5180759429931641,0.09629219770431519,0.751193106174469
U19_v4,58,1,0.34456273913383484,0.11364927887916565,-0.3576105535030365,0.9998515844345093,0.3493839204311371,0.10356979072093964,-0.3278349041938782,0.9998204112052917,0.3542991578578949,0.10326740145683289,-0.32793793082237244,0.9997650980949402,0.35877376794815063,0.10307258367538452,-0.3280465304851532,0.999758780002594,0.32908895611763,0.10498040914535522,-0.3343222141265869,0.9998375177383423,0.32138240337371826,0.1057126373052597,-0.33435484766960144,0.9997938275337219,0.3142825961112976,0.10659503936767578,-0.3345184326171875,0.9998254179954529,0.36370599269866943,0.10697531700134277,-0.1385684311389923,0.9998173117637634,0.3055938184261322,0.11219333112239838,-0.15833085775375366,0.9998819828033447,0.35571980476379395,0.12425167858600616,-0.2832309305667877,0.9999518394470215,0.3337763845920563,0.12669335305690765,-0.28874456882476807,0.9999620914459229,0.41612502932548523,0.1615440547466278,0.02442975342273712,0.9997791647911072,0.275343656539917,0.17391014099121094,-0.14490745961666107,0.9999092817306519,0.4453175365924835,0.22679713368415833,0.021275581791996956,0.8118890523910522,0.2712387144565582,0.25244301557540894,-0.2237372100353241,0.9910420179367065,0.4278557300567627,0.24750322103500366,-0.23668378591537476,0.6886829733848572,0.3895667493343353,0.26298776268959045,-0.3747459053993225,0.9778832197189331,0.4240206182003021,0.25440090894699097,-0.29591047763824463,0.6520498394966125,0.4088778495788574,0.25843217968940735,-0.42633435130119324,0.9532901048660278,0.4172639846801758,0.24519379436969757,-0.31818076968193054,0.6492990851402283,0.4083118438720703,0.2488439381122589,-0.4331263601779938,0.9499056339263916,0.4160842001438141,0.2423611283302307,-0.25154921412467957,0.6476393342018127,0.4010966420173645,0.24895372986793518,-0.37597277760505676,0.9242483377456665,0.3712446391582489,0.3053887188434601,0.06031122803688049,0.9996914863586426,0.27651679515838623,0.30576157569885254,-0.06020345166325569,0.999638557434082,0.4153841435909271,0.3967193067073822,-0.32022911310195923,0.9870883226394653,0.2729948163032532,0.4246792495250702,-0.1348147839307785,0.9873054027557373,0.3587709963321686,0.4572778046131134,0.1639772653579712,0.8982260823249817,0.2533555030822754,0.49843621253967285,0.22838719189167023,0.9533592462539673,0.3396358788013458,0.45759379863739014,0.20720632374286652,0.8062777519226074,0.2482302486896515,0.5081261992454529,0.2576742470264435,0.6334407925605774,0.3839564025402069,0.5043327808380127,0.06899859756231308,0.8713065385818481,0.2624433636665344,0.5348166227340698,0.06699525564908981,0.9078311920166016
U19_v4,59,1,0.33174219727516174,0.10598161816596985,-0.3377270996570587,0.9998985528945923,0.3366357982158661,0.09618695080280304,-0.29862892627716064,0.999906063079834,0.342824786901474,0.09589777886867523,-0.29876071214675903,0.9998925924301147,0.3484804630279541,0.09558181464672089,-0.2988467812538147,0.9998931884765625,0.3184226155281067,0.09755146503448486,-0.3145168423652649,0.999869704246521,0.311591237783432,0.09866927564144135,-0.31453773379325867,0.9998476505279541,0.30496251583099365,0.09969231486320496,-0.31463423371315,0.9998389482498169,0.3517147898674011,0.09886914491653442,-0.07052121311426163,0.9998351335525513,0.2968553304672241,0.10574685037136078,-0.1333560049533844,0.9999206066131592,0.3441178500652313,0.11621709167957306,-0.2501048445701599,0.9999496936798096,0.32159844040870667,0.11762243509292603,-0.26798850297927856,0.9999366998672485,0.3984176814556122,0.15460534393787384,0.11982085555791855,0.999871015548706,0.2694874405860901,0.16152969002723694,-0.16312052309513092,0.9998377561569214,0.4414646625518799,0.21649062633514404,-0.008691930212080479,0.8324451446533203,0.2881307601928711,0.2313186526298523,-0.21944208443164825,0.9945356845855713,0.4347244203090668,0.22021515667438507,-0.39025118947029114,0.8304449915885925,0.408367395401001,0.24071712791919708,-0.22546683251857758,0.978671669960022,0.43617990612983704,0.22310182452201843,-0.4702436327934265,0.781841516494751,0.42816007137298584,0.23566025495529175,-0.26401835680007935,0.9500035047531128,0.428632915019989,0.21538354456424713,-0.4746609926223755,0.7825696468353271,0.42695289850234985,0.22850699722766876,-0.2823282778263092,0.9473756551742554,0.42478635907173157,0.2144407033920288,-0.4037105143070221,0.7591323256492615,0.41961079835891724,0.22910279035568237,-0.22732645273208618,0.9224545359611511,0.36365950107574463,0.30166345834732056,0.07996994256973267,0.9999293088912964,0.26799777150154114,0.3051028847694397,-0.07964273542165756,0.9996885061264038,0.40972182154655457,0.3963680863380432,-0.2663611173629761,0.9766116738319397,0.24183768033981323,0.41899237036705017,-0.07321633398532867,0.9808061122894287,0.3958141803741455,0.497692346572876,-0.09455405920743942,0.9492372274398804,0.21758528053760529,0.48499634861946106,0.36070898175239563,0.7768381834030151,0.37876096367836,0.5106449723243713,-0.08633038401603699,0.8779382705688477,0.21106141805648804,0.49135780334472656,0.3976263701915741,0.3308200538158417,0.44347038865089417,0.5357176065444946,-0.28846415877342224,0.9322248101234436,0.22816509008407593,0.5226747989654541,0.23769298195838928,0.7383142113685608
U19_v4,60,1,0.32108625769615173,0.09757374227046967,-0.30396080017089844,0.9998693466186523,0.3238348364830017,0.08722446858882904,-0.2679094970226288,0.9998798370361328,0.3289431035518646,0.08660715818405151,-0.2679801881313324,0.9998651742935181,0.33290985226631165,0.08608096837997437,-0.26799291372299194,0.9998681545257568,0.30519822239875793,0.0892052948474884,-0.289325088262558,0.9998469352722168,0.2982029914855957,0.08990941941738129,-0.2893548905849457,0.9998317956924438,0.29190385341644287,0.09071798622608185,-0.28946322202682495,0.9998112320899963,0.33749639987945557,0.09082335233688354,-0.047996532171964645,0.9997397065162659,0.278448224067688,0.09839272499084473,-0.13443323969841003,0.9999033212661743,0.33299434185028076,0.10878120362758636,-0.2185027301311493,0.9999293088912964,0.3106723427772522,0.11018027365207672,-0.2432417869567871,0.9998859167098999,0.38260897994041443,0.14780505001544952,0.13226619362831116,0.9997432827949524,0.2668353319168091,0.15421906113624573,-0.20567059516906738,0.9997795224189758,0.4407443702220917,0.20417244732379913,-0.12151186168193817,0.7834032773971558,0.32134124636650085,0.20939312875270844,-0.22206805646419525,0.9887567162513733,0.4071907699108124,0.19843105971813202,-0.5781311392784119,0.6265498399734497,0.4216747283935547,0.20359870791435242,-0.08658884465694427,0.9387825727462769,0.4045078456401825,0.20023313164710999,-0.6672227382659912,0.5484304428100586,0.437423974275589,0.2072289139032364,-0.1120482012629509,0.8740367293357849,0.3828681409358978,0.194047749042511,-0.6484870910644531,0.5486557483673096,0.43050336837768555,0.20215192437171936,-0.13726156949996948,0.8692550659179688,0.38577595353126526,0.19368579983711243,-0.5861007571220398,0.5433931350708008,0.4225338399410248,0.20042625069618225,-0.08896468579769135,0.8262819051742554,0.3621527850627899,0.2997494339942932,0.08694656938314438,0.9999088048934937,0.2619009017944336,0.30369800329208374,-0.08669542521238327,0.9993776679039001,0.4020416736602783,0.40716713666915894,-0.235049769282341,0.9561396241188049,0.2139674723148346,0.4129087030887604,0.04477711766958237,0.9555137157440186,0.42423444986343384,0.5246458649635315,-0.230474591255188,0.944858729839325,0.16321170330047607,0.4998331665992737,0.428635835647583,0.7406468987464905,0.41028255224227905,0.5398184061050415,-0.24016204476356506,0.8438395261764526,0.14713333547115326,0.5096662044525146,0.45845383405685425,0.31749626994132996,0.4645059108734131,0.5570454597473145,-0.47504085302352905,0.9227166175842285,0.1676553338766098,0.538183331489563,0.28179824352264404,0.6860005259513855
U19_v4,61,1,0.3120879828929901,0.09545674920082092,-0.3283401131629944,0.9998751878738403,0.31723806262016296,0.0850829929113388,-0.2965810298919678,0.9998774528503418,0.32192501425743103,0.08482542634010315,-0.296658992767334,0.9998339414596558,0.32681509852409363,0.08459743857383728,-0.29665952920913696,0.9998646974563599,0.297099769115448,0.08575193583965302,-0.3197537660598755,0.9998495578765869,0.28881585597991943,0.08620519936084747,-0.31983044743537903,0.9997954964637756,0.2817380130290985,0.08678683638572693,-0.3199264109134674,0.9997814297676086,0.3302677571773529,0.08908110857009888,-0.0738644152879715,0.9995492100715637,0.26649150252342224,0.0931088924407959,-0.1733946055173874,0.999850869178772,0.3225454092025757,0.10702991485595703,-0.2407841831445694,0.9999146461486816,0.29891276359558105,0.10803908109664917,-0.2696838676929474,0.9998385906219482,0.3723399043083191,0.1474105417728424,0.10883055627346039,0.9997501969337463,0.2535436749458313,0.1477569192647934,-0.25357452034950256,0.9996175765991211,0.45543771982192993,0.20304659008979797,-0.17171664535999298,0.8245456218719482,0.3319861888885498,0.18542425334453583,-0.3665772080421448,0.9793924689292908,0.43241119384765625,0.1817842572927475,-0.6341225504875183,0.8404465317726135,0.412627637386322,0.1754731386899948,-0.31023654341697693,0.9022311568260193,0.421396940946579,0.1761925220489502,-0.7137460112571716,0.7883861660957336,0.4235074520111084,0.17115619778633118,-0.3435457944869995,0.8284627795219421,0.4078480005264282,0.170194610953331,-0.6897575259208679,0.7877791523933411,0.4183223843574524,0.16861066222190857,-0.3539348244667053,0.8229681253433228,0.40878868103027344,0.17172294855117798,-0.6383517384529114,0.7640384435653687,0.4113599359989166,0.17022977769374847,-0.31000617146492004,0.7919664978981018,0.3580950200557709,0.30683282017707825,0.0968526154756546,0.999967098236084,0.26097553968429565,0.31022724509239197,-0.09692636132240295,0.9997813105583191,0.3942047357559204,0.422996461391449,-0.04235906898975372,0.9674293398857117,0.23338682949543,0.41966235637664795,-0.014627281576395035,0.9848095774650574,0.4339325428009033,0.5382256507873535,0.04859626665711403,0.9772409796714783,0.1390000283718109,0.45473363995552063,0.6332768201828003,0.7110639810562134,0.4231729805469513,0.557502269744873,0.05145399644970894,0.8921290040016174,0.11977578699588776,0.45021936297416687,0.6994273662567139,0.3495260775089264,0.4861173629760742,0.568994402885437,-0.12680497765541077,0.9693975448608398,0.13904394209384918,0.5087701082229614,0.6534889340400696,0.7290650606155396
U19_v4,62,1,0.3062954843044281,0.09611065685749054,-0.37494799494743347,0.9999719858169556,0.3132690191268921,0.08673909306526184,-0.335166335105896,0.9999688863754272,0.3179078698158264,0.08669400215148926,-0.33523234724998474,0.9999587535858154,0.32329416275024414,0.08672988414764404,-0.3353115916252136,0.9999686479568481,0.2915648818016052,0.08744435012340546,-0.353918194770813,0.9999556541442871,0.28203868865966797,0.08807876706123352,-0.353934645652771,0.9999439716339111,0.27444779872894287,0.08894738554954529,-0.3539542257785797,0.9999264478683472,0.32965609431266785,0.0914984792470932,-0.08865337818861008,0.9999511241912842,0.262349396944046,0.09634463489055634,-0.17428769171237946,0.9999723434448242,0.31822681427001953,0.10851266980171204,-0.28124386072158813,0.9999895095825195,0.2933487892150879,0.10943914949893951,-0.3066561818122864,0.9999715089797974,0.3819883167743683,0.15500116348266602,0.06317946314811707,0.9999637603759766,0.2357565015554428,0.14576448500156403,-0.25915104150772095,0.999850869178772,0.4831521213054657,0.20634078979492188,-0.30359625816345215,0.9809226393699646,0.2689250409603119,0.15759773552417755,-0.6756373047828674,0.9839222431182861,0.4115206003189087,0.15744997560977936,-0.7403191924095154,0.9710203409194946,0.35870423913002014,0.1554158329963684,-0.9212762713432312,0.8863920569419861,0.38796472549438477,0.1494363397359848,-0.8179482817649841,0.9335888624191284,0.37520670890808105,0.15074387192726135,-0.9954982399940491,0.7898607850074768,0.3795645236968994,0.14337018132209778,-0.7717668414115906,0.9291027784347534,0.3723280429840088,0.1501021683216095,-0.9738133549690247,0.7708175182342529,0.38149797916412354,0.14732947945594788,-0.7332401275634766,0.9121533036231995,0.368279367685318,0.1538810282945633,-0.9185460209846497,0.7461806535720825,0.35578489303588867,0.3128308355808258,0.1105000227689743,0.9999959468841553,0.25691819190979004,0.31277814507484436,-0.11087188869714737,0.9999759197235107,0.38675010204315186,0.44032102823257446,0.040307726711034775,0.9890459179878235,0.22998768091201782,0.43425267934799194,-0.1362473964691162,0.9968596696853638,0.4131605625152588,0.5487448573112488,0.2832724452018738,0.9876391291618347,0.13704814016819,0.44806426763534546,0.5456352829933167,0.8615877032279968,0.4027103781700134,0.5638322830200195,0.30117616057395935,0.8904269337654114,0.12003512680530548,0.4360108971595764,0.6163854002952576,0.4647729992866516,0.45945289731025696,0.5785481929779053,0.13450944423675537,0.9755163192749023,0.10181181132793427,0.4964355230331421,0.5903041958808899,0.8430403470993042
U19_v4,63,1,0.29569366574287415,0.09519632160663605,-0.4044661223888397,0.9999275207519531,0.3039480447769165,0.08634598553180695,-0.3601608872413635,0.9999433755874634,0.3101619780063629,0.08653940260410309,-0.36011508107185364,0.9999213218688965,0.3156539797782898,0.08678022027015686,-0.36013224720954895,0.9999344348907471,0.28180763125419617,0.08740586042404175,-0.3746902644634247,0.9999275207519531,0.27322396636009216,0.08839096128940582,-0.37469977140426636,0.9998977184295654,0.2660112977027893,0.08943307399749756,-0.3747952878475189,0.9998586177825928,0.3240050673484802,0.09358876943588257,-0.10900086164474487,0.9999383687973022,0.2557491660118103,0.09680838882923126,-0.174246147274971,0.9999796152114868,0.3123493194580078,0.10852006077766418,-0.3102942705154419,0.9999825954437256,0.2818441092967987,0.10895045101642609,-0.32997846603393555,0.9999709129333496,0.3783903121948242,0.16085463762283325,0.018452128395438194,0.9999091625213623,0.23029077053070068,0.15688782930374146,-0.23780496418476105,0.9998099207878113,0.4738606810569763,0.1944279968738556,-0.3712589740753174,0.982448160648346,0.1931077241897583,0.12454615533351898,-0.6556870341300964,0.9950751662254333,0.38420629501342773,0.1339034140110016,-0.70858234167099,0.9737043380737305,0.3085228204727173,0.13327118754386902,-0.8188937306404114,0.9016938805580139,0.3638480007648468,0.12112987041473389,-0.7701278328895569,0.9253210425376892,0.3480347692966461,0.12737485766410828,-0.8646993041038513,0.7199873924255371,0.35424670577049255,0.12071956694126129,-0.7018885612487793,0.915957510471344,0.34540894627571106,0.13591112196445465,-0.8212613463401794,0.6685830354690552,0.35419154167175293,0.12782837450504303,-0.6902687549591064,0.8935917615890503,0.3350411057472229,0.14035508036613464,-0.8042787909507751,0.6545275449752808,0.3563065230846405,0.31767863035202026,0.10088648647069931,0.9999978542327881,0.2534469962120056,0.31827908754348755,-0.10114800930023193,0.9999896287918091,0.3769778907299042,0.44636332988739014,0.03668452799320221,0.9912611842155457,0.25291699171066284,0.4365176558494568,-0.06770844012498856,0.9961901903152466,0.37048426270484924,0.5476460456848145,0.3196621537208557,0.986469030380249,0.15588676929473877,0.43633562326431274,0.660563588142395,0.7641600370407104,0.3538329303264618,0.5613980293273926,0.34033313393592834,0.897948145866394,0.1476166844367981,0.42192888259887695,0.7337176203727722,0.34263983368873596,0.4135313928127289,0.5761829018592834,0.16062721610069275,0.9770169854164124,0.11352352797985077,0.48173797130584717,0.6907401084899902,0.8044979572296143
U19_v4,64,1,0.2919248342514038,0.09302999079227448,-0.3432789444923401,0.9998735189437866,0.30173295736312866,0.08369743824005127,-0.3019435405731201,0.9998705387115479,0.307996541261673,0.08383500576019287,-0.3019041419029236,0.9998213648796082,0.31462565064430237,0.08409044146537781,-0.3018859028816223,0.9998519420623779,0.27892452478408813,0.0839022696018219,-0.31509456038475037,0.9998351335525513,0.26966363191604614,0.08448487520217896,-0.3150755763053894,0.9997883439064026,0.26034238934516907,0.08538225293159485,-0.3151739835739136,0.9997547268867493,0.32422223687171936,0.09022141993045807,-0.0673726499080658,0.9997518658638,0.24994716048240662,0.09274818003177643,-0.129644513130188,0.9999270439147949,0.3079952299594879,0.10584305226802826,-0.255511075258255,0.999936580657959,0.2771196961402893,0.10629835724830627,-0.27392226457595825,0.9999268054962158,0.3689988851547241,0.1530829221010208,0.0295412540435791,0.9996439218521118,0.21885046362876892,0.1465686708688736,-0.2048627734184265,0.9995377063751221,0.4508326053619385,0.17623259127140045,-0.3597853183746338,0.962259829044342,0.16223764419555664,0.11065289378166199,-0.6035566926002502,0.9961382746696472,0.3499486744403839,0.12446469068527222,-0.7059004306793213,0.9700968861579895,0.2773645222187042,0.12220294773578644,-0.7447324991226196,0.930794358253479,0.32956647872924805,0.11050532758235931,-0.7725496888160706,0.9275079369544983,0.3069196045398712,0.115624338388443,-0.7890272736549377,0.8046030402183533,0.32353219389915466,0.10823337733745575,-0.712537407875061,0.9182689189910889,0.30894142389297485,0.12107792496681213,-0.7443961501121521,0.768695056438446,0.32365861535072327,0.11679452657699585,-0.691545307636261,0.9030605554580688,0.2991625964641571,0.12516401708126068,-0.7289089560508728,0.7591370344161987,0.34920936822891235,0.31840500235557556,0.09754262119531631,0.9999829530715942,0.25146612524986267,0.3137452006340027,-0.09785348176956177,0.9999306201934814,0.36759594082832336,0.4440406262874603,-0.005957413464784622,0.9662131071090698,0.2643081545829773,0.4241229295730591,-0.16105809807777405,0.9942194223403931,0.3306359350681305,0.5476197004318237,0.25762060284614563,0.9720579981803894,0.18178583681583405,0.4418754279613495,0.46658071875572205,0.7743397355079651,0.3097043037414551,0.563675045967102,0.27822571992874146,0.9018193483352661,0.16512280702590942,0.43234217166900635,0.5311412215232849,0.45491188764572144,0.3861340880393982,0.5803776979446411,0.1392952799797058,0.9673824906349182,0.16053901612758636,0.49397552013397217,0.5009199976921082,0.7960193753242493
U19_v4,65,1,0.28518936038017273,0.08607356250286102,-0.31286460161209106,0.999593198299408,0.2956487834453583,0.0772881805896759,-0.2743885815143585,0.9994921684265137,0.30194729566574097,0.07771746814250946,-0.2743312418460846,0.9993098974227905,0.3083004653453827,0.07825316488742828,-0.274311363697052,0.9994691014289856,0.2747027575969696,0.07667680084705353,-0.28493016958236694,0.9993382096290588,0.2667180895805359,0.07696689665317535,-0.28486984968185425,0.9991070628166199,0.25896793603897095,0.07744848728179932,-0.2849835157394409,0.9991130232810974,0.3150599002838135,0.08376619219779968,-0.05761130526661873,0.999213457107544,0.24564506113529205,0.08422017097473145,-0.10776036977767944,0.9997122883796692,0.2968906760215759,0.09844046831130981,-0.23212790489196777,0.9997904896736145,0.2706752419471741,0.09785349667072296,-0.24713784456253052,0.9997877478599548,0.35446274280548096,0.1434212625026703,0.0037913951091468334,0.9993265867233276,0.20799218118190765,0.13734331727027893,-0.1453540027141571,0.9991874098777771,0.41189026832580566,0.15969794988632202,-0.3769274652004242,0.9449310302734375,0.14022651314735413,0.09275496006011963,-0.47612249851226807,0.9954149723052979,0.3200263977050781,0.11142894625663757,-0.6908565759658813,0.9164460301399231,0.24914871156215668,0.11165866255760193,-0.5378232598304749,0.7854394316673279,0.3032377064228058,0.0979798287153244,-0.7578517198562622,0.8503806591033936,0.27183210849761963,0.11249895393848419,-0.5726587176322937,0.5372577905654907,0.29800161719322205,0.09496919810771942,-0.6963573098182678,0.8361830711364746,0.27914518117904663,0.11190067231655121,-0.5342405438423157,0.49779197573661804,0.2974313497543335,0.1029415875673294,-0.6773855090141296,0.8153208494186401,0.2709060609340668,0.11629164218902588,-0.5265156030654907,0.5231265425682068,0.34474965929985046,0.3052613437175751,0.06779491901397705,0.9999380111694336,0.2425583004951477,0.30337703227996826,-0.06811399012804031,0.9997634291648865,0.3488442301750183,0.4370896816253662,-0.06952344626188278,0.9584072232246399,0.2705053985118866,0.41844817996025085,-0.14709341526031494,0.9832665920257568,0.3029520809650421,0.5429303050041199,0.18334642052650452,0.9564505815505981,0.21716222167015076,0.4699365496635437,0.4094851016998291,0.6584756374359131,0.28189387917518616,0.5576133728027344,0.20138418674468994,0.7381601929664612,0.20608028769493103,0.4676463305950165,0.46317195892333984,0.28483814001083374,0.34007683396339417,0.581028938293457,0.030889734625816345,0.9408760666847229,0.21758797764778137,0.5209470391273499,0.3874378502368927,0.6766335964202881
U19_v4,66,1,0.26736027002334595,0.0810745507478714,-0.3572272062301636,0.9850243330001831,0.2794899642467499,0.07140126824378967,-0.32694411277770996,0.9804841876029968,0.28555285930633545,0.0711410641670227,-0.3269211947917938,0.9759806394577026,0.2918857932090759,0.07095429301261902,-0.3268393278121948,0.9800755977630615,0.26274988055229187,0.07186365127563477,-0.32452815771102905,0.9802941083908081,0.2576574385166168,0.07202666997909546,-0.3244898021221161,0.9743781685829163,0.2532256543636322,0.0722232311964035,-0.3247005045413971,0.9794707894325256,0.3033154606819153,0.07527081668376923,-0.1475502997636795,0.9621434211730957,0.2518124282360077,0.07839508354663849,-0.1384264975786209,0.9782276153564453,0.2827717661857605,0.09194029867649078,-0.2889558672904968,0.986687958240509,0.259295254945755,0.0921892374753952,-0.2864041328430176,0.9904143810272217,0.3514731228351593,0.13126900792121887,-0.14608126878738403,0.9837380647659302,0.2101515382528305,0.12812505662441254,-0.14702551066875458,0.994761049747467,0.32952290773391724,0.11445626616477966,-0.5582524538040161,0.9437450170516968,0.1287655532360077,0.08249713480472565,-0.512535035610199,0.9829164147377014,0.2601271867752075,0.0936497300863266,-0.7459949851036072,0.8209660649299622,0.2538371980190277,0.0987723171710968,-0.7066851258277893,0.7514163851737976,0.24398329854011536,0.09041418135166168,-0.8099675178527832,0.6740072965621948,0.27809837460517883,0.09640984237194061,-0.7555264234542847,0.5585415959358215,0.2448785901069641,0.09440325200557709,-0.7578422427177429,0.6567930579185486,0.2822118103504181,0.09808021783828735,-0.7091695070266724,0.529831051826477,0.24853821098804474,0.09903913736343384,-0.7349298596382141,0.650241494178772,0.2748365104198456,0.10287919640541077,-0.6937587261199951,0.517998456954956,0.3570963740348816,0.2930266559123993,0.023955941200256348,0.9962372779846191,0.2583952248096466,0.2943408489227295,-0.02421889826655388,0.9976363182067871,0.33314186334609985,0.414761483669281,-0.013292251154780388,0.7557399868965149,0.2715529203414917,0.40145236253738403,-0.17731468379497528,0.9207701086997986,0.2857733368873596,0.5016694068908691,0.3124527931213379,0.6636037230491638,0.2569383382797241,0.5096936225891113,-0.005120349116623402,0.7897821664810181,0.2707991302013397,0.5051231384277344,0.3362942337989807,0.40202057361602783,0.24879002571105957,0.5214951038360596,0.001939404639415443,0.38209107518196106,0.2965901792049408,0.5387856364250183,0.1730651706457138,0.6561793088912964,0.2846415042877197,0.5541554689407349,-0.223348930478096,0.7482783198356628
U19_v4,67,1,0.2798573672771454,0.07197342813014984,-0.37644603848457336,0.9976961016654968,0.2915858328342438,0.06382778286933899,-0.34297922253608704,0.997776448726654,0.2967880964279175,0.06405195593833923,-0.34303006529808044,0.9973700046539307,0.3019055128097534,0.06430114805698395,-0.3429894745349884,0.9974924325942993,0.27533793449401855,0.06307445466518402,-0.33993443846702576,0.997538685798645,0.2698324918746948,0.06293478608131409,-0.3399084210395813,0.9966278672218323,0.2641372084617615,0.06308668851852417,-0.3400477170944214,0.9971146583557129,0.30785152316093445,0.06871512532234192,-0.14055854082107544,0.9977834820747375,0.25867414474487305,0.07030270993709564,-0.12916779518127441,0.9982520937919617,0.29109954833984375,0.08184733986854553,-0.29927223920822144,0.9982061386108398,0.26817819476127625,0.08080600202083588,-0.29611822962760925,0.9983853101730347,0.3494824767112732,0.12325523793697357,-0.16088274121284485,0.9964072108268738,0.2082168459892273,0.1256779581308365,-0.10719819366931915,0.9977378845214844,0.29929614067077637,0.1078028529882431,-0.6284677386283875,0.9548305869102478,0.10974082350730896,0.08511635661125183,-0.5807400941848755,0.9746496677398682,0.24583932757377625,0.1052715927362442,-0.8910616040229797,0.8112975358963013,0.22901654243469238,0.09681470692157745,-0.9595157504081726,0.814543604850769,0.2387067675590515,0.10796689987182617,-0.9808972477912903,0.6908467411994934,0.25319260358810425,0.0955098420381546,-1.0407323837280273,0.6704848408699036,0.24054114520549774,0.11326131224632263,-0.945536732673645,0.6822611093521118,0.27221551537513733,0.09854830801486969,-1.00014066696167,0.6425759792327881,0.24255821108818054,0.11603476107120514,-0.8904736638069153,0.664355993270874,0.2511277198791504,0.10167406499385834,-0.9549116492271423,0.6151895523071289,0.35668060183525085,0.29162436723709106,-0.016482943668961525,0.9988046884536743,0.2530944049358368,0.291226863861084,0.016323374584317207,0.9990329742431641,0.3280939757823944,0.42158448696136475,-0.11393733322620392,0.8319346308708191,0.2668038606643677,0.4090743362903595,-0.13278327882289886,0.9049416184425354,0.29556798934936523,0.5235270261764526,0.15705889463424683,0.7984215617179871,0.27837175130844116,0.5299261808395386,0.09112992137670517,0.8313066363334656,0.2867451012134552,0.5349149703979492,0.17045211791992188,0.5888661742210388,0.2798669934272766,0.5422989130020142,0.10105252265930176,0.5065073370933533,0.30312955379486084,0.5605909824371338,-0.0420813225209713,0.784638524055481,0.2843746542930603,0.565238356590271,-0.14520478248596191,0.8059231042861938
U19_v4,68,1,0.2696300148963928,0.07614487409591675,-0.3462131917476654,0.995634138584137,0.2870721220970154,0.06516377627849579,-0.32282760739326477,0.9951974749565125,0.2945825755596161,0.06499907374382019,-0.3228644132614136,0.9931649565696716,0.3009428381919861,0.06490981578826904,-0.3228706121444702,0.9941442608833313,0.2667185366153717,0.06469917297363281,-0.3147190511226654,0.9951322674751282,0.26098230481147766,0.06456270813941956,-0.3146854639053345,0.9923849105834961,0.2557161748409271,0.06466519832611084,-0.31491798162460327,0.9946751594543457,0.31329408288002014,0.06793113052845001,-0.13005056977272034,0.993285059928894,0.2576393783092499,0.07023882865905762,-0.09197991341352463,0.9948601722717285,0.28707724809646606,0.08661697804927826,-0.26833608746528625,0.996137797832489,0.2580813467502594,0.08746065199375153,-0.2583400309085846,0.9976575374603271,0.3577931523323059,0.11625218391418457,-0.09546652436256409,0.9916706085205078,0.21444690227508545,0.12354138493537903,-0.05242110788822174,0.9990032315254211,0.3102093040943146,0.09277389943599701,-0.47358283400535583,0.9184732437133789,0.11181508004665375,0.09540046751499176,-0.45458492636680603,0.9593026041984558,0.2686672508716583,0.0973491370677948,-0.6240425109863281,0.6152097582817078,0.22887155413627625,0.09814688563346863,-0.78936767578125,0.639872670173645,0.26450982689857483,0.10023969411849976,-0.6873985528945923,0.4437359571456909,0.24261602759361267,0.10092388093471527,-0.8615760803222656,0.46407821774482727,0.266936331987381,0.1075734794139862,-0.658963680267334,0.4333771765232086,0.2560097575187683,0.10653457045555115,-0.8152000308036804,0.4408518373966217,0.26561522483825684,0.11068914830684662,-0.6230445504188538,0.444921612739563,0.25469523668289185,0.10546436905860901,-0.7824203372001648,0.42910635471343994,0.3654854893684387,0.30177587270736694,0.013305531814694405,0.9975067973136902,0.2606579065322876,0.30140936374664307,-0.013634673319756985,0.9994586110115051,0.33750051259994507,0.434957355260849,0.018474653363227844,0.5584578514099121,0.2653244137763977,0.42521509528160095,-0.2157384604215622,0.9055110216140747,0.30867499113082886,0.502566397190094,0.49770739674568176,0.1632080078125,0.31746706366539,0.5609086751937866,-0.14456239342689514,0.7890719175338745,0.29870882630348206,0.510629415512085,0.5404639840126038,0.15974168479442596,0.31881120800971985,0.5807069540023804,-0.1451757401227951,0.5158295631408691,0.352080374956131,0.539101243019104,0.4243347942829132,0.2474547177553177,0.3535574674606323,0.5889171361923218,-0.3884132504463196,0.7502924799919128
U19_v4,69,1,0.2502909302711487,0.06810005009174347,-0.36330488324165344,0.9978173971176147,0.2636818587779999,0.0583394318819046,-0.35125336050987244,0.997431218624115,0.2694711685180664,0.058385103940963745,-0.3512192666530609,0.9964655637741089,0.27612191438674927,0.05847164988517761,-0.35122355818748474,0.9968442916870117,0.2540699243545532,0.05778166651725769,-0.3236771821975708,0.996933102607727,0.2530474066734314,0.057590410113334656,-0.32360297441482544,0.9949074387550354,0.25191402435302734,0.05749225616455078,-0.3238421380519867,0.9963217973709106,0.30046743154525757,0.06204064190387726,-0.21729923784732819,0.9977533221244812,0.26291006803512573,0.06263333559036255,-0.08607374131679535,0.9979183077812195,0.2640966475009918,0.07992351055145264,-0.3093196153640747,0.9989513158798218,0.25100430846214294,0.07862293720245361,-0.27207231521606445,0.9991717338562012,0.36360788345336914,0.11950333416461945,-0.20242290198802948,0.9941199421882629,0.21969234943389893,0.1248207837343216,-0.06686906516551971,0.9992075562477112,0.32978153228759766,0.09187208116054535,-0.6858565211296082,0.9647945761680603,0.10815940797328949,0.10493302345275879,-0.4461424946784973,0.9838821887969971,0.29876285791397095,0.09474752843379974,-0.9478839635848999,0.7961360812187195,0.24532315135002136,0.09466971457004547,-0.7359732985496521,0.8173145651817322,0.29456597566604614,0.09320427477359772,-1.0249691009521484,0.6400773525238037,0.26408904790878296,0.09141859412193298,-0.8094688057899475,0.621366024017334,0.3000243306159973,0.10073620080947876,-0.9921944737434387,0.6139213442802429,0.27475234866142273,0.09738375246524811,-0.749513566493988,0.5876746773719788,0.2980252802371979,0.10510630905628204,-0.9476361274719238,0.5983708500862122,0.2670084536075592,0.09783536195755005,-0.7260180115699768,0.5651283264160156,0.3700868785381317,0.3105478882789612,-0.004441716708242893,0.9982118606567383,0.25838151574134827,0.3153918981552124,0.003940200433135033,0.9995014667510986,0.3614651560783386,0.45107537508010864,-0.13284653425216675,0.906784176826477,0.2727624177932739,0.452761709690094,-0.13953380286693573,0.9775395393371582,0.34366273880004883,0.5055748224258423,0.47815772891044617,0.5182013511657715,0.3325025737285614,0.5832288265228271,0.11610088497400284,0.9554583430290222,0.3376307189464569,0.5153380036354065,0.531844973564148,0.2995947599411011,0.34556931257247925,0.5990254282951355,0.13141466677188873,0.7337598204612732,0.35024595260620117,0.5514576435089111,0.3777468800544739,0.5712588429450989,0.3383427560329437,0.620397686958313,-0.13186360895633698,0.9287270307540894
U19_v4,70,1,0.30411311984062195,0.0784546285867691,-0.3783915340900421,0.9995146989822388,0.3138691186904907,0.06949450075626373,-0.3428077697753906,0.9989462494850159,0.3203549385070801,0.07019662857055664,-0.3427695333957672,0.9980589747428894,0.32747262716293335,0.07098732888698578,-0.34282219409942627,0.9979910850524902,0.29430854320526123,0.06772880256175995,-0.3445431590080261,0.9994229078292847,0.2872309684753418,0.06735849380493164,-0.3445737957954407,0.9992135763168335,0.2808336913585663,0.06722703576087952,-0.3448347747325897,0.9995146989822388,0.3343074917793274,0.07401299476623535,-0.1308193951845169,0.9986867308616638,0.269455224275589,0.07169130444526672,-0.1377517729997635,0.9996247291564941,0.31582674384117126,0.08952203392982483,-0.29405826330184937,0.9993605017662048,0.2910585105419159,0.0890919417142868,-0.29685699939727783,0.9997555613517761,0.3743838369846344,0.12118038535118103,-0.13051709532737732,0.9962047934532166,0.22143405675888062,0.128007173538208,-0.10200260579586029,0.9997112154960632,0.3600746989250183,0.06932899355888367,-0.4750712513923645,0.981916606426239,0.13636794686317444,0.13461701571941376,-0.573860764503479,0.9908707737922668,0.2597450017929077,0.015793800354003906,-0.6397850513458252,0.9531773924827576,0.27307724952697754,0.11250534653663635,-0.9087909460067749,0.9721765518188477,0.23726406693458557,0.008890390396118164,-0.7083090543746948,0.8876429796218872,0.29199695587158203,0.10594910383224487,-0.9963914155960083,0.9181864261627197,0.233742356300354,0.00896349549293518,-0.6690864562988281,0.8685984015464783,0.302397757768631,0.09593786299228668,-0.9253643155097961,0.9016427397727966,0.24281278252601624,0.0153425931930542,-0.6339628100395203,0.868596076965332,0.29655447602272034,0.10325926542282104,-0.890656054019928,0.8836949467658997,0.383667528629303,0.3228798806667328,-0.017402155324816704,0.9995404481887817,0.27017727494239807,0.32995882630348206,0.017130574211478233,0.9998462200164795,0.3625481128692627,0.46855276823043823,-0.21742023527622223,0.9740825295448303,0.27710098028182983,0.4771449863910675,-0.026445157825946808,0.9588930010795593,0.36687809228897095,0.5242411494255066,0.4953538179397583,0.5541810989379883,0.3448275029659271,0.6045323610305786,0.2509632408618927,0.9501980543136597,0.35631653666496277,0.5143880248069763,0.5621304512023926,0.2777926027774811,0.3686814308166504,0.6200844049453735,0.2696751356124878,0.7490216493606567,0.3811659514904022,0.5748283863067627,0.47599491477012634,0.5639380812644958,0.317588210105896,0.6543350219726562,0.05406363308429718,0.9112265706062317
U19_v4,71,1,0.3103335499763489,0.09252367913722992,-0.2688045799732208,0.9995707869529724,0.3235243558883667,0.08165726065635681,-0.22461473941802979,0.9990473389625549,0.3303951919078827,0.08218264579772949,-0.22455167770385742,0.9984550476074219,0.3373267352581024,0.0828588455915451,-0.22465071082115173,0.998676598072052,0.299751877784729,0.08070431649684906,-0.22927431762218475,0.9994654059410095,0.2908641993999481,0.08061087131500244,-0.22938737273216248,0.9993343949317932,0.28181180357933044,0.08058570325374603,-0.22957107424736023,0.9995928406715393,0.34006214141845703,0.0890187919139862,-0.002780864480882883,0.9990807771682739,0.2661629319190979,0.08586885035037994,-0.024663330987095833,0.9995774626731873,0.31821203231811523,0.10591378808021545,-0.18394798040390015,0.9990600943565369,0.2884122133255005,0.10533003509044647,-0.19133880734443665,0.9995131492614746,0.3714929521083832,0.1402897834777832,-0.018402647227048874,0.995797872543335,0.21971791982650757,0.15003739297389984,0.026279781013727188,0.9991475343704224,0.3881208598613739,0.06070789694786072,-0.2612896263599396,0.9819412231445312,0.1849863976240158,0.1814916729927063,-0.363567978143692,0.9580525755882263,0.2788262665271759,0.00029397010803222656,-0.276549756526947,0.9483283162117004,0.2979680895805359,0.14700795710086823,-0.6528075337409973,0.9043557643890381,0.24677687883377075,-0.020053118467330933,-0.3274657130241394,0.8796631097793579,0.3286396563053131,0.13936828076839447,-0.7361665964126587,0.8054409027099609,0.24266210198402405,-0.01582467555999756,-0.29351451992988586,0.8595945835113525,0.3375527262687683,0.1357199102640152,-0.670770525932312,0.7841125726699829,0.24975726008415222,-0.005106717348098755,-0.27036434412002563,0.8748321533203125,0.3324202597141266,0.14160239696502686,-0.6394934058189392,0.7672880291938782,0.3939824402332306,0.3421216905117035,-0.028129901736974716,0.9990401864051819,0.2781985104084015,0.35317036509513855,0.02782236784696579,0.9994401335716248,0.37138044834136963,0.48331981897354126,-0.19905556738376617,0.9777172803878784,0.29181718826293945,0.4984748065471649,0.037729356437921524,0.9458065629005432,0.4031566381454468,0.566274881362915,0.4527445137500763,0.682891309261322,0.3625715374946594,0.6196572184562683,0.3811798393726349,0.9341779947280884,0.40218687057495117,0.5661983489990234,0.511076033115387,0.28547608852386475,0.3914910554885864,0.6343725919723511,0.40767964720726013,0.7083505988121033,0.3889598250389099,0.620197594165802,0.38227203488349915,0.6672079563140869,0.3416379392147064,0.6747519969940186,0.19857636094093323,0.906873881816864
U19_v4,72,1,0.3145309388637543,0.11097894608974457,-0.28241097927093506,0.9999297857284546,0.32792142033576965,0.10304351150989532,-0.2414436936378479,0.9998581409454346,0.33447909355163574,0.10365881025791168,-0.2413891702890396,0.9997777342796326,0.34080198407173157,0.10446296632289886,-0.24138690531253815,0.9997697472572327,0.30704790353775024,0.10144105553627014,-0.2493818700313568,0.9999206066131592,0.298761248588562,0.10056643187999725,-0.24940425157546997,0.9999117851257324,0.28987160325050354,0.09926514327526093,-0.24953261017799377,0.9999369382858276,0.34737545251846313,0.10897411406040192,-0.012582475319504738,0.9998422861099243,0.2723623514175415,0.10157620906829834,-0.0482100248336792,0.9999610185623169,0.32113581895828247,0.12403608858585358,-0.19332686066627502,0.9998337030410767,0.2937624454498291,0.12051950395107269,-0.20460757613182068,0.9999284744262695,0.38477370142936707,0.14987608790397644,-0.047164250165224075,0.9980771541595459,0.2249005287885666,0.16623938083648682,-0.05014961585402489,0.9997510313987732,0.4175671339035034,0.06932181119918823,-0.5126824975013733,0.9691067337989807,0.22301284968852997,0.20741793513298035,-0.5608265995979309,0.932708203792572,0.3820250928401947,-0.0017529726028442383,-0.8553305268287659,0.942961573600769,0.31635361909866333,0.2149071842432022,-1.0265908241271973,0.9437998533248901,0.3853820562362671,-0.024244695901870728,-0.9601897597312927,0.9176483154296875,0.34136462211608887,0.22769299149513245,-1.1323999166488647,0.9138979315757751,0.37244755029678345,-0.01844191551208496,-0.9459211230278015,0.910381555557251,0.3521217405796051,0.21930211782455444,-1.1145681142807007,0.9113610982894897,0.37044796347618103,-0.008509039878845215,-0.8689836859703064,0.9162048101425171,0.3464255928993225,0.21697276830673218,-1.0326274633407593,0.8993727564811707,0.40561383962631226,0.3497347831726074,-0.049528568983078,0.9998286962509155,0.2936631739139557,0.36192259192466736,0.04917154461145401,0.9998730421066284,0.38099321722984314,0.49125218391418457,-0.2285299152135849,0.9886885285377502,0.2866983711719513,0.5066810846328735,-0.04228667914867401,0.9578943848609924,0.45416051149368286,0.5948613882064819,0.26788562536239624,0.9253979921340942,0.3697144687175751,0.6278419494628906,0.3104594349861145,0.9645696878433228,0.4743070900440216,0.6016280055046082,0.3059956431388855,0.47037461400032043,0.3992486298084259,0.6424682140350342,0.3324662446975708,0.8291420340538025,0.44325095415115356,0.6488842964172363,0.11412512511014938,0.9061225652694702,0.33192574977874756,0.6790331602096558,0.10388146340847015,0.9475361704826355
U19_v4,73,1,0.32735124230384827,0.1272193044424057,-0.32384297251701355,0.9999810457229614,0.33796748518943787,0.11831387877464294,-0.27496781945228577,0.9999583959579468,0.3445062041282654,0.11879763007164001,-0.27489879727363586,0.999942421913147,0.35108476877212524,0.11912700533866882,-0.27486276626586914,0.9999278783798218,0.315832257270813,0.11647103726863861,-0.28266748785972595,0.9999834299087524,0.3070058524608612,0.11563774943351746,-0.28271692991256714,0.9999839067459106,0.2977578341960907,0.11464041471481323,-0.2828007638454437,0.9999876022338867,0.3581431210041046,0.12377296388149261,-0.013434158638119698,0.999950647354126,0.28108733892440796,0.1193571388721466,-0.049934472888708115,0.9999953508377075,0.33619168400764465,0.1397799402475357,-0.22462674975395203,0.9999310970306396,0.3077600598335266,0.137517511844635,-0.23613277077674866,0.9999816417694092,0.39605528116226196,0.16870012879371643,-0.02410089038312435,0.9994978904724121,0.2319941371679306,0.19065232574939728,0.009795812889933586,0.9999325275421143,0.42065146565437317,0.08246052265167236,-0.37532761693000793,0.9679610729217529,0.23889939486980438,0.24093592166900635,-0.4179168939590454,0.9177524447441101,0.42106708884239197,-0.0030412673950195312,-0.6562231779098511,0.9241940379142761,0.33077311515808105,0.27920693159103394,-0.9177426099777222,0.9320601224899292,0.4456191658973694,-0.019523322582244873,-0.7568826675415039,0.8958072662353516,0.36528322100639343,0.2938659191131592,-1.025211215019226,0.8947808742523193,0.43544837832450867,-0.016845256090164185,-0.7525796294212341,0.8867067694664001,0.37875717878341675,0.2837606966495514,-1.0249507427215576,0.8950352668762207,0.4287444055080414,-0.0066498517990112305,-0.6736301183700562,0.892398476600647,0.37282752990722656,0.28015244007110596,-0.9309990406036377,0.8801801800727844,0.42715439200401306,0.3598140776157379,-0.09080543369054794,0.9999669790267944,0.31328871846199036,0.37535160779953003,0.09037986397743225,0.999967098236084,0.39547353982925415,0.5025484561920166,-0.2690601348876953,0.9972931742668152,0.27652812004089355,0.5207769870758057,-0.09657023102045059,0.9737052321434021,0.5011897683143616,0.6301866173744202,0.054725658148527145,0.9943968057632446,0.36498260498046875,0.6344619989395142,0.27249518036842346,0.9827787280082703,0.5258222818374634,0.6437067985534668,0.07258434593677521,0.8454559445381165,0.4075324237346649,0.651936411857605,0.2937301695346832,0.9213473796844482,0.49513882398605347,0.6848905682563782,-0.18859700858592987,0.9897101521492004,0.2967415452003479,0.681255042552948,0.05122604966163635,0.9768656492233276
U19_v4,74,1,0.34276652336120605,0.14840494096279144,-0.2684797942638397,0.9999076128005981,0.3546554148197174,0.1393757164478302,-0.2142895758152008,0.9996368885040283,0.36201709508895874,0.14000824093818665,-0.21411846578121185,0.9994934797286987,0.3692583441734314,0.14064347743988037,-0.2140411138534546,0.9994592070579529,0.331940621137619,0.13742280006408691,-0.2360967993736267,0.9998995065689087,0.32341766357421875,0.1368103325366974,-0.23608621954917908,0.9999122619628906,0.31467822194099426,0.1361270248889923,-0.23605802655220032,0.9999402761459351,0.37400051951408386,0.14465577900409698,0.04309192672371864,0.9992018342018127,0.2958449125289917,0.13855567574501038,-0.058694079518318176,0.9999574422836304,0.35125645995140076,0.1608489602804184,-0.17250309884548187,0.9993797540664673,0.32177478075027466,0.15776437520980835,-0.20220869779586792,0.9998235106468201,0.41048792004585266,0.18278516829013824,0.06645713746547699,0.9992688298225403,0.245636448264122,0.2180384397506714,-0.00941633339971304,0.9998602867126465,0.47625869512557983,0.10688674449920654,-0.09300635010004044,0.9825436472892761,0.2857024669647217,0.2964971661567688,-0.31534773111343384,0.9300892353057861,0.497499018907547,0.018827497959136963,-0.2142552137374878,0.9602698087692261,0.35985252261161804,0.34495091438293457,-0.6683078408241272,0.9373093843460083,0.5005704760551453,-0.001835167407989502,-0.28608381748199463,0.9126757383346558,0.39329299330711365,0.35654205083847046,-0.7525790333747864,0.8930975198745728,0.48610901832580566,-0.010451912879943848,-0.2798791527748108,0.905513346195221,0.39925417304039,0.3450824022293091,-0.7635694742202759,0.8951378464698792,0.4850333333015442,0.0009115636348724365,-0.23010554909706116,0.9246950745582581,0.3922145366668701,0.3418128788471222,-0.6812742352485657,0.8822916746139526,0.4499439299106598,0.37337449193000793,-0.06078649312257767,0.9998266100883484,0.3331962525844574,0.3845706582069397,0.0604555644094944,0.9998743534088135,0.4475270211696625,0.5146327614784241,-0.192006453871727,0.9944096207618713,0.2589454650878906,0.5293647050857544,-0.15092138946056366,0.9815837740898132,0.5334031581878662,0.6559361815452576,-0.020937450230121613,0.990602970123291,0.33613061904907227,0.6378012895584106,0.14651204645633698,0.9806545376777649,0.5576141476631165,0.6740539073944092,-0.02106475830078125,0.7790029048919678,0.37068405747413635,0.6528735756874084,0.16054628789424896,0.9323675632476807,0.4949856996536255,0.7155459523200989,-0.3028659224510193,0.9826179146766663,0.2714277505874634,0.6891943216323853,-0.049945201724767685,0.974511444568634
U19_v4,75,1,0.37806814908981323,0.156460702419281,-0.5359264612197876,0.9999418258666992,0.3885902166366577,0.14545896649360657,-0.4873618185520172,0.9996981620788574,0.3969056010246277,0.14627578854560852,-0.48717743158340454,0.9996414184570312,0.40513134002685547,0.14728233218193054,-0.48712286353111267,0.9995624423027039,0.3653583228588104,0.14346805214881897,-0.5068809986114502,0.9998918771743774,0.3560318648815155,0.14291605353355408,-0.5068413019180298,0.999908447265625,0.3455902338027954,0.14218488335609436,-0.5067750811576843,0.9999215602874756,0.41156551241874695,0.1533883810043335,-0.2363417148590088,0.9989582300186157,0.3240697979927063,0.14440280199050903,-0.32386988401412964,0.9999396800994873,0.38783982396125793,0.17107275128364563,-0.4415595531463623,0.999618411064148,0.3548279404640198,0.16892969608306885,-0.46687057614326477,0.9998785257339478,0.45531174540519714,0.1971249133348465,-0.18837189674377441,0.9994811415672302,0.260539174079895,0.22934012115001678,-0.2154165506362915,0.9998708963394165,0.5563209056854248,0.1364942491054535,-0.38301098346710205,0.9929307699203491,0.29112696647644043,0.3258575201034546,-0.3296910524368286,0.9805935621261597,0.604013979434967,0.0600166916847229,-0.6054961681365967,0.9757970571517944,0.34940460324287415,0.4045948088169098,-0.5281161069869995,0.9716478586196899,0.6094952821731567,0.03828129172325134,-0.6903130412101746,0.9320874214172363,0.36708196997642517,0.42572474479675293,-0.5900661945343018,0.9350085854530334,0.5901323556900024,0.03800681233406067,-0.6751827001571655,0.9262009859085083,0.3834037184715271,0.4157055616378784,-0.6150822043418884,0.9349275827407837,0.5868340134620667,0.04504430294036865,-0.6199859380722046,0.9444131255149841,0.37880560755729675,0.4090173840522766,-0.5416008234024048,0.9328651428222656,0.4562137722969055,0.4074828624725342,-0.07611124962568283,0.9997294545173645,0.32954055070877075,0.412399560213089,0.07549178600311279,0.9997890591621399,0.4881041646003723,0.5378850102424622,-0.18428340554237366,0.9942690134048462,0.23292653262615204,0.5427526831626892,-0.05213596671819687,0.9916903972625732,0.561328649520874,0.6710907220840454,0.06563810259103775,0.991007387638092,0.31779226660728455,0.6335075497627258,0.35757532715797424,0.985496461391449,0.5880486965179443,0.6893301010131836,0.0749792605638504,0.8124115467071533,0.3539949953556061,0.6442511081695557,0.3861663341522217,0.9596877694129944,0.5090813636779785,0.7187082171440125,-0.18943651020526886,0.981291651725769,0.24562080204486847,0.6886153817176819,0.23720210790634155,0.9798688292503357
U19_v4,76,1,0.41977983713150024,0.15910914540290833,-0.45416566729545593,0.9999991655349731,0.4299798607826233,0.14768511056900024,-0.39753076434135437,0.9999954700469971,0.4373861253261566,0.14889252185821533,-0.3975059390068054,0.9999957084655762,0.4439205527305603,0.1502222716808319,-0.39739903807640076,0.9999943971633911,0.4072028398513794,0.14455068111419678,-0.4129459261894226,0.9999972581863403,0.397304505109787,0.1435089409351349,-0.41288334131240845,0.9999972581863403,0.3867005407810211,0.1421714723110199,-0.4127800464630127,0.9999969005584717,0.4468955993652344,0.15683770179748535,-0.12829945981502533,0.9999897480010986,0.3613523244857788,0.14776650071144104,-0.19170068204402924,0.9999982118606567,0.42656609416007996,0.17571759223937988,-0.35788384079933167,0.9999970197677612,0.3933367431163788,0.17232882976531982,-0.37618231773376465,0.9999983310699463,0.4934779405593872,0.21492530405521393,-0.09871405363082886,0.9999933242797852,0.2858657240867615,0.2417808622121811,-0.056612931191921234,0.9999756813049316,0.6198859214782715,0.20042024552822113,-0.49270564317703247,0.9969377517700195,0.29025858640670776,0.3401150703430176,-0.1372385323047638,0.9783732891082764,0.7002655267715454,0.13680684566497803,-1.075227975845337,0.9934961795806885,0.2915761470794678,0.43931686878204346,-0.37258267402648926,0.980135440826416,0.7170877456665039,0.11624723672866821,-1.2061947584152222,0.9838277101516724,0.2983851432800293,0.46250176429748535,-0.43977296352386475,0.9536435008049011,0.6996567249298096,0.11180874705314636,-1.214227318763733,0.9837449789047241,0.30793526768684387,0.46016842126846313,-0.4934649169445038,0.953308641910553,0.6906284689903259,0.1188913881778717,-1.1011929512023926,0.9811259508132935,0.30713245272636414,0.45270416140556335,-0.3973763883113861,0.9453190565109253,0.47202056646347046,0.4213104844093323,-0.08456140756607056,0.9999852180480957,0.34357136487960815,0.42534205317497253,0.08441270887851715,0.9999589920043945,0.5162052512168884,0.5514477491378784,-0.31806710362434387,0.9951933026313782,0.22144155204296112,0.5549666285514832,0.0017537520034238696,0.9928804636001587,0.5977126359939575,0.6873824596405029,-0.018680507317185402,0.9942628741264343,0.2987855076789856,0.636023759841919,0.6164288520812988,0.985415518283844,0.6073929667472839,0.7057260870933533,-0.008354471996426582,0.8500075340270996,0.34451499581336975,0.6516404747962952,0.6624905467033386,0.9491111636161804,0.576769232749939,0.7366172075271606,-0.33287379145622253,0.9882331490516663,0.22338759899139404,0.6882710456848145,0.48916876316070557,0.9793311953544617
U19_v4,77,1,0.47859323024749756,0.16117730736732483,-0.6055783629417419,0.9999990463256836,0.4891321063041687,0.15176719427108765,-0.5515506863594055,0.9999963045120239,0.4961392879486084,0.153151273727417,-0.5516217947006226,0.9999967813491821,0.5028350353240967,0.1545063555240631,-0.5516074895858765,0.9999960660934448,0.4677793085575104,0.14764443039894104,-0.5636686086654663,0.999996542930603,0.4576513469219208,0.14633682370185852,-0.563554048538208,0.9999960660934448,0.447194904088974,0.14542609453201294,-0.5633895397186279,0.9999949932098389,0.50401771068573,0.1618768870830536,-0.27516618371009827,0.9999892711639404,0.4222554564476013,0.15144357085227966,-0.3223993480205536,0.9999960660934448,0.48351120948791504,0.17907875776290894,-0.506582498550415,0.9999988079071045,0.4538213908672333,0.17404887080192566,-0.5202786326408386,0.9999986886978149,0.5500750541687012,0.23672890663146973,-0.19876635074615479,0.9999974966049194,0.32509586215019226,0.24199776351451874,-0.17636747658252716,0.9999840259552002,0.6978332996368408,0.26225775480270386,-0.5751877427101135,0.9976276755332947,0.27731144428253174,0.3354930877685547,-0.21190248429775238,0.9910180568695068,0.7770175933837891,0.23183006048202515,-1.2042099237442017,0.994712769985199,0.2205859124660492,0.42725151777267456,-0.4312092959880829,0.9889802932739258,0.8040888905525208,0.22215378284454346,-1.33021879196167,0.986349880695343,0.2138502299785614,0.4583323001861572,-0.4986850917339325,0.9721786975860596,0.7840183973312378,0.21390531957149506,-1.3500138521194458,0.9866385459899902,0.22996786236763,0.45491597056388855,-0.5630480647087097,0.9726917147636414,0.7731321454048157,0.21798770129680634,-1.2321876287460327,0.9839605689048767,0.2360856980085373,0.4458964169025421,-0.46095117926597595,0.966765284538269,0.47279924154281616,0.43928948044776917,-0.046879518777132034,0.999987006187439,0.33281514048576355,0.4359726309776306,0.04659641161561012,0.9999357461929321,0.5412471890449524,0.5795791745185852,-0.2000741958618164,0.9966429471969604,0.22754926979541779,0.5629727840423584,0.15004944801330566,0.9955428242683411,0.6405768394470215,0.718193531036377,0.044004615396261215,0.9961580634117126,0.2598402500152588,0.6384416222572327,0.930662989616394,0.9722208380699158,0.640282928943634,0.7360575199127197,0.05049654096364975,0.8471168875694275,0.2939271330833435,0.6457635164260864,0.9983195066452026,0.8646742701530457,0.664868175983429,0.7767997980117798,-0.28110191226005554,0.9894636869430542,0.2095460295677185,0.6923037171363831,0.8525852560997009,0.9644633531570435
U19_v4,78,1,0.5543434023857117,0.17284289002418518,-0.41350674629211426,0.9999994039535522,0.5670022964477539,0.16289928555488586,-0.3623504638671875,0.9999983310699463,0.5735255479812622,0.16482627391815186,-0.3624669909477234,0.9999983310699463,0.5792694687843323,0.16678279638290405,-0.36251091957092285,0.9999982118606567,0.5457205176353455,0.15727189183235168,-0.3780412971973419,0.9999980926513672,0.5353567600250244,0.15522179007530212,-0.3779555559158325,0.9999972581863403,0.5244535207748413,0.15342023968696594,-0.37769654393196106,0.9999967813491821,0.576614499092102,0.1729133427143097,-0.10172805935144424,0.9999949932098389,0.49246665835380554,0.15719115734100342,-0.17005549371242523,0.999996542930603,0.5545455813407898,0.18966737389564514,-0.31800198554992676,0.9999992847442627,0.5273596048355103,0.18378248810768127,-0.33775368332862854,0.9999990463256836,0.6037407517433167,0.25360000133514404,-0.0313115157186985,0.9999997615814209,0.3754724860191345,0.23962846398353577,-0.021984048187732697,0.9999973773956299,0.701205849647522,0.3252184987068176,-0.2532898783683777,0.9944508671760559,0.2673915922641754,0.31327056884765625,0.002623623702675104,0.993089497089386,0.8014295101165771,0.34549951553344727,-0.7897557020187378,0.9955025315284729,0.14498189091682434,0.3750320076942444,-0.18235883116722107,0.9931422472000122,0.8384153246879578,0.3376912474632263,-0.8892462253570557,0.9901415705680847,0.1109287440776825,0.3984856605529785,-0.23019267618656158,0.98299640417099,0.832972526550293,0.32994312047958374,-0.9384105801582336,0.9912406802177429,0.1198183000087738,0.39781659841537476,-0.31065720319747925,0.9844708442687988,0.8197406530380249,0.33173826336860657,-0.826137363910675,0.9894536733627319,0.13383913040161133,0.39120081067085266,-0.2200806587934494,0.9824582934379578,0.5023584961891174,0.43654006719589233,-0.021889811381697655,0.9999969005584717,0.3588130474090576,0.4283435046672821,0.021741269156336784,0.9999783039093018,0.5496084690093994,0.5943071842193604,-0.28307095170021057,0.9977661371231079,0.2631687521934509,0.5620879530906677,0.16579312086105347,0.99111008644104,0.6562722325325012,0.7581053972244263,-0.2377154380083084,0.9969415068626404,0.24085715413093567,0.6246517896652222,0.9541937708854675,0.9229999780654907,0.6526384949684143,0.7785481214523315,-0.24751394987106323,0.8660921454429626,0.26126164197921753,0.6395053863525391,1.0245250463485718,0.642624020576477,0.6887214183807373,0.8164383172988892,-0.5679673552513123,0.9923187494277954,0.1755388081073761,0.6850342750549316,0.9046859741210938,0.9262050986289978
U19_v4,79,1,0.6231480836868286,0.18385916948318481,-0.631405234336853,0.9999982118606567,0.6372684240341187,0.17362985014915466,-0.5883162021636963,0.999996542930603,0.6428882479667664,0.17517155408859253,-0.5885480642318726,0.9999967813491821,0.6483465433120728,0.17687749862670898,-0.5887312293052673,0.9999970197677612,0.6129935383796692,0.16875720024108887,-0.59227055311203,0.9999945163726807,0.6023015379905701,0.16733869910240173,-0.592278778553009,0.9999911785125732,0.5917801856994629,0.1661001741886139,-0.592113196849823,0.9999891519546509,0.6485848426818848,0.1851879060268402,-0.32256388664245605,0.9999945163726807,0.5657293796539307,0.17025557160377502,-0.3374001979827881,0.9999876022338867,0.6235511302947998,0.20255047082901,-0.5309445858001709,0.9999985694885254,0.5943451523780823,0.19463399052619934,-0.5352311730384827,0.9999974966049194,0.6708096265792847,0.28691816329956055,-0.19768133759498596,0.9999991655349731,0.4349524974822998,0.23564311861991882,-0.15738874673843384,0.9999903440475464,0.6860119700431824,0.38622966408729553,-0.2771974503993988,0.9882426857948303,0.282553493976593,0.2649908661842346,-0.11958394944667816,0.9929585456848145,0.7807067632675171,0.4372811019420624,-0.7457285523414612,0.9929280877113342,0.12885123491287231,0.27231794595718384,-0.39993029832839966,0.9878723621368408,0.8125375509262085,0.44482266902923584,-0.838441014289856,0.9876188039779663,0.08373433351516724,0.2783263921737671,-0.47231680154800415,0.9725189208984375,0.8145968914031982,0.43394961953163147,-0.9314048290252686,0.989526629447937,0.09126704931259155,0.27645212411880493,-0.5571009516716003,0.976824939250946,0.80348801612854,0.4308885931968689,-0.7969969511032104,0.9881721138954163,0.10460567474365234,0.27623608708381653,-0.44774845242500305,0.9779044389724731,0.5170682668685913,0.4632576107978821,0.013166937045753002,0.9999738931655884,0.3652328848838806,0.44332361221313477,-0.013056662864983082,0.9999047517776489,0.558756947517395,0.6151524186134338,-0.10627387464046478,0.9975584745407104,0.26676201820373535,0.5892226696014404,0.06466927379369736,0.9945546388626099,0.6504956483840942,0.7739415168762207,0.0941249281167984,0.9921810626983643,0.22970038652420044,0.6420959830284119,0.8503738641738892,0.8744415640830994,0.6413960456848145,0.7890786528587341,0.10134827345609665,0.8088240027427673,0.23870570957660675,0.647143542766571,0.9227575063705444,0.45870348811149597,0.6768909692764282,0.8204984664916992,-0.20636169612407684,0.980053722858429,0.1845216155052185,0.6964346170425415,0.7780044674873352,0.837210476398468
U19_v4,80,1,0.7093309760093689,0.20493477582931519,-0.6253255009651184,0.9999713897705078,0.7186628580093384,0.19448161125183105,-0.5728220343589783,0.9999643564224243,0.7227857708930969,0.19582492113113403,-0.573004961013794,0.9999638795852661,0.7276358604431152,0.19732847809791565,-0.5732594728469849,0.999971866607666,0.700660765171051,0.18992772698402405,-0.5820655822753906,0.9999269247055054,0.6905913352966309,0.18778878450393677,-0.582222580909729,0.9998626708984375,0.6797784566879272,0.18543696403503418,-0.5821078419685364,0.9998282194137573,0.7121453881263733,0.20184385776519775,-0.289448618888855,0.9999477863311768,0.6443448662757874,0.18509146571159363,-0.3310941755771637,0.9997439980506897,0.6982777118682861,0.22307850420475006,-0.5206528902053833,0.9999817609786987,0.6751371622085571,0.21776370704174042,-0.5329044461250305,0.9999527931213379,0.7136335968971252,0.3139112591743469,-0.21510237455368042,0.9999955892562866,0.4809458553791046,0.23117434978485107,-0.1623770296573639,0.9999229907989502,0.6625691652297974,0.41306358575820923,-0.3540217876434326,0.9693689942359924,0.3233669400215149,0.19469529390335083,-0.2000177949666977,0.9954580068588257,0.7038495540618896,0.49693191051483154,-0.7719111442565918,0.9755860567092896,0.2002163529396057,0.14553049206733704,-0.4247399568557739,0.968596339225769,0.7388038635253906,0.5145058631896973,-0.8479371070861816,0.9631339907646179,0.15183821320533752,0.13133639097213745,-0.48806384205818176,0.9196173548698425,0.7476699948310852,0.5076900124549866,-0.9273077845573425,0.9685055613517761,0.15676972270011902,0.13138362765312195,-0.5533761382102966,0.9306133389472961,0.7334376573562622,0.5018227100372314,-0.8163327574729919,0.96591717004776,0.17383670806884766,0.13791054487228394,-0.4683651030063629,0.94014972448349,0.5166597962379456,0.4707610011100769,-0.001385895418934524,0.999967098236084,0.3697335124015808,0.4517974853515625,0.0017481789691373706,0.9998268485069275,0.558375895023346,0.6132204532623291,-0.467389315366745,0.997528612613678,0.2861514687538147,0.6059343218803406,0.06366269290447235,0.9841326475143433,0.623555600643158,0.778056800365448,-0.26807090640068054,0.9872092008590698,0.25694113969802856,0.6343409419059753,1.1850855350494385,0.5541513562202454,0.616369903087616,0.797879695892334,-0.2553452253341675,0.7378144264221191,0.26106706261634827,0.6272551417350769,1.2961822748184204,0.27532050013542175,0.652157187461853,0.8268345594406128,-0.5622912049293518,0.9721446633338928,0.21859963238239288,0.6721873879432678,1.2230011224746704,0.5574436783790588
U19_v4,81,1,0.7720927000045776,0.23857469856739044,-0.7448211312294006,0.9998764991760254,0.7798930406570435,0.2292775958776474,-0.6912726759910583,0.9997355341911316,0.7817597985267639,0.23106354475021362,-0.6914728283882141,0.9997547268867493,0.783544659614563,0.2331884801387787,-0.6917705535888672,0.9997656941413879,0.7673846483230591,0.22257612645626068,-0.7061644792556763,0.999481737613678,0.7597548961639404,0.2194453626871109,-0.7063340544700623,0.9992699027061462,0.750484824180603,0.21605466306209564,-0.7063393592834473,0.9990053772926331,0.7607021331787109,0.23551969230175018,-0.4133909046649933,0.9995361566543579,0.7109546065330505,0.21102795004844666,-0.4790225028991699,0.9988077878952026,0.7531752586364746,0.2541235685348511,-0.6419604420661926,0.9998794794082642,0.7349442839622498,0.24763181805610657,-0.6617957949638367,0.999737560749054,0.7122396230697632,0.32868024706840515,-0.2883669435977936,0.9999804496765137,0.5623700022697449,0.22536903619766235,-0.32533755898475647,0.9998056292533875,0.6644284129142761,0.4120938777923584,-0.304775208234787,0.9695401787757874,0.459524005651474,0.13542649149894714,-0.35673245787620544,0.998863935470581,0.6294872760772705,0.5199559926986694,-0.6000279188156128,0.9598818421363831,0.38201355934143066,0.044655829668045044,-0.4461967647075653,0.9902516603469849,0.6470396518707275,0.5424249768257141,-0.6386966705322266,0.9170392155647278,0.36132094264030457,0.02259477972984314,-0.4932401478290558,0.9628662467002869,0.6544174551963806,0.540630042552948,-0.7261386513710022,0.92778480052948,0.3647129535675049,0.023819714784622192,-0.5418980121612549,0.9650416374206543,0.6430265307426453,0.5332976579666138,-0.6439154148101807,0.9207367897033691,0.3773634433746338,0.03355002403259277,-0.4805169403553009,0.9671427011489868,0.49216964840888977,0.46912437677383423,0.011619932949543,0.9999184608459473,0.36531615257263184,0.4481469988822937,-0.011444389820098877,0.9998154044151306,0.5218510031700134,0.6085366606712341,-0.21318267285823822,0.9969275593757629,0.31374025344848633,0.5943803191184998,0.1678711622953415,0.9805454015731812,0.5888329744338989,0.7698609828948975,-0.04274135082960129,0.987700343132019,0.27533459663391113,0.6354471445083618,1.120322585105896,0.7328243851661682,0.5748581290245056,0.7860493659973145,-0.03391888365149498,0.8477763533592224,0.2711504101753235,0.634367048740387,1.2089639902114868,0.3906206786632538,0.6152135133743286,0.8204420804977417,-0.3636016249656677,0.9773367047309875,0.24015620350837708,0.6756457090377808,1.0640430450439453,0.7263160347938538
U19_v4,82,1,0.8045320510864258,0.2652641534805298,-0.43510517477989197,0.9998894929885864,0.8181674480438232,0.2584409713745117,-0.3883824646472931,0.9997935891151428,0.8207858800888062,0.26092296838760376,-0.38869717717170715,0.9998273849487305,0.8232560157775879,0.26339879631996155,-0.38914012908935547,0.9998262524604797,0.8051613569259644,0.2502192258834839,-0.4074449837207794,0.9994667172431946,0.7971857786178589,0.24634146690368652,-0.40748143196105957,0.9992609620094299,0.789506196975708,0.2429221272468567,-0.40739065408706665,0.9989783763885498,0.8083566427230835,0.26392826437950134,-0.1547817885875702,0.999686598777771,0.7601828575134277,0.23647597432136536,-0.24275463819503784,0.998723566532135,0.7888349890708923,0.2781762182712555,-0.34624823927879333,0.9997307658195496,0.7699555158615112,0.2660195827484131,-0.3723113238811493,0.9995438456535339,0.7400953769683838,0.33416154980659485,-0.05901630222797394,0.9999610185623169,0.6273055076599121,0.22803618013858795,-0.20413042604923248,0.9996559619903564,0.6202433109283447,0.4108365774154663,-0.12300185114145279,0.8614405393600464,0.6241551637649536,0.12282094359397888,-0.3848809599876404,0.9901844263076782,0.5734893083572388,0.5093567967414856,-0.31945744156837463,0.7721172571182251,0.6811507940292358,0.007358372211456299,-0.46498093008995056,0.9410921335220337,0.5764198899269104,0.535673975944519,-0.3427349030971527,0.6796170473098755,0.672501266002655,-0.010639339685440063,-0.5352228283882141,0.8642206788063049,0.5836406946182251,0.5357834696769714,-0.4232020080089569,0.7075212597846985,0.690569281578064,-0.013370037078857422,-0.5358601808547974,0.8670541048049927,0.5784584283828735,0.5253304243087769,-0.35833749175071716,0.7434315085411072,0.6992365121841431,0.00665399432182312,-0.4836377203464508,0.8835607767105103,0.46753960847854614,0.4536413252353668,0.09832943975925446,0.9996994733810425,0.3634923994541168,0.4323388934135437,-0.09808924794197083,0.9992202520370483,0.4982222616672516,0.6035251617431641,-0.1441221982240677,0.9827221632003784,0.37969446182250977,0.5830336213111877,-0.08460628241300583,0.9837379455566406,0.5514649748802185,0.7858856916427612,-0.2192607969045639,0.9695903658866882,0.29198312759399414,0.6407137513160706,0.45940959453582764,0.8693848848342896,0.5426536798477173,0.8027489185333252,-0.23130379617214203,0.8173276782035828,0.26558050513267517,0.6342645287513733,0.5124876499176025,0.5079370141029358,0.6307581067085266,0.8368117213249207,-0.45026886463165283,0.9426067471504211,0.26438987255096436,0.6917545199394226,0.44623303413391113,0.798744797706604
U19_v4,83,1,0.8148599863052368,0.2933814525604248,-0.3700089454650879,0.9977820515632629,0.8345564603805542,0.2860925793647766,-0.33701273798942566,0.9976605176925659,0.8372942209243774,0.2880362868309021,-0.33731570839881897,0.9978026747703552,0.8398152589797974,0.28974807262420654,-0.3377376198768616,0.9979482293128967,0.8203264474868774,0.27805572748184204,-0.35178419947624207,0.9937134385108948,0.8125067949295044,0.2744273245334625,-0.35192805528640747,0.9918362498283386,0.8041284084320068,0.27040523290634155,-0.35196641087532043,0.9909192323684692,0.825302243232727,0.2877797782421112,-0.11923711001873016,0.9966216087341309,0.7807962894439697,0.2586234211921692,-0.18766504526138306,0.9894500374794006,0.7987905740737915,0.30335092544555664,-0.2789052128791809,0.9964752793312073,0.781660258769989,0.2933436632156372,-0.3000280559062958,0.9949259757995605,0.7481814622879028,0.3471468687057495,0.07817736268043518,0.9993220567703247,0.702202558517456,0.24625080823898315,-0.19452369213104248,0.998846173286438,0.5771141052246094,0.4003346860408783,0.12001573294401169,0.5482091307640076,0.7349340915679932,0.19255028665065765,-0.35488706827163696,0.9166373014450073,0.5166364908218384,0.48979663848876953,-0.04298926517367363,0.5305532217025757,0.8545198440551758,0.14118829369544983,-0.3662048280239105,0.7717893719673157,0.5186781287193298,0.5133417248725891,-0.04105909541249275,0.502289354801178,0.8829748034477234,0.12426099181175232,-0.42093613743782043,0.6908659934997559,0.524429440498352,0.5127729177474976,-0.12063879519701004,0.5263882875442505,0.9254263639450073,0.09873050451278687,-0.40856796503067017,0.6926753520965576,0.5145431756973267,0.5025376081466675,-0.07732237130403519,0.5425156950950623,0.8777153491973877,0.1343538761138916,-0.37168088555336,0.7188199758529663,0.47331780195236206,0.4241926372051239,0.18219159543514252,0.9984702467918396,0.36709272861480713,0.4080846905708313,-0.18204116821289062,0.9985079169273376,0.48651254177093506,0.600455105304718,0.10901046544313431,0.8637449741363525,0.44837936758995056,0.5962592363357544,-0.28348129987716675,0.9950876832008362,0.3026675283908844,0.6737003326416016,0.17887179553508759,0.9467319846153259,0.45970675349235535,0.7539957761764526,-0.19513510167598724,0.9891903400421143,0.26713669300079346,0.6862120628356934,0.18059566617012024,0.9011586308479309,0.4350631833076477,0.7724732160568237,-0.18606674671173096,0.9562622904777527,0.3804425597190857,0.7710790634155273,0.024171778932213783,0.9180757999420166,0.5674673318862915,0.8217374086380005,-0.33360353112220764,0.9752371907234192
U19_v4,84,1,0.8333085775375366,0.2978977859020233,0.004023529589176178,0.9998262524604797,0.8482136726379395,0.28480857610702515,0.028140395879745483,0.9998453855514526,0.8482832312583923,0.28386741876602173,0.02785765565931797,0.9998435974121094,0.8489252328872681,0.2825895845890045,0.027616111561655998,0.9998756647109985,0.8451893329620361,0.28252464532852173,-0.03517431393265724,0.9997925162315369,0.8429852724075317,0.2800653576850891,-0.03530758246779442,0.9997532963752747,0.8399387001991272,0.2769615054130554,-0.035406842827796936,0.9997945427894592,0.8226118087768555,0.2711080312728882,0.15513695776462555,0.9998138546943665,0.8142942190170288,0.2650059759616852,-0.1289275586605072,0.9997469782829285,0.8070262670516968,0.30117714405059814,0.058732908219099045,0.9997112154960632,0.801629900932312,0.2979957163333893,-0.024326249957084656,0.9998243451118469,0.7004787921905518,0.2979271113872528,0.34653130173683167,0.9994238615036011,0.7103400230407715,0.28192758560180664,-0.31141799688339233,0.9998576641082764,0.550004780292511,0.37926027178764343,0.3853186368942261,0.060132261365652084,0.5666704773902893,0.36889708042144775,-0.31459760665893555,0.9286743998527527,0.5082399845123291,0.4759879410266876,0.23995928466320038,0.07274621725082397,0.5340068340301514,0.4551190137863159,-0.0192179623991251,0.4880990982055664,0.4969938397407532,0.4990500807762146,0.227772518992424,0.08408331125974655,0.5245374441146851,0.4855130910873413,-0.02642645873129368,0.43582800030708313,0.5082709789276123,0.49840208888053894,0.1759992092847824,0.0840974897146225,0.5384085178375244,0.4903702139854431,-0.015398116782307625,0.42720475792884827,0.5053359270095825,0.49434351921081543,0.20984318852424622,0.08618476241827011,0.5333440899848938,0.4790953993797302,-0.005388922989368439,0.43240201473236084,0.4130130112171173,0.4172089099884033,0.21057657897472382,0.999588668346405,0.3799457848072052,0.4191097319126129,-0.21026866137981415,0.9996457099914551,0.4942305088043213,0.5852198004722595,0.24950839579105377,0.7611246705055237,0.5098118185997009,0.5938326716423035,-0.1981239914894104,0.9954715967178345,0.3267713487148285,0.6850938200950623,0.34266549348831177,0.8492146730422974,0.3336925208568573,0.6892868280410767,-0.04832825809717178,0.9928475618362427,0.27368640899658203,0.6919367909431458,0.34204190969467163,0.7796737551689148,0.2993299961090088,0.726192831993103,-0.03264744579792023,0.9683828949928284,0.40545183420181274,0.7757779359817505,0.2594209909439087,0.879595935344696,0.4191577136516571,0.7831041812896729,-0.09285344183444977,0.9878371357917786
U19_v4,85,1,0.8728628158569336,0.2966899871826172,0.07295627892017365,0.9991186261177063,0.8847917914390564,0.2799340784549713,0.08517276495695114,0.9991161227226257,0.8844084143638611,0.27871376276016235,0.08488108962774277,0.9991507530212402,0.8838014602661133,0.27736735343933105,0.08457862585783005,0.9994951486587524,0.8803309202194214,0.27881354093551636,0.015215597115457058,0.9989678859710693,0.8766355514526367,0.2768436074256897,0.015129883773624897,0.9988172650337219,0.8721809983253479,0.27471715211868286,0.01502652931958437,0.9991818070411682,0.852510392665863,0.26501721143722534,0.17583021521568298,0.9992772936820984,0.8383099436759949,0.26537805795669556,-0.14101776480674744,0.9982439279556274,0.8484925031661987,0.3045164942741394,0.11735991388559341,0.9984993934631348,0.8421476483345032,0.30243176221847534,0.024269886314868927,0.9986831545829773,0.6948716640472412,0.2755463421344757,0.3591471016407013,0.9970134496688843,0.7474915981292725,0.32291892170906067,-0.3317810595035553,0.9997020363807678,0.5859057903289795,0.3649313151836395,0.5304415225982666,0.09229826182126999,0.8119093179702759,0.44221553206443787,-0.4024122953414917,0.9975739121437073,0.5600471496582031,0.45017102360725403,0.540415346622467,0.06238878145813942,0.9258817434310913,0.5540810823440552,-0.22209742665290833,0.9853643774986267,0.5596272945404053,0.4680154025554657,0.562761664390564,0.07171741127967834,0.9384346604347229,0.5898925065994263,-0.26735782623291016,0.9751873016357422,0.570318341255188,0.47058507800102234,0.5053600668907166,0.07059797644615173,0.9534830451011658,0.5887925624847412,-0.23476660251617432,0.9745101928710938,0.5610362887382507,0.4614616632461548,0.5175505876541138,0.07789652794599533,0.946700930595398,0.5784448981285095,-0.20502221584320068,0.9608607888221741,0.4057144522666931,0.4127122163772583,0.21851959824562073,0.9944749474525452,0.3846431374549866,0.42942914366722107,-0.2183021605014801,0.9976348876953125,0.5278964638710022,0.5687354803085327,0.2995772063732147,0.4118327498435974,0.5361437797546387,0.5810737609863281,-0.19825990498065948,0.9831922650337219,0.39712852239608765,0.7094969749450684,0.45737916231155396,0.48345863819122314,0.35892319679260254,0.7202956676483154,0.003207714995369315,0.9808058738708496,0.342171847820282,0.7115243673324585,0.46898847818374634,0.5065646767616272,0.3040251135826111,0.7175321578979492,0.027213696390390396,0.9571763277053833,0.4759255051612854,0.7822567224502563,0.4235501289367676,0.682113528251648,0.4400087893009186,0.8066719770431519,-0.0104454280808568,0.9764635562896729
U19_v4,86,1,0.9163562059402466,0.2984232008457184,-0.22916996479034424,0.9992732405662537,0.920197606086731,0.2823532223701477,-0.2096785455942154,0.999595582485199,0.9194483160972595,0.28101950883865356,-0.21000303328037262,0.9995162487030029,0.9183956384658813,0.27959609031677246,-0.21038919687271118,0.9996877908706665,0.9142221212387085,0.2822573781013489,-0.2735050320625305,0.9995470643043518,0.909050464630127,0.2808915376663208,-0.273701012134552,0.9994045495986938,0.9033876657485962,0.2794325351715088,-0.2737608850002289,0.9996113181114197,0.8794718980789185,0.2688036561012268,-0.09555266052484512,0.9995540976524353,0.8643078804016113,0.27190399169921875,-0.37934404611587524,0.9996237754821777,0.8942579030990601,0.30886849761009216,-0.17665646970272064,0.9995766282081604,0.8873158693313599,0.30686473846435547,-0.25931012630462646,0.999679684638977,0.7288166284561157,0.2733311951160431,0.1523338258266449,0.9989628791809082,0.7472711205482483,0.34308719635009766,-0.5463216304779053,0.9997743964195251,0.6518276929855347,0.40208595991134644,0.20995613932609558,0.04350727051496506,0.7180719375610352,0.47201481461524963,-0.4836714565753937,0.9661222100257874,0.5928827524185181,0.5001689195632935,0.15887707471847534,0.030648309737443924,0.6924564838409424,0.6043294668197632,-0.16512292623519897,0.769377589225769,0.5784554481506348,0.5212810039520264,0.1689891219139099,0.03204075247049332,0.6820009350776672,0.6373872756958008,-0.2059442549943924,0.7133025527000427,0.5807616114616394,0.526131808757782,0.11575974524021149,0.03228713199496269,0.6951127052307129,0.6385507583618164,-0.18237002193927765,0.7135457396507263,0.577492356300354,0.5192288756370544,0.13252954185009003,0.03810396045446396,0.6946257948875427,0.6259034872055054,-0.15224535763263702,0.7107111811637878,0.40955406427383423,0.4033869802951813,0.21291401982307434,0.998785674571991,0.4165554940700531,0.42457038164138794,-0.21280229091644287,0.9993991851806641,0.4747673571109772,0.5531550049781799,0.42455244064331055,0.3548280596733093,0.578719437122345,0.5779504179954529,-0.08670784533023834,0.9592670202255249,0.3931027948856354,0.7166360020637512,0.6575335264205933,0.37001875042915344,0.4118938446044922,0.730461835861206,0.20463304221630096,0.9474523663520813,0.34590184688568115,0.7302452325820923,0.6770954132080078,0.3604538142681122,0.3581407368183136,0.740228533744812,0.23202763497829437,0.8869923949241638,0.4909738600254059,0.7728554010391235,0.6396499276161194,0.5160619020462036,0.49099206924438477,0.8116511106491089,0.18444597721099854,0.934545636177063
U19_v4,87,1,0.9720393419265747,0.3069157898426056,-0.21678687632083893,0.9999673366546631,0.9670246839523315,0.29006481170654297,-0.1889144629240036,0.9999904632568359,0.9644526243209839,0.2879723906517029,-0.189059779047966,0.9999858140945435,0.9615130424499512,0.28572791814804077,-0.18928015232086182,0.9999905824661255,0.9648230075836182,0.2927149534225464,-0.255178302526474,0.9999923706054688,0.9611504077911377,0.2925114035606384,-0.2553911805152893,0.9999867677688599,0.9567407369613647,0.2922400236129761,-0.2553633749485016,0.9999921321868896,0.9216707944869995,0.2792048454284668,-0.04122495651245117,0.9999902248382568,0.9179534316062927,0.28893259167671204,-0.3342282772064209,0.9999892711639404,0.9547423720359802,0.31673917174339294,-0.15162774920463562,0.999957799911499,0.9526153206825256,0.31854909658432007,-0.23655910789966583,0.999972939491272,0.743431568145752,0.27424272894859314,0.17128705978393555,0.9997405409812927,0.7926984429359436,0.3722868263721466,-0.4837742745876312,0.9999361038208008,0.5806839466094971,0.2869543731212616,0.43754372000694275,0.22960825264453888,0.6295299530029297,0.4629811942577362,-0.3159836530685425,0.9469339847564697,0.6000310182571411,0.3529271185398102,0.6675083041191101,0.03200051188468933,0.5703068971633911,0.4812985062599182,0.12482914328575134,0.3982585072517395,0.59950852394104,0.3592246174812317,0.7040531635284424,0.02764214389026165,0.5595299601554871,0.49166184663772583,0.13028167188167572,0.31765642762184143,0.6184492111206055,0.36448997259140015,0.6647530198097229,0.02840019017457962,0.5840212106704712,0.4879871606826782,0.1318722367286682,0.3266144096851349,0.6170361042022705,0.363162636756897,0.6548364758491516,0.03313896805047989,0.5846654772758484,0.4818182587623596,0.1374182105064392,0.3411042392253876,0.41323891282081604,0.39779290556907654,0.21746878325939178,0.9998084902763367,0.4557678997516632,0.4295129179954529,-0.21717704832553864,0.9998328685760498,0.45358291268348694,0.5780211687088013,0.20001301169395447,0.818583607673645,0.6267625689506531,0.5956048965454102,-0.10588745027780533,0.954835832118988,0.3699410855770111,0.7523454427719116,0.31902074813842773,0.7914097905158997,0.47084686160087585,0.744978666305542,0.1233474463224411,0.8944812417030334,0.3217393755912781,0.7677609920501709,0.33020806312561035,0.7568370699882507,0.42744484543800354,0.7528083324432373,0.1477336287498474,0.7625501751899719,0.4389879107475281,0.8076298236846924,0.3009413480758667,0.7805688381195068,0.5544586181640625,0.7828259468078613,0.1672612428665161,0.8814210295677185
U19_v4,88,1,0.977049708366394,0.3258270025253296,0.24919259548187256,0.9979000091552734,0.9879226684570312,0.3101156949996948,0.21899420022964478,0.999332845211029,0.9862546324729919,0.3083024322986603,0.2188004106283188,0.9992891550064087,0.978182315826416,0.3016738295555115,0.2186231166124344,0.9994614720344543,0.9870725870132446,0.3127475380897522,0.17362864315509796,0.999153733253479,0.9884769916534424,0.31538766622543335,0.1734706312417984,0.9988441467285156,0.986441969871521,0.3151279091835022,0.17328205704689026,0.9991846680641174,0.9422382712364197,0.29528918862342834,0.12989360094070435,0.9994705319404602,0.9569818377494812,0.31164729595184326,-0.06896541267633438,0.999283492565155,0.9508330821990967,0.3257558047771454,0.2309200018644333,0.9986756443977356,0.9491614103317261,0.3313741385936737,0.17306098341941833,0.9990599751472473,0.7801417112350464,0.2914360761642456,0.2642854154109955,0.9990247488021851,0.8353468179702759,0.37184998393058777,-0.2919606566429138,0.9997691512107849,0.6245815753936768,0.26157963275909424,0.5311218500137329,0.20683780312538147,0.6353495121002197,0.41015273332595825,-0.07889065891504288,0.733809769153595,0.6838289499282837,0.31948402523994446,0.8007896542549133,0.026158295571804047,0.614916205406189,0.4317013621330261,0.3720466196537018,0.16460201144218445,0.6883754730224609,0.3238079249858856,0.8412493467330933,0.023418782278895378,0.6022437214851379,0.43967512249946594,0.4053690731525421,0.1592423915863037,0.714155912399292,0.33276110887527466,0.8088661432266235,0.023302750661969185,0.6197468638420105,0.43705862760543823,0.4096296429634094,0.15984463691711426,0.711979866027832,0.33228904008865356,0.7911092638969421,0.02505951002240181,0.6229820251464844,0.4315038323402405,0.38801610469818115,0.17783312499523163,0.4461420476436615,0.4204118251800537,0.2261788696050644,0.9997513890266418,0.49891939759254456,0.4389825761318207,-0.2258116751909256,0.9997952580451965,0.479752779006958,0.607446551322937,0.16153690218925476,0.675930917263031,0.6605722308158875,0.6198126673698425,-0.16176079213619232,0.9740675091743469,0.3645592927932739,0.7737234234809875,0.2109753042459488,0.8046131730079651,0.529688835144043,0.7790107727050781,-0.026563771069049835,0.9653937220573425,0.3203439712524414,0.7825770974159241,0.20846867561340332,0.8004071712493896,0.48284780979156494,0.8019341230392456,-0.0120865348726511,0.9210403561592102,0.43120118975639343,0.8313726782798767,0.13544493913650513,0.7811259627342224,0.5827520489692688,0.818805456161499,-0.0374964140355587,0.9567922353744507
U19_v4,89,1,0.9868751764297485,0.3167057931423187,0.35299521684646606,0.9907370209693909,0.994357705116272,0.30116206407546997,0.2891237139701843,0.9965779185295105,0.9903906583786011,0.29696035385131836,0.2889529764652252,0.9966564178466797,0.9863805770874023,0.29278483986854553,0.2888265550136566,0.996815025806427,1.0025852918624878,0.31309306621551514,0.2678837180137634,0.9961851239204407,1.0043573379516602,0.31699779629707336,0.26776888966560364,0.9955106973648071,1.0061208009719849,0.3209039270877838,0.26751723885536194,0.9963770508766174,0.9592146873474121,0.289889395236969,0.06870369613170624,0.9976564645767212,0.988287091255188,0.3230794072151184,-0.01532426942139864,0.9969841837882996,0.9651775360107422,0.32337528467178345,0.2906108796596527,0.9936768412590027,0.9659421443939209,0.3268338441848755,0.2654999792575836,0.9951425790786743,0.8064117431640625,0.29233700037002563,0.16326577961444855,0.9963878393173218,0.8776501417160034,0.39665481448173523,-0.2308996021747589,0.9995012283325195,0.6690608859062195,0.24922572076320648,0.4869190454483032,0.27161097526550293,0.6932696104049683,0.4420175552368164,0.010965995490550995,0.6334143280982971,0.7039287686347961,0.28156399726867676,0.8674789667129517,0.07447575032711029,0.6381189227104187,0.43958789110183716,0.4084002375602722,0.1719380021095276,0.7003610730171204,0.2814639210700989,0.926461398601532,0.0642230212688446,0.6184718608856201,0.4413878321647644,0.4400101900100708,0.1778678596019745,0.7235109210014343,0.2881125211715698,0.8979607820510864,0.06306473165750504,0.6291778683662415,0.43651020526885986,0.4422999322414398,0.17252998054027557,0.7253606915473938,0.29041796922683716,0.865014910697937,0.05708642303943634,0.6343767642974854,0.4336814880371094,0.42163872718811035,0.19112633168697357,0.4635322093963623,0.43362951278686523,0.19757117331027985,0.9997778534889221,0.5326398611068726,0.45809727907180786,-0.19761034846305847,0.9998785257339478,0.4748004674911499,0.61189866065979,0.14740851521492004,0.7294002175331116,0.6806094646453857,0.6418101787567139,-0.10230346769094467,0.986714780330658,0.3420765995979309,0.7670159339904785,0.23847056925296783,0.851531445980072,0.5997760891914368,0.8163608312606812,-0.011632157489657402,0.9823795557022095,0.2950005829334259,0.780218780040741,0.24101297557353973,0.8329112529754639,0.5561790466308594,0.8455097675323486,-0.0018873920198529959,0.9539088606834412,0.40816545486450195,0.825593113899231,0.16115209460258484,0.7953089475631714,0.6540762186050415,0.8648025989532471,-0.04373624175786972,0.9685506820678711
U19_v4,90,1,0.9004316329956055,0.2735750079154968,0.6768603324890137,0.9978060126304626,0.9002066850662231,0.26252609491348267,0.5779712796211243,0.9986562728881836,0.8970799446105957,0.2620876133441925,0.5779004096984863,0.9986666440963745,0.8939565420150757,0.2612486779689789,0.57786625623703,0.9985981583595276,0.9153932332992554,0.2681207060813904,0.5926733016967773,0.9980389475822449,0.9252629280090332,0.27304112911224365,0.592647910118103,0.9979015588760376,0.9223245978355408,0.2816258668899536,0.5924178957939148,0.998272180557251,0.87732994556427,0.26637887954711914,0.2394462525844574,0.9988025426864624,0.926812469959259,0.29517003893852234,0.3105905055999756,0.998445451259613,0.8839645385742188,0.2828458547592163,0.5745161771774292,0.9975413084030151,0.886994481086731,0.293414831161499,0.5941101312637329,0.9971103668212891,0.7596113085746765,0.2755945324897766,0.20824798941612244,0.9992352724075317,0.9138230085372925,0.36766517162323,0.08788903802633286,0.9996829032897949,0.6867491006851196,0.19095122814178467,0.42238929867744446,0.8857131004333496,0.874414324760437,0.4174504578113556,0.2698565721511841,0.834231972694397,0.754936933517456,0.19414788484573364,0.8350964784622192,0.31013214588165283,0.7910773158073425,0.3872169852256775,0.6060906052589417,0.06778452545404434,0.7639132142066956,0.1964142918586731,0.8865450024604797,0.23315051198005676,0.7732618451118469,0.3844548165798187,0.6592208743095398,0.06824246793985367,0.7781285643577576,0.20691123604774475,0.887186586856842,0.24086834490299225,0.7619574666023254,0.372766375541687,0.6437263488769531,0.0691949725151062,0.7765504717826843,0.20878061652183533,0.8425927758216858,0.22734616696834564,0.7619481086730957,0.37261292338371277,0.6128455996513367,0.08595215529203415,0.49030882120132446,0.4697660803794861,0.16312089562416077,0.9998770952224731,0.5814756155014038,0.49580204486846924,-0.1639210730791092,0.9999631643295288,0.4375121593475342,0.626191258430481,0.29980313777923584,0.8955050706863403,0.7324063777923584,0.666659951210022,-0.1380569487810135,0.9989709854125977,0.3216097056865692,0.7771595120429993,0.3136531710624695,0.9515953660011292,0.6987165808677673,0.869493842124939,-0.28087881207466125,0.9979845285415649,0.26594552397727966,0.7935916781425476,0.31552839279174805,0.9463926553726196,0.6544447541236877,0.9035197496414185,-0.29224061965942383,0.9946306943893433,0.37923216819763184,0.8209016919136047,0.29261869192123413,0.8481176495552063,0.8165505528450012,0.9275915026664734,-0.31085339188575745,0.9861528873443604
U19_v4,91,1,0.9223780632019043,0.28860896825790405,0.6826857328414917,0.9977080821990967,0.9240328669548035,0.2750491499900818,0.5839627981185913,0.9984208345413208,0.9193970561027527,0.2741006314754486,0.5836958885192871,0.9983404874801636,0.915107011795044,0.27297717332839966,0.583699107170105,0.9982104301452637,0.9458696842193604,0.2837965488433838,0.6218035817146301,0.9979593753814697,0.948635458946228,0.2854032516479492,0.6217004656791687,0.9979597330093384,0.9506535530090332,0.28653484582901,0.6212798357009888,0.9983053207397461,0.9076526165008545,0.2791896462440491,0.23113913834095,0.9981275200843811,0.9575429558753967,0.2991858720779419,0.40500137209892273,0.9983488321304321,0.905978798866272,0.2960701882839203,0.5721904039382935,0.9965957999229431,0.9327247142791748,0.30056458711624146,0.620883047580719,0.9969431757926941,0.8100500106811523,0.2905358076095581,0.14760833978652954,0.9992396831512451,0.9638473987579346,0.39450186491012573,0.20819154381752014,0.9998489618301392,0.7254094481468201,0.211800217628479,0.25721392035484314,0.9889844655990601,0.8888237476348877,0.4840388298034668,0.5167285203933716,0.545865535736084,0.7336767911911011,0.12718048691749573,0.56361985206604,0.9768257141113281,0.8212146162986755,0.4428079426288605,0.9805727601051331,0.05894676223397255,0.7330993413925171,0.10155642032623291,0.5940861701965332,0.9567261338233948,0.8061510324478149,0.4342859983444214,1.0472776889801025,0.061895888298749924,0.7529582977294922,0.10553595423698425,0.6008368730545044,0.9562094211578369,0.8016307950019836,0.42187780141830444,1.0217766761779785,0.05901549756526947,0.7540658712387085,0.11142441630363464,0.5778046250343323,0.9277483820915222,0.8029540777206421,0.4234106242656708,0.9849613904953003,0.08316394686698914,0.5302484035491943,0.48634159564971924,0.1354210525751114,0.999916672706604,0.6299124360084534,0.520581066608429,-0.13670171797275543,0.9999693632125854,0.45233064889907837,0.641148030757904,0.25524652004241943,0.9058696031570435,0.7744942903518677,0.7100093960762024,-0.1456688493490219,0.9981221556663513,0.3058476448059082,0.7874055504798889,0.27282091975212097,0.9549411535263062,0.7731895446777344,0.9132093191146851,-0.3192432224750519,0.995399534702301,0.24373984336853027,0.8016452789306641,0.2749728858470917,0.9437868595123291,0.7151228189468384,0.945573091506958,-0.33287888765335083,0.9844126105308533,0.3397383689880371,0.8353989124298096,0.229429692029953,0.9022287726402283,0.8707908391952515,0.9536855220794678,-0.3554452061653137,0.9822424650192261
U19_v4,92,1,1.0006788969039917,0.2856782078742981,0.5531362891197205,0.9959402084350586,1.0010418891906738,0.27684497833251953,0.46059897541999817,0.9975797533988953,0.9958457946777344,0.2760753929615021,0.4604523181915283,0.9974114298820496,1.0064997673034668,0.2720712423324585,0.46053293347358704,0.9965470433235168,1.034963846206665,0.287514865398407,0.4756568670272827,0.9979192614555359,1.0416128635406494,0.29094409942626953,0.4755486249923706,0.9980325102806091,1.0482598543167114,0.2944285273551941,0.4751273989677429,0.9982998967170715,0.9712663888931274,0.27601802349090576,0.1497691124677658,0.9967920184135437,1.0233205556869507,0.30277422070503235,0.22221539914608002,0.9990867376327515,0.9866675138473511,0.3004457950592041,0.46214407682418823,0.9928570985794067,1.0051935911178589,0.30415648221969604,0.4820280373096466,0.9963635802268982,0.8538647890090942,0.2973422110080719,0.12753361463546753,0.9982715845108032,1.00034499168396,0.4065266251564026,0.01985759474337101,0.9995212554931641,0.7592952251434326,0.2306343913078308,0.2347365766763687,0.9805527329444885,0.9212517738342285,0.491272896528244,0.32837939262390137,0.46811753511428833,0.7614023685455322,0.12135738134384155,0.4517000615596771,0.984176516532898,0.8930296897888184,0.47947895526885986,0.8196514844894409,0.0718545913696289,0.7560617923736572,0.09513387084007263,0.45461297035217285,0.9722374081611633,0.8874379396438599,0.48161405324935913,0.8556304574012756,0.07081030309200287,0.7771306037902832,0.09969839453697205,0.4457944333553314,0.9719131588935852,0.8918107748031616,0.4685775935649872,0.8310116529464722,0.07018712162971497,0.7861740589141846,0.10494008660316467,0.45314937829971313,0.9493461847305298,0.888075590133667,0.46537306904792786,0.8237563371658325,0.0964362770318985,0.5889129042625427,0.514068603515625,0.17825151979923248,0.9996891021728516,0.6899127960205078,0.559268593788147,-0.17896001040935516,0.9999204874038696,0.47375181317329407,0.6671431064605713,0.31444182991981506,0.9024515151977539,0.819249153137207,0.7445931434631348,-0.1878490000963211,0.9926135540008545,0.3054271638393402,0.7971692681312561,0.5171681642532349,0.9253647327423096,0.8325461149215698,0.9506729245185852,-0.1958817094564438,0.9911070466041565,0.2472817301750183,0.8104686737060547,0.535615086555481,0.920134961605072,0.7913156747817993,0.9759616851806641,-0.19854362308979034,0.9781510829925537,0.33058056235313416,0.8354039192199707,0.4442141354084015,0.7758272290229797,0.8923097848892212,0.9874045848846436,-0.297473281621933,0.9503637552261353
U19_v4,93,1,0.9855483174324036,0.29699385166168213,0.6660388112068176,0.9582716822624207,0.9868346452713013,0.2818913459777832,0.5744463205337524,0.9704398512840271,0.943558931350708,0.27423685789108276,0.5743081569671631,0.9716710448265076,0.9404892921447754,0.2745794951915741,0.5744627714157104,0.9655547142028809,1.0077574253082275,0.28974273800849915,0.5879116654396057,0.970228374004364,1.016188383102417,0.29285192489624023,0.5878006815910339,0.9751925468444824,1.024681568145752,0.2960153818130493,0.5872013568878174,0.9772992730140686,0.9398527145385742,0.28301507234573364,0.2543543577194214,0.9681392312049866,1.0355441570281982,0.3111289143562317,0.32076776027679443,0.9819886088371277,0.9688626527786255,0.3074333369731903,0.5716003179550171,0.9164329171180725,0.9904958605766296,0.31527817249298096,0.5894696712493896,0.9436221122741699,0.8780569434165955,0.31726083159446716,0.21973495185375214,0.9952418804168701,1.0493652820587158,0.41440141201019287,0.0671355351805687,0.9985814094543457,0.7914507389068604,0.24087902903556824,0.2319890856742859,0.9329931735992432,0.9945625066757202,0.5030933618545532,0.1953430026769638,0.47117894887924194,0.8008444309234619,0.11294567584991455,0.44086959958076477,0.9540718197822571,0.9460545778274536,0.4851357638835907,0.42723187804222107,0.06667295098304749,0.7963795065879822,0.09365376830101013,0.4401994049549103,0.9238227605819702,0.9354968070983887,0.4842339754104614,0.42807531356811523,0.06334332376718521,0.8302656412124634,0.09778770804405212,0.4399002194404602,0.9228551983833313,0.9345319271087646,0.4722028970718384,0.4058464765548706,0.05933058634400368,0.8373289108276367,0.10424050688743591,0.44414445757865906,0.8813016414642334,0.9286822080612183,0.47035232186317444,0.4252481460571289,0.07608969509601593,0.6260713934898376,0.557641327381134,0.18995358049869537,0.9991968274116516,0.7344577312469482,0.6006256937980652,-0.1908554583787918,0.9997863173484802,0.5079647898674011,0.692211389541626,0.31307265162467957,0.6262264251708984,0.867205798625946,0.7829203605651855,-0.3013952672481537,0.9831583499908447,0.3061424195766449,0.8214151859283447,0.5076685547828674,0.6675356030464172,0.7875040769577026,0.9938700795173645,-0.3940456807613373,0.9789450764656067,0.25898972153663635,0.8357750773429871,0.5209699273109436,0.7224682569503784,0.7375314831733704,1.0010709762573242,-0.407328724861145,0.9686523675918579,0.2909992039203644,0.8394945859909058,0.44225290417671204,0.5035277605056763,0.8918735980987549,1.029768943786621,-0.5325831174850464,0.9121201038360596
U19_v4,94,1,0.9997373223304749,0.2964388430118561,0.6492052674293518,0.971859335899353,0.9977909922599792,0.2820700407028198,0.5649287104606628,0.9786034226417542,0.9905369281768799,0.27956274151802063,0.5648170709609985,0.9799929261207581,0.9833043217658997,0.2771860361099243,0.564983606338501,0.9756976962089539,1.0201222896575928,0.29050910472869873,0.568978488445282,0.97999507188797,1.0286494493484497,0.29388540983200073,0.5688804388046265,0.9836235046386719,1.0372226238250732,0.29731354117393494,0.5683072209358215,0.9848169684410095,0.9447871446609497,0.2830824851989746,0.26776638627052307,0.979205310344696,1.044586181640625,0.313524067401886,0.2901949882507324,0.9888490438461304,0.9811071753501892,0.3063855767250061,0.561869204044342,0.9489427208900452,1.0045711994171143,0.3149455189704895,0.5670793652534485,0.9680492877960205,0.8706347346305847,0.3175596594810486,0.22414730489253998,0.9958927631378174,1.0487099885940552,0.4176079034805298,0.03871641308069229,0.9989553689956665,0.7893480658531189,0.23926261067390442,0.21100832521915436,0.9493833780288696,0.9680756330490112,0.5073352456092834,0.09751806408166885,0.48337411880493164,0.7997898459434509,0.11331772804260254,0.39099618792533875,0.9535272121429443,0.8954997062683105,0.504814088344574,0.21605385839939117,0.07865369319915771,0.8002908825874329,0.09504270553588867,0.3824863135814667,0.9140447974205017,0.8761245012283325,0.5078926682472229,0.20290245115756989,0.07573539018630981,0.8374954462051392,0.09828969836235046,0.3810702860355377,0.912667989730835,0.875452995300293,0.4979049265384674,0.17938144505023956,0.07144608348608017,0.8411375284194946,0.10632491111755371,0.3918667137622833,0.8760833740234375,0.8738264441490173,0.49453210830688477,0.21140386164188385,0.08723003417253494,0.6244455575942993,0.5593226552009583,0.19768668711185455,0.9991372227668762,0.7371214628219604,0.6008489727973938,-0.1983662098646164,0.9997791647911072,0.5046349167823792,0.6951243877410889,0.3124158978462219,0.63142991065979,0.8670482635498047,0.7837855815887451,-0.27748894691467285,0.9822399616241455,0.30875080823898315,0.824421763420105,0.5015732049942017,0.6719266772270203,0.7861159443855286,0.9938742518424988,-0.3459715247154236,0.9791229963302612,0.26225847005844116,0.8392168879508972,0.5133773684501648,0.7322303056716919,0.7348480820655823,1.0002630949020386,-0.3582855761051178,0.9698647856712341,0.32690009474754333,0.8279315233230591,0.42405569553375244,0.5209042429924011,0.8904019594192505,1.029661774635315,-0.4916287362575531,0.9185648560523987
U19_v4,95,1,1.0389471054077148,0.3229842483997345,0.23232662677764893,0.9948251247406006,1.0294773578643799,0.30746689438819885,0.21046216785907745,0.993922770023346,1.025613784790039,0.3063017725944519,0.21047447621822357,0.9935424327850342,1.0218119621276855,0.30528146028518677,0.2107301950454712,0.9927964806556702,1.037462592124939,0.31138134002685547,0.15981097519397736,0.9968902468681335,1.0387649536132812,0.3128409683704376,0.15974467992782593,0.9972246885299683,1.040183186531067,0.314346045255661,0.15926548838615417,0.997521698474884,0.9619677066802979,0.30743929743766785,0.18372197449207306,0.9925726652145386,0.9913149476051331,0.3128950297832489,-0.03576485812664032,0.9986202716827393,1.026877522468567,0.3364591598510742,0.24377039074897766,0.990078330039978,1.0345532894134521,0.3404269218444824,0.18011806905269623,0.9955734014511108,0.9131146669387817,0.3596714735031128,0.27421408891677856,0.9964196681976318,1.0273263454437256,0.4159810245037079,-0.25534045696258545,0.9996832609176636,0.8463345766067505,0.26258280873298645,0.09819537401199341,0.9056046605110168,0.9495871067047119,0.5120116472244263,-0.257595032453537,0.7927414774894714,0.8424367904663086,0.1312924325466156,-0.08058915287256241,0.9241968989372253,0.9108400344848633,0.5649895071983337,-0.16091294586658478,0.27165687084198,0.8381140232086182,0.10408240556716919,-0.15599270164966583,0.8720112442970276,0.8953269124031067,0.5811969637870789,-0.20941413938999176,0.22479547560214996,0.8712904453277588,0.10255295038223267,-0.160703644156456,0.8643333911895752,0.9045754671096802,0.5744384527206421,-0.23576028645038605,0.20945297181606293,0.87721186876297,0.1195792555809021,-0.09767359495162964,0.8378573060035706,0.9015009999275208,0.5677266716957092,-0.16374921798706055,0.20270897448062897,0.7068866491317749,0.5867183804512024,0.2635990381240845,0.9960882663726807,0.7937454581260681,0.6127485632896423,-0.2642400562763214,0.9990304708480835,0.5835344791412354,0.7186094522476196,0.3183443546295166,0.4684951603412628,0.9127421379089355,0.8045845031738281,-0.43477848172187805,0.9595741629600525,0.3237018287181854,0.8189846873283386,0.45319604873657227,0.5957413911819458,0.7637996077537537,0.9982184767723083,-0.4976373016834259,0.9574353098869324,0.2713989317417145,0.8174545764923096,0.4558703601360321,0.7432268261909485,0.7154310941696167,1.0063472986221313,-0.50951087474823,0.9670497179031372,0.3071400821208954,0.8691215515136719,0.3426142632961273,0.549220860004425,0.7858794927597046,1.0558112859725952,-0.6882925033569336,0.8987926244735718
U19_v4,96,0,,,,,,,,,,,,,,,,,,,,,,,,,,,,,,,,,,,,,,,,,,,,,,,,,,,,,,,,,,,,,,,,,,,,,,,,,,,,,,,,,,,,,,,,,,,,,,,,,,,,,,,,,,,,,,,,,,,,,,,,,,,,,,,,,,,,
U19_v4,97,0,,,,,,,,,,,,,,,,,,,,,,,,,,,,,,,,,,,,,,,,,,,,,,,,,,,,,,,,,,,,,,,,,,,,,,,,,,,,,,,,,,,,,,,,,,,,,,,,,,,,,,,,,,,,,,,,,,,,,,,,,,,,,,,,,,,,
U19_v4,98,0,,,,,,,,,,,,,,,,,,,,,,,,,,,,,,,,,,,,,,,,,,,,,,,,,,,,,,,,,,,,,,,,,,,,,,,,,,,,,,,,,,,,,,,,,,,,,,,,,,,,,,,,,,,,,,,,,,,,,,,,,,,,,,,,,,,,
U19_v4,99,0,,,,,,,,,,,,,,,,,,,,,,,,,,,,,,,,,,,,,,,,,,,,,,,,,,,,,,,,,,,,,,,,,,,,,,,,,,,,,,,,,,,,,,,,,,,,,,,,,,,,,,,,,,,,,,,,,,,,,,,,,,,,,,,,,,,,
U19_v4,100,0,,,,,,,,,,,,,,,,,,,,,,,,,,,,,,,,,,,,,,,,,,,,,,,,,,,,,,,,,,,,,,,,,,,,,,,,,,,,,,,,,,,,,,,,,,,,,,,,,,,,,,,,,,,,,,,,,,,,,,,,,,,,,,,,,,,,
U19_v4,101,0,,,,,,,,,,,,,,,,,,,,,,,,,,,,,,,,,,,,,,,,,,,,,,,,,,,,,,,,,,,,,,,,,,,,,,,,,,,,,,,,,,,,,,,,,,,,,,,,,,,,,,,,,,,,,,,,,,,,,,,,,,,,,,,,,,,,
U19_v4,102,0,,,,,,,,,,,,,,,,,,,,,,,,,,,,,,,,,,,,,,,,,,,,,,,,,,,,,,,,,,,,,,,,,,,,,,,,,,,,,,,,,,,,,,,,,,,,,,,,,,,,,,,,,,,,,,,,,,,,,,,,,,,,,,,,,,,,
U19_v4,103,0,,,,,,,,,,,,,,,,,,,,,,,,,,,,,,,,,,,,,,,,,,,,,,,,,,,,,,,,,,,,,,,,,,,,,,,,,,,,,,,,,,,,,,,,,,,,,,,,,,,,,,,,,,,,,,,,,,,,,,,,,,,,,,,,,,,,
U19_v4,104,0,,,,,,,,,,,,,,,,,,,,,,,,,,,,,,,,,,,,,,,,,,,,,,,,,,,,,,,,,,,,,,,,,,,,,,,,,,,,,,,,,,,,,,,,,,,,,,,,,,,,,,,,,,,,,,,,,,,,,,,,,,,,,,,,,,,,
U19_v4,105,0,,,,,,,,,,,,,,,,,,,,,,,,,,,,,,,,,,,,,,,,,,,,,,,,,,,,,,,,,,,,,,,,,,,,,,,,,,,,,,,,,,,,,,,,,,,,,,,,,,,,,,,,,,,,,,,,,,,,,,,,,,,,,,,,,,,,
U19_v4,106,0,,,,,,,,,,,,,,,,,,,,,,,,,,,,,,,,,,,,,,,,,,,,,,,,,,,,,,,,,,,,,,,,,,,,,,,,,,,,,,,,,,,,,,,,,,,,,,,,,,,,,,,,,,,,,,,,,,,,,,,,,,,,,,,,,,,,
U19_v4,107,0,,,,,,,,,,,,,,,,,,,,,,,,,,,,,,,,,,,,,,,,,,,,,,,,,,,,,,,,,,,,,,,,,,,,,,,,,,,,,,,,,,,,,,,,,,,,,,,,,,,,,,,,,,,,,,,,,,,,,,,,,,,,,,,,,,,,
U19_v4,108,0,,,,,,,,,,,,,,,,,,,,,,,,,,,,,,,,,,,,,,,,,,,,,,,,,,,,,,,,,,,,,,,,,,,,,,,,,,,,,,,,,,,,,,,,,,,,,,,,,,,,,,,,,,,,,,,,,,,,,,,,,,,,,,,,,,,,
U19_v4,109,0,,,,,,,,,,,,,,,,,,,,,,,,,,,,,,,,,,,,,,,,,,,,,,,,,,,,,,,,,,,,,,,,,,,,,,,,,,,,,,,,,,,,,,,,,,,,,,,,,,,,,,,,,,,,,,,,,,,,,,,,,,,,,,,,,,,,
U19_v4,110,0,,,,,,,,,,,,,,,,,,,,,,,,,,,,,,,,,,,,,,,,,,,,,,,,,,,,,,,,,,,,,,,,,,,,,,,,,,,,,,,,,,,,,,,,,,,,,,,,,,,,,,,,,,,,,,,,,,,,,,,,,,,,,,,,,,,,
U19_v4,111,0,,,,,,,,,,,,,,,,,,,,,,,,,,,,,,,,,,,,,,,,,,,,,,,,,,,,,,,,,,,,,,,,,,,,,,,,,,,,,,,,,,,,,,,,,,,,,,,,,,,,,,,,,,,,,,,,,,,,,,,,,,,,,,,,,,,,
U19_v4,112,0,,,,,,,,,,,,,,,,,,,,,,,,,,,,,,,,,,,,,,,,,,,,,,,,,,,,,,,,,,,,,,,,,,,,,,,,,,,,,,,,,,,,,,,,,,,,,,,,,,,,,,,,,,,,,,,,,,,,,,,,,,,,,,,,,,,,
U19_v4,113,0,,,,,,,,,,,,,,,,,,,,,,,,,,,,,,,,,,,,,,,,,,,,,,,,,,,,,,,,,,,,,,,,,,,,,,,,,,,,,,,,,,,,,,,,,,,,,,,,,,,,,,,,,,,,,,,,,,,,,,,,,,,,,,,,,,,,
U19_v4,114,0,,,,,,,,,,,,,,,,,,,,,,,,,,,,,,,,,,,,,,,,,,,,,,,,,,,,,,,,,,,,,,,,,,,,,,,,,,,,,,,,,,,,,,,,,,,,,,,,,,,,,,,,,,,,,,,,,,,,,,,,,,,,,,,,,,,,
U19_v4,115,0,,,,,,,,,,,,,,,,,,,,,,,,,,,,,,,,,,,,,,,,,,,,,,,,,,,,,,,,,,,,,,,,,,,,,,,,,,,,,,,,,,,,,,,,,,,,,,,,,,,,,,,,,,,,,,,,,,,,,,,,,,,,,,,,,,,,
U19_v4,116,0,,,,,,,,,,,,,,,,,,,,,,,,,,,,,,,,,,,,,,,,,,,,,,,,,,,,,,,,,,,,,,,,,,,,,,,,,,,,,,,,,,,,,,,,,,,,,,,,,,,,,,,,,,,,,,,,,,,,,,,,,,,,,,,,,,,,
U19_v4,117,0,,,,,,,,,,,,,,,,,,,,,,,,,,,,,,,,,,,,,,,,,,,,,,,,,,,,,,,,,,,,,,,,,,,,,,,,,,,,,,,,,,,,,,,,,,,,,,,,,,,,,,,,,,,,,,,,,,,,,,,,,,,,,,,,,,,,
U19_v4,118,0,,,,,,,,,,,,,,,,,,,,,,,,,,,,,,,,,,,,,,,,,,,,,,,,,,,,,,,,,,,,,,,,,,,,,,,,,,,,,,,,,,,,,,,,,,,,,,,,,,,,,,,,,,,,,,,,,,,,,,,,,,,,,,,,,,,,
U19_v4,119,0,,,,,,,,,,,,,,,,,,,,,,,,,,,,,,,,,,,,,,,,,,,,,,,,,,,,,,,,,,,,,,,,,,,,,,,,,,,,,,,,,,,,,,,,,,,,,,,,,,,,,,,,,,,,,,,,,,,,,,,,,,,,,,,,,,,,
U19_v4,120,0,,,,,,,,,,,,,,,,,,,,,,,,,,,,,,,,,,,,,,,,,,,,,,,,,,,,,,,,,,,,,,,,,,,,,,,,,,,,,,,,,,,,,,,,,,,,,,,,,,,,,,,,,,,,,,,,,,,,,,,,,,,,,,,,,,,,
U19_v4,121,0,,,,,,,,,,,,,,,,,,,,,,,,,,,,,,,,,,,,,,,,,,,,,,,,,,,,,,,,,,,,,,,,,,,,,,,,,,,,,,,,,,,,,,,,,,,,,,,,,,,,,,,,,,,,,,,,,,,,,,,,,,,,,,,,,,,,
U19_v4,122,0,,,,,,,,,,,,,,,,,,,,,,,,,,,,,,,,,,,,,,,,,,,,,,,,,,,,,,,,,,,,,,,,,,,,,,,,,,,,,,,,,,,,,,,,,,,,,,,,,,,,,,,,,,,,,,,,,,,,,,,,,,,,,,,,,,,,
U19_v4,123,0,,,,,,,,,,,,,,,,,,,,,,,,,,,,,,,,,,,,,,,,,,,,,,,,,,,,,,,,,,,,,,,,,,,,,,,,,,,,,,,,,,,,,,,,,,,,,,,,,,,,,,,,,,,,,,,,,,,,,,,,,,,,,,,,,,,,
U19_v4,124,0,,,,,,,,,,,,,,,,,,,,,,,,,,,,,,,,,,,,,,,,,,,,,,,,,,,,,,,,,,,,,,,,,,,,,,,,,,,,,,,,,,,,,,,,,,,,,,,,,,,,,,,,,,,,,,,,,,,,,,,,,,,,,,,,,,,,
U19_v4,125,0,,,,,,,,,,,,,,,,,,,,,,,,,,,,,,,,,,,,,,,,,,,,,,,,,,,,,,,,,,,,,,,,,,,,,,,,,,,,,,,,,,,,,,,,,,,,,,,,,,,,,,,,,,,,,,,,,,,,,,,,,,,,,,,,,,,,
U19_v4,126,0,,,,,,,,,,,,,,,,,,,,,,,,,,,,,,,,,,,,,,,,,,,,,,,,,,,,,,,,,,,,,,,,,,,,,,,,,,,,,,,,,,,,,,,,,,,,,,,,,,,,,,,,,,,,,,,,,,,,,,,,,,,,,,,,,,,,
U19_v4,127,0,,,,,,,,,,,,,,,,,,,,,,,,,,,,,,,,,,,,,,,,,,,,,,,,,,,,,,,,,,,,,,,,,,,,,,,,,,,,,,,,,,,,,,,,,,,,,,,,,,,,,,,,,,,,,,,,,,,,,,,,,,,,,,,,,,,,
U19_v4,128,0,,,,,,,,,,,,,,,,,,,,,,,,,,,,,,,,,,,,,,,,,,,,,,,,,,,,,,,,,,,,,,,,,,,,,,,,,,,,,,,,,,,,,,,,,,,,,,,,,,,,,,,,,,,,,,,,,,,,,,,,,,,,,,,,,,,,
U19_v4,129,0,,,,,,,,,,,,,,,,,,,,,,,,,,,,,,,,,,,,,,,,,,,,,,,,,,,,,,,,,,,,,,,,,,,,,,,,,,,,,,,,,,,,,,,,,,,,,,,,,,,,,,,,,,,,,,,,,,,,,,,,,,,,,,,,,,,,
U19_v4,130,0,,,,,,,,,,,,,,,,,,,,,,,,,,,,,,,,,,,,,,,,,,,,,,,,,,,,,,,,,,,,,,,,,,,,,,,,,,,,,,,,,,,,,,,,,,,,,,,,,,,,,,,,,,,,,,,,,,,,,,,,,,,,,,,,,,,,
U19_v4,131,0,,,,,,,,,,,,,,,,,,,,,,,,,,,,,,,,,,,,,,,,,,,,,,,,,,,,,,,,,,,,,,,,,,,,,,,,,,,,,,,,,,,,,,,,,,,,,,,,,,,,,,,,,,,,,,,,,,,,,,,,,,,,,,,,,,,,
U19_v4,132,0,,,,,,,,,,,,,,,,,,,,,,,,,,,,,,,,,,,,,,,,,,,,,,,,,,,,,,,,,,,,,,,,,,,,,,,,,,,,,,,,,,,,,,,,,,,,,,,,,,,,,,,,,,,,,,,,,,,,,,,,,,,,,,,,,,,,
U19_v4,133,0,,,,,,,,,,,,,,,,,,,,,,,,,,,,,,,,,,,,,,,,,,,,,,,,,,,,,,,,,,,,,,,,,,,,,,,,,,,,,,,,,,,,,,,,,,,,,,,,,,,,,,,,,,,,,,,,,,,,,,,,,,,,,,,,,,,,
U19_v4,134,0,,,,,,,,,,,,,,,,,,,,,,,,,,,,,,,,,,,,,,,,,,,,,,,,,,,,,,,,,,,,,,,,,,,,,,,,,,,,,,,,,,,,,,,,,,,,,,,,,,,,,,,,,,,,,,,,,,,,,,,,,,,,,,,,,,,,
U19_v4,135,0,,,,,,,,,,,,,,,,,,,,,,,,,,,,,,,,,,,,,,,,,,,,,,,,,,,,,,,,,,,,,,,,,,,,,,,,,,,,,,,,,,,,,,,,,,,,,,,,,,,,,,,,,,,,,,,,,,,,,,,,,,,,,,,,,,,,
U19_v4,136,0,,,,,,,,,,,,,,,,,,,,,,,,,,,,,,,,,,,,,,,,,,,,,,,,,,,,,,,,,,,,,,,,,,,,,,,,,,,,,,,,,,,,,,,,,,,,,,,,,,,,,,,,,,,,,,,,,,,,,,,,,,,,,,,,,,,,
U19_v4,137,0,,,,,,,,,,,,,,,,,,,,,,,,,,,,,,,,,,,,,,,,,,,,,,,,,,,,,,,,,,,,,,,,,,,,,,,,,,,,,,,,,,,,,,,,,,,,,,,,,,,,,,,,,,,,,,,,,,,,,,,,,,,,,,,,,,,,
U19_v4,138,0,,,,,,,,,,,,,,,,,,,,,,,,,,,,,,,,,,,,,,,,,,,,,,,,,,,,,,,,,,,,,,,,,,,,,,,,,,,,,,,,,,,,,,,,,,,,,,,,,,,,,,,,,,,,,,,,,,,,,,,,,,,,,,,,,,,,
U19_v4,139,0,,,,,,,,,,,,,,,,,,,,,,,,,,,,,,,,,,,,,,,,,,,,,,,,,,,,,,,,,,,,,,,,,,,,,,,,,,,,,,,,,,,,,,,,,,,,,,,,,,,,,,,,,,,,,,,,,,,,,,,,,,,,,,,,,,,,
U19_v4,140,0,,,,,,,,,,,,,,,,,,,,,,,,,,,,,,,,,,,,,,,,,,,,,,,,,,,,,,,,,,,,,,,,,,,,,,,,,,,,,,,,,,,,,,,,,,,,,,,,,,,,,,,,,,,,,,,,,,,,,,,,,,,,,,,,,,,,
U19_v4,141,0,,,,,,,,,,,,,,,,,,,,,,,,,,,,,,,,,,,,,,,,,,,,,,,,,,,,,,,,,,,,,,,,,,,,,,,,,,,,,,,,,,,,,,,,,,,,,,,,,,,,,,,,,,,,,,,,,,,,,,,,,,,,,,,,,,,,
U19_v4,142,1,0.5323542356491089,0.3031611442565918,-0.26756998896598816,0.9987558126449585,0.5363478064537048,0.29578253626823425,-0.2377733290195465,0.998532772064209,0.5391963720321655,0.2957196831703186,-0.23789243400096893,0.9980813264846802,0.5418053269386292,0.29567474126815796,-0.23799167573451996,0.9982333183288574,0.5265918374061584,0.29541200399398804,-0.2549937069416046,0.9984462857246399,0.5211222767829895,0.2949223518371582,-0.255003422498703,0.9980047345161438,0.5145474076271057,0.2943926751613617,-0.2550922930240631,0.9981293082237244,0.5397873520851135,0.29733264446258545,-0.0513266995549202,0.9983068704605103,0.49773338437080383,0.2953266501426697,-0.12348522245883942,0.9986095428466797,0.5334492921829224,0.3115779757499695,-0.1929832398891449,0.99952232837677,0.5218232274055481,0.3105410635471344,-0.21426066756248474,0.9995357990264893,0.5656400322914124,0.33253443241119385,0.07780008018016815,0.9997506737709045,0.4522108733654022,0.32757124304771423,-0.10953271389007568,0.9996762275695801,0.6159246563911438,0.3756898045539856,-0.12958472967147827,0.9831067323684692,0.4440314769744873,0.3761700987815857,-0.3186028301715851,0.9900707602500916,0.5756906270980835,0.3408838212490082,-0.4428720772266388,0.9737908244132996,0.5191062688827515,0.3415164351463318,-0.5221555233001709,0.9858646392822266,0.5667943954467773,0.3319984972476959,-0.5015221834182739,0.9303279519081116,0.5437973141670227,0.3352084755897522,-0.5807839632034302,0.9619606137275696,0.5573519468307495,0.3289341926574707,-0.47616347670555115,0.9201726913452148,0.5430693626403809,0.32846155762672424,-0.5586045980453491,0.9556130170822144,0.5558885335922241,0.3309483230113983,-0.4405730664730072,0.9018641114234924,0.5350736379623413,0.3306916654109955,-0.5156455039978027,0.927166759967804,0.5006008148193359,0.4380386173725128,0.06873774528503418,0.999090313911438,0.4409273564815521,0.4310551881790161,-0.06858038157224655,0.9995123147964478,0.47189778089523315,0.5121532678604126,0.052314307540655136,0.8066893219947815,0.434159517288208,0.5144398808479309,-0.11913959681987762,0.9352946281433105,0.4089099168777466,0.5330711603164673,0.4673912227153778,0.4147052764892578,0.4204944372177124,0.5905992388725281,0.07766564935445786,0.9451102018356323,0.3921080231666565,0.5339780449867249,0.5062121748924255,0.5342304706573486,0.4150770902633667,0.6016298532485962,0.09119351208209991,0.8536903262138367,0.4132577180862427,0.5706559419631958,0.4189418852329254,0.5190659165382385,0.4443533718585968,0.6125017404556274,-0.07893669605255127,0.9154245257377625
U19_v4,143,1,0.5405079126358032,0.30836421251296997,-0.2411743551492691,0.9992496371269226,0.5438910126686096,0.30065006017684937,-0.21475595235824585,0.9987691044807434,0.5460942387580872,0.3004991412162781,-0.21483264863491058,0.998490571975708,0.5486714243888855,0.3004503846168518,-0.2149207890033722,0.9985598921775818,0.5334200859069824,0.3000341057777405,-0.2308509349822998,0.998469889163971,0.5276240706443787,0.29946208000183105,-0.23082681000232697,0.99815434217453,0.521210789680481,0.298842191696167,-0.23087655007839203,0.9981831908226013,0.5474537014961243,0.3015926480293274,-0.04665428400039673,0.998910665512085,0.5063657760620117,0.29980164766311646,-0.1136571541428566,0.9984241724014282,0.5410088300704956,0.31601786613464355,-0.1736757904291153,0.9995999932289124,0.5288910865783691,0.316058486700058,-0.19345524907112122,0.9994534850120544,0.5708987712860107,0.33562344312667847,0.08448146283626556,0.9998807907104492,0.4604882299900055,0.33144864439964294,-0.10228921473026276,0.9995124340057373,0.6189215779304504,0.38223889470100403,-0.03247246891260147,0.9749245047569275,0.4542543888092041,0.3821590840816498,-0.27373358607292175,0.9890727400779724,0.5925745368003845,0.3551170229911804,-0.26217153668403625,0.9570693969726562,0.531913697719574,0.35318660736083984,-0.44115182757377625,0.9903087019920349,0.5824947357177734,0.34676143527030945,-0.3064117133617401,0.8815404772758484,0.5520750880241394,0.34642863273620605,-0.49134573340415955,0.974682092666626,0.5728535652160645,0.341252863407135,-0.28509771823883057,0.8670914769172668,0.5499778985977173,0.3392111659049988,-0.47438064217567444,0.9710220694541931,0.5711410045623779,0.3440971374511719,-0.2591797709465027,0.8452640175819397,0.5448583960533142,0.3421703279018402,-0.43631917238235474,0.9487681984901428,0.5005931854248047,0.44157060980796814,0.051368456333875656,0.9997368454933167,0.43299269676208496,0.4359996020793915,-0.051263026893138885,0.999224066734314,0.5018888711929321,0.5106067657470703,-0.1590300351381302,0.9654316902160645,0.421835333108902,0.518475353717804,-0.06616055220365524,0.9308141469955444,0.4539108872413635,0.565834105014801,0.14248262345790863,0.9040616154670715,0.4166485071182251,0.5865813493728638,0.21392962336540222,0.9269987344741821,0.4387242794036865,0.5761299133300781,0.16727180778980255,0.8207528591156006,0.4151502251625061,0.592544674873352,0.23454105854034424,0.7193455100059509,0.46980321407318115,0.6034154295921326,0.01590813882648945,0.9154639840126038,0.419560968875885,0.6122726798057556,0.06476853787899017,0.9131471514701843
U19_v4,144,1,0.5503493547439575,0.3142409920692444,-0.37385639548301697,0.9988842606544495,0.5538045167922974,0.3062012791633606,-0.3491367697715759,0.9978585839271545,0.5557379126548767,0.30588650703430176,-0.34923645853996277,0.9974408149719238,0.5578458905220032,0.305627703666687,-0.34933313727378845,0.9973621964454651,0.5431225895881653,0.30578938126564026,-0.36814460158348083,0.9977501034736633,0.5371105074882507,0.3051486909389496,-0.36814698576927185,0.9974830746650696,0.5304691195487976,0.3044683337211609,-0.3681909739971161,0.9974479675292969,0.5546435713768005,0.30623966455459595,-0.1716129183769226,0.9968137145042419,0.5154998898506165,0.3047676682472229,-0.2497762143611908,0.9981170892715454,0.5495168566703796,0.32142090797424316,-0.301563024520874,0.998978853225708,0.5378463268280029,0.32174456119537354,-0.32460060715675354,0.998955249786377,0.5717665553092957,0.3374025821685791,-0.004136788658797741,0.999651312828064,0.4710890054702759,0.3385748863220215,-0.22800247371196747,0.99962317943573,0.6146510243415833,0.38330063223838806,-0.12323953211307526,0.8684317469596863,0.4711909890174866,0.3922181725502014,-0.3596063554286957,0.9912084341049194,0.6038013100624084,0.36794430017471313,-0.41902053356170654,0.8236920833587646,0.5449275970458984,0.36717280745506287,-0.4923517107963562,0.990666925907135,0.5994088649749756,0.3605360984802246,-0.474570095539093,0.7090021967887878,0.5679003000259399,0.3613198697566986,-0.5424408316612244,0.9778474569320679,0.5909797549247742,0.35500332713127136,-0.4639608860015869,0.6862931847572327,0.5670465230941772,0.3548019528388977,-0.5359939932823181,0.9749420285224915,0.5871062278747559,0.35660430788993835,-0.42366331815719604,0.6568290591239929,0.5606294870376587,0.35701441764831543,-0.49078208208084106,0.9542274475097656,0.5033103227615356,0.44347313046455383,0.05968846380710602,0.9993096590042114,0.43555834889411926,0.43945980072021484,-0.05963338911533356,0.9986087679862976,0.5165151953697205,0.5101829171180725,-0.07584080845117569,0.9778841733932495,0.4066716432571411,0.5163541436195374,-0.0812501311302185,0.9843851327896118,0.48192986845970154,0.5786761045455933,0.15298135578632355,0.9671507477760315,0.39938560128211975,0.5853846073150635,0.1532842367887497,0.9767892956733704,0.46277329325675964,0.5870733261108398,0.16867738962173462,0.9126012921333313,0.3928092122077942,0.5938474535942078,0.1691131591796875,0.8468716144561768,0.5141910314559937,0.6148567795753479,0.020003456622362137,0.9664825201034546,0.40801942348480225,0.6130964159965515,0.002892320277169347,0.9668930172920227
U19_v4,145,1,0.5577262043952942,0.31971463561058044,-0.43047991394996643,0.9997819066047668,0.5607393383979797,0.31084269285202026,-0.4030131995677948,0.9997559189796448,0.5633905529975891,0.3105473816394806,-0.4031308591365814,0.9996850490570068,0.565690815448761,0.31017398834228516,-0.4032447338104248,0.9996280670166016,0.5488313436508179,0.3106929659843445,-0.423968642950058,0.9997138381004333,0.5430036187171936,0.31052184104919434,-0.4240168631076813,0.9996438026428223,0.5366331338882446,0.31021416187286377,-0.4240433871746063,0.9996260404586792,0.561521589756012,0.31142228841781616,-0.20761878788471222,0.9994749426841736,0.5233220458030701,0.3114137649536133,-0.28929418325424194,0.9997743964195251,0.5572190880775452,0.32765448093414307,-0.35105547308921814,0.9997965693473816,0.5451631546020508,0.3272586166858673,-0.3748325705528259,0.9997153878211975,0.5761271119117737,0.34236884117126465,-0.002362677827477455,0.9998689889907837,0.4793080687522888,0.3477264642715454,-0.26432037353515625,0.9997363686561584,0.6096612811088562,0.38237228989601135,-0.12325751781463623,0.7092574834823608,0.47660359740257263,0.4040195345878601,-0.3135615885257721,0.9939426779747009,0.6056722402572632,0.3812327980995178,-0.48742783069610596,0.6946806311607361,0.5577746033668518,0.384695440530777,-0.33129820227622986,0.9927569031715393,0.6072640419006348,0.38245588541030884,-0.5539331436157227,0.5926371216773987,0.5837967395782471,0.3830762505531311,-0.3662892282009125,0.9803952574729919,0.6024550795555115,0.3751729130744934,-0.5539058446884155,0.5815742015838623,0.5822829008102417,0.37390100955963135,-0.3698459565639496,0.9778422117233276,0.5999884605407715,0.3751189708709717,-0.499099463224411,0.5641501545906067,0.5772272944450378,0.3742287755012512,-0.3288716971874237,0.957768976688385,0.5043382048606873,0.4437769949436188,0.06776940822601318,0.9997335076332092,0.4365119934082031,0.4416973888874054,-0.06771070510149002,0.9989457726478577,0.5264995694160461,0.5153402090072632,-0.20089685916900635,0.9821064472198486,0.39325183629989624,0.5220597982406616,-0.07612734287977219,0.9656527638435364,0.5136075615882874,0.5970569252967834,-0.028069183230400085,0.9619370698928833,0.38066667318344116,0.5904426574707031,0.1627989560365677,0.9198474884033203,0.4968626797199249,0.6074751615524292,-0.017575593665242195,0.8963715434074402,0.38156694173812866,0.5930694341659546,0.1808336228132248,0.6213652491569519,0.5507788062095642,0.6231051087379456,-0.17935293912887573,0.9559482336044312,0.3877143859863281,0.6162093281745911,0.024434298276901245,0.8949801921844482
U19_v4,146,1,0.5685832500457764,0.32312101125717163,-0.37482231855392456,0.9999302625656128,0.5701335668563843,0.314665824174881,-0.3414948284626007,0.9999228715896606,0.5719711184501648,0.3143080174922943,-0.3415686786174774,0.9999071359634399,0.5740965604782104,0.31394416093826294,-0.3415747880935669,0.9998830556869507,0.5602977871894836,0.31430697441101074,-0.36764606833457947,0.9999264478683472,0.5547007322311401,0.31383246183395386,-0.3677176833152771,0.999922513961792,0.5484580993652344,0.3135382831096649,-0.3677557706832886,0.9999264478683472,0.568757951259613,0.314934641122818,-0.13023141026496887,0.9997119307518005,0.5307652354240417,0.3154236078262329,-0.23786994814872742,0.9999656677246094,0.5688521862030029,0.3310079574584961,-0.2907204329967499,0.9998421669006348,0.5573192238807678,0.3302798271179199,-0.3217744827270508,0.9999020099639893,0.577987551689148,0.3473059833049774,0.08338170498609543,0.9998388290405273,0.48740604519844055,0.35257720947265625,-0.21183089911937714,0.9999196529388428,0.6037226915359497,0.384361207485199,-0.004139767028391361,0.6667070984840393,0.47556740045547485,0.4082332253456116,-0.18685612082481384,0.9974236488342285,0.6071563959121704,0.39321768283843994,-0.3865196108818054,0.6875653266906738,0.5711410045623779,0.3996327519416809,-0.12266477942466736,0.9936699271202087,0.6131723523139954,0.3986324071884155,-0.45584675669670105,0.6079162359237671,0.5983784198760986,0.40119263529777527,-0.14621266722679138,0.9803261756896973,0.607938289642334,0.3958521783351898,-0.46866902709007263,0.6143391132354736,0.5954175591468811,0.3920474052429199,-0.15902040898799896,0.9782424569129944,0.598874032497406,0.39249658584594727,-0.4050345718860626,0.5951826572418213,0.5845676064491272,0.39160579442977905,-0.11968444287776947,0.9628151655197144,0.5138772130012512,0.45157188177108765,0.08095859736204147,0.9996238946914673,0.4433082640171051,0.4484930634498596,-0.08078759908676147,0.9992707371711731,0.5312327146530151,0.5270404815673828,-0.05520595237612724,0.9674367308616638,0.3981829881668091,0.5189493298530579,-0.07337682694196701,0.9913722276687622,0.5376254916191101,0.611540675163269,0.0193928349763155,0.9822365045547485,0.3680596351623535,0.5909982919692993,0.09640508145093918,0.9839443564414978,0.5213268399238586,0.6258077621459961,0.015718212351202965,0.9250333905220032,0.3612267076969147,0.5972054600715637,0.103644959628582,0.8433440923690796,0.5763907432556152,0.6283525824546814,-0.16585369408130646,0.9779725074768066,0.37656092643737793,0.6173190474510193,-0.0829123705625534,0.9775598049163818
U19_v4,147,1,0.5764236450195312,0.32833996415138245,-0.4311237931251526,0.999661922454834,0.5780612826347351,0.32034164667129517,-0.39775529503822327,0.9994914531707764,0.5802006721496582,0.31999221444129944,-0.3978404998779297,0.9994218349456787,0.582766592502594,0.31962907314300537,-0.39787113666534424,0.9994096755981445,0.5676127076148987,0.319801926612854,-0.4207833707332611,0.9994780421257019,0.5615971684455872,0.31937581300735474,-0.4208168685436249,0.9993593096733093,0.5548338294029236,0.3188718557357788,-0.4208865761756897,0.9993513226509094,0.5773270726203918,0.32048630714416504,-0.18218368291854858,0.9979052543640137,0.5366562604904175,0.3201080858707428,-0.27806195616722107,0.9993792772293091,0.5766258239746094,0.33616703748703003,-0.3452080488204956,0.9992651343345642,0.5647058486938477,0.3359854817390442,-0.3728606700897217,0.9994552731513977,0.5914912819862366,0.35326793789863586,0.001223167055286467,0.9998151659965515,0.4919774532318115,0.3572200834751129,-0.24137626588344574,0.9995648264884949,0.5979337692260742,0.39385825395584106,-0.07622318714857101,0.6910553574562073,0.46820786595344543,0.41310885548591614,-0.3081616461277008,0.9947039484977722,0.6038436889648438,0.4111987054347992,-0.43431857228279114,0.7926661968231201,0.5577970743179321,0.4219501316547394,-0.3764697313308716,0.9830763339996338,0.6115068197250366,0.41929101943969727,-0.5081599354743958,0.7551618814468384,0.5868002772331238,0.42387789487838745,-0.4214620292186737,0.9579700231552124,0.6083455085754395,0.4142459034919739,-0.5301748514175415,0.7709172368049622,0.5909057855606079,0.4169885516166687,-0.4332079291343689,0.9556425213813782,0.6016232371330261,0.41122114658355713,-0.45422735810279846,0.7246003150939941,0.5816599130630493,0.4143807888031006,-0.37679168581962585,0.9213573932647705,0.5228928923606873,0.46223968267440796,0.059422776103019714,0.999862551689148,0.4495201110839844,0.4568654000759125,-0.0592593178153038,0.9993886947631836,0.5313132405281067,0.5356314182281494,-0.14176957309246063,0.9901432991027832,0.40692558884620667,0.5304368734359741,0.07402493059635162,0.9870185852050781,0.5301358699798584,0.6193771362304688,-0.07395641505718231,0.9929682612419128,0.356783926486969,0.5842267870903015,0.41657888889312744,0.9688851833343506,0.5152198672294617,0.6311308145523071,-0.07715821266174316,0.9545546174049377,0.3469974398612976,0.5871687531471252,0.44235312938690186,0.6931155323982239,0.5668637156486511,0.6417416334152222,-0.2880629599094391,0.9909651279449463,0.36174505949020386,0.6192739605903625,0.27305474877357483,0.9605659246444702
U19_v4,148,1,0.5808275938034058,0.3336348533630371,-0.5044788718223572,0.9996261596679688,0.5813019871711731,0.3256574869155884,-0.47081121802330017,0.9994033575057983,0.5835183262825012,0.32536017894744873,-0.4709281027317047,0.9993370175361633,0.586172342300415,0.3250197470188141,-0.47098278999328613,0.9992856383323669,0.5714268088340759,0.32526731491088867,-0.4973635971546173,0.9994797110557556,0.5657659769058228,0.3249594569206238,-0.4974580705165863,0.9994075298309326,0.5589522123336792,0.3245915174484253,-0.49757838249206543,0.9993502497673035,0.5806437134742737,0.3259555697441101,-0.23916350305080414,0.9962653517723083,0.539434552192688,0.32597672939300537,-0.35408660769462585,0.999524712562561,0.5817842483520508,0.341589093208313,-0.4116012156009674,0.9990271329879761,0.569973349571228,0.3417816162109375,-0.4447624087333679,0.9993807077407837,0.601551353931427,0.35815927386283875,-0.01802470162510872,0.999828577041626,0.4874410629272461,0.3644135594367981,-0.3013454079627991,0.9996433258056641,0.5999013185501099,0.40251800417900085,-0.06853916496038437,0.6523873805999756,0.45532697439193726,0.42127376794815063,-0.3772418200969696,0.9958906173706055,0.6009683012962341,0.42315539717674255,-0.43516963720321655,0.7937914133071899,0.5459573864936829,0.4352164566516876,-0.5149655342102051,0.9824701547622681,0.6021047830581665,0.43251124024391174,-0.5051485300064087,0.7831992506980896,0.5713702440261841,0.43950697779655457,-0.5704854726791382,0.9597398638725281,0.598179280757904,0.42786386609077454,-0.5339898467063904,0.8024473190307617,0.5767784118652344,0.4308875501155853,-0.5817000269889832,0.9575682282447815,0.5939290523529053,0.4227602779865265,-0.4565942883491516,0.7631519436836243,0.5693523287773132,0.4281625747680664,-0.5158836841583252,0.923292875289917,0.5267290472984314,0.4666353762149811,0.09069729596376419,0.9999241828918457,0.45743823051452637,0.4591001868247986,-0.09074041992425919,0.9996088147163391,0.5212470293045044,0.5448335409164429,-0.05700290575623512,0.9681316614151001,0.42927175760269165,0.5404638648033142,-0.08580832183361053,0.988263726234436,0.5073363184928894,0.6261528134346008,0.08609052747488022,0.9858834147453308,0.3576419949531555,0.5745298862457275,0.35426971316337585,0.9133696556091309,0.4907752275466919,0.6381821632385254,0.09240695089101791,0.9537225961685181,0.346839964389801,0.5715002417564392,0.3939826488494873,0.6290203928947449,0.5493631362915039,0.6474778056144714,-0.07166831195354462,0.9812291860580444,0.35368621349334717,0.6121675372123718,0.285354882478714,0.8999292850494385
U19_v4,149,1,0.5846718549728394,0.33814942836761475,-0.5764703154563904,0.9998856782913208,0.5860617160797119,0.329425573348999,-0.5388590693473816,0.9997777342796326,0.5881335735321045,0.3290647268295288,-0.5389888882637024,0.9997265934944153,0.5905249118804932,0.3287002444267273,-0.5390698313713074,0.9996945858001709,0.576261579990387,0.32916590571403503,-0.5659559369087219,0.9998326301574707,0.5701584815979004,0.3287854492664337,-0.566070020198822,0.9998160004615784,0.5639148354530334,0.32841789722442627,-0.5661401748657227,0.9997867941856384,0.5851436853408813,0.3302093744277954,-0.29571279883384705,0.9985707998275757,0.5448880791664124,0.3298376202583313,-0.4163753390312195,0.9998384714126587,0.5849578380584717,0.3464803695678711,-0.4807230234146118,0.9996424913406372,0.5733909010887146,0.34639108180999756,-0.5154096484184265,0.9997860789299011,0.6076383590698242,0.36403876543045044,-0.06575245410203934,0.9999362230300903,0.4865705072879791,0.3669933080673218,-0.35094520449638367,0.99979168176651,0.6112985610961914,0.41074180603027344,-0.10457092523574829,0.8511742949485779,0.44495487213134766,0.42153289914131165,-0.43592849373817444,0.9976871013641357,0.5947731733322144,0.4302142858505249,-0.4821350872516632,0.9444292187690735,0.5210184454917908,0.4421284794807434,-0.6228259801864624,0.9914876222610474,0.5878326296806335,0.4409145712852478,-0.560981273651123,0.9312031865119934,0.5490798354148865,0.44705572724342346,-0.6932215690612793,0.9806665778160095,0.5814427137374878,0.43559879064559937,-0.5937319397926331,0.9379379153251648,0.5550114512443542,0.4360252916812897,-0.7039474248886108,0.9796111583709717,0.5795726180076599,0.4322499930858612,-0.5051099061965942,0.9204186201095581,0.5490342378616333,0.43358826637268066,-0.6258296966552734,0.9623181223869324,0.5318424701690674,0.4732294976711273,0.10620466619729996,0.9999624490737915,0.4657982289791107,0.46706441044807434,-0.10630420595407486,0.9998036026954651,0.5220108032226562,0.5550567507743835,0.06165553629398346,0.9318636655807495,0.44754499197006226,0.5505610108375549,-0.11756907403469086,0.9925819635391235,0.47949570417404175,0.6231541037559509,0.2982555627822876,0.96295565366745,0.376970112323761,0.5718651413917542,0.36621570587158203,0.921174168586731,0.4581683278083801,0.6350217461585999,0.3163284659385681,0.9284654259681702,0.35518544912338257,0.5660375952720642,0.4135477542877197,0.687350332736969,0.5215777158737183,0.6480861902236938,0.20676189661026,0.9631391763687134,0.36458808183670044,0.6078467965126038,0.34978678822517395,0.8943450450897217
U19_v4,150,1,0.5828971862792969,0.33768999576568604,-0.5910943150520325,0.9999613761901855,0.5849208831787109,0.3293863534927368,-0.5596857070922852,0.999915599822998,0.5871486663818359,0.3289663791656494,-0.5597631335258484,0.9998972415924072,0.5897332429885864,0.3285844326019287,-0.5598208904266357,0.9998712539672852,0.5744431614875793,0.32913482189178467,-0.5818972587585449,0.9999449253082275,0.5686065554618835,0.32864242792129517,-0.5820523500442505,0.9999443292617798,0.5621883869171143,0.3281972408294678,-0.5821478962898254,0.9999375343322754,0.5875036716461182,0.33061128854751587,-0.34140273928642273,0.9996688365936279,0.5467748641967773,0.3300640881061554,-0.43954625725746155,0.9999719858169556,0.5838537216186523,0.34475982189178467,-0.5041281580924988,0.9999599456787109,0.5720850229263306,0.34550896286964417,-0.5324080586433411,0.9999808073043823,0.6119086146354675,0.36637794971466064,-0.11773370951414108,0.9999837875366211,0.487305611371994,0.3680799603462219,-0.36378782987594604,0.9999676942825317,0.6167962551116943,0.4206688404083252,-0.10899747163057327,0.9420672655105591,0.4288704991340637,0.4152098596096039,-0.39642468094825745,0.9986562728881836,0.5679502487182617,0.4412165880203247,-0.4000658690929413,0.9317489266395569,0.502320408821106,0.44223830103874207,-0.5305662155151367,0.9910021424293518,0.5580244064331055,0.4476805329322815,-0.4672715961933136,0.8962177634239197,0.5306611061096191,0.4499981701374054,-0.5912018418312073,0.9771439433097839,0.5535382628440857,0.4401445686817169,-0.49632957577705383,0.8994973301887512,0.5377388000488281,0.4417414367198944,-0.6053359508514404,0.9751694202423096,0.5544288754463196,0.4370654821395874,-0.41874417662620544,0.8786267638206482,0.5333597660064697,0.43923333287239075,-0.5343054533004761,0.9549505114555359,0.5332729816436768,0.4715809226036072,0.10331255197525024,0.9999263286590576,0.4675241708755493,0.4649416506290436,-0.10344211757183075,0.9997970461845398,0.519273579120636,0.5557078123092651,0.0604654885828495,0.9120736718177795,0.46359702944755554,0.5542715191841125,-0.18219350278377533,0.9906021356582642,0.46443626284599304,0.6199991703033447,0.34575626254081726,0.9414651393890381,0.38319894671440125,0.5862736701965332,0.1948743611574173,0.9362571835517883,0.44626209139823914,0.6300942897796631,0.3669736087322235,0.8987610936164856,0.3692501187324524,0.582627534866333,0.22952641546726227,0.7170516848564148,0.5025798678398132,0.6459850072860718,0.2463272362947464,0.9394223690032959,0.38210329413414,0.6223345994949341,0.11649340391159058,0.91938716173172
U19_v4,151,1,0.5796866416931152,0.33486321568489075,-0.5251865983009338,0.9999381303787231,0.5816736221313477,0.3264622688293457,-0.4967736005783081,0.999830961227417,0.5840938091278076,0.3261912167072296,-0.4968416690826416,0.9998108744621277,0.5869460105895996,0.3260352611541748,-0.496874064207077,0.999755322933197,0.5713177919387817,0.32601189613342285,-0.5106402635574341,0.9998694658279419,0.5656591057777405,0.3255070447921753,-0.5107617378234863,0.9998797178268433,0.5589655637741089,0.32512515783309937,-0.5108374953269958,0.9998714923858643,0.5849369764328003,0.327899307012558,-0.2989879846572876,0.9993836879730225,0.5423623323440552,0.32676830887794495,-0.3617420494556427,0.9999206066131592,0.58104008436203,0.3423500061035156,-0.4466480612754822,0.9999257326126099,0.5687729716300964,0.3427775502204895,-0.46470409631729126,0.9999655485153198,0.6133533716201782,0.3651060163974762,-0.11042848229408264,0.9999793767929077,0.48498111963272095,0.3635626435279846,-0.2699874937534332,0.9999628067016602,0.6177010536193848,0.41931048035621643,-0.08119896799325943,0.9411904215812683,0.4200925827026367,0.4087073504924774,-0.2765624523162842,0.9975455403327942,0.559374988079071,0.443447470664978,-0.3277263045310974,0.9355559349060059,0.4859122335910797,0.4388642907142639,-0.41448646783828735,0.9801661372184753,0.5438762903213501,0.4513686001300812,-0.39027073979377747,0.8939725756645203,0.5107450485229492,0.44923919439315796,-0.46782931685447693,0.9548896551132202,0.5412560105323792,0.4425167143344879,-0.4162019193172455,0.8967766165733337,0.5203021168708801,0.43994346261024475,-0.48285597562789917,0.9531169533729553,0.5429502725601196,0.4389033615589142,-0.3430114686489105,0.8711223006248474,0.5137465596199036,0.4360318183898926,-0.41888582706451416,0.9286348819732666,0.5333005785942078,0.4710593521595001,0.07888365536928177,0.9997634291648865,0.47049662470817566,0.4630923271179199,-0.0790194496512413,0.9996628761291504,0.5089489221572876,0.5558962821960449,0.07154220342636108,0.8881657123565674,0.47498804330825806,0.5526584386825562,-0.17317412793636322,0.9873273968696594,0.44541218876838684,0.6122589111328125,0.3652799427509308,0.9290139079093933,0.40275973081588745,0.5969496965408325,0.1071099042892456,0.9565215706825256,0.42957863211631775,0.6182641386985779,0.3872681260108948,0.8435003161430359,0.3856741786003113,0.5986487865447998,0.1305178850889206,0.7436999082565308,0.4663219153881073,0.6480252146720886,0.2629811763763428,0.9323351383209229,0.40800973773002625,0.6349737644195557,-0.011336881667375565,0.946807861328125
U19_v4,152,1,0.5761419534683228,0.33066704869270325,-0.5190590620040894,0.9999679327011108,0.5782946348190308,0.3213382363319397,-0.49208444356918335,0.999911904335022,0.5806929469108582,0.32079312205314636,-0.4921785295009613,0.9999042749404907,0.5835534334182739,0.32037097215652466,-0.49223604798316956,0.9998894929885864,0.5671084523200989,0.3219049572944641,-0.5052499771118164,0.9999207258224487,0.5608409643173218,0.3217320442199707,-0.5053545832633972,0.9999216794967651,0.5541841983795166,0.32161945104599,-0.5054242014884949,0.9999223947525024,0.5820015072822571,0.322528600692749,-0.29697418212890625,0.9997832179069519,0.5380418300628662,0.3233223557472229,-0.356870174407959,0.9999562501907349,0.5780147910118103,0.33834922313690186,-0.44078293442726135,0.9999749660491943,0.5655666589736938,0.3386046886444092,-0.45810291171073914,0.999987006187439,0.6117236614227295,0.3617018163204193,-0.10592873394489288,0.9999934434890747,0.4804656505584717,0.35860002040863037,-0.26088517904281616,0.9999816417694092,0.6191419363021851,0.41487881541252136,-0.09634597599506378,0.9807274341583252,0.4175506830215454,0.4036087095737457,-0.2537095248699188,0.9980502128601074,0.5617462992668152,0.4422013759613037,-0.37129127979278564,0.9744404554367065,0.48163869976997375,0.43850475549697876,-0.4012664556503296,0.9847735166549683,0.5480226874351501,0.4502878487110138,-0.4389170706272125,0.9538140892982483,0.5018965005874634,0.4492395222187042,-0.4576733708381653,0.9655882716178894,0.5408592820167542,0.4414817988872528,-0.4646495580673218,0.9534388780593872,0.5127860903739929,0.43998634815216064,-0.4782235622406006,0.9642577171325684,0.5417274832725525,0.43869367241859436,-0.3869912326335907,0.9372479319572449,0.5078470706939697,0.43680620193481445,-0.408171147108078,0.9459191560745239,0.5332450270652771,0.46304818987846375,0.0767386332154274,0.9997109770774841,0.46837911009788513,0.45717331767082214,-0.07673422247171402,0.9995388984680176,0.5092142820358276,0.5432557463645935,0.054069750010967255,0.7836456894874573,0.4960991442203522,0.5416017770767212,-0.21344618499279022,0.966977596282959,0.43524718284606934,0.6092869639396667,0.2669154703617096,0.7910457849502563,0.4262029528617859,0.6076439619064331,0.018160831183195114,0.878346860408783,0.4091934561729431,0.6161924004554749,0.2802793085575104,0.7103385329246521,0.403217077255249,0.6134983897209167,0.036703597754240036,0.6396636366844177,0.4570273458957672,0.6435658931732178,0.15126381814479828,0.8100723028182983,0.4457240700721741,0.643669605255127,-0.11095837503671646,0.8670562505722046
U19_v4,153,1,0.5698831081390381,0.32413172721862793,-0.41516563296318054,0.9999914169311523,0.5737165212631226,0.31549593806266785,-0.38757896423339844,0.9999673366546631,0.5762394070625305,0.31541121006011963,-0.3876064717769623,0.999964714050293,0.5795716047286987,0.3154965043067932,-0.3875997066497803,0.9999626874923706,0.5615358948707581,0.3144916892051697,-0.40027981996536255,0.9999734163284302,0.5555227398872375,0.31395262479782104,-0.40035057067871094,0.9999750852584839,0.5486208200454712,0.3134462237358093,-0.4003686010837555,0.9999784231185913,0.5789759755134583,0.3168554902076721,-0.20707809925079346,0.9998887777328491,0.5321946144104004,0.3146948218345642,-0.26717865467071533,0.999981164932251,0.5712990164756775,0.33277761936187744,-0.34365376830101013,0.9999889135360718,0.5569872260093689,0.33135467767715454,-0.3607613444328308,0.9999948740005493,0.6117150783538818,0.35699713230133057,-0.042957231402397156,0.9999940395355225,0.47145864367485046,0.3531520366668701,-0.1799452304840088,0.9999903440475464,0.621833086013794,0.4106636345386505,-0.027785345911979675,0.9876691699028015,0.4171847701072693,0.40214407444000244,-0.178365558385849,0.9976783394813538,0.5646506547927856,0.4411852955818176,-0.281133770942688,0.9874544143676758,0.474744975566864,0.44282805919647217,-0.31883519887924194,0.9832189679145813,0.5491294860839844,0.45154720544815063,-0.3426329791545868,0.9738191962242126,0.4972077012062073,0.45098400115966797,-0.3739522397518158,0.9635455012321472,0.5426546335220337,0.4432557225227356,-0.36974450945854187,0.9737425446510315,0.5053820013999939,0.44200098514556885,-0.38752156496047974,0.9631707072257996,0.5440467000007629,0.43909531831741333,-0.2960609197616577,0.9629111886024475,0.49986428022384644,0.4383907914161682,-0.3230501711368561,0.9496166706085205,0.5397403836250305,0.4617391526699066,0.07082254439592361,0.9998027682304382,0.47563502192497253,0.4531175494194031,-0.07077459245920181,0.9999052286148071,0.483733206987381,0.5418829917907715,0.059312134981155396,0.9278151988983154,0.5126716494560242,0.532959520816803,-0.31600844860076904,0.9903358221054077,0.40879184007644653,0.6127938032150269,0.24306760728359222,0.9727802276611328,0.4737880527973175,0.6071110963821411,-0.2080376148223877,0.9921004176139832,0.38884595036506653,0.6194917559623718,0.2521912157535553,0.9361284971237183,0.4586048126220703,0.6119108200073242,-0.20397095382213593,0.9512467980384827,0.42368972301483154,0.6470351815223694,0.1033407673239708,0.9572305083274841,0.47109222412109375,0.6467910408973694,-0.38071131706237793,0.9869174957275391
U19_v4,154,1,0.5647717714309692,0.3171316087245941,-0.5755539536476135,0.9999923706054688,0.5677759051322937,0.3076603412628174,-0.5476201176643372,0.999972939491272,0.5704842805862427,0.30748462677001953,-0.5476636290550232,0.9999698400497437,0.5736324191093445,0.3074195384979248,-0.5476943850517273,0.9999685287475586,0.5546185970306396,0.30751150846481323,-0.5659717917442322,0.9999781847000122,0.5478382110595703,0.3072713613510132,-0.566077709197998,0.9999774694442749,0.5407125353813171,0.3070973753929138,-0.5661583542823792,0.999980092048645,0.5732067227363586,0.3101959228515625,-0.34490880370140076,0.9998929500579834,0.5253092646598816,0.30977821350097656,-0.42996832728385925,0.9999784231185913,0.5675103068351746,0.326808899641037,-0.4938065707683563,0.9999922513961792,0.5526677966117859,0.3274349272251129,-0.5183367133140564,0.9999964237213135,0.6099708676338196,0.3531017303466797,-0.1429843157529831,0.9999946355819702,0.4645310640335083,0.35126426815986633,-0.3230210542678833,0.9999934434890747,0.6165525317192078,0.40967655181884766,-0.10651922971010208,0.9825039505958557,0.4169626832008362,0.40404921770095825,-0.2961340546607971,0.9970884919166565,0.562364399433136,0.44492435455322266,-0.3807462453842163,0.9787148237228394,0.47859740257263184,0.44663190841674805,-0.42163804173469543,0.9830082654953003,0.5441070795059204,0.4554537236690521,-0.4497625231742859,0.960310697555542,0.4991301894187927,0.45466679334640503,-0.4843240976333618,0.9633904695510864,0.5377572774887085,0.44621169567108154,-0.48420777916908264,0.9605094194412231,0.5094149708747864,0.44651734828948975,-0.5038570761680603,0.9626258015632629,0.5407360196113586,0.44199734926223755,-0.39916732907295227,0.9445656538009644,0.5042076706886292,0.4425317049026489,-0.4275265038013458,0.9419052600860596,0.5416228175163269,0.46336060762405396,0.08021263033151627,0.9996981620788574,0.47512996196746826,0.457182914018631,-0.08021853119134903,0.9999287128448486,0.47682055830955505,0.5433353185653687,0.17315226793289185,0.8118858933448792,0.5214628577232361,0.5409069061279297,-0.2698124647140503,0.9787878394126892,0.3947695195674896,0.6005709767341614,0.5342059135437012,0.9316194653511047,0.4970655143260956,0.6296204328536987,-0.12122994661331177,0.9889959096908569,0.37549644708633423,0.6034705638885498,0.5629679560661316,0.9096798300743103,0.4889789819717407,0.6397568583488464,-0.11410193890333176,0.9315574765205383,0.3983500301837921,0.6441669464111328,0.4116058647632599,0.9269490242004395,0.5230889916419983,0.6579626798629761,-0.33037295937538147,0.9801912307739258
U19_v4,155,1,0.5589245557785034,0.3144592046737671,-0.5837722420692444,0.9999915361404419,0.5599097609519958,0.30500954389572144,-0.5516868829727173,0.9999674558639526,0.5623084902763367,0.30466198921203613,-0.5517683029174805,0.9999686479568481,0.5652486085891724,0.3043561577796936,-0.5517948865890503,0.999962568283081,0.5481767654418945,0.3052855134010315,-0.5676543116569519,0.9999754428863525,0.5416624546051025,0.3053382933139801,-0.5677210092544556,0.9999754428863525,0.5351269245147705,0.30543291568756104,-0.5677831768989563,0.9999735355377197,0.5638659000396729,0.3065188527107239,-0.33415794372558594,0.9999020099639893,0.5171972513198853,0.3081412613391876,-0.407962441444397,0.9999563694000244,0.5624623894691467,0.32442259788513184,-0.49702683091163635,0.999984860420227,0.5485429763793945,0.3241962194442749,-0.5183517336845398,0.9999918937683105,0.607243001461029,0.35266825556755066,-0.13593457639217377,0.9999839067459106,0.45902329683303833,0.35309499502182007,-0.27173346281051636,0.999980092048645,0.6119160056114197,0.4084368944168091,-0.062157224863767624,0.9832941293716431,0.42329102754592896,0.40951216220855713,-0.2334747612476349,0.9943715333938599,0.5621553659439087,0.44752222299575806,-0.3139488399028778,0.9814274907112122,0.475140243768692,0.4519636929035187,-0.398617148399353,0.9785677790641785,0.5472907423973083,0.45922738313674927,-0.3804963529109955,0.965674877166748,0.49764296412467957,0.4604642689228058,-0.46586790680885315,0.9565215706825256,0.5379354953765869,0.451049268245697,-0.42356085777282715,0.9674915075302124,0.5049089789390564,0.45304247736930847,-0.4850148558616638,0.9567751884460449,0.5395613312721252,0.44724369049072266,-0.3345194160938263,0.9506163001060486,0.4989073872566223,0.44991597533226013,-0.40565282106399536,0.9355862140655518,0.5429701209068298,0.46367940306663513,0.061798110604286194,0.9993763566017151,0.47588297724723816,0.46109652519226074,-0.06176815554499626,0.9999309778213501,0.49819302558898926,0.5432172417640686,0.20478855073451996,0.9011326432228088,0.5126919150352478,0.5508930683135986,-0.24050047993659973,0.9886848330497742,0.39536964893341064,0.5767681002616882,0.6618282198905945,0.9243252277374268,0.5178616046905518,0.6399843692779541,-0.09050724655389786,0.9961393475532532,0.3765425682067871,0.5745260715484619,0.7016304135322571,0.9245641231536865,0.5212101936340332,0.648572564125061,-0.08452112227678299,0.9602880477905273,0.3866752088069916,0.6184655427932739,0.5685140490531921,0.931270182132721,0.5218490362167358,0.6695997714996338,-0.3162653148174286,0.9901193380355835
U19_v4,156,1,0.5510511994361877,0.31192365288734436,-0.650937557220459,0.999971866607666,0.55202317237854,0.3024550974369049,-0.6225626468658447,0.999901294708252,0.5550905466079712,0.3020172119140625,-0.6226561069488525,0.9998921155929565,0.5577505826950073,0.30166861414909363,-0.6227539777755737,0.9998871088027954,0.5387811660766602,0.30335748195648193,-0.6364628076553345,0.9999291896820068,0.5328105092048645,0.3037598133087158,-0.6365850567817688,0.9999290704727173,0.5262547731399536,0.3041735887527466,-0.6366965174674988,0.999936580657959,0.5577834248542786,0.30419468879699707,-0.422725111246109,0.9997779726982117,0.5113040208816528,0.3081619143486023,-0.48261556029319763,0.9999538660049438,0.5552058815956116,0.3210623264312744,-0.5710231065750122,0.9999793767929077,0.540636420249939,0.321459025144577,-0.5882598757743835,0.9999905824661255,0.6002647280693054,0.3526184856891632,-0.22237378358840942,0.9999873638153076,0.455504834651947,0.35576850175857544,-0.38695526123046875,0.9999856948852539,0.6040419340133667,0.4113476276397705,-0.21271786093711853,0.9717844724655151,0.4234817624092102,0.41895174980163574,-0.36038708686828613,0.9981691837310791,0.5634751319885254,0.4508175849914551,-0.4723449647426605,0.9612324237823486,0.4862014353275299,0.46269237995147705,-0.48590683937072754,0.986106276512146,0.5526231527328491,0.4652334749698639,-0.5429899096488953,0.9366838335990906,0.5061759948730469,0.47358646988868713,-0.550684928894043,0.9657653570175171,0.5446248650550842,0.4562014043331146,-0.5746633410453796,0.9380444884300232,0.514564573764801,0.46285805106163025,-0.5717618465423584,0.965908944606781,0.545221745967865,0.45089131593704224,-0.49130627512931824,0.9242676496505737,0.5090011358261108,0.459347665309906,-0.4934282898902893,0.9539024829864502,0.5396677255630493,0.4644176661968231,0.07361389696598053,0.999823272228241,0.47244369983673096,0.4637943506240845,-0.07357153296470642,0.999900221824646,0.5262956023216248,0.5388749241828918,0.10987377166748047,0.7726072669029236,0.5079063773155212,0.5532804131507874,-0.19064202904701233,0.9778414964675903,0.42433494329452515,0.5658906698226929,0.5355616807937622,0.6717430353164673,0.42685064673423767,0.5748292207717896,0.16521237790584564,0.9178401231765747,0.3988732099533081,0.5620700120925903,0.5733844637870789,0.5229705572128296,0.43843579292297363,0.596324622631073,0.1983555257320404,0.7834032773971558,0.4136405885219574,0.6038105487823486,0.467658668756485,0.6798107028007507,0.4584309458732605,0.6347638368606567,0.05950891226530075,0.8954914212226868
U19_v4,157,1,0.5425147414207458,0.31590890884399414,-0.6456874012947083,0.9998997449874878,0.5460866689682007,0.3064277172088623,-0.6200116276741028,0.9996734857559204,0.5490084886550903,0.30645856261253357,-0.6200964450836182,0.9996548891067505,0.5517260432243347,0.3064464330673218,-0.6201983094215393,0.9996187686920166,0.53105628490448,0.30612534284591675,-0.6310582756996155,0.9996939897537231,0.523644745349884,0.3060898184776306,-0.6311368346214294,0.9996755123138428,0.5168284177780151,0.3061833381652832,-0.6311899423599243,0.99967360496521,0.5511500835418701,0.30928027629852295,-0.420527845621109,0.9992953538894653,0.5021107792854309,0.310193806886673,-0.46953678131103516,0.9996277093887329,0.5461310148239136,0.3261069655418396,-0.564913809299469,0.9998830556869507,0.5293423533439636,0.3263620138168335,-0.5791721343994141,0.9999029636383057,0.5891320705413818,0.3539537787437439,-0.2282562404870987,0.9999281167984009,0.45246365666389465,0.36333441734313965,-0.3391418159008026,0.9997681975364685,0.6016674637794495,0.4109618067741394,-0.1508866399526596,0.9754369854927063,0.43259182572364807,0.42679089307785034,-0.293988972902298,0.9907763600349426,0.5675542950630188,0.4559582769870758,-0.3353598415851593,0.951694130897522,0.5003758668899536,0.4707971513271332,-0.4152263402938843,0.9572466611862183,0.5518730282783508,0.4716046154499054,-0.3918226361274719,0.8979238867759705,0.5165663957595825,0.4802829921245575,-0.4740234315395355,0.9164902567863464,0.5444611310958862,0.4648870527744293,-0.42984917759895325,0.8994406461715698,0.5256841778755188,0.4705420136451721,-0.49772515892982483,0.9165692925453186,0.5474749207496643,0.460115909576416,-0.35381409525871277,0.8842500448226929,0.5226290822029114,0.46804410219192505,-0.4248482286930084,0.8954357504844666,0.5401523113250732,0.46901649236679077,0.03168588504195213,0.9966809153556824,0.4688379168510437,0.4719462990760803,-0.03151398152112961,0.9971832633018494,0.5429613590240479,0.558941125869751,0.01778740994632244,0.7196669578552246,0.4948326349258423,0.5668426752090454,-0.09036058932542801,0.8183944225311279,0.5338983535766602,0.6452760696411133,0.26286229491233826,0.5726129412651062,0.5098114013671875,0.6517787575721741,0.12492845952510834,0.7560503482818604,0.5254145860671997,0.6510449051856995,0.2781643867492676,0.46328240633010864,0.5073013305664062,0.664332926273346,0.13801467418670654,0.47526469826698303,0.5540428757667542,0.6640505790710449,0.10656217485666275,0.5473416447639465,0.5182310342788696,0.6826393008232117,-0.07331692427396774,0.6558572053909302
U19_v4,158,1,0.5346711277961731,0.31513240933418274,-0.491752564907074,0.9998350143432617,0.5363132357597351,0.30557072162628174,-0.4603068232536316,0.9996843338012695,0.539901614189148,0.30545955896377563,-0.4604561924934387,0.9996449947357178,0.5426746606826782,0.30520081520080566,-0.4605666995048523,0.9996144771575928,0.5219718813896179,0.30614638328552246,-0.47641995549201965,0.9996582269668579,0.5151496529579163,0.306474506855011,-0.4764670431613922,0.9996044039726257,0.5084407329559326,0.30706924200057983,-0.47653722763061523,0.9995878338813782,0.5422505736351013,0.3087608218193054,-0.26028013229370117,0.9992793202400208,0.49483004212379456,0.3131740093231201,-0.3274824619293213,0.9997090697288513,0.5394861102104187,0.3243444859981537,-0.41267600655555725,0.9998780488967896,0.5226290225982666,0.32511675357818604,-0.4319974482059479,0.9999096393585205,0.5792988538742065,0.35590505599975586,-0.08153747767210007,0.9999253749847412,0.455534964799881,0.36462536454200745,-0.27191826701164246,0.9997770190238953,0.5874786972999573,0.4097212553024292,-0.11095279455184937,0.9378786683082581,0.4344773292541504,0.43306899070739746,-0.2647375762462616,0.9943740367889404,0.5732710361480713,0.4486660659313202,-0.4188781678676605,0.9311110973358154,0.5233737826347351,0.47606903314590454,-0.35152000188827515,0.9747371077537537,0.5683602690696716,0.4626575708389282,-0.4952058494091034,0.8962153792381287,0.5435854196548462,0.4818715751171112,-0.4066565930843353,0.9448268413543701,0.5632796883583069,0.4558165669441223,-0.5242236852645874,0.8997960686683655,0.5502229928970337,0.47082629799842834,-0.4274398684501648,0.9443567991256714,0.5619556903839111,0.45210203528404236,-0.4389641284942627,0.8870252966880798,0.5447978377342224,0.46827787160873413,-0.3573905825614929,0.9234007000923157,0.5324148535728455,0.4751277267932892,0.06375522166490555,0.9974061846733093,0.46147894859313965,0.47639894485473633,-0.0636385977268219,0.9962185025215149,0.5499199628829956,0.5615316033363342,0.02517530508339405,0.47774621844291687,0.4867342412471771,0.567160964012146,-0.08630727231502533,0.6859180927276611,0.5341416001319885,0.6367635130882263,0.2956838607788086,0.3258829712867737,0.4830821752548218,0.6501591205596924,0.14450229704380035,0.5347360372543335,0.5210197567939758,0.6469513177871704,0.31429263949394226,0.3312121033668518,0.478529155254364,0.6610718369483948,0.16045035421848297,0.3230384290218353,0.5689244866371155,0.6663012504577637,0.1635623723268509,0.32453998923301697,0.4997209310531616,0.6779600381851196,-0.03298709914088249,0.45627984404563904
U19_v4,159,1,0.5234615802764893,0.3137856125831604,-0.4127086102962494,0.9997115731239319,0.5268968343734741,0.3051157295703888,-0.3780515193939209,0.99965500831604,0.5305412411689758,0.30498576164245605,-0.37822866439819336,0.9995800852775574,0.5335760116577148,0.3049158751964569,-0.37833622097969055,0.9995908141136169,0.5114274621009827,0.30533361434936523,-0.3939618468284607,0.9996115565299988,0.5040118098258972,0.30555760860443115,-0.3939649164676666,0.9995030164718628,0.49754464626312256,0.3059486746788025,-0.3940817713737488,0.999525785446167,0.5341649651527405,0.30827680230140686,-0.16586370766162872,0.9994729161262512,0.48515716195106506,0.31087249517440796,-0.2285086065530777,0.9995113611221313,0.5288310647010803,0.3239061236381531,-0.32959142327308655,0.9998077750205994,0.5113113522529602,0.3252130150794983,-0.347586065530777,0.9998421669006348,0.5615618228912354,0.35203349590301514,0.01833312399685383,0.999768078327179,0.459028422832489,0.3636002540588379,-0.20106112957000732,0.999568521976471,0.5711284279823303,0.40478000044822693,-0.03806592896580696,0.8042349219322205,0.4592883288860321,0.43405815958976746,-0.23417983949184418,0.9869797229766846,0.5795670747756958,0.4254310429096222,-0.39229968190193176,0.8653193116188049,0.5538256764411926,0.4660915732383728,-0.33426228165626526,0.9677363634109497,0.5876960158348083,0.4395815134048462,-0.470486581325531,0.8443671464920044,0.571570634841919,0.4652042090892792,-0.3880879580974579,0.9402115345001221,0.5779054164886475,0.4353840947151184,-0.5038435459136963,0.8443517684936523,0.5764096975326538,0.45530787110328674,-0.41274580359458923,0.9389458298683167,0.5737588405609131,0.42969226837158203,-0.4165268838405609,0.8262054920196533,0.5692678689956665,0.45527103543281555,-0.34232988953590393,0.9098787307739258,0.5170832276344299,0.4790125787258148,0.06615292280912399,0.9971756935119629,0.4463106393814087,0.482716828584671,-0.06589764356613159,0.9971718192100525,0.5565710067749023,0.5615269541740417,-0.14205484092235565,0.839237630367279,0.4554426074028015,0.5829570293426514,-0.14353850483894348,0.9229413270950317,0.49648812413215637,0.6132357716560364,0.22514493763446808,0.29807260632514954,0.45663008093833923,0.6733127236366272,-0.02653297409415245,0.7997826337814331,0.4765392243862152,0.6138492822647095,0.2560074031352997,0.3366750478744507,0.44681277871131897,0.6748770475387573,-0.022006412968039513,0.5018731951713562,0.5067347288131714,0.6472707390785217,0.14584527909755707,0.32121574878692627,0.485418438911438,0.7094005942344666,-0.2177703082561493,0.7017425298690796
U19_v4,160,1,0.514106035232544,0.30635905265808105,-0.38876911997795105,0.9998675584793091,0.518492579460144,0.2976296544075012,-0.35022321343421936,0.9998924732208252,0.5231887102127075,0.2975853681564331,-0.3503265082836151,0.9998559951782227,0.5274124145507812,0.2975462079048157,-0.35041168332099915,0.9998427629470825,0.50262051820755,0.2980552911758423,-0.37030839920043945,0.9998669624328613,0.4960370659828186,0.2983707785606384,-0.370351105928421,0.9998273849487305,0.4896550476551056,0.29898160696029663,-0.370438814163208,0.9998294115066528,0.5285137891769409,0.3009105920791626,-0.12807029485702515,0.9997302889823914,0.4788610637187958,0.3041815757751465,-0.20856566727161407,0.9999045133590698,0.5220851302146912,0.3164774179458618,-0.30262646079063416,0.9999109506607056,0.5026519894599915,0.3178488612174988,-0.3257150948047638,0.9999158382415771,0.5541461110115051,0.34891024231910706,0.08739190548658371,0.9998213648796082,0.4544203579425812,0.35717320442199707,-0.2343147099018097,0.9998725652694702,0.5627597570419312,0.3995170295238495,0.02574467472732067,0.5142982602119446,0.4676535725593567,0.4199976623058319,-0.24521419405937195,0.9930791258811951,0.5824476480484009,0.4198448359966278,-0.3457675576210022,0.6459190249443054,0.5667945146560669,0.43496498465538025,-0.24965739250183105,0.9825701117515564,0.589434027671814,0.42651432752609253,-0.418742299079895,0.6568361520767212,0.5862972736358643,0.43304869532585144,-0.29186126589775085,0.96182781457901,0.5853167772293091,0.4183078706264496,-0.44648653268814087,0.6626521944999695,0.5876006484031677,0.42420265078544617,-0.31144392490386963,0.9606459140777588,0.5811092257499695,0.41641855239868164,-0.36915573477745056,0.6352478265762329,0.581403374671936,0.4235442280769348,-0.25267261266708374,0.9370161294937134,0.5142468214035034,0.47356700897216797,0.10080545395612717,0.9998437166213989,0.4392731785774231,0.47134828567504883,-0.10076067596673965,0.9996135830879211,0.5692834854125977,0.5532746315002441,-0.19586944580078125,0.9681677222251892,0.4366586208343506,0.5765157341957092,-0.15717969834804535,0.9693891406059265,0.517166256904602,0.6246576905250549,0.12043166905641556,0.8834877014160156,0.4107434153556824,0.6389052867889404,0.24605388939380646,0.8359906673431396,0.4912136495113373,0.6309142112731934,0.14464367926120758,0.8223940134048462,0.40463507175445557,0.646552324295044,0.28071677684783936,0.4724091589450836,0.5508506298065186,0.6670475006103516,-0.0039323302917182446,0.8775128722190857,0.42423754930496216,0.6732155084609985,0.12136392295360565,0.8191587924957275
U19_v4,161,1,0.5060681700706482,0.3002558648586273,-0.37249308824539185,0.9998786449432373,0.5088160634040833,0.2907651960849762,-0.33420032262802124,0.9998936653137207,0.5129367709159851,0.2904474139213562,-0.33429932594299316,0.9998576641082764,0.5160625576972961,0.29012706875801086,-0.33436110615730286,0.999822199344635,0.4934650957584381,0.2918012738227844,-0.3578631281852722,0.9998853206634521,0.486573189496994,0.29249507188796997,-0.3579690754413605,0.9998811483383179,0.48042336106300354,0.29337000846862793,-0.3580842614173889,0.9998835325241089,0.5160277485847473,0.29260408878326416,-0.10072214901447296,0.9997043013572693,0.46858522295951843,0.2982829213142395,-0.1970663219690323,0.9999525547027588,0.5128259062767029,0.3089973032474518,-0.28074929118156433,0.9998770952224731,0.4957745671272278,0.3099045753479004,-0.30858302116394043,0.9998914003372192,0.5430124998092651,0.34042108058929443,0.1370082050561905,0.9996193647384644,0.4489767551422119,0.34601718187332153,-0.2349410355091095,0.9999070167541504,0.5754122138023376,0.3911595940589905,0.07589414715766907,0.40205803513526917,0.4769260883331299,0.4069664478302002,-0.22606156766414642,0.9958298802375793,0.5570918321609497,0.40187013149261475,-0.27048590779304504,0.40015462040901184,0.5821381211280823,0.4098915457725525,-0.14793230593204498,0.9848597645759583,0.5641049146652222,0.4128241240978241,-0.33828356862068176,0.37582072615623474,0.597368597984314,0.40924328565597534,-0.18051405251026154,0.9626381397247314,0.5580664277076721,0.401741623878479,-0.3553273379802704,0.3840322196483612,0.5963613986968994,0.4020695090293884,-0.2021161913871765,0.9619397521018982,0.5589162111282349,0.3970476984977722,-0.29024654626846313,0.3752143085002899,0.5906026363372803,0.40175706148147583,-0.1496172696352005,0.94094318151474,0.5147875547409058,0.47105902433395386,0.1078738421201706,0.9994286894798279,0.43416935205459595,0.47180965542793274,-0.10776351392269135,0.998943030834198,0.5677125453948975,0.5564668774604797,-0.10343669354915619,0.9325587153434753,0.40609318017959595,0.5694554448127747,-0.14141754806041718,0.9698821902275085,0.5550085306167603,0.6492407917976379,0.12739557027816772,0.8997464776039124,0.36905205249786377,0.6478097438812256,0.1422877460718155,0.9175054430961609,0.539173424243927,0.6617353558540344,0.14006491005420685,0.835863471031189,0.3630943298339844,0.6556292772293091,0.16260898113250732,0.5807684063911438,0.6027081608772278,0.6809661388397217,-0.03762274235486984,0.8869554400444031,0.38140732049942017,0.6825610399246216,-0.038901083171367645,0.8910084962844849
U19_v4,162,1,0.4996957778930664,0.29470139741897583,-0.2465137541294098,0.9999477863311768,0.5012191534042358,0.28488731384277344,-0.20984388887882233,0.999969482421875,0.504485547542572,0.2843584716320038,-0.20989666879177094,0.9999663829803467,0.5075625777244568,0.2839697301387787,-0.2099761664867401,0.9999595880508423,0.48613104224205017,0.28658127784729004,-0.24096593260765076,0.9999483823776245,0.4794282913208008,0.28726136684417725,-0.24101440608501434,0.9999457597732544,0.47349148988723755,0.2879154682159424,-0.24106070399284363,0.9999289512634277,0.5073177814483643,0.287177175283432,0.018031248822808266,0.9999401569366455,0.45929059386253357,0.2928392291069031,-0.11359825730323792,0.9999831914901733,0.5053799748420715,0.3036315441131592,-0.1565552055835724,0.9999696016311646,0.488783061504364,0.3045249581336975,-0.19490878283977509,0.9999467134475708,0.540687084197998,0.33772265911102295,0.22681860625743866,0.9999117851257324,0.44085267186164856,0.3390078544616699,-0.20147541165351868,0.9999140501022339,0.5791140198707581,0.38725292682647705,0.036117471754550934,0.4844433665275574,0.507072925567627,0.3823205232620239,-0.1835254728794098,0.9935693740844727,0.5916412472724915,0.38453325629234314,-0.4202922284603119,0.5149360299110413,0.5874828100204468,0.3851035535335541,0.024463729932904243,0.9583349823951721,0.5996589064598083,0.38342204689979553,-0.4978933036327362,0.48087403178215027,0.6012939214706421,0.3850021958351135,0.008490968495607376,0.8939749598503113,0.5916732549667358,0.3785211443901062,-0.5017361044883728,0.4989207983016968,0.5948386192321777,0.3790125846862793,-0.017230018973350525,0.8925030827522278,0.5880794525146484,0.37902793288230896,-0.4389847218990326,0.49587544798851013,0.5884334444999695,0.37984535098075867,0.02345188893377781,0.8576383590698242,0.5154917240142822,0.4758424162864685,0.11008917540311813,0.9999476671218872,0.4274181127548218,0.4785018861293793,-0.11000292003154755,0.9996858835220337,0.5608742833137512,0.5705220103263855,-0.17988134920597076,0.9811586141586304,0.3892512023448944,0.5830813646316528,-0.13818727433681488,0.9801298379898071,0.5770950317382812,0.6689639091491699,-0.04784386232495308,0.955142617225647,0.36463192105293274,0.645410418510437,0.28075507283210754,0.7458087205886841,0.5641018748283386,0.683840811252594,-0.042794592678546906,0.8808339238166809,0.3587784767150879,0.6509984135627747,0.3173997104167938,0.3306575119495392,0.6260764598846436,0.6948292851448059,-0.22501248121261597,0.9323602914810181,0.390190988779068,0.679131805896759,0.17694933712482452,0.7021788954734802
U19_v4,163,1,0.49277472496032715,0.2939187288284302,-0.3907594680786133,0.9998764991760254,0.4977027475833893,0.28417423367500305,-0.359069287776947,0.9998892545700073,0.5021550059318542,0.28376948833465576,-0.3591890335083008,0.9998514652252197,0.5058602094650269,0.2832309603691101,-0.35933035612106323,0.9998546838760376,0.47979193925857544,0.2845185399055481,-0.3811402916908264,0.999848484992981,0.4722508490085602,0.28457170724868774,-0.3811694085597992,0.9997928738594055,0.46607211232185364,0.2847992777824402,-0.381225049495697,0.9997106194496155,0.508662223815918,0.285876601934433,-0.1275266706943512,0.999666690826416,0.45403432846069336,0.2891365885734558,-0.22294172644615173,0.9998960494995117,0.5007681250572205,0.3028026819229126,-0.2976340353488922,0.9999077320098877,0.4802168011665344,0.30363574624061584,-0.3257351815700531,0.9997900128364563,0.5436659455299377,0.3358311057090759,0.07694529742002487,0.9998594522476196,0.433346152305603,0.331756591796875,-0.28849250078201294,0.9997226595878601,0.60162752866745,0.3931599259376526,-0.1713392585515976,0.75923091173172,0.5001267194747925,0.3598300814628601,-0.5276815295219421,0.9915487170219421,0.5925462245941162,0.3647993803024292,-0.6178317070007324,0.8527222275733948,0.5717580914497375,0.3498520255088806,-0.6462637782096863,0.960246741771698,0.5886856317520142,0.36031636595726013,-0.6917148232460022,0.8254570364952087,0.5891647934913635,0.34781166911125183,-0.7055053114891052,0.915808916091919,0.578417956829071,0.3528643250465393,-0.6821954846382141,0.8277987837791443,0.5862449407577515,0.3471974730491638,-0.703063428401947,0.9103315472602844,0.5768765807151794,0.3549755811691284,-0.6273173093795776,0.8000965714454651,0.5766807794570923,0.3477054834365845,-0.6458165645599365,0.8791579604148865,0.5160040259361267,0.4751814901828766,0.10388846695423126,0.9999904632568359,0.43086326122283936,0.47429409623146057,-0.10388874262571335,0.9999041557312012,0.5544164180755615,0.5779323577880859,-0.009897563606500626,0.9752817749977112,0.40055906772613525,0.5796536803245544,-0.07268781960010529,0.9884629845619202,0.5727174282073975,0.6797463893890381,0.1327161341905594,0.9710720777511597,0.34234023094177246,0.5528565645217896,0.6004570126533508,0.43334144353866577,0.5557125806808472,0.6944153904914856,0.14393407106399536,0.8911177515983582,0.33646005392074585,0.5398714542388916,0.6734548807144165,0.22779808938503265,0.6171867251396179,0.7070576548576355,0.011536137200891972,0.9570602178573608,0.351570725440979,0.5733723640441895,0.6902008056640625,0.4694927930831909
U19_v4,164,1,0.4869404137134552,0.29311031103134155,-0.3940170407295227,0.999976634979248,0.4921971261501312,0.2845539450645447,-0.35540860891342163,0.9999780654907227,0.496268630027771,0.28417444229125977,-0.3554389178752899,0.9999679327011108,0.5011172890663147,0.28394901752471924,-0.35552215576171875,0.9999768733978271,0.47608819603919983,0.28580284118652344,-0.3736931085586548,0.9999690055847168,0.4685133099555969,0.2863616943359375,-0.3737103044986725,0.9999542236328125,0.4613272547721863,0.2870786190032959,-0.3737976849079132,0.9999380111694336,0.5047146677970886,0.2880695164203644,-0.12491912394762039,0.9999665021896362,0.448833703994751,0.29280033707618713,-0.20725835859775543,0.9999872446060181,0.4947144389152527,0.30310606956481934,-0.30620071291923523,0.9999932050704956,0.4761328399181366,0.3044666349887848,-0.33068063855171204,0.9999843835830688,0.5524260997772217,0.34570205211639404,0.014555037021636963,0.9999701976776123,0.413598895072937,0.3327464163303375,-0.29154789447784424,0.9999039173126221,0.6339269280433655,0.3914371728897095,-0.3364922106266022,0.988897979259491,0.4106792211532593,0.3349888324737549,-0.6951334476470947,0.9960272312164307,0.576932430267334,0.33948177099227905,-0.7403646111488342,0.9868533611297607,0.5231299996376038,0.3322780728340149,-0.8972121477127075,0.9458341598510742,0.566139817237854,0.32938748598098755,-0.8134884238243103,0.9685677289962769,0.5524885654449463,0.3258536458015442,-0.9610829949378967,0.8512070178985596,0.5588323473930359,0.32686305046081543,-0.7705067992210388,0.9666227102279663,0.5513298511505127,0.3262225091457367,-0.9331150054931641,0.8289271593093872,0.5574415326118469,0.33078914880752563,-0.734772801399231,0.9541623592376709,0.5431424379348755,0.331633597612381,-0.8906009197235107,0.801329493522644,0.5194867253303528,0.4816143214702606,0.10339183360338211,0.9999984502792358,0.43212011456489563,0.4779129922389984,-0.10358884185552597,0.99998939037323,0.5381566286087036,0.5919090509414673,-4.170090323896147e-05,0.9866199493408203,0.4182688295841217,0.5835174322128296,-0.08727946132421494,0.9938342571258545,0.5416073203086853,0.6831504106521606,0.2506151497364044,0.9763150215148926,0.3380427956581116,0.5816544890403748,0.607189416885376,0.6453292369842529,0.5237647891044617,0.6941871643066406,0.270731121301651,0.902635931968689,0.3280429244041443,0.5707314610481262,0.678017258644104,0.3087023198604584,0.587535560131073,0.7098528146743774,0.12017802149057388,0.9653945565223694,0.3075175881385803,0.6121556162834167,0.65275639295578,0.6793357133865356
U19_v4,165,1,0.48657628893852234,0.29110509157180786,-0.4302448034286499,0.9999891519546509,0.4927632510662079,0.2817714810371399,-0.3863067626953125,0.9999901056289673,0.49733486771583557,0.28163987398147583,-0.38628852367401123,0.9999855756759644,0.502379298210144,0.2815348207950592,-0.38632580637931824,0.9999890327453613,0.4737883508205414,0.28276073932647705,-0.40489262342453003,0.9999865293502808,0.4658011496067047,0.283535361289978,-0.40491926670074463,0.9999812841415405,0.45807284116744995,0.28469011187553406,-0.40501388907432556,0.9999750852584839,0.508461594581604,0.28602269291877747,-0.14219744503498077,0.9999881982803345,0.44780004024505615,0.2913793921470642,-0.22757123410701752,0.9999961853027344,0.4977482259273529,0.30242425203323364,-0.3394283354282379,0.9999973773956299,0.4748837649822235,0.30352190136909485,-0.36447304487228394,0.999995231628418,0.5547717213630676,0.34663477540016174,-0.017077619209885597,0.9999785423278809,0.41797295212745667,0.3385566771030426,-0.31449684500694275,0.9999397993087769,0.6340752243995667,0.3742809295654297,-0.40817445516586304,0.9938202500343323,0.37138640880584717,0.3095977306365967,-0.782224714756012,0.9978402853012085,0.5553141832351685,0.3232368230819702,-0.7850640416145325,0.9907492995262146,0.46622827649116516,0.32094860076904297,-1.0055986642837524,0.9468188881874084,0.5371289253234863,0.3106074929237366,-0.8617008328437805,0.9682665467262268,0.4866991639137268,0.31882333755493164,-1.0707534551620483,0.830592691898346,0.529776394367218,0.3108859658241272,-0.8043428659439087,0.964906632900238,0.49832338094711304,0.3263099193572998,-1.033779501914978,0.793951690196991,0.5290282964706421,0.318215012550354,-0.7742027044296265,0.9530261754989624,0.4894525110721588,0.32849735021591187,-0.9968254566192627,0.7693993449211121,0.5171411037445068,0.4856131076812744,0.11992520093917847,0.9999980926513672,0.4321223795413971,0.48287129402160645,-0.12025298923254013,0.9999884366989136,0.5315977931022644,0.5920952558517456,0.04062580317258835,0.980994462966919,0.436465859413147,0.5816385746002197,-0.08148086816072464,0.995159924030304,0.497683048248291,0.6795353293418884,0.39401358366012573,0.9807150363922119,0.346500039100647,0.5890426635742188,0.6040515899658203,0.8358805775642395,0.48040857911109924,0.6911103129386902,0.4234139323234558,0.9403279423713684,0.329555869102478,0.580278217792511,0.6720341444015503,0.5018534660339355,0.5492218136787415,0.7089650630950928,0.2745160758495331,0.9786164164543152,0.3126012086868286,0.6289008259773254,0.6173631548881531,0.8620213270187378
U19_v4,166,1,0.485088974237442,0.28562164306640625,-0.3995392918586731,0.9999912977218628,0.49119946360588074,0.27669191360473633,-0.3586926758289337,0.9999899864196777,0.4958517551422119,0.2765963077545166,-0.35864678025245667,0.999985933303833,0.5011675357818604,0.27666613459587097,-0.3586190938949585,0.9999887943267822,0.4717462956905365,0.27734339237213135,-0.374686062335968,0.999987006187439,0.46347761154174805,0.27807891368865967,-0.37465646862983704,0.999982476234436,0.45584413409233093,0.27902162075042725,-0.37473416328430176,0.9999784231185913,0.5086702108383179,0.28155186772346497,-0.13051283359527588,0.9999858140945435,0.4464053511619568,0.28491026163101196,-0.20388537645339966,0.9999945163726807,0.4979586899280548,0.2971605062484741,-0.31490957736968994,0.9999973773956299,0.4727470576763153,0.29688942432403564,-0.33636903762817383,0.9999959468841553,0.548504114151001,0.33617761731147766,-0.03483200818300247,0.9999765157699585,0.41372036933898926,0.3310874104499817,-0.2794508635997772,0.9999271631240845,0.6243655681610107,0.3525778651237488,-0.437287300825119,0.991392970085144,0.35330697894096375,0.29349827766418457,-0.7402390241622925,0.9981727600097656,0.541263222694397,0.3109878897666931,-0.8176034092903137,0.9914249181747437,0.4399987459182739,0.310189425945282,-0.9919312596321106,0.965836763381958,0.5196822285652161,0.29992300271987915,-0.9000530242919922,0.9754937291145325,0.4594343304634094,0.3175748884677887,-1.0612987279891968,0.8932493329048157,0.5120158195495605,0.3014606535434723,-0.8493926525115967,0.9727603793144226,0.4679955542087555,0.319613516330719,-1.0298402309417725,0.8704490661621094,0.5114932060241699,0.3084930181503296,-0.8096261620521545,0.9619096517562866,0.46428459882736206,0.3192600607872009,-0.9866424202919006,0.850334107875824,0.5221942663192749,0.47966012358665466,0.10197915136814117,0.9999964237213135,0.4350736737251282,0.47461941838264465,-0.10222994536161423,0.9999788999557495,0.5256434679031372,0.5843245387077332,-0.013427715748548508,0.9897106289863586,0.45297011733055115,0.5687820315361023,-0.05704498291015625,0.9954171180725098,0.4722249507904053,0.6737136840820312,0.24396654963493347,0.9868224859237671,0.3777369260787964,0.5990679860115051,0.5617185235023499,0.8472486734390259,0.44983789324760437,0.6865948438644409,0.2620154917240143,0.9404501914978027,0.3651737868785858,0.5935885906219482,0.6205851435661316,0.4759022891521454,0.5102818608283997,0.7076417207717896,0.09417621046304703,0.9864634275436401,0.37455514073371887,0.6430151462554932,0.5466946363449097,0.8738899827003479
U19_v4,167,1,0.48154059052467346,0.28072094917297363,-0.28670963644981384,0.9997499585151672,0.48863664269447327,0.2719709277153015,-0.250739187002182,0.999703586101532,0.49341288208961487,0.27178955078125,-0.25072458386421204,0.9996204376220703,0.49861958622932434,0.27161091566085815,-0.25069230794906616,0.9996451139450073,0.47065335512161255,0.2724260091781616,-0.25303635001182556,0.9995418787002563,0.4634203016757965,0.2727672755718231,-0.2530811131000519,0.9994553923606873,0.45580536127090454,0.27314919233322144,-0.25319215655326843,0.999451220035553,0.5052441358566284,0.27446067333221436,-0.041793424636125565,0.999729573726654,0.4444431662559509,0.27742695808410645,-0.05396229773759842,0.9998133778572083,0.49339187145233154,0.2913846969604492,-0.20817454159259796,0.9999034404754639,0.47100579738616943,0.29072248935699463,-0.21232886612415314,0.999897837638855,0.5426934957504272,0.3239412307739258,0.009464112110435963,0.9998422861099243,0.4102676212787628,0.31710124015808105,-0.0698576495051384,0.9997332692146301,0.5907243490219116,0.33340489864349365,-0.3755696713924408,0.9871078133583069,0.34021973609924316,0.2789713144302368,-0.4676363468170166,0.9942281246185303,0.5119178295135498,0.2996740937232971,-0.6603589057922363,0.9724871516227722,0.4219115376472473,0.29714035987854004,-0.7365121245384216,0.8894245028495789,0.4941357970237732,0.2891223728656769,-0.7348820567131042,0.9234829545021057,0.44082263112068176,0.3004022240638733,-0.8014881014823914,0.7227765917778015,0.4891732633113861,0.29041141271591187,-0.6843947768211365,0.9154190421104431,0.45096975564956665,0.3048239052295685,-0.7732641696929932,0.6905392408370972,0.4887470304965973,0.29765236377716064,-0.6507789492607117,0.8956136703491211,0.44905391335487366,0.3054887056350708,-0.7348446846008301,0.6940130591392517,0.5239436626434326,0.4621348977088928,0.055831942707300186,0.9998936653137207,0.4336469769477844,0.45811015367507935,-0.056069400161504745,0.9997709393501282,0.5091264843940735,0.5691865682601929,-0.07191146165132523,0.9149742126464844,0.4607083797454834,0.5560929179191589,-0.23245537281036377,0.9651777744293213,0.4602068066596985,0.6568679809570312,0.27341213822364807,0.8574400544166565,0.4178958535194397,0.6336687207221985,0.16458101570606232,0.7910097241401672,0.4425554573535919,0.6665789484977722,0.29800450801849365,0.5920761227607727,0.4031107425689697,0.6452891230583191,0.19630447030067444,0.41370242834091187,0.47361814975738525,0.6918307542800903,0.11056968569755554,0.8513340353965759,0.44647330045700073,0.6817853450775146,0.01096466463059187,0.8082674741744995
U19_v4,168,1,0.4789949357509613,0.2748255431652069,-0.4059010446071625,0.9990891218185425,0.48690637946128845,0.26671209931373596,-0.3725774586200714,0.9988929629325867,0.4916609525680542,0.2665448784828186,-0.37263715267181396,0.9985135197639465,0.496544748544693,0.2663235366344452,-0.372643381357193,0.9987015724182129,0.47253182530403137,0.2664334774017334,-0.3724420666694641,0.9986088871955872,0.46739819645881653,0.2662680149078369,-0.372405081987381,0.9980012774467468,0.46242228150367737,0.2660655379295349,-0.37251824140548706,0.9982932209968567,0.505416750907898,0.2689632177352905,-0.16160747408866882,0.9985962510108948,0.45599284768104553,0.2698894739151001,-0.16338756680488586,0.998996913433075,0.48927345871925354,0.2845151126384735,-0.3248336911201477,0.9994882345199585,0.47083693742752075,0.28384727239608765,-0.3255574405193329,0.9995943903923035,0.5430737733840942,0.3147205412387848,-0.11822722107172012,0.9987081289291382,0.4173988699913025,0.30436187982559204,-0.15794478356838226,0.9995504021644592,0.5641778111457825,0.3147176504135132,-0.5616068243980408,0.9749917984008789,0.34173136949539185,0.26832056045532227,-0.5649995803833008,0.9875808954238892,0.4989609718322754,0.28717559576034546,-0.8855144381523132,0.9326829314231873,0.4341793656349182,0.2924420237541199,-0.8934463262557983,0.887412965297699,0.48342499136924744,0.281105101108551,-0.9780969619750977,0.8562594652175903,0.4457692503929138,0.29548174142837524,-0.9732020497322083,0.7702955603599548,0.4782969057559967,0.28183287382125854,-0.9375672340393066,0.8483856320381165,0.4512189030647278,0.297229528427124,-0.9510092735290527,0.7511544823646545,0.482170969247818,0.28946787118911743,-0.8834856748580933,0.8247169256210327,0.45042240619659424,0.2999843955039978,-0.895550012588501,0.7280697226524353,0.5242056250572205,0.45465603470802307,0.04087415710091591,0.9991647005081177,0.43964672088623047,0.45191454887390137,-0.04093683138489723,0.9992485642433167,0.5024211406707764,0.5571971535682678,-0.035106439143419266,0.7177118062973022,0.4703620672225952,0.5490561723709106,-0.19686661660671234,0.9190775156021118,0.45605894923210144,0.6515417098999023,0.2784744203090668,0.6438611745834351,0.4608216881752014,0.6469854712486267,0.0389690063893795,0.8495613932609558,0.44132065773010254,0.6620436310768127,0.29845982789993286,0.5909835696220398,0.45534709095954895,0.6577403545379639,0.05121283233165741,0.6118873357772827,0.4759121835231781,0.6779485940933228,0.11106082797050476,0.699333667755127,0.48148342967033386,0.6770172119140625,-0.18880870938301086,0.8488496541976929
U19_v4,169,1,0.481090784072876,0.2747514247894287,-0.37113964557647705,0.999750554561615,0.49375417828559875,0.26415911316871643,-0.3415364921092987,0.9997732043266296,0.49966058135032654,0.2640288472175598,-0.3415680229663849,0.9996973276138306,0.5045673251152039,0.2638172507286072,-0.3415619432926178,0.9997242093086243,0.4762173891067505,0.264060378074646,-0.3392305076122284,0.9996398687362671,0.47154709696769714,0.2638830840587616,-0.33916059136390686,0.9994487166404724,0.4670222997665405,0.2637906074523926,-0.33924373984336853,0.9994885921478271,0.512089729309082,0.26525288820266724,-0.13616949319839478,0.9998030066490173,0.46290305256843567,0.2675952911376953,-0.12532702088356018,0.9998074173927307,0.4947991371154785,0.2824012041091919,-0.2902458906173706,0.9998931884765625,0.47408604621887207,0.28233760595321655,-0.2872946858406067,0.9998925924301147,0.555401086807251,0.3075563907623291,-0.09441110491752625,0.9996592998504639,0.4245149791240692,0.3055930733680725,-0.12635302543640137,0.9997199177742004,0.5509988069534302,0.2994821071624756,-0.551732063293457,0.9792806506156921,0.3494083285331726,0.27899354696273804,-0.5450498461723328,0.9851130247116089,0.49216288328170776,0.2703911364078522,-0.8886656761169434,0.9471849203109741,0.449165940284729,0.2845487594604492,-0.8799238801002502,0.8830835819244385,0.48270973563194275,0.26348671317100525,-0.9886180758476257,0.8874695301055908,0.4592706263065338,0.28699684143066406,-0.964178204536438,0.7588303089141846,0.47751384973526,0.26546162366867065,-0.9507376551628113,0.880869448184967,0.4677504003047943,0.29034125804901123,-0.9403302669525146,0.7275424599647522,0.4793066382408142,0.2680261731147766,-0.889147937297821,0.8609633445739746,0.4664302468299866,0.28986096382141113,-0.8817674517631531,0.6996293663978577,0.5333195924758911,0.45569008588790894,0.039985574781894684,0.9997668862342834,0.4429389238357544,0.45429515838623047,-0.04013239964842796,0.9996479749679565,0.5059826374053955,0.566752016544342,-0.05529226362705231,0.7711400985717773,0.473781019449234,0.5588220953941345,-0.120052769780159,0.9467542171478271,0.4655325710773468,0.6597192883491516,0.25703513622283936,0.8264471292495728,0.485727459192276,0.6612485647201538,0.15252818167209625,0.9177588820457458,0.4509689211845398,0.668312668800354,0.27636775374412537,0.7575640082359314,0.4860813021659851,0.6742958426475525,0.16850833594799042,0.7415357828140259,0.48278313875198364,0.691907525062561,0.07084488123655319,0.8465302586555481,0.5139549374580383,0.6960185766220093,-0.06786778569221497,0.9072774052619934
U19_v4,170,1,0.49010366201400757,0.27398014068603516,-0.42854997515678406,0.999748170375824,0.4998219907283783,0.26449713110923767,-0.38804391026496887,0.9997109770774841,0.5053277015686035,0.2646033763885498,-0.38811132311820984,0.9995611310005188,0.5105364322662354,0.2647473216056824,-0.3881409168243408,0.9995946288108826,0.48468685150146484,0.2641921043395996,-0.3879843056201935,0.9996908903121948,0.4804399907588959,0.2641908526420593,-0.3879094123840332,0.9995051622390747,0.4755573868751526,0.26432138681411743,-0.38794082403182983,0.9996035695075989,0.5165896415710449,0.26648008823394775,-0.15331600606441498,0.9996813535690308,0.4724101722240448,0.2665119767189026,-0.15317563712596893,0.9997575879096985,0.501074492931366,0.2817111015319824,-0.339468777179718,0.9998270869255066,0.48236119747161865,0.2803572416305542,-0.3396681249141693,0.9998961687088013,0.5593239068984985,0.3056628108024597,-0.12275096029043198,0.9989087581634521,0.4274948537349701,0.3065113127231598,-0.15218159556388855,0.9997212290763855,0.5577898025512695,0.2855454087257385,-0.6021478176116943,0.978010356426239,0.3501421809196472,0.2905336022377014,-0.6153799891471863,0.990397572517395,0.5126199126243591,0.26050978899002075,-0.9665242433547974,0.9361177086830139,0.46411576867103577,0.2902071475982666,-1.0084160566329956,0.9243674874305725,0.5053530931472778,0.2561800479888916,-1.0724060535430908,0.8692152500152588,0.48268598318099976,0.2905271351337433,-1.1129261255264282,0.8395162224769592,0.498797208070755,0.261299192905426,-1.0482509136199951,0.8613007068634033,0.4925173819065094,0.2937842607498169,-1.0756429433822632,0.8232632279396057,0.5005860328674316,0.26588767766952515,-0.9734217524528503,0.8429357409477234,0.48810848593711853,0.29356980323791504,-1.0065268278121948,0.7852050065994263,0.5435526371002197,0.4645686745643616,0.043213553726673126,0.9995070695877075,0.4511248469352722,0.4664766490459442,-0.043217889964580536,0.9997434020042419,0.5179741382598877,0.5784122943878174,0.0010380668099969625,0.8669542670249939,0.4826577305793762,0.5792059898376465,-0.17857052385807037,0.9823728799819946,0.5029045939445496,0.6455419659614563,0.5031396150588989,0.6119731068611145,0.5158199071884155,0.6892597675323486,0.06537876278162003,0.9622151255607605,0.48391711711883545,0.6530260443687439,0.5433523058891296,0.5759983062744141,0.5195550322532654,0.7048651576042175,0.07807854562997818,0.8393034338951111,0.5367230772972107,0.6804426312446594,0.3725687265396118,0.6832189559936523,0.5355418920516968,0.7193518280982971,-0.18244096636772156,0.9381687045097351
U19_v4,171,1,0.509159505367279,0.2677551805973053,-0.4140888452529907,0.9999353885650635,0.5210140347480774,0.2604825496673584,-0.3760598599910736,0.9998856782913208,0.5280370116233826,0.2613799571990967,-0.3760976195335388,0.9998177886009216,0.5347484946250916,0.2623293995857239,-0.37617531418800354,0.9998100399971008,0.499958872795105,0.25879573822021484,-0.37766969203948975,0.9999033212661743,0.4924936294555664,0.2586268186569214,-0.37758421897888184,0.9998667240142822,0.4854613244533539,0.258542001247406,-0.37765124440193176,0.9998772144317627,0.541978120803833,0.26649558544158936,-0.15427665412425995,0.9999126195907593,0.47369489073753357,0.26392894983291626,-0.16237704455852509,0.9999306201934814,0.5206159949302673,0.2791765630245209,-0.32784032821655273,0.9999446868896484,0.494090735912323,0.2780776023864746,-0.3308279812335968,0.9999665021896362,0.5677008032798767,0.3130515515804291,-0.16032975912094116,0.9990552067756653,0.43117961287498474,0.3117596507072449,-0.1352079212665558,0.9997866749763489,0.5780477523803711,0.27578505873680115,-0.6042019128799438,0.9901474118232727,0.3858988285064697,0.314383327960968,-0.5897108316421509,0.9796862006187439,0.5007238984107971,0.22988809645175934,-0.9343873858451843,0.9818258285522461,0.4812968373298645,0.31462717056274414,-0.9657308459281921,0.9502447843551636,0.48059871792793274,0.21639274060726166,-1.0339722633361816,0.9551883935928345,0.4981262981891632,0.317074179649353,-1.058875560760498,0.8909640312194824,0.4783109128475189,0.21412664651870728,-0.9964070320129395,0.9489005208015442,0.5129329562187195,0.31449949741363525,-1.0223040580749512,0.8759275078773499,0.48537251353263855,0.22190825641155243,-0.9332170486450195,0.9423049688339233,0.5085084438323975,0.3135450482368469,-0.9630616903305054,0.8548417091369629,0.5558909177780151,0.47864410281181335,0.004609375260770321,0.9998762607574463,0.4612712860107422,0.4814203977584839,-0.004854175262153149,0.9999179840087891,0.5457656383514404,0.6029291152954102,-0.12045378237962723,0.9620734453201294,0.4825793504714966,0.6056534051895142,-0.0013120010262355208,0.9690331816673279,0.5158443450927734,0.6394604444503784,0.6093108654022217,0.5098286271095276,0.537899911403656,0.7074165940284729,0.4085437059402466,0.9595368504524231,0.4989206790924072,0.6361007690429688,0.6770055890083313,0.3553585708141327,0.5517284870147705,0.7190506458282471,0.4414403438568115,0.7833925485610962,0.5425972938537598,0.690290093421936,0.5521360635757446,0.5772150754928589,0.5327631235122681,0.7496544122695923,0.2161550521850586,0.9338032007217407
U19_v4,172,1,0.5184811949729919,0.28148674964904785,-0.36101821064949036,0.9998838901519775,0.5297747254371643,0.2753545045852661,-0.32215291261672974,0.9997153878211975,0.5353251099586487,0.27611395716667175,-0.3221379816532135,0.9995311498641968,0.5409567952156067,0.2769407629966736,-0.3221975862979889,0.9994586110115051,0.510962188243866,0.27274149656295776,-0.32685112953186035,0.999810516834259,0.5036697387695312,0.2719774544239044,-0.32682478427886963,0.999782383441925,0.4972667098045349,0.27129268646240234,-0.3268825113773346,0.9998173117637634,0.5460718870162964,0.28166115283966064,-0.09011370688676834,0.9997887015342712,0.4828279912471771,0.2751814126968384,-0.11132816225290298,0.999874472618103,0.5254083871841431,0.2922949492931366,-0.26950961351394653,0.9998455047607422,0.5007330179214478,0.2905939221382141,-0.27653419971466064,0.9999066591262817,0.5769178867340088,0.318806529045105,-0.05010019987821579,0.9985477328300476,0.4318489134311676,0.32619404792785645,-0.0807814747095108,0.9996916055679321,0.6122952103614807,0.26382309198379517,-0.3452904522418976,0.989075779914856,0.4309602379798889,0.345743328332901,-0.5345951318740845,0.979738712310791,0.5267988443374634,0.214320570230484,-0.5569772124290466,0.9716634750366211,0.5191352367401123,0.32814502716064453,-0.9324847459793091,0.9696690440177917,0.4976665675640106,0.202490895986557,-0.6320626735687256,0.9189439415931702,0.5406265258789062,0.32629841566085815,-1.0292538404464722,0.9315956234931946,0.49154943227767944,0.20414051413536072,-0.6035982370376587,0.9084321856498718,0.5426204204559326,0.3231391906738281,-0.9904055595397949,0.9230232834815979,0.500244140625,0.20634713768959045,-0.5567261576652527,0.9026070833206177,0.535473108291626,0.3242571949958801,-0.927773118019104,0.8998134136199951,0.5708373785018921,0.4871937036514282,-0.006323827896267176,0.9998583793640137,0.4712080955505371,0.4909590780735016,0.006109229288995266,0.9999276399612427,0.5610271692276001,0.6122704148292542,-0.1645413190126419,0.983205258846283,0.48703300952911377,0.6176526546478271,-0.010709134861826897,0.9723358750343323,0.5629720091819763,0.6664048433303833,0.5496910214424133,0.6434975266456604,0.5522418022155762,0.7270911335945129,0.3609582781791687,0.9719355702400208,0.5585553646087646,0.6623536348342896,0.6151857376098633,0.33700042963027954,0.5706789493560791,0.7365927696228027,0.38939303159713745,0.8305407166481018,0.5734701156616211,0.7073043584823608,0.4807063937187195,0.6669356822967529,0.5402705669403076,0.7682095170021057,0.1567952036857605,0.9519652128219604
U19_v4,173,1,0.5271329879760742,0.2957034409046173,-0.42278170585632324,0.9998296499252319,0.5391371250152588,0.288206547498703,-0.38305535912513733,0.999514102935791,0.5441407561302185,0.288787305355072,-0.38296642899513245,0.9992048144340515,0.5502665638923645,0.2895807921886444,-0.3829789459705353,0.9991832375526428,0.5194398164749146,0.2868337631225586,-0.38758644461631775,0.9997580647468567,0.5117429494857788,0.2863379716873169,-0.38761821389198303,0.999721348285675,0.5039520859718323,0.28585904836654663,-0.38771945238113403,0.9997814297676086,0.5582089424133301,0.29398882389068604,-0.1485935002565384,0.9994392991065979,0.4896549880504608,0.2890939712524414,-0.17401152849197388,0.9998171925544739,0.5352098941802979,0.3068108856678009,-0.3314855694770813,0.9997138381004333,0.5098692178726196,0.30536288022994995,-0.33947986364364624,0.9998524188995361,0.5951458215713501,0.3287608027458191,-0.1048080325126648,0.9985600113868713,0.45049917697906494,0.33523255586624146,-0.15371206402778625,0.9998370409011841,0.635724663734436,0.26040884852409363,-0.3944682776927948,0.9955676198005676,0.44915473461151123,0.37591251730918884,-0.573257327079773,0.9716950058937073,0.5756403803825378,0.19604197144508362,-0.5775665044784546,0.9885285496711731,0.5546362996101379,0.3834910988807678,-0.9663082957267761,0.9663062691688538,0.5497040748596191,0.17993703484535217,-0.6573514342308044,0.9614092111587524,0.5730289220809937,0.39404115080833435,-1.0598973035812378,0.9367796778678894,0.5382624864578247,0.17960906028747559,-0.6324617266654968,0.9565548300743103,0.5806339383125305,0.39058294892311096,-1.0351511240005493,0.933186948299408,0.543691098690033,0.18564894795417786,-0.5807434916496277,0.958387553691864,0.5748407244682312,0.3871595859527588,-0.9663573503494263,0.9154065251350403,0.587418794631958,0.4975360631942749,-0.005438459105789661,0.9996700286865234,0.4834436774253845,0.503652811050415,0.005187288857996464,0.9998500347137451,0.5803716778755188,0.6169779300689697,-0.17949527502059937,0.9751521348953247,0.4975874423980713,0.6307964324951172,-0.021534020081162453,0.9650206565856934,0.6008309721946716,0.6889438033103943,0.4265444278717041,0.724835991859436,0.559018075466156,0.7397534847259521,0.3147105574607849,0.9646183848381042,0.5951279401779175,0.6872566938400269,0.4797876179218292,0.4871666431427002,0.5755545496940613,0.7531484961509705,0.3377722203731537,0.8186162710189819,0.6193276047706604,0.7325187921524048,0.3464084267616272,0.7673904895782471,0.5450652837753296,0.7803667783737183,0.11550313234329224,0.9485282301902771
U19_v4,174,1,0.5422685742378235,0.3130671977996826,-0.22669681906700134,0.999887228012085,0.5527684688568115,0.3025887608528137,-0.18322822451591492,0.9996821880340576,0.5572749376296997,0.3031589388847351,-0.18313243985176086,0.9995036125183105,0.5629916787147522,0.30396899580955505,-0.183119535446167,0.9995638728141785,0.5329993367195129,0.30088603496551514,-0.19145667552947998,0.9998378753662109,0.5248503684997559,0.3001578450202942,-0.19146184623241425,0.9998284578323364,0.5169026255607605,0.29947149753570557,-0.19148965179920197,0.9998787641525269,0.5691357851028442,0.30928289890289307,0.03617032617330551,0.9992985725402832,0.49997496604919434,0.30231234431266785,-0.004477018490433693,0.9998809099197388,0.5508350133895874,0.3246251344680786,-0.14369159936904907,0.9996961355209351,0.5248481035232544,0.32201772928237915,-0.15634609758853912,0.9998408555984497,0.5989310145378113,0.3432055413722992,0.0669439360499382,0.9993792772293091,0.46572166681289673,0.3535379469394684,-0.027859190478920937,0.9998929500579834,0.6523581743240356,0.2800648808479309,-0.15411382913589478,0.9855403304100037,0.5076353549957275,0.40207988023757935,-0.36138713359832764,0.9633098244667053,0.6486024260520935,0.2019171118736267,-0.29001525044441223,0.9790260791778564,0.5884493589401245,0.42913854122161865,-0.6586522459983826,0.9704551100730896,0.6366894841194153,0.18039628863334656,-0.3603655993938446,0.9482077360153198,0.6097172498703003,0.4428417682647705,-0.7427734732627869,0.945866048336029,0.6261310577392578,0.17849019169807434,-0.34182655811309814,0.9427030086517334,0.6179126501083374,0.4369114637374878,-0.736336350440979,0.9440147876739502,0.6273612380027771,0.18645474314689636,-0.2961585819721222,0.9447528719902039,0.6122731566429138,0.43334391713142395,-0.664278507232666,0.9295529127120972,0.6064175367355347,0.5031288266181946,-0.009445755742490292,0.9997851252555847,0.5069917440414429,0.5121979117393494,0.00919259898364544,0.9997696280479431,0.6125026941299438,0.6204196214675903,-0.09427901357412338,0.9936360120773315,0.49880510568618774,0.6365779638290405,-0.007357178721576929,0.9840028882026672,0.652138888835907,0.7276062369346619,0.23138058185577393,0.9789086580276489,0.5494589805603027,0.7280133962631226,0.32585272192955017,0.9795100092887878,0.6503680944442749,0.7388246655464172,0.2512834370136261,0.7704638242721558,0.5683017373085022,0.7379786372184753,0.34747353196144104,0.8727590441703796,0.6596718430519104,0.7674791812896729,0.023327503353357315,0.9707851409912109,0.5302196145057678,0.7753256559371948,0.13890120387077332,0.9746884107589722
U19_v4,175,1,0.5569779872894287,0.3220726251602173,-0.28711000084877014,0.9999908208847046,0.5659878849983215,0.3142305314540863,-0.2408728301525116,0.9999690055847168,0.5716521739959717,0.31464827060699463,-0.24080796539783478,0.9999569654464722,0.5777969360351562,0.3152499496936798,-0.24075591564178467,0.9999504089355469,0.5472108721733093,0.3123566210269928,-0.25551819801330566,0.9999862909317017,0.5388162136077881,0.31154757738113403,-0.2555255889892578,0.9999862909317017,0.5308765769004822,0.31057512760162354,-0.25549712777137756,0.9999887943267822,0.582706093788147,0.31976354122161865,0.0061622504144907,0.9999337196350098,0.5151276588439941,0.3145478367805481,-0.060971733182668686,0.9999945163726807,0.5630218982696533,0.3349454402923584,-0.19347000122070312,0.9999722242355347,0.5369609594345093,0.3321957290172577,-0.21337546408176422,0.99998939037323,0.6170692443847656,0.35740798711776733,0.06499916315078735,0.999911904335022,0.46909481287002563,0.3750782907009125,-0.03223809599876404,0.9999725818634033,0.6854665279388428,0.30092769861221313,-0.2049010694026947,0.9885302186012268,0.5055145025253296,0.43356555700302124,-0.2879425287246704,0.9811353087425232,0.7369028925895691,0.22523292899131775,-0.541458785533905,0.979686439037323,0.5865972638130188,0.48112112283706665,-0.5997039675712585,0.9812399744987488,0.7402113080024719,0.20324984192848206,-0.642192542552948,0.9573151469230652,0.6083524227142334,0.49782201647758484,-0.6877270936965942,0.962997317314148,0.7275842428207397,0.19951850175857544,-0.6441068649291992,0.9542365670204163,0.6205214262008667,0.49201273918151855,-0.6989399790763855,0.9625641703605652,0.7251743078231812,0.20906278491020203,-0.5615680813789368,0.9561602473258972,0.6164596676826477,0.4877944886684418,-0.6104041337966919,0.9492791295051575,0.6233164072036743,0.5203067660331726,-0.02884291112422943,0.999955415725708,0.524061381816864,0.5266819000244141,0.028800886124372482,0.9999229907989502,0.6340053081512451,0.6317098140716553,-0.30124226212501526,0.9925346374511719,0.47048094868659973,0.6517901420593262,-0.10310632735490799,0.9838742017745972,0.6993028521537781,0.7522257566452026,-0.08253535628318787,0.9789825677871704,0.5296843647956848,0.730423092842102,0.3041934669017792,0.9539948105812073,0.7056925296783447,0.7678090333938599,-0.07523401826620102,0.7246627807617188,0.5529013276100159,0.7418968081474304,0.3322470784187317,0.8413854837417603,0.6936036944389343,0.7983181476593018,-0.3463887870311737,0.9700055718421936,0.49088194966316223,0.7768570184707642,0.13621969521045685,0.9462248682975769
U19_v4,176,1,0.5781190991401672,0.3329179883003235,-0.5517688393592834,0.9999876022338867,0.5875059366226196,0.323764443397522,-0.5012598037719727,0.9999418258666992,0.5945465564727783,0.32443827390670776,-0.5012266039848328,0.9999305009841919,0.6008927226066589,0.3253437280654907,-0.5012367963790894,0.999923586845398,0.5689594745635986,0.32192784547805786,-0.517264187335968,0.9999706745147705,0.5617048740386963,0.32130804657936096,-0.517292857170105,0.9999700784683228,0.5539055466651917,0.32058003544807434,-0.5173148512840271,0.9999703168869019,0.6055286526679993,0.3309183716773987,-0.23497161269187927,0.999864935874939,0.5373040437698364,0.32388901710510254,-0.30731478333473206,0.9999784231185913,0.5852683186531067,0.3462558388710022,-0.45234614610671997,0.9999439716339111,0.5593190789222717,0.34279513359069824,-0.4735996723175049,0.9999672174453735,0.642238438129425,0.3673354387283325,-0.1211700439453125,0.9999047517776489,0.48384296894073486,0.3873691260814667,-0.2260221242904663,0.9998249411582947,0.7509216666221619,0.3291921019554138,-0.2551777958869934,0.9937512278556824,0.5075273513793945,0.46079546213150024,-0.42626050114631653,0.9492018222808838,0.8123540878295898,0.26929399371147156,-0.4956113398075104,0.974770724773407,0.5579782128334045,0.5190849900245667,-0.7271048426628113,0.9204466342926025,0.8325856924057007,0.24824810028076172,-0.5693892240524292,0.9270548820495605,0.5790485739707947,0.5405229926109314,-0.8064943552017212,0.8504461646080017,0.8151994347572327,0.24120867252349854,-0.5864318609237671,0.9267256855964661,0.5890856981277466,0.5371667146682739,-0.8307010531425476,0.8495808243751526,0.8051877021789551,0.2525428831577301,-0.5180090665817261,0.9313691258430481,0.590792179107666,0.5274664759635925,-0.7430905103683472,0.8230929970741272,0.6425633430480957,0.538520872592926,-0.028117289766669273,0.9999419450759888,0.5367388725280762,0.5433955788612366,0.028048722073435783,0.9998291730880737,0.6712591052055359,0.6449271440505981,-0.36872538924217224,0.9952072501182556,0.45257019996643066,0.656231701374054,-0.00767692644149065,0.9888651371002197,0.7407675981521606,0.7677183151245117,-0.21183030307292938,0.9917252063751221,0.5069012641906738,0.7340418100357056,0.5029463768005371,0.9634889364242554,0.7537349462509155,0.7829803228378296,-0.21294942498207092,0.8134276866912842,0.5347275137901306,0.7436559200286865,0.5403826236724854,0.8793585300445557,0.7193454504013062,0.8125644326210022,-0.5367949604988098,0.9853691458702087,0.4623788595199585,0.7778496742248535,0.355657696723938,0.9559090733528137
U19_v4,177,1,0.6189232468605042,0.3343263268470764,-0.5458727478981018,0.9999985694885254,0.6255549192428589,0.32582157850265503,-0.4933933913707733,0.9999918937683105,0.6315070390701294,0.3264917731285095,-0.49345529079437256,0.9999921321868896,0.6371728181838989,0.3273053467273712,-0.49351805448532104,0.9999899864196777,0.6088112592697144,0.3238331079483032,-0.5126515626907349,0.9999939203262329,0.6011317372322083,0.3232879042625427,-0.5126005411148071,0.9999939203262329,0.5923943519592285,0.32261544466018677,-0.5125030875205994,0.999993085861206,0.6378348469734192,0.33255210518836975,-0.22350740432739258,0.9999804496765137,0.5694869756698608,0.32758206129074097,-0.3055371046066284,0.999995231628418,0.624617874622345,0.347205251455307,-0.44645681977272034,0.9999958276748657,0.6010414958000183,0.3445565104484558,-0.4705171287059784,0.9999971389770508,0.6804986000061035,0.3837427496910095,-0.11260372400283813,0.9999911785125732,0.501334547996521,0.3979284167289734,-0.17718777060508728,0.9999566078186035,0.81104975938797,0.37498748302459717,-0.3263525068759918,0.9979826211929321,0.5003340840339661,0.48090121150016785,-0.18615317344665527,0.9851793646812439,0.8973164558410645,0.33751380443573,-0.7883318662643433,0.992717981338501,0.5171544551849365,0.5640727877616882,-0.37749388813972473,0.9677755832672119,0.9141610860824585,0.32353198528289795,-0.8953960537910461,0.9746101498603821,0.5338030457496643,0.582045316696167,-0.44356489181518555,0.9233323931694031,0.9016199111938477,0.31936877965927124,-0.9202111959457397,0.975209653377533,0.5411822199821472,0.5790796875953674,-0.4947558343410492,0.9227572679519653,0.8950080871582031,0.32498419284820557,-0.8178655505180359,0.9730249047279358,0.5392094254493713,0.5733340978622437,-0.40043315291404724,0.9034709930419922,0.650097131729126,0.5537658333778381,-0.02677464857697487,0.9999672174453735,0.5368127822875977,0.5558494329452515,0.02657005377113819,0.9999133348464966,0.7073692679405212,0.6624186635017395,-0.2263413965702057,0.9972816705703735,0.43198704719543457,0.6691818833351135,-0.055297475308179855,0.9976486563682556,0.7827053070068359,0.7722536325454712,0.2123306542634964,0.9940832257270813,0.47590118646621704,0.7361250519752502,0.5876024961471558,0.9899291396141052,0.78525310754776,0.7834042310714722,0.2416110634803772,0.8738489151000977,0.506869912147522,0.7427466511726379,0.6401276588439941,0.9342610836029053,0.7861130237579346,0.8075870275497437,-0.03729262948036194,0.9887413382530212,0.4402085542678833,0.7814823389053345,0.4526197016239166,0.98322993516922
U19_v4,178,1,0.6704097390174866,0.33696678280830383,-0.6177148222923279,0.9999997615814209,0.6784688234329224,0.32821759581565857,-0.5679941177368164,0.9999990463256836,0.6836092472076416,0.32919031381607056,-0.5681431293487549,0.9999991655349731,0.688086748123169,0.3301171660423279,-0.5682463645935059,0.999998927116394,0.6608504056930542,0.32562804222106934,-0.5839922428131104,0.9999990463256836,0.6526566743850708,0.32472285628318787,-0.5839079022407532,0.9999988079071045,0.6428637504577637,0.32372933626174927,-0.5837352871894836,0.9999983310699463,0.6855226159095764,0.33501186966896057,-0.2973855435848236,0.9999974966049194,0.6175868511199951,0.3283464312553406,-0.366505891084671,0.9999990463256836,0.6733996868133545,0.3500747084617615,-0.5192946791648865,0.9999997615814209,0.6510834693908691,0.3478392958641052,-0.5391075611114502,0.9999997615814209,0.7187559008598328,0.39875540137290955,-0.1571466028690338,0.9999995231628418,0.5299493670463562,0.40222495794296265,-0.22046372294425964,0.9999945163726807,0.825786828994751,0.4276450276374817,-0.3596280813217163,0.998234748840332,0.4912923276424408,0.48417192697525024,-0.1914454996585846,0.9925178289413452,0.9413919448852539,0.4208303689956665,-0.8897062540054321,0.9973735809326172,0.44636309146881104,0.5705069899559021,-0.38717296719551086,0.9816059470176697,0.9753029346466064,0.4173070788383484,-1.0025182962417603,0.9921051263809204,0.4503539204597473,0.5917823314666748,-0.4460437595844269,0.9569268226623535,0.9668650031089783,0.4107591211795807,-1.0544732809066772,0.9929817914962769,0.4627140760421753,0.5891891121864319,-0.5181253552436829,0.9583786725997925,0.9539791345596313,0.4125332832336426,-0.9281379580497742,0.9907195568084717,0.46497485041618347,0.5827073454856873,-0.41783520579338074,0.946647584438324,0.6599636673927307,0.5656991600990295,0.009734132327139378,0.9999973773956299,0.5391288995742798,0.5655372142791748,-0.00977388210594654,0.9999852180480957,0.7390361428260803,0.684073805809021,-0.20757046341896057,0.998101532459259,0.43311429023742676,0.6778271794319153,0.031092403456568718,0.9980233907699585,0.8136746883392334,0.7954917550086975,0.0908232107758522,0.9971984624862671,0.4460638165473938,0.7438910007476807,0.8027358651161194,0.9757545590400696,0.8103743195533752,0.8133276700973511,0.10587155818939209,0.9420680403709412,0.46874114871025085,0.7502164840698242,0.869321882724762,0.8174411654472351,0.8629206418991089,0.8284229636192322,-0.1905154138803482,0.9928984642028809,0.4138730466365814,0.7837797999382019,0.6937596797943115,0.9625635147094727
U19_v4,179,1,0.7258706092834473,0.3487228751182556,-0.6649000644683838,0.9999974966049194,0.7333764433860779,0.3396630883216858,-0.6209503412246704,0.9999921321868896,0.7379459142684937,0.34086722135543823,-0.6211498379707336,0.9999918937683105,0.7420533895492554,0.3421754240989685,-0.6213027238845825,0.9999924898147583,0.7157316207885742,0.33581799268722534,-0.631730854511261,0.9999899864196777,0.707377016544342,0.3342324495315552,-0.6316836476325989,0.9999840259552002,0.6985268592834473,0.3327949643135071,-0.6315102577209473,0.9999793767929077,0.7357132434844971,0.3463452458381653,-0.3497886061668396,0.9999802112579346,0.6718588471412659,0.3350287675857544,-0.3961782455444336,0.9999715089797974,0.7247061133384705,0.362102210521698,-0.5631816983222961,0.9999979734420776,0.7051582932472229,0.3577020466327667,-0.5765122175216675,0.9999964237213135,0.7668560147285461,0.4170406460762024,-0.2015468329191208,0.9999994039535522,0.5686498880386353,0.4020898640155792,-0.20440395176410675,0.9999932050704956,0.8449766635894775,0.4774843454360962,-0.2788196802139282,0.9954468607902527,0.4780712127685547,0.4699230194091797,-0.0959242507815361,0.9931210875511169,0.945886492729187,0.5086053013801575,-0.7438117861747742,0.994135856628418,0.3846814036369324,0.5257570743560791,-0.28965064883232117,0.9866026639938354,0.9835507273674011,0.5118421316146851,-0.8384068608283997,0.9859623312950134,0.3624521791934967,0.5454155802726746,-0.34171822667121887,0.9699544310569763,0.9824579954147339,0.5053452849388123,-0.9181975722312927,0.9883805513381958,0.3704361319541931,0.544267475605011,-0.43231406807899475,0.9732967019081116,0.9663511514663696,0.5047876238822937,-0.789273738861084,0.9851000905036926,0.380176842212677,0.5379401445388794,-0.3307996392250061,0.967348575592041,0.6757868528366089,0.577386200428009,0.01106228493154049,0.9999946355819702,0.551957905292511,0.570734977722168,-0.011018582619726658,0.9999606609344482,0.7511053085327148,0.7024587392807007,-0.2529972195625305,0.9948800802230835,0.44443005323410034,0.6827617287635803,0.12381274998188019,0.9891863465309143,0.8396732211112976,0.8362376689910889,-0.03749611973762512,0.9912015199661255,0.40943875908851624,0.7451013326644897,0.9323087930679321,0.8682108521461487,0.8320146203041077,0.8577769994735718,-0.028653021901845932,0.8785616755485535,0.42065566778182983,0.7494497299194336,1.0042139291763306,0.55001300573349,0.8778579235076904,0.8748798370361328,-0.3329978585243225,0.9801697134971619,0.3834425210952759,0.7869883179664612,0.8350548148155212,0.8537808656692505
U19_v4,180,1,0.7864364385604858,0.36411839723587036,-0.7315866351127625,0.9999978542327881,0.7925945520401001,0.3551187515258789,-0.6916272044181824,0.999995231628418,0.7963107824325562,0.3559030592441559,-0.6917744278907776,0.9999953508377075,0.7999050617218018,0.35658401250839233,-0.6919205188751221,0.9999953508377075,0.777194082736969,0.3518241047859192,-0.7073394060134888,0.9999934434890747,0.7692556977272034,0.350130170583725,-0.7074134349822998,0.9999905824661255,0.7597842216491699,0.34840285778045654,-0.7072948813438416,0.9999878406524658,0.7904936075210571,0.35812538862228394,-0.4318825602531433,0.9999890327453613,0.7311009168624878,0.34920424222946167,-0.5057121515274048,0.9999850988388062,0.7813950777053833,0.3760001063346863,-0.6319260001182556,0.999996542930603,0.7633905410766602,0.37324586510658264,-0.6534152030944824,0.9999953508377075,0.8148649334907532,0.4395897686481476,-0.2694520354270935,0.9999985694885254,0.6169109344482422,0.4013838768005371,-0.33164769411087036,0.9999920129776001,0.8242200016975403,0.5216445922851562,-0.20260456204414368,0.9878302216529846,0.48782920837402344,0.4318818747997284,-0.2629257142543793,0.9970144033432007,0.9027657508850098,0.5777392983436584,-0.49584129452705383,0.9937216639518738,0.3553803563117981,0.44870883226394653,-0.4733455777168274,0.9948680400848389,0.9317376613616943,0.5872071385383606,-0.5589041709899902,0.9854493737220764,0.3148151636123657,0.4566059112548828,-0.5383010506629944,0.9860588908195496,0.9364380836486816,0.5809234380722046,-0.65142822265625,0.9881029725074768,0.316989928483963,0.4552099108695984,-0.6177510619163513,0.9883257150650024,0.9263282418251038,0.5774466395378113,-0.5434436798095703,0.9872034192085266,0.3321544826030731,0.45419007539749146,-0.5159723162651062,0.9878197908401489,0.6899524331092834,0.58767169713974,0.03098411299288273,0.9999699592590332,0.5694845914840698,0.567991316318512,-0.030835554003715515,0.999922513961792,0.7522763013839722,0.7167521119117737,-0.024647589772939682,0.9977262616157532,0.4774237871170044,0.6815964579582214,0.05376811698079109,0.9970184564590454,0.8299600481987,0.8448807001113892,0.1837856024503708,0.995733916759491,0.40199434757232666,0.7340887784957886,0.7626886963844299,0.9590538144111633,0.8121058344841003,0.8585017323493958,0.19377484917640686,0.9225091338157654,0.4031062722206116,0.7291069030761719,0.8273111581802368,0.6052056550979614,0.8792765736579895,0.8895936012268066,-0.061738595366477966,0.9915653467178345,0.3703654408454895,0.7827938795089722,0.6796343326568604,0.9366568326950073
U19_v4,181,1,0.8507445454597473,0.3816158175468445,-0.6790985465049744,0.9999755620956421,0.8580172061920166,0.37257063388824463,-0.6372244358062744,0.9999444484710693,0.8609833717346191,0.3737681806087494,-0.6373421549797058,0.9999486207962036,0.8637614250183105,0.3750162124633789,-0.637493371963501,0.9999485015869141,0.8442922830581665,0.36825594305992126,-0.6535980105400085,0.9999068975448608,0.8363301753997803,0.36622652411460876,-0.6536998152732849,0.9998624324798584,0.826961874961853,0.3641008138656616,-0.6536490321159363,0.9998161196708679,0.8477117419242859,0.37709540128707886,-0.38717713952064514,0.9998800754547119,0.7944375872612,0.3635151982307434,-0.46197712421417236,0.9997677206993103,0.8415284156799316,0.3947148323059082,-0.5841898918151855,0.9999607801437378,0.823673665523529,0.39068546891212463,-0.6059960126876831,0.9999301433563232,0.8436610698699951,0.46806225180625916,-0.23764057457447052,0.999985933303833,0.6628017425537109,0.40002700686454773,-0.3040308952331543,0.9999403953552246,0.7985072135925293,0.5454263091087341,-0.1892458200454712,0.9464696645736694,0.5286898612976074,0.37914854288101196,-0.2554837763309479,0.9971258044242859,0.8263072967529297,0.6189351677894592,-0.4613077938556671,0.9688753485679626,0.4109998345375061,0.34445899724960327,-0.4018475115299225,0.9921292066574097,0.8515111207962036,0.6356133818626404,-0.5018355846405029,0.9404639005661011,0.3758450746536255,0.34201130270957947,-0.4513780474662781,0.9764047861099243,0.861363410949707,0.6303561925888062,-0.5882361531257629,0.9492180347442627,0.38208091259002686,0.3411318063735962,-0.5091955661773682,0.9795610308647156,0.8503566384315491,0.6250626444816589,-0.5054145455360413,0.9483041167259216,0.3919367790222168,0.34449106454849243,-0.43648916482925415,0.979799211025238,0.6810784339904785,0.5992302894592285,0.02663145773112774,0.9999445676803589,0.568332314491272,0.579847514629364,-0.026592714712023735,0.9998762607574463,0.7352088689804077,0.7203481197357178,-0.07156059890985489,0.9985182881355286,0.4899771213531494,0.6947571039199829,0.15268616378307343,0.9948588609695435,0.7960305213928223,0.8475874662399292,0.10624729096889496,0.9959891438484192,0.4234711825847626,0.7356804013252258,0.947030782699585,0.9394616484642029,0.7784906029701233,0.8642264604568481,0.11427825689315796,0.9316310286521912,0.4187127947807312,0.7328375577926636,1.0196126699447632,0.6418014168739319,0.8507402539253235,0.8932356834411621,-0.1460874229669571,0.9927400946617126,0.40101009607315063,0.7744550704956055,0.8905381560325623,0.9199473261833191
U19_v4,182,1,0.9074952602386475,0.40309056639671326,-0.5732990503311157,0.9999428987503052,0.9120175838470459,0.3941420316696167,-0.5280072093009949,0.9998822212219238,0.9129042625427246,0.3953171372413635,-0.5281506180763245,0.9999004602432251,0.913567066192627,0.3965749144554138,-0.5283715724945068,0.9998847246170044,0.9015251398086548,0.3899416923522949,-0.5441440343856812,0.99978107213974,0.8940345048904419,0.3880820870399475,-0.5442596077919006,0.9997005462646484,0.8852320909500122,0.38597917556762695,-0.544278085231781,0.9995623230934143,0.8900465965270996,0.3977888822555542,-0.29581695795059204,0.9997628331184387,0.8490959405899048,0.3835524916648865,-0.3676798939704895,0.999515175819397,0.8933013081550598,0.416452020406723,-0.4870412051677704,0.9998739957809448,0.8793471455574036,0.4125382602214813,-0.5084152817726135,0.9997840523719788,0.8493037223815918,0.48894697427749634,-0.16559162735939026,0.9999343156814575,0.7303464412689209,0.40586763620376587,-0.27608901262283325,0.9998277425765991,0.7566934823989868,0.5632385611534119,-0.15362143516540527,0.8391550183296204,0.6299259066581726,0.33680975437164307,-0.2751733958721161,0.9982201457023621,0.7712957859039307,0.64213627576828,-0.4175475239753723,0.9193400144577026,0.556884765625,0.26009654998779297,-0.3168048560619354,0.992767333984375,0.7817839980125427,0.6589938402175903,-0.43947699666023254,0.865277111530304,0.5345116853713989,0.23570385575294495,-0.3507672846317291,0.9743613600730896,0.7895598411560059,0.6567744016647339,-0.5243121981620789,0.8835970759391785,0.5408630967140198,0.2335919439792633,-0.3785409927368164,0.9765465259552002,0.7824158668518066,0.6523262858390808,-0.4623854458332062,0.8843362927436829,0.5458430647850037,0.242986798286438,-0.3398163616657257,0.9776806831359863,0.6489197015762329,0.6028981804847717,0.03595597296953201,0.9998874664306641,0.5548868179321289,0.5820570588111877,-0.03597792610526085,0.9998506307601929,0.7126028537750244,0.7193723917007446,-0.07246957719326019,0.9975464940071106,0.5106397867202759,0.7039068937301636,0.1184733584523201,0.9934141635894775,0.7773768901824951,0.8490583896636963,0.0983501449227333,0.988280177116394,0.45454278588294983,0.7230985760688782,0.9435572624206543,0.8749414682388306,0.7565080523490906,0.8625677824020386,0.11047711968421936,0.8834177255630493,0.44230955839157104,0.7240238189697266,1.0225841999053955,0.5517996549606323,0.8293267488479614,0.8922019600868225,-0.10981116443872452,0.9790685176849365,0.4131736159324646,0.7494855523109436,0.9368264675140381,0.8472054600715637
U19_v4,183,1,0.9373758435249329,0.4307199716567993,-0.7230478525161743,0.9997910857200623,0.9397268295288086,0.4217832088470459,-0.6740658283233643,0.999629020690918,0.9408484697341919,0.42257988452911377,-0.6741951704025269,0.999606192111969,0.9418624043464661,0.42338067293167114,-0.6744999885559082,0.9995243549346924,0.9288038015365601,0.41806238889694214,-0.7032941579818726,0.9993846416473389,0.921502947807312,0.41609716415405273,-0.7036028504371643,0.9992027878761292,0.913479208946228,0.4139727056026459,-0.7037100195884705,0.9990191459655762,0.92085862159729,0.4225155711174011,-0.4322606325149536,0.9992941617965698,0.8817816972732544,0.409161239862442,-0.5622738003730774,0.9989920258522034,0.9266122579574585,0.4419317841529846,-0.6316820383071899,0.9986997842788696,0.9118276834487915,0.4379427433013916,-0.6700232028961182,0.998267650604248,0.8705251812934875,0.4936545193195343,-0.2087899148464203,0.999198853969574,0.7719353437423706,0.41523227095603943,-0.5534878373146057,0.9996457099914551,0.7588368654251099,0.5400505065917969,-0.07728899270296097,0.49304553866386414,0.7697041034698486,0.32106512784957886,-0.7034809589385986,0.998371422290802,0.7035694122314453,0.6130995154380798,-0.11472807079553604,0.42797282338142395,0.7783663868904114,0.215892493724823,-0.7037448287010193,0.9911494255065918,0.7088709473609924,0.6350821256637573,-0.07485515624284744,0.3326459228992462,0.7692233324050903,0.18333682417869568,-0.7460218071937561,0.966992199420929,0.7105644941329956,0.6385515332221985,-0.1518046259880066,0.36607497930526733,0.7721030116081238,0.18559914827346802,-0.7600046396255493,0.9688957333564758,0.7004187107086182,0.6276838183403015,-0.14766867458820343,0.40757542848587036,0.7683820724487305,0.19724273681640625,-0.7216968536376953,0.9714880585670471,0.6463748216629028,0.5848080515861511,0.13061457872390747,0.9996629953384399,0.554960310459137,0.5706585645675659,-0.1309274286031723,0.9997393488883972,0.6977195143699646,0.7103642225265503,-0.07354488223791122,0.9800221920013428,0.5359116196632385,0.7108117341995239,-0.16395223140716553,0.9910056591033936,0.7531470060348511,0.8497062921524048,-0.06379037350416183,0.9423472881317139,0.4785211384296417,0.733680009841919,0.4493131935596466,0.8100136518478394,0.7462384700775146,0.8696718215942383,-0.06659452617168427,0.75193852186203,0.4531462788581848,0.7337052822113037,0.5094733834266663,0.4687936305999756,0.8322876691818237,0.8953705430030823,-0.2299373596906662,0.9021511077880859,0.4649600088596344,0.7644670605659485,0.4619380831718445,0.7245176434516907
U19_v4,184,1,0.9303191900253296,0.45745858550071716,-0.21294423937797546,0.99997878074646,0.9419119358062744,0.4502032995223999,-0.1635996252298355,0.9999758005142212,0.9427300691604614,0.4511224925518036,-0.16376537084579468,0.9999698400497437,0.9435708522796631,0.4519970715045929,-0.16400831937789917,0.9999703168869019,0.9344709515571594,0.44485267996788025,-0.19656585156917572,0.999947190284729,0.9297442436218262,0.44203799962997437,-0.1967189908027649,0.9999356269836426,0.9243872165679932,0.4387584328651428,-0.19665835797786713,0.9999325275421143,0.9268091917037964,0.446737140417099,0.06975441426038742,0.999948263168335,0.9005852341651917,0.42736995220184326,-0.08326596766710281,0.9999223947525024,0.9133179187774658,0.46478819847106934,-0.12352009862661362,0.9999185800552368,0.9046918153762817,0.45805656909942627,-0.16898342967033386,0.9998949766159058,0.8547796010971069,0.5041484832763672,0.2722400724887848,0.9998438358306885,0.8229226469993591,0.4181292653083801,-0.16943971812725067,0.9999376535415649,0.7282286286354065,0.5513719320297241,0.36511075496673584,0.48777657747268677,0.915941596031189,0.3698571026325226,-0.5832797288894653,0.9966674447059631,0.6745862364768982,0.6183978915214539,0.21627606451511383,0.6652142405509949,0.9826754331588745,0.3019077777862549,-0.8798115849494934,0.9964224100112915,0.665496826171875,0.6388327479362488,0.23257192969322205,0.630573034286499,0.993086576461792,0.2757890224456787,-0.9685417413711548,0.9919101595878601,0.6696426868438721,0.6386696100234985,0.159001886844635,0.6494428515434265,0.9978688359260559,0.28076720237731934,-0.9288390874862671,0.9912559986114502,0.6681010127067566,0.6297982931137085,0.18399548530578613,0.6432806253433228,0.9910555481910706,0.29060471057891846,-0.8787528276443481,0.9905186295509338,0.6373105049133301,0.5831200480461121,0.1759481579065323,0.9997885823249817,0.5605764985084534,0.5638177394866943,-0.17593403160572052,0.9998769760131836,0.6690787672996521,0.7257229685783386,0.06954707950353622,0.9357486963272095,0.5973827838897705,0.7109211683273315,-0.22758996486663818,0.9949902892112732,0.6986954212188721,0.8436521291732788,0.0881676897406578,0.9311339259147644,0.5549290180206299,0.7837077975273132,-0.013703900389373302,0.9762210845947266,0.6374917030334473,0.8586797714233398,0.08302604407072067,0.8418556451797485,0.5341772437095642,0.7901083827018738,0.005601337179541588,0.8808509707450867,0.7768537402153015,0.8957104682922363,-0.03787276893854141,0.9169436693191528,0.6079202890396118,0.8367915153503418,-0.08975299447774887,0.9620145559310913
U19_v4,185,1,0.9571266770362854,0.4578750729560852,-0.0016204322455450892,0.9986299276351929,0.9604071378707886,0.4451929032802582,0.015656985342502594,0.9989864230155945,0.959262490272522,0.4441695213317871,0.015432227402925491,0.999019980430603,0.9577312469482422,0.4429095983505249,0.015229703858494759,0.9991682767868042,0.9580152034759521,0.44503694772720337,-0.05798577889800072,0.9987737536430359,0.9554606676101685,0.4438709318637848,-0.058166809380054474,0.9985551238059998,0.9523458480834961,0.4423938989639282,-0.05838392674922943,0.9987885355949402,0.9279559850692749,0.43316006660461426,0.09858019649982452,0.9983165264129639,0.9257082939147949,0.4339195489883423,-0.22987394034862518,0.998671293258667,0.9341104030609131,0.46296435594558716,0.038698237389326096,0.9982466697692871,0.9321074485778809,0.4622340798377991,-0.057126499712467194,0.9990092515945435,0.8124986886978149,0.4540320932865143,0.2960602939128876,0.9974881410598755,0.8363125324249268,0.4585018754005432,-0.41284939646720886,0.9996305704116821,0.6854263544082642,0.5286808013916016,0.3590228855609894,0.032495614141225815,0.7253170013427734,0.5261285901069641,-0.45028606057167053,0.8326253294944763,0.6674585342407227,0.6118924021720886,0.2349882274866104,0.03921385109424591,0.7419393062591553,0.59065842628479,-0.20245753228664398,0.4932730197906494,0.6656646728515625,0.6276216506958008,0.2386215180158615,0.051657892763614655,0.7396188974380493,0.6086791753768921,-0.2326791137456894,0.4792148470878601,0.6691040396690369,0.6294809579849243,0.1767871081829071,0.05272742733359337,0.7538094520568848,0.6083484292030334,-0.20128795504570007,0.4561351239681244,0.6664459109306335,0.6269543766975403,0.20097196102142334,0.061614759266376495,0.7026903629302979,0.5944096446037292,-0.1831490844488144,0.4176715016365051,0.5701879858970642,0.5640324354171753,0.2362196296453476,0.9993627667427063,0.5633355379104614,0.5783247947692871,-0.2358289510011673,0.9994751811027527,0.6369852423667908,0.6984336376190186,0.3471260964870453,0.8235735297203064,0.6622641682624817,0.7152082324028015,-0.1334657222032547,0.996315062046051,0.4766920208930969,0.7670813798904419,0.5442405343055725,0.9359571933746338,0.6119614839553833,0.832659900188446,0.03511698171496391,0.9962748289108276,0.4366225004196167,0.7681980133056641,0.5576645135879517,0.8890817165374756,0.5713518261909485,0.8542771339416504,0.04757118597626686,0.9814965724945068,0.5060092210769653,0.8131448030471802,0.4982706606388092,0.9340250492095947,0.7148326635360718,0.879517674446106,-0.04578859359025955,0.9914841055870056
U19_v4,186,1,0.9559705257415771,0.46123263239860535,0.07175312936306,0.9979833364486694,0.9609506130218506,0.4469260275363922,0.09007849544286728,0.9984304308891296,0.9594734311103821,0.4454346001148224,0.08985376358032227,0.9985529780387878,0.9576259255409241,0.4437280595302582,0.08962926268577576,0.9990195035934448,0.9594348669052124,0.44668933749198914,0.001958933426067233,0.9980847835540771,0.9570481777191162,0.44520407915115356,0.001809619483537972,0.9977766871452332,0.9544264078140259,0.4436138868331909,0.001627404591999948,0.998103141784668,0.929305374622345,0.4326104521751404,0.18116368353366852,0.9984855055809021,0.9313567280769348,0.43564897775650024,-0.2144382745027542,0.9972231388092041,0.9402873516082764,0.46705329418182373,0.1166958287358284,0.9970173835754395,0.9373274445533752,0.46631258726119995,0.0012901294976472855,0.9970418810844421,0.8098012804985046,0.4447893500328064,0.39719095826148987,0.996673583984375,0.8638451099395752,0.47381702065467834,-0.4390740394592285,0.9995085000991821,0.7054561972618103,0.5256097912788391,0.5308593511581421,0.018685875460505486,0.9329406023025513,0.5606669783592224,-0.5246282815933228,0.9906693696975708,0.6581758260726929,0.5803273916244507,0.43478524684906006,0.012025052681565285,1.0228615999221802,0.6289364695549011,-0.2508622109889984,0.932977020740509,0.6305820941925049,0.5914561152458191,0.4561218321323395,0.017877181991934776,1.0570507049560547,0.6583319902420044,-0.296102911233902,0.9012448787689209,0.6456277370452881,0.5864676833152771,0.39793461561203003,0.01780838333070278,1.0635347366333008,0.6497851610183716,-0.24897857010364532,0.8908324241638184,0.6476628184318542,0.5848871469497681,0.4052792191505432,0.021285131573677063,1.0441168546676636,0.640948474407196,-0.22714972496032715,0.8367955684661865,0.5527856349945068,0.5549088716506958,0.2730112671852112,0.9993120431900024,0.5613653063774109,0.5677546858787537,-0.27287837862968445,0.9995121955871582,0.6696159243583679,0.6917860507965088,0.3671576976776123,0.4517669379711151,0.6731505990028381,0.6987583041191101,-0.22413165867328644,0.9877046346664429,0.5701218247413635,0.8135572075843811,0.5780476927757263,0.7480851411819458,0.5295271873474121,0.8065780401229858,0.02082204818725586,0.9928001165390015,0.5244747400283813,0.8226445317268372,0.5949807167053223,0.7257428765296936,0.47335219383239746,0.8192577362060547,0.04348581284284592,0.9771889448165894,0.6391288638114929,0.8704202175140381,0.5340850353240967,0.815995991230011,0.603515625,0.8599556088447571,-0.044890377670526505,0.9861960411071777
U19_v4,187,1,0.9842821359634399,0.4658059775829315,-0.07646256685256958,0.9966148734092712,0.9870420098304749,0.450489342212677,-0.05387374386191368,0.99732506275177,0.984648585319519,0.448749840259552,-0.054027870297431946,0.9974579215049744,0.981618344783783,0.4465855360031128,-0.05417752265930176,0.9981992840766907,0.9861201047897339,0.4512719213962555,-0.1336509883403778,0.9975698590278625,0.9834398031234741,0.4503948986530304,-0.1338464915752411,0.9973264932632446,0.9804185032844543,0.4492901861667633,-0.13404391705989838,0.9980948567390442,0.947696328163147,0.4374193847179413,0.07294929772615433,0.9969099164009094,0.953070342540741,0.44419100880622864,-0.2884400486946106,0.9975209832191467,0.9621758460998535,0.4727341830730438,-0.01975228264927864,0.9970695376396179,0.9610961675643921,0.47240668535232544,-0.1249965950846672,0.9980133771896362,0.8236424922943115,0.44800376892089844,0.3288077116012573,0.9984435439109802,0.8666527271270752,0.5002824068069458,-0.49029040336608887,0.999942421913147,0.7418746948242188,0.5296452641487122,0.432699054479599,0.04263091832399368,0.8519150018692017,0.6105349659919739,-0.48317402601242065,0.9869584441184998,0.7021424770355225,0.5990104079246521,0.3778688609600067,0.03566468507051468,0.8475428223609924,0.7173645496368408,-0.19234496355056763,0.931652843952179,0.6939745545387268,0.6075764298439026,0.4041977524757385,0.04427796229720116,0.8463419675827026,0.7445554137229919,-0.23487839102745056,0.9027555584907532,0.7026472687721252,0.6080282330513,0.3463889956474304,0.044142067432403564,0.8550707101821899,0.7444987893104553,-0.19207222759723663,0.8970866799354553,0.7094091773033142,0.6051309704780579,0.35133251547813416,0.048925820738077164,0.85255366563797,0.7338031530380249,-0.1693042814731598,0.8543655872344971,0.5572918057441711,0.550556480884552,0.27222058176994324,0.9989769458770752,0.569445013999939,0.5707465410232544,-0.27196845412254333,0.999515175819397,0.6746602058410645,0.6749101281166077,0.45532068610191345,0.28041785955429077,0.7056092023849487,0.6919410228729248,-0.2126287966966629,0.961493730545044,0.5572012662887573,0.7972712516784668,0.703212320804596,0.5253546833992004,0.5522727966308594,0.8174631595611572,0.07422906160354614,0.9623718857765198,0.5108776688575745,0.8034453988075256,0.7253224849700928,0.5742589831352234,0.5033960938453674,0.8320768475532532,0.10364090651273727,0.9281069040298462,0.6262022256851196,0.8564122915267944,0.6837704181671143,0.6833556890487671,0.6368627548217773,0.8728604912757874,0.04389430955052376,0.9552144408226013
U19_v4,188,1,0.9996428489685059,0.46331873536109924,-0.005467819515615702,0.9991914629936218,0.9967309236526489,0.44594675302505493,0.0006230075377970934,0.9998088479042053,0.9918383359909058,0.44262972474098206,0.0005427590222097933,0.9997746348381042,0.9885603785514832,0.4409877359867096,0.00037157771294005215,0.9998403787612915,0.9963340759277344,0.447918176651001,-0.058195266872644424,0.9998034834861755,0.993232250213623,0.4475213587284088,-0.05839301645755768,0.9997269511222839,0.9897780418395996,0.44701269268989563,-0.058493152260780334,0.9998308420181274,0.9526529312133789,0.4376083314418793,0.045845795422792435,0.9997594952583313,0.9583912491798401,0.44439369440078735,-0.2168218344449997,0.9998462200164795,0.976230800151825,0.47115814685821533,0.020856592804193497,0.9995641112327576,0.9763615131378174,0.4715944528579712,-0.05525926873087883,0.9997133612632751,0.8228840231895447,0.4461771845817566,0.2378253936767578,0.9990997314453125,0.8762690424919128,0.5014287233352661,-0.40680062770843506,0.9998791217803955,0.7008583545684814,0.48417264223098755,0.3966161012649536,0.03343101590871811,0.6964655518531799,0.572757363319397,-0.22128984332084656,0.7880051732063293,0.701108992099762,0.5330742001533508,0.49250224232673645,0.00989554077386856,0.678641676902771,0.6033097505569458,0.22556893527507782,0.1947804093360901,0.7054020166397095,0.5440654754638672,0.5230131149291992,0.011117870919406414,0.6673929691314697,0.612577497959137,0.23861292004585266,0.18357644975185394,0.7132037878036499,0.5548965930938721,0.48624879121780396,0.011472614482045174,0.6815469264984131,0.6112461090087891,0.24303452670574188,0.18521186709403992,0.7119399905204773,0.543419599533081,0.4766939580440521,0.013481536880135536,0.6838738322257996,0.6055853366851807,0.2395484298467636,0.1945033222436905,0.5642684102058411,0.5469549894332886,0.22744540870189667,0.9997642636299133,0.5866658687591553,0.5566550493240356,-0.22700418531894684,0.9998881816864014,0.6016920208930969,0.6814129948616028,0.3141953945159912,0.6444864869117737,0.718476414680481,0.684751570224762,-0.17861723899841309,0.9820183515548706,0.5408039093017578,0.8122317790985107,0.45422324538230896,0.7603766918182373,0.5682116150856018,0.8217570185661316,-0.0433049276471138,0.9777350425720215,0.5090846419334412,0.8258750438690186,0.46595871448516846,0.698601245880127,0.5305758118629456,0.8324956893920898,-0.029571309685707092,0.9207613468170166,0.6051650047302246,0.8561850786209106,0.43490228056907654,0.7776846289634705,0.6447791457176208,0.8717199563980103,-0.0734899640083313,0.9656071662902832
U19_v4,189,1,0.982042670249939,0.46021854877471924,0.18146996200084686,0.9989848732948303,0.994817852973938,0.44842109084129333,0.156446173787117,0.9996498823165894,0.9926496744155884,0.44627490639686584,0.1563170701265335,0.9995712637901306,0.9889541864395142,0.4448263347148895,0.1561487764120102,0.9996612071990967,0.9977006316184998,0.4531204402446747,0.12420222163200378,0.9995470643043518,1.0008572340011597,0.45721837878227234,0.12408920377492905,0.9993520379066467,1.0011060237884521,0.4584408104419708,0.12392708659172058,0.9995226860046387,0.9696545004844666,0.4405713677406311,0.09747884422540665,0.9995997548103333,0.9853408336639404,0.46301740407943726,-0.04578264430165291,0.9995352029800415,0.9589380621910095,0.4624100625514984,0.17308834195137024,0.9992695450782776,0.9620699286460876,0.46701520681381226,0.13181903958320618,0.9995192289352417,0.8225610256195068,0.4316316843032837,0.21196946501731873,0.9993077516555786,0.8894981741905212,0.5137979388237,-0.22755852341651917,0.9998483657836914,0.6773985624313354,0.44313570857048035,0.4452064335346222,0.22734414041042328,0.7507843971252441,0.556513786315918,-0.07584832608699799,0.819640576839447,0.6973628997802734,0.5047222375869751,0.6697297692298889,0.012353693135082722,0.7163428664207458,0.5500763654708862,0.2631659507751465,0.12363985180854797,0.6974680423736572,0.5235457420349121,0.7069073915481567,0.011001501232385635,0.7037033438682556,0.5576561093330383,0.29589903354644775,0.10713627934455872,0.7173226475715637,0.5298047661781311,0.6809355616569519,0.010908807627856731,0.7162488698959351,0.5488093495368958,0.2869217097759247,0.10539836436510086,0.7188886404037476,0.5256943702697754,0.6607123613357544,0.013542795553803444,0.7195351123809814,0.5481023192405701,0.2699011266231537,0.11897068470716476,0.5671463012695312,0.5525778532028198,0.1908084750175476,0.9996839761734009,0.6001291871070862,0.5633901357650757,-0.19039206206798553,0.999717652797699,0.5787858963012695,0.6963902115821838,0.12818144261837006,0.796497106552124,0.7398853302001953,0.6974678039550781,-0.17544090747833252,0.9845017790794373,0.5057718753814697,0.8327827453613281,0.14306887984275818,0.8788670301437378,0.5998114943504333,0.8335103988647461,-0.07826953381299973,0.982909619808197,0.479905903339386,0.8490087985992432,0.13809552788734436,0.8511011600494385,0.5526911616325378,0.8458244800567627,-0.06984617561101913,0.9542285799980164,0.5822325944900513,0.8837871551513672,0.08893146365880966,0.839603066444397,0.6658126711845398,0.8878011703491211,-0.10272949188947678,0.9709016680717468
U19_v4,190,1,0.9393412470817566,0.46695753931999207,0.6758662462234497,0.9887931942939758,0.9466497898101807,0.45177724957466125,0.6139346361160278,0.9951663017272949,0.9438568949699402,0.4487368166446686,0.613762378692627,0.9960131645202637,0.9409857988357544,0.44567036628723145,0.6136439442634583,0.9961879849433899,0.952538013458252,0.46306657791137695,0.6090453863143921,0.9918521046638489,0.9537652134895325,0.4632042348384857,0.6090494990348816,0.991605281829834,0.9610905647277832,0.46771374344825745,0.6088634729385376,0.9915776252746582,0.9276365041732788,0.4461337924003601,0.3745623826980591,0.9969026446342468,0.949619710445404,0.4703695476055145,0.3571130335330963,0.9915205836296082,0.9163462519645691,0.4655451774597168,0.6017959117889404,0.9871472120285034,0.9258371591567993,0.4722956120967865,0.5963125824928284,0.9859189987182617,0.7911515235900879,0.4367038607597351,0.3106907904148102,0.9995657801628113,0.9059451818466187,0.5149663686752319,0.13264663517475128,0.9996129870414734,0.684056282043457,0.4200974106788635,0.5141640901565552,0.7025799751281738,0.8040805459022522,0.5573880672454834,0.22182269394397736,0.6748564839363098,0.7064235806465149,0.4698265790939331,0.7980880737304688,0.057669661939144135,0.7484192848205566,0.5273315906524658,0.48529160022735596,0.0670027881860733,0.7168368101119995,0.480730265378952,0.8479222059249878,0.04711119458079338,0.7340072989463806,0.5205337405204773,0.529813826084137,0.06456533819437027,0.7381751537322998,0.4894873797893524,0.8350363373756409,0.04811496287584305,0.7319974303245544,0.5130366683006287,0.5430303812026978,0.06265334039926529,0.7367027997970581,0.4862816035747528,0.799100935459137,0.054530877619981766,0.7356697916984558,0.5130686163902283,0.4984283447265625,0.07688876241445541,0.5465370416641235,0.5611303448677063,0.13446353375911713,0.999941349029541,0.620867133140564,0.5789296627044678,-0.13483114540576935,0.9999315738677979,0.546966552734375,0.7065282464027405,0.11534308642148972,0.7741809487342834,0.7495283484458923,0.709647536277771,0.004105431959033012,0.9896586537361145,0.4917517602443695,0.843767523765564,0.01831783540546894,0.9115625619888306,0.6491178870201111,0.8478893041610718,-0.012104189954698086,0.9871106147766113,0.45508331060409546,0.8580421209335327,0.0033115793485194445,0.9085805416107178,0.6061767339706421,0.8630040884017944,-0.015395988710224628,0.9708176255226135,0.5458910465240479,0.8946602940559387,-0.04093850404024124,0.8477105498313904,0.7092549204826355,0.8847711086273193,-0.02316136285662651,0.970055103302002
U19_v4,191,1,0.9151732921600342,0.4458785355091095,0.6008720993995667,0.9975813627243042,0.9231605529785156,0.4369218647480011,0.5351802110671997,0.9991801381111145,0.9196404218673706,0.43512868881225586,0.5351099967956543,0.9991511106491089,0.9160996675491333,0.4333319664001465,0.5350330471992493,0.9992021918296814,0.9341700077056885,0.4439656436443329,0.533907949924469,0.9989911913871765,0.9382611513137817,0.4470256268978119,0.5338495969772339,0.9987994432449341,0.9423373937606812,0.45014017820358276,0.5337138175964355,0.9989007711410522,0.8944833278656006,0.43942371010780334,0.2997104525566101,0.999306321144104,0.9369544982910156,0.4632493257522583,0.29938262701034546,0.9990060925483704,0.9004817008972168,0.4527239203453064,0.5293415188789368,0.997844934463501,0.9127169847488403,0.4573386311531067,0.5291141867637634,0.9984762072563171,0.8060582876205444,0.4373292624950409,0.29255327582359314,0.9998189806938171,0.9003329277038574,0.5297224521636963,0.07172516733407974,0.9999618530273438,0.6942366361618042,0.39476650953292847,0.5593026280403137,0.7884386777877808,0.7996118068695068,0.5686918497085571,0.26045188307762146,0.7830642461776733,0.7680211663246155,0.4325532913208008,0.9821972250938416,0.23540541529655457,0.7392446994781494,0.5583264231681824,0.6373229026794434,0.08988125622272491,0.7781713008880615,0.4393896758556366,1.0435421466827393,0.1879129856824875,0.7277209758758545,0.55501389503479,0.6863221526145935,0.07351808995008469,0.7914229035377502,0.44700220227241516,1.0299673080444336,0.18268384039402008,0.7210149765014648,0.5490038394927979,0.6854346394538879,0.06742285192012787,0.7892569899559021,0.4459495544433594,0.9848325252532959,0.17951402068138123,0.7256731390953064,0.549936056137085,0.6471496224403381,0.08936414867639542,0.5582653880119324,0.5678136348724365,0.1776941567659378,0.9999945163726807,0.6347576975822449,0.5916282534599304,-0.17814309895038605,0.9999954700469971,0.5430216193199158,0.7080768942832947,0.1599162369966507,0.8269057869911194,0.7667431831359863,0.727577805519104,-0.17133253812789917,0.9977818131446838,0.46579042077064514,0.8390337228775024,0.22380401194095612,0.9621499180793762,0.705084502696991,0.8683102130889893,-0.16067631542682648,0.9982339143753052,0.42398715019226074,0.8539884090423584,0.22780193388462067,0.9515900611877441,0.6546227931976318,0.8886969685554504,-0.1602533608675003,0.9920384883880615,0.5268965363502502,0.8869500160217285,0.19517017900943756,0.9329462051391602,0.7617998123168945,0.9024978280067444,-0.19429601728916168,0.9928789734840393
U19_v4,192,1,0.8521624803543091,0.4415341019630432,0.8197431564331055,0.9925268888473511,0.8634679317474365,0.4360066056251526,0.7395209074020386,0.9972347617149353,0.8621329665184021,0.4353967308998108,0.739193856716156,0.9975179433822632,0.8608902096748352,0.43450912833213806,0.7391136288642883,0.997218132019043,0.8755189180374146,0.4414147436618805,0.7703636884689331,0.9953461289405823,0.879828691482544,0.44263482093811035,0.7702305316925049,0.9952822327613831,0.8837041854858398,0.4431511163711548,0.7699698805809021,0.9950389266014099,0.8662956953048706,0.4385136365890503,0.43071985244750977,0.9969815611839294,0.8971245288848877,0.45201563835144043,0.5793125629425049,0.9961869120597839,0.8443921804428101,0.4483168423175812,0.7205192446708679,0.9918416738510132,0.8585625290870667,0.4572465121746063,0.7624321579933167,0.9923580288887024,0.7865468263626099,0.4361570477485657,0.3594008982181549,0.9998575448989868,0.9248015284538269,0.525649905204773,0.34517693519592285,0.999931812286377,0.7039618492126465,0.36679601669311523,0.4376062750816345,0.9880699515342712,0.8390378952026367,0.5944949388504028,0.6419061422348022,0.41460633277893066,0.6696920990943909,0.3072654902935028,0.6888595223426819,0.9826833009719849,0.7731694579124451,0.5561441779136658,1.1590203046798706,0.03966338932514191,0.6558652520179749,0.2944505512714386,0.7189934253692627,0.9735828638076782,0.7707443237304688,0.5437920093536377,1.2256571054458618,0.04013523831963539,0.6698663830757141,0.294823557138443,0.7145822048187256,0.9735238552093506,0.7632160186767578,0.5335882902145386,1.2202885150909424,0.03561186417937279,0.6743584275245667,0.30138522386550903,0.6953932642936707,0.9482482671737671,0.7639200091362,0.5365144610404968,1.1696970462799072,0.054630741477012634,0.5627868175506592,0.5838173627853394,0.1708681285381317,0.9999929666519165,0.6458172798156738,0.6034795045852661,-0.17190013825893402,0.9999918937683105,0.5204049944877625,0.7129446268081665,0.1744464784860611,0.9268869757652283,0.7650741338729858,0.746229887008667,-0.17777597904205322,0.9996941089630127,0.4385089874267578,0.8438316583633423,0.16217102110385895,0.9810256361961365,0.7585471868515015,0.9007210731506348,-0.27251049876213074,0.9990487694740295,0.3973044157028198,0.8608006834983826,0.16024784743785858,0.9812319874763489,0.7123176455497742,0.926105797290802,-0.2818383276462555,0.9966811537742615,0.48636436462402344,0.8889665603637695,0.1290338784456253,0.9543232321739197,0.8605791330337524,0.9493274688720703,-0.3063843846321106,0.9933597445487976
U19_v4,193,1,0.9453606605529785,0.4620055556297302,0.6681853532791138,0.9908624887466431,0.9609812498092651,0.45294731855392456,0.5818125605583191,0.9951432943344116,0.9578673243522644,0.45083388686180115,0.5815335512161255,0.9957038760185242,0.9546341896057129,0.4487611651420593,0.581504762172699,0.995449960231781,0.9725813865661621,0.45992064476013184,0.604870080947876,0.9937911629676819,0.9702068567276001,0.46134549379348755,0.6046621799468994,0.9941431879997253,0.9825620651245117,0.46543729305267334,0.6043258309364319,0.9941861629486084,0.9473796486854553,0.45175522565841675,0.26407137513160706,0.9949316382408142,0.9746860265731812,0.4692884385585785,0.3717937767505646,0.9947015643119812,0.9275655150413513,0.46653449535369873,0.5680743455886841,0.9915846586227417,0.93924880027771,0.47268712520599365,0.5977104902267456,0.9920896291732788,0.8321278691291809,0.43967556953430176,0.2103496938943863,0.9995009899139404,0.9375234842300415,0.5317243933677673,0.20276662707328796,0.9998340606689453,0.728846549987793,0.37444382905960083,0.36347290873527527,0.9726951718330383,0.832446277141571,0.5851829648017883,0.511795163154602,0.40502628684043884,0.6955337524414062,0.3217156231403351,0.6500615477561951,0.9758275747299194,0.7903584241867065,0.5736392140388489,1.02521812915802,0.0782880038022995,0.6666973233222961,0.3044959604740143,0.6863420009613037,0.9654362797737122,0.795937180519104,0.5725029110908508,1.086477518081665,0.08033482730388641,0.6760050058364868,0.30737683176994324,0.6776431798934937,0.9648405313491821,0.7960019111633301,0.5632637739181519,1.0818427801132202,0.0730903148651123,0.6817468404769897,0.31235450506210327,0.6583196520805359,0.9328504204750061,0.7960414290428162,0.5632825493812561,1.0380027294158936,0.09477047622203827,0.5786604881286621,0.597822368144989,0.1629464328289032,0.9999796152114868,0.652543842792511,0.6205511093139648,-0.16396187245845795,0.9999805688858032,0.5019481182098389,0.7331752181053162,0.15496736764907837,0.9716237783432007,0.7770338654518127,0.7703391313552856,-0.10729572921991348,0.99954754114151,0.3973609209060669,0.8604168891906738,0.20557047426700592,0.9918410778045654,0.7908459901809692,0.927718997001648,-0.09104916453361511,0.998615026473999,0.3592544496059418,0.8792496919631958,0.21043244004249573,0.9903753399848938,0.754571259021759,0.9550595283508301,-0.08752202987670898,0.9939783811569214,0.45660126209259033,0.8972116708755493,0.14760474860668182,0.9714983105659485,0.8842886686325073,0.9644224047660828,-0.1148226335644722,0.9908505082130432
U19_v4,194,1,0.9833559989929199,0.47235608100891113,0.7077014446258545,0.9992691874504089,0.9951592683792114,0.46060144901275635,0.6317240595817566,0.999442994594574,0.988348126411438,0.45596832036972046,0.6315940618515015,0.9994996786117554,0.9863512516021729,0.4531474709510803,0.6316308975219727,0.9994346499443054,1.0073637962341309,0.4695878028869629,0.6322652101516724,0.9994505047798157,1.0100868940353394,0.4715924859046936,0.6321920156478882,0.9994884729385376,1.0128648281097412,0.4736347198486328,0.631979763507843,0.9995279312133789,0.9789077043533325,0.45501166582107544,0.34648364782333374,0.9993870258331299,1.008782148361206,0.4765113592147827,0.3495248258113861,0.9995160102844238,0.9649430513381958,0.4702131152153015,0.6218224167823792,0.9986075758934021,0.9742447137832642,0.47852659225463867,0.6201186180114746,0.9988099336624146,0.836580753326416,0.43646278977394104,0.2333560585975647,0.9989836812019348,0.9543255567550659,0.5423426628112793,0.15944302082061768,0.9996135830879211,0.7328431606292725,0.3791874647140503,0.35110870003700256,0.9939464926719666,0.8427771329879761,0.6024510264396667,0.39468085765838623,0.2643030881881714,0.7170829772949219,0.3122100830078125,0.6150054931640625,0.9694724082946777,0.7839090824127197,0.5918965935707092,0.785783052444458,0.0777425765991211,0.7097692489624023,0.29131245613098145,0.64105224609375,0.938886284828186,0.7705864906311035,0.5888107419013977,0.8253703713417053,0.09696424752473831,0.7224783301353455,0.2863737940788269,0.6387890577316284,0.9373993873596191,0.7665090560913086,0.5781125426292419,0.8128411769866943,0.09822335839271545,0.7242015600204468,0.29644495248794556,0.6222913265228271,0.9109558463096619,0.7683844566345215,0.5771757364273071,0.7943353652954102,0.11205419152975082,0.5869953632354736,0.6157321333885193,0.1393135040998459,0.999868631362915,0.6857245564460754,0.6453508734703064,-0.1401747167110443,0.9999157190322876,0.4923588037490845,0.74610835313797,0.2121579945087433,0.9926112294197083,0.7888791561126709,0.7955644726753235,0.018331395462155342,0.9990018010139465,0.37387776374816895,0.863918662071228,0.29065170884132385,0.9799930453300476,0.81056809425354,0.9652292728424072,0.09010068327188492,0.9959523677825928,0.34107303619384766,0.8776718378067017,0.3034791052341461,0.9794797301292419,0.7748026847839355,0.985007643699646,0.10359734296798706,0.9906551241874695,0.39896804094314575,0.8903646469116211,0.2684899568557739,0.7774325609207153,0.8834449648857117,0.9896705150604248,0.10120029747486115,0.9471558332443237
U19_v4,195,1,1.0056650638580322,0.45386940240859985,0.5437538623809814,0.9995367527008057,1.0105279684066772,0.4441262483596802,0.46640366315841675,0.9996482133865356,1.0030876398086548,0.43780237436294556,0.4662870168685913,0.9996827840805054,0.9975628852844238,0.4360695481300354,0.4662998616695404,0.9996167421340942,1.019190788269043,0.45149797201156616,0.47111427783966064,0.9996803998947144,1.0261284112930298,0.4565826654434204,0.4711146950721741,0.9997239708900452,1.0274815559387207,0.4591909646987915,0.47079965472221375,0.99972003698349,0.9790178537368774,0.4365641474723816,0.19594012200832367,0.9995549321174622,1.0199863910675049,0.46583259105682373,0.21701230108737946,0.9997474551200867,0.9784867763519287,0.4573338031768799,0.46520742774009705,0.9985629916191101,0.9924978613853455,0.4660893678665161,0.46898820996284485,0.9988613128662109,0.8396736979484558,0.44119876623153687,0.10998363047838211,0.9988164901733398,0.967502236366272,0.5382933616638184,0.06706207990646362,0.9995505213737488,0.7345705032348633,0.3869559168815613,0.15306055545806885,0.9954267740249634,0.8616578578948975,0.620508074760437,0.29754942655563354,0.4695707857608795,0.7360384464263916,0.3007745146751404,0.28950345516204834,0.9886704683303833,0.8224577903747559,0.6103134155273438,0.6648065447807312,0.13289456069469452,0.7233113050460815,0.28121960163116455,0.30382081866264343,0.9746519327163696,0.8196488618850708,0.6143708229064941,0.7093197703361511,0.1286277025938034,0.7421226501464844,0.2773696482181549,0.3103718161582947,0.9740229249000549,0.817636251449585,0.6028463244438171,0.7059000134468079,0.1266213059425354,0.7500287294387817,0.28684335947036743,0.2994174063205719,0.9542156457901001,0.8168962001800537,0.6003379821777344,0.6777702569961548,0.13982966542243958,0.6067598462104797,0.6342190504074097,0.09956040978431702,0.9996919631958008,0.708796501159668,0.6680091023445129,-0.10065830498933792,0.9997785687446594,0.4998839497566223,0.7586014866828918,0.1787234991788864,0.9925629496574402,0.8175162076950073,0.8223413228988647,0.08724988251924515,0.9970631003379822,0.3530389368534088,0.8727155923843384,0.2294427752494812,0.9661298394203186,0.7615562081336975,0.9825823307037354,0.18416771292686462,0.9884527325630188,0.31885531544685364,0.8891360759735107,0.2396879643201828,0.9691196084022522,0.728467583656311,0.998003363609314,0.20254813134670258,0.9779264330863953,0.3732149302959442,0.8847602009773254,0.22873711585998535,0.6987432837486267,0.8632440567016602,0.9974154233932495,0.23776917159557343,0.8853303790092468
U19_v4,196,1,0.9773825407028198,0.45897921919822693,0.6532029509544373,0.9982492923736572,0.9819812774658203,0.44951754808425903,0.5763885974884033,0.9983548521995544,0.9776898622512817,0.4475194215774536,0.5763149261474609,0.9984691739082336,0.9689104557037354,0.4466351866722107,0.5763413310050964,0.998403012752533,0.9956574440002441,0.45758718252182007,0.5862904787063599,0.9982377290725708,0.9983818531036377,0.4601254463195801,0.5863867998123169,0.9983395338058472,1.0004703998565674,0.4624830186367035,0.5860686898231506,0.9982767105102539,0.9509943723678589,0.4459454417228699,0.2826644778251648,0.9981999397277832,0.9951716661453247,0.47362273931503296,0.3258745074272156,0.9982849955558777,0.9603877067565918,0.46550047397613525,0.5626357197761536,0.9937745332717896,0.9702790975570679,0.47202110290527344,0.5732560157775879,0.9939746260643005,0.823882520198822,0.4499344229698181,0.16579124331474304,0.9990838766098022,0.9706611037254333,0.5403924584388733,0.15065006911754608,0.999265730381012,0.7308141589164734,0.39237117767333984,0.21197418868541718,0.984186589717865,0.8988940715789795,0.6372663974761963,0.36858415603637695,0.4744667410850525,0.750789999961853,0.29934120178222656,0.4207990765571594,0.9783021211624146,0.874841570854187,0.6256285905838013,0.7666995525360107,0.11936923116445541,0.7499048709869385,0.27897369861602783,0.4445720314979553,0.9581357836723328,0.8715218305587769,0.6213386058807373,0.8266405463218689,0.11768778413534164,0.77597975730896,0.2807070314884186,0.46470820903778076,0.9565892815589905,0.8715143799781799,0.6180629730224609,0.8145979046821594,0.11338280886411667,0.7770495414733887,0.28774288296699524,0.4373495578765869,0.9278609156608582,0.860912561416626,0.6144259572029114,0.7767080068588257,0.12775547802448273,0.6149091124534607,0.652569055557251,0.09130953997373581,0.9996925592422485,0.7215831875801086,0.6859807372093201,-0.09262313693761826,0.9997010231018066,0.507445752620697,0.7762999534606934,0.16196036338806152,0.9691947102546692,0.8210932612419128,0.838775098323822,0.07131174951791763,0.986927330493927,0.3396476209163666,0.8843653798103333,0.1551351100206375,0.93178790807724,0.7216503620147705,0.9919081926345825,0.08275661617517471,0.9704227447509766,0.311727911233902,0.8995867371559143,0.15698803961277008,0.9457460641860962,0.6812759637832642,1.0001014471054077,0.09388209879398346,0.9540529847145081,0.3419859707355499,0.8923771381378174,0.14857108891010284,0.6743462085723877,0.7460360527038574,1.0368385314941406,0.13039110600948334,0.817435622215271
U19_v4,197,1,1.0018789768218994,0.46005791425704956,0.38115036487579346,0.9986661672592163,1.0167315006256104,0.45017898082733154,0.3071850538253784,0.9986336827278137,1.0106606483459473,0.4471410810947418,0.30713343620300293,0.9984561204910278,1.0045074224472046,0.4441969394683838,0.307307630777359,0.9985609650611877,1.0176892280578613,0.45629966259002686,0.3061226010322571,0.9988564252853394,1.0182209014892578,0.45872920751571655,0.30610191822052,0.9986978769302368,1.0186487436294556,0.461006760597229,0.3057311773300171,0.998795747756958,0.9804448485374451,0.4433283805847168,0.05796820670366287,0.9980164766311646,1.0084208250045776,0.4722200036048889,0.05329727753996849,0.9987651109695435,0.9826029539108276,0.46927905082702637,0.30881571769714355,0.9964026212692261,0.9952001571655273,0.4760991036891937,0.30626314878463745,0.9972851276397705,0.8292074203491211,0.45724090933799744,0.020298924297094345,0.9983616471290588,0.9826409816741943,0.5392146706581116,-0.09494238346815109,0.9990371465682983,0.7153743505477905,0.3940131366252899,0.018314583227038383,0.9902746677398682,0.9271416068077087,0.6300610303878784,0.10492993891239166,0.6527525782585144,0.7476943135261536,0.30005356669425964,0.10151220113039017,0.9876453280448914,0.9478297233581543,0.6213573813438416,0.5160515904426575,0.15393050014972687,0.7473340034484863,0.28024542331695557,0.09972681105136871,0.9757805466651917,0.9490885138511658,0.6249188184738159,0.5587344169616699,0.13822633028030396,0.7748498916625977,0.2816447913646698,0.10420581698417664,0.9753446578979492,0.9375423789024353,0.6091253161430359,0.5490471124649048,0.13589516282081604,0.7753121256828308,0.2902121841907501,0.10559625178575516,0.9562903642654419,0.9328714609146118,0.6091356873512268,0.5258608460426331,0.15305888652801514,0.642514169216156,0.6609987020492554,0.13860256969928741,0.998522937297821,0.7266227006912231,0.6939694285392761,-0.13948968052864075,0.9990620017051697,0.5421727895736694,0.7882241606712341,0.19168931245803833,0.7686278223991394,0.8333269357681274,0.847196638584137,-0.062310781329870224,0.9572755098342896,0.34339848160743713,0.878951907157898,0.23102624714374542,0.7713343501091003,0.6879329681396484,0.9884975552558899,0.004647393710911274,0.92851322889328,0.29971545934677124,0.8857410550117493,0.2347405105829239,0.8020284175872803,0.6456892490386963,0.9953951835632324,0.01556825265288353,0.9072063565254211,0.34572792053222656,0.9020412564277649,0.21805264055728912,0.657447099685669,0.7250139713287354,1.0243712663650513,0.023264989256858826,0.8282554745674133
U19_v4,198,1,1.0431162118911743,0.4901420474052429,0.08963882178068161,0.9839862585067749,1.058484435081482,0.47650831937789917,0.05899199843406677,0.9787346124649048,1.054775357246399,0.47344622015953064,0.05890141800045967,0.9786231517791748,1.050894021987915,0.4704563617706299,0.059094399213790894,0.9789721965789795,1.0637786388397217,0.4814879596233368,0.00947144441306591,0.9857457876205444,1.063711166381836,0.4814882278442383,0.00936537329107523,0.9846694469451904,1.0637820959091187,0.4815608263015747,0.009078552946448326,0.9856396913528442,1.0024536848068237,0.45790284872055054,-0.008794265799224377,0.9743189811706543,1.0019919872283936,0.460934042930603,-0.2300926297903061,0.9809308648109436,1.0159879922866821,0.49097684025764465,0.08374413847923279,0.959339439868927,1.016605019569397,0.49708881974220276,0.01914227567613125,0.9760105609893799,0.8480043411254883,0.4571952223777771,0.0600973516702652,0.995022177696228,0.9626818895339966,0.5253382325172424,-0.350481241941452,0.998514711856842,0.7155861258506775,0.39353856444358826,0.11952116340398788,0.8432940244674683,0.9159336686134338,0.607661247253418,-0.2589288353919983,0.7838678359985352,0.7504481673240662,0.3011845648288727,0.14802806079387665,0.8377532958984375,0.9748417139053345,0.5769253373146057,0.12460756301879883,0.36236944794654846,0.757426917552948,0.27817675471305847,0.13098670542240143,0.8083911538124084,1.0010985136032104,0.5745058655738831,0.13515323400497437,0.3469112515449524,0.783295214176178,0.28027305006980896,0.12093110382556915,0.8062358498573303,1.0046746730804443,0.5596010684967041,0.1455327272415161,0.3393856883049011,0.7814350724220276,0.28978919982910156,0.14115376770496368,0.7391058206558228,0.9890928268432617,0.5598337650299072,0.1430780589580536,0.32016631960868835,0.6618215441703796,0.6646432876586914,0.2153744250535965,0.9952253103256226,0.7181015610694885,0.6891764402389526,-0.21567821502685547,0.9973581433296204,0.6039960384368896,0.7987428307533264,0.2785279154777527,0.6134704947471619,0.8094452023506165,0.8504774570465088,-0.17095689475536346,0.9544451832771301,0.38210177421569824,0.8870023488998413,0.40267330408096313,0.7121474146842957,0.6368369460105896,0.9826337099075317,-0.03451698273420334,0.9070053696632385,0.32419517636299133,0.8819609880447388,0.4097220003604889,0.7277844548225403,0.571323037147522,0.9868345856666565,-0.01781429536640644,0.873058021068573,0.3667590618133545,0.9174385070800781,0.38516509532928467,0.6828401684761047,0.6630852818489075,1.0360640287399292,-0.024196088314056396,0.8512231707572937
U19_v4,199,1,1.0015168190002441,0.46785467863082886,0.3239756226539612,0.9753190279006958,1.0074496269226074,0.45649126172065735,0.2632525861263275,0.970379650592804,1.0031771659851074,0.45373308658599854,0.26312586665153503,0.9706429839134216,0.9987646341323853,0.45105642080307007,0.2632496654987335,0.9719579815864563,1.00361168384552,0.4540005326271057,0.23827394843101501,0.9777898788452148,1.0031399726867676,0.4546680450439453,0.238150954246521,0.9767665863037109,1.002457618713379,0.45537036657333374,0.23767399787902832,0.9767802357673645,0.977680504322052,0.44385287165641785,0.08110923320055008,0.9699391722679138,0.9921875,0.45592430233955383,-0.028121760115027428,0.9745330214500427,0.9752252101898193,0.4703037738800049,0.27893608808517456,0.9478700160980225,0.9888659119606018,0.47688862681388855,0.24599897861480713,0.9629179239273071,0.8343180418014526,0.4528893828392029,0.09718407690525055,0.996199905872345,0.9765154123306274,0.5242987275123596,-0.20289695262908936,0.9990002512931824,0.718189001083374,0.38740745186805725,0.1438722163438797,0.9649683833122253,0.9516162276268005,0.6167544722557068,-0.005350102204829454,0.7369371056556702,0.7524274587631226,0.2954113781452179,0.2927890419960022,0.9529312252998352,0.9591526389122009,0.6125531196594238,0.47423169016838074,0.1851566582918167,0.7616076469421387,0.27459022402763367,0.2995857298374176,0.9272593855857849,0.9661310911178589,0.6166956424713135,0.5236751437187195,0.17275545001029968,0.7811033129692078,0.2736378610134125,0.30452626943588257,0.9245907068252563,0.9689955711364746,0.6038867831230164,0.5258731245994568,0.16499477624893188,0.7805390357971191,0.2822970747947693,0.29655393958091736,0.8804288506507874,0.9577840566635132,0.601242184638977,0.49271464347839355,0.16766107082366943,0.6657304763793945,0.6612750291824341,0.20024830102920532,0.9976781010627747,0.731157660484314,0.6867584586143494,-0.20106111466884613,0.9986459612846375,0.6308188438415527,0.8079642057418823,0.21865113079547882,0.6021597385406494,0.790435791015625,0.8477147221565247,-0.12808352708816528,0.9527897834777832,0.3974739611148834,0.8861751556396484,0.29700079560279846,0.6202446818351746,0.6060572862625122,0.9866093397140503,-0.08908116817474365,0.9156849384307861,0.3403889536857605,0.8812686800956726,0.3045048713684082,0.7073776125907898,0.5409875512123108,0.9915149211883545,-0.08103444427251816,0.9081515669822693,0.3895973265171051,0.9375400543212891,0.2961913049221039,0.5882799029350281,0.6556111574172974,1.0399417877197266,-0.1008278876543045,0.8272524476051331
U19_v4,200,1,1.0367343425750732,0.4529062509536743,0.25892215967178345,0.9663966298103333,1.0418503284454346,0.4345243573188782,0.20468725264072418,0.9604085683822632,1.0371049642562866,0.431175172328949,0.20461460947990417,0.963694155216217,1.0322949886322021,0.42793288826942444,0.2047334462404251,0.9604403376579285,1.0520105361938477,0.4413358271121979,0.17228049039840698,0.9710242748260498,1.0541508197784424,0.442414790391922,0.17215882241725922,0.9732531309127808,1.0564000606536865,0.44350486993789673,0.171686053276062,0.9725090265274048,1.004935383796692,0.4192965626716614,0.04600635543465614,0.9705911874771118,0.9993487596511841,0.43974077701568604,-0.09390469640493393,0.9797104597091675,1.0053796768188477,0.45759493112564087,0.2213539481163025,0.9354712963104248,1.0040955543518066,0.4588389992713928,0.1799030750989914,0.9584217071533203,0.8468725681304932,0.43790650367736816,0.08846619725227356,0.9948698282241821,0.9812401533126831,0.505472719669342,-0.26026907563209534,0.9983035326004028,0.7301297187805176,0.38163286447525024,0.1630469262599945,0.9042909741401672,0.9332543611526489,0.5934199094772339,-0.05405859276652336,0.5582578182220459,0.7641191482543945,0.291999489068985,0.3418205976486206,0.9147191047668457,0.9563133120536804,0.6076679229736328,0.3969680368900299,0.20007023215293884,0.7688694596290588,0.2702583074569702,0.3450484275817871,0.8752363920211792,0.967797040939331,0.6160356998443604,0.4364902377128601,0.21273012459278107,0.7878078818321228,0.26830992102622986,0.3545924127101898,0.8691571950912476,0.9713807702064514,0.5999101400375366,0.42107200622558594,0.20525343716144562,0.7870712280273438,0.27756980061531067,0.3458075225353241,0.8055623769760132,0.957787275314331,0.5956210494041443,0.40697312355041504,0.2007584273815155,0.6870798468589783,0.6593158841133118,0.19939900934696198,0.9950096607208252,0.7264144420623779,0.6700973510742188,-0.19974260032176971,0.9970232844352722,0.6787930130958557,0.8141236305236816,0.1697026491165161,0.5232213735580444,0.7718439698219299,0.8495998382568359,-0.16604429483413696,0.8913154006004333,0.44564372301101685,0.8987038731575012,0.2510823905467987,0.5096964240074158,0.5692299008369446,0.9809761047363281,-0.11922282725572586,0.8017475605010986,0.3934868276119232,0.8969951272010803,0.25511544942855835,0.5944558382034302,0.5046152472496033,0.9876564741134644,-0.1126810684800148,0.817126452922821,0.4234939217567444,0.9417462348937988,0.2110341638326645,0.5010797381401062,0.643385648727417,1.0457292795181274,-0.17226441204547882,0.6826931834220886
U19_v4,201,1,1.01183021068573,0.41459134221076965,0.24962501227855682,0.9514114260673523,1.0137735605239868,0.3970664143562317,0.186674565076828,0.9504267573356628,1.0081508159637451,0.39434513449668884,0.1866018921136856,0.9535824060440063,1.0025177001953125,0.39172807335853577,0.18669290840625763,0.945852518081665,1.0279803276062012,0.40375441312789917,0.1669260710477829,0.962773859500885,1.031851887702942,0.40544945001602173,0.1667836308479309,0.9680915474891663,1.0357846021652222,0.40714162588119507,0.16632840037345886,0.9649714827537537,0.9766908288002014,0.3904891908168793,-0.0027338440995663404,0.9580292701721191,1.0050255060195923,0.41452521085739136,-0.0867525041103363,0.9766843318939209,1.0009585618972778,0.42657843232154846,0.20147044956684113,0.8839818239212036,0.9973305463790894,0.42917171120643616,0.17645956575870514,0.9277644753456116,0.8262492418289185,0.42804741859436035,0.05168682336807251,0.9924978613853455,0.9761830568313599,0.48141640424728394,-0.2538716197013855,0.998024582862854,0.7257251739501953,0.3746013641357422,0.19841338694095612,0.8496159911155701,0.9559612274169922,0.5910108089447021,-0.0640016496181488,0.5609922409057617,0.7704818844795227,0.288715660572052,0.46878185868263245,0.8710343837738037,0.9681007266044617,0.5943138003349304,0.2770439684391022,0.23207610845565796,0.7717280387878418,0.26058387756347656,0.4869837164878845,0.840398907661438,0.974570631980896,0.6012610793113708,0.3001047372817993,0.261055052280426,0.7914637327194214,0.2622961103916168,0.48623692989349365,0.8343284130096436,0.9746181964874268,0.5842553973197937,0.27672988176345825,0.25352856516838074,0.7967215180397034,0.2688111960887909,0.4728766679763794,0.7735097408294678,0.9623156785964966,0.5809363126754761,0.27986764907836914,0.2465420514345169,0.686850368976593,0.6461888551712036,0.20376262068748474,0.9948806762695312,0.7608914375305176,0.6691267490386963,-0.20415286719799042,0.9976277947425842,0.6993231773376465,0.8019477725028992,0.35069769620895386,0.23145058751106262,0.7568126916885376,0.8420246243476868,-0.16388888657093048,0.8614872694015503,0.5074036717414856,0.9033496379852295,0.5500391721725464,0.332265168428421,0.5375195741653442,0.9603880643844604,-0.10245233029127121,0.8299680352210999,0.4541116952896118,0.9051681756973267,0.5637321472167969,0.43768593668937683,0.4795243740081787,0.9725888967514038,-0.09589606523513794,0.8381255269050598,0.5385491847991943,0.9523934125900269,0.5599250793457031,0.3717305362224579,0.6058028936386108,1.0135217905044556,-0.1507214456796646,0.707831621170044
U19_v4,202,1,1.0314953327178955,0.40561574697494507,0.0003012619854416698,0.9226949214935303,1.0320301055908203,0.3886713981628418,-0.04389096051454544,0.9313852787017822,1.0270805358886719,0.38618674874305725,-0.044016044586896896,0.9289072155952454,1.0220969915390015,0.383794367313385,-0.043963950127363205,0.9228819012641907,1.0416401624679565,0.39430302381515503,-0.07835950702428818,0.9499803781509399,1.0430190563201904,0.39548754692077637,-0.07850705087184906,0.9502798914909363,1.0445077419281006,0.3966800570487976,-0.0789298564195633,0.9494279623031616,0.9890651106834412,0.38168805837631226,-0.1523931920528412,0.9188004732131958,1.0015928745269775,0.39864662289619446,-0.3065875172615051,0.9642306566238403,1.0086658000946045,0.4139522910118103,-0.01959170214831829,0.8708983659744263,1.0063707828521729,0.41705405712127686,-0.06468579918146133,0.9271413683891296,0.8400932550430298,0.4117950201034546,-0.07468710839748383,0.9858763813972473,0.9759759902954102,0.4699705243110657,-0.4196730852127075,0.997531533241272,0.7337409257888794,0.3662121891975403,0.038069915026426315,0.8244315981864929,0.9404197931289673,0.565335214138031,-0.2169482707977295,0.4607134461402893,0.7820590734481812,0.28370359539985657,0.19486196339130402,0.833728551864624,0.9706660509109497,0.577829122543335,0.12805932760238647,0.1749238520860672,0.7816927433013916,0.2578873932361603,0.18739080429077148,0.8029763698577881,0.9821269512176514,0.5852205157279968,0.13251063227653503,0.20176731050014496,0.799874484539032,0.2576894164085388,0.1757127195596695,0.797650933265686,0.9859346747398376,0.5676771402359009,0.11226455867290497,0.194215327501297,0.8055192828178406,0.2683507204055786,0.19065377116203308,0.733411967754364,0.9724700450897217,0.5641686916351318,0.130745530128479,0.18700852990150452,0.7003775835037231,0.6298350691795349,0.20208598673343658,0.9849326014518738,0.7597498893737793,0.655575156211853,-0.20245563983917236,0.9947804808616638,0.7146320939064026,0.7793840169906616,0.41388511657714844,0.12144378572702408,0.7147439122200012,0.8219422101974487,-0.13553419709205627,0.7231541275978088,0.5845013856887817,0.895148754119873,0.6932408809661865,0.15216979384422302,0.5231095552444458,0.9486715197563171,-0.043725162744522095,0.6435171961784363,0.5397619605064392,0.8995372653007507,0.7139884233474731,0.24959062039852142,0.4621891975402832,0.9592995643615723,-0.03818780928850174,0.6583172082901001,0.6291280388832092,0.9339330792427063,0.6870918869972229,0.20703177154064178,0.5674013495445251,0.9930720329284668,-0.1499653160572052,0.4834365248680115
U19_v4,203,1,1.0468798875808716,0.41043710708618164,0.006323391571640968,0.9305897951126099,1.0471515655517578,0.3928886651992798,-0.020047245547175407,0.9345624446868896,1.0426384210586548,0.3904257118701935,-0.020188478752970695,0.9306507706642151,1.0380611419677734,0.3880445063114166,-0.020171156153082848,0.9257266521453857,1.0539287328720093,0.39778590202331543,-0.06887756288051605,0.9541330337524414,1.0537834167480469,0.3984374403953552,-0.06901173293590546,0.9544116258621216,1.0538021326065063,0.3991156816482544,-0.0693943127989769,0.9541953206062317,1.001868486404419,0.3833695650100708,-0.07264102250337601,0.9273268580436707,1.0104484558105469,0.39422643184661865,-0.2911124527454376,0.9647732377052307,1.0239373445510864,0.4186924695968628,0.005094490945339203,0.8735581040382385,1.0200042724609375,0.42099249362945557,-0.05871301889419556,0.9302730560302734,0.8473955392837524,0.41226038336753845,0.023998109623789787,0.9869237542152405,0.968717098236084,0.4661962389945984,-0.41761714220046997,0.9981685876846313,0.734952986240387,0.3654076159000397,0.17826220393180847,0.67041015625,0.9385859966278076,0.564478874206543,-0.2727661430835724,0.5296681523323059,0.7800512313842773,0.2831544578075409,0.3642379641532898,0.7120276093482971,0.9776474237442017,0.5772440433502197,0.04381037876009941,0.2580980956554413,0.7853840589523315,0.2593473792076111,0.36527231335639954,0.6963380575180054,0.9938576221466064,0.5856069922447205,0.03798213601112366,0.2953125238418579,0.8023173213005066,0.2576771378517151,0.35281243920326233,0.6882345080375671,0.9991103410720825,0.567462146282196,0.022023748606443405,0.284831702709198,0.806684136390686,0.26778221130371094,0.35956770181655884,0.6230147480964661,0.9837967157363892,0.5638062953948975,0.04774131625890732,0.25867974758148193,0.7031462788581848,0.630094051361084,0.21898436546325684,0.9832345247268677,0.7570191025733948,0.6550614237785339,-0.21932777762413025,0.9944022297859192,0.7186501026153564,0.7685533761978149,0.42930400371551514,0.10566001385450363,0.7114118933677673,0.8236602544784546,-0.16578488051891327,0.7198976278305054,0.5856451392173767,0.8854782581329346,0.7099811434745789,0.126188725233078,0.5192903280258179,0.948440432548523,-0.07289430499076843,0.6658971905708313,0.546884298324585,0.8996235132217407,0.7300466895103455,0.22231216728687286,0.45916253328323364,0.9601453542709351,-0.0663985088467598,0.6862826943397522,0.6353588104248047,0.9302476644515991,0.7042407393455505,0.1900242567062378,0.566274881362915,0.9927939176559448,-0.1753038614988327,0.5265299081802368
