video_id,frame_id,target_detected,landmark_0_x,landmark_0_y,landmark_0_z,landmark_0_visibility,landmark_1_x,landmark_1_y,landmark_1_z,landmark_1_visibility,landmark_2_x,landmark_2_y,landmark_2_z,landmark_2_visibility,landmark_3_x,landmark_3_y,landmark_3_z,landmark_3_visibility,landmark_4_x,landmark_4_y,landmark_4_z,landmark_4_visibility,landmark_5_x,landmark_5_y,landmark_5_z,landmark_5_visibility,landmark_6_x,landmark_6_y,landmark_6_z,landmark_6_visibility,landmark_7_x,landmark_7_y,landmark_7_z,landmark_7_visibility,landmark_8_x,landmark_8_y,landmark_8_z,landmark_8_visibility,landmark_9_x,landmark_9_y,landmark_9_z,landmark_9_visibility,landmark_10_x,landmark_10_y,landmark_10_z,landmark_10_visibility,landmark_11_x,landmark_11_y,landmark_11_z,landmark_11_visibility,landmark_12_x,landmark_12_y,landmark_12_z,landmark_12_visibility,landmark_13_x,landmark_13_y,landmark_13_z,landmark_13_visibility,landmark_14_x,landmark_14_y,landmark_14_z,landmark_14_visibility,landmark_15_x,landmark_15_y,landmark_15_z,landmark_15_visibility,landmark_16_x,landmark_16_y,landmark_16_z,landmark_16_visibility,landmark_17_x,landmark_17_y,landmark_17_z,landmark_17_visibility,landmark_18_x,landmark_18_y,landmark_18_z,landmark_18_visibility,landmark_19_x,landmark_19_y,landmark_19_z,landmark_19_visibility,landmark_20_x,landmark_20_y,landmark_20_z,landmark_20_visibility,landmark_21_x,landmark_21_y,landmark_21_z,landmark_21_visibility,landmark_22_x,landmark_22_y,landmark_22_z,landmark_22_visibility,landmark_23_x,landmark_23_y,landmark_23_z,landmark_23_visibility,landmark_24_x,landmark_24_y,landmark_24_z,landmark_24_visibility,landmark_25_x,landmark_25_y,landmark_25_z,landmark_25_visibility,landmark_26_x,landmark_26_y,landmark_26_z,landmark_26_visibility,landmark_27_x,landmark_27_y,landmark_27_z,landmark_27_visibility,landmark_28_x,landmark_28_y,landmark_28_z,landmark_28_visibility,landmark_29_x,landmark_29_y,landmark_29_z,landmark_29_visibility,landmark_30_x,landmark_30_y,landmark_30_z,landmark_30_visibility,landmark_31_x,landmark_31_y,landmark_31_z,landmark_31_visibility,landmark_32_x,landmark_32_y,landmark_32_z,landmark_32_visibility
U15_v4,1,0,,,,,,,,,,,,,,,,,,,,,,,,,,,,,,,,,,,,,,,,,,,,,,,,,,,,,,,,,,,,,,,,,,,,,,,,,,,,,,,,,,,,,,,,,,,,,,,,,,,,,,,,,,,,,,,,,,,,,,,,,,,,,,,,,,,,
U15_v4,2,0,,,,,,,,,,,,,,,,,,,,,,,,,,,,,,,,,,,,,,,,,,,,,,,,,,,,,,,,,,,,,,,,,,,,,,,,,,,,,,,,,,,,,,,,,,,,,,,,,,,,,,,,,,,,,,,,,,,,,,,,,,,,,,,,,,,,
U15_v4,3,0,,,,,,,,,,,,,,,,,,,,,,,,,,,,,,,,,,,,,,,,,,,,,,,,,,,,,,,,,,,,,,,,,,,,,,,,,,,,,,,,,,,,,,,,,,,,,,,,,,,,,,,,,,,,,,,,,,,,,,,,,,,,,,,,,,,,
U15_v4,4,0,,,,,,,,,,,,,,,,,,,,,,,,,,,,,,,,,,,,,,,,,,,,,,,,,,,,,,,,,,,,,,,,,,,,,,,,,,,,,,,,,,,,,,,,,,,,,,,,,,,,,,,,,,,,,,,,,,,,,,,,,,,,,,,,,,,,
U15_v4,5,0,,,,,,,,,,,,,,,,,,,,,,,,,,,,,,,,,,,,,,,,,,,,,,,,,,,,,,,,,,,,,,,,,,,,,,,,,,,,,,,,,,,,,,,,,,,,,,,,,,,,,,,,,,,,,,,,,,,,,,,,,,,,,,,,,,,,
U15_v4,6,0,,,,,,,,,,,,,,,,,,,,,,,,,,,,,,,,,,,,,,,,,,,,,,,,,,,,,,,,,,,,,,,,,,,,,,,,,,,,,,,,,,,,,,,,,,,,,,,,,,,,,,,,,,,,,,,,,,,,,,,,,,,,,,,,,,,,
U15_v4,7,0,,,,,,,,,,,,,,,,,,,,,,,,,,,,,,,,,,,,,,,,,,,,,,,,,,,,,,,,,,,,,,,,,,,,,,,,,,,,,,,,,,,,,,,,,,,,,,,,,,,,,,,,,,,,,,,,,,,,,,,,,,,,,,,,,,,,
U15_v4,8,0,,,,,,,,,,,,,,,,,,,,,,,,,,,,,,,,,,,,,,,,,,,,,,,,,,,,,,,,,,,,,,,,,,,,,,,,,,,,,,,,,,,,,,,,,,,,,,,,,,,,,,,,,,,,,,,,,,,,,,,,,,,,,,,,,,,,
U15_v4,9,0,,,,,,,,,,,,,,,,,,,,,,,,,,,,,,,,,,,,,,,,,,,,,,,,,,,,,,,,,,,,,,,,,,,,,,,,,,,,,,,,,,,,,,,,,,,,,,,,,,,,,,,,,,,,,,,,,,,,,,,,,,,,,,,,,,,,
U15_v4,10,0,,,,,,,,,,,,,,,,,,,,,,,,,,,,,,,,,,,,,,,,,,,,,,,,,,,,,,,,,,,,,,,,,,,,,,,,,,,,,,,,,,,,,,,,,,,,,,,,,,,,,,,,,,,,,,,,,,,,,,,,,,,,,,,,,,,,
U15_v4,11,0,,,,,,,,,,,,,,,,,,,,,,,,,,,,,,,,,,,,,,,,,,,,,,,,,,,,,,,,,,,,,,,,,,,,,,,,,,,,,,,,,,,,,,,,,,,,,,,,,,,,,,,,,,,,,,,,,,,,,,,,,,,,,,,,,,,,
U15_v4,12,0,,,,,,,,,,,,,,,,,,,,,,,,,,,,,,,,,,,,,,,,,,,,,,,,,,,,,,,,,,,,,,,,,,,,,,,,,,,,,,,,,,,,,,,,,,,,,,,,,,,,,,,,,,,,,,,,,,,,,,,,,,,,,,,,,,,,
U15_v4,13,0,,,,,,,,,,,,,,,,,,,,,,,,,,,,,,,,,,,,,,,,,,,,,,,,,,,,,,,,,,,,,,,,,,,,,,,,,,,,,,,,,,,,,,,,,,,,,,,,,,,,,,,,,,,,,,,,,,,,,,,,,,,,,,,,,,,,
U15_v4,14,0,,,,,,,,,,,,,,,,,,,,,,,,,,,,,,,,,,,,,,,,,,,,,,,,,,,,,,,,,,,,,,,,,,,,,,,,,,,,,,,,,,,,,,,,,,,,,,,,,,,,,,,,,,,,,,,,,,,,,,,,,,,,,,,,,,,,
U15_v4,15,0,,,,,,,,,,,,,,,,,,,,,,,,,,,,,,,,,,,,,,,,,,,,,,,,,,,,,,,,,,,,,,,,,,,,,,,,,,,,,,,,,,,,,,,,,,,,,,,,,,,,,,,,,,,,,,,,,,,,,,,,,,,,,,,,,,,,
U15_v4,16,0,,,,,,,,,,,,,,,,,,,,,,,,,,,,,,,,,,,,,,,,,,,,,,,,,,,,,,,,,,,,,,,,,,,,,,,,,,,,,,,,,,,,,,,,,,,,,,,,,,,,,,,,,,,,,,,,,,,,,,,,,,,,,,,,,,,,
U15_v4,17,0,,,,,,,,,,,,,,,,,,,,,,,,,,,,,,,,,,,,,,,,,,,,,,,,,,,,,,,,,,,,,,,,,,,,,,,,,,,,,,,,,,,,,,,,,,,,,,,,,,,,,,,,,,,,,,,,,,,,,,,,,,,,,,,,,,,,
U15_v4,18,0,,,,,,,,,,,,,,,,,,,,,,,,,,,,,,,,,,,,,,,,,,,,,,,,,,,,,,,,,,,,,,,,,,,,,,,,,,,,,,,,,,,,,,,,,,,,,,,,,,,,,,,,,,,,,,,,,,,,,,,,,,,,,,,,,,,,
U15_v4,19,0,,,,,,,,,,,,,,,,,,,,,,,,,,,,,,,,,,,,,,,,,,,,,,,,,,,,,,,,,,,,,,,,,,,,,,,,,,,,,,,,,,,,,,,,,,,,,,,,,,,,,,,,,,,,,,,,,,,,,,,,,,,,,,,,,,,,
U15_v4,20,0,,,,,,,,,,,,,,,,,,,,,,,,,,,,,,,,,,,,,,,,,,,,,,,,,,,,,,,,,,,,,,,,,,,,,,,,,,,,,,,,,,,,,,,,,,,,,,,,,,,,,,,,,,,,,,,,,,,,,,,,,,,,,,,,,,,,
U15_v4,21,0,,,,,,,,,,,,,,,,,,,,,,,,,,,,,,,,,,,,,,,,,,,,,,,,,,,,,,,,,,,,,,,,,,,,,,,,,,,,,,,,,,,,,,,,,,,,,,,,,,,,,,,,,,,,,,,,,,,,,,,,,,,,,,,,,,,,
U15_v4,22,0,,,,,,,,,,,,,,,,,,,,,,,,,,,,,,,,,,,,,,,,,,,,,,,,,,,,,,,,,,,,,,,,,,,,,,,,,,,,,,,,,,,,,,,,,,,,,,,,,,,,,,,,,,,,,,,,,,,,,,,,,,,,,,,,,,,,
U15_v4,23,0,,,,,,,,,,,,,,,,,,,,,,,,,,,,,,,,,,,,,,,,,,,,,,,,,,,,,,,,,,,,,,,,,,,,,,,,,,,,,,,,,,,,,,,,,,,,,,,,,,,,,,,,,,,,,,,,,,,,,,,,,,,,,,,,,,,,
U15_v4,24,0,,,,,,,,,,,,,,,,,,,,,,,,,,,,,,,,,,,,,,,,,,,,,,,,,,,,,,,,,,,,,,,,,,,,,,,,,,,,,,,,,,,,,,,,,,,,,,,,,,,,,,,,,,,,,,,,,,,,,,,,,,,,,,,,,,,,
U15_v4,25,0,,,,,,,,,,,,,,,,,,,,,,,,,,,,,,,,,,,,,,,,,,,,,,,,,,,,,,,,,,,,,,,,,,,,,,,,,,,,,,,,,,,,,,,,,,,,,,,,,,,,,,,,,,,,,,,,,,,,,,,,,,,,,,,,,,,,
U15_v4,26,0,,,,,,,,,,,,,,,,,,,,,,,,,,,,,,,,,,,,,,,,,,,,,,,,,,,,,,,,,,,,,,,,,,,,,,,,,,,,,,,,,,,,,,,,,,,,,,,,,,,,,,,,,,,,,,,,,,,,,,,,,,,,,,,,,,,,
U15_v4,27,0,,,,,,,,,,,,,,,,,,,,,,,,,,,,,,,,,,,,,,,,,,,,,,,,,,,,,,,,,,,,,,,,,,,,,,,,,,,,,,,,,,,,,,,,,,,,,,,,,,,,,,,,,,,,,,,,,,,,,,,,,,,,,,,,,,,,
U15_v4,28,0,,,,,,,,,,,,,,,,,,,,,,,,,,,,,,,,,,,,,,,,,,,,,,,,,,,,,,,,,,,,,,,,,,,,,,,,,,,,,,,,,,,,,,,,,,,,,,,,,,,,,,,,,,,,,,,,,,,,,,,,,,,,,,,,,,,,
U15_v4,29,0,,,,,,,,,,,,,,,,,,,,,,,,,,,,,,,,,,,,,,,,,,,,,,,,,,,,,,,,,,,,,,,,,,,,,,,,,,,,,,,,,,,,,,,,,,,,,,,,,,,,,,,,,,,,,,,,,,,,,,,,,,,,,,,,,,,,
U15_v4,30,0,,,,,,,,,,,,,,,,,,,,,,,,,,,,,,,,,,,,,,,,,,,,,,,,,,,,,,,,,,,,,,,,,,,,,,,,,,,,,,,,,,,,,,,,,,,,,,,,,,,,,,,,,,,,,,,,,,,,,,,,,,,,,,,,,,,,
U15_v4,31,0,,,,,,,,,,,,,,,,,,,,,,,,,,,,,,,,,,,,,,,,,,,,,,,,,,,,,,,,,,,,,,,,,,,,,,,,,,,,,,,,,,,,,,,,,,,,,,,,,,,,,,,,,,,,,,,,,,,,,,,,,,,,,,,,,,,,
U15_v4,32,0,,,,,,,,,,,,,,,,,,,,,,,,,,,,,,,,,,,,,,,,,,,,,,,,,,,,,,,,,,,,,,,,,,,,,,,,,,,,,,,,,,,,,,,,,,,,,,,,,,,,,,,,,,,,,,,,,,,,,,,,,,,,,,,,,,,,
U15_v4,33,0,,,,,,,,,,,,,,,,,,,,,,,,,,,,,,,,,,,,,,,,,,,,,,,,,,,,,,,,,,,,,,,,,,,,,,,,,,,,,,,,,,,,,,,,,,,,,,,,,,,,,,,,,,,,,,,,,,,,,,,,,,,,,,,,,,,,
U15_v4,34,0,,,,,,,,,,,,,,,,,,,,,,,,,,,,,,,,,,,,,,,,,,,,,,,,,,,,,,,,,,,,,,,,,,,,,,,,,,,,,,,,,,,,,,,,,,,,,,,,,,,,,,,,,,,,,,,,,,,,,,,,,,,,,,,,,,,,
U15_v4,35,0,,,,,,,,,,,,,,,,,,,,,,,,,,,,,,,,,,,,,,,,,,,,,,,,,,,,,,,,,,,,,,,,,,,,,,,,,,,,,,,,,,,,,,,,,,,,,,,,,,,,,,,,,,,,,,,,,,,,,,,,,,,,,,,,,,,,
U15_v4,36,0,,,,,,,,,,,,,,,,,,,,,,,,,,,,,,,,,,,,,,,,,,,,,,,,,,,,,,,,,,,,,,,,,,,,,,,,,,,,,,,,,,,,,,,,,,,,,,,,,,,,,,,,,,,,,,,,,,,,,,,,,,,,,,,,,,,,
U15_v4,37,0,,,,,,,,,,,,,,,,,,,,,,,,,,,,,,,,,,,,,,,,,,,,,,,,,,,,,,,,,,,,,,,,,,,,,,,,,,,,,,,,,,,,,,,,,,,,,,,,,,,,,,,,,,,,,,,,,,,,,,,,,,,,,,,,,,,,
U15_v4,38,0,,,,,,,,,,,,,,,,,,,,,,,,,,,,,,,,,,,,,,,,,,,,,,,,,,,,,,,,,,,,,,,,,,,,,,,,,,,,,,,,,,,,,,,,,,,,,,,,,,,,,,,,,,,,,,,,,,,,,,,,,,,,,,,,,,,,
U15_v4,39,0,,,,,,,,,,,,,,,,,,,,,,,,,,,,,,,,,,,,,,,,,,,,,,,,,,,,,,,,,,,,,,,,,,,,,,,,,,,,,,,,,,,,,,,,,,,,,,,,,,,,,,,,,,,,,,,,,,,,,,,,,,,,,,,,,,,,
U15_v4,40,0,,,,,,,,,,,,,,,,,,,,,,,,,,,,,,,,,,,,,,,,,,,,,,,,,,,,,,,,,,,,,,,,,,,,,,,,,,,,,,,,,,,,,,,,,,,,,,,,,,,,,,,,,,,,,,,,,,,,,,,,,,,,,,,,,,,,
U15_v4,41,0,,,,,,,,,,,,,,,,,,,,,,,,,,,,,,,,,,,,,,,,,,,,,,,,,,,,,,,,,,,,,,,,,,,,,,,,,,,,,,,,,,,,,,,,,,,,,,,,,,,,,,,,,,,,,,,,,,,,,,,,,,,,,,,,,,,,
U15_v4,42,0,,,,,,,,,,,,,,,,,,,,,,,,,,,,,,,,,,,,,,,,,,,,,,,,,,,,,,,,,,,,,,,,,,,,,,,,,,,,,,,,,,,,,,,,,,,,,,,,,,,,,,,,,,,,,,,,,,,,,,,,,,,,,,,,,,,,
U15_v4,43,0,,,,,,,,,,,,,,,,,,,,,,,,,,,,,,,,,,,,,,,,,,,,,,,,,,,,,,,,,,,,,,,,,,,,,,,,,,,,,,,,,,,,,,,,,,,,,,,,,,,,,,,,,,,,,,,,,,,,,,,,,,,,,,,,,,,,
U15_v4,44,0,,,,,,,,,,,,,,,,,,,,,,,,,,,,,,,,,,,,,,,,,,,,,,,,,,,,,,,,,,,,,,,,,,,,,,,,,,,,,,,,,,,,,,,,,,,,,,,,,,,,,,,,,,,,,,,,,,,,,,,,,,,,,,,,,,,,
U15_v4,45,0,,,,,,,,,,,,,,,,,,,,,,,,,,,,,,,,,,,,,,,,,,,,,,,,,,,,,,,,,,,,,,,,,,,,,,,,,,,,,,,,,,,,,,,,,,,,,,,,,,,,,,,,,,,,,,,,,,,,,,,,,,,,,,,,,,,,
U15_v4,46,0,,,,,,,,,,,,,,,,,,,,,,,,,,,,,,,,,,,,,,,,,,,,,,,,,,,,,,,,,,,,,,,,,,,,,,,,,,,,,,,,,,,,,,,,,,,,,,,,,,,,,,,,,,,,,,,,,,,,,,,,,,,,,,,,,,,,
U15_v4,47,0,,,,,,,,,,,,,,,,,,,,,,,,,,,,,,,,,,,,,,,,,,,,,,,,,,,,,,,,,,,,,,,,,,,,,,,,,,,,,,,,,,,,,,,,,,,,,,,,,,,,,,,,,,,,,,,,,,,,,,,,,,,,,,,,,,,,
U15_v4,48,0,,,,,,,,,,,,,,,,,,,,,,,,,,,,,,,,,,,,,,,,,,,,,,,,,,,,,,,,,,,,,,,,,,,,,,,,,,,,,,,,,,,,,,,,,,,,,,,,,,,,,,,,,,,,,,,,,,,,,,,,,,,,,,,,,,,,
U15_v4,49,0,,,,,,,,,,,,,,,,,,,,,,,,,,,,,,,,,,,,,,,,,,,,,,,,,,,,,,,,,,,,,,,,,,,,,,,,,,,,,,,,,,,,,,,,,,,,,,,,,,,,,,,,,,,,,,,,,,,,,,,,,,,,,,,,,,,,
U15_v4,50,0,,,,,,,,,,,,,,,,,,,,,,,,,,,,,,,,,,,,,,,,,,,,,,,,,,,,,,,,,,,,,,,,,,,,,,,,,,,,,,,,,,,,,,,,,,,,,,,,,,,,,,,,,,,,,,,,,,,,,,,,,,,,,,,,,,,,
U15_v4,51,0,,,,,,,,,,,,,,,,,,,,,,,,,,,,,,,,,,,,,,,,,,,,,,,,,,,,,,,,,,,,,,,,,,,,,,,,,,,,,,,,,,,,,,,,,,,,,,,,,,,,,,,,,,,,,,,,,,,,,,,,,,,,,,,,,,,,
U15_v4,52,0,,,,,,,,,,,,,,,,,,,,,,,,,,,,,,,,,,,,,,,,,,,,,,,,,,,,,,,,,,,,,,,,,,,,,,,,,,,,,,,,,,,,,,,,,,,,,,,,,,,,,,,,,,,,,,,,,,,,,,,,,,,,,,,,,,,,
U15_v4,53,0,,,,,,,,,,,,,,,,,,,,,,,,,,,,,,,,,,,,,,,,,,,,,,,,,,,,,,,,,,,,,,,,,,,,,,,,,,,,,,,,,,,,,,,,,,,,,,,,,,,,,,,,,,,,,,,,,,,,,,,,,,,,,,,,,,,,
U15_v4,54,0,,,,,,,,,,,,,,,,,,,,,,,,,,,,,,,,,,,,,,,,,,,,,,,,,,,,,,,,,,,,,,,,,,,,,,,,,,,,,,,,,,,,,,,,,,,,,,,,,,,,,,,,,,,,,,,,,,,,,,,,,,,,,,,,,,,,
U15_v4,55,0,,,,,,,,,,,,,,,,,,,,,,,,,,,,,,,,,,,,,,,,,,,,,,,,,,,,,,,,,,,,,,,,,,,,,,,,,,,,,,,,,,,,,,,,,,,,,,,,,,,,,,,,,,,,,,,,,,,,,,,,,,,,,,,,,,,,
U15_v4,56,0,,,,,,,,,,,,,,,,,,,,,,,,,,,,,,,,,,,,,,,,,,,,,,,,,,,,,,,,,,,,,,,,,,,,,,,,,,,,,,,,,,,,,,,,,,,,,,,,,,,,,,,,,,,,,,,,,,,,,,,,,,,,,,,,,,,,
U15_v4,57,0,,,,,,,,,,,,,,,,,,,,,,,,,,,,,,,,,,,,,,,,,,,,,,,,,,,,,,,,,,,,,,,,,,,,,,,,,,,,,,,,,,,,,,,,,,,,,,,,,,,,,,,,,,,,,,,,,,,,,,,,,,,,,,,,,,,,
U15_v4,58,0,,,,,,,,,,,,,,,,,,,,,,,,,,,,,,,,,,,,,,,,,,,,,,,,,,,,,,,,,,,,,,,,,,,,,,,,,,,,,,,,,,,,,,,,,,,,,,,,,,,,,,,,,,,,,,,,,,,,,,,,,,,,,,,,,,,,
U15_v4,59,0,,,,,,,,,,,,,,,,,,,,,,,,,,,,,,,,,,,,,,,,,,,,,,,,,,,,,,,,,,,,,,,,,,,,,,,,,,,,,,,,,,,,,,,,,,,,,,,,,,,,,,,,,,,,,,,,,,,,,,,,,,,,,,,,,,,,
U15_v4,60,0,,,,,,,,,,,,,,,,,,,,,,,,,,,,,,,,,,,,,,,,,,,,,,,,,,,,,,,,,,,,,,,,,,,,,,,,,,,,,,,,,,,,,,,,,,,,,,,,,,,,,,,,,,,,,,,,,,,,,,,,,,,,,,,,,,,,
U15_v4,61,0,,,,,,,,,,,,,,,,,,,,,,,,,,,,,,,,,,,,,,,,,,,,,,,,,,,,,,,,,,,,,,,,,,,,,,,,,,,,,,,,,,,,,,,,,,,,,,,,,,,,,,,,,,,,,,,,,,,,,,,,,,,,,,,,,,,,
U15_v4,62,0,,,,,,,,,,,,,,,,,,,,,,,,,,,,,,,,,,,,,,,,,,,,,,,,,,,,,,,,,,,,,,,,,,,,,,,,,,,,,,,,,,,,,,,,,,,,,,,,,,,,,,,,,,,,,,,,,,,,,,,,,,,,,,,,,,,,
U15_v4,63,0,,,,,,,,,,,,,,,,,,,,,,,,,,,,,,,,,,,,,,,,,,,,,,,,,,,,,,,,,,,,,,,,,,,,,,,,,,,,,,,,,,,,,,,,,,,,,,,,,,,,,,,,,,,,,,,,,,,,,,,,,,,,,,,,,,,,
U15_v4,64,0,,,,,,,,,,,,,,,,,,,,,,,,,,,,,,,,,,,,,,,,,,,,,,,,,,,,,,,,,,,,,,,,,,,,,,,,,,,,,,,,,,,,,,,,,,,,,,,,,,,,,,,,,,,,,,,,,,,,,,,,,,,,,,,,,,,,
U15_v4,65,0,,,,,,,,,,,,,,,,,,,,,,,,,,,,,,,,,,,,,,,,,,,,,,,,,,,,,,,,,,,,,,,,,,,,,,,,,,,,,,,,,,,,,,,,,,,,,,,,,,,,,,,,,,,,,,,,,,,,,,,,,,,,,,,,,,,,
U15_v4,66,0,,,,,,,,,,,,,,,,,,,,,,,,,,,,,,,,,,,,,,,,,,,,,,,,,,,,,,,,,,,,,,,,,,,,,,,,,,,,,,,,,,,,,,,,,,,,,,,,,,,,,,,,,,,,,,,,,,,,,,,,,,,,,,,,,,,,
U15_v4,67,0,,,,,,,,,,,,,,,,,,,,,,,,,,,,,,,,,,,,,,,,,,,,,,,,,,,,,,,,,,,,,,,,,,,,,,,,,,,,,,,,,,,,,,,,,,,,,,,,,,,,,,,,,,,,,,,,,,,,,,,,,,,,,,,,,,,,
U15_v4,68,0,,,,,,,,,,,,,,,,,,,,,,,,,,,,,,,,,,,,,,,,,,,,,,,,,,,,,,,,,,,,,,,,,,,,,,,,,,,,,,,,,,,,,,,,,,,,,,,,,,,,,,,,,,,,,,,,,,,,,,,,,,,,,,,,,,,,
U15_v4,69,0,,,,,,,,,,,,,,,,,,,,,,,,,,,,,,,,,,,,,,,,,,,,,,,,,,,,,,,,,,,,,,,,,,,,,,,,,,,,,,,,,,,,,,,,,,,,,,,,,,,,,,,,,,,,,,,,,,,,,,,,,,,,,,,,,,,,
U15_v4,70,0,,,,,,,,,,,,,,,,,,,,,,,,,,,,,,,,,,,,,,,,,,,,,,,,,,,,,,,,,,,,,,,,,,,,,,,,,,,,,,,,,,,,,,,,,,,,,,,,,,,,,,,,,,,,,,,,,,,,,,,,,,,,,,,,,,,,
U15_v4,71,0,,,,,,,,,,,,,,,,,,,,,,,,,,,,,,,,,,,,,,,,,,,,,,,,,,,,,,,,,,,,,,,,,,,,,,,,,,,,,,,,,,,,,,,,,,,,,,,,,,,,,,,,,,,,,,,,,,,,,,,,,,,,,,,,,,,,
U15_v4,72,0,,,,,,,,,,,,,,,,,,,,,,,,,,,,,,,,,,,,,,,,,,,,,,,,,,,,,,,,,,,,,,,,,,,,,,,,,,,,,,,,,,,,,,,,,,,,,,,,,,,,,,,,,,,,,,,,,,,,,,,,,,,,,,,,,,,,
U15_v4,73,0,,,,,,,,,,,,,,,,,,,,,,,,,,,,,,,,,,,,,,,,,,,,,,,,,,,,,,,,,,,,,,,,,,,,,,,,,,,,,,,,,,,,,,,,,,,,,,,,,,,,,,,,,,,,,,,,,,,,,,,,,,,,,,,,,,,,
U15_v4,74,1,0.4384686052799225,0.3557964265346527,-0.3134164810180664,0.9994547963142395,0.4352557957172394,0.3535171151161194,-0.303078293800354,0.9994605183601379,0.4352882206439972,0.35347339510917664,-0.3030465245246887,0.9989244341850281,0.4350792169570923,0.35323387384414673,-0.30305662751197815,0.9991821646690369,0.4317502975463867,0.3543126881122589,-0.32934457063674927,0.9996675252914429,0.4312244653701782,0.35435399413108826,-0.3294183611869812,0.9995865225791931,0.43037426471710205,0.3543320298194885,-0.32946160435676575,0.9997001886367798,0.42732420563697815,0.35537707805633545,-0.21782930195331573,0.997171938419342,0.4243827760219574,0.35650551319122314,-0.34121039509773254,0.9995571970939636,0.4392063021659851,0.36018112301826477,-0.2766592502593994,0.9971010088920593,0.43842652440071106,0.3603089153766632,-0.312588095664978,0.9979661703109741,0.4285906255245209,0.36286014318466187,-0.11081508547067642,0.9985529780387878,0.42173266410827637,0.37146830558776855,-0.3437507152557373,0.9990954399108887,0.4008680582046509,0.34604543447494507,-0.019045952707529068,0.2899612784385681,0.40632832050323486,0.3599977493286133,-0.40906646847724915,0.9426105618476868,0.3714166283607483,0.33295124769210815,-0.047850463539361954,0.626659631729126,0.3686503767967224,0.3479241132736206,-0.4198894202709198,0.9280108213424683,0.3633653521537781,0.330352783203125,-0.05450395867228508,0.652254581451416,0.35806718468666077,0.34480148553848267,-0.4537121057510376,0.8965532779693604,0.35977816581726074,0.3306565582752228,-0.07594280689954758,0.6513594388961792,0.3544931709766388,0.34558457136154175,-0.4527125358581543,0.892979085445404,0.3637940287590027,0.3313440680503845,-0.059236280620098114,0.6485798954963684,0.3580663204193115,0.3466138243675232,-0.41945159435272217,0.838935375213623,0.500346302986145,0.40514612197875977,0.07734488695859909,0.9999364614486694,0.4829483926296234,0.4100213050842285,-0.0776747390627861,0.9999217987060547,0.5496338605880737,0.42176368832588196,0.15767419338226318,0.9529803991317749,0.4803100824356079,0.44531622529029846,-0.15373218059539795,0.9970659613609314,0.5941081047058105,0.4507923126220703,0.3223921060562134,0.978617250919342,0.4173733592033386,0.4685736894607544,-0.005114298779517412,0.9919557571411133,0.5798724889755249,0.4546852707862854,0.33612215518951416,0.9070658683776855,0.40307432413101196,0.46868395805358887,0.011607682332396507,0.9653937220573425,0.6041977405548096,0.4595860540866852,0.2965075969696045,0.9604037404060364,0.4203174114227295,0.480673611164093,-0.018798964098095894,0.9853491187095642
U15_v4,75,1,0.43424445390701294,0.3564659357070923,-0.2736154794692993,0.999523401260376,0.4336148500442505,0.3538894057273865,-0.26073703169822693,0.9992949962615967,0.43416303396224976,0.35399436950683594,-0.2607060968875885,0.9988219141960144,0.434481680393219,0.3541260361671448,-0.26072773337364197,0.9990406632423401,0.43140411376953125,0.3537966012954712,-0.28776997327804565,0.99952232837677,0.4288904666900635,0.35371437668800354,-0.2878114581108093,0.9994750618934631,0.42787593603134155,0.35379451513290405,-0.28783929347991943,0.9995433688163757,0.430849552154541,0.35594606399536133,-0.16850145161151886,0.9979356527328491,0.4244878888130188,0.3557123839855194,-0.2949192225933075,0.9993693232536316,0.435455322265625,0.35970988869667053,-0.23466737568378448,0.9980564117431641,0.4313053786754608,0.3594455122947693,-0.27143070101737976,0.9980712532997131,0.43708091974258423,0.36444392800331116,-0.05756291374564171,0.9994839429855347,0.4177555739879608,0.37155449390411377,-0.30764394998550415,0.9992832541465759,0.43822962045669556,0.34750935435295105,0.03280602768063545,0.38929101824760437,0.39750730991363525,0.3545067608356476,-0.3784694969654083,0.9715756177902222,0.41076987981796265,0.34441816806793213,0.006185438949614763,0.7162278294563293,0.3804900348186493,0.35088276863098145,-0.390706866979599,0.9523656368255615,0.3997148275375366,0.341063916683197,0.0007028614054434001,0.6716229915618896,0.37072044610977173,0.3486120402812958,-0.4219166040420532,0.924543023109436,0.39401596784591675,0.3410215675830841,-0.014150899834930897,0.6691365242004395,0.3684713840484619,0.349617600440979,-0.4234643578529358,0.9202269911766052,0.39818212389945984,0.3412618339061737,-0.0025349862407892942,0.6636119484901428,0.3718234896659851,0.35059329867362976,-0.3913958668708801,0.8796815276145935,0.4894039034843445,0.4110974371433258,0.08329224586486816,0.9999431371688843,0.4580777585506439,0.4120590090751648,-0.08361374586820602,0.9999034404754639,0.525209903717041,0.42536190152168274,0.13857781887054443,0.9606391191482544,0.4851992130279541,0.44687017798423767,-0.14989086985588074,0.9973994493484497,0.5409415364265442,0.4531134068965912,0.30574536323547363,0.9700714945793152,0.41613832116127014,0.46834596991539,0.02391776628792286,0.9926683306694031,0.5379976034164429,0.4568175673484802,0.3208748698234558,0.8944740891456604,0.40262773633003235,0.4653666317462921,0.04342665523290634,0.9681134223937988,0.5642507076263428,0.46346238255500793,0.28693586587905884,0.9580771327018738,0.42695003747940063,0.48353713750839233,0.010716346092522144,0.9880189299583435
U15_v4,76,1,0.43395110964775085,0.3562585711479187,-0.33348068594932556,0.9996165037155151,0.4331229627132416,0.3536052405834198,-0.32176387310028076,0.9995107650756836,0.43370845913887024,0.35374915599823,-0.32172566652297974,0.9991366267204285,0.43319666385650635,0.3533131778240204,-0.32176539301872253,0.9992944002151489,0.4309624433517456,0.35348621010780334,-0.34758904576301575,0.9996949434280396,0.42803889513015747,0.3534567356109619,-0.3476559817790985,0.9996581077575684,0.42703568935394287,0.3535456657409668,-0.34769704937934875,0.9997087121009827,0.4305374324321747,0.3560355603694916,-0.22661231458187103,0.9981839060783386,0.4246983230113983,0.3561984896659851,-0.34810471534729004,0.999573290348053,0.4353484809398651,0.3595331907272339,-0.2927827835083008,0.9979571104049683,0.43082624673843384,0.3593098521232605,-0.32820796966552734,0.9983047246932983,0.4393804371356964,0.3638426959514618,-0.10348863899707794,0.9992584586143494,0.42126911878585815,0.37127843499183655,-0.3494584560394287,0.9991796612739563,0.4424903690814972,0.3483828902244568,-0.008514005690813065,0.5491959452629089,0.4169303774833679,0.3610230088233948,-0.4194093942642212,0.9627845287322998,0.41678518056869507,0.34350475668907166,-0.02317541092634201,0.8170222043991089,0.3906421661376953,0.35265475511550903,-0.4408353865146637,0.9413757920265198,0.40428271889686584,0.3399890661239624,-0.026472920551896095,0.7598639726638794,0.38171839714050293,0.35049712657928467,-0.47556695342063904,0.9025087952613831,0.3987973928451538,0.33971089124679565,-0.041319508105516434,0.7531110048294067,0.3796613812446594,0.350984126329422,-0.4753948152065277,0.8974077701568604,0.40363404154777527,0.3400437533855438,-0.030733929947018623,0.7379149794578552,0.3825494945049286,0.35200637578964233,-0.4412979185581207,0.8483436703681946,0.4936351180076599,0.4091121554374695,0.0824512168765068,0.9999446868896484,0.4618395268917084,0.4103888273239136,-0.08285476267337799,0.999920129776001,0.5367175936698914,0.4226721227169037,0.19332416355609894,0.9671550989151001,0.48578548431396484,0.44659993052482605,-0.12812179327011108,0.9979667663574219,0.5592065453529358,0.4523005783557892,0.38839077949523926,0.9770517945289612,0.4174310564994812,0.466283917427063,0.06289983540773392,0.9937315583229065,0.5622704029083252,0.45615485310554504,0.40600311756134033,0.9061455726623535,0.4025789499282837,0.4644961357116699,0.08415310084819794,0.965018093585968,0.5983061790466309,0.4599881172180176,0.3711908459663391,0.9611166715621948,0.4261786937713623,0.4830572307109833,0.049941372126340866,0.9872131943702698
U15_v4,77,1,0.44170913100242615,0.35898780822753906,-0.1525145322084427,0.999268114566803,0.4394790530204773,0.3563886284828186,-0.13826559484004974,0.9992064833641052,0.44003725051879883,0.3563157916069031,-0.13826464116573334,0.9986431002616882,0.44060224294662476,0.35623887181282043,-0.13828755915164948,0.9989192485809326,0.4362504780292511,0.35686659812927246,-0.16227109730243683,0.9993382096290588,0.43516069650650024,0.3569816052913666,-0.16226604580879211,0.9991845488548279,0.4340324401855469,0.35710346698760986,-0.16230034828186035,0.9993246793746948,0.4374515414237976,0.3583451509475708,-0.05700591951608658,0.9969998002052307,0.4304024577140808,0.35906559228897095,-0.16811726987361908,0.9993792772293091,0.4444968104362488,0.36187678575515747,-0.11945566534996033,0.9975143671035767,0.44067031145095825,0.3620108366012573,-0.1517917811870575,0.9971605539321899,0.4459840655326843,0.36770594120025635,0.03484193980693817,0.9993327260017395,0.433643102645874,0.3741585612297058,-0.20205949246883392,0.9990652203559875,0.44666117429733276,0.34775739908218384,0.08254002779722214,0.5239784121513367,0.43260616064071655,0.36149710416793823,-0.2656894028186798,0.9799481630325317,0.4166991412639618,0.3414100110530853,0.02656405419111252,0.8420060276985168,0.4059380888938904,0.3465607762336731,-0.26354682445526123,0.9805752038955688,0.404773086309433,0.33861997723579407,0.016513774171471596,0.7924317717552185,0.3933331370353699,0.34619730710983276,-0.29025399684906006,0.9645326733589172,0.4014003276824951,0.33985596895217896,0.009743507020175457,0.7855219841003418,0.3925055265426636,0.34643009305000305,-0.2894502282142639,0.9609267711639404,0.40630680322647095,0.34180235862731934,0.01956641487777233,0.7836336493492126,0.39484986662864685,0.34679484367370605,-0.2630227506160736,0.9424323439598083,0.4994702935218811,0.41198647022247314,0.07941276580095291,0.9999412298202515,0.4652418792247772,0.415461003780365,-0.0796152725815773,0.999824583530426,0.5486067533493042,0.4214969277381897,0.0666598379611969,0.986078143119812,0.4863376021385193,0.4473038911819458,-0.16176827251911163,0.9985554814338684,0.5952973365783691,0.4489901065826416,0.15473012626171112,0.9889358878135681,0.42130571603775024,0.47098857164382935,-0.016893498599529266,0.9929744005203247,0.5900696516036987,0.453721821308136,0.16070617735385895,0.9371528625488281,0.405163437128067,0.4694235026836395,-0.0004264233575668186,0.9566473364830017,0.6102718114852905,0.4584079682826996,0.11958037316799164,0.9754424691200256,0.4316136837005615,0.4856337606906891,-0.022949859499931335,0.9846255779266357
U15_v4,78,0,,,,,,,,,,,,,,,,,,,,,,,,,,,,,,,,,,,,,,,,,,,,,,,,,,,,,,,,,,,,,,,,,,,,,,,,,,,,,,,,,,,,,,,,,,,,,,,,,,,,,,,,,,,,,,,,,,,,,,,,,,,,,,,,,,,,
U15_v4,79,0,,,,,,,,,,,,,,,,,,,,,,,,,,,,,,,,,,,,,,,,,,,,,,,,,,,,,,,,,,,,,,,,,,,,,,,,,,,,,,,,,,,,,,,,,,,,,,,,,,,,,,,,,,,,,,,,,,,,,,,,,,,,,,,,,,,,
U15_v4,80,0,,,,,,,,,,,,,,,,,,,,,,,,,,,,,,,,,,,,,,,,,,,,,,,,,,,,,,,,,,,,,,,,,,,,,,,,,,,,,,,,,,,,,,,,,,,,,,,,,,,,,,,,,,,,,,,,,,,,,,,,,,,,,,,,,,,,
U15_v4,81,1,0.5979470610618591,0.35962194204330444,-0.349087655544281,0.9999898672103882,0.5996049046516418,0.356731653213501,-0.3321174681186676,0.9999682903289795,0.599878191947937,0.3566043972969055,-0.33213040232658386,0.9999628067016602,0.6000673174858093,0.3564624786376953,-0.3321205675601959,0.9999512434005737,0.5962604284286499,0.35645318031311035,-0.34915995597839355,0.9999839067459106,0.5947527289390564,0.3562454581260681,-0.3492147922515869,0.9999853372573853,0.5929736495018005,0.355989009141922,-0.3492564857006073,0.9999865293502808,0.5947842597961426,0.35588347911834717,-0.21559475362300873,0.9997263550758362,0.5821602940559387,0.35529059171676636,-0.29307830333709717,0.99997878074646,0.5949928164482117,0.361690878868103,-0.3029126524925232,0.9999516010284424,0.5908238887786865,0.3614664673805237,-0.32554545998573303,0.9999885559082031,0.6023014187812805,0.3685205578804016,-0.09672647714614868,0.9999635219573975,0.5470293760299683,0.3677073121070862,-0.24621731042861938,0.9999982118606567,0.6059553027153015,0.38409125804901123,-0.11175688356161118,0.9050614237785339,0.5266754627227783,0.3852604627609253,-0.24714231491088867,0.9984104633331299,0.5793789625167847,0.38904184103012085,-0.29731932282447815,0.8988491892814636,0.5284576416015625,0.40279942750930786,-0.2959243655204773,0.9936595559120178,0.5729148983955383,0.39235740900039673,-0.34015515446662903,0.8436444401741028,0.5262574553489685,0.4089204668998718,-0.3299823999404907,0.985126256942749,0.5702788829803467,0.38856232166290283,-0.35338255763053894,0.8437061309814453,0.5332638621330261,0.4080905616283417,-0.34193509817123413,0.9843122363090515,0.571568489074707,0.387717068195343,-0.3082331120967865,0.7933092713356018,0.535080075263977,0.40628090500831604,-0.2997046411037445,0.9652453064918518,0.5682094097137451,0.4063774347305298,0.057784389704465866,0.9997219443321228,0.5452048182487488,0.40630608797073364,-0.057888615876436234,0.9999927282333374,0.5910590291023254,0.42780831456184387,0.22677426040172577,0.9618210792541504,0.5029934048652649,0.4417211413383484,-0.17414890229701996,0.9995090961456299,0.5915248990058899,0.45143282413482666,0.45953840017318726,0.9819361567497253,0.4345230758190155,0.4699546992778778,-0.16811342537403107,0.9994055032730103,0.582859992980957,0.45566609501838684,0.478962779045105,0.947506308555603,0.4239138960838318,0.47427859902381897,-0.1729857325553894,0.9593201279640198,0.6119634509086609,0.46091464161872864,0.4193824827671051,0.9842654466629028,0.44826483726501465,0.48864686489105225,-0.3058125674724579,0.998275876045227
U15_v4,82,1,0.5987621545791626,0.35931462049484253,-0.3340969681739807,0.9999955892562866,0.6001753807067871,0.3564869165420532,-0.31633666157722473,0.9999877214431763,0.6004215478897095,0.3564048409461975,-0.3163590133190155,0.9999866485595703,0.6005797386169434,0.3563111126422882,-0.31635230779647827,0.9999827146530151,0.5969300270080566,0.3561173379421234,-0.3320729732513428,0.9999926090240479,0.5953909754753113,0.3558586835861206,-0.3321021795272827,0.999992847442627,0.5935644507408142,0.35554906725883484,-0.33212393522262573,0.9999926090240479,0.5952938795089722,0.35583212971687317,-0.19808872044086456,0.9999067783355713,0.582626223564148,0.354853093624115,-0.2697606682777405,0.9999889135360718,0.5958117842674255,0.3613966405391693,-0.28759947419166565,0.9999815225601196,0.5910463929176331,0.3610725998878479,-0.3086000382900238,0.9999945163726807,0.6033481359481812,0.368892639875412,-0.08509043604135513,0.9999890327453613,0.5474315881729126,0.3673017621040344,-0.21679668128490448,0.9999988079071045,0.6073577404022217,0.384240984916687,-0.11516830325126648,0.9646722078323364,0.5265543460845947,0.3849107325077057,-0.1994411051273346,0.998307466506958,0.5818392038345337,0.38814204931259155,-0.3147384822368622,0.9646044373512268,0.5276818871498108,0.4028596878051758,-0.2411305010318756,0.9944762587547302,0.5747379064559937,0.3911779820919037,-0.36071160435676575,0.9340988993644714,0.5252431631088257,0.4091435968875885,-0.2722434997558594,0.9872044324874878,0.5713024735450745,0.38730356097221375,-0.37189197540283203,0.934333324432373,0.5322572588920593,0.40842562913894653,-0.2869926691055298,0.9867276549339294,0.5737232565879822,0.38657835125923157,-0.32475563883781433,0.9006211757659912,0.5341788530349731,0.4066164791584015,-0.24567092955112457,0.970355749130249,0.5703023672103882,0.40674132108688354,0.05650485306978226,0.9998537302017212,0.5450499057769775,0.4063376188278198,-0.05661788955330849,0.9999963045120239,0.5906411409378052,0.42798036336898804,0.24974697828292847,0.9570919871330261,0.503180980682373,0.4417720437049866,-0.16779761016368866,0.9995294809341431,0.5922932624816895,0.4514123499393463,0.48952969908714294,0.9783851504325867,0.43545275926589966,0.4716862142086029,-0.16973468661308289,0.9993020296096802,0.5824745297431946,0.45565885305404663,0.5098618865013123,0.9451719522476196,0.42467808723449707,0.4753047227859497,-0.17580661177635193,0.9466913342475891,0.612657368183136,0.46088671684265137,0.44916629791259766,0.9828510284423828,0.4486519396305084,0.48939624428749084,-0.3106740117073059,0.9979240894317627
U15_v4,83,1,0.5934182405471802,0.358568012714386,-0.2453424483537674,0.9999959468841553,0.5949331521987915,0.35568660497665405,-0.23191803693771362,0.9999890327453613,0.5956083536148071,0.35567790269851685,-0.23194320499897003,0.9999876022338867,0.5962166786193848,0.35567137598991394,-0.23195911943912506,0.9999867677688599,0.5912377238273621,0.35532984137535095,-0.24532592296600342,0.9999924898147583,0.5894839763641357,0.35511985421180725,-0.24534732103347778,0.9999916553497314,0.5875843167304993,0.35489824414253235,-0.24537956714630127,0.9999922513961792,0.5929072499275208,0.3554518520832062,-0.1360357701778412,0.9999600648880005,0.580634593963623,0.3546316623687744,-0.19651925563812256,0.9999901056289673,0.5911524295806885,0.3605901598930359,-0.2073240578174591,0.9999939203262329,0.5868774056434631,0.3602333068847656,-0.2250741869211197,0.999997615814209,0.6009901762008667,0.36950454115867615,-0.045936085283756256,0.9999868869781494,0.545808732509613,0.3671339452266693,-0.15497882664203644,0.9999990463256836,0.6027594804763794,0.3879294991493225,-0.09259267896413803,0.9736596941947937,0.5244461297988892,0.3851122260093689,-0.1500130146741867,0.9979764819145203,0.5803484916687012,0.3885810971260071,-0.291348397731781,0.960735023021698,0.5269606709480286,0.4037966728210449,-0.1995578408241272,0.990736186504364,0.5729371905326843,0.38929876685142517,-0.3351030647754669,0.9274156093597412,0.5244223475456238,0.40963155031204224,-0.22717612981796265,0.9796518683433533,0.5693559646606445,0.3859710693359375,-0.34056276082992554,0.9230656027793884,0.5315498113632202,0.40988391637802124,-0.24218027293682098,0.9783177375793457,0.5703799724578857,0.3857341706752777,-0.29880762100219727,0.8929277658462524,0.5336776971817017,0.4083082973957062,-0.2046317756175995,0.9571623206138611,0.5668121576309204,0.4058241844177246,0.04745543375611305,0.9995900988578796,0.5389079451560974,0.4056943655014038,-0.047503288835287094,0.9999821186065674,0.5906875729560852,0.4286445081233978,0.13491910696029663,0.9680440425872803,0.50334233045578,0.4406176209449768,-0.1452784538269043,0.9988290667533875,0.5890840888023376,0.45270219445228577,0.33847108483314514,0.9741921424865723,0.4395923316478729,0.4700124263763428,-0.13668079674243927,0.9983773231506348,0.5823652148246765,0.45697370171546936,0.3551412522792816,0.94343501329422,0.42812883853912354,0.47523510456085205,-0.14157575368881226,0.9491510987281799,0.6125050187110901,0.46156731247901917,0.2973025441169739,0.9719223380088806,0.4502582848072052,0.4868590235710144,-0.2619829475879669,0.9944384098052979
U15_v4,84,1,0.5927420258522034,0.35907885432243347,-0.20357471704483032,0.999995231628418,0.5931005477905273,0.35652902722358704,-0.18888722360134125,0.9999849796295166,0.5932310819625854,0.3563728332519531,-0.18892867863178253,0.9999817609786987,0.5934141874313354,0.3561648428440094,-0.18896131217479706,0.9999837875366211,0.5896762013435364,0.35659199953079224,-0.20349113643169403,0.9999867677688599,0.5878247022628784,0.3563869893550873,-0.2035079151391983,0.9999831914901733,0.5857235789299011,0.35609209537506104,-0.2035541981458664,0.9999865293502808,0.5884140133857727,0.35589757561683655,-0.09865434467792511,0.9999611377716064,0.5769475102424622,0.3556547164916992,-0.16326670348644257,0.9999852180480957,0.5897777676582336,0.36102479696273804,-0.16846966743469238,0.9999969005584717,0.5858579874038696,0.36113154888153076,-0.18725498020648956,0.9999978542327881,0.5969662666320801,0.36954769492149353,-0.007985234260559082,0.9999947547912598,0.5446440577507019,0.3681066036224365,-0.1459411382675171,0.9999974966049194,0.6032806038856506,0.3862578272819519,-0.035636238753795624,0.9804646968841553,0.5195997357368469,0.38402482867240906,-0.1555510014295578,0.9959217309951782,0.578069806098938,0.39053747057914734,-0.2031954526901245,0.9718739986419678,0.524396538734436,0.40341222286224365,-0.1832045167684555,0.9844090342521667,0.5704674124717712,0.39240825176239014,-0.2379702627658844,0.9397503137588501,0.5228511095046997,0.4092423915863037,-0.20785123109817505,0.9661592245101929,0.5674470663070679,0.39006495475769043,-0.24591462314128876,0.9361345171928406,0.5285986661911011,0.40972521901130676,-0.21710236370563507,0.9621229767799377,0.5693025588989258,0.38943997025489807,-0.21077102422714233,0.9127117991447449,0.5299397110939026,0.4082314074039459,-0.18531696498394012,0.9326592683792114,0.5563193559646606,0.4065089523792267,0.062233906239271164,0.9996978044509888,0.529200553894043,0.4063551127910614,-0.0624285489320755,0.9999340772628784,0.5875656604766846,0.4266528785228729,0.031959645450115204,0.9520891308784485,0.5008736252784729,0.4422867000102997,-0.1629967987537384,0.9965097308158875,0.5853140354156494,0.45346641540527344,0.16260278224945068,0.9653385877609253,0.44056740403175354,0.47143083810806274,-0.12305690348148346,0.9975513815879822,0.5757110714912415,0.4560982584953308,0.1714923232793808,0.9540324807167053,0.4267538785934448,0.4769197106361389,-0.12355577200651169,0.9669832587242126,0.6060159206390381,0.4641304612159729,0.11585617065429688,0.9644966125488281,0.44940608739852905,0.4907759428024292,-0.22892363369464874,0.9925552010536194
U15_v4,85,1,0.5935093760490417,0.35914626717567444,-0.19046467542648315,0.9999953508377075,0.5934950709342957,0.3563227653503418,-0.17645768821239471,0.999987006187439,0.5937985181808472,0.35618987679481506,-0.17650529742240906,0.9999840259552002,0.5939885377883911,0.3560014069080353,-0.17653703689575195,0.9999858140945435,0.5908635854721069,0.35631319880485535,-0.18982550501823425,0.9999876022338867,0.5887067317962646,0.35598886013031006,-0.18983490765094757,0.9999831914901733,0.5868930816650391,0.35570818185806274,-0.1898721158504486,0.9999866485595703,0.5889161825180054,0.35582008957862854,-0.08776407688856125,0.9999657869338989,0.5787517428398132,0.3551243245601654,-0.14654430747032166,0.999984622001648,0.5907119512557983,0.36115777492523193,-0.1558169722557068,0.9999969005584717,0.5866824984550476,0.36130690574645996,-0.17289027571678162,0.9999977350234985,0.5971224904060364,0.36915528774261475,-0.0008205678313970566,0.9999947547912598,0.5459074974060059,0.3677782416343689,-0.13005661964416504,0.9999978542327881,0.6023837327957153,0.38616493344306946,-0.04593740031123161,0.9797351360321045,0.5225052833557129,0.384764164686203,-0.13894109427928925,0.9940279722213745,0.5786128640174866,0.39011067152023315,-0.2317754179239273,0.9755173325538635,0.5242407321929932,0.40322598814964294,-0.17388604581356049,0.9812268018722534,0.57091224193573,0.39236775040626526,-0.2695622444152832,0.9498255848884583,0.5226895213127136,0.40900465846061707,-0.19922859966754913,0.9615041017532349,0.5683596730232239,0.38879328966140747,-0.27631720900535583,0.9468824863433838,0.5283262729644775,0.4096769690513611,-0.20995798707008362,0.9577089548110962,0.5699948668479919,0.38796380162239075,-0.2392578125,0.926476776599884,0.5299091339111328,0.40795063972473145,-0.17674337327480316,0.9266309142112732,0.5552499890327454,0.4065948724746704,0.060635972768068314,0.9997242093086243,0.5282438397407532,0.4062905013561249,-0.06080222129821777,0.9999449253082275,0.5865840315818787,0.4260218143463135,0.028761424124240875,0.9375107288360596,0.5002638101577759,0.4416813254356384,-0.16321830451488495,0.9960451722145081,0.5848503112792969,0.4525919556617737,0.15327437222003937,0.9527775645256042,0.4407428205013275,0.47119754552841187,-0.13496634364128113,0.9972715973854065,0.5731519460678101,0.4566439986228943,0.16154272854328156,0.9490851759910583,0.42640161514282227,0.47649437189102173,-0.13698068261146545,0.9686762094497681,0.6093347072601318,0.4621431827545166,0.1055956706404686,0.9571250081062317,0.44952860474586487,0.4904765486717224,-0.24307891726493835,0.9919126033782959
U15_v4,86,1,0.5644614100456238,0.35833272337913513,-0.13101929426193237,0.9984246492385864,0.5606576800346375,0.3555178642272949,-0.12110019475221634,0.9947539567947388,0.5606364011764526,0.3553626537322998,-0.12112168222665787,0.994445264339447,0.5606411695480347,0.35523003339767456,-0.12113133817911148,0.9947320222854614,0.5585130453109741,0.35587504506111145,-0.14213062822818756,0.9969090819358826,0.5567912459373474,0.35595154762268066,-0.14217348396778107,0.9968546032905579,0.5550650954246521,0.35602399706840515,-0.1422826051712036,0.9969596862792969,0.552954375743866,0.35560914874076843,-0.052626095712184906,0.986835241317749,0.5449015498161316,0.3568534553050995,-0.14715592563152313,0.9957721829414368,0.5626285672187805,0.3608493208885193,-0.10208670049905777,0.9964483976364136,0.5602169036865234,0.3613280653953552,-0.12959423661231995,0.9980006814002991,0.5611053705215454,0.3692041039466858,0.031040038913488388,0.9996638298034668,0.5371831059455872,0.3678208291530609,-0.15485085546970367,0.9999010562896729,0.5744220614433289,0.38670891523361206,0.08114632964134216,0.5934341549873352,0.5174521207809448,0.38561055064201355,-0.16137002408504486,0.9625818133354187,0.5618821978569031,0.39160996675491333,0.014575687237083912,0.7105404734611511,0.5229325294494629,0.40421968698501587,-0.1640307903289795,0.9271228909492493,0.557823896408081,0.3948580026626587,0.0026064112316817045,0.6280118227005005,0.5206274390220642,0.4095724821090698,-0.1835729330778122,0.8872081637382507,0.5555316209793091,0.39217275381088257,-0.01021429244428873,0.6385136246681213,0.5280309319496155,0.4088839292526245,-0.19038307666778564,0.8819833397865295,0.5570319890975952,0.391247421503067,0.007608367130160332,0.595805287361145,0.5292774438858032,0.40725773572921753,-0.1648746132850647,0.8134199380874634,0.5418326258659363,0.41143763065338135,0.0647205337882042,0.9982730150222778,0.5170347690582275,0.41255107522010803,-0.06475228816270828,0.9995678067207336,0.5852998495101929,0.42714783549308777,0.09256105870008469,0.894611656665802,0.4944866895675659,0.4462306797504425,-0.11599887162446976,0.9896971583366394,0.5859616994857788,0.451333612203598,0.2492317259311676,0.944575846195221,0.44258394837379456,0.4762169122695923,-0.04339998587965965,0.9953023195266724,0.5761227011680603,0.45570284128189087,0.26176273822784424,0.9246242046356201,0.4295095205307007,0.4796110987663269,-0.039626020938158035,0.9368714094161987,0.6053547263145447,0.4605221450328827,0.2217756062746048,0.9446709156036377,0.45462149381637573,0.49188554286956787,-0.12828797101974487,0.9875532388687134
U15_v4,87,1,0.5901421308517456,0.35877156257629395,-0.18938186764717102,0.9999288320541382,0.5897332429885864,0.3561527132987976,-0.1769692301750183,0.9998414516448975,0.5897712707519531,0.35603830218315125,-0.17700105905532837,0.9998084902763367,0.5897852182388306,0.35590893030166626,-0.17703332006931305,0.9998051524162292,0.5874712467193604,0.3559521436691284,-0.1942569613456726,0.999902606010437,0.5859673023223877,0.35571980476379395,-0.19429539144039154,0.9998981952667236,0.5843121409416199,0.3554609715938568,-0.19435128569602966,0.999914288520813,0.585112452507019,0.35552743077278137,-0.09367523342370987,0.9995124340057373,0.575838029384613,0.3551674485206604,-0.17132051289081573,0.9999232292175293,0.5868924856185913,0.3607403635978699,-0.15558433532714844,0.9999074935913086,0.5838482975959778,0.3604489862918854,-0.17811578512191772,0.9999651908874512,0.5922650694847107,0.3690916895866394,-0.004591736476868391,0.9999139308929443,0.5394261479377747,0.36805617809295654,-0.14670631289482117,0.9999895095825195,0.6002790331840515,0.3870432674884796,-0.004441436845809221,0.8741291761398315,0.5174984931945801,0.38545358180999756,-0.14840978384017944,0.9975197911262512,0.579134464263916,0.3917256295681,-0.15046373009681702,0.8545163869857788,0.5205696821212769,0.4032736122608185,-0.1849215179681778,0.990343451499939,0.5727720260620117,0.3935379385948181,-0.18027153611183167,0.7740792036056519,0.5195714831352234,0.4091321527957916,-0.2083023488521576,0.9760200381278992,0.5696510076522827,0.39065778255462646,-0.18891263008117676,0.7756947875022888,0.5261529684066772,0.4091455340385437,-0.2159055918455124,0.9741517901420593,0.5713510513305664,0.39005425572395325,-0.15798574686050415,0.7224787473678589,0.5270750522613525,0.40702658891677856,-0.186559796333313,0.9519170522689819,0.5628304481506348,0.4065074324607849,0.04978277161717415,0.9991268515586853,0.5334663987159729,0.405951589345932,-0.04980090633034706,0.9997658133506775,0.5847093462944031,0.4271453022956848,0.016844268888235092,0.9810431003570557,0.5055475234985352,0.442282497882843,-0.1250535100698471,0.9945734143257141,0.5859271883964539,0.4514290392398834,0.16033561527729034,0.9808992147445679,0.4558570981025696,0.46732252836227417,-0.06886985152959824,0.996551513671875,0.5778663158416748,0.4570530951023102,0.17117750644683838,0.9589964747428894,0.4469115138053894,0.4705869257450104,-0.06793918460607529,0.924514889717102,0.6085578203201294,0.4616219699382782,0.11362186819314957,0.9729259014129639,0.4620813727378845,0.47952595353126526,-0.17147842049598694,0.9886466860771179
U15_v4,88,1,0.5893622040748596,0.3585587739944458,-0.18955570459365845,0.9999488592147827,0.5892478823661804,0.3559318780899048,-0.1766669750213623,0.999885082244873,0.5893942713737488,0.35583871603012085,-0.17669889330863953,0.9998605251312256,0.5894912481307983,0.355732262134552,-0.17672812938690186,0.9998607635498047,0.5866453051567078,0.3557193875312805,-0.19344520568847656,0.9999257326126099,0.585029125213623,0.3554859757423401,-0.19348213076591492,0.9999208450317383,0.5832865238189697,0.3552250862121582,-0.19353152811527252,0.9999334812164307,0.5849647521972656,0.35537150502204895,-0.09233147650957108,0.9996269941329956,0.5752161145210266,0.35492390394210815,-0.16760756075382233,0.999936580657959,0.5864614248275757,0.36056217551231384,-0.15569712221622467,0.9999336004257202,0.5831745266914368,0.36020565032958984,-0.17753399908542633,0.9999738931655884,0.5928860306739807,0.36904388666152954,-0.0055198706686496735,0.9999275207519531,0.5392757654190063,0.3678441643714905,-0.14262734353542328,0.9999903440475464,0.5999836921691895,0.38708722591400146,-0.01464036200195551,0.9055199027061462,0.5186265110969543,0.38545769453048706,-0.14370416104793549,0.9973906874656677,0.5805590152740479,0.3908512592315674,-0.16603365540504456,0.8781473636627197,0.5202968716621399,0.40314817428588867,-0.18021734058856964,0.9899927973747253,0.5720933079719543,0.39291244745254517,-0.1973045915365219,0.797968864440918,0.5191088318824768,0.4092402160167694,-0.20393651723861694,0.9752025008201599,0.5690602660179138,0.3899407684803009,-0.2049100697040558,0.7986170649528503,0.5252658128738403,0.4089891314506531,-0.2125249058008194,0.9734166860580444,0.5708761811256409,0.3893088400363922,-0.17328914999961853,0.7465187311172485,0.5266505479812622,0.4068875312805176,-0.18237213790416718,0.9510638117790222,0.5624547004699707,0.4067313075065613,0.04927320405840874,0.9991905093193054,0.5337210893630981,0.4060717523097992,-0.049299050122499466,0.9997733235359192,0.5845363140106201,0.42699962854385376,0.017078865319490433,0.9819537401199341,0.5085744857788086,0.4403594136238098,-0.12172383815050125,0.994763195514679,0.5857772827148438,0.4514697790145874,0.15985922515392303,0.9824705719947815,0.4559875428676605,0.46631357073783875,-0.06079421937465668,0.9967744946479797,0.5782660245895386,0.4569142758846283,0.1704777181148529,0.9605785012245178,0.44709742069244385,0.4695996642112732,-0.05954788997769356,0.9269818067550659,0.6075300574302673,0.4613296687602997,0.11095884442329407,0.9752300381660461,0.46071648597717285,0.47799086570739746,-0.16313885152339935,0.9897056818008423
U15_v4,89,1,0.46372559666633606,0.3561616539955139,-0.2111058384180069,0.9999985694885254,0.45498937368392944,0.3551194667816162,-0.19744300842285156,0.9999973773956299,0.4540499746799469,0.35500386357307434,-0.1974366307258606,0.9999958276748657,0.45298364758491516,0.35486727952957153,-0.19746454060077667,0.9999960660934448,0.4555365741252899,0.35594573616981506,-0.22379827499389648,0.9999991655349731,0.4548799395561218,0.3564099669456482,-0.2238340824842453,0.9999991655349731,0.4540344178676605,0.3568674325942993,-0.22390179336071014,0.9999991655349731,0.4444885849952698,0.3577834367752075,-0.11925865709781647,0.9999915361404419,0.4467455744743347,0.3616718649864197,-0.24209372699260712,0.9999990463256836,0.46544086933135986,0.3581829369068146,-0.17883166670799255,0.9999793767929077,0.46346861124038696,0.3605695962905884,-0.21474845707416534,0.999984860420227,0.44334086775779724,0.36844515800476074,-0.014187880791723728,0.9999666213989258,0.46470609307289124,0.3800809979438782,-0.2656024992465973,0.9999876022338867,0.42877063155174255,0.35658228397369385,0.15451985597610474,0.4057919681072235,0.5094079971313477,0.3966611623764038,-0.29846206307411194,0.978872537612915,0.41383200883865356,0.34280258417129517,0.29642152786254883,0.7651926875114441,0.5451263785362244,0.4022253155708313,-0.2830149233341217,0.9660193920135498,0.39940503239631653,0.3397913873195648,0.3201102912425995,0.6510520577430725,0.5544244647026062,0.40397173166275024,-0.30741167068481445,0.9431576132774353,0.39973533153533936,0.33925944566726685,0.3043088912963867,0.6357601284980774,0.5506410002708435,0.4019959270954132,-0.3073475956916809,0.9391607046127319,0.4070954918861389,0.3409448266029358,0.2922469675540924,0.6480482220649719,0.5470391511917114,0.4013124406337738,-0.2820854187011719,0.8684616088867188,0.5025232434272766,0.4125733971595764,0.08102653920650482,0.9999959468841553,0.4916028380393982,0.4164635241031647,-0.08143405616283417,0.9999963045120239,0.5542430281639099,0.4291461706161499,0.2301580011844635,0.9526289701461792,0.48520559072494507,0.4520014524459839,-0.040631506592035294,0.9978914856910706,0.5796223878860474,0.45337921380996704,0.4542085826396942,0.9844975471496582,0.4442656338214874,0.477853924036026,0.13820700347423553,0.9974638223648071,0.571810781955719,0.45739299058914185,0.47675251960754395,0.9623046517372131,0.43143194913864136,0.4819277822971344,0.15836352109909058,0.9608774185180664,0.6021243929862976,0.4610094726085663,0.4586150050163269,0.984582245349884,0.45993515849113464,0.4931776821613312,0.12362731248140335,0.9958068132400513
U15_v4,90,1,0.4673764109611511,0.3583025336265564,-0.007169339805841446,0.99994957447052,0.4626564681529999,0.3570191264152527,0.0023840880021452904,0.9999253749847412,0.4625251591205597,0.3570551574230194,0.002335933269932866,0.9999003410339355,0.46252670884132385,0.35704898834228516,0.0022873743437230587,0.9999467134475708,0.4624050557613373,0.3572487533092499,-0.019926872104406357,0.9999319314956665,0.46206796169281006,0.35741114616394043,-0.01991535909473896,0.999901294708252,0.46186667680740356,0.3575032353401184,-0.01993507333099842,0.9999191761016846,0.4571884870529175,0.35956963896751404,0.04829280450940132,0.9998792409896851,0.452428936958313,0.3606739640235901,-0.051944486796855927,0.9998528957366943,0.4676847755908966,0.3615659177303314,0.01174812950193882,0.9999146461486816,0.4671340584754944,0.36150985956192017,-0.01733417436480522,0.9999001026153564,0.4727189838886261,0.373575896024704,0.10972226411104202,0.9999403953552246,0.4701371192932129,0.3754611015319824,-0.10980193316936493,0.9999197721481323,0.49166104197502136,0.38998842239379883,0.13977636396884918,0.19440439343452454,0.4867185950279236,0.3948644697666168,-0.13445599377155304,0.9370954036712646,0.5012783408164978,0.4016077518463135,0.10141438245773315,0.44952377676963806,0.5190809965133667,0.40364769101142883,-0.11081141978502274,0.8695170283317566,0.5036020278930664,0.405906081199646,0.09764323383569717,0.44666412472724915,0.5185167789459229,0.40943923592567444,-0.13187645375728607,0.8376225233078003,0.502597987651825,0.40431278944015503,0.08120778948068619,0.45181718468666077,0.52207350730896,0.4088999330997467,-0.12554363906383514,0.8223965167999268,0.5024455189704895,0.403023898601532,0.09307710081338882,0.41723382472991943,0.522398054599762,0.406992644071579,-0.10774519294500351,0.7385758757591248,0.48578929901123047,0.4142422080039978,0.07055897265672684,0.9998579025268555,0.4748218357563019,0.41625669598579407,-0.07063672691583633,0.9998123049736023,0.5217502117156982,0.4394451081752777,0.04691140353679657,0.8916038870811462,0.4878160059452057,0.4489196836948395,-0.08700714260339737,0.9909805655479431,0.5246922373771667,0.4519358277320862,0.16514021158218384,0.9399398565292358,0.44855982065200806,0.4751579761505127,0.009378143586218357,0.9974307417869568,0.5166060328483582,0.4534725248813629,0.17589443922042847,0.9377742409706116,0.43555930256843567,0.47966283559799194,0.018700458109378815,0.9748035073280334,0.5413334965705872,0.4604054093360901,0.1597771942615509,0.9524701237678528,0.45940107107162476,0.49148067831993103,-0.021659722551703453,0.994468092918396
U15_v4,91,0,,,,,,,,,,,,,,,,,,,,,,,,,,,,,,,,,,,,,,,,,,,,,,,,,,,,,,,,,,,,,,,,,,,,,,,,,,,,,,,,,,,,,,,,,,,,,,,,,,,,,,,,,,,,,,,,,,,,,,,,,,,,,,,,,,,,
U15_v4,92,0,,,,,,,,,,,,,,,,,,,,,,,,,,,,,,,,,,,,,,,,,,,,,,,,,,,,,,,,,,,,,,,,,,,,,,,,,,,,,,,,,,,,,,,,,,,,,,,,,,,,,,,,,,,,,,,,,,,,,,,,,,,,,,,,,,,,
U15_v4,93,0,,,,,,,,,,,,,,,,,,,,,,,,,,,,,,,,,,,,,,,,,,,,,,,,,,,,,,,,,,,,,,,,,,,,,,,,,,,,,,,,,,,,,,,,,,,,,,,,,,,,,,,,,,,,,,,,,,,,,,,,,,,,,,,,,,,,
U15_v4,94,0,,,,,,,,,,,,,,,,,,,,,,,,,,,,,,,,,,,,,,,,,,,,,,,,,,,,,,,,,,,,,,,,,,,,,,,,,,,,,,,,,,,,,,,,,,,,,,,,,,,,,,,,,,,,,,,,,,,,,,,,,,,,,,,,,,,,
U15_v4,95,1,0.46035367250442505,0.3586072623729706,-0.2862499952316284,0.999869704246521,0.45511704683303833,0.35636454820632935,-0.2726293206214905,0.9996943473815918,0.45575714111328125,0.3561197519302368,-0.2726130783557892,0.9995009899139404,0.45644426345825195,0.35587698221206665,-0.2726358473300934,0.9995394945144653,0.45177391171455383,0.35737234354019165,-0.29365313053131104,0.9998618364334106,0.44986817240715027,0.35790035128593445,-0.29373952746391296,0.9998652935028076,0.4479629397392273,0.3584313988685608,-0.29383572936058044,0.999887228012085,0.4521162509918213,0.3579932153224945,-0.17581483721733093,0.9987738728523254,0.4412650465965271,0.36155715584754944,-0.2732938528060913,0.9998797178268433,0.4636039733886719,0.36116406321525574,-0.24635083973407745,0.9993746876716614,0.4596354365348816,0.3623742461204529,-0.274678498506546,0.9996980428695679,0.4696401059627533,0.36594337224960327,-0.06078636273741722,0.9998453855514526,0.4473643898963928,0.37785544991493225,-0.26338958740234375,0.9999176263809204,0.4729473292827606,0.36684978008270264,0.005111016798764467,0.712058424949646,0.4779261648654938,0.39557209610939026,-0.2861669659614563,0.9497256875038147,0.4412733316421509,0.365145742893219,0.0017762118950486183,0.9050387740135193,0.49873730540275574,0.40632376074790955,-0.316051721572876,0.9309495091438293,0.43299728631973267,0.3660156726837158,-0.0016595309134572744,0.8428031802177429,0.5017958283424377,0.40959274768829346,-0.3428848385810852,0.907555878162384,0.4300839602947235,0.36401939392089844,-0.011982057243585587,0.8392546772956848,0.5020918250083923,0.40775561332702637,-0.3471449315547943,0.9045856595039368,0.4339711368083954,0.36362963914871216,-0.003402221715077758,0.8061635494232178,0.5006585121154785,0.40587207674980164,-0.3168676197528839,0.8330284357070923,0.5250870585441589,0.407760351896286,0.0631362721323967,0.9999407529830933,0.49829742312431335,0.4139733612537384,-0.06328535079956055,0.9999555349349976,0.5585880875587463,0.4331948161125183,0.0841851606965065,0.9745638370513916,0.504298985004425,0.44682008028030396,-0.12620964646339417,0.9986839890480042,0.5628862977027893,0.4515282213687897,0.3172250986099243,0.9709494709968567,0.45605412125587463,0.4808880388736725,0.001259549055248499,0.9990429282188416,0.5388627052307129,0.4556815028190613,0.33892667293548584,0.9472662210464478,0.4469195008277893,0.48499566316604614,0.01384933665394783,0.9852762818336487,0.5644513964653015,0.46414151787757874,0.30952370166778564,0.973543107509613,0.4745635390281677,0.49371713399887085,-0.04742924124002457,0.9981887936592102
U15_v4,96,1,0.4849795699119568,0.3665851950645447,-0.08026783168315887,0.9990026354789734,0.4823754131793976,0.36466819047927856,-0.07872592657804489,0.9976537823677063,0.48236310482025146,0.36461013555526733,-0.07873934507369995,0.9975094795227051,0.4823874533176422,0.36455896496772766,-0.07873193919658661,0.9979013204574585,0.4807704985141754,0.36477404832839966,-0.09950058162212372,0.9978244304656982,0.47935187816619873,0.3648003041744232,-0.09955283999443054,0.997697651386261,0.47790881991386414,0.36482885479927063,-0.09965827316045761,0.9976717829704285,0.4765218496322632,0.3643510043621063,-0.0373283252120018,0.9963724613189697,0.4702077805995941,0.3649270832538605,-0.13196399807929993,0.9983445405960083,0.4838855564594269,0.36810392141342163,-0.058604296296834946,0.9984028935432434,0.48238837718963623,0.36806830763816833,-0.08629961311817169,0.9983614087104797,0.4787966012954712,0.372316837310791,0.05377085506916046,0.9997708201408386,0.46106797456741333,0.3735007047653198,-0.1718774288892746,0.9999691247940063,0.4899155795574188,0.39247581362724304,0.10866275429725647,0.1353382170200348,0.4744011461734772,0.39406824111938477,-0.18931609392166138,0.9838501214981079,0.5005868077278137,0.4047563076019287,0.08602533489465714,0.5535134673118591,0.5018863081932068,0.40534934401512146,-0.19634582102298737,0.98385089635849,0.4977494478225708,0.4121999144554138,0.084957055747509,0.5713716745376587,0.5016241073608398,0.41251522302627563,-0.22371263802051544,0.9742481708526611,0.4972591996192932,0.41041100025177,0.0631534680724144,0.5729227662086487,0.5050607323646545,0.41055023670196533,-0.2185068279504776,0.9719874858856201,0.4960673153400421,0.4081277549266815,0.07645959407091141,0.5335786938667297,0.5027742385864258,0.408774733543396,-0.19356468319892883,0.9499072432518005,0.5094046592712402,0.41177651286125183,0.07514700293540955,0.9998809099197388,0.4925311803817749,0.41441160440444946,-0.07518034428358078,0.999915361404419,0.5433619022369385,0.43485912680625916,0.0887722373008728,0.9617395997047424,0.510906457901001,0.4482016861438751,-0.10507199168205261,0.9989678859710693,0.5474953651428223,0.4597368836402893,0.2384873330593109,0.9890075922012329,0.4604566693305969,0.48120152950286865,0.006258614826947451,0.9993712306022644,0.5540288090705872,0.459669291973114,0.2511909604072571,0.9794747829437256,0.4536229372024536,0.4840492308139801,0.017249954864382744,0.988261878490448,0.5709945559501648,0.46951377391815186,0.21940934658050537,0.9882842302322388,0.48129627108573914,0.49783700704574585,-0.03266351297497749,0.9985154271125793
U15_v4,97,0,,,,,,,,,,,,,,,,,,,,,,,,,,,,,,,,,,,,,,,,,,,,,,,,,,,,,,,,,,,,,,,,,,,,,,,,,,,,,,,,,,,,,,,,,,,,,,,,,,,,,,,,,,,,,,,,,,,,,,,,,,,,,,,,,,,,
U15_v4,98,0,,,,,,,,,,,,,,,,,,,,,,,,,,,,,,,,,,,,,,,,,,,,,,,,,,,,,,,,,,,,,,,,,,,,,,,,,,,,,,,,,,,,,,,,,,,,,,,,,,,,,,,,,,,,,,,,,,,,,,,,,,,,,,,,,,,,
U15_v4,99,1,0.5758111476898193,0.35837793350219727,-0.21805596351623535,0.9998688697814941,0.5758248567581177,0.3555162847042084,-0.20379167795181274,0.9996634721755981,0.5759548544883728,0.35553303360939026,-0.2038143426179886,0.99956876039505,0.5759857892990112,0.35555824637413025,-0.2038159966468811,0.9995933175086975,0.5732707977294922,0.35522565245628357,-0.22059355676174164,0.999788224697113,0.5714571475982666,0.35504311323165894,-0.22063592076301575,0.9997811913490295,0.5695574283599854,0.35485363006591797,-0.22067667543888092,0.9998061060905457,0.5703439712524414,0.3558712899684906,-0.11067306250333786,0.9986395239830017,0.5606787204742432,0.35480284690856934,-0.18651306629180908,0.9997493624687195,0.5728640556335449,0.3610486090183258,-0.18069447576999664,0.9997664093971252,0.5691528916358948,0.3606434464454651,-0.20264028012752533,0.9998965263366699,0.5782517194747925,0.3682253360748291,-0.014126088470220566,0.9999006986618042,0.5238526463508606,0.3675309419631958,-0.15529286861419678,0.9999715089797974,0.594485342502594,0.3830631971359253,0.00280535826459527,0.8990866541862488,0.5061503648757935,0.384463369846344,-0.14548471570014954,0.996683657169342,0.5734456777572632,0.3930860459804535,-0.12367582321166992,0.920041561126709,0.507286012172699,0.40460842847824097,-0.18866917490959167,0.9904314875602722,0.5682657361030579,0.39482057094573975,-0.14859798550605774,0.8718445301055908,0.5039272904396057,0.41085970401763916,-0.2137935757637024,0.9779360294342041,0.56517493724823,0.394395112991333,-0.1645057052373886,0.8741307258605957,0.5087109804153442,0.4107455909252167,-0.22693033516407013,0.9776149392127991,0.5662781596183777,0.3929615914821625,-0.13332568109035492,0.8356104493141174,0.511162281036377,0.4089585840702057,-0.19329603016376495,0.9616503715515137,0.554594874382019,0.40586501359939575,0.05436602979898453,0.9987125396728516,0.5280986428260803,0.40619775652885437,-0.05441611260175705,0.9995443224906921,0.5597732663154602,0.43195003271102905,0.04647143930196762,0.9395135045051575,0.5272509455680847,0.4378776550292969,-0.1337171196937561,0.9900979399681091,0.5426937341690063,0.46071723103523254,0.1593920886516571,0.959613025188446,0.4869880676269531,0.4720291495323181,-0.0868435651063919,0.9952196478843689,0.5328472852706909,0.4641420543193817,0.16618917882442474,0.9239420890808105,0.47841647267341614,0.4769288897514343,-0.08774709701538086,0.9431917667388916,0.5618565082550049,0.47122862935066223,0.10381126403808594,0.9598789811134338,0.5081135630607605,0.4764642119407654,-0.19107909500598907,0.9915257096290588
U15_v4,100,1,0.5753491520881653,0.3577345907688141,-0.1783098429441452,0.999772846698761,0.5752612948417664,0.35513290762901306,-0.16397520899772644,0.9994029998779297,0.5753622055053711,0.35518375039100647,-0.16400405764579773,0.9992239475250244,0.5753520131111145,0.35524222254753113,-0.16400231420993805,0.9992444515228271,0.5728684067726135,0.35482192039489746,-0.17995977401733398,0.9996688365936279,0.5710639953613281,0.3546280562877655,-0.18000097572803497,0.9996758699417114,0.5692740082740784,0.35444375872612,-0.18005380034446716,0.9997195601463318,0.5697820782661438,0.3558666706085205,-0.07574809342622757,0.9973168969154358,0.5606527328491211,0.35487526655197144,-0.14763928949832916,0.999609649181366,0.572185218334198,0.3604024350643158,-0.1431412398815155,0.9994471669197083,0.5686959028244019,0.36012279987335205,-0.1639280617237091,0.9997796416282654,0.5762906074523926,0.3678460717201233,0.015045254491269588,0.999739944934845,0.5262006521224976,0.3671639561653137,-0.1267378330230713,0.9999598264694214,0.591834545135498,0.38014087080955505,0.04498288780450821,0.8037638664245605,0.5073745250701904,0.3849833011627197,-0.11955743283033371,0.9955175518989563,0.5792362689971924,0.39206525683403015,-0.06694380193948746,0.8741067051887512,0.5076440572738647,0.4040713310241699,-0.1661876142024994,0.9903233051300049,0.5766373872756958,0.39375948905944824,-0.08817226439714432,0.8286688923835754,0.504413366317749,0.4105284810066223,-0.19128748774528503,0.9784570932388306,0.5734615921974182,0.39283815026283264,-0.10789201408624649,0.8364792466163635,0.509332537651062,0.4103873670101166,-0.20337381958961487,0.9783360958099365,0.5739648342132568,0.391473650932312,-0.07804478704929352,0.7989125847816467,0.5118886232376099,0.4085575044155121,-0.1704927235841751,0.9638962745666504,0.5555339455604553,0.40608274936676025,0.05522112548351288,0.998314619064331,0.5309247970581055,0.4058476984500885,-0.055261485278606415,0.999487042427063,0.5594418048858643,0.433291494846344,0.047047510743141174,0.9164220094680786,0.5282415747642517,0.4379820227622986,-0.12851232290267944,0.9906373620033264,0.5430062413215637,0.45958411693573,0.15186412632465363,0.9484528303146362,0.485463947057724,0.4725247025489807,-0.08660238236188889,0.9956091046333313,0.5330866575241089,0.462872177362442,0.15801024436950684,0.9160122275352478,0.4762018024921417,0.4775021970272064,-0.08762716501951218,0.9543142318725586,0.5628083944320679,0.4693834185600281,0.10017667710781097,0.9520378112792969,0.4984610080718994,0.4829450845718384,-0.18599748611450195,0.9916662573814392
U15_v4,101,1,0.4672602415084839,0.36201566457748413,0.03139164671301842,0.9850448966026306,0.4599369764328003,0.3612510859966278,0.03986431658267975,0.9813475608825684,0.45935219526290894,0.3613911271095276,0.039778489619493484,0.9778750538825989,0.45878058671951294,0.3615424633026123,0.03972486034035683,0.9855635166168213,0.46006256341934204,0.36155346035957336,0.017680155113339424,0.9878531694412231,0.459364116191864,0.36188966035842896,0.01767391711473465,0.9862692952156067,0.4586947560310364,0.3622267246246338,0.01754434034228325,0.9878637194633484,0.4547329545021057,0.3641284704208374,0.08407305926084518,0.9845454692840576,0.4550068974494934,0.3651859760284424,-0.016660843044519424,0.9759056568145752,0.47045519948005676,0.3646222651004791,0.051577113568782806,0.9688417911529541,0.47080910205841064,0.3649926483631134,0.02194688655436039,0.9676585793495178,0.4692057967185974,0.3743669390678406,0.1483251303434372,0.9978733062744141,0.4738267660140991,0.3737371265888214,-0.08577998727560043,0.9988368153572083,0.4782639443874359,0.37906819581985474,0.23819668591022491,0.12777423858642578,0.4933677017688751,0.37386614084243774,-0.21237677335739136,0.7845401763916016,0.49161985516548157,0.3737316429615021,0.2729065418243408,0.36816713213920593,0.5068324208259583,0.3659534454345703,-0.29938697814941406,0.7021692395210266,0.4906906187534332,0.3737616539001465,0.2887241542339325,0.46892422437667847,0.5079923868179321,0.36438247561454773,-0.3271317481994629,0.7073533535003662,0.4922149181365967,0.3708305358886719,0.2706088423728943,0.4950287640094757,0.5078169703483582,0.36281779408454895,-0.3116758167743683,0.6917864680290222,0.4935779571533203,0.37088602781295776,0.2672448456287384,0.45317018032073975,0.5078564286231995,0.36343926191329956,-0.2952790856361389,0.6034077405929565,0.48166200518608093,0.4206082820892334,0.08454827964305878,0.9997883439064026,0.4806796908378601,0.42528700828552246,-0.08493413776159286,0.9997637867927551,0.5320039987564087,0.43805596232414246,0.13729940354824066,0.6126922369003296,0.4980298578739166,0.4510922133922577,-0.08254267275333405,0.9707415699958801,0.4985502064228058,0.4595547616481781,0.17080697417259216,0.810702919960022,0.47107529640197754,0.4840357005596161,-0.09770035743713379,0.992214024066925,0.4884030818939209,0.4599094092845917,0.17351554334163666,0.8524313569068909,0.4617444574832916,0.48956727981567383,-0.09793618321418762,0.9775164127349854,0.5053984522819519,0.47157782316207886,0.15983213484287262,0.8819042444229126,0.4945325255393982,0.5011844038963318,-0.1403910219669342,0.9893866777420044
U15_v4,102,0,,,,,,,,,,,,,,,,,,,,,,,,,,,,,,,,,,,,,,,,,,,,,,,,,,,,,,,,,,,,,,,,,,,,,,,,,,,,,,,,,,,,,,,,,,,,,,,,,,,,,,,,,,,,,,,,,,,,,,,,,,,,,,,,,,,,
U15_v4,103,0,,,,,,,,,,,,,,,,,,,,,,,,,,,,,,,,,,,,,,,,,,,,,,,,,,,,,,,,,,,,,,,,,,,,,,,,,,,,,,,,,,,,,,,,,,,,,,,,,,,,,,,,,,,,,,,,,,,,,,,,,,,,,,,,,,,,
U15_v4,104,0,,,,,,,,,,,,,,,,,,,,,,,,,,,,,,,,,,,,,,,,,,,,,,,,,,,,,,,,,,,,,,,,,,,,,,,,,,,,,,,,,,,,,,,,,,,,,,,,,,,,,,,,,,,,,,,,,,,,,,,,,,,,,,,,,,,,
U15_v4,105,0,,,,,,,,,,,,,,,,,,,,,,,,,,,,,,,,,,,,,,,,,,,,,,,,,,,,,,,,,,,,,,,,,,,,,,,,,,,,,,,,,,,,,,,,,,,,,,,,,,,,,,,,,,,,,,,,,,,,,,,,,,,,,,,,,,,,
U15_v4,106,0,,,,,,,,,,,,,,,,,,,,,,,,,,,,,,,,,,,,,,,,,,,,,,,,,,,,,,,,,,,,,,,,,,,,,,,,,,,,,,,,,,,,,,,,,,,,,,,,,,,,,,,,,,,,,,,,,,,,,,,,,,,,,,,,,,,,
U15_v4,107,0,,,,,,,,,,,,,,,,,,,,,,,,,,,,,,,,,,,,,,,,,,,,,,,,,,,,,,,,,,,,,,,,,,,,,,,,,,,,,,,,,,,,,,,,,,,,,,,,,,,,,,,,,,,,,,,,,,,,,,,,,,,,,,,,,,,,
U15_v4,108,1,0.5517702102661133,0.3521410822868347,0.11135077476501465,0.9993898868560791,0.5575394034385681,0.3537956774234772,0.11552367359399796,0.9991732239723206,0.5572642683982849,0.35499894618988037,0.11552298814058304,0.9992927312850952,0.5569418668746948,0.35555511713027954,0.11546166241168976,0.9993507266044617,0.5578693151473999,0.3532552421092987,0.1319420337677002,0.9988499879837036,0.5576844215393066,0.3533627986907959,0.13190242648124695,0.9986282587051392,0.557549238204956,0.3534492254257202,0.1318701058626175,0.9991201758384705,0.5556214451789856,0.359760582447052,0.13874725997447968,0.9995967745780945,0.5554946660995483,0.3566182255744934,0.21504037082195282,0.9991664886474609,0.5451037287712097,0.35543107986450195,0.11946375668048859,0.9991814494132996,0.5453368425369263,0.35461899638175964,0.14160074293613434,0.9992191791534424,0.5380112528800964,0.3780789375305176,0.14303116500377655,0.9999113082885742,0.5251175165176392,0.3576507866382599,0.2607164680957794,0.9998700618743896,0.5308047533035278,0.40540361404418945,0.06895722448825836,0.9271718859672546,0.48428070545196533,0.34965336322784424,0.28024110198020935,0.10755518823862076,0.5427579879760742,0.4325929582118988,-0.014088708907365799,0.8271280527114868,0.48100370168685913,0.34324848651885986,0.26381179690361023,0.6118466854095459,0.548445463180542,0.43960848450660706,-0.031509269028902054,0.7367298603057861,0.4880981743335724,0.3392314016819,0.27568504214286804,0.5159395337104797,0.5506615042686462,0.4404200613498688,-0.04147561639547348,0.7331405878067017,0.4893516004085541,0.33747240900993347,0.2669178247451782,0.49633848667144775,0.5481056571006775,0.43808215856552124,-0.021873503923416138,0.6791143417358398,0.48831164836883545,0.3390057384967804,0.2607092261314392,0.5388693809509277,0.46575620770454407,0.3855936527252197,-0.02386169508099556,0.9993915557861328,0.45005252957344055,0.3771844804286957,0.023729516193270683,0.9999474287033081,0.4710538685321808,0.40944904088974,-0.12559878826141357,0.9938386082649231,0.397560179233551,0.3891502916812897,-0.1001715138554573,0.9524944424629211,0.43831881880760193,0.4315986633300781,-0.25549745559692383,0.9935978651046753,0.32539743185043335,0.3861137628555298,-0.2397347092628479,0.9902668595314026,0.42914319038391113,0.43456655740737915,-0.27507370710372925,0.9849678874015808,0.3082126975059509,0.387967050075531,-0.2606751620769501,0.9910594820976257,0.43476128578186035,0.43704789876937866,-0.35797247290611267,0.9932366013526917,0.31557518243789673,0.37736427783966064,-0.3578632175922394,0.9880571365356445
U15_v4,109,0,,,,,,,,,,,,,,,,,,,,,,,,,,,,,,,,,,,,,,,,,,,,,,,,,,,,,,,,,,,,,,,,,,,,,,,,,,,,,,,,,,,,,,,,,,,,,,,,,,,,,,,,,,,,,,,,,,,,,,,,,,,,,,,,,,,,
U15_v4,110,0,,,,,,,,,,,,,,,,,,,,,,,,,,,,,,,,,,,,,,,,,,,,,,,,,,,,,,,,,,,,,,,,,,,,,,,,,,,,,,,,,,,,,,,,,,,,,,,,,,,,,,,,,,,,,,,,,,,,,,,,,,,,,,,,,,,,
U15_v4,111,1,0.5594996213912964,0.35662180185317993,-0.1471831053495407,0.9999788999557495,0.5586584210395813,0.3539309501647949,-0.13652241230010986,0.999970555305481,0.5581890344619751,0.35382482409477234,-0.13655897974967957,0.9999527931213379,0.5576049089431763,0.353741317987442,-0.13662822544574738,0.9999610185623169,0.5557975172996521,0.35373222827911377,-0.15199144184589386,0.9999785423278809,0.5540634989738464,0.35356801748275757,-0.15202975273132324,0.9999673366546631,0.5502172112464905,0.3532346785068512,-0.15205295383930206,0.9999680519104004,0.5491335391998291,0.35363736748695374,-0.0619233101606369,0.9999752044677734,0.5395894050598145,0.35300466418266296,-0.13223589956760406,0.9999761581420898,0.5555002689361572,0.3587718904018402,-0.11659791320562363,0.999988317489624,0.5522853136062622,0.3587636947631836,-0.1370743215084076,0.999990701675415,0.55892014503479,0.3643508851528168,0.01238909550011158,0.9999754428863525,0.5084717869758606,0.36039772629737854,-0.11392426490783691,0.9999475479125977,0.5827244520187378,0.3728580176830292,0.08297174423933029,0.9765032529830933,0.4670407772064209,0.36255359649658203,-0.15942323207855225,0.9985365867614746,0.5892235636711121,0.38732996582984924,0.06409095227718353,0.9877712726593018,0.44965440034866333,0.36458179354667664,-0.2435052990913391,0.9971598386764526,0.5853500366210938,0.39137375354766846,0.061105672270059586,0.971004843711853,0.4424116611480713,0.36673641204833984,-0.26503869891166687,0.993341863155365,0.580920934677124,0.39089372754096985,0.04242343455553055,0.9730637073516846,0.4487949311733246,0.3661620318889618,-0.27817606925964355,0.9935815334320068,0.5812856554985046,0.38972899317741394,0.05652881786227226,0.9708361625671387,0.4525197148323059,0.3660837709903717,-0.25039348006248474,0.9911256432533264,0.5318253040313721,0.4000226855278015,0.046159952878952026,0.9994057416915894,0.5006204843521118,0.4019591212272644,-0.04614756256341934,0.999309778213501,0.5604293942451477,0.4285534620285034,-0.021999631077051163,0.9730053544044495,0.5082916617393494,0.4386756420135498,-0.07257821410894394,0.977527379989624,0.5584886074066162,0.45219531655311584,0.09034255892038345,0.9266449213027954,0.5081978440284729,0.4694245755672455,-0.006250676233321428,0.9939508438110352,0.5477533936500549,0.45657652616500854,0.09866219758987427,0.9265518188476562,0.506484866142273,0.47462135553359985,-0.003414708189666271,0.9669405817985535,0.5795838832855225,0.46105605363845825,0.05482098087668419,0.9317395091056824,0.5173574090003967,0.47839871048927307,-0.08314414322376251,0.9838148951530457
U15_v4,112,1,0.5268570184707642,0.3509082794189453,-0.23559825122356415,0.9994435906410217,0.5280331373214722,0.3469920754432678,-0.21943603456020355,0.9983397722244263,0.5308093428611755,0.3447483777999878,-0.21946968138217926,0.9980243444442749,0.5318995714187622,0.3468708395957947,-0.21951442956924438,0.9980207681655884,0.5236192345619202,0.34359267354011536,-0.23263078927993774,0.9983460903167725,0.5218275785446167,0.3433920443058014,-0.23263078927993774,0.9980422258377075,0.519885241985321,0.3432663381099701,-0.23266233503818512,0.9979481101036072,0.5284879803657532,0.3452467620372772,-0.10543657094240189,0.9980918765068054,0.5091540813446045,0.3440440893173218,-0.165601447224617,0.9970679879188538,0.5280359983444214,0.35227686166763306,-0.18969735503196716,0.9994767308235168,0.5221741795539856,0.3517013192176819,-0.2073671519756317,0.9995895028114319,0.5390365719795227,0.35951095819473267,-0.02749878726899624,0.9997101426124573,0.4813648760318756,0.3606097102165222,-0.15096518397331238,0.999613344669342,0.5722583532333374,0.3675409257411957,-0.10786586254835129,0.9064106941223145,0.453135222196579,0.364923894405365,-0.3211308419704437,0.9942525029182434,0.566038191318512,0.3743138909339905,-0.2967735230922699,0.8832667469978333,0.4990363121032715,0.3638847768306732,-0.49154114723205566,0.9755700826644897,0.5688040256500244,0.37817004323005676,-0.33861804008483887,0.8203933238983154,0.5084818601608276,0.3638862371444702,-0.5368266701698303,0.9509792327880859,0.5593692660331726,0.376499205827713,-0.3469296991825104,0.8200862407684326,0.5139667987823486,0.361452579498291,-0.52888023853302,0.9454871416091919,0.5574150085449219,0.3759847581386566,-0.30602654814720154,0.7968336939811707,0.5107569098472595,0.3624001145362854,-0.491956889629364,0.9053922891616821,0.5283307433128357,0.4123331606388092,0.040053386241197586,0.9994311928749084,0.49035364389419556,0.4168413281440735,-0.03998245671391487,0.9992411136627197,0.5621337294578552,0.4332500100135803,-0.1173044741153717,0.9859942197799683,0.502135694026947,0.45475873351097107,-0.0837327167391777,0.9917467832565308,0.5451048016548157,0.4588857591152191,0.08883170038461685,0.95490962266922,0.5027620792388916,0.49005576968193054,0.04980985447764397,0.9886272549629211,0.5349311232566833,0.46368223428726196,0.10643656551837921,0.9419463872909546,0.4982030987739563,0.4942469894886017,0.057166218757629395,0.9127475023269653,0.5682392120361328,0.4711320698261261,0.019888294860720634,0.968643069267273,0.5279024839401245,0.5038378834724426,-0.0681987777352333,0.9737198352813721
U15_v4,113,1,0.5284801125526428,0.353238046169281,-0.23715662956237793,0.999409556388855,0.528940737247467,0.3491770923137665,-0.22059334814548492,0.9983730316162109,0.5304872393608093,0.3490718603134155,-0.22061185538768768,0.9979077577590942,0.5320335626602173,0.3489847481250763,-0.22064471244812012,0.9979633092880249,0.5229431390762329,0.3490692377090454,-0.23749294877052307,0.9986339211463928,0.5201541781425476,0.3488980531692505,-0.23749198019504547,0.9983742237091064,0.5174033641815186,0.348731130361557,-0.23753616213798523,0.9983149766921997,0.5274854898452759,0.34857600927352905,-0.10677289217710495,0.9978926777839661,0.5125648379325867,0.346667617559433,-0.18404144048690796,0.9975327253341675,0.5281553864479065,0.3560355603694916,-0.1911080926656723,0.9992772936820984,0.5212258100509644,0.3559648394584656,-0.21378545463085175,0.9994567036628723,0.533984899520874,0.3603293001651764,-0.019052961841225624,0.9995463490486145,0.48179197311401367,0.36119866371154785,-0.18107371032238007,0.9995207786560059,0.5671297311782837,0.3693463206291199,-0.06330046057701111,0.8660382032394409,0.47469738125801086,0.37048858404159546,-0.349631130695343,0.9947346448898315,0.5608013868331909,0.37128740549087524,-0.20746345818042755,0.8825643062591553,0.5150375962257385,0.36509838700294495,-0.4880576431751251,0.9823442697525024,0.5627779364585876,0.37321174144744873,-0.23884105682373047,0.8181953430175781,0.5241791009902954,0.36464589834213257,-0.5296853184700012,0.9627776145935059,0.5543666481971741,0.371841698884964,-0.2457781881093979,0.8148611783981323,0.5277002453804016,0.3627070188522339,-0.5214195251464844,0.9580588340759277,0.5527333617210388,0.37197765707969666,-0.21487674117088318,0.7877015471458435,0.5247595310211182,0.3638588786125183,-0.48740389943122864,0.9225674867630005,0.5253546237945557,0.4136984646320343,0.05006689578294754,0.9994274377822876,0.4893721640110016,0.41855764389038086,-0.05002515763044357,0.9991525411605835,0.5620131492614746,0.4331939220428467,-0.10126291960477829,0.9868918061256409,0.5025334358215332,0.4552832543849945,-0.07706671208143234,0.9906044602394104,0.5448837280273438,0.4589672386646271,0.08403009921312332,0.9611760377883911,0.50258469581604,0.48999911546707153,0.051750969141721725,0.9906677603721619,0.5347446203231812,0.46376168727874756,0.09974728524684906,0.9519201517105103,0.4978010654449463,0.494120717048645,0.058751050382852554,0.9359548687934875,0.566896378993988,0.4704802930355072,0.01689862459897995,0.9751140475273132,0.5279487371444702,0.5038046836853027,-0.062487583607435226,0.9797994494438171
U15_v4,114,1,0.5322269201278687,0.3510899245738983,-0.18145641684532166,0.9989450573921204,0.5345443487167358,0.34721633791923523,-0.16665108501911163,0.9970710277557373,0.5345275402069092,0.3472291827201843,-0.16669200360774994,0.9967846870422363,0.5379747748374939,0.3481692671775818,-0.16675500571727753,0.9970842003822327,0.530053973197937,0.34664517641067505,-0.18238422274589539,0.997061550617218,0.5289891362190247,0.34661969542503357,-0.18238912522792816,0.9963764548301697,0.5276706218719482,0.346750408411026,-0.1824180781841278,0.9960395097732544,0.5311492085456848,0.3475412130355835,-0.06464590132236481,0.9970621466636658,0.5201359987258911,0.3471589684486389,-0.13666963577270508,0.9945342540740967,0.5302445292472839,0.3520316481590271,-0.14033114910125732,0.9988044500350952,0.5267379879951477,0.35178834199905396,-0.1614805907011032,0.9989472031593323,0.5388995409011841,0.35941845178604126,0.010581494309008121,0.9995777010917664,0.48652130365371704,0.3600793480873108,-0.12800000607967377,0.999284565448761,0.565703272819519,0.371349960565567,-0.009594239294528961,0.8040565848350525,0.4572612941265106,0.36491620540618896,-0.26612648367881775,0.9887642860412598,0.5741190910339355,0.3781701922416687,-0.1462697833776474,0.8605936169624329,0.4928961992263794,0.36894118785858154,-0.40381327271461487,0.9572054743766785,0.5760725140571594,0.3811306059360504,-0.17541006207466125,0.8180045485496521,0.49736297130584717,0.37055665254592896,-0.4411323666572571,0.9209564924240112,0.5690084099769592,0.3793424963951111,-0.1912948042154312,0.8261549472808838,0.5049988627433777,0.3689919114112854,-0.43581491708755493,0.9160739183425903,0.560763418674469,0.3787837028503418,-0.15719495713710785,0.8068280816078186,0.5035162568092346,0.36899855732917786,-0.40471377968788147,0.8761940002441406,0.5244836211204529,0.41476330161094666,0.04808546602725983,0.9996163845062256,0.4925087094306946,0.41877803206443787,-0.04797906056046486,0.9991363883018494,0.563261091709137,0.4329790771007538,-0.14205488562583923,0.9912376403808594,0.5047703981399536,0.4561748802661896,-0.06299426406621933,0.9879822134971619,0.5476706027984619,0.4621361494064331,0.03210223466157913,0.971138596534729,0.5075618624687195,0.4880290925502777,0.09071343392133713,0.9892906546592712,0.5383002161979675,0.46571505069732666,0.04701225087046623,0.9483939409255981,0.504716694355011,0.4937090277671814,0.10061568766832352,0.9219585061073303,0.5672987103462219,0.47358986735343933,-0.03693099692463875,0.9775370359420776,0.5277766585350037,0.5022304654121399,-0.011036722920835018,0.9774956703186035
U15_v4,115,1,0.5289328098297119,0.3594394326210022,-0.2297385334968567,0.9998975992202759,0.5292800664901733,0.35767412185668945,-0.2163432389497757,0.9998164772987366,0.5290037393569946,0.3575877249240875,-0.21635036170482635,0.9997180104255676,0.5293781161308289,0.35717809200286865,-0.21641944348812103,0.9997274279594421,0.525965690612793,0.35774660110473633,-0.23601607978343964,0.9998966455459595,0.5254902839660645,0.3576553463935852,-0.23607929050922394,0.9998849630355835,0.5216186046600342,0.3575371503829956,-0.23615068197250366,0.9998979568481445,0.5228439569473267,0.3570514917373657,-0.1253223717212677,0.9997350573539734,0.512929379940033,0.35982653498649597,-0.21625904738903046,0.9998385906219482,0.5285515785217285,0.36409109830856323,-0.19296644628047943,0.9998182654380798,0.5240547060966492,0.3644801080226898,-0.21983280777931213,0.9998745918273926,0.5285035967826843,0.37074902653694153,-0.012124830856919289,0.9994553923606873,0.4926043450832367,0.3715096116065979,-0.23010234534740448,0.9998910427093506,0.5506957173347473,0.379716694355011,0.11426243931055069,0.7230941653251648,0.49175816774368286,0.36988651752471924,-0.40267544984817505,0.9915071725845337,0.5678953528404236,0.3750820457935333,0.18816548585891724,0.903081476688385,0.5145091414451599,0.35617774724960327,-0.5595281720161438,0.9892531037330627,0.5736383199691772,0.37421470880508423,0.2065451741218567,0.8596777319908142,0.5073546171188354,0.35357943177223206,-0.6033293604850769,0.9814396500587463,0.5717107653617859,0.3737473487854004,0.19138161838054657,0.8577094078063965,0.5118013620376587,0.35325586795806885,-0.5985551476478577,0.9781109094619751,0.5685865879058838,0.37443602085113525,0.1843021810054779,0.8408424854278564,0.5130165815353394,0.35507380962371826,-0.5625113844871521,0.9586991667747498,0.5120407342910767,0.416578471660614,0.07849405705928802,0.9995591044425964,0.4871021509170532,0.42017441987991333,-0.07858715951442719,0.9998428821563721,0.5599702000617981,0.4342951774597168,0.053652264177799225,0.93104487657547,0.5082107186317444,0.45208778977394104,-0.17524375021457672,0.9946505427360535,0.5496100187301636,0.46410393714904785,0.22220952808856964,0.9274302124977112,0.5070273876190186,0.4875091016292572,-0.09847748279571533,0.9986811280250549,0.5427469611167908,0.46850740909576416,0.2355719953775406,0.9301300048828125,0.5028954148292542,0.4917008876800537,-0.09619241952896118,0.9911608099937439,0.5795663595199585,0.47222140431404114,0.18675239384174347,0.9517049193382263,0.527252733707428,0.4979565143585205,-0.1990387737751007,0.9969074130058289
U15_v4,116,1,0.5266412496566772,0.36053231358528137,-0.2101280242204666,0.9999985694885254,0.5283226370811462,0.35844433307647705,-0.19565922021865845,0.9999972581863403,0.531542181968689,0.35605859756469727,-0.195647194981575,0.9999958276748657,0.530089259147644,0.3566780090332031,-0.19572442770004272,0.9999953508377075,0.5232187509536743,0.35864004492759705,-0.21218979358673096,0.9999984502792358,0.5223656296730042,0.3584718406200409,-0.21225938200950623,0.9999983310699463,0.5214537978172302,0.35816895961761475,-0.21226797997951508,0.9999980926513672,0.5258016586303711,0.356219619512558,-0.09796589612960815,0.9999961853027344,0.5110504627227783,0.358003705739975,-0.17384599149227142,0.9999977350234985,0.529841423034668,0.36114177107810974,-0.17062219977378845,0.9999954700469971,0.5223019123077393,0.3639066219329834,-0.19295845925807953,0.9999963045120239,0.5376771092414856,0.3687294125556946,0.017059603706002235,0.999963641166687,0.48682907223701477,0.3688645362854004,-0.17198140919208527,0.9999624490737915,0.5703748464584351,0.3712494969367981,0.1689983308315277,0.94264155626297,0.4568663239479065,0.3669678270816803,-0.27041947841644287,0.9933231472969055,0.587914228439331,0.380881130695343,0.2519851326942444,0.9688675403594971,0.46152499318122864,0.3614785969257355,-0.3478539288043976,0.9880205988883972,0.5894641280174255,0.3843846023082733,0.27153295278549194,0.9371724128723145,0.4618057906627655,0.36101269721984863,-0.3728199601173401,0.9748689532279968,0.5846152305603027,0.3850898742675781,0.2478160411119461,0.9435486793518066,0.46433961391448975,0.36126819252967834,-0.3749546706676483,0.9739742279052734,0.5825319290161133,0.3850959539413452,0.24504268169403076,0.9400863647460938,0.4677579402923584,0.3612263798713684,-0.3507509231567383,0.9621112942695618,0.5153807997703552,0.4166528582572937,0.07104024291038513,0.9998779296875,0.48530811071395874,0.4202871024608612,-0.07110293954610825,0.9999096393585205,0.5621767044067383,0.4354466199874878,0.004130404908210039,0.981342077255249,0.5008902549743652,0.45377033948898315,-0.14919893443584442,0.9965369701385498,0.5583932399749756,0.46378403902053833,0.17741180956363678,0.9748077988624573,0.5078677535057068,0.4876536726951599,-0.041484758257865906,0.999116837978363,0.5452576279640198,0.46956896781921387,0.19198653101921082,0.9694337248802185,0.504703164100647,0.4922991096973419,-0.03389701992273331,0.991285502910614,0.5802398324012756,0.47351109981536865,0.1471484899520874,0.9804127812385559,0.5274802446365356,0.49898412823677063,-0.11932431906461716,0.9978679418563843
U15_v4,117,1,0.5430281758308411,0.35444575548171997,-0.23712240159511566,0.9999984502792358,0.5454270243644714,0.35158103704452515,-0.22358469665050507,0.9999973773956299,0.5455846786499023,0.35150572657585144,-0.2235531508922577,0.9999961853027344,0.5456955432891846,0.35148078203201294,-0.2235894799232483,0.9999954700469971,0.5424001812934875,0.3510894477367401,-0.24095799028873444,0.9999988079071045,0.5413185358047485,0.3508710265159607,-0.24105076491832733,0.999998927116394,0.5399978756904602,0.3507014513015747,-0.24109458923339844,0.999998927116394,0.5409377217292786,0.3509325385093689,-0.12667639553546906,0.9999963045120239,0.5310521125793457,0.3498321771621704,-0.20776082575321198,0.9999984502792358,0.5398949980735779,0.35693711042404175,-0.1978784054517746,0.9999955892562866,0.5367987155914307,0.35675767064094543,-0.22194646298885345,0.999997615814209,0.5424128174781799,0.365386426448822,-0.011622059158980846,0.9999374151229858,0.49701666831970215,0.36513349413871765,-0.19564786553382874,0.9999796152114868,0.5729538202285767,0.3773200213909149,0.15833447873592377,0.8154861927032471,0.4707019627094269,0.368225634098053,-0.2799467146396637,0.9884379506111145,0.5858941078186035,0.38315391540527344,0.26472729444503784,0.9317035675048828,0.4645792245864868,0.3630412518978119,-0.3439480662345886,0.9700008630752563,0.5872921943664551,0.38749343156814575,0.2931838929653168,0.9026135802268982,0.462571382522583,0.3649395704269409,-0.36483919620513916,0.9534595012664795,0.5831113457679749,0.38695719838142395,0.2715059220790863,0.907554030418396,0.47155532240867615,0.36345174908638,-0.365347295999527,0.9521797299385071,0.5819494128227234,0.3856738209724426,0.26063767075538635,0.8919493556022644,0.47025302052497864,0.36456555128097534,-0.3449542224407196,0.9299825429916382,0.5162767767906189,0.4154261648654938,0.07002788782119751,0.9998937845230103,0.49082860350608826,0.4198479950428009,-0.07013586908578873,0.9999808073043823,0.5616024732589722,0.435589075088501,0.13641268014907837,0.9583425521850586,0.5169739723205566,0.45324862003326416,-0.13442878425121307,0.998581051826477,0.5536965131759644,0.46534860134124756,0.33862659335136414,0.9610905647277832,0.5136768817901611,0.49081122875213623,-0.05152025446295738,0.9995443224906921,0.5465172529220581,0.4710897207260132,0.35618728399276733,0.9392682909965515,0.5101836323738098,0.4954175651073456,-0.047179605811834335,0.9946718811988831,0.5853981971740723,0.4741482734680176,0.3188285529613495,0.9754722714424133,0.5331043004989624,0.5003235340118408,-0.1367453932762146,0.9988694787025452
U15_v4,118,1,0.5429208278656006,0.3493640124797821,-0.4016907215118408,0.9995803236961365,0.5460942387580872,0.3465835452079773,-0.39191117882728577,0.9996751546859741,0.5476794242858887,0.3467182517051697,-0.3919408619403839,0.9996330738067627,0.5491983890533447,0.3468698263168335,-0.3920825719833374,0.999639630317688,0.5404436588287354,0.3464261293411255,-0.390998512506485,0.9996023774147034,0.5382158160209656,0.34638792276382446,-0.39109179377555847,0.9995291233062744,0.5360628962516785,0.3463100790977478,-0.39107969403266907,0.9997046589851379,0.5498732328414917,0.34816741943359375,-0.3053095042705536,0.9993581175804138,0.5315462946891785,0.34711381793022156,-0.29966139793395996,0.9996438026428223,0.5443382859230042,0.3524921238422394,-0.367352157831192,0.9996448755264282,0.5370970368385315,0.3522047698497772,-0.36599868535995483,0.9997385144233704,0.5571191310882568,0.3633332848548889,-0.19407108426094055,0.9998899698257446,0.4983617067337036,0.35915282368659973,-0.19939357042312622,0.9996041655540466,0.577196478843689,0.375137597322464,-0.10786330699920654,0.9412484169006348,0.465630441904068,0.3621506094932556,-0.06915341317653656,0.881043553352356,0.5837241411209106,0.3816000521183014,-0.060188982635736465,0.8716914057731628,0.46282869577407837,0.3674386441707611,0.03369399160146713,0.8701988458633423,0.5784960985183716,0.38481929898262024,-0.054870136082172394,0.7447394132614136,0.45877426862716675,0.3686230778694153,0.04545551910996437,0.7995749115943909,0.5779916644096375,0.384452760219574,-0.0720643624663353,0.7401819825172424,0.46289676427841187,0.36839598417282104,0.029585089534521103,0.8062682151794434,0.5737801194190979,0.3821205794811249,-0.064507856965065,0.6773175597190857,0.46633753180503845,0.3672260642051697,0.031720392405986786,0.8036026358604431,0.5106571912765503,0.39108601212501526,0.008716144599020481,0.9992154836654663,0.47509488463401794,0.39168187975883484,-0.008544120006263256,0.9990884065628052,0.5542916059494019,0.4314626455307007,-0.08845637738704681,0.9674249887466431,0.49426642060279846,0.42703452706336975,-0.11583324521780014,0.8488418459892273,0.5580908060073853,0.46651631593704224,-0.05841071158647537,0.9707664251327515,0.4920831024646759,0.45998942852020264,-0.03441385552287102,0.9384025931358337,0.548517107963562,0.4734695553779602,-0.060482051223516464,0.8488366603851318,0.4915770888328552,0.46458759903907776,-0.0301054697483778,0.7792019844055176,0.5767488479614258,0.47770729660987854,-0.15579237043857574,0.940697193145752,0.499482661485672,0.47242891788482666,-0.12463048845529556,0.9303581714630127
U15_v4,119,1,0.5437741279602051,0.34932512044906616,-0.389794260263443,0.9989413619041443,0.5469761490821838,0.3463500440120697,-0.37828487157821655,0.9993378520011902,0.5486574769020081,0.3464127480983734,-0.3783334791660309,0.999351441860199,0.5501697063446045,0.34660208225250244,-0.37847045063972473,0.9993768334388733,0.5416015386581421,0.34600144624710083,-0.3780929148197174,0.9989696741104126,0.5394081473350525,0.3459187150001526,-0.3781850337982178,0.9987773299217224,0.5370272994041443,0.345928430557251,-0.378172367811203,0.9993428587913513,0.5510351061820984,0.3480478525161743,-0.28775444626808167,0.9989840388298035,0.5330238342285156,0.3465248644351959,-0.28558093309402466,0.9993873834609985,0.545592188835144,0.3523540794849396,-0.35455575585365295,0.999394416809082,0.5386446714401245,0.3518483638763428,-0.3541280925273895,0.9995228052139282,0.5590445399284363,0.3622404932975769,-0.18490591645240784,0.9999134540557861,0.4997137784957886,0.35874325037002563,-0.18637001514434814,0.9994375109672546,0.5795470476150513,0.37401655316352844,-0.1481923758983612,0.9785803556442261,0.46714073419570923,0.3614867329597473,-0.05297728627920151,0.9008335471153259,0.5847639441490173,0.3816833794116974,-0.1584968864917755,0.9557614922523499,0.4636887311935425,0.3662322163581848,0.05915716663002968,0.9058741927146912,0.5839691162109375,0.38490939140319824,-0.1615239828824997,0.8720677495002747,0.45662039518356323,0.3683492839336395,0.07181823253631592,0.8405556082725525,0.579825222492218,0.3846791386604309,-0.17992541193962097,0.8707365393638611,0.4621339440345764,0.3674274981021881,0.05862388014793396,0.8444002270698547,0.5797182321548462,0.3839111626148224,-0.16541631519794464,0.8314123153686523,0.4648085832595825,0.3671717047691345,0.058480482548475266,0.8501948118209839,0.5110592842102051,0.39040684700012207,0.012159851379692554,0.9991034865379333,0.477932333946228,0.39052605628967285,-0.01202679518610239,0.9993137121200562,0.5489710569381714,0.428869366645813,-0.0866040587425232,0.9376015067100525,0.5039550065994263,0.42854663729667664,-0.12951934337615967,0.8921640515327454,0.5582301616668701,0.4648788571357727,-0.06498648226261139,0.9267466068267822,0.5098422765731812,0.4656880497932434,-0.06744832545518875,0.9403687119483948,0.5472778081893921,0.47015032172203064,-0.06771176308393478,0.7870871424674988,0.5101821422576904,0.4719029366970062,-0.06571052968502045,0.8130033016204834,0.5806494951248169,0.47524136304855347,-0.1599460244178772,0.8999420404434204,0.5218245983123779,0.4759722650051117,-0.16183458268642426,0.9357043504714966
U15_v4,120,1,0.5316951870918274,0.3651217520236969,-0.1589045226573944,0.9999798536300659,0.5335239171981812,0.36206236481666565,-0.14957132935523987,0.9999722242355347,0.5340114831924438,0.36183467507362366,-0.14957144856452942,0.9999649524688721,0.5378012657165527,0.3589741885662079,-0.149631530046463,0.9999599456787109,0.5302324295043945,0.3620486855506897,-0.1703966110944748,0.9999806880950928,0.5297566056251526,0.36173275113105774,-0.17042873799800873,0.9999799728393555,0.5295373201370239,0.3612435758113861,-0.17043307423591614,0.9999737739562988,0.5340460538864136,0.35895490646362305,-0.07416403293609619,0.9999767541885376,0.5213395357131958,0.3607162833213806,-0.16918767988681793,0.9999823570251465,0.5298106670379639,0.36749619245529175,-0.12643344700336456,0.9999721050262451,0.5264320969581604,0.36786943674087524,-0.15434730052947998,0.99997878074646,0.5377547740936279,0.36897486448287964,0.01990538276731968,0.999863862991333,0.49273112416267395,0.370108425617218,-0.16447977721691132,0.9998365640640259,0.5721419453620911,0.3778686821460724,0.15404579043388367,0.7361039519309998,0.47404351830482483,0.36559969186782837,-0.16480983793735504,0.9920244216918945,0.5856802463531494,0.380440354347229,0.19687695801258087,0.8850535154342651,0.4795716106891632,0.3688252866268158,-0.10049126297235489,0.9548144340515137,0.5864560008049011,0.3833661377429962,0.20796933770179749,0.8388581275939941,0.47776108980178833,0.3698185086250305,-0.103725865483284,0.9182959794998169,0.5830503702163696,0.3834913372993469,0.18797416985034943,0.8537580966949463,0.48248422145843506,0.37020257115364075,-0.10924193263053894,0.913062572479248,0.5822349190711975,0.38284122943878174,0.18997682631015778,0.8376610279083252,0.48353418707847595,0.3704432547092438,-0.09989272803068161,0.8871788382530212,0.5217586755752563,0.4180772304534912,0.06262848526239395,0.9995833039283752,0.49404177069664,0.4225136339664459,-0.06253752112388611,0.9996838569641113,0.5688304305076599,0.4350720942020416,0.0403616726398468,0.9642077088356018,0.5091993808746338,0.4565229117870331,-0.07362780719995499,0.9949092268943787,0.5624014735221863,0.4662119150161743,0.18493926525115967,0.9428669214248657,0.5198344588279724,0.48943284153938293,0.015068181790411472,0.9978825449943542,0.5524583458900452,0.4716787040233612,0.19748835265636444,0.9418703317642212,0.5168097019195557,0.49237456917762756,0.020464064553380013,0.9871894717216492,0.5933689475059509,0.4745953381061554,0.16017767786979675,0.9632431268692017,0.5423426628112793,0.4948616623878479,-0.05730690062046051,0.9944506883621216
U15_v4,121,1,0.5352963209152222,0.37035083770751953,-0.19176971912384033,0.99986732006073,0.5370941758155823,0.3666858375072479,-0.18731072545051575,0.9998408555984497,0.537277102470398,0.36658936738967896,-0.18731826543807983,0.9998056292533875,0.5375758409500122,0.36637184023857117,-0.18737642467021942,0.9998112320899963,0.5354164242744446,0.3671112358570099,-0.20862159132957458,0.9998822212219238,0.5344640016555786,0.36699017882347107,-0.2087060958147049,0.9998664855957031,0.5335736870765686,0.3668326735496521,-0.20872338116168976,0.9998708963394165,0.5316020846366882,0.36581653356552124,-0.12881708145141602,0.999839186668396,0.5244706869125366,0.36619067192077637,-0.22841770946979523,0.9997586607933044,0.5319976210594177,0.3724655210971832,-0.16467051208019257,0.9997631907463074,0.5304477214813232,0.37244898080825806,-0.19416013360023499,0.9997311234474182,0.5097729563713074,0.37387096881866455,-0.023074468597769737,0.9996139407157898,0.5122390389442444,0.3809070885181427,-0.24129462242126465,0.999873161315918,0.5184136629104614,0.3618726134300232,0.14163924753665924,0.4460503160953522,0.5298113226890564,0.37642985582351685,-0.3426526188850403,0.954939067363739,0.5267341732978821,0.3596743047237396,0.2793308198451996,0.26515960693359375,0.5426194667816162,0.3667255640029907,-0.3861519992351532,0.8509721755981445,0.525664210319519,0.35893169045448303,0.3040030300617218,0.2209944874048233,0.5453404784202576,0.3645843267440796,-0.4115062952041626,0.8147578239440918,0.5256934762001038,0.3598964810371399,0.28631266951560974,0.2341500222682953,0.5434487462043762,0.3644466996192932,-0.40341296792030334,0.8113465905189514,0.5275764465332031,0.36102521419525146,0.27519798278808594,0.25145792961120605,0.5433037281036377,0.36568087339401245,-0.38368335366249084,0.7497981786727905,0.5031192302703857,0.426124632358551,0.08234348893165588,0.999824583530426,0.49594229459762573,0.4294799566268921,-0.08240208774805069,0.9999396800994873,0.564315915107727,0.43712282180786133,0.0525733157992363,0.8447831273078918,0.5151455998420715,0.46019887924194336,-0.16802115738391876,0.9895378351211548,0.5669892430305481,0.46901944279670715,0.19778338074684143,0.9142348766326904,0.527838945388794,0.4980628192424774,-0.1019153892993927,0.9975878000259399,0.5590133666992188,0.47602981328964233,0.20964595675468445,0.8968424797058105,0.5283570289611816,0.5015125870704651,-0.09936726838350296,0.9895215034484863,0.6014758348464966,0.4746851325035095,0.16092510521411896,0.9427228569984436,0.5447479486465454,0.5079668760299683,-0.19424308836460114,0.9965084195137024
U15_v4,122,1,0.5302948951721191,0.3705776035785675,-0.1631007343530655,0.9996479749679565,0.5331957340240479,0.36852315068244934,-0.156919926404953,0.9992039799690247,0.5338015556335449,0.3686167895793915,-0.1569383591413498,0.9990756511688232,0.5345844626426697,0.36866870522499084,-0.15699152648448944,0.9992130994796753,0.5306997299194336,0.36774563789367676,-0.17618273198604584,0.999357283115387,0.5298444628715515,0.36725205183029175,-0.17623282968997955,0.999212384223938,0.5289008021354675,0.3666573464870453,-0.17627273499965668,0.9991884827613831,0.5325803160667419,0.36698397994041443,-0.08270072191953659,0.9993128776550293,0.5217010974884033,0.36398789286613464,-0.17362500727176666,0.9992214441299438,0.5264423489570618,0.3724670112133026,-0.12991754710674286,0.9996380805969238,0.5239289402961731,0.37154248356819153,-0.15675199031829834,0.9997054934501648,0.5338872075080872,0.37116748094558716,0.0048454636707901955,0.9997709393501282,0.4845440983772278,0.3701383173465729,-0.17030532658100128,0.9999213218688965,0.5692413449287415,0.3726101219654083,0.04411695897579193,0.8673123717308044,0.48048505187034607,0.37017789483070374,-0.302192747592926,0.9818769693374634,0.5619289875030518,0.3602752685546875,0.01419970951974392,0.8212687373161316,0.4827020764350891,0.3646816611289978,-0.4150135815143585,0.9092522859573364,0.5600546598434448,0.3572860658168793,0.010592103935778141,0.7171146869659424,0.4753635823726654,0.3650021255016327,-0.4459662139415741,0.8611875772476196,0.5557471513748169,0.3564367890357971,0.007111455779522657,0.7151862978935242,0.48216232657432556,0.36463800072669983,-0.44184771180152893,0.8519271612167358,0.5549284219741821,0.35801512002944946,0.011719577014446259,0.6905321478843689,0.4831101596355438,0.36477136611938477,-0.4159935414791107,0.8042243719100952,0.5156344175338745,0.42203566431999207,0.07275193929672241,0.9988974332809448,0.49549195170402527,0.4258479177951813,-0.07263157516717911,0.9995101690292358,0.5732781887054443,0.4373013973236084,0.03505699336528778,0.8895381689071655,0.5152127742767334,0.46031564474105835,-0.1397491842508316,0.9917840957641602,0.5711291432380676,0.4710955023765564,0.13411842286586761,0.8800248503684998,0.5302955508232117,0.498558908700943,-0.0963321328163147,0.9957929849624634,0.5625115633010864,0.4767473638057709,0.14021483063697815,0.8757563233375549,0.5286781191825867,0.5041906833648682,-0.09834762662649155,0.9808958768844604,0.6094188690185547,0.4757320284843445,0.08271635323762894,0.9203769564628601,0.5538667440414429,0.5083920955657959,-0.20229096710681915,0.9914324283599854
U15_v4,123,1,0.5304856896400452,0.37080007791519165,-0.18695294857025146,0.9995231628417969,0.5327456593513489,0.36869752407073975,-0.1798209697008133,0.9989790916442871,0.5332701206207275,0.3686758279800415,-0.17985282838344574,0.9988699555397034,0.5339422225952148,0.36860841512680054,-0.17991191148757935,0.9990212917327881,0.5300391316413879,0.36835333704948425,-0.1991901397705078,0.999081015586853,0.5291295051574707,0.36805593967437744,-0.19922684133052826,0.9988555908203125,0.5281283259391785,0.3676527142524719,-0.1992620825767517,0.9987902045249939,0.5312939286231995,0.36667585372924805,-0.10354787111282349,0.9991914629936218,0.5200775861740112,0.36607086658477783,-0.1938660442829132,0.9989342093467712,0.526678204536438,0.37238797545433044,-0.1531396210193634,0.9995861649513245,0.5238239169120789,0.37259209156036377,-0.17969174683094025,0.9996342658996582,0.5344557762145996,0.3719756305217743,-0.017252305522561073,0.9998220801353455,0.48458680510520935,0.37250593304634094,-0.19377005100250244,0.9998880624771118,0.5690582990646362,0.37274235486984253,-0.004690505098551512,0.8854745626449585,0.4851914644241333,0.3726290762424469,-0.32199105620384216,0.9826778769493103,0.5599347949028015,0.36188068985939026,-0.06640391051769257,0.8174986839294434,0.4997486472129822,0.3663945198059082,-0.4194970428943634,0.8835762143135071,0.5580214858055115,0.3593137264251709,-0.07845235615968704,0.7201249003410339,0.5023438334465027,0.36523163318634033,-0.4525829553604126,0.8273641467094421,0.5534189939498901,0.35838598012924194,-0.08160126209259033,0.718980610370636,0.5033147931098938,0.3646118938922882,-0.44818615913391113,0.8155235052108765,0.5528690814971924,0.359882652759552,-0.0702948272228241,0.693470299243927,0.5033045411109924,0.36552152037620544,-0.4204529821872711,0.7558298707008362,0.5160326957702637,0.4231412708759308,0.07371637970209122,0.9990293979644775,0.4931480288505554,0.4273122251033783,-0.07358891516923904,0.9995042085647583,0.5747504234313965,0.43748143315315247,0.03515363857150078,0.8833790421485901,0.5164463520050049,0.46230342984199524,-0.14289520680904388,0.9927698969841003,0.5704245567321777,0.4708250164985657,0.15171416103839874,0.8692165613174438,0.5289238691329956,0.5012388229370117,-0.09010755270719528,0.9960188269615173,0.5608692765235901,0.47697311639785767,0.15934443473815918,0.8721253871917725,0.52757728099823,0.5065394043922424,-0.0914079025387764,0.982793927192688,0.6058180332183838,0.4757534861564636,0.10058437287807465,0.9128103852272034,0.5562534332275391,0.5098823308944702,-0.19849227368831635,0.991746187210083
U15_v4,124,1,0.5349339246749878,0.3728453516960144,-0.3216854929924011,0.9999376535415649,0.5357582569122314,0.370310515165329,-0.30952897667884827,0.9998539686203003,0.5364726781845093,0.3701576590538025,-0.3095403015613556,0.9998351335525513,0.5374009609222412,0.36996638774871826,-0.309625506401062,0.99985671043396,0.5319741368293762,0.37021565437316895,-0.3318716883659363,0.9998965263366699,0.5303685665130615,0.3699890077114105,-0.331973135471344,0.9998817443847656,0.527811586856842,0.36957722902297974,-0.33199432492256165,0.9998921155929565,0.5326206088066101,0.36880233883857727,-0.2067025750875473,0.999845027923584,0.5191434025764465,0.3680906295776367,-0.3107256591320038,0.9999029636383057,0.5321643352508545,0.37481480836868286,-0.2784871757030487,0.9998949766159058,0.5286411643028259,0.3749876022338867,-0.3090552091598511,0.9999295473098755,0.542098343372345,0.37418070435523987,-0.0943339467048645,0.9999445676803589,0.48554930090904236,0.37859636545181274,-0.2767818868160248,0.9999552965164185,0.5766937732696533,0.3681330382823944,-0.002721558790653944,0.9638808965682983,0.47703826427459717,0.39557015895843506,-0.30273130536079407,0.972793459892273,0.5761771202087402,0.3610420227050781,0.0015737831126898527,0.9648733735084534,0.4699540436267853,0.40808364748954773,-0.31521153450012207,0.8702526688575745,0.5777028799057007,0.358721524477005,-0.0022795170079916716,0.9244067072868347,0.46406054496765137,0.41161736845970154,-0.33777424693107605,0.8206695914268494,0.5725307464599609,0.36220553517341614,-0.02376091107726097,0.9263028502464294,0.46806302666664124,0.411710262298584,-0.3492306172847748,0.8171188831329346,0.5713642239570618,0.36331164836883545,-0.008419464342296124,0.9164949059486389,0.47241586446762085,0.41042155027389526,-0.3196917772293091,0.7519176602363586,0.5177140831947327,0.42231374979019165,0.07139578461647034,0.9997022747993469,0.48819994926452637,0.42686790227890015,-0.07124093174934387,0.9998462200164795,0.575397789478302,0.43565937876701355,-0.038940805941820145,0.9367328882217407,0.5125856995582581,0.45711588859558105,-0.2479792982339859,0.9954015016555786,0.5756765604019165,0.47035539150238037,0.07993637770414352,0.9149841070175171,0.5312760472297668,0.4963594675064087,-0.1875324845314026,0.9968284964561462,0.5688420534133911,0.4764661192893982,0.08775229752063751,0.9224916100502014,0.5296645164489746,0.5013176798820496,-0.18775159120559692,0.9830570816993713,0.6093723177909851,0.47540947794914246,0.015447108075022697,0.9500380754470825,0.5484209060668945,0.5069177150726318,-0.3133569359779358,0.9942963719367981
U15_v4,125,1,0.5342654585838318,0.37242043018341064,-0.2051650583744049,0.9998762607574463,0.5352880954742432,0.3690239489078522,-0.19372044503688812,0.9994695782661438,0.535601794719696,0.36884570121765137,-0.19377225637435913,0.9994719624519348,0.5359636545181274,0.3685563802719116,-0.19382192194461823,0.9994398951530457,0.5329349637031555,0.3689422011375427,-0.2156606763601303,0.9996312856674194,0.531241238117218,0.36876538395881653,-0.21568821370601654,0.9995843768119812,0.5297077894210815,0.36841464042663574,-0.2157101035118103,0.9995558857917786,0.5305623412132263,0.36752966046333313,-0.10081145912408829,0.9993712306022644,0.521246075630188,0.36710309982299805,-0.2012617141008377,0.9997027516365051,0.5322503447532654,0.3744601011276245,-0.16621071100234985,0.9998617172241211,0.5287008285522461,0.3744312822818756,-0.1955941617488861,0.9999301433563232,0.5334596633911133,0.37363409996032715,-0.013239162974059582,0.9999645948410034,0.4841333329677582,0.3751612603664398,-0.19019857048988342,0.9999920129776001,0.5775020122528076,0.3753751814365387,-0.03153075650334358,0.9730861783027649,0.4727054238319397,0.3995124399662018,-0.24483796954154968,0.9881943464279175,0.5827639102935791,0.3669835925102234,-0.1460949182510376,0.9591654539108276,0.4716937839984894,0.4260956943035126,-0.30757617950439453,0.9462183713912964,0.587437093257904,0.36278367042541504,-0.16975416243076324,0.9045936465263367,0.465401828289032,0.43323013186454773,-0.33569809794425964,0.9086501002311707,0.5890763401985168,0.3657592535018921,-0.17959535121917725,0.9051166772842407,0.4715350866317749,0.43435758352279663,-0.35116517543792725,0.9063189625740051,0.5861385464668274,0.36744043231010437,-0.15552102029323578,0.8967192769050598,0.4763118624687195,0.43201929330825806,-0.3147594630718231,0.8602248430252075,0.525031566619873,0.42708542943000793,0.06675006449222565,0.9993574023246765,0.4943091869354248,0.4304000437259674,-0.06659714132547379,0.9996662139892578,0.5806071758270264,0.43772634863853455,-0.03362653777003288,0.9599420428276062,0.5154539942741394,0.459107905626297,-0.24016621708869934,0.9975495934486389,0.5797353386878967,0.4718286991119385,0.07958419620990753,0.950394868850708,0.5340173840522766,0.49995914101600647,-0.19927580654621124,0.9971144199371338,0.5725023150444031,0.47848132252693176,0.08654316514730453,0.9502473473548889,0.5321555733680725,0.5045374631881714,-0.2018967866897583,0.9811246395111084,0.6167418956756592,0.4761350154876709,0.019018694758415222,0.9698157906532288,0.554929256439209,0.506674587726593,-0.32217925786972046,0.9951375126838684
U15_v4,126,1,0.53447425365448,0.37179508805274963,-0.20079149305820465,0.9998055100440979,0.5353033542633057,0.3688223958015442,-0.18823912739753723,0.9993516802787781,0.5356124043464661,0.3686220645904541,-0.18828783929347992,0.9993093013763428,0.5359750986099243,0.36830252408981323,-0.18833963572978973,0.9993191957473755,0.533000648021698,0.36878523230552673,-0.20899559557437897,0.9995224475860596,0.5313365459442139,0.36862125992774963,-0.20903731882572174,0.9994484782218933,0.5298458337783813,0.3682766556739807,-0.20906038582324982,0.9994233846664429,0.5305612087249756,0.36726126074790955,-0.09191861003637314,0.9993026256561279,0.5215800404548645,0.3669900894165039,-0.1882605105638504,0.9995865225791931,0.5323015451431274,0.37431082129478455,-0.16109061241149902,0.9997826218605042,0.5288128852844238,0.374336302280426,-0.1893784999847412,0.9998791217803955,0.5332623720169067,0.3740662634372711,-0.006266505923122168,0.9999346733093262,0.48436468839645386,0.37527206540107727,-0.18575270473957062,0.9999855756759644,0.5751491785049438,0.37541118264198303,-0.020612547174096107,0.9606586694717407,0.4765138030052185,0.39426541328430176,-0.2867315411567688,0.9865512847900391,0.5825374126434326,0.36705678701400757,-0.12403198331594467,0.9510763883590698,0.48357680439949036,0.4107726216316223,-0.3850302994251251,0.9468826055526733,0.5872663259506226,0.3627507984638214,-0.14487452805042267,0.9000699520111084,0.4800533354282379,0.41566580533981323,-0.4182606339454651,0.914242684841156,0.5879551768302917,0.36457034945487976,-0.1548418253660202,0.9005696177482605,0.48532164096832275,0.41571760177612305,-0.425848126411438,0.9110106825828552,0.584902822971344,0.3661332428455353,-0.1328093558549881,0.8921996355056763,0.4884050786495209,0.41435906291007996,-0.3902072608470917,0.8675181269645691,0.5247953534126282,0.42710763216018677,0.06895606219768524,0.999231219291687,0.494476318359375,0.4301799237728119,-0.06877612322568893,0.9996525049209595,0.5805862545967102,0.4377513527870178,-0.020243769511580467,0.9573769569396973,0.5151903033256531,0.4593801498413086,-0.23426048457622528,0.9975990653038025,0.5801292061805725,0.4718039035797119,0.09143709391355515,0.9469136595726013,0.5337793827056885,0.49994760751724243,-0.1962289810180664,0.9977413415908813,0.5725083947181702,0.4784717261791229,0.09825856983661652,0.9451126456260681,0.53190016746521,0.5045276284217834,-0.19900496304035187,0.9842594265937805,0.6165193319320679,0.47614729404449463,0.030440116301178932,0.9669826030731201,0.5523054003715515,0.507114827632904,-0.32063305377960205,0.9957818984985352
U15_v4,127,1,0.5377469062805176,0.3705679774284363,-0.1617942750453949,0.996760904788971,0.5385624766349792,0.36845663189888,-0.14903205633163452,0.9934770464897156,0.5393556952476501,0.36852917075157166,-0.14908432960510254,0.9928969740867615,0.5415897965431213,0.3684651851654053,-0.14913588762283325,0.9937692284584045,0.5357487797737122,0.368103563785553,-0.16841475665569305,0.9943315982818604,0.5344736576080322,0.3680208921432495,-0.1684311330318451,0.9935252666473389,0.5318852066993713,0.3663082718849182,-0.16847412288188934,0.9934553503990173,0.5352867245674133,0.36675339937210083,-0.055148690938949585,0.9910708665847778,0.5233480930328369,0.3656305968761444,-0.14535671472549438,0.9932141304016113,0.5368956327438354,0.3723994195461273,-0.122858926653862,0.995726466178894,0.5324645042419434,0.37242573499679565,-0.1493813395500183,0.997387707233429,0.5392141342163086,0.3719044029712677,0.030667085200548172,0.9994162321090698,0.4899336099624634,0.3720487058162689,-0.15521638095378876,0.9998311996459961,0.5756682753562927,0.3687709867954254,0.005293940659612417,0.8710821270942688,0.4912087321281433,0.3884604871273041,-0.2932230830192566,0.9837902188301086,0.5669460296630859,0.3588770627975464,-0.11717326194047928,0.8834096193313599,0.5115039348602295,0.3824453055858612,-0.4074060618877411,0.9688454866409302,0.5696302056312561,0.3569623827934265,-0.14259937405586243,0.8237345814704895,0.514973521232605,0.38115644454956055,-0.4447706937789917,0.9455203413963318,0.5614927411079407,0.35686299204826355,-0.14850535988807678,0.8221991658210754,0.5146738290786743,0.37912702560424805,-0.4412460923194885,0.9432260394096375,0.5643845796585083,0.35643965005874634,-0.12490221858024597,0.8100264668464661,0.5140742659568787,0.3802495300769806,-0.4084017276763916,0.9112854599952698,0.526911735534668,0.42623764276504517,0.08078126609325409,0.9987769722938538,0.4998631775379181,0.42937225103378296,-0.08058752864599228,0.9991866946220398,0.5853486061096191,0.4373999536037445,0.039389725774526596,0.9447717070579529,0.5198053121566772,0.4623422622680664,-0.16479140520095825,0.9958360195159912,0.5840305685997009,0.4716905653476715,0.15214025974273682,0.9438894391059875,0.5355241298675537,0.49986153841018677,-0.1295803338289261,0.9973867535591125,0.5761893391609192,0.47979307174682617,0.15923821926116943,0.9315060377120972,0.5311974287033081,0.5062596797943115,-0.13171686232089996,0.9811768531799316,0.6229466795921326,0.47611919045448303,0.1009548008441925,0.9572033882141113,0.5646711587905884,0.5069959163665771,-0.24363362789154053,0.9947075843811035
U15_v4,128,1,0.5371899008750916,0.37329337000846863,-0.14371460676193237,0.9995926022529602,0.5337948203086853,0.37080708146095276,-0.13354898989200592,0.9987359642982483,0.5334388017654419,0.3706768751144409,-0.13357561826705933,0.9984965324401855,0.5331097841262817,0.3704899251461029,-0.13359403610229492,0.9987585544586182,0.5322726964950562,0.3709985017776489,-0.1589886099100113,0.9993501305580139,0.5308148264884949,0.371065616607666,-0.1590132713317871,0.9992573857307434,0.5293768644332886,0.37101560831069946,-0.15906570851802826,0.9992761015892029,0.5218642354011536,0.37154313921928406,-0.06518944352865219,0.9983628392219543,0.5182164311408997,0.3718562126159668,-0.18281444907188416,0.9992079138755798,0.5347687602043152,0.37617701292037964,-0.114913709461689,0.9993321299552917,0.5330234169960022,0.37664830684661865,-0.1493239849805832,0.9996358156204224,0.5291875004768372,0.3790939152240753,0.0076693324372172356,0.9997715353965759,0.4908355474472046,0.38434940576553345,-0.21375878155231476,0.9999300241470337,0.5637806057929993,0.3745112419128418,0.05094743147492409,0.9203224182128906,0.498483270406723,0.40256351232528687,-0.30987048149108887,0.987514853477478,0.5813604593276978,0.36155831813812256,0.011816729791462421,0.9617080092430115,0.5097936987876892,0.4134552776813507,-0.3795700669288635,0.9691208004951477,0.5832623243331909,0.35922470688819885,0.004123864695429802,0.9298551082611084,0.5080341696739197,0.41710540652275085,-0.41286152601242065,0.9493755102157593,0.5819507837295532,0.35930585861206055,-0.010269228368997574,0.9300944209098816,0.5122711658477783,0.4157324731349945,-0.416748583316803,0.9454143047332764,0.5785185098648071,0.35923612117767334,0.0029055799823254347,0.9231448769569397,0.5143426656723022,0.4146007299423218,-0.38294222950935364,0.9067511558532715,0.5239245295524597,0.4303344786167145,0.08121000975370407,0.9993672966957092,0.5057533979415894,0.43354350328445435,-0.08120744675397873,0.998965859413147,0.5870614051818848,0.43895116448402405,0.01014812383800745,0.9327635169029236,0.5185313820838928,0.4655460715293884,-0.12322387844324112,0.9927708506584167,0.5890997648239136,0.4725372791290283,0.08746527880430222,0.9355794191360474,0.5381597280502319,0.4991554021835327,-0.06553114205598831,0.9954404830932617,0.5802212953567505,0.4809141457080841,0.09161287546157837,0.9409477114677429,0.5328609943389893,0.5050541162490845,-0.06567759066820145,0.9785518050193787,0.623737096786499,0.476540207862854,0.0400845892727375,0.9655179381370544,0.5684528350830078,0.5049915909767151,-0.15813691914081573,0.9915463328361511
U15_v4,129,1,0.5371035933494568,0.37415891885757446,-0.15464186668395996,0.9998065829277039,0.5348435044288635,0.37188565731048584,-0.14422082901000977,0.999285876750946,0.5347641110420227,0.3717983067035675,-0.14423717558383942,0.9991662502288818,0.534723162651062,0.37165236473083496,-0.14424513280391693,0.999240517616272,0.5330114960670471,0.3719789385795593,-0.16865690052509308,0.999658465385437,0.5315958857536316,0.37202268838882446,-0.16868062317371368,0.9996147155761719,0.5302029848098755,0.3719663619995117,-0.16873136162757874,0.9996022582054138,0.5245041251182556,0.37239575386047363,-0.07383382320404053,0.9991084933280945,0.5191221833229065,0.3726394772529602,-0.1865614503622055,0.9996041655540466,0.5351557731628418,0.3769805133342743,-0.125038281083107,0.9996232986450195,0.5330488085746765,0.3772910237312317,-0.15797413885593414,0.9998124241828918,0.5324761271476746,0.3792916238307953,-0.0026350743137300014,0.9998501539230347,0.48796576261520386,0.3858211636543274,-0.21164259314537048,0.9999516010284424,0.5714777708053589,0.37246012687683105,0.03499671071767807,0.9380019903182983,0.4885234832763672,0.4060520529747009,-0.3000279366970062,0.988493025302887,0.5798476338386536,0.36283987760543823,0.0016063133953139186,0.9660935997962952,0.4957803785800934,0.4241211414337158,-0.36284202337265015,0.9655882716178894,0.58921879529953,0.35992324352264404,-0.005140777677297592,0.9303745031356812,0.4925330877304077,0.429656445980072,-0.39121443033218384,0.9414265751838684,0.5829948782920837,0.3597741425037384,-0.018017437309026718,0.931045651435852,0.4981626868247986,0.4289664030075073,-0.3977494239807129,0.9378888010978699,0.580223023891449,0.36079609394073486,-0.006615122314542532,0.925125002861023,0.5009995698928833,0.42717528343200684,-0.366695374250412,0.8975604176521301,0.5241240859031677,0.43058785796165466,0.07567809522151947,0.9996323585510254,0.5061990022659302,0.43364813923835754,-0.07570450752973557,0.9992747902870178,0.5866564512252808,0.4396279454231262,-0.02280523255467415,0.9560938477516174,0.519453763961792,0.46508222818374634,-0.08920186758041382,0.992451012134552,0.5887119770050049,0.4726178050041199,0.042062774300575256,0.9541204571723938,0.539109468460083,0.4983752369880676,-0.0196431465446949,0.9938919544219971,0.5800387263298035,0.4808172285556793,0.04533051699399948,0.9584252238273621,0.5338411927223206,0.5040781497955322,-0.018622027710080147,0.9723649621009827,0.6259151101112366,0.4763146638870239,-0.00931649561971426,0.9759113192558289,0.5686017870903015,0.5051671862602234,-0.10503658652305603,0.9887421727180481
U15_v4,130,1,0.5378565788269043,0.37528878450393677,-0.12694966793060303,0.9999768733978271,0.5365793108940125,0.3722802996635437,-0.11468528211116791,0.9998970031738281,0.5363842844963074,0.3720809817314148,-0.1147070974111557,0.9998863935470581,0.5361789464950562,0.37185806035995483,-0.11472248286008835,0.999886155128479,0.5342088341712952,0.37228044867515564,-0.1390906572341919,0.9999542236328125,0.5325281023979187,0.37209710478782654,-0.13913486897945404,0.9999527931213379,0.5307278037071228,0.3718593716621399,-0.139181450009346,0.999953031539917,0.5272716879844666,0.3717916011810303,-0.04057377949357033,0.9998194575309753,0.5198854207992554,0.3711431920528412,-0.15399985015392303,0.9999641180038452,0.5347398519515991,0.3775535821914673,-0.09696763753890991,0.999953031539917,0.5319105386734009,0.3776164948940277,-0.13012896478176117,0.9999836683273315,0.5280249118804932,0.38041776418685913,0.028192777186632156,0.9999637603759766,0.4866097569465637,0.3801271319389343,-0.17773385345935822,0.9999954700469971,0.572711169719696,0.3814338147640228,0.06581904739141464,0.9623064398765564,0.4835856854915619,0.4091379642486572,-0.25501561164855957,0.9858103394508362,0.5902509093284607,0.3689466714859009,0.04749268293380737,0.9769715666770935,0.4711475074291229,0.43587297201156616,-0.3145586848258972,0.9623463749885559,0.5988006591796875,0.36347460746765137,0.045070111751556396,0.9418148994445801,0.4630871117115021,0.4456981122493744,-0.3394622802734375,0.9405413866043091,0.5946682691574097,0.3628822863101959,0.03388241305947304,0.9421749711036682,0.4695620536804199,0.44619789719581604,-0.349944531917572,0.936394453048706,0.5919291973114014,0.3652424216270447,0.04030752182006836,0.9374443292617798,0.46933040022850037,0.4455299973487854,-0.31965792179107666,0.9031057357788086,0.5188105702400208,0.430302232503891,0.07555928826332092,0.9997085928916931,0.496478408575058,0.43248695135116577,-0.07552313059568405,0.9998558759689331,0.5839231014251709,0.43962669372558594,0.021448450163006783,0.8929130434989929,0.5180460810661316,0.462082177400589,-0.21448226273059845,0.996703565120697,0.5949575304985046,0.47239235043525696,0.10272741317749023,0.9077275395393372,0.5406617522239685,0.497781366109848,-0.16897329688072205,0.996846616268158,0.5912780165672302,0.4793272912502289,0.10722047090530396,0.9185532927513123,0.5361764430999756,0.5037970542907715,-0.17023663222789764,0.9842743277549744,0.6338942646980286,0.47594988346099854,0.06021304428577423,0.9528270363807678,0.5717838406562805,0.5072779655456543,-0.2670242190361023,0.9948975443840027
U15_v4,131,1,0.5393771529197693,0.3714885413646698,-0.0022514583542943,0.9999293088912964,0.5373857021331787,0.3685482144355774,0.004664020612835884,0.9998883008956909,0.5367838740348816,0.36831870675086975,0.004657524172216654,0.9998579025268555,0.5363811254501343,0.3679143190383911,0.004620966035872698,0.9998984336853027,0.5373350381851196,0.3698817491531372,-0.019977668300271034,0.9999188184738159,0.5366005897521973,0.36846330761909485,-0.020001208409667015,0.9998993873596191,0.5360450148582458,0.3681715726852417,-0.02002548798918724,0.9999161958694458,0.5268979072570801,0.36617177724838257,0.04607323929667473,0.9998736381530762,0.5259749889373779,0.36668187379837036,-0.06802655756473541,0.999924898147583,0.5362644195556641,0.37381458282470703,0.016336986795067787,0.9998975992202759,0.5355830192565918,0.37416762113571167,-0.017096124589443207,0.9999178647994995,0.5182662010192871,0.3758789598941803,0.10635845363140106,0.9999243021011353,0.5037303566932678,0.37950366735458374,-0.11528890579938889,0.9999567270278931,0.5631102919578552,0.3818185329437256,0.16347403824329376,0.8253390789031982,0.5004534125328064,0.39634278416633606,-0.20046216249465942,0.9454183578491211,0.5899910926818848,0.37112271785736084,0.15671943128108978,0.9281502366065979,0.5080394148826599,0.40118953585624695,-0.2188887894153595,0.9024019837379456,0.6019459366798401,0.3672800064086914,0.16360315680503845,0.8857558369636536,0.49250826239585876,0.40297675132751465,-0.23472358286380768,0.8807929754257202,0.5975080132484436,0.3671931028366089,0.1501656472682953,0.8890430927276611,0.5094336271286011,0.40197837352752686,-0.23177610337734222,0.8736975789070129,0.5936036705970764,0.36947813630104065,0.14964456856250763,0.8885678052902222,0.5095471143722534,0.40169957280158997,-0.21724693477153778,0.827805757522583,0.5034731030464172,0.42913517355918884,0.0827384740114212,0.9995424747467041,0.5096734762191772,0.42917582392692566,-0.08267224580049515,0.9996090531349182,0.542245626449585,0.45314136147499084,0.09835827350616455,0.7261931300163269,0.5687708258628845,0.44046303629875183,-0.11012231558561325,0.9928396940231323,0.5505226254463196,0.4931340515613556,0.151890829205513,0.7772261500358582,0.5753065347671509,0.48784464597702026,-0.08173221349716187,0.9892067909240723,0.5480920672416687,0.49998050928115845,0.1545429676771164,0.7947027683258057,0.56435227394104,0.4972430169582367,-0.08041874319314957,0.9630647301673889,0.5897121429443359,0.49388617277145386,0.12764371931552887,0.8395884037017822,0.6163942217826843,0.49524378776550293,-0.12232346832752228,0.9779157042503357
U15_v4,132,1,0.5438243746757507,0.3748893737792969,-0.11397208273410797,0.9999790191650391,0.5407859683036804,0.3719939887523651,-0.10243023186922073,0.9999440908432007,0.5403938889503479,0.37178945541381836,-0.10245707631111145,0.9999421834945679,0.5400600433349609,0.37152230739593506,-0.10248538106679916,0.9999449253082275,0.539166271686554,0.3721778392791748,-0.12855814397335052,0.999962329864502,0.5366207957267761,0.3720009922981262,-0.12860597670078278,0.9999597072601318,0.535060465335846,0.3719063103199005,-0.12864923477172852,0.9999599456787109,0.5285826325416565,0.3714359402656555,-0.03673630580306053,0.9999039173126221,0.5250808596611023,0.3719819188117981,-0.15781646966934204,0.9999600648880005,0.5415099263191223,0.3770771026611328,-0.08697064220905304,0.9999502897262573,0.5393646359443665,0.37736326456069946,-0.12244433909654617,0.9999699592590332,0.5342727899551392,0.382545530796051,0.03712247684597969,0.9999747276306152,0.4937583804130554,0.3875274062156677,-0.186196431517601,0.9999852180480957,0.5732988715171814,0.3872394859790802,0.08949357271194458,0.9546854496002197,0.49257490038871765,0.412939190864563,-0.2272922843694687,0.9784572124481201,0.5955158472061157,0.37485605478286743,0.06936020404100418,0.986364483833313,0.507233738899231,0.4220898747444153,-0.21450385451316833,0.9654293656349182,0.6038447618484497,0.37149736285209656,0.07202708721160889,0.9691211581230164,0.5064818263053894,0.42533981800079346,-0.23166562616825104,0.9436998963356018,0.6001711487770081,0.3708237111568451,0.05994592607021332,0.9695125222206116,0.5083181858062744,0.42390507459640503,-0.23600471019744873,0.9398995041847229,0.5976206660270691,0.3720439672470093,0.0629555881023407,0.9654550552368164,0.5101259350776672,0.42316150665283203,-0.2152126133441925,0.9052435755729675,0.5166589021682739,0.4311982989311218,0.07847872376441956,0.9996707439422607,0.5060337781906128,0.43420979380607605,-0.07842995226383209,0.9998470544815063,0.5897608995437622,0.4394013285636902,0.049246497452259064,0.8786934614181519,0.5409025549888611,0.4548006057739258,-0.2205016165971756,0.9972710013389587,0.6080640554428101,0.4725117087364197,0.11671913415193558,0.9169996976852417,0.5523006319999695,0.49824050068855286,-0.18607264757156372,0.9978622794151306,0.6037487387657166,0.47959989309310913,0.12078096717596054,0.9107313752174377,0.5480387806892395,0.5030525326728821,-0.18611325323581696,0.9859506487846375,0.647381603717804,0.47487616539001465,0.08857712149620056,0.955222487449646,0.588166356086731,0.507524311542511,-0.2626056969165802,0.9958212375640869
U15_v4,133,1,0.543425440788269,0.3744433522224426,-0.027019264176487923,0.9998922348022461,0.5399443507194519,0.37195730209350586,-0.023375852033495903,0.999894380569458,0.5393407344818115,0.3717263638973236,-0.023402327671647072,0.9998914003372192,0.5380491018295288,0.37119343876838684,-0.023412786424160004,0.999910831451416,0.5396190285682678,0.37229472398757935,-0.04762456193566322,0.9999058246612549,0.5388227701187134,0.372775673866272,-0.047645729035139084,0.9999001026153564,0.5379868745803833,0.3728295564651489,-0.04766300693154335,0.9999234676361084,0.5273294448852539,0.37059286236763,0.0062293098308146,0.9998636245727539,0.5298140645027161,0.37350496649742126,-0.10266678035259247,0.999846339225769,0.5420466661453247,0.3774089515209198,-0.011048199608922005,0.9996100068092346,0.5412792563438416,0.37815162539482117,-0.04297231137752533,0.9995768666267395,0.4914999008178711,0.38492292165756226,0.08766888827085495,0.9998656511306763,0.533278226852417,0.38729894161224365,-0.15045230090618134,0.9999688863754272,0.47483497858047485,0.3973374664783478,0.2327139526605606,0.5517467856407166,0.5769631266593933,0.3910839259624481,-0.1758212298154831,0.9981301426887512,0.4796566963195801,0.40658336877822876,0.33264029026031494,0.4974360167980194,0.6049396395683289,0.3775339722633362,-0.13959769904613495,0.9960189461708069,0.4789857566356659,0.40876200795173645,0.3551042079925537,0.4634862542152405,0.6166896224021912,0.37453728914260864,-0.15882867574691772,0.9934695959091187,0.47918856143951416,0.4078035354614258,0.3378341794013977,0.46421775221824646,0.6134081482887268,0.37270990014076233,-0.15335744619369507,0.9932733774185181,0.4811226427555084,0.40747225284576416,0.3291868269443512,0.4752180576324463,0.6082673072814941,0.37361422181129456,-0.13526469469070435,0.9855125546455383,0.5001623630523682,0.43257537484169006,0.08179903030395508,0.9997597336769104,0.5232791304588318,0.43422698974609375,-0.08195583522319794,0.9999167919158936,0.5210311412811279,0.45868971943855286,0.1683111935853958,0.6453247666358948,0.5870896577835083,0.44248998165130615,-0.05983588844537735,0.9898759722709656,0.5207659602165222,0.48786553740501404,0.256830096244812,0.8847667574882507,0.612346351146698,0.4756549000740051,-0.02438400872051716,0.9947133660316467,0.5149469971656799,0.4943614602088928,0.2651177644729614,0.8871988654136658,0.6068087816238403,0.48431992530822754,-0.021708426997065544,0.9845896363258362,0.5484853386878967,0.4913727939128876,0.25361552834510803,0.923060417175293,0.6452229022979736,0.4779740869998932,-0.05235769972205162,0.9932905435562134
U15_v4,134,1,0.5450382828712463,0.37577733397483826,0.006041963119059801,0.9997054934501648,0.5409982800483704,0.37317317724227905,0.00788112822920084,0.9997023940086365,0.5404115915298462,0.3729766607284546,0.00783443171530962,0.9996832609176636,0.5396643877029419,0.371921569108963,0.00781615823507309,0.9997503161430359,0.5408796668052673,0.37356361746788025,-0.01616714894771576,0.9997552037239075,0.5401623845100403,0.37366217374801636,-0.01618991792201996,0.9997450709342957,0.5394963026046753,0.37370190024375916,-0.01621154136955738,0.9997971653938293,0.528918445110321,0.37272733449935913,0.028718842193484306,0.9996421337127686,0.5314515233039856,0.3739267587661743,-0.07851745188236237,0.9996213912963867,0.5426610112190247,0.37821289896965027,0.019166292622685432,0.9988835453987122,0.5421847701072693,0.37868162989616394,-0.01233249343931675,0.9986132383346558,0.49033552408218384,0.38297057151794434,0.11033950746059418,0.9997935891151428,0.5338733792304993,0.3867869973182678,-0.13525456190109253,0.9999465942382812,0.478096067905426,0.39432844519615173,0.2701282501220703,0.44346973299980164,0.5765259265899658,0.39084428548812866,-0.13708432018756866,0.9981666803359985,0.4811805486679077,0.4033701419830322,0.3676025867462158,0.509438693523407,0.6044290065765381,0.3777224123477936,-0.05344638228416443,0.9952538013458252,0.479909211397171,0.4059191644191742,0.3922972083091736,0.5153658986091614,0.616399884223938,0.3747478723526001,-0.06522256135940552,0.9921423196792603,0.4803275763988495,0.4045807421207428,0.37313175201416016,0.5135961771011353,0.6128963232040405,0.3731156885623932,-0.060370177030563354,0.991769552230835,0.4819487929344177,0.40406426787376404,0.3633699119091034,0.5131677389144897,0.6078380346298218,0.37382397055625916,-0.0478191077709198,0.9834818840026855,0.49664002656936646,0.4327666759490967,0.08416956663131714,0.9999215602874756,0.5224184989929199,0.4332060217857361,-0.08431923389434814,0.9999148845672607,0.5263634920120239,0.46009647846221924,0.105492003262043,0.8725046515464783,0.5912105441093445,0.4420105516910553,-0.039259690791368484,0.9955282807350159,0.5494283437728882,0.4970594048500061,0.16562317311763763,0.9620562195777893,0.6121876835823059,0.47434642910957336,0.02762426622211933,0.9972948431968689,0.5473982095718384,0.5022892951965332,0.17129136621952057,0.963331401348114,0.6080699563026428,0.48192378878593445,0.033938225358724594,0.9898988604545593,0.5752577185630798,0.49531853199005127,0.1549476832151413,0.9636057019233704,0.6483538150787354,0.4750949740409851,0.014954754151403904,0.9944848418235779
U15_v4,135,1,0.5457882285118103,0.37644946575164795,-0.10757919400930405,0.999901533126831,0.542273223400116,0.3732070326805115,-0.10836564004421234,0.9999074935913086,0.5407001376152039,0.3726085424423218,-0.10841960459947586,0.9999034404754639,0.5400195121765137,0.37214332818984985,-0.10846391320228577,0.9999290704727173,0.5413104891777039,0.3739755153656006,-0.1316942423582077,0.9999213218688965,0.5402724146842957,0.3741668164730072,-0.1317022293806076,0.9998939037322998,0.5392645597457886,0.3743448555469513,-0.13166305422782898,0.9999094009399414,0.5293353796005249,0.37255069613456726,-0.08435720950365067,0.9997451901435852,0.5302966833114624,0.37565556168556213,-0.1904490739107132,0.9997214674949646,0.5448833107948303,0.3785687983036041,-0.09184222668409348,0.9997332692146301,0.5430382490158081,0.37951698899269104,-0.1227836087346077,0.9996746778488159,0.5049839615821838,0.3797611594200134,-0.0019149713916704059,0.999907374382019,0.531794548034668,0.3915572762489319,-0.21307556331157684,0.9998761415481567,0.5378655791282654,0.37804099917411804,0.06846151500940323,0.4553734362125397,0.5788918137550354,0.39329591393470764,-0.22433164715766907,0.9166408181190491,0.5918520092964172,0.37561485171318054,0.03596523776650429,0.8281627297401428,0.6055260300636292,0.38075146079063416,-0.17435187101364136,0.9050679802894592,0.605539083480835,0.372805118560791,0.03189190849661827,0.8223795890808105,0.6190630793571472,0.3775935471057892,-0.19985850155353546,0.8891483545303345,0.6087085008621216,0.37548792362213135,0.007534299977123737,0.8368536233901978,0.6154997944831848,0.37637999653816223,-0.1925640106201172,0.8808174133300781,0.6024025082588196,0.3765280246734619,0.024568650871515274,0.834221601486206,0.608379602432251,0.37686675786972046,-0.17074254155158997,0.8348596692085266,0.49100935459136963,0.427437424659729,0.08377734571695328,0.9999450445175171,0.5139628648757935,0.4330959618091583,-0.0839616134762764,0.9999948740005493,0.49082961678504944,0.4368990659713745,0.3125527799129486,0.63528972864151,0.586782693862915,0.44242411851882935,-0.06952638924121857,0.9960129261016846,0.44099682569503784,0.4537695646286011,0.4856317639350891,0.8650029897689819,0.6104119420051575,0.48098671436309814,-0.03800620511174202,0.9990469813346863,0.43803274631500244,0.4567781090736389,0.5043179988861084,0.8258837461471558,0.5877084732055664,0.49664002656936646,-0.03501896560192108,0.996442973613739,0.44767841696739197,0.45825085043907166,0.5000681281089783,0.925838828086853,0.6328566074371338,0.49361109733581543,-0.08492554724216461,0.9986571073532104
U15_v4,136,1,0.5458503365516663,0.37658601999282837,-0.11639086902141571,0.9998714923858643,0.5425237417221069,0.37330538034439087,-0.11634407937526703,0.9998799562454224,0.5410072803497314,0.3727216422557831,-0.11641111224889755,0.9998668432235718,0.5403557419776917,0.3722526729106903,-0.11647035926580429,0.999913215637207,0.5415258407592773,0.3740597069263458,-0.1413370668888092,0.9999010562896729,0.540471076965332,0.3742354214191437,-0.1413400024175644,0.9998588562011719,0.5394458770751953,0.3743968605995178,-0.1412893831729889,0.9998841285705566,0.5295923352241516,0.3726057708263397,-0.08591869473457336,0.9997068047523499,0.5303406715393066,0.37568244338035583,-0.19959360361099243,0.9996590614318848,0.5448300242424011,0.3787175714969635,-0.09797684848308563,0.9997541308403015,0.5429096817970276,0.3796449899673462,-0.1311895251274109,0.9997015595436096,0.5073166489601135,0.3789365589618683,0.001462725573219359,0.9999039173126221,0.5258377194404602,0.3941621780395508,-0.22263988852500916,0.9998326301574707,0.5420711040496826,0.37782764434814453,0.08135490864515305,0.49327993392944336,0.5789230465888977,0.3934497833251953,-0.2368270307779312,0.9376431107521057,0.5955232381820679,0.37512922286987305,0.04777083545923233,0.8540186285972595,0.6075480580329895,0.38097521662712097,-0.19324393570423126,0.9230195879936218,0.6081777215003967,0.3753332495689392,0.04266186058521271,0.8475126624107361,0.61929851770401,0.3775850534439087,-0.22185444831848145,0.9044849872589111,0.6092109084129333,0.37520042061805725,0.01707400754094124,0.8619468212127686,0.615290105342865,0.3762863874435425,-0.2160639762878418,0.8985784649848938,0.606276273727417,0.3760702311992645,0.03565165027976036,0.8594467043876648,0.6081093549728394,0.37673285603523254,-0.190573588013649,0.8555271625518799,0.4938468337059021,0.42710354924201965,0.0875198096036911,0.9999562501907349,0.51326984167099,0.43303340673446655,-0.08761674910783768,0.9999942779541016,0.5100235342979431,0.4410136938095093,0.28699833154678345,0.6420341730117798,0.5868818759918213,0.44219332933425903,-0.08678796887397766,0.9955549836158752,0.4761735796928406,0.46518898010253906,0.4735811650753021,0.8601177334785461,0.6118836998939514,0.48051023483276367,-0.04292851686477661,0.9990531802177429,0.4683387577533722,0.46827760338783264,0.4935053884983063,0.820896327495575,0.5963644981384277,0.49892517924308777,-0.03917749971151352,0.9963579773902893,0.4864042103290558,0.47181349992752075,0.48266929388046265,0.9196159839630127,0.6345630884170532,0.4938083291053772,-0.09814104437828064,0.9985938668251038
U15_v4,137,1,0.5440216064453125,0.3759956359863281,-0.10302212834358215,0.995710015296936,0.5416497588157654,0.3724527955055237,-0.10862510651350021,0.9959415793418884,0.5406193733215332,0.3720749616622925,-0.10864095389842987,0.9950631260871887,0.5395001769065857,0.3716233968734741,-0.10869675874710083,0.9968135952949524,0.5424535870552063,0.3730688989162445,-0.12911154329776764,0.997130811214447,0.5420756340026855,0.37312182784080505,-0.12917160987854004,0.996183454990387,0.5416926741600037,0.3730800449848175,-0.12922701239585876,0.9974851608276367,0.5356769561767578,0.37073850631713867,-0.09644685685634613,0.9917810559272766,0.5342240929603577,0.3727647662162781,-0.18829034268856049,0.9943945407867432,0.541366696357727,0.3775823414325714,-0.09093416482210159,0.9902570247650146,0.5415705442428589,0.37813466787338257,-0.11798260360956192,0.9914624094963074,0.49056941270828247,0.3757670521736145,-0.004718780983239412,0.9982975125312805,0.5389819741249084,0.38392215967178345,-0.2242974191904068,0.9998623132705688,0.47919580340385437,0.3854304552078247,0.14471858739852905,0.12505485117435455,0.5788313150405884,0.39351943135261536,-0.22256986796855927,0.9932657480239868,0.49630507826805115,0.39022478461265564,0.2454194277524948,0.09618307650089264,0.6101751327514648,0.38297203183174133,-0.15926878154277802,0.9606372117996216,0.4982796311378479,0.39157870411872864,0.265572726726532,0.10778134316205978,0.6231809258460999,0.3814410865306854,-0.17677193880081177,0.9404556751251221,0.5018593072891235,0.39023908972740173,0.2440529614686966,0.10956988483667374,0.620486855506897,0.37914735078811646,-0.17222699522972107,0.9403907656669617,0.5029153823852539,0.3902236223220825,0.23986844718456268,0.12010779231786728,0.6171870231628418,0.37968340516090393,-0.15487068891525269,0.9017412662506104,0.4931158125400543,0.4264673590660095,0.07892882823944092,0.9991740584373474,0.5122730731964111,0.42796266078948975,-0.07904628664255142,0.9996919631958008,0.521825909614563,0.45469406247138977,0.1603296846151352,0.6398624777793884,0.5796244144439697,0.44331449270248413,-0.030640816316008568,0.9852433204650879,0.5271481275558472,0.4884989261627197,0.27507612109184265,0.9046686887741089,0.6191335320472717,0.47408896684646606,0.027348695322871208,0.9952876567840576,0.523641049861908,0.4944313168525696,0.2850116193294525,0.8741626143455505,0.6165475249290466,0.4825865626335144,0.03138324245810509,0.9816332459449768,0.5506462454795837,0.4941662549972534,0.25470760464668274,0.9161986112594604,0.64543217420578,0.477383553981781,-0.014030730351805687,0.9916411638259888
U15_v4,138,1,0.547758936882019,0.3762955069541931,-0.11323107779026031,0.9983338713645935,0.5425307154655457,0.37230581045150757,-0.11752370744943619,0.998573899269104,0.5414993762969971,0.3718743920326233,-0.11754271388053894,0.9981752634048462,0.5403805375099182,0.37135347723960876,-0.11759798228740692,0.9987838864326477,0.5430800914764404,0.37298476696014404,-0.13977602124214172,0.998955249786377,0.5425346493721008,0.3730325996875763,-0.13983462750911713,0.9985768795013428,0.5419948697090149,0.3729751706123352,-0.13985958695411682,0.9989857077598572,0.533805251121521,0.3706052899360657,-0.09914613515138626,0.9967999458312988,0.5343256592750549,0.3726522624492645,-0.1989409178495407,0.9981741905212402,0.5433859825134277,0.37770354747772217,-0.09870920330286026,0.9963655471801758,0.5431861877441406,0.3790082037448883,-0.12795498967170715,0.9967949986457825,0.4905649721622467,0.37568560242652893,-0.000628432200755924,0.9989331364631653,0.5379787087440491,0.385292112827301,-0.23251482844352722,0.9997794032096863,0.49936437606811523,0.3821817934513092,0.12372587621212006,0.14179904758930206,0.5811338424682617,0.39336371421813965,-0.22877582907676697,0.9899740815162659,0.5271493196487427,0.38677653670310974,0.17711353302001953,0.15117985010147095,0.6103355288505554,0.38314077258110046,-0.1498541533946991,0.942376971244812,0.5321081876754761,0.38724908232688904,0.1901160627603531,0.16478201746940613,0.6231147646903992,0.3813219368457794,-0.16662511229515076,0.9180545806884766,0.5349858403205872,0.38662493228912354,0.16663798689842224,0.1699720174074173,0.6203672289848328,0.37899050116539,-0.1619119495153427,0.91579669713974,0.534533679485321,0.3872016668319702,0.16880756616592407,0.18063390254974365,0.6143564581871033,0.3800412118434906,-0.14533372223377228,0.8758844137191772,0.49438029527664185,0.42695921659469604,0.08211500942707062,0.999489426612854,0.5127471089363098,0.4290321469306946,-0.08220415562391281,0.9996987581253052,0.5279214382171631,0.4573217034339905,0.14733022451400757,0.7015437483787537,0.5796929597854614,0.443288117647171,-0.0422491617500782,0.9882241487503052,0.5529977083206177,0.4974113404750824,0.24433451890945435,0.9153253436088562,0.6191421747207642,0.4740205407142639,0.013608678244054317,0.995806097984314,0.5333069562911987,0.49866530299186707,0.25214478373527527,0.8861907124519348,0.6159237027168274,0.48259586095809937,0.01711895503103733,0.98455411195755,0.5645440816879272,0.4975513219833374,0.22046278417110443,0.9279310703277588,0.6468139886856079,0.4760545790195465,-0.026950420811772346,0.9923464059829712
U15_v4,139,1,0.5544384717941284,0.3795280158519745,-0.2706603705883026,0.9942412376403809,0.5526977181434631,0.37695804238319397,-0.2756950855255127,0.9960072636604309,0.5524978637695312,0.37663909792900085,-0.2756756842136383,0.9949963092803955,0.5524516105651855,0.3763349652290344,-0.2757282853126526,0.9971374273300171,0.5518912672996521,0.3771864175796509,-0.29463356733322144,0.9972606897354126,0.5510117411613464,0.37702304124832153,-0.2947389483451843,0.9960213303565979,0.550247311592102,0.3768642842769623,-0.29479095339775085,0.9977712631225586,0.5404511094093323,0.37386929988861084,-0.24415962398052216,0.9895703792572021,0.5434854030609131,0.37663695216178894,-0.33072859048843384,0.9950045943260193,0.5489593744277954,0.3813753128051758,-0.25035783648490906,0.9871216416358948,0.5475996136665344,0.3816278576850891,-0.2761288583278656,0.9910280108451843,0.49880820512771606,0.3741793632507324,-0.12993532419204712,0.9949766993522644,0.5366785526275635,0.3909361660480499,-0.3026792109012604,0.9995322227478027,0.47767600417137146,0.3783663511276245,0.03532540053129196,0.07365874946117401,0.5686867237091064,0.39602819085121155,-0.29208996891975403,0.9862783551216125,0.4827944040298462,0.37951433658599854,0.1362696886062622,0.12641657888889313,0.6196694374084473,0.3893817961215973,-0.26393207907676697,0.9665197134017944,0.4797825813293457,0.37928950786590576,0.15136055648326874,0.14207147061824799,0.6352867484092712,0.3884460926055908,-0.29173973202705383,0.9551241397857666,0.4859195053577423,0.3790628910064697,0.12522409856319427,0.14613579213619232,0.6321433782577515,0.3856338858604431,-0.2892856299877167,0.9573417901992798,0.4892902672290802,0.37986621260643005,0.13000543415546417,0.16224944591522217,0.6288527250289917,0.3861260414123535,-0.2614406645298004,0.9254684448242188,0.49246737360954285,0.420145183801651,0.06718967854976654,0.9992251396179199,0.5090819597244263,0.425394207239151,-0.06729756295681,0.999864935874939,0.5101320147514343,0.44928762316703796,0.1763160079717636,0.48654064536094666,0.5624973773956299,0.44527313113212585,-0.04017522186040878,0.9621390104293823,0.5209214091300964,0.4871784746646881,0.35328683257102966,0.7665316462516785,0.6249057054519653,0.4773246943950653,0.031254012137651443,0.9882209897041321,0.5199803709983826,0.4922432005405426,0.3701838552951813,0.729945182800293,0.6190991997718811,0.48661187291145325,0.03595038875937462,0.9562991261482239,0.5425333380699158,0.4979378879070282,0.32977402210235596,0.8347029685974121,0.6301482915878296,0.49150440096855164,-0.031539272516965866,0.9846541881561279
U15_v4,140,1,0.5546433925628662,0.379019170999527,-0.23262713849544525,0.9772788882255554,0.5526828765869141,0.3765958547592163,-0.23907271027565002,0.9843682646751404,0.5504158139228821,0.37493759393692017,-0.23907379806041718,0.9817549586296082,0.5499651432037354,0.37451261281967163,-0.23913568258285522,0.9897880554199219,0.5519604086875916,0.37674078345298767,-0.25557777285575867,0.9878892302513123,0.55109041929245,0.37658461928367615,-0.2556670010089874,0.9834794998168945,0.5503373742103577,0.3764508366584778,-0.25573405623435974,0.9907947182655334,0.5394376516342163,0.3736865520477295,-0.21595242619514465,0.9675624966621399,0.543243408203125,0.37638914585113525,-0.29132890701293945,0.9799603819847107,0.5493518114089966,0.37978988885879517,-0.21581029891967773,0.955541729927063,0.5481142401695251,0.3800678849220276,-0.23838278651237488,0.9663246273994446,0.4962150454521179,0.3737201392650604,-0.11136523634195328,0.9943496584892273,0.5412466526031494,0.3907311260700226,-0.27023667097091675,0.9994206428527832,0.4754278361797333,0.37851765751838684,0.04731568694114685,0.09284039586782455,0.568841814994812,0.39613407850265503,-0.25537270307540894,0.9745121002197266,0.4790593683719635,0.3805975317955017,0.1660081297159195,0.1392381340265274,0.6194547414779663,0.3895469605922699,-0.21911311149597168,0.9411629438400269,0.4757991433143616,0.38053828477859497,0.184705913066864,0.14630798995494843,0.6348632574081421,0.3884783387184143,-0.24330487847328186,0.9247226715087891,0.48219767212867737,0.3806439936161041,0.1628628671169281,0.14792925119400024,0.6338658332824707,0.38587436079978943,-0.23965711891651154,0.9271758794784546,0.485553503036499,0.3813243508338928,0.1622178852558136,0.15842056274414062,0.6284650564193726,0.3862217366695404,-0.21595048904418945,0.8823468089103699,0.4908505082130432,0.4200752377510071,0.06405560672283173,0.9993172883987427,0.5127488374710083,0.4250205457210541,-0.06421148777008057,0.9998732805252075,0.5004700422286987,0.4491885006427765,0.1960650384426117,0.42453914880752563,0.5683760643005371,0.44526076316833496,-0.02008018083870411,0.9378639459609985,0.5106030106544495,0.48571091890335083,0.37959054112434387,0.6961092352867126,0.6253290772438049,0.47721511125564575,0.0643966943025589,0.979861855506897,0.5099818110466003,0.49068278074264526,0.39782872796058655,0.6530868411064148,0.6203905344009399,0.4862555265426636,0.07141351699829102,0.9369547963142395,0.5304271578788757,0.4964134693145752,0.3636484444141388,0.7656537890434265,0.6344903111457825,0.4906640648841858,0.012288880534470081,0.9727587103843689
U15_v4,141,1,0.5553057193756104,0.38103246688842773,-0.14286746084690094,0.9992938041687012,0.5536266565322876,0.3785148859024048,-0.14569590985774994,0.9993504881858826,0.5535422563552856,0.378325879573822,-0.14569173753261566,0.9992208480834961,0.5523771047592163,0.3771383762359619,-0.1456882357597351,0.9995119571685791,0.5526013374328613,0.37887054681777954,-0.16900047659873962,0.9995139837265015,0.5516809225082397,0.3789156377315521,-0.16907799243927002,0.9993250370025635,0.5508435964584351,0.3789651095867157,-0.16914401948451996,0.9996371269226074,0.545074462890625,0.37686073780059814,-0.12346528470516205,0.9981347322463989,0.542625904083252,0.37876635789871216,-0.2309418022632599,0.9989721775054932,0.5511947274208069,0.3835596740245819,-0.12779945135116577,0.9984453320503235,0.5496567487716675,0.3840844929218292,-0.1592581570148468,0.9988710284233093,0.5045420527458191,0.3789741098880768,-0.03927053511142731,0.9991238713264465,0.5382575988769531,0.38849836587905884,-0.24991582334041595,0.9999555349349976,0.48706626892089844,0.3859916031360626,0.06322690844535828,0.14003930985927582,0.5690213441848755,0.39777112007141113,-0.2572321593761444,0.9904584884643555,0.5043186545372009,0.39134931564331055,0.0979142114520073,0.1357169896364212,0.6247063875198364,0.39271390438079834,-0.21709595620632172,0.9595139026641846,0.5072728395462036,0.3922068476676941,0.10340408235788345,0.1506945639848709,0.6372244954109192,0.39273369312286377,-0.2420036792755127,0.9469773173332214,0.5104490518569946,0.3915483057498932,0.08312422782182693,0.1489853411912918,0.6370320320129395,0.38994866609573364,-0.23543564975261688,0.9458906054496765,0.5109492540359497,0.3919928967952728,0.09098093956708908,0.15915338695049286,0.631489634513855,0.39034491777420044,-0.21240176260471344,0.9056796431541443,0.4957903027534485,0.42451223731040955,0.0823715478181839,0.9986516833305359,0.5147707462310791,0.429110050201416,-0.08245433866977692,0.9998900890350342,0.492988258600235,0.43967029452323914,0.2488713264465332,0.45767641067504883,0.592568039894104,0.442621111869812,-0.0531475655734539,0.9926896691322327,0.4701996147632599,0.47267040610313416,0.4183124303817749,0.8381727337837219,0.6348437666893005,0.47803372144699097,-0.008823738433420658,0.997432291507721,0.46307259798049927,0.47783803939819336,0.4346509575843811,0.8176040053367615,0.6315939426422119,0.486772358417511,-0.005242406390607357,0.9913764595985413,0.4837074875831604,0.47964543104171753,0.4158504605293274,0.8863603472709656,0.6601950526237488,0.4786524772644043,-0.05203135311603546,0.9956119060516357
U15_v4,142,1,0.5535786151885986,0.38269731402397156,-0.16839082539081573,0.9998347759246826,0.5535803437232971,0.3795579671859741,-0.16538356244564056,0.9996374845504761,0.5536672472953796,0.37931814789772034,-0.1653810739517212,0.99957674741745,0.5535239577293396,0.37899893522262573,-0.1653902679681778,0.9997255206108093,0.5520623922348022,0.3796849846839905,-0.1926349699497223,0.9997125267982483,0.5511332154273987,0.3795870840549469,-0.19268637895584106,0.9996079802513123,0.5501494407653809,0.37943923473358154,-0.19272616505622864,0.9996806383132935,0.5426343679428101,0.37442994117736816,-0.11719144135713577,0.9992266893386841,0.5390615463256836,0.3760826885700226,-0.2430979162454605,0.9995110034942627,0.5479757785797119,0.383733868598938,-0.14384883642196655,0.9994838237762451,0.5464113354682922,0.3835333585739136,-0.18084408342838287,0.9996328353881836,0.5176098346710205,0.3780456781387329,-0.027186840772628784,0.9998840093612671,0.5056555867195129,0.378134161233902,-0.26698264479637146,0.9999579191207886,0.5413292050361633,0.3844495713710785,0.0373765267431736,0.6986687779426575,0.5367944836616516,0.3901313245296478,-0.3160572946071625,0.9970368146896362,0.5777344703674316,0.38729342818260193,-0.011437438428401947,0.8605133891105652,0.6156112551689148,0.3956671953201294,-0.31255102157592773,0.9909883141517639,0.5877761840820312,0.3879740834236145,-0.01667019911110401,0.8287533521652222,0.6355158090591431,0.3951740562915802,-0.34479594230651855,0.9817385077476501,0.5880309343338013,0.3869262933731079,-0.0444088950753212,0.8370203375816345,0.629103422164917,0.39099544286727905,-0.3346827030181885,0.9809853434562683,0.5849728584289551,0.3875652551651001,-0.02433832921087742,0.8199531435966492,0.6207038760185242,0.39061832427978516,-0.30735257267951965,0.9596538543701172,0.5173724889755249,0.42743703722953796,0.08217468112707138,0.999112069606781,0.5077064633369446,0.43175584077835083,-0.082302987575531,0.9994982481002808,0.5734741687774658,0.4452192485332489,0.1335272639989853,0.7389816045761108,0.5470279455184937,0.45500612258911133,-0.07679470628499985,0.9936927556991577,0.6325579285621643,0.47592398524284363,0.21835169196128845,0.9054042100906372,0.5694939494132996,0.5013687610626221,-0.0012427372857928276,0.996302604675293,0.6318690776824951,0.4828125238418579,0.22306479513645172,0.843737781047821,0.5640244483947754,0.5061818957328796,0.0032388672698289156,0.9783363342285156,0.6512019038200378,0.4757302701473236,0.1789776086807251,0.9412581324577332,0.5842952728271484,0.5012187361717224,-0.061653006821870804,0.9936564564704895
U15_v4,143,1,0.5528074502944946,0.380988746881485,-0.18795257806777954,0.9998573064804077,0.5532113313674927,0.3794896900653839,-0.18439845740795135,0.9996861219406128,0.5532570481300354,0.37923145294189453,-0.18439365923404694,0.9996404647827148,0.5517648458480835,0.3768053948879242,-0.18440663814544678,0.9997676014900208,0.5517721176147461,0.37962210178375244,-0.2116844356060028,0.9997329115867615,0.550869345664978,0.3795108497142792,-0.2117348462343216,0.9996306896209717,0.5479733347892761,0.3791797161102295,-0.21176724135875702,0.999685525894165,0.5418725609779358,0.3738104999065399,-0.1327214539051056,0.99931800365448,0.5385860800743103,0.37552303075790405,-0.2590020000934601,0.9995636343955994,0.547775387763977,0.3833109736442566,-0.16215963661670685,0.999556839466095,0.546329915523529,0.3831580579280853,-0.19916079938411713,0.9996908903121948,0.5200623273849487,0.37790220975875854,-0.041698917746543884,0.9999086856842041,0.5052652955055237,0.3779112994670868,-0.27785950899124146,0.9999473094940186,0.5499168038368225,0.3853837251663208,0.007100225426256657,0.7905489206314087,0.5270254611968994,0.3887864053249359,-0.3267700672149658,0.9965343475341797,0.5919221639633179,0.38845837116241455,-0.061602894216775894,0.91440349817276,0.5919414758682251,0.39243507385253906,-0.3255976438522339,0.9895245432853699,0.6039231419563293,0.3888797163963318,-0.07136709243059158,0.8832112550735474,0.6092928647994995,0.3951801061630249,-0.35801535844802856,0.9783445596694946,0.6040434837341309,0.3879585862159729,-0.09998627007007599,0.8912259340286255,0.6143448352813721,0.3914465010166168,-0.3493567109107971,0.9775114059448242,0.6001115441322327,0.38873931765556335,-0.07573696225881577,0.8754521608352661,0.606499195098877,0.39109113812446594,-0.3213300406932831,0.9545214176177979,0.5183156132698059,0.42644479870796204,0.08142197877168655,0.9990164041519165,0.5068364143371582,0.43067678809165955,-0.08155196160078049,0.9993332028388977,0.5902284979820251,0.4443762004375458,0.12697386741638184,0.7548576593399048,0.5449626445770264,0.453966349363327,-0.07818324118852615,0.992045521736145,0.6326456665992737,0.4758729934692383,0.20626549422740936,0.9146797060966492,0.56593257188797,0.499481201171875,-0.0011395277688279748,0.9949209094047546,0.6319896578788757,0.482898086309433,0.21010373532772064,0.8553425073623657,0.5642153024673462,0.5057865977287292,0.003122418187558651,0.9708932638168335,0.6504335403442383,0.4777308404445648,0.16288955509662628,0.9428126811981201,0.5808342695236206,0.500583291053772,-0.06314366310834885,0.9912450909614563
U15_v4,144,1,0.5599266886711121,0.3839668035507202,-0.20270396769046783,0.9994774460792542,0.5578463673591614,0.38047099113464355,-0.20129838585853577,0.9990744590759277,0.5567400455474854,0.38024723529815674,-0.2012968212366104,0.9990021586418152,0.5563285946846008,0.37998437881469727,-0.20129460096359253,0.9992813467979431,0.55722576379776,0.38057464361190796,-0.22946864366531372,0.9992727637290955,0.5554715394973755,0.38052448630332947,-0.22954492270946503,0.9990429282188416,0.554583728313446,0.38040441274642944,-0.22960565984249115,0.999234676361084,0.5458564162254333,0.3780938684940338,-0.15805292129516602,0.9976230263710022,0.546622097492218,0.3803848922252655,-0.28843966126441956,0.9986955523490906,0.5558712482452393,0.38561034202575684,-0.17976191639900208,0.9986213445663452,0.5544885396957397,0.38568374514579773,-0.21809637546539307,0.9991268515586853,0.5160562992095947,0.38550588488578796,-0.06303524971008301,0.9994742274284363,0.5233030915260315,0.38802170753479004,-0.3049749732017517,0.9998923540115356,0.5271075963973999,0.396585613489151,0.00033233046997338533,0.3029516339302063,0.5571779012680054,0.39340150356292725,-0.3480831980705261,0.9933264255523682,0.5640497803688049,0.40238913893699646,-0.04759221896529198,0.38481032848358154,0.6277390718460083,0.3943083882331848,-0.33737170696258545,0.972322940826416,0.5736621618270874,0.403597891330719,-0.05446391552686691,0.37354594469070435,0.6410860419273376,0.3962745666503906,-0.3701019585132599,0.9562969207763672,0.5765191912651062,0.4021928012371063,-0.08280544728040695,0.3883761465549469,0.6421082615852356,0.38520416617393494,-0.36258307099342346,0.9543294906616211,0.574385941028595,0.40254145860671997,-0.06105988472700119,0.3812035322189331,0.6328675746917725,0.38580000400543213,-0.3335208296775818,0.908929169178009,0.5251156687736511,0.43244585394859314,0.08560153841972351,0.9979223608970642,0.5225813388824463,0.43810075521469116,-0.08579596132040024,0.9994427561759949,0.5793910622596741,0.4474332332611084,0.1480032503604889,0.7418157458305359,0.5609642267227173,0.4575076997280121,-0.1158151626586914,0.9968363046646118,0.6368893384933472,0.47698408365249634,0.24984166026115417,0.9311419129371643,0.5703085660934448,0.5017479658126831,-0.06145904213190079,0.9975426197052002,0.6386290788650513,0.48447874188423157,0.25595641136169434,0.8692058324813843,0.5707665085792542,0.5073604583740234,-0.06088946759700775,0.9798339009284973,0.6681879162788391,0.4772772789001465,0.20652127265930176,0.9612917900085449,0.5988026857376099,0.5107950568199158,-0.14259320497512817,0.9959090948104858
U15_v4,145,1,0.5612155795097351,0.3824700713157654,-0.2835429608821869,0.998544454574585,0.5581499338150024,0.378272145986557,-0.2830143868923187,0.9972840547561646,0.5580307841300964,0.37807172536849976,-0.2830258011817932,0.9969158172607422,0.5577080845832825,0.3776814341545105,-0.28305765986442566,0.9980438947677612,0.5573236346244812,0.3786681890487671,-0.31164252758026123,0.9975874423980713,0.5566160678863525,0.37878718972206116,-0.3117266893386841,0.9966204166412354,0.5558758974075317,0.37871605157852173,-0.31179267168045044,0.9972679615020752,0.5503522157669067,0.37708792090415955,-0.2355850487947464,0.9933698177337646,0.5476110577583313,0.3787245452404022,-0.36729171872138977,0.9931772947311401,0.556674063205719,0.3825666308403015,-0.257522851228714,0.9960231781005859,0.5546477437019348,0.3829115331172943,-0.2961215078830719,0.9964140057563782,0.5294905304908752,0.3787989020347595,-0.14209328591823578,0.9992716908454895,0.5131433606147766,0.3838234543800354,-0.36800357699394226,0.9991318583488464,0.5692057609558105,0.3921070098876953,-0.0967191606760025,0.6132712364196777,0.5464009642601013,0.3948729336261749,-0.4287494421005249,0.9657546877861023,0.630951464176178,0.39963456988334656,-0.18815314769744873,0.8139569759368896,0.6184164881706238,0.39472854137420654,-0.46338680386543274,0.9647903442382812,0.6430039405822754,0.396925151348114,-0.20548094809055328,0.7715247273445129,0.6252175569534302,0.38578134775161743,-0.5083697438240051,0.9496930241584778,0.6452695727348328,0.3962860405445099,-0.2414121925830841,0.7978125214576721,0.6255245804786682,0.3809226453304291,-0.5018079280853271,0.9466127753257751,0.6444668173789978,0.3989607095718384,-0.20616820454597473,0.7884898781776428,0.6183013319969177,0.3816317021846771,-0.46202656626701355,0.9004486203193665,0.5210247039794922,0.4252619445323944,0.0755401998758316,0.9973276853561401,0.5124740600585938,0.43173059821128845,-0.07571960985660553,0.9983888864517212,0.5762595534324646,0.4482206702232361,0.15126387774944305,0.49868062138557434,0.5594481825828552,0.45651066303253174,-0.020465439185500145,0.9723449945449829,0.6385757923126221,0.47763195633888245,0.2846689522266388,0.7818223237991333,0.5756896734237671,0.5014902353286743,0.10556189715862274,0.983609676361084,0.6376371383666992,0.4843224585056305,0.29466134309768677,0.7307206988334656,0.5721577405929565,0.5071872472763062,0.11370160430669785,0.9350890517234802,0.6549922227859497,0.4818105399608612,0.24128636717796326,0.873216986656189,0.5967191457748413,0.5090932846069336,0.04229367524385452,0.9752688407897949
U15_v4,146,1,0.556602954864502,0.3778354525566101,-0.21880680322647095,0.9962093830108643,0.5548235177993774,0.37358883023262024,-0.2181670218706131,0.9931367635726929,0.5511062741279602,0.37241703271865845,-0.21818464994430542,0.9922216534614563,0.5504617691040039,0.3720300495624542,-0.21820075809955597,0.994754433631897,0.5519616603851318,0.37328290939331055,-0.24622122943401337,0.9943787455558777,0.551994800567627,0.3736933767795563,-0.24629585444927216,0.9924846291542053,0.5517887473106384,0.37383806705474854,-0.24637199938297272,0.994347870349884,0.5413982272148132,0.37038761377334595,-0.17364370822906494,0.9828708171844482,0.545681357383728,0.3740077018737793,-0.30217665433883667,0.987636148929596,0.5483000874519348,0.3765329420566559,-0.19454289972782135,0.9908395409584045,0.5479806661605835,0.3774653375148773,-0.2321545034646988,0.9931135773658752,0.5205704569816589,0.3780900835990906,-0.07853400707244873,0.9982925057411194,0.5142005085945129,0.38159725069999695,-0.31679677963256836,0.9991814494132996,0.5509824156761169,0.3907411992549896,-0.026473645120859146,0.33630961179733276,0.5486987233161926,0.3936988115310669,-0.36691343784332275,0.9627742767333984,0.5969458222389221,0.3937588930130005,-0.10786205530166626,0.5209187269210815,0.6134587526321411,0.38578686118125916,-0.3776954114437103,0.948127806186676,0.6085345149040222,0.3934043049812317,-0.12121779471635818,0.5204353928565979,0.6312361359596252,0.38505879044532776,-0.4184255599975586,0.9310227632522583,0.6113264560699463,0.3921195864677429,-0.15492533147335052,0.5453313589096069,0.630821704864502,0.3803322911262512,-0.4107486605644226,0.9263941049575806,0.6080170273780823,0.39307311177253723,-0.12470004707574844,0.5393156409263611,0.6231340765953064,0.3810391426086426,-0.375061571598053,0.86971515417099,0.5152681469917297,0.42776528000831604,0.0825999528169632,0.9967549443244934,0.5129968523979187,0.4319370985031128,-0.08273573964834213,0.9980068802833557,0.5680721402168274,0.45054948329925537,0.15749645233154297,0.6088691353797913,0.5649420619010925,0.4520214796066284,-0.02818680927157402,0.9883599281311035,0.6108673810958862,0.4834270477294922,0.2776922285556793,0.8844712376594543,0.5758918523788452,0.5001440644264221,0.08621245622634888,0.9943702816963196,0.6114807724952698,0.4899207055568695,0.28632691502571106,0.8353431820869446,0.5725526809692383,0.5065999031066895,0.09394378215074539,0.9732161164283752,0.6438010931015015,0.48619765043258667,0.23655734956264496,0.9274343252182007,0.6135649681091309,0.49618321657180786,0.030388515442609787,0.9897558093070984
U15_v4,147,1,0.5507789850234985,0.3720197081565857,-0.2893414795398712,0.9957433342933655,0.5547295212745667,0.37498199939727783,-0.28293582797050476,0.9948315620422363,0.5551144480705261,0.37535563111305237,-0.28295016288757324,0.993458092212677,0.5549778342247009,0.37528693675994873,-0.2829906642436981,0.995394229888916,0.5544628500938416,0.3754010796546936,-0.30643728375434875,0.9973005652427673,0.5477249622344971,0.3731178045272827,-0.30657047033309937,0.9966952800750732,0.548015832901001,0.3737870156764984,-0.30666571855545044,0.9980133771896362,0.5383042097091675,0.37203294038772583,-0.21487018465995789,0.987396776676178,0.5433401465415955,0.3789193034172058,-0.3214452266693115,0.9962801337242126,0.5505075454711914,0.37751147150993347,-0.2589229643344879,0.9912148714065552,0.5502080917358398,0.37842801213264465,-0.2903772294521332,0.9954743981361389,0.5190062522888184,0.38118624687194824,-0.1016683354973793,0.994325578212738,0.5269384384155273,0.38837730884552,-0.31760668754577637,0.9998261332511902,0.5236163139343262,0.39208146929740906,-0.008550740778446198,0.08020342141389847,0.5713061094284058,0.40176865458488464,-0.3459138870239258,0.9929707646369934,0.5273760557174683,0.3977612555027008,-0.00770393293350935,0.036003947257995605,0.632526695728302,0.40265849232673645,-0.3321571350097656,0.9676961898803711,0.5251024961471558,0.3995424807071686,-0.0061761499382555485,0.04733997583389282,0.6505086421966553,0.404388964176178,-0.3649284541606903,0.9563215970993042,0.5268145203590393,0.39773914217948914,-0.030311457812786102,0.0455981120467186,0.655076265335083,0.40164583921432495,-0.3617238402366638,0.9529565572738647,0.5292767286300659,0.3975369930267334,-0.01705680415034294,0.0500711128115654,0.6481465697288513,0.4014507234096527,-0.3303622901439667,0.9078525304794312,0.5083029866218567,0.4238487482070923,0.06946355104446411,0.9975335597991943,0.5025159120559692,0.4306923747062683,-0.06945249438285828,0.9993377327919006,0.578246533870697,0.44117432832717896,0.05716313421726227,0.7478399872779846,0.5437416434288025,0.45534202456474304,-0.09685757011175156,0.9907429814338684,0.6467428207397461,0.47792357206344604,0.14282149076461792,0.9158753752708435,0.5692278146743774,0.50043785572052,-0.035704467445611954,0.9965460896492004,0.6453762054443359,0.4854580760002136,0.14862975478172302,0.8958390951156616,0.5660443902015686,0.506388783454895,-0.03386668488383293,0.9805008172988892,0.6771478652954102,0.4766770005226135,0.09225022047758102,0.9471257925033569,0.58296799659729,0.5074920654296875,-0.11878485977649689,0.9924705028533936
U15_v4,148,0,,,,,,,,,,,,,,,,,,,,,,,,,,,,,,,,,,,,,,,,,,,,,,,,,,,,,,,,,,,,,,,,,,,,,,,,,,,,,,,,,,,,,,,,,,,,,,,,,,,,,,,,,,,,,,,,,,,,,,,,,,,,,,,,,,,,
U15_v4,149,1,0.5804847478866577,0.39052799344062805,-0.3857123851776123,0.9962843060493469,0.5766520500183105,0.38793280720710754,-0.3975294828414917,0.9945632815361023,0.5727354884147644,0.38612598180770874,-0.3974880278110504,0.994206428527832,0.5725340247154236,0.38606834411621094,-0.3974856734275818,0.9957648515701294,0.5764124393463135,0.3881518840789795,-0.41794025897979736,0.9975724816322327,0.5757983922958374,0.3880922198295593,-0.4181285798549652,0.9975076913833618,0.593558669090271,0.4007190763950348,-0.4182736277580261,0.9983084201812744,0.572180449962616,0.3930119574069977,-0.3802890181541443,0.9926223754882812,0.5838593244552612,0.40279480814933777,-0.4726127088069916,0.9963821172714233,0.5717743635177612,0.39021122455596924,-0.3692602217197418,0.9958682060241699,0.5742734670639038,0.39227181673049927,-0.3969856798648834,0.9971805810928345,0.5424945950508118,0.3850972056388855,-0.2668426036834717,0.997687578201294,0.5689018368721008,0.4116245210170746,-0.429739385843277,0.9999071359634399,0.5306946039199829,0.3845027685165405,-0.1185847744345665,0.267654150724411,0.5945868492126465,0.42151325941085815,-0.43035778403282166,0.9976112842559814,0.5215733051300049,0.38736850023269653,-0.060755904763936996,0.21454517543315887,0.6676278114318848,0.424431711435318,-0.4288756251335144,0.9919833540916443,0.5131375789642334,0.3870745301246643,-0.05928065627813339,0.1760702133178711,0.6851891279220581,0.4283478260040283,-0.46714791655540466,0.9846329689025879,0.5162755250930786,0.3879691958427429,-0.0814165472984314,0.18687132000923157,0.6880855560302734,0.4232265055179596,-0.464444637298584,0.9852281808853149,0.5223762392997742,0.38878095149993896,-0.06617468595504761,0.1906779557466507,0.6803819537162781,0.4208260178565979,-0.4270842671394348,0.9701425433158875,0.5162138342857361,0.4248857796192169,0.05451469495892525,0.9996699094772339,0.524144172668457,0.4351678192615509,-0.05445929616689682,0.9999182224273682,0.565295398235321,0.4541301131248474,0.15460331737995148,0.3329208791255951,0.5578447580337524,0.4608211815357208,0.08507871627807617,0.9065700769424438,0.6264976859092712,0.48019376397132874,0.3395460247993469,0.6850384473800659,0.570675253868103,0.49484655261039734,0.2684970796108246,0.9609944224357605,0.6330910325050354,0.4854116439819336,0.3582925796508789,0.760118842124939,0.5697948932647705,0.5001810789108276,0.2844220995903015,0.9235674738883972,0.6613479852676392,0.4843149185180664,0.3094210922718048,0.8478636741638184,0.5910686254501343,0.49307939410209656,0.2150188684463501,0.9549634456634521
U15_v4,150,1,0.5752954483032227,0.3895583748817444,-0.36336392164230347,0.9837803244590759,0.5702201128005981,0.38629305362701416,-0.37678262591362,0.9765787124633789,0.5696930885314941,0.3861469328403473,-0.37673869729042053,0.9790801405906677,0.5692195892333984,0.38616928458213806,-0.376735121011734,0.9822266101837158,0.5715243816375732,0.38835686445236206,-0.39367789030075073,0.9870386123657227,0.5709311366081238,0.38824835419654846,-0.3938506543636322,0.9884271025657654,0.5746713876724243,0.38947129249572754,-0.39399629831314087,0.9914235472679138,0.5605667233467102,0.393581360578537,-0.3667367398738861,0.96952223777771,0.5646944046020508,0.39124757051467896,-0.44332581758499146,0.9844998121261597,0.5695980787277222,0.38944292068481445,-0.3498983681201935,0.9811009168624878,0.5703940391540527,0.39102548360824585,-0.3731333017349243,0.9874292016029358,0.5296141505241394,0.38528135418891907,-0.25625666975975037,0.9969853758811951,0.5639801025390625,0.4105803668498993,-0.39534327387809753,0.9998668432235718,0.5097042322158813,0.38801825046539307,-0.11574122309684753,0.31412601470947266,0.5884169340133667,0.419101357460022,-0.39372485876083374,0.9968277812004089,0.4953363537788391,0.3942379951477051,-0.052141569554805756,0.26351213455200195,0.661139726638794,0.42182064056396484,-0.3900015950202942,0.9913603663444519,0.4858510494232178,0.39510229229927063,-0.04680731147527695,0.22967331111431122,0.6792179942131042,0.4255082905292511,-0.42300811409950256,0.9850504398345947,0.48918142914772034,0.39618146419525146,-0.06758706271648407,0.23743540048599243,0.6824023127555847,0.42098355293273926,-0.41912591457366943,0.9854283928871155,0.4955076277256012,0.39609581232070923,-0.05606025084853172,0.23049643635749817,0.6748253107070923,0.4185901880264282,-0.3872505724430084,0.9724657535552979,0.5058060884475708,0.423025906085968,0.046847131103277206,0.9997151494026184,0.5229737162590027,0.4326615333557129,-0.04678142070770264,0.9999480247497559,0.5437770485877991,0.45502543449401855,0.15312498807907104,0.37364718317985535,0.573744535446167,0.45961883664131165,0.05763128399848938,0.8982423543930054,0.6075170636177063,0.47806671261787415,0.3357764482498169,0.7883787155151367,0.6010531187057495,0.4873555898666382,0.21099068224430084,0.964827835559845,0.6158534288406372,0.4819331765174866,0.3546586334705353,0.8565866351127625,0.6038632392883301,0.4926670491695404,0.2241811752319336,0.9381945729255676,0.6390300393104553,0.48434627056121826,0.30731138586997986,0.8749280571937561,0.6198073029518127,0.49217209219932556,0.15455292165279388,0.9527656435966492
U15_v4,151,1,0.5700085163116455,0.3897930085659027,-0.08934035152196884,0.9768347144126892,0.5691823363304138,0.3883149027824402,-0.09286797046661377,0.9709566235542297,0.568649172782898,0.3883747458457947,-0.09288010746240616,0.9699841141700745,0.5677427053451538,0.38849499821662903,-0.09287075698375702,0.9737280607223511,0.5680471062660217,0.389316201210022,-0.10854077339172363,0.9827508330345154,0.5670241117477417,0.3891640603542328,-0.10863978415727615,0.9812333583831787,0.5655381679534912,0.3891860544681549,-0.10877905786037445,0.9863370060920715,0.5479476451873779,0.3933676779270172,-0.08352550864219666,0.9635842442512512,0.553125262260437,0.3971399664878845,-0.15376722812652588,0.979013204574585,0.5672763586044312,0.3925778567790985,-0.08053242415189743,0.9720340371131897,0.5590690970420837,0.39648956060409546,-0.10193543881177902,0.9835960865020752,0.5226837992668152,0.3930841386318207,-0.039876215159893036,0.9946126937866211,0.5430391430854797,0.40185093879699707,-0.16488243639469147,0.9997649788856506,0.5008216500282288,0.39244264364242554,0.02797902747988701,0.44503164291381836,0.5501989126205444,0.4076978862285614,-0.1930614411830902,0.9880285263061523,0.4958742558956146,0.39111632108688354,0.031601693481206894,0.4215584993362427,0.6062150001525879,0.40811097621917725,-0.1893380582332611,0.9462414383888245,0.4897707998752594,0.390749454498291,0.024764521047472954,0.3978998064994812,0.6208228468894958,0.40998685359954834,-0.2115875482559204,0.9213890433311462,0.49437254667282104,0.38985612988471985,0.013015051372349262,0.41237765550613403,0.623269259929657,0.40689751505851746,-0.2094731628894806,0.920842170715332,0.49819135665893555,0.39022815227508545,0.026566924527287483,0.40765881538391113,0.617332398891449,0.40565088391304016,-0.18735390901565552,0.8830888271331787,0.49749669432640076,0.42783302068710327,0.04121280834078789,0.9993652701377869,0.5085431933403015,0.43001455068588257,-0.04134683683514595,0.999876856803894,0.5463234782218933,0.446479856967926,0.050289519131183624,0.45419415831565857,0.5596864223480225,0.4576650857925415,-0.024337714537978172,0.9738120436668396,0.5815256834030151,0.4660245478153229,0.1471101939678192,0.7150152921676636,0.572290301322937,0.49710196256637573,0.02594040334224701,0.9863524436950684,0.5878398418426514,0.4691396653652191,0.15589803457260132,0.8568217754364014,0.5711504220962524,0.5018494129180908,0.02900627627968788,0.9825335144996643,0.5959278345108032,0.4704130291938782,0.10799463093280792,0.7393536567687988,0.594262421131134,0.49751999974250793,-0.04016272723674774,0.9641058444976807
U15_v4,152,0,,,,,,,,,,,,,,,,,,,,,,,,,,,,,,,,,,,,,,,,,,,,,,,,,,,,,,,,,,,,,,,,,,,,,,,,,,,,,,,,,,,,,,,,,,,,,,,,,,,,,,,,,,,,,,,,,,,,,,,,,,,,,,,,,,,,
U15_v4,153,1,0.5834152698516846,0.39508888125419617,-0.21237315237522125,0.9954755902290344,0.575598955154419,0.3917633593082428,-0.21967801451683044,0.9948163628578186,0.575282096862793,0.3917379081249237,-0.2196313887834549,0.9939475059509277,0.5757797956466675,0.3905171751976013,-0.2195824384689331,0.9940105080604553,0.5795918107032776,0.3927920460700989,-0.23560437560081482,0.996845006942749,0.5789570808410645,0.3926723301410675,-0.23575684428215027,0.9960864782333374,0.5786861181259155,0.3927827775478363,-0.23590923845767975,0.9965439438819885,0.5774316787719727,0.3994208872318268,-0.21008192002773285,0.9915345311164856,0.5694708824157715,0.39420148730278015,-0.281048059463501,0.9949201941490173,0.5755109786987305,0.3946852385997772,-0.2014884501695633,0.9933438301086426,0.578323483467102,0.3956061601638794,-0.22299419343471527,0.9959755539894104,0.5551775097846985,0.3994121849536896,-0.1628420501947403,0.996591329574585,0.5585036873817444,0.4096751809120178,-0.2531297504901886,0.9995566010475159,0.5283122658729553,0.397554486989975,-0.08644184470176697,0.5370140671730042,0.5437900424003601,0.40948012471199036,-0.2762439548969269,0.9696717262268066,0.51806640625,0.3969843089580536,-0.07985667884349823,0.22697624564170837,0.5982145667076111,0.4081507921218872,-0.26517587900161743,0.8998193144798279,0.5112378597259521,0.39677560329437256,-0.0871235728263855,0.17609094083309174,0.6128767728805542,0.4101317226886749,-0.2815467417240143,0.8576565980911255,0.514913022518158,0.3966929018497467,-0.09703066945075989,0.1880757212638855,0.6156359910964966,0.4070832431316376,-0.2776871621608734,0.8536980152130127,0.5189302563667297,0.3971174955368042,-0.08377283066511154,0.20276232063770294,0.6094628572463989,0.40567561984062195,-0.2611261010169983,0.792464554309845,0.5237082839012146,0.43759122490882874,0.018032198771834373,0.9997844099998474,0.5294701457023621,0.43734270334243774,-0.018238672986626625,0.9999321699142456,0.5709749460220337,0.45810186862945557,0.019027801230549812,0.8397111892700195,0.5402329564094543,0.4572140574455261,0.04092928394675255,0.9480659365653992,0.6297059655189514,0.47346752882003784,0.09628112614154816,0.9364190101623535,0.5273507237434387,0.4811202883720398,0.14544445276260376,0.9829257726669312,0.6364192366600037,0.47577664256095886,0.10305620729923248,0.9401970505714417,0.5264785289764404,0.48534780740737915,0.1532594859600067,0.9675200581550598,0.6528989672660828,0.47761085629463196,0.04887982830405235,0.9510361552238464,0.522861897945404,0.4857977032661438,0.08999477326869965,0.9720855951309204
U15_v4,154,1,0.5907160639762878,0.3973213732242584,-0.16947413980960846,0.9995507597923279,0.5835888385772705,0.39351117610931396,-0.1703978180885315,0.9996321201324463,0.583426833152771,0.3934628963470459,-0.17034600675106049,0.9995256662368774,0.5793271064758301,0.3924417495727539,-0.17028960585594177,0.9996054768562317,0.5831664800643921,0.3934263288974762,-0.19228816032409668,0.9997372031211853,0.5976037383079529,0.40731772780418396,-0.1924063265323639,0.9996140599250793,0.5970084071159363,0.4079049825668335,-0.1925087869167328,0.9996902942657471,0.5717930793762207,0.3917413651943207,-0.14791524410247803,0.9994589686393738,0.5730887055397034,0.39444807171821594,-0.24713245034217834,0.9995736479759216,0.5828875303268433,0.3964388370513916,-0.15559262037277222,0.9994389414787292,0.582032322883606,0.3974418044090271,-0.1850266009569168,0.9996494054794312,0.5674256086349487,0.4036141037940979,-0.09720232337713242,0.9986286163330078,0.5646864771842957,0.4157258868217468,-0.243885338306427,0.9995341300964355,0.5600241422653198,0.3930847644805908,-0.04327553138136864,0.7477502226829529,0.5427932739257812,0.4097146987915039,-0.2574879825115204,0.9574114084243774,0.5641081929206848,0.38408559560775757,-0.07227925211191177,0.6421495079994202,0.5922282338142395,0.4007359445095062,-0.20188264548778534,0.8675205707550049,0.5599583387374878,0.3808979392051697,-0.08201834559440613,0.5162057280540466,0.6061075925827026,0.40040305256843567,-0.21640092134475708,0.7839796543121338,0.5621609091758728,0.38089123368263245,-0.09634456038475037,0.5266128778457642,0.6076245903968811,0.3971904218196869,-0.20632995665073395,0.7682396173477173,0.5650059580802917,0.3825951814651489,-0.08033127337694168,0.5254476070404053,0.602114200592041,0.39654451608657837,-0.19538265466690063,0.7065581679344177,0.5331774353981018,0.4420703053474426,0.04930585250258446,0.9995718598365784,0.5332689881324768,0.44289541244506836,-0.0493711493909359,0.9998503923416138,0.5856242179870605,0.45700061321258545,0.03352224454283714,0.6355836391448975,0.5558578968048096,0.4640955924987793,-0.04682919755578041,0.9680787920951843,0.624395489692688,0.4777148962020874,0.0997009128332138,0.7438306212425232,0.5630053877830505,0.5007070302963257,0.009453700855374336,0.984628438949585,0.6271487474441528,0.4813759922981262,0.10420408099889755,0.7616764903068542,0.5571334362030029,0.50498366355896,0.011698288843035698,0.9659643173217773,0.6450788974761963,0.4799453616142273,0.054601624608039856,0.8058542013168335,0.5500867962837219,0.49950915575027466,-0.05931887403130531,0.9712608456611633
U15_v4,155,1,0.5928986668586731,0.39590537548065186,-0.08560191094875336,0.9972503781318665,0.5856711268424988,0.39176467061042786,-0.08299501240253448,0.9973238706588745,0.5853160619735718,0.3917374014854431,-0.08300003409385681,0.9963611960411072,0.5860036611557007,0.39057254791259766,-0.08297444134950638,0.9972645044326782,0.5854160189628601,0.39176633954048157,-0.1044110581278801,0.9982712268829346,0.5849032402038574,0.3917298913002014,-0.10449802875518799,0.9975082874298096,0.5846115350723267,0.39191362261772156,-0.10462717711925507,0.9982869029045105,0.5734397172927856,0.3910112679004669,-0.056765347719192505,0.9956547021865845,0.5776893496513367,0.3918168246746063,-0.15278974175453186,0.9970937967300415,0.5830840468406677,0.39724332094192505,-0.07154831290245056,0.9954903721809387,0.5827203989028931,0.39708831906318665,-0.10006491094827652,0.9967371821403503,0.5722024440765381,0.40937766432762146,-0.004181556403636932,0.9947592616081238,0.5714148879051208,0.41526639461517334,-0.1782475709915161,0.9993770718574524,0.5622128248214722,0.40005889534950256,0.06366760283708572,0.37194061279296875,0.5577148199081421,0.41440391540527344,-0.19947542250156403,0.8740477561950684,0.5522487759590149,0.39387255907058716,0.08067696541547775,0.18855716288089752,0.5976884365081787,0.4091626703739166,-0.1396201103925705,0.5978915691375732,0.5453494787216187,0.39137768745422363,0.0848294347524643,0.16491270065307617,0.6099883317947388,0.40896302461624146,-0.1531902402639389,0.5265461802482605,0.5487089157104492,0.39157167077064514,0.07177224010229111,0.16986429691314697,0.6106918454170227,0.4063044488430023,-0.14291639626026154,0.5057049989700317,0.5524991750717163,0.3931129276752472,0.07425285130739212,0.17739740014076233,0.6051791310310364,0.40612882375717163,-0.13314588367938995,0.4313561022281647,0.5410474538803101,0.4489692449569702,0.06341397762298584,0.9987964630126953,0.5412172079086304,0.4461778700351715,-0.06364286690950394,0.9996911287307739,0.5909236073493958,0.46128955483436584,0.09209121018648148,0.2322777360677719,0.5666831135749817,0.4693034589290619,-0.046851158142089844,0.9640074968338013,0.6264050006866455,0.4782404601573944,0.16281291842460632,0.47554898262023926,0.5645140409469604,0.5023088455200195,0.011780385859310627,0.9801849722862244,0.6272998452186584,0.4819932281970978,0.1682841181755066,0.5903508067131042,0.5585019588470459,0.5069883465766907,0.015892386436462402,0.9642612338066101,0.6509124636650085,0.47988632321357727,0.13422802090644836,0.6332603096961975,0.5750167369842529,0.5095287561416626,-0.040439508855342865,0.9631022214889526
U15_v4,156,1,0.5928524136543274,0.3959953784942627,-0.08874107152223587,0.9975729584693909,0.5853589177131653,0.39179134368896484,-0.08712960034608841,0.997780978679657,0.5849899053573608,0.39175158739089966,-0.0871352106332779,0.9968751668930054,0.5848082304000854,0.3919183611869812,-0.08710494637489319,0.9976934790611267,0.5851166248321533,0.39181631803512573,-0.10760707408189774,0.9985470175743103,0.5845945477485657,0.39178287982940674,-0.10768786817789078,0.9977916479110718,0.5842956900596619,0.3919758200645447,-0.1078139916062355,0.9984526634216309,0.5730307698249817,0.3910329341888428,-0.06430702656507492,0.9962568283081055,0.575752854347229,0.3939597010612488,-0.1562000960111618,0.9973728656768799,0.5829596519470215,0.39710432291030884,-0.0757804587483406,0.9962289929389954,0.5825461745262146,0.3969700038433075,-0.10311412066221237,0.9972050786018372,0.5708461999893188,0.40861085057258606,-0.016127347946166992,0.9950237274169922,0.5696858167648315,0.41540318727493286,-0.1771850287914276,0.999350368976593,0.5616286396980286,0.39732205867767334,0.046805087476968765,0.4240480661392212,0.5569897890090942,0.4144960045814514,-0.1980021744966507,0.8802936673164368,0.5546082258224487,0.38994285464286804,0.05998130515217781,0.2547723054885864,0.5955665111541748,0.4086377024650574,-0.144034743309021,0.6218363046646118,0.5484127402305603,0.38697537779808044,0.061876554042100906,0.218170627951622,0.6073660850524902,0.4081982374191284,-0.15816563367843628,0.5438206195831299,0.5519375205039978,0.38740265369415283,0.049571651965379715,0.2246273010969162,0.6079916954040527,0.4055117666721344,-0.1483144462108612,0.522495687007904,0.5553756952285767,0.3890542685985565,0.053597256541252136,0.2313324511051178,0.6027515530586243,0.40535643696784973,-0.13800384104251862,0.45274969935417175,0.5397278666496277,0.44826897978782654,0.058685630559921265,0.9990382194519043,0.5409367680549622,0.44640448689460754,-0.0589296892285347,0.9997422099113464,0.5758230090141296,0.4643227756023407,0.08427313715219498,0.2458977848291397,0.5647566318511963,0.4687722325325012,-0.04063735529780388,0.960760235786438,0.6287010312080383,0.47794607281684875,0.1582954078912735,0.5133711099624634,0.5634139776229858,0.5020110011100769,0.02018093504011631,0.9791202545166016,0.6303939819335938,0.48157331347465515,0.16405393183231354,0.614143967628479,0.5582781434059143,0.507012665271759,0.02426823042333126,0.9638996720314026,0.6526076793670654,0.4792545437812805,0.12691453099250793,0.6805784106254578,0.5699678063392639,0.5084857940673828,-0.03378238156437874,0.9643491506576538
U15_v4,157,1,0.584382951259613,0.39197275042533875,-0.2661990821361542,0.9999502897262573,0.5792615413665771,0.3893824815750122,-0.26884523034095764,0.999936580657959,0.578479528427124,0.38913246989250183,-0.2688101530075073,0.9999148845672607,0.5777406096458435,0.3889543414115906,-0.26883894205093384,0.9999407529830933,0.579486608505249,0.39030566811561584,-0.2872682809829712,0.9999620914459229,0.5787894129753113,0.39063936471939087,-0.2874223589897156,0.9999469518661499,0.5780330896377563,0.3909853398799896,-0.2875026762485504,0.9999620914459229,0.569490373134613,0.3902623653411865,-0.2375902682542801,0.999876856803894,0.5695002675056458,0.3926379084587097,-0.32159623503685,0.9999310970306396,0.5800890326499939,0.3932586908340454,-0.24900059401988983,0.9999189376831055,0.5809829235076904,0.39510005712509155,-0.27388739585876465,0.9999369382858276,0.5515005588531494,0.40236884355545044,-0.1495950073003769,0.9997498393058777,0.5711497068405151,0.4123229384422302,-0.30995887517929077,0.9999631643295288,0.5572494268417358,0.41700249910354614,-0.07201209664344788,0.3633943796157837,0.5868566036224365,0.43021172285079956,-0.30406901240348816,0.9433049559593201,0.5553715229034424,0.4268017113208771,-0.06100925803184509,0.32528868317604065,0.611742377281189,0.44728943705558777,-0.2234286516904831,0.7489986419677734,0.5517745018005371,0.4299130439758301,-0.06017744168639183,0.2663792371749878,0.6141710877418518,0.4532022476196289,-0.23683801293373108,0.6942824721336365,0.5517095327377319,0.42941752076148987,-0.0807204321026802,0.2617071866989136,0.6152353882789612,0.4532220661640167,-0.23922713100910187,0.682198703289032,0.5540940761566162,0.4291156828403473,-0.06905017793178558,0.2593547999858856,0.6142255663871765,0.45083436369895935,-0.2221609354019165,0.6271528005599976,0.5200371742248535,0.44225096702575684,0.043932076543569565,0.9997541308403015,0.5246757864952087,0.4485175609588623,-0.04406723752617836,0.9998865127563477,0.5868139266967773,0.45339080691337585,0.043464694172143936,0.806100070476532,0.5801645517349243,0.4599846601486206,-0.026650043204426765,0.967341423034668,0.6644577980041504,0.4781724512577057,0.12519972026348114,0.9173279404640198,0.5691351294517517,0.496042400598526,0.07239414006471634,0.9820812344551086,0.6700325012207031,0.48540034890174866,0.13203184306621552,0.874350905418396,0.564473569393158,0.5033589005470276,0.07816731184720993,0.946520209312439,0.6706526875495911,0.48914211988449097,0.08266191929578781,0.9357002377510071,0.5806338787078857,0.5058510899543762,0.007738551590591669,0.9635639190673828
U15_v4,158,1,0.5884948968887329,0.39161255955696106,-0.18368323147296906,0.9999865293502808,0.5838063955307007,0.3888573944568634,-0.18808753788471222,0.9999825954437256,0.5825772285461426,0.3885500431060791,-0.18807747960090637,0.9999737739562988,0.581153929233551,0.38822922110557556,-0.18810497224330902,0.9999810457229614,0.584519624710083,0.3894297182559967,-0.20315620303153992,0.9999904632568359,0.5838763117790222,0.3894903063774109,-0.20326173305511475,0.9999855756759644,0.5830941200256348,0.38955530524253845,-0.20332424342632294,0.9999897480010986,0.5703273415565491,0.3887955844402313,-0.17221499979496002,0.9999626874923706,0.5737787485122681,0.3903414309024811,-0.24098190665245056,0.9999847412109375,0.5855058431625366,0.3935231566429138,-0.17355139553546906,0.999977707862854,0.5856671333312988,0.39461448788642883,-0.19374455511569977,0.999983549118042,0.5582493543624878,0.3990422785282135,-0.09941833466291428,0.9999241828918457,0.5720177888870239,0.41333892941474915,-0.24962306022644043,0.9999895095825195,0.5840548872947693,0.40256646275520325,-0.05294529348611832,0.554127037525177,0.5812069177627563,0.4379004240036011,-0.23618848621845245,0.9405239224433899,0.6148985624313354,0.40531447529792786,-0.07118179649114609,0.8256852030754089,0.579797625541687,0.4565466344356537,-0.14880691468715668,0.7250864505767822,0.6210834980010986,0.40571215748786926,-0.07311060279607773,0.7683671116828918,0.5755679607391357,0.46159347891807556,-0.15658441185951233,0.6640116572380066,0.621845006942749,0.4062744081020355,-0.09489836543798447,0.7654893398284912,0.5756586790084839,0.46263357996940613,-0.16212289035320282,0.6392149329185486,0.619713306427002,0.407159686088562,-0.08158183097839355,0.7282935380935669,0.5781139135360718,0.46074968576431274,-0.14888887107372284,0.6150201559066772,0.5218868851661682,0.43797698616981506,0.04988887533545494,0.999932050704956,0.5259994864463806,0.4455200433731079,-0.0499563105404377,0.9999697208404541,0.5846222043037415,0.44991472363471985,0.029014190658926964,0.788252592086792,0.5732400417327881,0.4610251188278198,-0.04397968202829361,0.9879317879676819,0.637572705745697,0.481278657913208,0.06530413776636124,0.9293277859687805,0.563039243221283,0.49856674671173096,0.0145122604444623,0.991229772567749,0.6408164501190186,0.4877302646636963,0.06708897650241852,0.926853358745575,0.5590541362762451,0.504073977470398,0.01603534072637558,0.9722956418991089,0.6736552715301514,0.48620539903640747,0.021557364612817764,0.9512582421302795,0.57909095287323,0.5085477232933044,-0.04981841519474983,0.977381706237793
U15_v4,159,1,0.5915555357933044,0.39262017607688904,-0.5237889885902405,0.9999608993530273,0.5886301398277283,0.3900662064552307,-0.5210667252540588,0.9999229907989502,0.588274359703064,0.3899552524089813,-0.521023690700531,0.9999150037765503,0.5880376100540161,0.38992345333099365,-0.5211741328239441,0.9999228715896606,0.5874934792518616,0.39032721519470215,-0.5289915204048157,0.9999333620071411,0.5850886106491089,0.3898847699165344,-0.5291140079498291,0.9998953342437744,0.5832151174545288,0.39022260904312134,-0.5290948152542114,0.9998782873153687,0.5814388394355774,0.39087092876434326,-0.44632086157798767,0.9998683929443359,0.5739747881889343,0.3905660808086395,-0.4797463119029999,0.9998565912246704,0.5888255834579468,0.39400625228881836,-0.48938941955566406,0.9999085664749146,0.586410641670227,0.3949739336967468,-0.4995907247066498,0.999882698059082,0.5871161818504333,0.40623244643211365,-0.3240271508693695,0.9999735355377197,0.5362193584442139,0.3994823396205902,-0.3776867985725403,0.9999158382415771,0.6251153945922852,0.42800211906433105,-0.28590714931488037,0.9883139133453369,0.5353320240974426,0.3984999656677246,-0.29641860723495483,0.9455405473709106,0.6679659485816956,0.44371333718299866,-0.3443082869052887,0.9932897686958313,0.5749713182449341,0.4031667113304138,-0.19717994332313538,0.9312343001365662,0.6864959001541138,0.43839356303215027,-0.3642248213291168,0.9841098189353943,0.5807007551193237,0.40576469898223877,-0.1987343430519104,0.8764917254447937,0.6807239651679993,0.4387870132923126,-0.3894421458244324,0.9872051477432251,0.5876035690307617,0.4053022861480713,-0.2093161940574646,0.8815639615058899,0.6717138886451721,0.4374846816062927,-0.3564099967479706,0.9839030504226685,0.585073709487915,0.4037648141384125,-0.19798919558525085,0.8742613196372986,0.538193941116333,0.4318124055862427,0.0021388328168541193,0.9999812841415405,0.502974271774292,0.43196138739585876,-0.001983997179195285,0.9999828338623047,0.596189558506012,0.4503505229949951,-0.09287428110837936,0.9926233291625977,0.5199424624443054,0.44500988721847534,0.010269702412188053,0.9518252015113831,0.6822937726974487,0.48137176036834717,-0.05957956612110138,0.9949951171875,0.5035227537155151,0.47844773530960083,0.19838617742061615,0.9695320129394531,0.690602719783783,0.4886729121208191,-0.057875946164131165,0.9831086993217468,0.5037747025489807,0.48338139057159424,0.21248966455459595,0.9162561297416687,0.7027423977851868,0.49520954489707947,-0.14519035816192627,0.9930917024612427,0.49580153822898865,0.4886358380317688,0.12491005659103394,0.9459456205368042
U15_v4,160,1,0.5910403728485107,0.3924136161804199,-0.5111861228942871,0.9999902248382568,0.5891440510749817,0.3901090621948242,-0.5085582733154297,0.9999825954437256,0.5888471603393555,0.3900362551212311,-0.5084969997406006,0.9999834299087524,0.5885740518569946,0.38995254039764404,-0.5086562037467957,0.9999823570251465,0.5879267454147339,0.3901013731956482,-0.5102366805076599,0.9999823570251465,0.585987389087677,0.3898433744907379,-0.5103828310966492,0.9999760389328003,0.5846818685531616,0.389733225107193,-0.5103459358215332,0.9999712705612183,0.5814144015312195,0.3904072940349579,-0.43827447295188904,0.9999808073043823,0.5751990079879761,0.3901045322418213,-0.4418793022632599,0.9999778270721436,0.5873581767082214,0.3950195014476776,-0.47994932532310486,0.9999771118164062,0.5860821008682251,0.39493733644485474,-0.4813385605812073,0.9999719858169556,0.5936010479927063,0.411079466342926,-0.31897908449172974,0.9999880790710449,0.5346235632896423,0.3988674283027649,-0.3360162079334259,0.9999749660491943,0.6294819116592407,0.43091320991516113,-0.27739202976226807,0.9960185885429382,0.5090111494064331,0.39888614416122437,-0.20380884408950806,0.8805146217346191,0.670579731464386,0.4468547999858856,-0.3073078989982605,0.9938430786132812,0.5210760235786438,0.40189898014068604,-0.06070174649357796,0.8757333755493164,0.6895174980163574,0.43938201665878296,-0.31972551345825195,0.9839695692062378,0.5198251605033875,0.4027975797653198,-0.04815235361456871,0.7967706918716431,0.6802247762680054,0.43967536091804504,-0.3432101607322693,0.9866532683372498,0.5269283056259155,0.40346759557724,-0.06635283678770065,0.8090718984603882,0.6761857867240906,0.4388958513736725,-0.3185330629348755,0.9835002422332764,0.5278347134590149,0.4027666747570038,-0.0637514591217041,0.8231912851333618,0.5408077836036682,0.435596764087677,-0.005319373682141304,0.9999562501907349,0.5037544369697571,0.43422654271125793,0.005637774243950844,0.9999734163284302,0.5951945781707764,0.45542821288108826,-0.11182914674282074,0.9958972930908203,0.5294511914253235,0.45633605122566223,-0.047032177448272705,0.9668508768081665,0.6824365258216858,0.48322516679763794,-0.10310108214616776,0.9967613816261292,0.5257114171981812,0.4916554391384125,0.10708596557378769,0.966805100440979,0.6873605251312256,0.4905359148979187,-0.10552261024713516,0.9861608743667603,0.5280584692955017,0.4971178472042084,0.11675557494163513,0.9312753677368164,0.6924087405204773,0.49763670563697815,-0.19850139319896698,0.9948961138725281,0.5150620937347412,0.5008127689361572,0.01973925530910492,0.9522088766098022
U15_v4,161,1,0.5947869420051575,0.3908419907093048,-0.2360522300004959,0.9999574422836304,0.589667797088623,0.38846105337142944,-0.23570388555526733,0.9999440908432007,0.5888978242874146,0.3882611393928528,-0.23568175733089447,0.9999145269393921,0.5879950523376465,0.38807031512260437,-0.23573237657546997,0.9999442100524902,0.5896632075309753,0.38911908864974976,-0.2503102421760559,0.9999674558639526,0.5886756777763367,0.3892207145690918,-0.2503967583179474,0.999948263168335,0.5870330333709717,0.38913825154304504,-0.25042805075645447,0.9999580383300781,0.5798938274383545,0.39010515809059143,-0.19942092895507812,0.9998972415924072,0.5784783363342285,0.39103570580482483,-0.265345960855484,0.9999226331710815,0.5935087203979492,0.39272886514663696,-0.21821337938308716,0.9998949766159058,0.5919067859649658,0.3941878378391266,-0.23777133226394653,0.9998922348022461,0.5749367475509644,0.40233010053634644,-0.12078782916069031,0.9996223449707031,0.579262912273407,0.41474980115890503,-0.26535138487815857,0.9999212026596069,0.6129237413406372,0.40429893136024475,-0.07617256045341492,0.518828809261322,0.6063010692596436,0.43050098419189453,-0.2743053734302521,0.9011170864105225,0.6521094441413879,0.4031825661659241,-0.09858367592096329,0.7168704271316528,0.6351202130317688,0.43805134296417236,-0.2219049483537674,0.6669939160346985,0.6599196195602417,0.40241894125938416,-0.10359662771224976,0.6230177879333496,0.6386714577674866,0.4412822723388672,-0.23792941868305206,0.581404447555542,0.6608073711395264,0.40278297662734985,-0.1218419075012207,0.6222652792930603,0.63918137550354,0.44029203057289124,-0.23734918236732483,0.5627568960189819,0.6585716605186462,0.40402349829673767,-0.10822855681180954,0.615329921245575,0.6376605033874512,0.43852370977401733,-0.22126902639865875,0.5285851359367371,0.5376200675964355,0.4435358941555023,0.041625406593084335,0.9999027252197266,0.5336819291114807,0.449467271566391,-0.04173378273844719,0.9999481439590454,0.6021608710289001,0.45937472581863403,0.04559960961341858,0.8563677668571472,0.5674600601196289,0.46900132298469543,0.02066279947757721,0.9827702045440674,0.6765666604042053,0.4815717339515686,0.12702767550945282,0.9225886464118958,0.5607444047927856,0.5012668371200562,0.1239924356341362,0.9925976991653442,0.6564022302627563,0.4908815622329712,0.13377197086811066,0.9006381630897522,0.5532293915748596,0.5077006816864014,0.13040019571781158,0.9763017296791077,0.6853821277618408,0.493290513753891,0.08781005442142487,0.9415281414985657,0.550287127494812,0.5076366662979126,0.06373928487300873,0.981147825717926
U15_v4,162,1,0.5896580219268799,0.39091742038726807,-0.4568270742893219,0.999832272529602,0.5858462452888489,0.3900609016418457,-0.462520569562912,0.9998403787612915,0.5844359993934631,0.3894328773021698,-0.4624474048614502,0.9997393488883972,0.5835329294204712,0.38897451758384705,-0.4624721109867096,0.9998524188995361,0.5867851376533508,0.39120545983314514,-0.4768618941307068,0.9999446868896484,0.586688756942749,0.39160260558128357,-0.47703081369400024,0.999921441078186,0.585256040096283,0.39329075813293457,-0.477139413356781,0.9999591112136841,0.5753930807113647,0.3907935321331024,-0.40955451130867004,0.9995855689048767,0.5800135135650635,0.39672836661338806,-0.47604551911354065,0.999823272228241,0.5878109931945801,0.3912093937397003,-0.42870625853538513,0.9994687438011169,0.5882987976074219,0.3947826623916626,-0.44862058758735657,0.9997019171714783,0.5498101711273193,0.38819101452827454,-0.2815433144569397,0.9988558292388916,0.5868989825248718,0.4211883842945099,-0.3978933095932007,0.9999628067016602,0.5319864153862,0.3727898895740509,-0.13214156031608582,0.9367068409919739,0.6202715635299683,0.44206902384757996,-0.3925476670265198,0.9973403811454773,0.5105128884315491,0.3594762682914734,-0.029849709942936897,0.905668318271637,0.6470640301704407,0.4568871855735779,-0.39015910029411316,0.9787940979003906,0.5000674724578857,0.3552914261817932,-0.0160481296479702,0.8407884836196899,0.6501213312149048,0.4621865153312683,-0.416101336479187,0.9614620208740234,0.5006189942359924,0.3565206527709961,-0.030996566638350487,0.8317499160766602,0.6501688957214355,0.46044859290122986,-0.41864392161369324,0.9580567479133606,0.5068751573562622,0.35922160744667053,-0.030054831877350807,0.7889638543128967,0.649905800819397,0.4578021168708801,-0.38937655091285706,0.9313374161720276,0.5178154110908508,0.4301462471485138,0.04800819978117943,0.9998478889465332,0.534371018409729,0.4438040554523468,-0.048334792256355286,0.9999476671218872,0.5555069446563721,0.4410715401172638,0.10442811995744705,0.5558444857597351,0.5888586640357971,0.460124671459198,0.05515384301543236,0.9663839340209961,0.5818368196487427,0.4695967435836792,0.24914546310901642,0.8756623268127441,0.62830650806427,0.4970756471157074,0.1621571183204651,0.9909999966621399,0.5880087614059448,0.4744982421398163,0.2654982805252075,0.9078134894371033,0.6332827806472778,0.5036338567733765,0.17127545177936554,0.9760878086090088,0.5967347621917725,0.47678616642951965,0.2385421097278595,0.9100324511528015,0.6498329639434814,0.5016621947288513,0.11962977796792984,0.9768581390380859
U15_v4,163,1,0.5902973413467407,0.3901599049568176,-0.48082587122917175,0.9998217225074768,0.5863659977912903,0.3895919919013977,-0.4841221570968628,0.9997982382774353,0.5846784114837646,0.3889145851135254,-0.48403802514076233,0.9997149109840393,0.583639919757843,0.3884965777397156,-0.4840693473815918,0.9998146891593933,0.5875638127326965,0.3907926082611084,-0.497817724943161,0.999924898147583,0.5861161947250366,0.39256346225738525,-0.4979912042617798,0.9999086856842041,0.587132453918457,0.39355385303497314,-0.4980992376804352,0.9999449253082275,0.573265790939331,0.39162111282348633,-0.4185914099216461,0.9995081424713135,0.5822922587394714,0.39723315834999084,-0.483283668756485,0.9997814297676086,0.5880872011184692,0.3904068171977997,-0.44830167293548584,0.9991975426673889,0.5913261771202087,0.3925297260284424,-0.4677564799785614,0.9995601773262024,0.5452778935432434,0.38858410716056824,-0.2829150855541229,0.9981695413589478,0.589672863483429,0.4212949872016907,-0.3947036862373352,0.9999297857284546,0.5251955389976501,0.37600448727607727,-0.12457696348428726,0.933219850063324,0.6293058395385742,0.43754202127456665,-0.38893312215805054,0.9978164434432983,0.5022391676902771,0.3623313307762146,-0.012651192024350166,0.8993090987205505,0.6790484189987183,0.4380926787853241,-0.3899860978126526,0.9893352389335632,0.49115559458732605,0.3579445779323578,0.0032067387364804745,0.8362563848495483,0.6835913062095642,0.44279584288597107,-0.41605624556541443,0.9813831448554993,0.49266669154167175,0.3597509562969208,-0.011108669452369213,0.8243027329444885,0.6827934980392456,0.44147855043411255,-0.4170578420162201,0.9799509048461914,0.49962088465690613,0.3625474274158478,-0.012084044516086578,0.7807379364967346,0.6746921539306641,0.44062837958335876,-0.38879862427711487,0.9620634913444519,0.516663670539856,0.42939937114715576,0.04402096942067146,0.9997395873069763,0.5350241661071777,0.4437268078327179,-0.044374674558639526,0.9999279975891113,0.547548234462738,0.4391694962978363,0.1471109837293625,0.48104286193847656,0.5916371941566467,0.4675696790218353,0.0803171768784523,0.9636436700820923,0.5718709826469421,0.4640956521034241,0.3215506374835968,0.8490842580795288,0.6149112582206726,0.4985421299934387,0.22128336131572723,0.9923460483551025,0.5777784585952759,0.4689459204673767,0.34107449650764465,0.8858130574226379,0.6186090111732483,0.5051793456077576,0.23456624150276184,0.9779233336448669,0.5857467651367188,0.4697004556655884,0.31713980436325073,0.8662192821502686,0.6327875256538391,0.5025340914726257,0.18228653073310852,0.9749807715415955
U15_v4,164,1,0.5970154404640198,0.3898877203464508,-0.6844236254692078,0.9999841451644897,0.5903732180595398,0.3912423253059387,-0.6841908693313599,0.999987006187439,0.58856600522995,0.39052268862724304,-0.684114933013916,0.9999809265136719,0.5876744389533997,0.3903164267539978,-0.6842166781425476,0.9999854564666748,0.5926982164382935,0.3927956819534302,-0.6939017176628113,0.9999924898147583,0.5924806594848633,0.3930794596672058,-0.6940543055534363,0.9999896287918091,0.5926421284675598,0.39341089129447937,-0.6941225528717041,0.9999940395355225,0.5783112049102783,0.3919065296649933,-0.5835438370704651,0.9999492168426514,0.584138035774231,0.3977283537387848,-0.6308866143226624,0.9999843835830688,0.5946081280708313,0.3898243010044098,-0.6374661922454834,0.9999492168426514,0.5983889698982239,0.3915700316429138,-0.6520751118659973,0.9999794960021973,0.5450161695480347,0.3812260031700134,-0.4107308089733124,0.9993836879730225,0.5918592810630798,0.41310060024261475,-0.47890517115592957,0.9999251365661621,0.5106982588768005,0.36515313386917114,-0.25952738523483276,0.9722577929496765,0.6217116713523865,0.4254801869392395,-0.42051488161087036,0.9970909357070923,0.513398289680481,0.35620805621147156,-0.17128877341747284,0.9362863302230835,0.6735979914665222,0.43785980343818665,-0.3891581594944,0.9854394793510437,0.508926272392273,0.35331282019615173,-0.1714327186346054,0.8950405120849609,0.6768664717674255,0.4434097707271576,-0.4091964662075043,0.9759833216667175,0.5103074312210083,0.35639846324920654,-0.18774425983428955,0.884046733379364,0.675000011920929,0.4433327317237854,-0.4163820743560791,0.9737523794174194,0.5151475071907043,0.35834211111068726,-0.17220254242420197,0.8368972539901733,0.6746842861175537,0.44078439474105835,-0.38845914602279663,0.9530549645423889,0.5130941867828369,0.41331127285957336,0.03538179397583008,0.9999029636383057,0.5307373404502869,0.4276432693004608,-0.03548925742506981,0.9999752044677734,0.5232332944869995,0.42990684509277344,0.14672809839248657,0.8276576995849609,0.580000102519989,0.4626915752887726,0.028847647830843925,0.969192385673523,0.5125570297241211,0.4617811441421509,0.4523527920246124,0.9428982138633728,0.6162829995155334,0.49867165088653564,0.2262895703315735,0.9945612549781799,0.512975811958313,0.4665975272655487,0.48420485854148865,0.9103101491928101,0.6192888021469116,0.5059521794319153,0.2457144558429718,0.9764049053192139,0.516190767288208,0.46983620524406433,0.44424447417259216,0.8978187441825867,0.6472272276878357,0.5037822723388672,0.16851043701171875,0.9805364608764648
U15_v4,165,1,0.5985859036445618,0.39104562997817993,-0.6187640428543091,0.99996018409729,0.5896246433258057,0.3914155960083008,-0.6216440200805664,0.9999696016311646,0.5887535810470581,0.39127692580223083,-0.6215645670890808,0.999955415725708,0.5868974328041077,0.39037036895751953,-0.6216472387313843,0.9999669790267944,0.5923217535018921,0.39296263456344604,-0.6312597990036011,0.9999825954437256,0.5922055244445801,0.39318525791168213,-0.6314074397087097,0.9999761581420898,0.5925142765045166,0.39344754815101624,-0.6314781308174133,0.9999860525131226,0.5778915882110596,0.3918558359146118,-0.5388076901435852,0.999891996383667,0.5838976502418518,0.3979223072528839,-0.5845330357551575,0.9999570846557617,0.5944969058036804,0.38984063267707825,-0.5781944394111633,0.9998728036880493,0.5987095236778259,0.3914785385131836,-0.592396080493927,0.999936580657959,0.5504908561706543,0.3800509572029114,-0.3799276053905487,0.9992814660072327,0.5925402641296387,0.41370904445648193,-0.447139710187912,0.9999077320098877,0.517916202545166,0.364745557308197,-0.21559542417526245,0.9783238768577576,0.6253952383995056,0.4277677536010742,-0.38720500469207764,0.9971753358840942,0.5164875388145447,0.35635003447532654,-0.10371161252260208,0.9475225806236267,0.672925591468811,0.4377236068248749,-0.354973167181015,0.9861187934875488,0.5107237100601196,0.35345616936683655,-0.09749343246221542,0.9067198038101196,0.6764249801635742,0.44324177503585815,-0.3729783296585083,0.9746391177177429,0.5117495059967041,0.3556632399559021,-0.11354036629199982,0.8991580009460449,0.6746143102645874,0.44308263063430786,-0.37949809432029724,0.9726989269256592,0.5168613195419312,0.35750409960746765,-0.10336124897003174,0.8544914722442627,0.6742935180664062,0.4405878186225891,-0.3538285195827484,0.9537595510482788,0.5162917375564575,0.4128912091255188,0.031215254217386246,0.9998862743377686,0.5313425660133362,0.4282771646976471,-0.03128673881292343,0.9999594688415527,0.5369677543640137,0.43214255571365356,0.09232497215270996,0.846153736114502,0.5735891461372375,0.46360549330711365,0.035676587373018265,0.9645022749900818,0.5416934490203857,0.46661531925201416,0.33011409640312195,0.9577620625495911,0.6113308668136597,0.4981335401535034,0.20042897760868073,0.9929846525192261,0.5444632172584534,0.4717996418476105,0.3553463816642761,0.9431914687156677,0.615674614906311,0.504830002784729,0.2159556746482849,0.9748710989952087,0.5507887005805969,0.4759869873523712,0.3107655942440033,0.9272573590278625,0.640030562877655,0.5042845010757446,0.14002832770347595,0.9771678447723389
U15_v4,166,1,0.5968835949897766,0.3920214772224426,-0.2671213150024414,0.9995686411857605,0.5916606783866882,0.389982134103775,-0.2660558819770813,0.9992913007736206,0.5909665822982788,0.38981303572654724,-0.26603052020072937,0.9989824891090393,0.5893718600273132,0.3893057703971863,-0.2660972476005554,0.9994245767593384,0.5912460088729858,0.3905476927757263,-0.2848651111125946,0.9996349811553955,0.5896596312522888,0.3904855251312256,-0.28499239683151245,0.9995049238204956,0.5885952115058899,0.39056316018104553,-0.2850741147994995,0.9996870756149292,0.5811418294906616,0.3912402093410492,-0.2214365452528,0.9985520243644714,0.5808970332145691,0.3923776149749756,-0.30693620443344116,0.9989940524101257,0.5953009128570557,0.39434969425201416,-0.24539458751678467,0.9984448552131653,0.5943809747695923,0.3949209451675415,-0.2706384062767029,0.9988259673118591,0.5766109228134155,0.40098583698272705,-0.12669749557971954,0.9951086640357971,0.5835660696029663,0.4111569821834564,-0.3112739026546478,0.9997512698173523,0.6089572310447693,0.4101219177246094,-0.05797851085662842,0.17903096973896027,0.6284045577049255,0.4302786886692047,-0.3449263274669647,0.9656418561935425,0.6350758075714111,0.41582009196281433,-0.055968012660741806,0.14449115097522736,0.6757211089134216,0.4379359781742096,-0.31787577271461487,0.8663469552993774,0.641120433807373,0.41603758931159973,-0.05184309929609299,0.1310892403125763,0.6889951229095459,0.44467511773109436,-0.3451010286808014,0.8126498460769653,0.6409940123558044,0.416422963142395,-0.07495028525590897,0.13359718024730682,0.680433988571167,0.44105562567710876,-0.3390118181705475,0.8054415583610535,0.6393418312072754,0.41742873191833496,-0.06547003239393234,0.14571714401245117,0.6778438091278076,0.44047975540161133,-0.3154848515987396,0.7379804849624634,0.5376299023628235,0.4404357075691223,0.05530303344130516,0.999184787273407,0.5329787731170654,0.44635793566703796,-0.055404700338840485,0.9997153878211975,0.5961418151855469,0.4627198278903961,0.07198348641395569,0.646838903427124,0.5729796886444092,0.4669730067253113,-0.02554449439048767,0.9833521246910095,0.625307559967041,0.48654627799987793,0.15223053097724915,0.8581423759460449,0.5594127178192139,0.501885712146759,0.0655951201915741,0.9921703934669495,0.6260881423950195,0.4906920790672302,0.159274622797966,0.8272544741630554,0.5507760643959045,0.5062404870986938,0.07190564274787903,0.9716771245002747,0.6500846743583679,0.4916555881500244,0.12428942322731018,0.9023156762123108,0.5632177591323853,0.5073255300521851,0.02029580809175968,0.9797871112823486
U15_v4,167,0,,,,,,,,,,,,,,,,,,,,,,,,,,,,,,,,,,,,,,,,,,,,,,,,,,,,,,,,,,,,,,,,,,,,,,,,,,,,,,,,,,,,,,,,,,,,,,,,,,,,,,,,,,,,,,,,,,,,,,,,,,,,,,,,,,,,
U15_v4,168,0,,,,,,,,,,,,,,,,,,,,,,,,,,,,,,,,,,,,,,,,,,,,,,,,,,,,,,,,,,,,,,,,,,,,,,,,,,,,,,,,,,,,,,,,,,,,,,,,,,,,,,,,,,,,,,,,,,,,,,,,,,,,,,,,,,,,
U15_v4,169,1,0.6209285855293274,0.38702014088630676,-0.36953890323638916,0.9998238682746887,0.61677086353302,0.3871517479419708,-0.3686828017234802,0.9996567964553833,0.6167377233505249,0.38716280460357666,-0.36863213777542114,0.999517560005188,0.6177105903625488,0.3871006369590759,-0.3686939775943756,0.999691367149353,0.6186565160751343,0.38710612058639526,-0.38785961270332336,0.9998408555984497,0.6196628212928772,0.38707154989242554,-0.3879794776439667,0.9997779726982117,0.6128153204917908,0.3858429193496704,-0.3880513906478882,0.9998424053192139,0.6125460863113403,0.38668739795684814,-0.3092157542705536,0.9988877177238464,0.6065500974655151,0.3854653537273407,-0.3965877592563629,0.9995529055595398,0.6147178411483765,0.39063456654548645,-0.3406212329864502,0.9994390606880188,0.6163270473480225,0.3905890882015228,-0.3665090799331665,0.9996761083602905,0.5985682010650635,0.3941701650619507,-0.19229590892791748,0.9989474415779114,0.5976917743682861,0.39889413118362427,-0.3651779592037201,0.9999328851699829,0.6003488302230835,0.4114804267883301,-0.08738160133361816,0.29445844888687134,0.6219617128372192,0.42023882269859314,-0.3771565556526184,0.9898468852043152,0.6112160682678223,0.4229305386543274,-0.06479925662279129,0.27373039722442627,0.6748001575469971,0.43669191002845764,-0.3439096510410309,0.9689679145812988,0.6129574179649353,0.42599809169769287,-0.0616312138736248,0.2393994927406311,0.6819908618927002,0.44095486402511597,-0.36496222019195557,0.9525266885757446,0.6151054501533508,0.4251038134098053,-0.08563271164894104,0.2459716647863388,0.6824045181274414,0.4410441219806671,-0.36416736245155334,0.9501933455467224,0.6150240302085876,0.42489078640937805,-0.07317551225423813,0.24673590064048767,0.6790446639060974,0.4397408962249756,-0.34109702706336975,0.9140546917915344,0.5663546323776245,0.42998677492141724,0.04549244046211243,0.999019980430603,0.5551298260688782,0.4340316653251648,-0.045529186725616455,0.9994506239891052,0.6056734323501587,0.46037742495536804,-0.008918014355003834,0.9164198040962219,0.5750327110290527,0.46112164855003357,-0.027126703411340714,0.978312611579895,0.6402246952056885,0.49390488862991333,0.03993232548236847,0.9667268395423889,0.5547586679458618,0.5002567172050476,0.05527868866920471,0.9906044602394104,0.6403083801269531,0.49964791536331177,0.042378440499305725,0.9371681213378906,0.5497511029243469,0.5046694278717041,0.05846850201487541,0.9574972987174988,0.671500563621521,0.503341019153595,-0.023151129484176636,0.9705087542533875,0.5640828013420105,0.49867281317710876,-0.02150489017367363,0.9782344698905945
U15_v4,170,1,0.6211905479431152,0.38704150915145874,-0.3632492125034332,0.9998100399971008,0.627432644367218,0.3830093741416931,-0.36253875494003296,0.9996250867843628,0.6278612017631531,0.38288450241088867,-0.36249399185180664,0.9994749426841736,0.6291143298149109,0.38266900181770325,-0.36255720257759094,0.9996637105941772,0.6189944744110107,0.3871067762374878,-0.38149675726890564,0.9998179078102112,0.6199573278427124,0.38707664608955383,-0.3816123604774475,0.9997448325157166,0.6130422353744507,0.3858474791049957,-0.3816854655742645,0.9998176693916321,0.6126003265380859,0.38665449619293213,-0.3039293587207794,0.9987660646438599,0.6065530776977539,0.38549286127090454,-0.3905087113380432,0.9994921684265137,0.6150446534156799,0.3906533122062683,-0.33466681838035583,0.9994175434112549,0.6165826916694641,0.3906053304672241,-0.360308438539505,0.9996660947799683,0.6000229120254517,0.39439448714256287,-0.18893033266067505,0.9990560412406921,0.598341703414917,0.3984297513961792,-0.36101168394088745,0.9999369382858276,0.6034678220748901,0.41201889514923096,-0.09316464513540268,0.327230840921402,0.6224517822265625,0.4197394847869873,-0.3738667666912079,0.9883846044540405,0.6195091009140015,0.42457130551338196,-0.08295965194702148,0.33198511600494385,0.6748501062393188,0.4365701377391815,-0.34108200669288635,0.9681699872016907,0.6233041286468506,0.42775264382362366,-0.08199197798967361,0.29091477394104004,0.6792466044425964,0.44105467200279236,-0.3622916340827942,0.9514795541763306,0.6255589127540588,0.42712172865867615,-0.1066351905465126,0.300691157579422,0.6824918389320374,0.4409615993499756,-0.36161765456199646,0.9491612911224365,0.6244611144065857,0.42686620354652405,-0.09217654913663864,0.2994791567325592,0.6790924668312073,0.4396671652793884,-0.3384339511394501,0.9141146540641785,0.5672256350517273,0.4300532341003418,0.04581981152296066,0.9989945292472839,0.5556211471557617,0.4340673089027405,-0.04586554691195488,0.9994389414787292,0.6071696281433105,0.46061983704566956,-0.0016446781810373068,0.911453127861023,0.5762386918067932,0.46117737889289856,-0.02673010714352131,0.9789966344833374,0.6408942937850952,0.4940307140350342,0.047724924981594086,0.9654315710067749,0.554701030254364,0.5002939701080322,0.05683630332350731,0.9906762838363647,0.6408042907714844,0.49973925948143005,0.05017299950122833,0.9344335198402405,0.5497516989707947,0.5046385526657104,0.060275331139564514,0.9582757353782654,0.6719199419021606,0.5033905506134033,-0.01439361460506916,0.9690857529640198,0.5649027824401855,0.4991278648376465,-0.0186419989913702,0.9780006408691406
U15_v4,171,1,0.6010662913322449,0.39349567890167236,-0.44396668672561646,0.9999734163284302,0.5974054336547852,0.3917962610721588,-0.44114163517951965,0.9999520778656006,0.5969310998916626,0.39170894026756287,-0.4411318600177765,0.999931812286377,0.5965043902397156,0.3916430175304413,-0.4412330090999603,0.9999595880508423,0.5971992015838623,0.39217546582221985,-0.45795050263404846,0.9999761581420898,0.59639573097229,0.39263394474983215,-0.4580543041229248,0.9999619722366333,0.5957880616188049,0.39288973808288574,-0.458080917596817,0.999969482421875,0.5880391597747803,0.3932497501373291,-0.37464556097984314,0.9998931884765625,0.5879470109939575,0.39492151141166687,-0.45132163166999817,0.9999445676803589,0.6005555987358093,0.3967289626598358,-0.41352716088294983,0.9998756647109985,0.5988785028457642,0.3967166543006897,-0.4361777603626251,0.9999028444290161,0.5935195088386536,0.3988959491252899,-0.2707459330558777,0.999072790145874,0.582621157169342,0.4158017933368683,-0.42165762186050415,0.9998514652252197,0.6431207060813904,0.39041417837142944,-0.2590235769748688,0.8283115029335022,0.6209681034088135,0.42970010638237,-0.4485352635383606,0.9689013957977295,0.6809096932411194,0.3814566731452942,-0.3172241449356079,0.8691297173500061,0.6445447206497192,0.42919886112213135,-0.4393216371536255,0.8573294878005981,0.690014660358429,0.3780598044395447,-0.3376658856868744,0.8040646314620972,0.6464802026748657,0.43042245507240295,-0.47107836604118347,0.785326361656189,0.68682461977005,0.3792579472064972,-0.3555911183357239,0.8082085251808167,0.6461781859397888,0.4284931421279907,-0.47463667392730713,0.7782026529312134,0.6841287612915039,0.38168275356292725,-0.3283037841320038,0.8013065457344055,0.6447895765304565,0.4273100793361664,-0.4421335458755493,0.7376666069030762,0.5658973455429077,0.4379509389400482,0.05404709652066231,0.9996178150177002,0.5499989986419678,0.4461301863193512,-0.05410599336028099,0.9998548030853271,0.6291571259498596,0.4578973650932312,0.025775231420993805,0.850330650806427,0.5753974318504333,0.4721832573413849,-0.024113286286592484,0.9852541089057922,0.6973304152488708,0.48606178164482117,0.09760691225528717,0.9152559041976929,0.5520670413970947,0.5028159618377686,0.08855316787958145,0.9926196932792664,0.703704297542572,0.49185711145401,0.10240297764539719,0.8963115215301514,0.5448852181434631,0.5062340497970581,0.09547754377126694,0.9740930795669556,0.7265967130661011,0.4836270213127136,0.04196241870522499,0.9355349540710449,0.5617436170578003,0.5120104551315308,0.014361247420310974,0.9801183938980103
U15_v4,172,1,0.6099092364311218,0.39257749915122986,-0.27247506380081177,0.9998577833175659,0.6056535840034485,0.3898027241230011,-0.2649996876716614,0.9997972846031189,0.6056060791015625,0.38974079489707947,-0.26498010754585266,0.9997220635414124,0.6057090163230896,0.38975024223327637,-0.26503947377204895,0.9997853636741638,0.6051371097564697,0.3900435268878937,-0.28852054476737976,0.9998706579208374,0.6047981977462769,0.39011266827583313,-0.28864002227783203,0.9998281002044678,0.6020239591598511,0.38973063230514526,-0.2886914908885956,0.9998425245285034,0.5984576940536499,0.3913821280002594,-0.20570532977581024,0.9996901750564575,0.5966589450836182,0.3917364478111267,-0.3127140402793884,0.9997848868370056,0.6071014404296875,0.39533698558807373,-0.24672755599021912,0.9993383288383484,0.6064764857292175,0.3956874907016754,-0.27807167172431946,0.9994295239448547,0.6008298993110657,0.4043871760368347,-0.12353795766830444,0.9964818954467773,0.5897031426429749,0.40723615884780884,-0.3271482586860657,0.9995563626289368,0.6406480073928833,0.4006687104701996,-0.08048515766859055,0.41583311557769775,0.6159776449203491,0.4156530499458313,-0.3573754131793976,0.8999577760696411,0.6558833122253418,0.3917023837566376,-0.10301105678081512,0.44861912727355957,0.6347959637641907,0.40839916467666626,-0.2893890142440796,0.5956714153289795,0.6573198437690735,0.3887430429458618,-0.10391497611999512,0.39813536405563354,0.6375002264976501,0.4073335826396942,-0.3054896593093872,0.5198416113853455,0.654367208480835,0.3865779936313629,-0.11781485378742218,0.40445250272750854,0.6367132067680359,0.4058978259563446,-0.29842835664749146,0.497379869222641,0.6547850370407104,0.3881544768810272,-0.11089245229959488,0.4104667901992798,0.6354974508285522,0.40598177909851074,-0.2853076457977295,0.4531630277633667,0.5781228542327881,0.44530215859413147,0.05960268899798393,0.9990769624710083,0.562531590461731,0.4483030438423157,-0.05962323024868965,0.9996271133422852,0.6342390775680542,0.4644011855125427,0.02223631925880909,0.7581247687339783,0.5785804390907288,0.4763912856578827,-0.05782158300280571,0.9900828003883362,0.6985056400299072,0.4872196316719055,0.05326825752854347,0.8713210821151733,0.5494043231010437,0.5030863285064697,0.0005584390019066632,0.9942654967308044,0.704045295715332,0.4938805401325226,0.053619589656591415,0.8876667618751526,0.54108065366745,0.5074111223220825,0.001703851274214685,0.9841600060462952,0.7255762815475464,0.48310112953186035,0.0023892216850072145,0.8932148218154907,0.5604058504104614,0.5121567249298096,-0.07279155403375626,0.9792394638061523
U15_v4,173,1,0.6094809770584106,0.3924676179885864,-0.2773013412952423,0.9998950958251953,0.6052197813987732,0.38978803157806396,-0.2694016098976135,0.9998408555984497,0.6052529811859131,0.3897393047809601,-0.26938164234161377,0.9997782111167908,0.6054533123970032,0.38976600766181946,-0.2694339454174042,0.9998308420181274,0.6046555042266846,0.3900493383407593,-0.2926400899887085,0.9999048709869385,0.6043717265129089,0.39014706015586853,-0.2927597761154175,0.9998729228973389,0.6014899611473083,0.38977980613708496,-0.29281139373779297,0.9998912811279297,0.5986075401306152,0.39140957593917847,-0.2097160369157791,0.9997420907020569,0.596431314945221,0.3918584883213043,-0.31535032391548157,0.9998705387115479,0.6068926453590393,0.39518147706985474,-0.2514214813709259,0.9994513392448425,0.6062197089195251,0.3955589830875397,-0.2823503613471985,0.9995890259742737,0.6011533737182617,0.4042896628379822,-0.1321452260017395,0.9964296221733093,0.5886881351470947,0.4071953594684601,-0.3306596577167511,0.9997013211250305,0.6465305089950562,0.3963693082332611,-0.11252418160438538,0.5633413791656494,0.6087644100189209,0.4145420491695404,-0.3690769374370575,0.9298679828643799,0.6621566414833069,0.37639009952545166,-0.16159623861312866,0.5749267935752869,0.6297321915626526,0.4072985351085663,-0.3133779466152191,0.6617354154586792,0.6605186462402344,0.37651777267456055,-0.16949580609798431,0.5151740312576294,0.633148729801178,0.40657559037208557,-0.33355799317359924,0.5644927024841309,0.6571361422538757,0.37466931343078613,-0.18236814439296722,0.519305408000946,0.6331183314323425,0.4047565162181854,-0.3248303532600403,0.5386109948158264,0.6576135158538818,0.3767842650413513,-0.17033706605434418,0.518376886844635,0.6315407752990723,0.40465500950813293,-0.30904725193977356,0.49158182740211487,0.5788001418113708,0.44453954696655273,0.06061554700136185,0.9990044236183167,0.5627622008323669,0.4476272165775299,-0.060622867196798325,0.999667763710022,0.6336562037467957,0.4638306498527527,0.02770151011645794,0.731304407119751,0.577686071395874,0.4765900671482086,-0.06531716138124466,0.9911786913871765,0.698554515838623,0.4871658980846405,0.06876449286937714,0.854791522026062,0.5498791933059692,0.5028364062309265,-0.006860014051198959,0.9949557185173035,0.7034854292869568,0.4938332140445709,0.06982547044754028,0.8769848942756653,0.541936457157135,0.5072647333145142,-0.005738633684813976,0.9859135746955872,0.7273589372634888,0.4830684959888458,0.01670938916504383,0.8780122399330139,0.559868335723877,0.5121051073074341,-0.08320928364992142,0.9811599850654602
U15_v4,174,1,0.6074522137641907,0.39699748158454895,-0.35114729404449463,0.9999551773071289,0.6043384075164795,0.39331841468811035,-0.34547457098960876,0.9999243021011353,0.6042504906654358,0.39308637380599976,-0.34543341398239136,0.9998857975006104,0.6042450070381165,0.39292311668395996,-0.3455037772655487,0.9999170303344727,0.6033557057380676,0.3935622274875641,-0.36509060859680176,0.9999575614929199,0.6026022434234619,0.39345335960388184,-0.3652099370956421,0.9999353885650635,0.6019414067268372,0.39338985085487366,-0.3652505576610565,0.9999421834945679,0.5999924540519714,0.39435216784477234,-0.2820349335670471,0.9998469352722168,0.5928407311439514,0.3941846191883087,-0.37141576409339905,0.9999275207519531,0.6044186949729919,0.3994157016277313,-0.3230130970478058,0.9997568726539612,0.6033547520637512,0.39978739619255066,-0.3492256999015808,0.9997983574867249,0.6062914133071899,0.40880241990089417,-0.1923273354768753,0.999016284942627,0.5920553803443909,0.40877464413642883,-0.3722631633281708,0.9999034404754639,0.6557415127754211,0.3977242708206177,-0.17397749423980713,0.8286972641944885,0.616387128829956,0.42370808124542236,-0.4063350260257721,0.9579496383666992,0.671488881111145,0.3767726421356201,-0.2199525684118271,0.8743804693222046,0.6325674653053284,0.42126700282096863,-0.3692513704299927,0.8208791017532349,0.6866318583488464,0.37717223167419434,-0.23393195867538452,0.8120023608207703,0.6329215168952942,0.4213334619998932,-0.3927282691001892,0.7206093072891235,0.6805933713912964,0.3754079043865204,-0.2478235810995102,0.811042308807373,0.633691132068634,0.4203689396381378,-0.38897302746772766,0.7014626860618591,0.680189847946167,0.3776995539665222,-0.22944438457489014,0.7979122400283813,0.6331674456596375,0.4200168550014496,-0.3675188720226288,0.6683409214019775,0.5791480541229248,0.44799932837486267,0.05700366571545601,0.9997759461402893,0.5623232126235962,0.45144450664520264,-0.05713941901922226,0.9999067783355713,0.6395440697669983,0.4643726050853729,0.0031783338636159897,0.9059710502624512,0.5796122550964355,0.475603312253952,-0.03488666191697121,0.9912638664245605,0.7018594145774841,0.4888419508934021,0.031182436272501945,0.9401262402534485,0.551689088344574,0.5009873509407043,0.05710604786872864,0.9946300983428955,0.7087787389755249,0.4951753616333008,0.031006785109639168,0.9305828809738159,0.5407323837280273,0.5056034922599792,0.06174769252538681,0.9842939972877502,0.7337149381637573,0.4834526777267456,-0.028972551226615906,0.9461843967437744,0.5589920282363892,0.5123275518417358,-0.014822734519839287,0.9825855493545532
U15_v4,175,1,0.61232590675354,0.3925561010837555,-0.35206466913223267,0.9999673366546631,0.6079480648040771,0.39063194394111633,-0.34944650530815125,0.9999480247497559,0.6070555448532104,0.3901660144329071,-0.3494354784488678,0.9999302625656128,0.6070377230644226,0.3896038234233856,-0.34953105449676514,0.999955415725708,0.6066579222679138,0.39114588499069214,-0.36593347787857056,0.9999690055847168,0.6055521965026855,0.39121299982070923,-0.3660142719745636,0.9999551773071289,0.6044249534606934,0.391274094581604,-0.3660365641117096,0.9999610185623169,0.5978873372077942,0.391842246055603,-0.2944672405719757,0.9999223947525024,0.5947632789611816,0.39310529828071594,-0.3671461045742035,0.9999234676361084,0.6118478775024414,0.39561349153518677,-0.3267452120780945,0.999924898147583,0.6107600331306458,0.39631983637809753,-0.3482803702354431,0.9998953342437744,0.6010924577713013,0.40100419521331787,-0.19366100430488586,0.9996227025985718,0.595062792301178,0.4209693372249603,-0.3475664556026459,0.9998875856399536,0.6530861258506775,0.40355953574180603,-0.14162719249725342,0.7032116651535034,0.6190082430839539,0.44558918476104736,-0.3494890034198761,0.9312258362770081,0.6839317679405212,0.40853944420814514,-0.15860946476459503,0.8800004720687866,0.6325669288635254,0.4466639757156372,-0.32917293906211853,0.8748971223831177,0.6926368474960327,0.4078454077243805,-0.16443665325641632,0.8000815510749817,0.6494501829147339,0.44310784339904785,-0.35531875491142273,0.8203321099281311,0.691297173500061,0.40913867950439453,-0.18665148317813873,0.8121524453163147,0.6291184425354004,0.4451006054878235,-0.36294013261795044,0.8202805519104004,0.6880725622177124,0.4106454849243164,-0.16889338195323944,0.8055552840232849,0.6418439149856567,0.4415367841720581,-0.33274543285369873,0.7914578318595886,0.5609815120697021,0.44129857420921326,0.04568634554743767,0.999883770942688,0.554895281791687,0.4500355124473572,-0.0457751601934433,0.9999250173568726,0.6158894896507263,0.4592158794403076,0.02689053863286972,0.9120561480522156,0.5818901062011719,0.4684998095035553,0.037448447197675705,0.987617552280426,0.6986228823661804,0.48881494998931885,0.08551473915576935,0.9541648626327515,0.5517048239707947,0.49982544779777527,0.14908593893051147,0.9901992082595825,0.7032104730606079,0.49532225728034973,0.09014687687158585,0.918403148651123,0.538633406162262,0.5027745366096497,0.1577712744474411,0.964011549949646,0.7237013578414917,0.4880388677120209,0.040385160595178604,0.9531644582748413,0.5607790946960449,0.5091949701309204,0.10065186768770218,0.9691023230552673
U15_v4,176,1,0.6130548119544983,0.3923856019973755,-0.33900216221809387,0.9999662637710571,0.6081129312515259,0.39052021503448486,-0.33686181902885437,0.9999399185180664,0.6075227856636047,0.390361487865448,-0.3368535041809082,0.9999253749847412,0.6070226430892944,0.3901933431625366,-0.3369617760181427,0.9999483823776245,0.6078171730041504,0.39088916778564453,-0.35336828231811523,0.9999595880508423,0.606642484664917,0.3913196325302124,-0.3534620404243469,0.9999421834945679,0.6059088706970215,0.3914168179035187,-0.35348567366600037,0.9999436140060425,0.5976682901382446,0.3920861780643463,-0.2851656377315521,0.9999017715454102,0.5969430208206177,0.3930427134037018,-0.3581703007221222,0.9998871088027954,0.6122281551361084,0.3956926167011261,-0.3146742582321167,0.9998910427093506,0.6121222972869873,0.3962559103965759,-0.3363027572631836,0.9998437166213989,0.6016060709953308,0.40331149101257324,-0.1827293038368225,0.9994341731071472,0.5950955152511597,0.4165215492248535,-0.34534314274787903,0.9998133778572083,0.6391137838363647,0.41695064306259155,-0.12916414439678192,0.6900914907455444,0.6235527396202087,0.4402536153793335,-0.3429326117038727,0.9086490273475647,0.6715306043624878,0.4307030737400055,-0.14782918989658356,0.8548405766487122,0.6461600065231323,0.44152843952178955,-0.30535852909088135,0.8782038688659668,0.6833831071853638,0.4345593750476837,-0.15164652466773987,0.7652270793914795,0.6626238226890564,0.43869680166244507,-0.3286201059818268,0.830757200717926,0.6832585334777832,0.4360986053943634,-0.17645056545734406,0.7855395078659058,0.6647888422012329,0.4387374520301819,-0.3338061273097992,0.8350493907928467,0.678490936756134,0.43462494015693665,-0.15928322076797485,0.792128324508667,0.6636483073234558,0.43780335783958435,-0.30773183703422546,0.8041965365409851,0.5653929114341736,0.4418613910675049,0.04657931253314018,0.9998281002044678,0.5547429919242859,0.44923561811447144,-0.04666415974497795,0.9998788833618164,0.6259999871253967,0.4594436287879944,0.027691617608070374,0.9091819524765015,0.5809628963470459,0.46712246537208557,0.036340825259685516,0.986294686794281,0.698546290397644,0.48857423663139343,0.07821227610111237,0.9483039975166321,0.5524488091468811,0.49975883960723877,0.15214025974273682,0.9900590777397156,0.7036148905754089,0.49463194608688354,0.08215077966451645,0.9152752161026001,0.5412378907203674,0.5032021999359131,0.1609412431716919,0.9642441868782043,0.7282584309577942,0.4860066771507263,0.033977217972278595,0.9510449171066284,0.5600557923316956,0.5102723240852356,0.10259650647640228,0.9696760177612305
U15_v4,177,1,0.6150612831115723,0.3922554552555084,-0.46327483654022217,0.9999862909317017,0.6102686524391174,0.390767902135849,-0.46793490648269653,0.9999793767929077,0.6090200543403625,0.3903239369392395,-0.46786966919898987,0.9999746084213257,0.608818769454956,0.3900165855884552,-0.4679378867149353,0.9999804496765137,0.6087267398834229,0.39118093252182007,-0.48163720965385437,0.9999909400939941,0.6074966192245483,0.39116623997688293,-0.4817380905151367,0.9999867677688599,0.6067070364952087,0.3910801410675049,-0.48178690671920776,0.9999866485595703,0.5971337556838989,0.3923245668411255,-0.41031938791275024,0.9999734163284302,0.5953555107116699,0.39399629831314087,-0.4696134924888611,0.9999583959579468,0.6125972270965576,0.39361315965652466,-0.43289914727211,0.9999502897262573,0.6103227734565735,0.3963741660118103,-0.4510329067707062,0.9999479055404663,0.5790867209434509,0.39371585845947266,-0.2950630486011505,0.9998592138290405,0.6052389740943909,0.4164125621318817,-0.38808295130729675,0.9999593496322632,0.541270911693573,0.3854371905326843,-0.13420268893241882,0.9808645844459534,0.6280587911605835,0.4388647675514221,-0.35110002756118774,0.9840478897094727,0.5054399371147156,0.3630827069282532,-0.0032757334411144257,0.9547096490859985,0.6468809843063354,0.4501379430294037,-0.2916256785392761,0.9092394113540649,0.4943436086177826,0.369325190782547,0.008339452557265759,0.8996185064315796,0.6595836877822876,0.44430044293403625,-0.3006531894207001,0.8562507629394531,0.4942113757133484,0.3676947057247162,0.0019397775176912546,0.9017584323883057,0.659416913986206,0.44358018040657043,-0.3122144043445587,0.8560562133789062,0.5021587014198303,0.36991459131240845,0.0008161706500686705,0.8698766231536865,0.6546173095703125,0.4428374767303467,-0.29236942529678345,0.8144039511680603,0.554824948310852,0.4312531352043152,0.036136239767074585,0.9999591112136841,0.5523005723953247,0.44140559434890747,-0.036438316106796265,0.9999794960021973,0.6213475465774536,0.4570619463920593,0.045318081974983215,0.8920643925666809,0.5837982892990112,0.46716251969337463,0.10675103217363358,0.9733143448829651,0.6974504590034485,0.48777326941490173,0.13264864683151245,0.9575232863426208,0.5513936877250671,0.5001556873321533,0.2709698975086212,0.9870460033416748,0.7031789422035217,0.49462777376174927,0.1420118361711502,0.9280248880386353,0.5437079668045044,0.5033951997756958,0.28612321615219116,0.9682735800743103,0.7216355800628662,0.49050936102867126,0.09183807671070099,0.9602859020233154,0.554164469242096,0.5108774304389954,0.2296600341796875,0.9697623252868652
U15_v4,178,1,0.6127181649208069,0.3951617181301117,-0.27872538566589355,0.9999796152114868,0.6094390749931335,0.39237838983535767,-0.27050504088401794,0.9999374151229858,0.6091459393501282,0.3922328054904938,-0.27050283551216125,0.9999195337295532,0.608797550201416,0.39213085174560547,-0.27055415511131287,0.9999285936355591,0.6076740622520447,0.39274460077285767,-0.29104170203208923,0.9999711513519287,0.6064661145210266,0.39293530583381653,-0.29113608598709106,0.9999650716781616,0.6051550507545471,0.3931046426296234,-0.2912105619907379,0.9999674558639526,0.6016690731048584,0.39329418540000916,-0.20193824172019958,0.9998862743377686,0.5974692106246948,0.3942969739437103,-0.29387322068214417,0.9999557733535767,0.6125715374946594,0.39857152104377747,-0.2499379813671112,0.9999052286148071,0.6109594702720642,0.3989837169647217,-0.2768719494342804,0.9999359846115112,0.6077365875244141,0.40641871094703674,-0.10299362242221832,0.9996980428695679,0.5960353016853333,0.410165399312973,-0.29931220412254333,0.9999910593032837,0.6335434913635254,0.41746968030929565,-0.04751221463084221,0.5677033066749573,0.610121488571167,0.4372079074382782,-0.33260852098464966,0.9841716885566711,0.6488018035888672,0.41705164313316345,-0.07275829464197159,0.7135639786720276,0.5913310647010803,0.4547143578529358,-0.3388279676437378,0.9403315782546997,0.6520662903785706,0.4170996844768524,-0.07469149678945541,0.5954558849334717,0.5880019664764404,0.46171948313713074,-0.362517774105072,0.9004550576210022,0.6510174870491028,0.4163654148578644,-0.0949932336807251,0.6017186045646667,0.5887457728385925,0.4614366590976715,-0.36679208278656006,0.8922150731086731,0.6497335433959961,0.4171007573604584,-0.08263413608074188,0.589942991733551,0.5896841287612915,0.45875653624534607,-0.34005215764045715,0.8503242135047913,0.5790955424308777,0.444990336894989,0.055321551859378815,0.9996564388275146,0.569692850112915,0.44785425066947937,-0.05543021112680435,0.9998706579208374,0.6451978087425232,0.4648566246032715,-0.0014397728955373168,0.8084995150566101,0.5774738788604736,0.4781995415687561,-0.041041553020477295,0.9910187721252441,0.7038755416870117,0.4902394711971283,0.022949717938899994,0.8646679520606995,0.5432583689689636,0.5023396611213684,0.03789844736456871,0.9853879809379578,0.7108217477798462,0.4966377913951874,0.022323818877339363,0.8729414939880371,0.5348337292671204,0.5050109624862671,0.04098128899931908,0.9515285491943359,0.7365835905075073,0.48307567834854126,-0.0330272912979126,0.9029337763786316,0.5533449649810791,0.5134727954864502,-0.03346579149365425,0.962035059928894
U15_v4,179,1,0.6126633882522583,0.3952375054359436,-0.2726091146469116,0.9999735355377197,0.6093813180923462,0.39229393005371094,-0.2648850381374359,0.9999182224273682,0.6090976595878601,0.3921299874782562,-0.26488593220710754,0.9998952150344849,0.6084521412849426,0.3918945789337158,-0.2649361491203308,0.9999105930328369,0.6075403094291687,0.39269930124282837,-0.28596317768096924,0.9999638795852661,0.6062828898429871,0.3929086923599243,-0.28605300188064575,0.9999556541442871,0.6049162745475769,0.39310795068740845,-0.2861323356628418,0.9999589920043945,0.6014359593391418,0.39315906167030334,-0.20005331933498383,0.9998546838760376,0.5981354117393494,0.3946145474910736,-0.2944624125957489,0.9999395608901978,0.6127251982688904,0.39865875244140625,-0.24519792199134827,0.9998739957809448,0.6110095381736755,0.39917027950286865,-0.2728402614593506,0.9999135732650757,0.6061930060386658,0.4064672887325287,-0.10580554604530334,0.9996376037597656,0.5991077423095703,0.41058477759361267,-0.301845520734787,0.9999886751174927,0.6334322094917297,0.414739191532135,-0.04990508034825325,0.5567950010299683,0.613846480846405,0.4397292137145996,-0.33711719512939453,0.984126091003418,0.651386022567749,0.4135802984237671,-0.0666690245270729,0.7203584909439087,0.5938764810562134,0.45558783411979675,-0.3436910808086395,0.9373602271080017,0.6554473042488098,0.41330841183662415,-0.06724506616592407,0.6034246683120728,0.5879897475242615,0.4618711769580841,-0.36756235361099243,0.8966974020004272,0.6544502377510071,0.41281911730766296,-0.08668205142021179,0.6103759407997131,0.5904282331466675,0.46204674243927,-0.37235772609710693,0.8883529901504517,0.6529510021209717,0.4137047827243805,-0.07610279321670532,0.6011621356010437,0.591938853263855,0.4594886004924774,-0.3453240692615509,0.8455423712730408,0.5784710049629211,0.44472911953926086,0.05576571822166443,0.9996852874755859,0.5690608620643616,0.4483080506324768,-0.05589500814676285,0.9998641014099121,0.6445929408073425,0.464606910943985,0.005729766562581062,0.8147159814834595,0.5776649713516235,0.47863852977752686,-0.02929634042084217,0.9913080334663391,0.7041555643081665,0.49015218019485474,0.03493133932352066,0.8712602853775024,0.542725682258606,0.5026556849479675,0.05509989336133003,0.9866092801094055,0.7104806900024414,0.49642765522003174,0.03516223281621933,0.8740655183792114,0.5335367918014526,0.5052655339241028,0.05887575075030327,0.9555549621582031,0.7357597351074219,0.4829133152961731,-0.01800873689353466,0.9083620309829712,0.5560872554779053,0.5135514140129089,-0.014434455893933773,0.9644576907157898
U15_v4,180,1,0.6114146709442139,0.3945007026195526,-0.15094584226608276,0.9999487400054932,0.6082248091697693,0.39154013991355896,-0.1420993059873581,0.9998034834861755,0.6079623103141785,0.3913605213165283,-0.14211511611938477,0.9998564720153809,0.6075895428657532,0.39122259616851807,-0.14213347434997559,0.9998114705085754,0.6063249111175537,0.3921441435813904,-0.1645912379026413,0.9999185800552368,0.6047372221946716,0.39239075779914856,-0.1646597683429718,0.999929666519165,0.6028698086738586,0.39261218905448914,-0.16471098363399506,0.9998893737792969,0.599983811378479,0.39279046654701233,-0.08680328726768494,0.9997474551200867,0.5948270559310913,0.39451539516448975,-0.18890680372714996,0.999921441078186,0.6105049848556519,0.3974538743495941,-0.1279275268316269,0.9994755387306213,0.6078917384147644,0.397922545671463,-0.15780910849571228,0.9996291399002075,0.5993075966835022,0.4057730734348297,-0.010105407796800137,0.9994382262229919,0.5929825901985168,0.4111997187137604,-0.22461064159870148,0.9999648332595825,0.6402935981750488,0.40156465768814087,0.026528244838118553,0.5384824872016907,0.6353692412376404,0.43412312865257263,-0.2609592080116272,0.9847974181175232,0.6736127138137817,0.39127492904663086,-0.008242174051702023,0.6769207119941711,0.6637293696403503,0.43671682476997375,-0.2349250167608261,0.9213903546333313,0.6803706288337708,0.38845449686050415,-0.008955267257988453,0.6033775210380554,0.6682285666465759,0.4379025101661682,-0.2571507394313812,0.8526670336723328,0.679334819316864,0.3867718577384949,-0.02788168005645275,0.6109646558761597,0.6672139167785645,0.4379883110523224,-0.24957893788814545,0.8434678316116333,0.677851676940918,0.3883969485759735,-0.01867622323334217,0.629999577999115,0.665542483329773,0.43741002678871155,-0.2318875789642334,0.8016653656959534,0.580633819103241,0.44805583357810974,0.06778320670127869,0.9997424483299255,0.577686071395874,0.4511604905128479,-0.06785041093826294,0.9998486042022705,0.6449828147888184,0.4663379490375519,0.03487495332956314,0.9219960570335388,0.5803303122520447,0.47256797552108765,-0.0638890340924263,0.9947590231895447,0.7070708274841309,0.49087339639663696,0.058588769286870956,0.9763681888580322,0.5429306030273438,0.5012070536613464,0.014847594313323498,0.9877282381057739,0.7168691158294678,0.497679740190506,0.05755201727151871,0.9691641330718994,0.5319744348526001,0.5034376382827759,0.02028091810643673,0.9503804445266724,0.7429952025413513,0.48280197381973267,0.00884531531482935,0.9798979163169861,0.5526842474937439,0.5120739340782166,-0.03621232882142067,0.9743083715438843
U15_v4,181,1,0.6158479452133179,0.39545726776123047,-0.16534386575222015,0.9999819993972778,0.612285852432251,0.3925228714942932,-0.1527486890554428,0.999948263168335,0.6124134063720703,0.392306387424469,-0.1527513563632965,0.9999483823776245,0.6126352548599243,0.3921334147453308,-0.15275515615940094,0.9999380111694336,0.6097457408905029,0.39331918954849243,-0.18053562939167023,0.9999788999557495,0.6080939769744873,0.3936915099620819,-0.18056678771972656,0.9999783039093018,0.6064735651016235,0.39411985874176025,-0.18061183393001556,0.9999732971191406,0.6062358617782593,0.393534779548645,-0.08699192851781845,0.9999315738677979,0.5990612506866455,0.3962564170360565,-0.21313691139221191,0.9999788999557495,0.615047812461853,0.3985499441623688,-0.13851971924304962,0.9998799562454224,0.6118346452713013,0.3995620906352997,-0.17535030841827393,0.9999134540557861,0.6021054983139038,0.40659427642822266,-0.024376075714826584,0.9998733997344971,0.597439169883728,0.41709423065185547,-0.24015873670578003,0.9999853372573853,0.6162142753601074,0.3960496187210083,0.04143297299742699,0.7280915975570679,0.6096123456954956,0.44103819131851196,-0.283517986536026,0.9830961227416992,0.609554648399353,0.3831873834133148,0.05617254599928856,0.7174375057220459,0.6276315450668335,0.4516258239746094,-0.2655337452888489,0.9212766289710999,0.6063492894172668,0.38026297092437744,0.058159567415714264,0.5672250986099243,0.6303340792655945,0.45484498143196106,-0.28422167897224426,0.862869381904602,0.604890763759613,0.37883520126342773,0.05078266188502312,0.556181013584137,0.6290037631988525,0.4531584680080414,-0.2800816297531128,0.8549181222915649,0.6080864071846008,0.3807477355003357,0.05112079158425331,0.5992497205734253,0.6280393004417419,0.4518418610095978,-0.26250141859054565,0.8034488558769226,0.5914192199707031,0.4523608982563019,0.07133970409631729,0.9999279975891113,0.5844067335128784,0.4547652304172516,-0.07153813540935516,0.9999548196792603,0.6479728817939758,0.4662778377532959,0.09696825593709946,0.8938899040222168,0.5823035836219788,0.4810539186000824,-0.03149305284023285,0.992887556552887,0.7092653512954712,0.49077001214027405,0.15252600610256195,0.9368806481361389,0.5458348393440247,0.49850594997406006,0.09833084046840668,0.9787519574165344,0.7166545987129211,0.4976561665534973,0.1565207839012146,0.9095207452774048,0.5331138968467712,0.5005792379379272,0.1108265295624733,0.931601881980896,0.7415426969528198,0.4851815104484558,0.12331163883209229,0.9378105998039246,0.5502734184265137,0.5127527713775635,0.06697893142700195,0.9553261399269104
U15_v4,182,1,0.6159360408782959,0.39578211307525635,-0.1740720570087433,0.9999507665634155,0.6126316785812378,0.39277219772338867,-0.1627625823020935,0.9998706579208374,0.6128271818161011,0.39250367879867554,-0.16277208924293518,0.9998811483383179,0.6131370663642883,0.39227932691574097,-0.16278210282325745,0.9998645782470703,0.6099802255630493,0.39366766810417175,-0.19063825905323029,0.9999409914016724,0.6082674264907837,0.39405322074890137,-0.1906825304031372,0.9999396800994873,0.60661780834198,0.39447256922721863,-0.19074147939682007,0.9999219179153442,0.6068967580795288,0.39349788427352905,-0.10082859545946121,0.9998348951339722,0.5992541909217834,0.39660826325416565,-0.22752061486244202,0.9999314546585083,0.6148558855056763,0.39890798926353455,-0.1482454538345337,0.9996639490127563,0.6115630865097046,0.3999696373939514,-0.18532489240169525,0.9997037053108215,0.6036784052848816,0.4058610200881958,-0.030741283670067787,0.9997060894966125,0.6045006513595581,0.4142540693283081,-0.2572791278362274,0.999955415725708,0.6251415014266968,0.39121925830841064,0.032875966280698776,0.6769426465034485,0.6257382035255432,0.4332740306854248,-0.3061583638191223,0.9848297238349915,0.6280451416969299,0.3776240944862366,0.03270586207509041,0.7012274861335754,0.6588907241821289,0.4338822066783905,-0.28562942147254944,0.9302148818969727,0.6269487142562866,0.3741174638271332,0.03341754525899887,0.5816394090652466,0.6646003723144531,0.43695157766342163,-0.3092615306377411,0.865275502204895,0.6248542666435242,0.37335920333862305,0.022523485124111176,0.5732132196426392,0.6647946238517761,0.43761903047561646,-0.2997532784938812,0.8552349805831909,0.6272174119949341,0.3755625784397125,0.025997107848525047,0.6030579209327698,0.6608810424804688,0.43652790784835815,-0.2810354232788086,0.8032498955726624,0.5923490524291992,0.4525250196456909,0.07394304871559143,0.9998778104782104,0.5846991539001465,0.45541247725486755,-0.07413183152675629,0.9999077320098877,0.6475678086280823,0.4650752544403076,0.0997920110821724,0.9181692004203796,0.5809280872344971,0.4794407784938812,-0.03238476812839508,0.9934945702552795,0.7089866399765015,0.49094313383102417,0.16345880925655365,0.9562817811965942,0.5452072024345398,0.499141663312912,0.11048522591590881,0.9802537560462952,0.717448353767395,0.49733057618141174,0.167903870344162,0.9270704388618469,0.5316495895385742,0.5015733242034912,0.12462962418794632,0.9420459270477295,0.7425397634506226,0.48407167196273804,0.13178326189517975,0.9563822746276855,0.5500893592834473,0.5099785923957825,0.08308040350675583,0.9596870541572571
U15_v4,183,1,0.6166869401931763,0.3961361050605774,-0.10124754905700684,0.9999635219573975,0.6131527423858643,0.39277735352516174,-0.09231513738632202,0.9999171495437622,0.6127901077270508,0.3925718367099762,-0.09233909845352173,0.9999150037765503,0.6125296354293823,0.39236941933631897,-0.09234810620546341,0.9999227523803711,0.611770749092102,0.3929760158061981,-0.11633499711751938,0.9999550580978394,0.6103814840316772,0.3929246962070465,-0.11635418236255646,0.9999454021453857,0.6089626550674438,0.3928895890712738,-0.11638391762971878,0.9999445676803589,0.6057172417640686,0.3931010663509369,-0.04258143901824951,0.9998831748962402,0.6004676222801208,0.3941243886947632,-0.15210631489753723,0.9999452829360962,0.6129055023193359,0.3991360068321228,-0.08005405962467194,0.9998169541358948,0.6114534139633179,0.3994086980819702,-0.11205814778804779,0.9998456239700317,0.5883451104164124,0.40673860907554626,0.022345930337905884,0.9995470643043518,0.6007782220840454,0.41317862272262573,-0.19222810864448547,0.9999274015426636,0.6297940611839294,0.39303258061408997,0.0631043091416359,0.4839950501918793,0.6235606074333191,0.43070268630981445,-0.23997394740581512,0.9359134435653687,0.6607345938682556,0.37685611844062805,0.031140446662902832,0.5839764475822449,0.6592007875442505,0.4325277507305145,-0.2096845805644989,0.7556170225143433,0.667511522769928,0.3727573752403259,0.028166979551315308,0.5526039600372314,0.6637000441551208,0.4341117739677429,-0.23298731446266174,0.6648841500282288,0.6649531126022339,0.371806263923645,0.013248005881905556,0.5494311451911926,0.6650092005729675,0.428791344165802,-0.22345757484436035,0.6469516754150391,0.6637872457504272,0.3741348385810852,0.021378424018621445,0.5868707895278931,0.6603050231933594,0.42821070551872253,-0.20616452395915985,0.6022631525993347,0.5737057328224182,0.4568996727466583,0.07849768549203873,0.9997542500495911,0.5724388360977173,0.4614109992980957,-0.07852720469236374,0.9998528957366943,0.6258023977279663,0.4644494950771332,0.15480372309684753,0.640635073184967,0.6004188060760498,0.47409823536872864,-0.04326029121875763,0.992073118686676,0.6705661416053772,0.48779669404029846,0.2116386890411377,0.9055081009864807,0.5925396084785461,0.5043784976005554,0.022899698466062546,0.9924986958503723,0.6718888282775879,0.49425509572029114,0.21495065093040466,0.8871227502822876,0.5857293009757996,0.5090009570121765,0.0293283574283123,0.9777624011039734,0.7045525908470154,0.4875890016555786,0.18553276360034943,0.9233689308166504,0.6139402985572815,0.5123007893562317,-0.011849852278828621,0.9831773638725281
U15_v4,184,1,0.6169403791427612,0.3958415985107422,-0.11470336467027664,0.9999215602874756,0.6137979626655579,0.3925209641456604,-0.10556743294000626,0.9998418092727661,0.6134845614433289,0.3922974467277527,-0.10559562593698502,0.9998260140419006,0.6132880449295044,0.39206066727638245,-0.10561205446720123,0.9998481273651123,0.6122540235519409,0.39279451966285706,-0.13132500648498535,0.999915361404419,0.6108152270317078,0.39273983240127563,-0.131349578499794,0.9998931884765625,0.6093385219573975,0.3927023708820343,-0.13139843940734863,0.9998968839645386,0.6063714027404785,0.39279642701148987,-0.05271301791071892,0.9997691512107849,0.6005337238311768,0.39384785294532776,-0.16972655057907104,0.9998924732208252,0.6129407286643982,0.3988400995731354,-0.09200893342494965,0.9996296167373657,0.6113699674606323,0.3990630507469177,-0.12619197368621826,0.9996981620788574,0.5893881916999817,0.40648525953292847,0.014587769284844398,0.9994938373565674,0.5985667705535889,0.4130127429962158,-0.20785042643547058,0.9999089241027832,0.6205665469169617,0.39451974630355835,0.0694151446223259,0.40371015667915344,0.6119779348373413,0.432740181684494,-0.25909844040870667,0.9045566916465759,0.646366536617279,0.38010454177856445,0.05273527652025223,0.4629737138748169,0.6505624055862427,0.43329158425331116,-0.23572860658168793,0.6956271529197693,0.6516600847244263,0.3763502240180969,0.0522371269762516,0.42904990911483765,0.6526166200637817,0.4347042441368103,-0.2590126097202301,0.606602668762207,0.6499283313751221,0.3755895495414734,0.03780608996748924,0.4256213903427124,0.6570174694061279,0.43610236048698425,-0.2506445646286011,0.5878241658210754,0.6494848132133484,0.3778400719165802,0.043767049908638,0.46117132902145386,0.6502410769462585,0.43436455726623535,-0.2323487251996994,0.5243010520935059,0.571101188659668,0.45614343881607056,0.07928324490785599,0.9997441172599792,0.5674452185630798,0.4606180489063263,-0.07937811315059662,0.999834418296814,0.6272796988487244,0.46500101685523987,0.14917169511318207,0.5543447732925415,0.5910482406616211,0.47492244839668274,-0.04206975921988487,0.9845577478408813,0.7012438774108887,0.49013033509254456,0.2044242024421692,0.8481590747833252,0.5525073409080505,0.4985978305339813,0.038680896162986755,0.9863974452018738,0.6808421015739441,0.4952203035354614,0.20756566524505615,0.8296183347702026,0.540594220161438,0.5026658773422241,0.04659517854452133,0.9601808190345764,0.7163669466972351,0.48905593156814575,0.17734907567501068,0.8849723935127258,0.5905296802520752,0.514686644077301,0.004195221699774265,0.9729496836662292
U15_v4,185,1,0.6149063110351562,0.3965228497982025,-0.12117694318294525,0.9999860525131226,0.6122150421142578,0.39291495084762573,-0.10576072335243225,0.9999645948410034,0.612312912940979,0.3926190435886383,-0.10578256100416183,0.9999611377716064,0.6125320792198181,0.3923376202583313,-0.10577908158302307,0.9999597072601318,0.6097667217254639,0.3935246765613556,-0.12800949811935425,0.999985933303833,0.608166515827179,0.39367854595184326,-0.128056600689888,0.9999850988388062,0.6065261363983154,0.3938135504722595,-0.1280815452337265,0.9999850988388062,0.6080678105354309,0.3935638964176178,-0.03575149551033974,0.999940037727356,0.5992763042449951,0.3953670561313629,-0.13614490628242493,0.999988317489624,0.6136950254440308,0.3991793692111969,-0.09467832744121552,0.999934196472168,0.6106305122375488,0.3999304473400116,-0.12377506494522095,0.9999668598175049,0.6082867980003357,0.40761494636535645,0.02641008235514164,0.9998583793640137,0.5829765200614929,0.41862717270851135,-0.1683134138584137,0.9999704360961914,0.6510085463523865,0.40532010793685913,0.051034435629844666,0.791476845741272,0.5734866261482239,0.43961891531944275,-0.21358269453048706,0.938352108001709,0.6806327104568481,0.3942471742630005,0.005506189540028572,0.8696333765983582,0.5726383328437805,0.4518967270851135,-0.20165668427944183,0.7789883613586426,0.6974657773971558,0.39405128359794617,0.000941423058975488,0.802961528301239,0.5708944797515869,0.4574586749076843,-0.21894517540931702,0.6754701137542725,0.6853455305099487,0.3897954225540161,-0.013312118127942085,0.8028035163879395,0.5747873783111572,0.454638808965683,-0.2170204371213913,0.6635218262672424,0.6835673451423645,0.3915250599384308,-0.004468537867069244,0.8213786482810974,0.5752172470092773,0.45398303866386414,-0.20052044093608856,0.6249572038650513,0.5784803628921509,0.458093523979187,0.07200315594673157,0.9997946619987488,0.5674233436584473,0.4609130918979645,-0.07206851989030838,0.9999048709869385,0.6249681115150452,0.4675334095954895,0.1075475662946701,0.7024040818214417,0.6022767424583435,0.4721803665161133,-0.0939444899559021,0.993699312210083,0.6602286100387573,0.486858606338501,0.16011856496334076,0.9008646011352539,0.5852816700935364,0.5053707957267761,-0.02465117909014225,0.9926902651786804,0.6594902276992798,0.4921606779098511,0.1626444309949875,0.886471152305603,0.5778594017028809,0.510279655456543,-0.018821027129888535,0.9700887799263,0.6917865872383118,0.48803532123565674,0.13329914212226868,0.9133809804916382,0.6013247966766357,0.5144372582435608,-0.06527408212423325,0.9807748198509216
U15_v4,186,1,0.6172610521316528,0.39581799507141113,-0.11701996624469757,0.9999889135360718,0.6128701567649841,0.3920500874519348,-0.10427525639533997,0.9999606609344482,0.6126163005828857,0.3917616903781891,-0.10429775714874268,0.9999686479568481,0.6124176383018494,0.3914792537689209,-0.10426697134971619,0.9999498128890991,0.6113429665565491,0.3927021026611328,-0.12937088310718536,0.9999840259552002,0.609886109828949,0.39287927746772766,-0.12942112982273102,0.9999867677688599,0.6084057092666626,0.39306333661079407,-0.12947140634059906,0.999981164932251,0.6069765686988831,0.3928508758544922,-0.0414128378033638,0.9999507665634155,0.6010265350341797,0.39476853609085083,-0.15550312399864197,0.9999904632568359,0.6154130101203918,0.39883658289909363,-0.09222279489040375,0.9998936653137207,0.6134927272796631,0.399542897939682,-0.12533630430698395,0.9999465942382812,0.5996295213699341,0.4069133698940277,0.012018042616546154,0.9999139308929443,0.5939993858337402,0.4181465208530426,-0.19057631492614746,0.9999938011169434,0.6160151362419128,0.3930201828479767,0.04923711717128754,0.8002570271492004,0.5941715240478516,0.44269195199012756,-0.24093498289585114,0.9846218824386597,0.6208637952804565,0.37841373682022095,0.03306778892874718,0.7797039747238159,0.6033077239990234,0.4574658274650574,-0.2260885089635849,0.9238439202308655,0.62126225233078,0.37484943866729736,0.03200114518404007,0.6617861390113831,0.603562593460083,0.4615868628025055,-0.24242348968982697,0.8608977794647217,0.6200266480445862,0.3739495277404785,0.023952364921569824,0.6452448964118958,0.5794601440429688,0.46063095331192017,-0.2379537969827652,0.8520178198814392,0.6211139559745789,0.3760964274406433,0.027032285928726196,0.6852738857269287,0.5829470157623291,0.4575357735157013,-0.2230449616909027,0.8177649974822998,0.5791671276092529,0.4563679099082947,0.07540309429168701,0.9999016523361206,0.5813357830047607,0.4554833769798279,-0.07562992721796036,0.9999605417251587,0.638670802116394,0.465572327375412,0.09943030029535294,0.8757859468460083,0.5863861441612244,0.4781225323677063,-0.07594337314367294,0.9955697655677795,0.7086808681488037,0.491433322429657,0.14196881651878357,0.9665536284446716,0.5397199392318726,0.4994121193885803,-0.011880791746079922,0.9906313419342041,0.7145830988883972,0.4982044994831085,0.14372313022613525,0.9613842368125916,0.5268083810806274,0.5008377432823181,-0.006258660461753607,0.9665567874908447,0.7398788928985596,0.48490840196609497,0.11587566882371902,0.9662669897079468,0.5491294860839844,0.5122436881065369,-0.05083011835813522,0.9784368872642517
U15_v4,187,1,0.6216198205947876,0.39712050557136536,-0.11299726366996765,0.9999977350234985,0.6180278062820435,0.39409366250038147,-0.10034962743520737,0.9999936819076538,0.6177363991737366,0.39382001757621765,-0.10032503306865692,0.999992847442627,0.6174073219299316,0.39352840185165405,-0.10030733793973923,0.9999933242797852,0.6157455444335938,0.39462828636169434,-0.11756393313407898,0.9999974966049194,0.6141802072525024,0.394885390996933,-0.1176479384303093,0.999997615814209,0.6125465035438538,0.39510202407836914,-0.11766442656517029,0.9999978542327881,0.6100889444351196,0.39455440640449524,-0.035884421318769455,0.999982476234436,0.603795051574707,0.39653128385543823,-0.11354893445968628,0.9999974966049194,0.6204392910003662,0.3993859887123108,-0.08748304098844528,0.9999866485595703,0.6180375814437866,0.3999193012714386,-0.10994401574134827,0.9999935626983643,0.6167279481887817,0.4089857339859009,0.044135089963674545,0.9999027252197266,0.5977709889411926,0.41282108426094055,-0.14972150325775146,0.99998939037323,0.6555618047714233,0.40513038635253906,0.06947708874940872,0.9437026977539062,0.5903562307357788,0.4391591548919678,-0.16928361356258392,0.9800715446472168,0.7008129358291626,0.4002518057823181,0.027496138587594032,0.9818952679634094,0.5723100304603577,0.4512351453304291,-0.13269658386707306,0.9493882060050964,0.7134085893630981,0.39555564522743225,0.02466488815844059,0.96395343542099,0.5884462594985962,0.45330309867858887,-0.14687027037143707,0.908283531665802,0.7114721536636353,0.39114972949028015,0.008241097442805767,0.9626258015632629,0.5892399549484253,0.4522847533226013,-0.14600327610969543,0.904527485370636,0.7079248428344727,0.39273160696029663,0.017238926142454147,0.9644705653190613,0.5913140177726746,0.45136186480522156,-0.13129068911075592,0.8914631605148315,0.57449871301651,0.45595335960388184,0.07955048978328705,0.9998675584793091,0.576867938041687,0.4551096260547638,-0.07963477820158005,0.9999428987503052,0.5873866081237793,0.48135411739349365,0.1480335295200348,0.9695336818695068,0.6550624370574951,0.47006070613861084,-0.05299850180745125,0.9992238283157349,0.5391165018081665,0.4985777735710144,0.2395365834236145,0.9899867177009583,0.7072980403900146,0.4937257170677185,-0.014379466883838177,0.9986205101013184,0.5295982360839844,0.5001722574234009,0.24794328212738037,0.9818412065505981,0.7093825340270996,0.50217205286026,-0.012117619626224041,0.992586076259613,0.5718311667442322,0.5035669207572937,0.22951318323612213,0.9876411557197571,0.715640127658844,0.5044780373573303,-0.047459207475185394,0.9963579773902893
U15_v4,188,1,0.6188979744911194,0.39739561080932617,-0.21485644578933716,0.9999487400054932,0.6173444390296936,0.394299179315567,-0.2024400681257248,0.9997264742851257,0.6175486445426941,0.3942268490791321,-0.20245708525180817,0.99969482421875,0.6178368330001831,0.394146203994751,-0.20247666537761688,0.9995827078819275,0.6140108108520508,0.3944941759109497,-0.21890145540237427,0.9998451471328735,0.611890971660614,0.3945986032485962,-0.2189447283744812,0.9998403787612915,0.6095471382141113,0.3947409987449646,-0.21896961331367493,0.9998088479042053,0.6107627153396606,0.39506134390830994,-0.12143311649560928,0.9992089867591858,0.6007021069526672,0.39654457569122314,-0.19387663900852203,0.9998444318771362,0.6172777414321899,0.40016594529151917,-0.18201963603496552,0.999573290348053,0.6133872866630554,0.4001714289188385,-0.20309080183506012,0.9997422099113464,0.6213559508323669,0.4069845974445343,-0.026691393926739693,0.9999151229858398,0.5912109017372131,0.4135505259037018,-0.19673371315002441,0.999982476234436,0.6514431238174438,0.40981525182724,0.022648897022008896,0.7993431687355042,0.576960027217865,0.4323176443576813,-0.22549498081207275,0.9785496592521667,0.7010655999183655,0.4039410948753357,-0.03714439272880554,0.911743700504303,0.5579260587692261,0.45305755734443665,-0.2507810592651367,0.972966730594635,0.7083694934844971,0.41158971190452576,-0.045923344790935516,0.8436300158500671,0.5500659346580505,0.45830661058425903,-0.2702178359031677,0.9455675482749939,0.705834150314331,0.4105165898799896,-0.06838707625865936,0.8557971715927124,0.5524386167526245,0.45737361907958984,-0.2798633575439453,0.9446044564247131,0.7016202211380005,0.41135430335998535,-0.05099739506840706,0.864281952381134,0.5555083155632019,0.4563549757003784,-0.2546291947364807,0.9270312190055847,0.5922760367393494,0.45257070660591125,0.05407658964395523,0.9998315572738647,0.5754939317703247,0.4544561803340912,-0.054229166358709335,0.9998761415481567,0.6455206871032715,0.4748292863368988,0.029816502705216408,0.8989245295524597,0.5819186568260193,0.4806508719921112,-0.04159633442759514,0.9913972616195679,0.7142906785011292,0.4964653551578522,0.06363029778003693,0.952534019947052,0.5362566113471985,0.4979898929595947,0.078695148229599,0.9819700717926025,0.7194734811782837,0.5029294490814209,0.06336075812578201,0.9049878120422363,0.5214807987213135,0.49854981899261475,0.08808472752571106,0.899798572063446,0.7488680481910706,0.48912033438682556,0.0014168755151331425,0.9480449557304382,0.5411549210548401,0.5137336254119873,0.022908633574843407,0.9604741334915161
U15_v4,189,1,0.6191424131393433,0.39760738611221313,-0.19328953325748444,0.9999326467514038,0.6172443628311157,0.3943176567554474,-0.18087059259414673,0.9996293783187866,0.6173293590545654,0.39421385526657104,-0.18089507520198822,0.9996306896209717,0.6173579096794128,0.39409464597702026,-0.18091700971126556,0.999466598033905,0.6144374012947083,0.3945152461528778,-0.19688661396503448,0.9997813105583191,0.6123090386390686,0.3945859670639038,-0.1969243586063385,0.9997844099998474,0.6103979349136353,0.3947184681892395,-0.19694884121418,0.9997151494026184,0.6102749705314636,0.39509284496307373,-0.1016160398721695,0.9990059733390808,0.6013301610946655,0.396575391292572,-0.1718827784061432,0.9997804760932922,0.6175200343132019,0.40029263496398926,-0.16130687296390533,0.9994072914123535,0.6140506863594055,0.4003944993019104,-0.1817663013935089,0.9996059536933899,0.6213406324386597,0.4073151648044586,-0.00898547563701868,0.9998990297317505,0.5908151268959045,0.41337811946868896,-0.17874054610729218,0.9999794960021973,0.6576844453811646,0.41250142455101013,0.03615930676460266,0.7621293067932129,0.5776724219322205,0.43246978521347046,-0.2038842737674713,0.9742999076843262,0.6963926553726196,0.4042755365371704,-0.02604549750685692,0.879932165145874,0.5583246946334839,0.45214933156967163,-0.22550810873508453,0.9673346281051636,0.7015455365180969,0.41351521015167236,-0.034451909363269806,0.8006467223167419,0.5514464378356934,0.45662978291511536,-0.24491818249225616,0.9354290962219238,0.6991949081420898,0.4123157858848572,-0.05704119801521301,0.8141257166862488,0.5533851385116577,0.4574111998081207,-0.2525216341018677,0.933761477470398,0.6956250071525574,0.4130760431289673,-0.03973865881562233,0.8219509720802307,0.5557944178581238,0.45636090636253357,-0.22870680689811707,0.915097177028656,0.5922365784645081,0.45317161083221436,0.055718593299388885,0.999800980091095,0.5766315460205078,0.45481452345848083,-0.05584833398461342,0.999863862991333,0.6471028923988342,0.4747171401977539,0.032078396528959274,0.9177343845367432,0.5819990634918213,0.4809812903404236,-0.04868555814027786,0.9922422170639038,0.7141208648681641,0.4965119957923889,0.06568867713212967,0.9607650637626648,0.5365389585494995,0.49792736768722534,0.06869020313024521,0.9814591407775879,0.719739556312561,0.502716064453125,0.0653546154499054,0.915378987789154,0.5216882824897766,0.4986560046672821,0.07799062132835388,0.8959120512008667,0.7492036819458008,0.4891059994697571,0.0054324776865541935,0.9546518325805664,0.5412461161613464,0.5136855840682983,0.015226977877318859,0.9606742858886719
U15_v4,190,1,0.6264256834983826,0.3957958221435547,-0.17156364023685455,0.9999842643737793,0.6214057207107544,0.3923926055431366,-0.16013836860656738,0.9999656677246094,0.6212614178657532,0.39208805561065674,-0.16013166308403015,0.9999542236328125,0.6209369897842407,0.3917157053947449,-0.16016662120819092,0.9999618530273438,0.6186280846595764,0.39276814460754395,-0.18760034441947937,0.9999816417694092,0.6167992353439331,0.39275628328323364,-0.1876303255558014,0.9999738931655884,0.6146558523178101,0.3930516541004181,-0.18769177794456482,0.9999741315841675,0.6119388937950134,0.39283955097198486,-0.09757188707590103,0.9999511241912842,0.6063216924667358,0.39437031745910645,-0.22129987180233002,0.9999704360961914,0.6257354021072388,0.39758625626564026,-0.1457052081823349,0.9999594688415527,0.6224281191825867,0.39798739552497864,-0.18188346922397614,0.9999581575393677,0.6158319115638733,0.4062921702861786,-0.028857609257102013,0.999904990196228,0.6009461283683777,0.4166000783443451,-0.24700085818767548,0.9999622106552124,0.6513976454734802,0.40629342198371887,0.04374416917562485,0.6929751038551331,0.5995913743972778,0.44018688797950745,-0.2704130709171295,0.9222082495689392,0.6736050844192505,0.39586758613586426,0.04543353244662285,0.8859349489212036,0.604446530342102,0.4502505958080292,-0.23026636242866516,0.8774757981300354,0.678068995475769,0.3938635587692261,0.04589119926095009,0.8176657557487488,0.6016631722450256,0.45390820503234863,-0.24830202758312225,0.80780428647995,0.67433762550354,0.39133962988853455,0.03213336318731308,0.8196150064468384,0.6022375822067261,0.45230236649513245,-0.24969926476478577,0.7955046892166138,0.6738677024841309,0.3930443525314331,0.03713325038552284,0.8268589377403259,0.603230357170105,0.45099106431007385,-0.2301660180091858,0.7506846189498901,0.5877512693405151,0.4586889147758484,0.06645413488149643,0.9999505281448364,0.5802832841873169,0.4572308361530304,-0.06657145917415619,0.9999505281448364,0.6354753375053406,0.46985918283462524,0.14658714830875397,0.8970198631286621,0.5873755812644958,0.4729664623737335,0.04653186351060867,0.985831081867218,0.7055338621139526,0.49479740858078003,0.24498455226421356,0.931911826133728,0.5390591621398926,0.4975243806838989,0.22351710498332977,0.9826210141181946,0.7040431499481201,0.5002957582473755,0.25337186455726624,0.8726614117622375,0.5297279953956604,0.4989529252052307,0.24040210247039795,0.9387210011482239,0.7339438199996948,0.4939335882663727,0.21434660255908966,0.9300870895385742,0.5417104959487915,0.5119736194610596,0.1915721893310547,0.9602153897285461
U15_v4,191,1,0.6295856833457947,0.3971831202507019,-0.14814673364162445,0.9993902444839478,0.625173032283783,0.3941277861595154,-0.13840091228485107,0.998619794845581,0.6254445314407349,0.39387840032577515,-0.13843278586864471,0.9986841082572937,0.6259416341781616,0.3935413062572479,-0.13847683370113373,0.9985347986221313,0.6231777667999268,0.3942714333534241,-0.16561731696128845,0.9991216063499451,0.6220654249191284,0.39421382546424866,-0.16566865146160126,0.999015212059021,0.621295690536499,0.3941255211830139,-0.16574619710445404,0.9987480640411377,0.6220461130142212,0.39778468012809753,-0.08067597448825836,0.9983764886856079,0.6107180118560791,0.39599940180778503,-0.20302532613277435,0.9990127086639404,0.6259132027626038,0.4005569517612457,-0.12386554479598999,0.99712735414505,0.6240379810333252,0.4007524251937866,-0.15962274372577667,0.9968100190162659,0.6198373436927795,0.41015127301216125,0.00040921158506534994,0.9986820816993713,0.610524594783783,0.4140256643295288,-0.24191470444202423,0.9997695088386536,0.6367566585540771,0.4124186635017395,0.08709792047739029,0.26314884424209595,0.6281973123550415,0.4259476363658905,-0.27909138798713684,0.9199678301811218,0.6452916264533997,0.4090821444988251,0.08676494657993317,0.2306266725063324,0.6589334607124329,0.4167296290397644,-0.2501518428325653,0.8565785884857178,0.6448811292648315,0.4091774821281433,0.09296905249357224,0.21041111648082733,0.6649115681648254,0.41514432430267334,-0.2730602025985718,0.7871367931365967,0.6433459520339966,0.40663573145866394,0.07457815110683441,0.21781432628631592,0.6631024479866028,0.4116509258747101,-0.26599541306495667,0.7737897038459778,0.6452112197875977,0.4073370099067688,0.07774043828248978,0.24547985196113586,0.6602965593338013,0.41207295656204224,-0.24718539416790009,0.7227417230606079,0.590714156627655,0.45004555583000183,0.07666873186826706,0.9995809197425842,0.5780397653579712,0.457061767578125,-0.07673932611942291,0.9997748732566833,0.656337559223175,0.46956852078437805,0.08523496985435486,0.8367039561271667,0.5872162580490112,0.4797394573688507,-0.09145967662334442,0.9940770864486694,0.7100860476493835,0.4957995116710663,0.14041215181350708,0.9533427953720093,0.5371958017349243,0.49719831347465515,0.0013920003548264503,0.9917565584182739,0.7144887447357178,0.5030515789985657,0.14251501858234406,0.9373453259468079,0.5227567553520203,0.49778786301612854,0.01012697909027338,0.9710578918457031,0.7439713478088379,0.4927968978881836,0.09823201596736908,0.949120819568634,0.5386641621589661,0.5138652324676514,-0.04465876519680023,0.9784825444221497
U15_v4,192,1,0.6235861778259277,0.3960055410861969,-0.17537614703178406,0.9999635219573975,0.6194757223129272,0.3930920958518982,-0.16365908086299896,0.9999046325683594,0.619566798210144,0.3929378390312195,-0.16366590559482574,0.9998958110809326,0.619837760925293,0.39264705777168274,-0.1636839359998703,0.9998924732208252,0.6165176033973694,0.3942101299762726,-0.18858201801776886,0.999940037727356,0.6152883172035217,0.39440011978149414,-0.1886495053768158,0.9999295473098755,0.6143025159835815,0.3945264220237732,-0.18868710100650787,0.9999184608459473,0.6129534244537354,0.39469486474990845,-0.0977596566081047,0.9998354911804199,0.6066722869873047,0.39714646339416504,-0.21039031445980072,0.9999256134033203,0.6223391890525818,0.39875924587249756,-0.14905020594596863,0.9997913241386414,0.6199620962142944,0.3991034924983978,-0.18180780112743378,0.999809205532074,0.6249969601631165,0.41298583149909973,-0.020659606903791428,0.9998076558113098,0.5995301008224487,0.4140981137752533,-0.2455606311559677,0.9999654293060303,0.6475555896759033,0.42252758145332336,0.031131543219089508,0.6683630347251892,0.5922088027000427,0.4375864267349243,-0.276044100522995,0.9604691863059998,0.6700711846351624,0.4244110882282257,-0.005624752026051283,0.8846827745437622,0.5827783942222595,0.44949060678482056,-0.2587430775165558,0.9515950083732605,0.6759753823280334,0.42601558566093445,-0.005314684472978115,0.8230853080749512,0.5744017362594604,0.4529883861541748,-0.27950334548950195,0.9182576537132263,0.6748170256614685,0.4242277443408966,-0.028225446119904518,0.8345487713813782,0.551179826259613,0.4515557587146759,-0.27975958585739136,0.9131206274032593,0.6731984615325928,0.4246065318584442,-0.017884716391563416,0.8415259718894958,0.5797892808914185,0.45153212547302246,-0.2588149607181549,0.8909313678741455,0.5900894999504089,0.4516621232032776,0.07278647273778915,0.9996607303619385,0.5719621777534485,0.4566698372364044,-0.07277384400367737,0.9998944997787476,0.643375039100647,0.4730234444141388,0.10896597057580948,0.8027307987213135,0.5678279995918274,0.469064861536026,-0.14660827815532684,0.9973772764205933,0.7053864002227783,0.4943709373474121,0.1703164428472519,0.9193076491355896,0.5369614958763123,0.4975510537624359,-0.07185240089893341,0.9950107336044312,0.7065385580062866,0.5006422996520996,0.1737978458404541,0.8893324732780457,0.5258375406265259,0.49818184971809387,-0.06543254852294922,0.9699004888534546,0.7405552864074707,0.4937717914581299,0.1399277299642563,0.9191023111343384,0.5402539372444153,0.5129591226577759,-0.12400853633880615,0.9855898022651672
U15_v4,193,1,0.6306147575378418,0.39709094166755676,-0.043796468526124954,0.9983808994293213,0.6285354495048523,0.3933972418308258,-0.04252757132053375,0.9976335763931274,0.628593921661377,0.39322027564048767,-0.04257925599813461,0.9977946281433105,0.6283890008926392,0.39296090602874756,-0.0425918772816658,0.9979958534240723,0.6306275129318237,0.3939957320690155,-0.06378547102212906,0.9982389211654663,0.6266952753067017,0.3934306502342224,-0.06378071010112762,0.9977545142173767,0.6256533861160278,0.39334017038345337,-0.06392329931259155,0.9977193474769592,0.6124502420425415,0.3910159170627594,-0.01625443808734417,0.9973342418670654,0.6160669922828674,0.3946985602378845,-0.11136634647846222,0.9981781244277954,0.6284221410751343,0.3994789719581604,-0.028935203328728676,0.9951674938201904,0.6271564960479736,0.3994794189929962,-0.05722777917981148,0.9926819205284119,0.5885759592056274,0.3962351083755493,0.04164372757077217,0.9994662404060364,0.5946938395500183,0.40705978870391846,-0.16230568289756775,0.9998986721038818,0.5613194704055786,0.37507712841033936,0.1395283192396164,0.5862127542495728,0.6039940118789673,0.41349881887435913,-0.19691170752048492,0.9607154726982117,0.5371326208114624,0.3677327334880829,0.23125693202018738,0.20426619052886963,0.6468960642814636,0.40683513879776,-0.16867239773273468,0.6429253220558167,0.5244174003601074,0.3644865155220032,0.24363607168197632,0.1459195464849472,0.659803032875061,0.40603405237197876,-0.1865602284669876,0.5120195150375366,0.5329863429069519,0.36572524905204773,0.23853805661201477,0.1591256558895111,0.6582282185554504,0.4019281566143036,-0.1785622090101242,0.5135782361030579,0.5392507314682007,0.3678826093673706,0.22964288294315338,0.17115147411823273,0.6520804166793823,0.40220561623573303,-0.16344085335731506,0.44939637184143066,0.5622159838676453,0.44604554772377014,0.0812559425830841,0.9998692274093628,0.5727825164794922,0.4415791928768158,-0.08163896948099136,0.9999563694000244,0.6302876472473145,0.4644263982772827,0.0802702009677887,0.6837411522865295,0.5601446628570557,0.45642444491386414,-0.12828655540943146,0.9871020913124084,0.7056754231452942,0.49492713809013367,0.1353217214345932,0.9408068060874939,0.5330281257629395,0.495378702878952,-0.04640739783644676,0.9820276498794556,0.7124496698379517,0.5020726919174194,0.13862104713916779,0.9334694147109985,0.5186176300048828,0.49470385909080505,-0.03562809154391289,0.9638012647628784,0.7443708181381226,0.49384966492652893,0.09402306377887726,0.9285829067230225,0.5362663269042969,0.5081199407577515,-0.07895702868700027,0.9634023308753967
U15_v4,194,1,0.6384938955307007,0.39678722620010376,-0.10532943904399872,0.9976098537445068,0.635908842086792,0.3924420177936554,-0.10514780133962631,0.9976829290390015,0.6362884044647217,0.3920475244522095,-0.1051996573805809,0.9971134662628174,0.6367486715316772,0.391541063785553,-0.10523559898138046,0.9980981945991516,0.6343827843666077,0.3927474617958069,-0.12972570955753326,0.9984543323516846,0.6336432099342346,0.39262935519218445,-0.1297718584537506,0.9977656602859497,0.6320592761039734,0.39398545026779175,-0.12990279495716095,0.9984826445579529,0.6264011859893799,0.3891654908657074,-0.07323002070188522,0.9970664381980896,0.6236222386360168,0.39348307251930237,-0.1825333684682846,0.9978627562522888,0.6322935819625854,0.39792898297309875,-0.08674684166908264,0.9959132075309753,0.6299164295196533,0.3994033634662628,-0.11913159489631653,0.9949427247047424,0.60256028175354,0.39349648356437683,0.0016886551165953279,0.9990611672401428,0.6053246259689331,0.40537261962890625,-0.21757659316062927,0.9998382329940796,0.5764605402946472,0.3775872588157654,0.11571245640516281,0.6118847131729126,0.6101534366607666,0.41511985659599304,-0.2648709714412689,0.959054708480835,0.5517563223838806,0.3730045557022095,0.21227963268756866,0.12155483663082123,0.6614991426467896,0.4066413938999176,-0.25005340576171875,0.6916062831878662,0.5402168035507202,0.3706422448158264,0.22758080065250397,0.08747030049562454,0.6772440075874329,0.4058537781238556,-0.27222564816474915,0.5790247321128845,0.5463173985481262,0.3717418909072876,0.21806217730045319,0.09382566809654236,0.6743813753128052,0.4008064568042755,-0.26303955912590027,0.5823067426681519,0.5523620247840881,0.3736054301261902,0.20935198664665222,0.1087467223405838,0.6680074334144592,0.40085145831108093,-0.24425356090068817,0.48104992508888245,0.5723708271980286,0.4441492557525635,0.0839654728770256,0.9995900988578796,0.5828433036804199,0.4434315860271454,-0.08415430784225464,0.9998795986175537,0.6286774277687073,0.4654710292816162,0.13978582620620728,0.4114155173301697,0.5777660608291626,0.46704673767089844,-0.10490068793296814,0.9805043339729309,0.6688939929008484,0.4879695773124695,0.23035828769207,0.7525234222412109,0.5356959104537964,0.49663716554641724,-0.04697875678539276,0.9878814220428467,0.6685338020324707,0.4930209219455719,0.23722560703754425,0.7693113684654236,0.5239323973655701,0.4967750012874603,-0.04004037007689476,0.9741750955581665,0.6985552310943604,0.49197664856910706,0.20453105866909027,0.7754030823707581,0.5402713418006897,0.5089544653892517,-0.09110920876264572,0.9781500697135925
U15_v4,195,1,0.6323450803756714,0.39595547318458557,-0.10915254056453705,0.9999712705612183,0.6300070285797119,0.39293283224105835,-0.09971313923597336,0.9999774694442749,0.6298579573631287,0.3928287923336029,-0.09974256902933121,0.9999672174453735,0.6296545267105103,0.39269790053367615,-0.09978960454463959,0.9999769926071167,0.6272726655006409,0.39300185441970825,-0.11967401951551437,0.9999912977218628,0.6259192228317261,0.3930884897708893,-0.11967383325099945,0.9999878406524658,0.624346911907196,0.39315661787986755,-0.1196562647819519,0.9999911785125732,0.6228864192962646,0.3938317894935608,-0.04532528668642044,0.9999403953552246,0.6166248321533203,0.3953215777873993,-0.13445281982421875,0.9999840259552002,0.6300922632217407,0.39843422174453735,-0.08494710922241211,0.9998645782470703,0.6276031732559204,0.398857057094574,-0.11087028682231903,0.999930739402771,0.6082800626754761,0.4033969044685364,0.0404978021979332,0.9992895126342773,0.6075364351272583,0.41197729110717773,-0.17411355674266815,0.9998631477355957,0.6293506622314453,0.38920384645462036,0.10565145313739777,0.435228556394577,0.6375278234481812,0.4146549105644226,-0.23228466510772705,0.9942044615745544,0.6530214548110962,0.37623533606529236,0.08106162399053574,0.5578721761703491,0.7204294204711914,0.40853217244148254,-0.22876623272895813,0.9457188248634338,0.6563249826431274,0.3722965121269226,0.08167310059070587,0.576072633266449,0.7350256443023682,0.4062274098396301,-0.2566055357456207,0.9053811430931091,0.6570755243301392,0.37094321846961975,0.06751653552055359,0.5715921521186829,0.733588695526123,0.40380385518074036,-0.2422729879617691,0.8982290625572205,0.6567980647087097,0.373335063457489,0.07373979687690735,0.5514591336250305,0.7263133525848389,0.4048163592815399,-0.22238153219223022,0.8551198840141296,0.5652996301651001,0.4486342668533325,0.08186370134353638,0.9998379945755005,0.5685863494873047,0.45051977038383484,-0.08203902840614319,0.9999500513076782,0.5924344062805176,0.47760623693466187,0.17686863243579865,0.9140526652336121,0.6360661387443542,0.45834389328956604,-0.07242171466350555,0.9961062073707581,0.5296995043754578,0.48084864020347595,0.2772321105003357,0.9499059319496155,0.6563055515289307,0.49546271562576294,-0.021510932594537735,0.9983919262886047,0.5220322608947754,0.4911799430847168,0.28813251852989197,0.9268677234649658,0.6517149209976196,0.5035651326179504,-0.015962187200784683,0.9966558218002319,0.5245110988616943,0.4861154854297638,0.2769961357116699,0.9385429620742798,0.6840165853500366,0.49856624007225037,-0.05269155278801918,0.9964150190353394
U15_v4,196,1,0.6342849135398865,0.3977178931236267,-0.18252144753932953,0.9998652935028076,0.6330816745758057,0.39396896958351135,-0.17245398461818695,0.9998233914375305,0.6335843205451965,0.39371415972709656,-0.17249619960784912,0.9998200535774231,0.6343535780906677,0.39340898394584656,-0.17257077991962433,0.9998395442962646,0.6312002539634705,0.3942282795906067,-0.19724902510643005,0.9999232292175293,0.6301786303520203,0.39423465728759766,-0.19731442630290985,0.9999350309371948,0.6282818913459778,0.3942521810531616,-0.19733819365501404,0.9999363422393799,0.6303198337554932,0.3936231732368469,-0.10498841106891632,0.9997087121009827,0.6199067831039429,0.39570048451423645,-0.21468135714530945,0.999923825263977,0.6306184530258179,0.3999131917953491,-0.15176285803318024,0.9994599223136902,0.628538966178894,0.39995670318603516,-0.1837823987007141,0.999637246131897,0.6241817474365234,0.4026671051979065,-0.0019612801261246204,0.9987298846244812,0.6117540597915649,0.41269752383232117,-0.2513188123703003,0.9997857213020325,0.6565518379211426,0.3987676203250885,0.09071532636880875,0.45467332005500793,0.6549291610717773,0.4265211820602417,-0.3174583911895752,0.990541398525238,0.6800316572189331,0.3863115608692169,0.07932158559560776,0.563831090927124,0.7157716155052185,0.4119919240474701,-0.3155089020729065,0.932300865650177,0.6841213703155518,0.3828727602958679,0.08005929738283157,0.5708668828010559,0.7348583936691284,0.4094984233379364,-0.347761869430542,0.8876429200172424,0.684624969959259,0.3810335397720337,0.06152847036719322,0.5723378658294678,0.7347550392150879,0.40676984190940857,-0.3366008400917053,0.8780641555786133,0.6841992139816284,0.3831143081188202,0.06922399252653122,0.567664623260498,0.7281568050384521,0.407308965921402,-0.3108823597431183,0.8303231596946716,0.6060014963150024,0.4561978876590729,0.08308760076761246,0.9997567534446716,0.6042118668556213,0.4565829336643219,-0.08324195444583893,0.9998693466186523,0.5935527682304382,0.48177671432495117,0.2299821972846985,0.9272115230560303,0.6639307141304016,0.47296804189682007,0.04984321817755699,0.996853768825531,0.5330029129981995,0.4961623549461365,0.3767700791358948,0.9638373255729675,0.7129707336425781,0.5008396506309509,0.1563500314950943,0.9983170032501221,0.5174242258071899,0.495974600315094,0.39273831248283386,0.961142897605896,0.7185003161430359,0.5083244442939758,0.1680898517370224,0.9972566962242126,0.5144258141517639,0.49482670426368713,0.3729698956012726,0.9601526856422424,0.7493776679039001,0.4981468915939331,0.12373074144124985,0.9960101842880249
U15_v4,197,1,0.6346630454063416,0.3973546028137207,-0.18543176352977753,0.9998613595962524,0.634037435054779,0.3936297595500946,-0.174123615026474,0.9998216032981873,0.63471519947052,0.3933987319469452,-0.17415715754032135,0.9998120665550232,0.6356549263000488,0.3931170105934143,-0.17422160506248474,0.9998268485069275,0.6315921545028687,0.39383170008659363,-0.19980506598949432,0.9999300241470337,0.6303427219390869,0.3938251733779907,-0.19988219439983368,0.999941349029541,0.628197193145752,0.39381152391433716,-0.1999158412218094,0.999944806098938,0.6316932439804077,0.393276572227478,-0.10114048421382904,0.9996585845947266,0.6196478009223938,0.3947846293449402,-0.2146831750869751,0.9999399185180664,0.6311549544334412,0.3995143175125122,-0.15246474742889404,0.9993001222610474,0.6284564137458801,0.3997375965118408,-0.1856679618358612,0.9996022582054138,0.6247783899307251,0.4021163582801819,0.006495999172329903,0.9981326460838318,0.6115257143974304,0.4116566479206085,-0.25371429324150085,0.9998059868812561,0.6495158076286316,0.3944407105445862,0.10285342484712601,0.39796218276023865,0.6503015160560608,0.42759132385253906,-0.3174636662006378,0.9929350018501282,0.6674933433532715,0.3800296187400818,0.09862785041332245,0.4823969602584839,0.7120652198791504,0.4141463339328766,-0.3066557049751282,0.9449445009231567,0.6701821088790894,0.3761828541755676,0.10058131814002991,0.5000727772712708,0.7304921746253967,0.4110810160636902,-0.33602702617645264,0.9084722399711609,0.6700649261474609,0.3745800852775574,0.08440645784139633,0.4983638525009155,0.727228045463562,0.4084199070930481,-0.32534900307655334,0.9020365476608276,0.6702995300292969,0.37680160999298096,0.08944569528102875,0.49811869859695435,0.7198882102966309,0.40947121381759644,-0.30126145482063293,0.8604579567909241,0.6058226823806763,0.45584672689437866,0.08657802641391754,0.9997201561927795,0.6047860980033875,0.45621660351753235,-0.08675112575292587,0.999868631362915,0.5935243964195251,0.4823545217514038,0.2256300300359726,0.9400349855422974,0.6632991433143616,0.4725565016269684,0.0414905808866024,0.9970820546150208,0.5327560305595398,0.49741438031196594,0.3679768741130829,0.9682391285896301,0.7127026915550232,0.5009401440620422,0.1412585973739624,0.998430073261261,0.5168320536613464,0.49651607871055603,0.38329607248306274,0.9630860090255737,0.71843421459198,0.5082556009292603,0.15237870812416077,0.9973034858703613,0.515404462814331,0.4976995587348938,0.36129137873649597,0.9624961018562317,0.7494920492172241,0.497639924287796,0.10641384869813919,0.9964323043823242
U15_v4,198,1,0.6349255442619324,0.39768487215042114,-0.17600087821483612,0.9999747276306152,0.6334058046340942,0.39399227499961853,-0.1622946411371231,0.9999241828918457,0.6338963508605957,0.3938361704349518,-0.16230139136314392,0.9999072551727295,0.6345576047897339,0.39365676045417786,-0.1623319536447525,0.9999046325683594,0.6302923560142517,0.394214004278183,-0.18335451185703278,0.9999521970748901,0.6284124255180359,0.3943008780479431,-0.18339724838733673,0.999944806098938,0.6264451146125793,0.39441418647766113,-0.1833859086036682,0.9999368190765381,0.6282232999801636,0.39435824751853943,-0.08272384852170944,0.9998183846473694,0.6157881617546082,0.39660537242889404,-0.17843890190124512,0.9999512434005737,0.6338881850242615,0.4006013870239258,-0.14396755397319794,0.9997907280921936,0.6309849619865417,0.40121421217918396,-0.17178773880004883,0.9998376369476318,0.6293374300003052,0.4050470292568207,-0.008842493407428265,0.9999518394470215,0.6023079752922058,0.41350653767585754,-0.1950324922800064,0.9999454021453857,0.672177791595459,0.39756906032562256,0.03909606486558914,0.9405595660209656,0.5861683487892151,0.4283357858657837,-0.23632632195949554,0.9879641532897949,0.6981205940246582,0.3855029046535492,-0.0031399966683238745,0.9850885272026062,0.5986639261245728,0.4353780150413513,-0.2468608319759369,0.9750805497169495,0.7063034772872925,0.3831443190574646,-0.010872912593185902,0.9653885960578918,0.5970855951309204,0.4362141489982605,-0.2671068012714386,0.9482330083847046,0.7021852731704712,0.38106513023376465,-0.026663193479180336,0.9661834836006165,0.5969816446304321,0.43346256017684937,-0.2711578607559204,0.9483500123023987,0.6995670199394226,0.3828577995300293,-0.01381730381399393,0.9690329432487488,0.5975876450538635,0.43316543102264404,-0.24889737367630005,0.9329781532287598,0.6029877066612244,0.45635589957237244,0.06618595868349075,0.9998264908790588,0.5912432074546814,0.45878466963768005,-0.0663577988743782,0.999738872051239,0.6439876556396484,0.48118749260902405,0.13444244861602783,0.8743094801902771,0.5947027802467346,0.4846208691596985,-0.021330595016479492,0.987999439239502,0.7062915563583374,0.4999370574951172,0.2195565551519394,0.9426299333572388,0.5320783257484436,0.49708297848701477,0.10576820373535156,0.9846594333648682,0.7119660973548889,0.5080150365829468,0.22599196434020996,0.9005837440490723,0.520982027053833,0.4953303933143616,0.1185830757021904,0.9174110889434814,0.7417370080947876,0.4996672570705414,0.1880955547094345,0.9373779892921448,0.5440398454666138,0.5026029944419861,0.07046112418174744,0.9661879539489746
U15_v4,199,1,0.6373734474182129,0.39790791273117065,-0.09254540503025055,0.9999769926071167,0.6343371868133545,0.3944157361984253,-0.08637046813964844,0.9999641180038452,0.6342388391494751,0.3941911458969116,-0.08642018586397171,0.9999741315841675,0.6342343688011169,0.3939507305622101,-0.08643218129873276,0.9999731779098511,0.6324740052223206,0.39488929510116577,-0.108533576130867,0.9999836683273315,0.6311535835266113,0.3950073719024658,-0.10859363526105881,0.9999868869781494,0.6297566890716553,0.3951425552368164,-0.10862430185079575,0.9999836683273315,0.6289682984352112,0.39444828033447266,-0.04017559438943863,0.9999502897262573,0.622201681137085,0.3967472016811371,-0.1395936906337738,0.9999809265136719,0.6350855231285095,0.40025433897972107,-0.06993521004915237,0.9998570680618286,0.633783221244812,0.4008953273296356,-0.09906552731990814,0.9998942613601685,0.6221634149551392,0.4038676917552948,0.0119783915579319,0.9998828172683716,0.6255626082420349,0.41487598419189453,-0.167181596159935,0.9999556541442871,0.6094537377357483,0.3802311420440674,0.03691568970680237,0.9024502635002136,0.6455368995666504,0.4323440194129944,-0.2028653472661972,0.9929967522621155,0.6041191220283508,0.35620710253715515,-0.010188698768615723,0.9507290124893188,0.6885876059532166,0.424563467502594,-0.18804925680160522,0.9575673341751099,0.6141008734703064,0.3525933027267456,-0.02569488249719143,0.9349820017814636,0.7032866477966309,0.42418697476387024,-0.2094302773475647,0.9460185766220093,0.6131992340087891,0.35237830877304077,-0.03234817832708359,0.9277741312980652,0.6990047693252563,0.41923779249191284,-0.20795488357543945,0.9454795122146606,0.6113872528076172,0.35326701402664185,-0.016638878732919693,0.9257785081863403,0.6918706297874451,0.41929832100868225,-0.185859814286232,0.920172393321991,0.6008500456809998,0.455168217420578,0.07013275474309921,0.9999067783355713,0.6088739633560181,0.45820868015289307,-0.07042978703975677,0.9999754428863525,0.5469693541526794,0.4685855805873871,0.2071758657693863,0.9508572220802307,0.673821747303009,0.4754648208618164,0.005288789048790932,0.9977418184280396,0.48828357458114624,0.47644370794296265,0.34106069803237915,0.9594412446022034,0.7131708264350891,0.5037850141525269,0.08759592473506927,0.9982128143310547,0.4798380434513092,0.47764331102371216,0.35619470477104187,0.9668099880218506,0.7141910195350647,0.5105547904968262,0.0980401560664177,0.9971761703491211,0.4738546907901764,0.4800594449043274,0.3409111797809601,0.9455997347831726,0.7454971075057983,0.5019044876098633,0.05611199885606766,0.9957244396209717
U15_v4,200,1,0.6374078989028931,0.39837518334388733,-0.08500097692012787,0.9999567270278931,0.634069561958313,0.3951117992401123,-0.07958360761404037,0.9999279975891113,0.6338326930999756,0.394780695438385,-0.07964394241571426,0.9999470710754395,0.6337147951126099,0.3945158123970032,-0.07965867966413498,0.999945878982544,0.6325331926345825,0.39560821652412415,-0.10261796414852142,0.9999704360961914,0.6313150525093079,0.3957614600658417,-0.10267451405525208,0.9999767541885376,0.6300226449966431,0.3959221839904785,-0.10271647572517395,0.9999721050262451,0.6277924180030823,0.39497148990631104,-0.03653913363814354,0.9998985528945923,0.6226685047149658,0.3976348638534546,-0.1396387666463852,0.9999653100967407,0.6349787712097168,0.4004908502101898,-0.06299188733100891,0.9997507929801941,0.6339799165725708,0.4011406898498535,-0.09334597736597061,0.9998181462287903,0.6164509057998657,0.40369513630867004,0.0172115471214056,0.9998559951782227,0.622554361820221,0.4161878228187561,-0.1715029776096344,0.9999582767486572,0.6089453101158142,0.3784466087818146,0.047477636486291885,0.8950051069259644,0.6555719971656799,0.43155914545059204,-0.21358557045459747,0.9960283041000366,0.6014998555183411,0.35522639751434326,-0.0013110677246004343,0.9421619772911072,0.7073076963424683,0.42378175258636475,-0.20391973853111267,0.9676051139831543,0.6083283424377441,0.35277849435806274,-0.016450781375169754,0.9255841374397278,0.7247433662414551,0.4235546290874481,-0.22898414731025696,0.9552609920501709,0.6079137325286865,0.3524323105812073,-0.024581747129559517,0.9185996651649475,0.7204437255859375,0.4182388186454773,-0.2252085655927658,0.9545360803604126,0.6117679476737976,0.3533475399017334,-0.008108057081699371,0.9145846366882324,0.7121242880821228,0.4183282256126404,-0.20080998539924622,0.9274858832359314,0.6006681323051453,0.4551442861557007,0.0740852877497673,0.9998993873596191,0.6101895570755005,0.45779868960380554,-0.07444676011800766,0.999976634979248,0.5520679354667664,0.47064343094825745,0.2147696316242218,0.9590703845024109,0.6734504103660583,0.47535037994384766,-0.008197258226573467,0.9981070756912231,0.4943910837173462,0.47876137495040894,0.36824285984039307,0.9561764001846313,0.7129850387573242,0.5034143328666687,0.0732092335820198,0.998503565788269,0.4868568778038025,0.4797500669956207,0.38560155034065247,0.9666774272918701,0.7133406400680542,0.510309100151062,0.08345763385295868,0.997786283493042,0.4784623682498932,0.48244747519493103,0.36801934242248535,0.931244969367981,0.7459250688552856,0.5014767646789551,0.035777825862169266,0.995826780796051
U15_v4,201,1,0.6286895871162415,0.39963117241859436,-0.10174806416034698,0.9999351501464844,0.6284728050231934,0.3964921236038208,-0.09748193621635437,0.9999393224716187,0.6281682848930359,0.39638468623161316,-0.09751921892166138,0.9999368190765381,0.6275951862335205,0.3962354063987732,-0.09755335003137589,0.9999514818191528,0.6281243562698364,0.39678847789764404,-0.12149237096309662,0.9999765157699585,0.6276406049728394,0.3969419002532959,-0.12149205803871155,0.9999750852584839,0.6268593072891235,0.39707842469215393,-0.12152981013059616,0.9999786615371704,0.6177470684051514,0.39541640877723694,-0.05936012044548988,0.9998339414596558,0.6183112263679504,0.3980666399002075,-0.1694204956293106,0.9999454021453857,0.6273273229598999,0.4022615849971771,-0.08147118240594864,0.9995924830436707,0.6271790862083435,0.4027756452560425,-0.11406441032886505,0.9997771382331848,0.558419406414032,0.39259976148605347,0.012612826190888882,0.9996778964996338,0.5786138772964478,0.4050963521003723,-0.20858696103096008,0.9999659061431885,0.5640301704406738,0.3739205002784729,0.08238136768341064,0.7139187455177307,0.6257205009460449,0.41783949732780457,-0.2642691135406494,0.993304431438446,0.5778575539588928,0.35282236337661743,0.08946266770362854,0.6924999356269836,0.7063367366790771,0.4146871268749237,-0.2510971128940582,0.8979020714759827,0.5771529674530029,0.34615594148635864,0.09036238491535187,0.659195065498352,0.7316256165504456,0.4155099093914032,-0.27942079305648804,0.8629283905029297,0.5924909114837646,0.34997591376304626,0.07921376079320908,0.6463301777839661,0.7317195534706116,0.41067177057266235,-0.26683035492897034,0.8629115223884583,0.591826319694519,0.3510952889919281,0.08447397500276566,0.60529625415802,0.7203794717788696,0.41043177247047424,-0.24408257007598877,0.7812559008598328,0.5351256728172302,0.4435339868068695,0.09033963829278946,0.9997785687446594,0.5518501400947571,0.44568419456481934,-0.09077122807502747,0.9999864101409912,0.4981834292411804,0.4581794738769531,0.28125497698783875,0.8895913362503052,0.6587762236595154,0.46676450967788696,-0.09126618504524231,0.9972214698791504,0.4422333538532257,0.4528658092021942,0.4620363116264343,0.9124561548233032,0.704902708530426,0.5000427961349487,-0.05200885608792305,0.9987396597862244,0.438626766204834,0.4560035169124603,0.48224949836730957,0.8972951769828796,0.7048317193984985,0.5071024298667908,-0.04583383724093437,0.9976282715797424,0.42651283740997314,0.4706972539424896,0.4672071635723114,0.9177829623222351,0.7380775213241577,0.502242386341095,-0.0973229706287384,0.9977813363075256
U15_v4,202,1,0.6446518301963806,0.39657044410705566,-0.4117160439491272,0.9999532699584961,0.6407243013381958,0.3939330279827118,-0.40167853236198425,0.9999172687530518,0.6405953764915466,0.39376407861709595,-0.4016515910625458,0.9998812675476074,0.6406139135360718,0.39351415634155273,-0.4017363488674164,0.9999088048934937,0.6375610828399658,0.3945256173610687,-0.4209693968296051,0.9999510049819946,0.6361175775527954,0.39453110098838806,-0.42101967334747314,0.9999288320541382,0.6345787644386292,0.39450371265411377,-0.4210212826728821,0.9999327659606934,0.6353451013565063,0.3947923183441162,-0.30751311779022217,0.9997569918632507,0.6265263557434082,0.3953010141849518,-0.39607107639312744,0.9998944997787476,0.6410770416259766,0.39948391914367676,-0.37173694372177124,0.9997394680976868,0.6376636624336243,0.39949554204940796,-0.39792558550834656,0.9997883439064026,0.6298460960388184,0.40624111890792847,-0.17406244575977325,0.9997050166130066,0.6171953082084656,0.4097188115119934,-0.38334742188453674,0.9998929500579834,0.6711798906326294,0.4164256751537323,-0.08668220043182373,0.8200249671936035,0.6455976963043213,0.41579848527908325,-0.4195167124271393,0.9878469705581665,0.7221391201019287,0.418699711561203,-0.10948828607797623,0.863295316696167,0.7169170379638672,0.4214661419391632,-0.40469154715538025,0.9492051601409912,0.7256630063056946,0.41502153873443604,-0.11483034491539001,0.7694035768508911,0.7327924966812134,0.418857216835022,-0.4385620653629303,0.8870416283607483,0.7263785600662231,0.4147137999534607,-0.14381267130374908,0.7843852639198303,0.7237751483917236,0.4094637334346771,-0.4348864257335663,0.8832626938819885,0.7224363088607788,0.4175390899181366,-0.12267404794692993,0.7890923619270325,0.7165209054946899,0.4093641936779022,-0.4036500155925751,0.8386725783348083,0.5888786911964417,0.4474797248840332,0.07088736444711685,0.9998394250869751,0.5690858960151672,0.45078954100608826,-0.07100072503089905,0.999894380569458,0.6583720445632935,0.47067990899086,0.08988108485937119,0.8594528436660767,0.6004701852798462,0.4724995791912079,-0.11494911462068558,0.9902536273002625,0.712117075920105,0.502078652381897,0.18926729261875153,0.9408867955207825,0.5363271832466125,0.49569299817085266,0.009378192014992237,0.9895299077033997,0.7142914533615112,0.5106458067893982,0.19525229930877686,0.8856608867645264,0.5254414081573486,0.49367979168891907,0.01939442567527294,0.9399162530899048,0.756626546382904,0.5104594826698303,0.12794072926044464,0.9216890335083008,0.5293364524841309,0.5104817152023315,-0.06148722395300865,0.971167266368866
U15_v4,203,1,0.643196702003479,0.39707377552986145,-0.4514240622520447,0.9999693632125854,0.6389437913894653,0.3948144018650055,-0.4415578246116638,0.999950647354126,0.6400613784790039,0.3949431777000427,-0.4415472447872162,0.9999234676361084,0.64042067527771,0.3948298692703247,-0.44165241718292236,0.9999439716339111,0.6361328363418579,0.39483463764190674,-0.45954352617263794,0.9999691247940063,0.6344103813171387,0.3948187232017517,-0.45958590507507324,0.9999527931213379,0.632533848285675,0.39478710293769836,-0.45958295464515686,0.9999582767486572,0.6361039876937866,0.3953925371170044,-0.3375231623649597,0.9998452663421631,0.6233111023902893,0.39654314517974854,-0.42076897621154785,0.9999372959136963,0.6404076218605042,0.40030205249786377,-0.4070306122303009,0.9998621940612793,0.6358910202980042,0.40017443895339966,-0.4316325783729553,0.9998805522918701,0.6308800578117371,0.40616631507873535,-0.18520350754261017,0.9997525811195374,0.6151297092437744,0.41245266795158386,-0.3843522071838379,0.9998661279678345,0.6621532440185547,0.4142856299877167,-0.07361141592264175,0.7767823934555054,0.6361868381500244,0.41959163546562195,-0.39796051383018494,0.971768856048584,0.712588906288147,0.41951802372932434,-0.08919411897659302,0.8678130507469177,0.6843932867050171,0.4169549345970154,-0.372643381357193,0.8971865177154541,0.7041260004043579,0.41281938552856445,-0.09408943355083466,0.8005077242851257,0.6948618292808533,0.4177100360393524,-0.40290337800979614,0.8207411170005798,0.7035152912139893,0.4120749533176422,-0.1236729845404625,0.8124397993087769,0.6969199776649475,0.415468692779541,-0.4059501886367798,0.8175169825553894,0.7007089257240295,0.4132387638092041,-0.1020708680152893,0.8081921935081482,0.6914449334144592,0.4152621924877167,-0.3736141324043274,0.7689015865325928,0.583217203617096,0.44617486000061035,0.07039616256952286,0.9997789263725281,0.5641244053840637,0.44985613226890564,-0.07039650529623032,0.9999005794525146,0.6489231586456299,0.46849775314331055,0.0973946750164032,0.8264788389205933,0.580352246761322,0.46392783522605896,-0.16667874157428741,0.989946186542511,0.7078454494476318,0.5002938508987427,0.2065713256597519,0.9314752221107483,0.5348702669143677,0.4960217773914337,-0.05499192699790001,0.991212785243988,0.7070493698120117,0.5076684951782227,0.21305692195892334,0.8765168190002441,0.5224012732505798,0.4946215748786926,-0.045962411910295486,0.9500132203102112,0.737028181552887,0.5076693892478943,0.14273905754089355,0.9074772596359253,0.5292476415634155,0.5113380551338196,-0.13865704834461212,0.9762296676635742
U15_v4,204,0,,,,,,,,,,,,,,,,,,,,,,,,,,,,,,,,,,,,,,,,,,,,,,,,,,,,,,,,,,,,,,,,,,,,,,,,,,,,,,,,,,,,,,,,,,,,,,,,,,,,,,,,,,,,,,,,,,,,,,,,,,,,,,,,,,,,
U15_v4,205,1,0.6486442685127258,0.40007245540618896,-0.19465939700603485,0.9999895095825195,0.6434980034828186,0.39734387397766113,-0.18768467009067535,0.9999845027923584,0.6429409980773926,0.39713871479034424,-0.18766963481903076,0.9999819993972778,0.6424503922462463,0.39687207341194153,-0.18766987323760986,0.9999871253967285,0.6417964696884155,0.39753425121307373,-0.21175867319107056,0.9999935626983643,0.6403311491012573,0.39749884605407715,-0.21184863150119781,0.9999922513961792,0.6391370296478271,0.39742451906204224,-0.21185825765132904,0.9999933242797852,0.6340981721878052,0.3963652551174164,-0.12958469986915588,0.9999796152114868,0.6282055377960205,0.3981361985206604,-0.2378566861152649,0.9999923706054688,0.6450569033622742,0.4020092487335205,-0.16797266900539398,0.9999500513076782,0.6409958004951477,0.4020826816558838,-0.1995454877614975,0.9999711513519287,0.6314597129821777,0.40309369564056396,-0.05560283735394478,0.9998700618743896,0.6247866153717041,0.41384583711624146,-0.2531200349330902,0.9999704360961914,0.62593013048172,0.3829275369644165,0.002085848245769739,0.9168838858604431,0.6250709295272827,0.4287731945514679,-0.30210813879966736,0.9980573058128357,0.630155622959137,0.35945555567741394,-0.013719049282371998,0.9635254740715027,0.6535493731498718,0.4317990839481354,-0.3106886148452759,0.984961748123169,0.6235149502754211,0.35357049107551575,-0.020115556195378304,0.9437665939331055,0.6617499589920044,0.4335838258266449,-0.33211207389831543,0.9694545865058899,0.6218796968460083,0.35353296995162964,-0.03201469033956528,0.9394528865814209,0.660840630531311,0.43000853061676025,-0.3304765224456787,0.9690470099449158,0.6311470866203308,0.3539867699146271,-0.021484078839421272,0.936379611492157,0.6572374105453491,0.42923426628112793,-0.3087570369243622,0.9535963535308838,0.6076196432113647,0.45455753803253174,0.07344379276037216,0.9998834133148193,0.6079254150390625,0.4559157192707062,-0.07364679127931595,0.9999309778213501,0.6064131855964661,0.4830475449562073,0.12583710253238678,0.8538759350776672,0.6606835722923279,0.47689685225486755,-0.022811079397797585,0.9924543499946594,0.5341071486473083,0.49574723839759827,0.18878792226314545,0.9601059556007385,0.7038038372993469,0.5024044513702393,0.06619515269994736,0.9928241968154907,0.523102343082428,0.4937764108181,0.1947544515132904,0.9520464539527893,0.7024616003036499,0.5095921158790588,0.07615397870540619,0.9846674203872681,0.5371541380882263,0.4980291426181793,0.16785992681980133,0.9588496088981628,0.7097659111022949,0.515082836151123,0.048103418201208115,0.9866663813591003
U15_v4,206,1,0.6489037871360779,0.4008615016937256,-0.07098496705293655,0.9999769926071167,0.6459190845489502,0.39835068583488464,-0.06368841975927353,0.9999731779098511,0.6453388929367065,0.39813268184661865,-0.06374199688434601,0.9999717473983765,0.6446216106414795,0.39788198471069336,-0.06376209110021591,0.9999786615371704,0.6444077491760254,0.3986354470252991,-0.09062118828296661,0.9999909400939941,0.6429837942123413,0.3986257314682007,-0.09070439636707306,0.9999910593032837,0.6414404511451721,0.39860132336616516,-0.09074826538562775,0.9999927282333374,0.6372373104095459,0.39787888526916504,-0.019336586818099022,0.9999651908874512,0.6330081224441528,0.399505078792572,-0.14008712768554688,0.9999924898147583,0.6455371975898743,0.40343406796455383,-0.04964560642838478,0.99991774559021,0.6442753076553345,0.40369898080825806,-0.08501459658145905,0.99996018409729,0.6245384812355042,0.4059588313102722,0.04568573087453842,0.9998083710670471,0.635099470615387,0.41352298855781555,-0.18723812699317932,0.9999873638153076,0.6098622679710388,0.38264361023902893,0.09794069826602936,0.8679680228233337,0.677415668964386,0.42909014225006104,-0.24695076048374176,0.9991439580917358,0.6083561778068542,0.3599386215209961,0.08399613946676254,0.9271083474159241,0.7233728766441345,0.4292081594467163,-0.23727647960186005,0.9885746836662292,0.6089687347412109,0.3551389276981354,0.07942667603492737,0.9084339141845703,0.7383823394775391,0.4271273612976074,-0.2634458839893341,0.976880669593811,0.6087731122970581,0.3533633351325989,0.069133460521698,0.9033710956573486,0.7376704812049866,0.42454198002815247,-0.2525155246257782,0.9759006500244141,0.607340395450592,0.35612764954566956,0.0771636888384819,0.8944563865661621,0.7311340570449829,0.4255062937736511,-0.23113439977169037,0.9582198262214661,0.6068492531776428,0.4564638137817383,0.08286389708518982,0.999900221824646,0.6141713261604309,0.45693618059158325,-0.08315716683864594,0.999969482421875,0.6035041809082031,0.4872593879699707,0.15563058853149414,0.9640365242958069,0.6692779064178467,0.47410956025123596,-0.0501585453748703,0.9975778460502625,0.5354041457176208,0.4959215819835663,0.2503066956996918,0.9701987504959106,0.7173067927360535,0.5045850276947021,0.0044875480234622955,0.9982165694236755,0.5243499279022217,0.4933667480945587,0.260578453540802,0.9708064198493958,0.7175324559211731,0.5108726620674133,0.010387192480266094,0.99652498960495,0.5101183652877808,0.4986308813095093,0.2375253289937973,0.9622694253921509,0.7530866861343384,0.5076868534088135,-0.03838080167770386,0.9961459636688232
U15_v4,207,0,,,,,,,,,,,,,,,,,,,,,,,,,,,,,,,,,,,,,,,,,,,,,,,,,,,,,,,,,,,,,,,,,,,,,,,,,,,,,,,,,,,,,,,,,,,,,,,,,,,,,,,,,,,,,,,,,,,,,,,,,,,,,,,,,,,,
U15_v4,208,1,0.5299798250198364,0.38042211532592773,-0.18990850448608398,0.9998948574066162,0.5307992100715637,0.37667688727378845,-0.1879034787416458,0.9999282360076904,0.5298068523406982,0.37632811069488525,-0.18787869811058044,0.9999312162399292,0.5288124680519104,0.37600579857826233,-0.18790343403816223,0.9999451637268066,0.5308014154434204,0.3769114017486572,-0.21644817292690277,0.999954342842102,0.5297418832778931,0.3766559660434723,-0.21649231016635895,0.9999517202377319,0.5287191271781921,0.37642762064933777,-0.21653538942337036,0.9999532699584961,0.5165290832519531,0.37357163429260254,-0.14444434642791748,0.9998254179954529,0.5159425735473633,0.3744732141494751,-0.27630889415740967,0.9998971223831177,0.5213744044303894,0.3818351626396179,-0.1658262014389038,0.9996479749679565,0.521317720413208,0.3818311393260956,-0.20484773814678192,0.9996944665908813,0.47958213090896606,0.3804677724838257,-0.05575200915336609,0.999221682548523,0.48286229372024536,0.38494259119033813,-0.2781130373477936,0.9998095631599426,0.4823731482028961,0.37337687611579895,0.02472865581512451,0.35505977272987366,0.4865574538707733,0.38861337304115295,-0.323162317276001,0.7599553465843201,0.4790666699409485,0.3563617467880249,0.016470639035105705,0.22062186896800995,0.5232943892478943,0.3788006901741028,-0.3014693260192871,0.385652095079422,0.48026537895202637,0.3543144166469574,0.01576118730008602,0.21885323524475098,0.5363507866859436,0.3765552341938019,-0.3256472647190094,0.4133725166320801,0.4769344627857208,0.35460150241851807,-0.0006188793922774494,0.21999578177928925,0.5363342761993408,0.37452512979507446,-0.3111010491847992,0.40401068329811096,0.48160386085510254,0.35649439692497253,0.009021743200719357,0.20593324303627014,0.5298840403556824,0.37548500299453735,-0.29307156801223755,0.32365882396698,0.47151124477386475,0.4299039840698242,0.08963887393474579,0.9997833371162415,0.4892846345901489,0.4331168830394745,-0.09017731249332428,0.9999867677688599,0.4289390742778778,0.44330719113349915,0.27257513999938965,0.9123173952102661,0.6005029082298279,0.45350754261016846,-0.05519698187708855,0.998736560344696,0.3590238690376282,0.4494248032569885,0.41624531149864197,0.9632459282875061,0.6594401597976685,0.49625086784362793,0.002891640644520521,0.9994022846221924,0.35327357053756714,0.45242512226104736,0.4317212402820587,0.9351848363876343,0.6579924821853638,0.5042592883110046,0.011266420595347881,0.9985063672065735,0.35406219959259033,0.4582180082798004,0.40145015716552734,0.9465616345405579,0.6987588405609131,0.503510057926178,-0.041163600981235504,0.9980255365371704
U15_v4,209,1,0.48730313777923584,0.3719925582408905,-0.1454414576292038,0.9999254941940308,0.4888419508934021,0.3675602078437805,-0.13662929832935333,0.9999382495880127,0.48874223232269287,0.3672529458999634,-0.13664880394935608,0.9999288320541382,0.48861590027809143,0.366960734128952,-0.13671109080314636,0.9999446868896484,0.4867821931838989,0.3675754964351654,-0.16156001389026642,0.9999667406082153,0.4850698709487915,0.36718955636024475,-0.16158132255077362,0.9999650716781616,0.48337864875793457,0.3668336272239685,-0.16156519949436188,0.9999703168869019,0.4786774516105652,0.3640155792236328,-0.06768384575843811,0.9998311996459961,0.47105950117111206,0.3640926480293274,-0.1827555149793625,0.9999328851699829,0.48092466592788696,0.373464435338974,-0.11368347704410553,0.9997522234916687,0.47848790884017944,0.373252809047699,-0.1478346437215805,0.9998584985733032,0.4388273358345032,0.3603024482727051,0.0330524742603302,0.9998125433921814,0.43994349241256714,0.37743040919303894,-0.18922963738441467,0.9999382495880127,0.46857088804244995,0.36160871386528015,0.14416934549808502,0.6573434472084045,0.4454551935195923,0.39692285656929016,-0.22839395701885223,0.8919323086738586,0.4733223617076874,0.3537820279598236,0.18847928941249847,0.5515103936195374,0.4896387457847595,0.38177525997161865,-0.20421624183654785,0.6876999735832214,0.4703795313835144,0.35266342759132385,0.19955408573150635,0.500216007232666,0.5053718090057373,0.37752529978752136,-0.22439134120941162,0.6287844181060791,0.46770864725112915,0.3515203297138214,0.18348519504070282,0.48975449800491333,0.5037696361541748,0.37386029958724976,-0.20950719714164734,0.6164506673812866,0.4718463718891144,0.3538825213909149,0.18302161991596222,0.43913739919662476,0.49802085757255554,0.37568846344947815,-0.19497492909431458,0.5219221711158752,0.44752752780914307,0.4234490990638733,0.09296445548534393,0.9998968839645386,0.4303905665874481,0.41410377621650696,-0.09322988241910934,0.9999916553497314,0.4343176782131195,0.44404757022857666,0.2498883157968521,0.9353946447372437,0.5498809218406677,0.444774329662323,-0.15233057737350464,0.9987525939941406,0.3599936366081238,0.4496906101703644,0.39133891463279724,0.9447469115257263,0.598235547542572,0.49279677867889404,-0.1281360387802124,0.9995095729827881,0.3547479510307312,0.4525744616985321,0.40574201941490173,0.9273321032524109,0.5960462093353271,0.5014468431472778,-0.12339834868907928,0.9988724589347839,0.35606300830841064,0.45905768871307373,0.3728816509246826,0.9198617339134216,0.6334636211395264,0.502386748790741,-0.19468440115451813,0.9985122084617615
U15_v4,210,0,,,,,,,,,,,,,,,,,,,,,,,,,,,,,,,,,,,,,,,,,,,,,,,,,,,,,,,,,,,,,,,,,,,,,,,,,,,,,,,,,,,,,,,,,,,,,,,,,,,,,,,,,,,,,,,,,,,,,,,,,,,,,,,,,,,,
U15_v4,211,0,,,,,,,,,,,,,,,,,,,,,,,,,,,,,,,,,,,,,,,,,,,,,,,,,,,,,,,,,,,,,,,,,,,,,,,,,,,,,,,,,,,,,,,,,,,,,,,,,,,,,,,,,,,,,,,,,,,,,,,,,,,,,,,,,,,,
U15_v4,212,0,,,,,,,,,,,,,,,,,,,,,,,,,,,,,,,,,,,,,,,,,,,,,,,,,,,,,,,,,,,,,,,,,,,,,,,,,,,,,,,,,,,,,,,,,,,,,,,,,,,,,,,,,,,,,,,,,,,,,,,,,,,,,,,,,,,,
U15_v4,213,0,,,,,,,,,,,,,,,,,,,,,,,,,,,,,,,,,,,,,,,,,,,,,,,,,,,,,,,,,,,,,,,,,,,,,,,,,,,,,,,,,,,,,,,,,,,,,,,,,,,,,,,,,,,,,,,,,,,,,,,,,,,,,,,,,,,,
U15_v4,214,0,,,,,,,,,,,,,,,,,,,,,,,,,,,,,,,,,,,,,,,,,,,,,,,,,,,,,,,,,,,,,,,,,,,,,,,,,,,,,,,,,,,,,,,,,,,,,,,,,,,,,,,,,,,,,,,,,,,,,,,,,,,,,,,,,,,,
U15_v4,215,0,,,,,,,,,,,,,,,,,,,,,,,,,,,,,,,,,,,,,,,,,,,,,,,,,,,,,,,,,,,,,,,,,,,,,,,,,,,,,,,,,,,,,,,,,,,,,,,,,,,,,,,,,,,,,,,,,,,,,,,,,,,,,,,,,,,,
U15_v4,216,0,,,,,,,,,,,,,,,,,,,,,,,,,,,,,,,,,,,,,,,,,,,,,,,,,,,,,,,,,,,,,,,,,,,,,,,,,,,,,,,,,,,,,,,,,,,,,,,,,,,,,,,,,,,,,,,,,,,,,,,,,,,,,,,,,,,,
U15_v4,217,0,,,,,,,,,,,,,,,,,,,,,,,,,,,,,,,,,,,,,,,,,,,,,,,,,,,,,,,,,,,,,,,,,,,,,,,,,,,,,,,,,,,,,,,,,,,,,,,,,,,,,,,,,,,,,,,,,,,,,,,,,,,,,,,,,,,,
U15_v4,218,0,,,,,,,,,,,,,,,,,,,,,,,,,,,,,,,,,,,,,,,,,,,,,,,,,,,,,,,,,,,,,,,,,,,,,,,,,,,,,,,,,,,,,,,,,,,,,,,,,,,,,,,,,,,,,,,,,,,,,,,,,,,,,,,,,,,,
U15_v4,219,0,,,,,,,,,,,,,,,,,,,,,,,,,,,,,,,,,,,,,,,,,,,,,,,,,,,,,,,,,,,,,,,,,,,,,,,,,,,,,,,,,,,,,,,,,,,,,,,,,,,,,,,,,,,,,,,,,,,,,,,,,,,,,,,,,,,,
U15_v4,220,0,,,,,,,,,,,,,,,,,,,,,,,,,,,,,,,,,,,,,,,,,,,,,,,,,,,,,,,,,,,,,,,,,,,,,,,,,,,,,,,,,,,,,,,,,,,,,,,,,,,,,,,,,,,,,,,,,,,,,,,,,,,,,,,,,,,,
U15_v4,221,0,,,,,,,,,,,,,,,,,,,,,,,,,,,,,,,,,,,,,,,,,,,,,,,,,,,,,,,,,,,,,,,,,,,,,,,,,,,,,,,,,,,,,,,,,,,,,,,,,,,,,,,,,,,,,,,,,,,,,,,,,,,,,,,,,,,,
U15_v4,222,0,,,,,,,,,,,,,,,,,,,,,,,,,,,,,,,,,,,,,,,,,,,,,,,,,,,,,,,,,,,,,,,,,,,,,,,,,,,,,,,,,,,,,,,,,,,,,,,,,,,,,,,,,,,,,,,,,,,,,,,,,,,,,,,,,,,,
U15_v4,223,0,,,,,,,,,,,,,,,,,,,,,,,,,,,,,,,,,,,,,,,,,,,,,,,,,,,,,,,,,,,,,,,,,,,,,,,,,,,,,,,,,,,,,,,,,,,,,,,,,,,,,,,,,,,,,,,,,,,,,,,,,,,,,,,,,,,,
U15_v4,224,0,,,,,,,,,,,,,,,,,,,,,,,,,,,,,,,,,,,,,,,,,,,,,,,,,,,,,,,,,,,,,,,,,,,,,,,,,,,,,,,,,,,,,,,,,,,,,,,,,,,,,,,,,,,,,,,,,,,,,,,,,,,,,,,,,,,,
U15_v4,225,0,,,,,,,,,,,,,,,,,,,,,,,,,,,,,,,,,,,,,,,,,,,,,,,,,,,,,,,,,,,,,,,,,,,,,,,,,,,,,,,,,,,,,,,,,,,,,,,,,,,,,,,,,,,,,,,,,,,,,,,,,,,,,,,,,,,,
U15_v4,226,0,,,,,,,,,,,,,,,,,,,,,,,,,,,,,,,,,,,,,,,,,,,,,,,,,,,,,,,,,,,,,,,,,,,,,,,,,,,,,,,,,,,,,,,,,,,,,,,,,,,,,,,,,,,,,,,,,,,,,,,,,,,,,,,,,,,,
U15_v4,227,0,,,,,,,,,,,,,,,,,,,,,,,,,,,,,,,,,,,,,,,,,,,,,,,,,,,,,,,,,,,,,,,,,,,,,,,,,,,,,,,,,,,,,,,,,,,,,,,,,,,,,,,,,,,,,,,,,,,,,,,,,,,,,,,,,,,,
U15_v4,228,0,,,,,,,,,,,,,,,,,,,,,,,,,,,,,,,,,,,,,,,,,,,,,,,,,,,,,,,,,,,,,,,,,,,,,,,,,,,,,,,,,,,,,,,,,,,,,,,,,,,,,,,,,,,,,,,,,,,,,,,,,,,,,,,,,,,,
U15_v4,229,0,,,,,,,,,,,,,,,,,,,,,,,,,,,,,,,,,,,,,,,,,,,,,,,,,,,,,,,,,,,,,,,,,,,,,,,,,,,,,,,,,,,,,,,,,,,,,,,,,,,,,,,,,,,,,,,,,,,,,,,,,,,,,,,,,,,,
U15_v4,230,0,,,,,,,,,,,,,,,,,,,,,,,,,,,,,,,,,,,,,,,,,,,,,,,,,,,,,,,,,,,,,,,,,,,,,,,,,,,,,,,,,,,,,,,,,,,,,,,,,,,,,,,,,,,,,,,,,,,,,,,,,,,,,,,,,,,,
U15_v4,231,0,,,,,,,,,,,,,,,,,,,,,,,,,,,,,,,,,,,,,,,,,,,,,,,,,,,,,,,,,,,,,,,,,,,,,,,,,,,,,,,,,,,,,,,,,,,,,,,,,,,,,,,,,,,,,,,,,,,,,,,,,,,,,,,,,,,,
U15_v4,232,0,,,,,,,,,,,,,,,,,,,,,,,,,,,,,,,,,,,,,,,,,,,,,,,,,,,,,,,,,,,,,,,,,,,,,,,,,,,,,,,,,,,,,,,,,,,,,,,,,,,,,,,,,,,,,,,,,,,,,,,,,,,,,,,,,,,,
U15_v4,233,0,,,,,,,,,,,,,,,,,,,,,,,,,,,,,,,,,,,,,,,,,,,,,,,,,,,,,,,,,,,,,,,,,,,,,,,,,,,,,,,,,,,,,,,,,,,,,,,,,,,,,,,,,,,,,,,,,,,,,,,,,,,,,,,,,,,,
U15_v4,234,0,,,,,,,,,,,,,,,,,,,,,,,,,,,,,,,,,,,,,,,,,,,,,,,,,,,,,,,,,,,,,,,,,,,,,,,,,,,,,,,,,,,,,,,,,,,,,,,,,,,,,,,,,,,,,,,,,,,,,,,,,,,,,,,,,,,,
U15_v4,235,1,0.5094941854476929,0.3608570694923401,-0.14840072393417358,0.9192999005317688,0.5144132375717163,0.3573164641857147,-0.13905444741249084,0.8997564911842346,0.5137247443199158,0.3570377826690674,-0.1390993297100067,0.9016826748847961,0.513018012046814,0.35678744316101074,-0.1391710489988327,0.9179608225822449,0.5152884721755981,0.3565613031387329,-0.1729019731283188,0.8896268010139465,0.514869213104248,0.35556814074516296,-0.17296679317951202,0.8925033807754517,0.5144434571266174,0.3545832633972168,-0.17309123277664185,0.9037466645240784,0.5047845244407654,0.3511103093624115,-0.06874728202819824,0.872886598110199,0.5063245296478271,0.3482055962085724,-0.22401849925518036,0.8598254323005676,0.4986600875854492,0.36004626750946045,-0.11581085622310638,0.8888735175132751,0.4995195269584656,0.35892897844314575,-0.1614353209733963,0.9093368649482727,0.4713453948497772,0.3536532521247864,0.028593314811587334,0.992749035358429,0.4594670534133911,0.3424876630306244,-0.23911479115486145,0.9958743453025818,0.4474455416202545,0.3741663694381714,0.12470798939466476,0.09350091218948364,0.4080461859703064,0.34588274359703064,-0.30959367752075195,0.8810548782348633,0.42423439025878906,0.3820226192474365,0.08700886368751526,0.11182649433612823,0.3963592052459717,0.350210040807724,-0.34630024433135986,0.8346053957939148,0.41494131088256836,0.38483163714408875,0.09021022170782089,0.12819717824459076,0.39033955335617065,0.3506208658218384,-0.3772234320640564,0.8171930909156799,0.41855379939079285,0.3821013569831848,0.06206889823079109,0.13343758881092072,0.39508068561553955,0.3508782684803009,-0.3680121600627899,0.8174527883529663,0.42171359062194824,0.38159608840942383,0.07482586801052094,0.1336447298526764,0.39622601866722107,0.3510614037513733,-0.3427841365337372,0.7569891214370728,0.37869834899902344,0.3878416121006012,0.08881787210702896,0.9944856762886047,0.3797498345375061,0.38594743609428406,-0.08880350738763809,0.991712212562561,0.3752899169921875,0.41949424147605896,0.14944328367710114,0.4678226709365845,0.3864594101905823,0.419077068567276,0.0016350134974345565,0.9268584847450256,0.3256068825721741,0.44829633831977844,0.2855297327041626,0.47073954343795776,0.3650081753730774,0.4523230791091919,0.1572600156068802,0.8671857118606567,0.31771862506866455,0.4517422020435333,0.2974833846092224,0.46294429898262024,0.34641364216804504,0.4509020745754242,0.17240002751350403,0.8060553669929504,0.33204543590545654,0.4580208957195282,0.2618206739425659,0.5548012256622314,0.40319395065307617,0.4597540497779846,0.1318519115447998,0.8162583112716675
U15_v4,236,1,0.5101416110992432,0.36248719692230225,-0.303123414516449,0.9465925693511963,0.5153067111968994,0.35916247963905334,-0.2952302396297455,0.9144741892814636,0.5151048898696899,0.3589444160461426,-0.29522693157196045,0.9188097715377808,0.5148987174034119,0.3587619960308075,-0.29531919956207275,0.9362350702285767,0.5148262977600098,0.35824844241142273,-0.330705851316452,0.8968586921691895,0.5139683485031128,0.35721534490585327,-0.3307890295982361,0.8995364308357239,0.513105571269989,0.35618820786476135,-0.330918550491333,0.9041978716850281,0.5072566270828247,0.3530631363391876,-0.21289557218551636,0.8987235426902771,0.5041936039924622,0.34940388798713684,-0.3755137026309967,0.8402010202407837,0.5000376105308533,0.361619770526886,-0.264016330242157,0.9178405404090881,0.49944302439689636,0.36034440994262695,-0.3118652105331421,0.923881471157074,0.4788423776626587,0.3556143343448639,-0.09452685713768005,0.996825098991394,0.454751193523407,0.3433048129081726,-0.3608386516571045,0.9948058724403381,0.4510096311569214,0.37963545322418213,0.02551943063735962,0.1798858344554901,0.4013913571834564,0.34944531321525574,-0.41082558035850525,0.9102821946144104,0.42196914553642273,0.3921814262866974,0.001351035200059414,0.24001255631446838,0.3983719050884247,0.3567178249359131,-0.43452367186546326,0.8458432555198669,0.4122401475906372,0.3967185616493225,0.0031082690693438053,0.23211853206157684,0.3939703702926636,0.35841596126556396,-0.46846285462379456,0.8090426921844482,0.4141983091831207,0.3947455883026123,-0.028813140466809273,0.24769327044487,0.3993200361728668,0.3578953742980957,-0.46453988552093506,0.8125990033149719,0.4169152081012726,0.39350569248199463,-0.011951753869652748,0.24574361741542816,0.39986780285835266,0.35745033621788025,-0.43292999267578125,0.7396384477615356,0.3815404772758484,0.38944122195243835,0.08183304220438004,0.9970334768295288,0.37809017300605774,0.38593822717666626,-0.0818491280078888,0.9935821294784546,0.3784409463405609,0.42438438534736633,0.16208329796791077,0.5080316066741943,0.37785592675209045,0.4202907681465149,0.053081635385751724,0.8687503337860107,0.3347213566303253,0.44777315855026245,0.35120147466659546,0.4702807366847992,0.3557279109954834,0.44921672344207764,0.2713949680328369,0.8068796396255493,0.32371070981025696,0.45088499784469604,0.36867067217826843,0.3775845766067505,0.3402503430843353,0.44894957542419434,0.2920573651790619,0.7060037851333618,0.3336999714374542,0.45810943841934204,0.3194270730018616,0.61752849817276,0.3893338739871979,0.45976492762565613,0.23927916586399078,0.7815098762512207
U15_v4,237,0,,,,,,,,,,,,,,,,,,,,,,,,,,,,,,,,,,,,,,,,,,,,,,,,,,,,,,,,,,,,,,,,,,,,,,,,,,,,,,,,,,,,,,,,,,,,,,,,,,,,,,,,,,,,,,,,,,,,,,,,,,,,,,,,,,,,
U15_v4,238,0,,,,,,,,,,,,,,,,,,,,,,,,,,,,,,,,,,,,,,,,,,,,,,,,,,,,,,,,,,,,,,,,,,,,,,,,,,,,,,,,,,,,,,,,,,,,,,,,,,,,,,,,,,,,,,,,,,,,,,,,,,,,,,,,,,,,
U15_v4,239,1,0.40057310461997986,0.35309430956840515,-0.6270876526832581,0.9999419450759888,0.4023679494857788,0.3499683737754822,-0.6129260063171387,0.9999278783798218,0.40270209312438965,0.3497317135334015,-0.6128515601158142,0.999795138835907,0.40202564001083374,0.3483993709087372,-0.6129819750785828,0.9998761415481567,0.39683738350868225,0.3499905467033386,-0.6357795596122742,0.9999827146530151,0.3956579566001892,0.3501771092414856,-0.6358113884925842,0.9999737739562988,0.3944525718688965,0.3503611087799072,-0.6358930468559265,0.9999860525131226,0.39619797468185425,0.3470801115036011,-0.4731631875038147,0.9996240139007568,0.39067548513412476,0.35191869735717773,-0.5790823698043823,0.9999712705612183,0.3993734121322632,0.3541245460510254,-0.565322756767273,0.9996891021728516,0.39673087000846863,0.3562554121017456,-0.5965766906738281,0.999893307685852,0.3860242962837219,0.3496343195438385,-0.2611938416957855,0.9996280670166016,0.3981444537639618,0.37666696310043335,-0.536170244216919,0.9999479055404663,0.4071114957332611,0.35247063636779785,-0.04545878991484642,0.2955854535102844,0.43201303482055664,0.39988091588020325,-0.6122869849205017,0.9960610270500183,0.4310546815395355,0.35125789046287537,0.04778359457850456,0.594393253326416,0.505879819393158,0.41962385177612305,-0.6812425255775452,0.984536349773407,0.42977118492126465,0.3468475341796875,0.05657324939966202,0.5554269552230835,0.5201301574707031,0.42465195059776306,-0.7435774803161621,0.9599114656448364,0.43285974860191345,0.3505607843399048,0.01931891031563282,0.5705246925354004,0.5288611054420471,0.4203019440174103,-0.7407041788101196,0.9577463269233704,0.43237173557281494,0.35257038474082947,0.035039447247982025,0.5326763987541199,0.523760199546814,0.41858822107315063,-0.6825785040855408,0.9039950966835022,0.39123860001564026,0.4058990180492401,0.08696004748344421,0.9996187686920166,0.387701153755188,0.40762943029403687,-0.08746034651994705,0.9998458623886108,0.38099151849746704,0.42460501194000244,0.36933112144470215,0.36907097697257996,0.38389191031455994,0.4252789616584778,0.14900508522987366,0.828270435333252,0.33001309633255005,0.4466572701931,0.7029210329055786,0.4945956766605377,0.32293498516082764,0.44621339440345764,0.4377132058143616,0.9461604952812195,0.3220854699611664,0.45115894079208374,0.7367702126502991,0.5246731042861938,0.31591296195983887,0.44956260919570923,0.46784472465515137,0.8925415277481079,0.3569195866584778,0.45945674180984497,0.6996191143989563,0.6633246541023254,0.3227832615375519,0.4571370780467987,0.4093996584415436,0.9349623918533325
U15_v4,240,1,0.40066057443618774,0.3544023036956787,-0.6614346504211426,0.9999687671661377,0.4028846025466919,0.35142892599105835,-0.6472243666648865,0.9999587535858154,0.4032151997089386,0.3512111008167267,-0.6471302509307861,0.9998806715011597,0.40328744053840637,0.3508702516555786,-0.647239625453949,0.9999299049377441,0.3971904218196869,0.3512239158153534,-0.6683650016784668,0.9999910593032837,0.39636361598968506,0.3513285517692566,-0.6684131622314453,0.9999856948852539,0.3960278034210205,0.3523622751235962,-0.6684980988502502,0.9999926090240479,0.3986735939979553,0.3496977686882019,-0.5047264099121094,0.999779999256134,0.39197543263435364,0.35264018177986145,-0.6029776334762573,0.999983549118042,0.3991794288158417,0.3553096055984497,-0.5989475250244141,0.9998282194137573,0.397794634103775,0.3573526442050934,-0.6279231905937195,0.9999450445175171,0.38839563727378845,0.35070109367370605,-0.29140761494636536,0.9996726512908936,0.39914870262145996,0.3773481249809265,-0.5455741286277771,0.999958872795105,0.4010961353778839,0.352150022983551,-0.07928192615509033,0.35183554887771606,0.4329701066017151,0.39794230461120605,-0.6156604290008545,0.9951932430267334,0.42841973900794983,0.34975865483283997,0.016784559935331345,0.6356937289237976,0.5021625757217407,0.4185771942138672,-0.6829279065132141,0.9821470379829407,0.42921483516693115,0.3444192111492157,0.023487573489546776,0.5993697643280029,0.5155246257781982,0.42412546277046204,-0.7425984144210815,0.9559103846549988,0.4346669316291809,0.34607622027397156,-0.013000528328120708,0.6124414205551147,0.5242317318916321,0.42052003741264343,-0.7424896955490112,0.9541637897491455,0.4360902011394501,0.34959298372268677,0.0047232708893716335,0.5739395022392273,0.519581139087677,0.41846761107444763,-0.684963583946228,0.9024817943572998,0.39603543281555176,0.4037534296512604,0.08347547799348831,0.999664306640625,0.38730889558792114,0.40526652336120605,-0.08396084606647491,0.9998922348022461,0.38197654485702515,0.4223545789718628,0.35648372769355774,0.4489784836769104,0.3932093381881714,0.4220646321773529,0.11621927469968796,0.8545882105827332,0.3236808478832245,0.4466891884803772,0.680942177772522,0.6047064065933228,0.32775312662124634,0.4460425078868866,0.3804711401462555,0.9515184760093689,0.3165190517902374,0.4507375657558441,0.7137618660926819,0.5950865745544434,0.3200777769088745,0.4490305185317993,0.40821540355682373,0.9053781032562256,0.3407035171985626,0.45830366015434265,0.6777874231338501,0.724194347858429,0.3371551036834717,0.45682480931282043,0.3501166105270386,0.9478166103363037
U15_v4,241,1,0.4013766050338745,0.3517746925354004,-0.6380356550216675,0.9965581297874451,0.4023078978061676,0.351046621799469,-0.6286090016365051,0.9963011741638184,0.40208420157432556,0.3510285019874573,-0.6285313963890076,0.9917094111442566,0.4017792046070099,0.35096001625061035,-0.6286213397979736,0.9949285984039307,0.401611864566803,0.35119837522506714,-0.6498168110847473,0.9989989399909973,0.40089482069015503,0.3513568341732025,-0.6499070525169373,0.998708963394165,0.4005748927593231,0.35302743315696716,-0.6501055359840393,0.9992501139640808,0.397382915019989,0.3505190312862396,-0.5064191818237305,0.9888294339179993,0.39229246973991394,0.3524334728717804,-0.6059340834617615,0.9980419874191284,0.4040137529373169,0.3550134301185608,-0.582945704460144,0.9904470443725586,0.4034911096096039,0.35525164008140564,-0.6125295758247375,0.9944533705711365,0.4071919322013855,0.35231828689575195,-0.3058004081249237,0.9968660473823547,0.3976328670978546,0.3771735727787018,-0.5477394461631775,0.9997046589851379,0.41691893339157104,0.3566948473453522,-0.06771388649940491,0.11345931142568588,0.42124417424201965,0.39876237511634827,-0.6011155247688293,0.992530882358551,0.42553892731666565,0.3512148857116699,0.04890589788556099,0.4594748616218567,0.47617146372795105,0.41076937317848206,-0.670275866985321,0.9783057570457458,0.41935214400291443,0.350113183259964,0.061788201332092285,0.4439862072467804,0.4841001629829407,0.41382503509521484,-0.7335421442985535,0.9455007314682007,0.4243902266025543,0.3509492576122284,0.025372840464115143,0.473563551902771,0.4904044270515442,0.40981993079185486,-0.7308105230331421,0.9433214664459229,0.42399275302886963,0.35112470388412476,0.038280364125967026,0.43472057580947876,0.48837533593177795,0.4084289073944092,-0.6727202534675598,0.8791345953941345,0.38055068254470825,0.3949873149394989,0.07872694730758667,0.9997915625572205,0.3750034272670746,0.39948177337646484,-0.07917957752943039,0.9999325275421143,0.3885692358016968,0.4165956974029541,0.3959404528141022,0.344017893075943,0.3677016794681549,0.4175024926662445,0.19035662710666656,0.9063733816146851,0.38703498244285583,0.4478676915168762,0.7590048313140869,0.6377381682395935,0.3164825737476349,0.4467580318450928,0.48873066902160645,0.9565829634666443,0.3827784061431885,0.4534895122051239,0.7964929342269897,0.5588240027427673,0.31003302335739136,0.44822582602500916,0.5199247598648071,0.8516075015068054,0.3984774351119995,0.45542532205581665,0.7539772391319275,0.8016546964645386,0.3141319155693054,0.458823561668396,0.4564555585384369,0.9435470700263977
U15_v4,242,0,,,,,,,,,,,,,,,,,,,,,,,,,,,,,,,,,,,,,,,,,,,,,,,,,,,,,,,,,,,,,,,,,,,,,,,,,,,,,,,,,,,,,,,,,,,,,,,,,,,,,,,,,,,,,,,,,,,,,,,,,,,,,,,,,,,,
U15_v4,243,0,,,,,,,,,,,,,,,,,,,,,,,,,,,,,,,,,,,,,,,,,,,,,,,,,,,,,,,,,,,,,,,,,,,,,,,,,,,,,,,,,,,,,,,,,,,,,,,,,,,,,,,,,,,,,,,,,,,,,,,,,,,,,,,,,,,,
U15_v4,244,0,,,,,,,,,,,,,,,,,,,,,,,,,,,,,,,,,,,,,,,,,,,,,,,,,,,,,,,,,,,,,,,,,,,,,,,,,,,,,,,,,,,,,,,,,,,,,,,,,,,,,,,,,,,,,,,,,,,,,,,,,,,,,,,,,,,,
U15_v4,245,0,,,,,,,,,,,,,,,,,,,,,,,,,,,,,,,,,,,,,,,,,,,,,,,,,,,,,,,,,,,,,,,,,,,,,,,,,,,,,,,,,,,,,,,,,,,,,,,,,,,,,,,,,,,,,,,,,,,,,,,,,,,,,,,,,,,,
U15_v4,246,1,0.6105945110321045,0.3915795385837555,-0.19832658767700195,0.9600607752799988,0.6067468523979187,0.39097875356674194,-0.2050655633211136,0.9523078203201294,0.6051666140556335,0.3908965289592743,-0.20514802634716034,0.9594892263412476,0.6034968495368958,0.3908347189426422,-0.20514024794101715,0.9492179155349731,0.6103333830833435,0.3914977014064789,-0.2163776010274887,0.973371148109436,0.611180305480957,0.3918095529079437,-0.2164546698331833,0.9775891900062561,0.6121479272842407,0.3921557068824768,-0.2166721075773239,0.9759452939033508,0.5949658155441284,0.3925228714942932,-0.1948913335800171,0.9463160037994385,0.607851505279541,0.39513593912124634,-0.24833880364894867,0.9740393161773682,0.6059889793395996,0.3935503363609314,-0.18693961203098297,0.914466917514801,0.60982346534729,0.39399129152297974,-0.20276695489883423,0.9524968266487122,0.5498484373092651,0.3919190764427185,-0.16297385096549988,0.9980173110961914,0.6245335340499878,0.40809497237205505,-0.21867986023426056,0.9999192953109741,0.4696151614189148,0.3902328908443451,-0.17339453101158142,0.9682665467262268,0.63408362865448,0.42899686098098755,-0.26393747329711914,0.9811821579933167,0.4183047115802765,0.39282482862472534,-0.22356157004833221,0.9698861241340637,0.6241756677627563,0.45167621970176697,-0.2850290834903717,0.9460343718528748,0.4012412428855896,0.39275628328323364,-0.24680772423744202,0.9542236924171448,0.6210207939147949,0.45772865414619446,-0.30082622170448303,0.9121473431587219,0.408423513174057,0.3919447064399719,-0.24012501537799835,0.9554644227027893,0.6175591945648193,0.4574452340602875,-0.3014301359653473,0.9074615240097046,0.41623514890670776,0.3925551772117615,-0.22140440344810486,0.9320638179779053,0.6195899844169617,0.4549609422683716,-0.2836429178714752,0.8791252374649048,0.5263480544090271,0.4259937107563019,0.04934605956077576,0.9999769926071167,0.5708925724029541,0.4339757561683655,-0.05013004690408707,0.9999961853027344,0.5224749445915222,0.4290316700935364,0.2360142022371292,0.5551766157150269,0.6378442645072937,0.45379599928855896,0.08458667248487473,0.9632737636566162,0.48315688967704773,0.46138817071914673,0.3758699297904968,0.9131888747215271,0.6222304701805115,0.49457231163978577,0.13011197745800018,0.9856646060943604,0.4809308350086212,0.46685823798179626,0.3913704454898834,0.9146263599395752,0.6282380819320679,0.5069441795349121,0.1341668665409088,0.9732692837715149,0.4758419692516327,0.4692623019218445,0.3622269928455353,0.8947122097015381,0.6551986336708069,0.5063415169715881,0.08869394659996033,0.9648598432540894
U15_v4,247,0,,,,,,,,,,,,,,,,,,,,,,,,,,,,,,,,,,,,,,,,,,,,,,,,,,,,,,,,,,,,,,,,,,,,,,,,,,,,,,,,,,,,,,,,,,,,,,,,,,,,,,,,,,,,,,,,,,,,,,,,,,,,,,,,,,,,
U15_v4,248,0,,,,,,,,,,,,,,,,,,,,,,,,,,,,,,,,,,,,,,,,,,,,,,,,,,,,,,,,,,,,,,,,,,,,,,,,,,,,,,,,,,,,,,,,,,,,,,,,,,,,,,,,,,,,,,,,,,,,,,,,,,,,,,,,,,,,
U15_v4,249,1,0.6107804775238037,0.4057956039905548,-0.6757885217666626,0.9999966621398926,0.6228734254837036,0.40323469042778015,-0.6742190718650818,0.9999970197677612,0.6231347322463989,0.40325382351875305,-0.6740856170654297,0.9999945163726807,0.6231749057769775,0.4032589793205261,-0.6741734147071838,0.9999967813491821,0.6249618530273438,0.3985086977481842,-0.6840638518333435,0.999997615814209,0.6137780547142029,0.40095648169517517,-0.684144914150238,0.9999951124191284,0.6126331686973572,0.3997766375541687,-0.684291422367096,0.999997615814209,0.6145959496498108,0.40633049607276917,-0.5785428285598755,0.999992847442627,0.6046710014343262,0.39602285623550415,-0.6264756917953491,0.9999957084655762,0.6022758483886719,0.40816542506217957,-0.6312969923019409,0.9999961853027344,0.5997132658958435,0.4045839011669159,-0.645098865032196,0.9999959468841553,0.5871025323867798,0.41665342450141907,-0.4609164893627167,0.9998741149902344,0.5488055944442749,0.38793426752090454,-0.5050705075263977,0.9999911785125732,0.5543032288551331,0.43326014280319214,-0.4176083207130432,0.9561431407928467,0.4859645962715149,0.3714767098426819,-0.5073092579841614,0.9983980059623718,0.5339007377624512,0.4571015536785126,-0.47836121916770935,0.7535803318023682,0.4083203375339508,0.3654085099697113,-0.5527453422546387,0.9900880455970764,0.5351935029029846,0.4643464982509613,-0.508181095123291,0.595268189907074,0.3884601593017578,0.3595505654811859,-0.5815079808235168,0.9673213958740234,0.5293923616409302,0.4620695412158966,-0.5317869782447815,0.6559084057807922,0.38922667503356934,0.3636617064476013,-0.616728663444519,0.9730779528617859,0.5260306000709534,0.459379643201828,-0.49047380685806274,0.6822140216827393,0.3956681489944458,0.36753010749816895,-0.568867564201355,0.9720754623413086,0.5270249843597412,0.4256690442562103,0.015984686091542244,0.9997803568840027,0.4908832609653473,0.4172390401363373,-0.01606394350528717,0.9999649524688721,0.5577090978622437,0.4171856641769409,0.10034282505512238,0.8075662851333618,0.4495503306388855,0.4226391017436981,0.09102077782154083,0.973839521408081,0.5168530941009521,0.4341510236263275,0.2429889291524887,0.8709497451782227,0.4041607677936554,0.45301491022109985,0.3410240709781647,0.8988876938819885,0.504377543926239,0.43696096539497375,0.2566528022289276,0.709748387336731,0.4013593792915344,0.456994891166687,0.36633193492889404,0.668746292591095,0.5229888558387756,0.43943801522254944,0.21203352510929108,0.8429341316223145,0.39549604058265686,0.46626871824264526,0.33258527517318726,0.8025839924812317
U15_v4,250,1,0.3766612112522125,0.35183337330818176,-0.6030709743499756,0.9891524314880371,0.3773863613605499,0.3494330048561096,-0.5929608345031738,0.9716532230377197,0.3779134750366211,0.3487795889377594,-0.592926561832428,0.9575311541557312,0.3781580328941345,0.34836629033088684,-0.5930737257003784,0.9690784811973572,0.3744433522224426,0.3495706021785736,-0.6116144061088562,0.9876582026481628,0.37143129110336304,0.3492682874202728,-0.6116626262664795,0.9872754216194153,0.3696604073047638,0.3491269648075104,-0.6117694973945618,0.990051805973053,0.3734210729598999,0.3466872274875641,-0.47103285789489746,0.9332761764526367,0.363142728805542,0.34821817278862,-0.5568658709526062,0.9765724539756775,0.3777996003627777,0.35401493310928345,-0.5495476126670837,0.9665145874023438,0.37237614393234253,0.3539886474609375,-0.5751374363899231,0.9777995944023132,0.38698622584342957,0.35014355182647705,-0.29140326380729675,0.9972358345985413,0.35101574659347534,0.3670012652873993,-0.47479745745658875,0.9973216652870178,0.41948845982551575,0.35186660289764404,-0.09259112179279327,0.6105949878692627,0.34761542081832886,0.3889846205711365,-0.5013350248336792,0.9024628400802612,0.4273526966571808,0.34974613785743713,0.0093075605109334,0.7153806686401367,0.3542994558811188,0.4050774574279785,-0.5487805008888245,0.753055214881897,0.43041345477104187,0.3487757444381714,0.020342446863651276,0.6073595881462097,0.3530348837375641,0.4126685559749603,-0.5844736695289612,0.6389589905738831,0.4281122088432312,0.3488837480545044,-0.008067848160862923,0.6299160122871399,0.35784098505973816,0.411360502243042,-0.6010867357254028,0.6322277784347534,0.42509424686431885,0.35087329149246216,0.0002072284260066226,0.6315703392028809,0.3591148257255554,0.41011202335357666,-0.5555921196937561,0.5306983590126038,0.35991665720939636,0.388051301240921,0.06198698654770851,0.9990894794464111,0.3516693711280823,0.3915402889251709,-0.06208832189440727,0.9985490441322327,0.3683079481124878,0.41585537791252136,0.10826824605464935,0.3523406386375427,0.34766387939453125,0.4204813838005066,-0.007705864496529102,0.8497636914253235,0.37056615948677063,0.44759538769721985,0.3024517595767975,0.5023318529129028,0.3026154041290283,0.4466153383255005,0.19776037335395813,0.9057327508926392,0.3650846481323242,0.45164960622787476,0.31836846470832825,0.44221407175064087,0.29552024602890015,0.44966915249824524,0.21571527421474457,0.7582724690437317,0.3842138648033142,0.4557802975177765,0.2417207807302475,0.6026898622512817,0.29712367057800293,0.45701441168785095,0.12023406475782394,0.8633854389190674
U15_v4,251,1,0.3783305585384369,0.3490299880504608,-0.5325061082839966,0.9968969821929932,0.3775736391544342,0.3472217321395874,-0.5224038362503052,0.9905869364738464,0.3777216076850891,0.3470281958580017,-0.5223705172538757,0.9868991374969482,0.3777925968170166,0.3467351794242859,-0.5224979519844055,0.9911051392555237,0.37552136182785034,0.3474530577659607,-0.5441185832023621,0.9955190420150757,0.3741925060749054,0.34748807549476624,-0.5441533327102661,0.9953157901763916,0.37186288833618164,0.34726372361183167,-0.5442368388175964,0.9961840510368347,0.3734947144985199,0.3463042080402374,-0.41211119294166565,0.9784473776817322,0.36672767996788025,0.3478395342826843,-0.5132237076759338,0.9917495250701904,0.37878793478012085,0.3511841893196106,-0.48448169231414795,0.989013671875,0.3749648332595825,0.35155442357063293,-0.5142978429794312,0.9934410452842712,0.38310790061950684,0.35190892219543457,-0.26225242018699646,0.9987279772758484,0.3532533347606659,0.3666819632053375,-0.45418670773506165,0.9992813467979431,0.4173605442047119,0.3518128991127014,-0.11480659991502762,0.7394341826438904,0.34564074873924255,0.3850718140602112,-0.4963073134422302,0.9443153142929077,0.43546149134635925,0.349886417388916,-0.07241066545248032,0.8088480234146118,0.3508210778236389,0.4025806188583374,-0.5528126955032349,0.8166900873184204,0.4273131191730499,0.3482179045677185,-0.07258501648902893,0.6904693841934204,0.3509160578250885,0.410049170255661,-0.5924217104911804,0.7019063830375671,0.4242407977581024,0.3484736680984497,-0.1009889468550682,0.7095341682434082,0.3556922972202301,0.4100489020347595,-0.6055059432983398,0.6921119093894958,0.421743243932724,0.35077965259552,-0.08425939083099365,0.7068005800247192,0.3579775094985962,0.40731579065322876,-0.5593557357788086,0.5766176581382751,0.35981613397598267,0.3916274905204773,0.06779419630765915,0.9991093277931213,0.3549651503562927,0.3927566111087799,-0.06803905963897705,0.9993391633033752,0.3701907992362976,0.41748300194740295,0.1942429095506668,0.3869832456111908,0.34516802430152893,0.4200212359428406,-0.014440457336604595,0.9439557194709778,0.3721705675125122,0.4475433826446533,0.42168140411376953,0.5902900695800781,0.30162033438682556,0.4471189081668854,0.1681881546974182,0.9572439193725586,0.36281338334083557,0.45163360238075256,0.44182029366493225,0.5695497393608093,0.29332804679870605,0.4499458074569702,0.1839994490146637,0.8505814671516418,0.38654664158821106,0.45533040165901184,0.3816620111465454,0.6802498698234558,0.2954304814338684,0.4574951231479645,0.09092707186937332,0.9208326935768127
U15_v4,252,0,,,,,,,,,,,,,,,,,,,,,,,,,,,,,,,,,,,,,,,,,,,,,,,,,,,,,,,,,,,,,,,,,,,,,,,,,,,,,,,,,,,,,,,,,,,,,,,,,,,,,,,,,,,,,,,,,,,,,,,,,,,,,,,,,,,,
U15_v4,253,1,0.4438496530056,0.3569486141204834,-0.07320630550384521,0.9507059454917908,0.44057151675224304,0.3564488887786865,-0.06930899620056152,0.9489004015922546,0.4404272735118866,0.3567145764827728,-0.06928184628486633,0.9302342534065247,0.4402956962585449,0.356988787651062,-0.06923635303974152,0.9486969709396362,0.4410153031349182,0.35631629824638367,-0.08214475959539413,0.965594470500946,0.44079864025115967,0.3564654588699341,-0.08216626197099686,0.9592412710189819,0.4405308961868286,0.3566194176673889,-0.08230312168598175,0.9719938039779663,0.4395221769809723,0.35931673645973206,-0.03632732480764389,0.9176658987998962,0.43969711661338806,0.35890719294548035,-0.09652353823184967,0.952552318572998,0.44564664363861084,0.3590526282787323,-0.0579041913151741,0.9147515892982483,0.44628316164016724,0.3589065372943878,-0.0753730982542038,0.9264841675758362,0.4508068859577179,0.3660104274749756,0.014739523641765118,0.9859392642974854,0.4386441707611084,0.36612409353256226,-0.1129724532365799,0.9897646903991699,0.4425814747810364,0.35593676567077637,0.07074042409658432,0.25953003764152527,0.41113975644111633,0.36367401480674744,-0.14245907962322235,0.8703132271766663,0.42355188727378845,0.35062921047210693,0.12072058767080307,0.48084327578544617,0.4179692566394806,0.35682907700538635,-0.15142446756362915,0.8411718606948853,0.41745424270629883,0.3495277166366577,0.12485344707965851,0.4168035387992859,0.41948676109313965,0.3528578281402588,-0.16757901012897491,0.7993306517601013,0.41620445251464844,0.3503376841545105,0.12100470811128616,0.4201894998550415,0.42170241475105286,0.35466790199279785,-0.16819407045841217,0.8078433275222778,0.419447660446167,0.35093533992767334,0.11943226307630539,0.4001263678073883,0.41941237449645996,0.3552932143211365,-0.15087562799453735,0.7295511364936829,0.4423799514770508,0.4036998748779297,0.04566797614097595,0.9994066953659058,0.4315681457519531,0.4034539759159088,-0.04576396942138672,0.9996241331100464,0.41148269176483154,0.42253345251083374,0.0729731023311615,0.5608116984367371,0.37394124269485474,0.4231743812561035,-0.10040309280157089,0.9616154432296753,0.3709610402584076,0.4490008056163788,0.14641839265823364,0.7791520357131958,0.2975464463233948,0.4457255005836487,-0.09999191761016846,0.9877889752388,0.3627516031265259,0.4537573456764221,0.15085695683956146,0.7756832838058472,0.28857460618019104,0.44833606481552124,-0.10035374015569687,0.9761143922805786,0.3913075625896454,0.45645949244499207,0.09852409362792969,0.7365193963050842,0.2900850772857666,0.4563003182411194,-0.16690495610237122,0.9817604422569275
U15_v4,254,1,0.41058075428009033,0.3556708097457886,-0.11637139320373535,0.9743457436561584,0.4084473252296448,0.355042040348053,-0.11432410776615143,0.9640486836433411,0.4085458517074585,0.35528403520584106,-0.114285409450531,0.9538304805755615,0.40866026282310486,0.3555310368537903,-0.11425145715475082,0.9659974575042725,0.408547967672348,0.3549497723579407,-0.12434583157300949,0.9781286120414734,0.4083622395992279,0.355094313621521,-0.12438095360994339,0.9758908152580261,0.40811437368392944,0.3552447557449341,-0.12450708448886871,0.9832289814949036,0.40979519486427307,0.35757729411125183,-0.07977631688117981,0.948283314704895,0.40862834453582764,0.3572351932525635,-0.1279362440109253,0.9690379500389099,0.4133913516998291,0.3577795624732971,-0.10022138804197311,0.9538761377334595,0.4136948883533478,0.35768669843673706,-0.11428845673799515,0.9564732313156128,0.4275077283382416,0.3635399639606476,-0.018782280385494232,0.9961942434310913,0.4078126847743988,0.36567094922065735,-0.1387016922235489,0.9976004958152771,0.4374144971370697,0.3523063361644745,0.037856779992580414,0.4096303880214691,0.3905625641345978,0.3685181438922882,-0.18075428903102875,0.9262222647666931,0.42183271050453186,0.3506321310997009,0.09122350811958313,0.5715014338493347,0.410812109708786,0.36410653591156006,-0.21164199709892273,0.8437352180480957,0.4179975390434265,0.3498033881187439,0.09465788304805756,0.4545780122280121,0.41684842109680176,0.3644380569458008,-0.2327488660812378,0.7733891010284424,0.41734057664871216,0.35092830657958984,0.08763481676578522,0.4663293659687042,0.4189959764480591,0.36219918727874756,-0.22981463372707367,0.7783406972885132,0.41731715202331543,0.35169777274131775,0.0888780876994133,0.44485700130462646,0.4160025119781494,0.36242198944091797,-0.21016985177993774,0.6882039308547974,0.42054060101509094,0.40198585391044617,0.044932179152965546,0.9995191097259521,0.4055219888687134,0.4026573896408081,-0.04502646252512932,0.9997811913490295,0.3990251123905182,0.41755223274230957,0.07083987444639206,0.6442910432815552,0.36020949482917786,0.4236821234226227,-0.10223349928855896,0.9784673452377319,0.3702637553215027,0.4487522542476654,0.1611342877149582,0.8400586247444153,0.29344457387924194,0.44605639576911926,-0.0897073894739151,0.992889404296875,0.36421579122543335,0.4517937898635864,0.16727343201637268,0.7882643938064575,0.28637734055519104,0.448004812002182,-0.08954145759344101,0.9724647402763367,0.3907332420349121,0.45654210448265076,0.11175479739904404,0.833263099193573,0.28788334131240845,0.45798298716545105,-0.1633043885231018,0.9881793260574341
U15_v4,255,0,,,,,,,,,,,,,,,,,,,,,,,,,,,,,,,,,,,,,,,,,,,,,,,,,,,,,,,,,,,,,,,,,,,,,,,,,,,,,,,,,,,,,,,,,,,,,,,,,,,,,,,,,,,,,,,,,,,,,,,,,,,,,,,,,,,,
U15_v4,256,0,,,,,,,,,,,,,,,,,,,,,,,,,,,,,,,,,,,,,,,,,,,,,,,,,,,,,,,,,,,,,,,,,,,,,,,,,,,,,,,,,,,,,,,,,,,,,,,,,,,,,,,,,,,,,,,,,,,,,,,,,,,,,,,,,,,,
U15_v4,257,0,,,,,,,,,,,,,,,,,,,,,,,,,,,,,,,,,,,,,,,,,,,,,,,,,,,,,,,,,,,,,,,,,,,,,,,,,,,,,,,,,,,,,,,,,,,,,,,,,,,,,,,,,,,,,,,,,,,,,,,,,,,,,,,,,,,,
U15_v4,258,0,,,,,,,,,,,,,,,,,,,,,,,,,,,,,,,,,,,,,,,,,,,,,,,,,,,,,,,,,,,,,,,,,,,,,,,,,,,,,,,,,,,,,,,,,,,,,,,,,,,,,,,,,,,,,,,,,,,,,,,,,,,,,,,,,,,,
U15_v4,259,0,,,,,,,,,,,,,,,,,,,,,,,,,,,,,,,,,,,,,,,,,,,,,,,,,,,,,,,,,,,,,,,,,,,,,,,,,,,,,,,,,,,,,,,,,,,,,,,,,,,,,,,,,,,,,,,,,,,,,,,,,,,,,,,,,,,,
U15_v4,260,0,,,,,,,,,,,,,,,,,,,,,,,,,,,,,,,,,,,,,,,,,,,,,,,,,,,,,,,,,,,,,,,,,,,,,,,,,,,,,,,,,,,,,,,,,,,,,,,,,,,,,,,,,,,,,,,,,,,,,,,,,,,,,,,,,,,,
U15_v4,261,0,,,,,,,,,,,,,,,,,,,,,,,,,,,,,,,,,,,,,,,,,,,,,,,,,,,,,,,,,,,,,,,,,,,,,,,,,,,,,,,,,,,,,,,,,,,,,,,,,,,,,,,,,,,,,,,,,,,,,,,,,,,,,,,,,,,,
U15_v4,262,0,,,,,,,,,,,,,,,,,,,,,,,,,,,,,,,,,,,,,,,,,,,,,,,,,,,,,,,,,,,,,,,,,,,,,,,,,,,,,,,,,,,,,,,,,,,,,,,,,,,,,,,,,,,,,,,,,,,,,,,,,,,,,,,,,,,,
U15_v4,263,0,,,,,,,,,,,,,,,,,,,,,,,,,,,,,,,,,,,,,,,,,,,,,,,,,,,,,,,,,,,,,,,,,,,,,,,,,,,,,,,,,,,,,,,,,,,,,,,,,,,,,,,,,,,,,,,,,,,,,,,,,,,,,,,,,,,,
U15_v4,264,0,,,,,,,,,,,,,,,,,,,,,,,,,,,,,,,,,,,,,,,,,,,,,,,,,,,,,,,,,,,,,,,,,,,,,,,,,,,,,,,,,,,,,,,,,,,,,,,,,,,,,,,,,,,,,,,,,,,,,,,,,,,,,,,,,,,,
U15_v4,265,0,,,,,,,,,,,,,,,,,,,,,,,,,,,,,,,,,,,,,,,,,,,,,,,,,,,,,,,,,,,,,,,,,,,,,,,,,,,,,,,,,,,,,,,,,,,,,,,,,,,,,,,,,,,,,,,,,,,,,,,,,,,,,,,,,,,,
U15_v4,266,0,,,,,,,,,,,,,,,,,,,,,,,,,,,,,,,,,,,,,,,,,,,,,,,,,,,,,,,,,,,,,,,,,,,,,,,,,,,,,,,,,,,,,,,,,,,,,,,,,,,,,,,,,,,,,,,,,,,,,,,,,,,,,,,,,,,,
U15_v4,267,0,,,,,,,,,,,,,,,,,,,,,,,,,,,,,,,,,,,,,,,,,,,,,,,,,,,,,,,,,,,,,,,,,,,,,,,,,,,,,,,,,,,,,,,,,,,,,,,,,,,,,,,,,,,,,,,,,,,,,,,,,,,,,,,,,,,,
U15_v4,268,0,,,,,,,,,,,,,,,,,,,,,,,,,,,,,,,,,,,,,,,,,,,,,,,,,,,,,,,,,,,,,,,,,,,,,,,,,,,,,,,,,,,,,,,,,,,,,,,,,,,,,,,,,,,,,,,,,,,,,,,,,,,,,,,,,,,,
U15_v4,269,1,0.5239884257316589,0.3718210756778717,-0.4713117480278015,0.999420166015625,0.517708957195282,0.3643733859062195,-0.4754182696342468,0.9991596937179565,0.5180733799934387,0.3640671968460083,-0.4754374027252197,0.9988536834716797,0.5188480615615845,0.3637555241584778,-0.4755808115005493,0.999305009841919,0.5277324318885803,0.3684082627296448,-0.49519264698028564,0.9993407130241394,0.5266445279121399,0.36791640520095825,-0.49528050422668457,0.9989915490150452,0.5255535840988159,0.3674336373806,-0.4953230917453766,0.9994248151779175,0.5186157822608948,0.36614757776260376,-0.4095352590084076,0.998001754283905,0.515506386756897,0.3648265600204468,-0.5034909248352051,0.9984548091888428,0.5146251320838928,0.37355899810791016,-0.4347371459007263,0.9991821646690369,0.514181911945343,0.3729621469974518,-0.4623664915561676,0.9993959665298462,0.4859888255596161,0.3660600185394287,-0.2628116011619568,0.9991588592529297,0.48387932777404785,0.3751605749130249,-0.46577543020248413,0.9999337196350098,0.5022385120391846,0.3944821059703827,-0.19232870638370514,0.3737308084964752,0.5254976153373718,0.4160756468772888,-0.47557589411735535,0.9450010657310486,0.5227252244949341,0.4250277876853943,-0.208011656999588,0.4915585517883301,0.5864251852035522,0.4475543797016144,-0.49179092049598694,0.9647549390792847,0.5262542963027954,0.4305974245071411,-0.2165897786617279,0.44477930665016174,0.6015350222587585,0.4526354968547821,-0.5473744869232178,0.9610058069229126,0.5307316780090332,0.432351291179657,-0.2587035000324249,0.4406239688396454,0.6082697510719299,0.4489692151546478,-0.538381814956665,0.9589065909385681,0.5250204801559448,0.43033337593078613,-0.22436055541038513,0.4577271044254303,0.6008017659187317,0.4481801390647888,-0.49010154604911804,0.9300525188446045,0.4039919078350067,0.3943997621536255,0.07471473515033722,0.9997139573097229,0.4073524475097656,0.4004144072532654,-0.07480352371931076,0.9999192953109741,0.3411993682384491,0.41341254115104675,0.37589940428733826,0.8741343021392822,0.46618086099624634,0.422834187746048,0.04354250431060791,0.9663021564483643,0.29294639825820923,0.4345329999923706,0.686115026473999,0.9762622714042664,0.5230103731155396,0.4688091278076172,0.1780894249677658,0.9882774949073792,0.2803896963596344,0.43576672673225403,0.7212506532669067,0.9757513999938965,0.5250099897384644,0.47979843616485596,0.19032491743564606,0.9654178023338318,0.2950654625892639,0.4483097493648529,0.683261513710022,0.9773025512695312,0.5722864866256714,0.4741642475128174,0.10914628952741623,0.9834859371185303
U15_v4,270,0,,,,,,,,,,,,,,,,,,,,,,,,,,,,,,,,,,,,,,,,,,,,,,,,,,,,,,,,,,,,,,,,,,,,,,,,,,,,,,,,,,,,,,,,,,,,,,,,,,,,,,,,,,,,,,,,,,,,,,,,,,,,,,,,,,,,
U15_v4,271,1,0.5742383599281311,0.39773041009902954,-0.26071012020111084,0.9954718351364136,0.565921425819397,0.39910516142845154,-0.26690933108329773,0.996396005153656,0.5633653402328491,0.3991720378398895,-0.2669282853603363,0.9968069791793823,0.5607838034629822,0.3992731273174286,-0.2670012414455414,0.9966115355491638,0.5731275081634521,0.39964088797569275,-0.2679879665374756,0.996702253818512,0.5752514600753784,0.39999598264694214,-0.26801598072052,0.9967131614685059,0.5774413347244263,0.4003618657588959,-0.2681454122066498,0.9964727759361267,0.5563036799430847,0.40129294991493225,-0.23467442393302917,0.9959902167320251,0.5819683074951172,0.4031817615032196,-0.2453475147485733,0.9958810806274414,0.57377028465271,0.398578017950058,-0.2412063032388687,0.9913101196289062,0.5813364386558533,0.3991600573062897,-0.24412931501865387,0.9925116300582886,0.5467389822006226,0.4028819799423218,-0.15763363242149353,0.9996752738952637,0.630650520324707,0.40803149342536926,-0.1868826150894165,0.9999779462814331,0.5147401690483093,0.4206524193286896,-0.19454418122768402,0.299884170293808,0.6836481690406799,0.42247307300567627,-0.27594155073165894,0.9560645818710327,0.4938335716724396,0.4340876340866089,-0.25986218452453613,0.8503822684288025,0.7400074005126953,0.4312012195587158,-0.37832048535346985,0.942416250705719,0.509337842464447,0.43363338708877563,-0.274864137172699,0.8323190808296204,0.7576555609703064,0.43653589487075806,-0.40522000193595886,0.9177938103675842,0.49034425616264343,0.43636348843574524,-0.2786930501461029,0.8169270157814026,0.751681923866272,0.4352782964706421,-0.3950378894805908,0.9136805534362793,0.5211204290390015,0.4325108528137207,-0.26065918803215027,0.7766438126564026,0.7386574149131775,0.43286392092704773,-0.3764095604419708,0.8929381370544434,0.5753182768821716,0.41829991340637207,0.02719265967607498,0.9999921321868896,0.6131308078765869,0.4249071478843689,-0.028003819286823273,0.9999971389770508,0.6093723177909851,0.4380127191543579,0.18600530922412872,0.16821196675300598,0.6654430627822876,0.44973239302635193,0.03474962338805199,0.6371911764144897,0.6388717889785767,0.4804403781890869,0.2689751088619232,0.5915214419364929,0.652737021446228,0.485682874917984,0.1157069131731987,0.7939987778663635,0.6252096891403198,0.4875890612602234,0.27518734335899353,0.680640697479248,0.6501491069793701,0.4900650084018707,0.12163185328245163,0.7733336687088013,0.6448774933815002,0.4920347034931183,0.23101669549942017,0.7025686502456665,0.6558744311332703,0.4963522255420685,0.060468755662441254,0.6959220170974731
U15_v4,272,1,0.5878444910049438,0.40200233459472656,-0.02087699994444847,0.9999051094055176,0.5866995453834534,0.4009245038032532,-0.029642028734087944,0.9999152421951294,0.5840478539466858,0.4004138112068176,-0.029659662395715714,0.9999070167541504,0.5813718438148499,0.3999107778072357,-0.029675554484128952,0.9998947381973267,0.5928176641464233,0.4020450711250305,-0.04337557405233383,0.9999310970306396,0.5943618416786194,0.40221279859542847,-0.043275509029626846,0.9999336004257202,0.5960184335708618,0.402417927980423,-0.04335207864642143,0.9999363422393799,0.5716029405593872,0.3975859582424164,-0.04420489817857742,0.9998985528945923,0.5933756828308105,0.401451975107193,-0.11122243851423264,0.9999185800552368,0.5800858736038208,0.40049976110458374,-0.019061338156461716,0.9997301697731018,0.5861303210258484,0.4012977182865143,-0.03871506452560425,0.9998664855957031,0.516902506351471,0.39129385352134705,-0.035649076104164124,0.9998973608016968,0.6073963046073914,0.40120381116867065,-0.14414140582084656,0.9999806880950928,0.43141472339630127,0.3993668854236603,-0.05388612672686577,0.9925249218940735,0.6610609889030457,0.42311668395996094,-0.23091965913772583,0.996868908405304,0.3941098153591156,0.41089555621147156,-0.10608872771263123,0.9925668239593506,0.7152063250541687,0.45468810200691223,-0.266941636800766,0.9858403205871582,0.38722410798072815,0.4129730463027954,-0.1302303820848465,0.9812518358230591,0.7306232452392578,0.46220946311950684,-0.2923103868961334,0.968499481678009,0.3852720260620117,0.4108167588710785,-0.12679287791252136,0.9808692932128906,0.7334743738174438,0.46225178241729736,-0.27241989970207214,0.9688917994499207,0.39046189188957214,0.41005104780197144,-0.10566864162683487,0.9751355051994324,0.7258790135383606,0.459296852350235,-0.25793638825416565,0.9605651497840881,0.5263078212738037,0.40176212787628174,0.06598886847496033,0.9999995231628418,0.5823090672492981,0.40780606865882874,-0.06670410186052322,0.9999997615814209,0.529132604598999,0.4319448173046112,0.27676451206207275,0.5177717208862305,0.6678559184074402,0.43636250495910645,0.08444000035524368,0.9543243050575256,0.5014212131500244,0.46772536635398865,0.4663722515106201,0.8093271851539612,0.6877658367156982,0.47678565979003906,0.19997625052928925,0.9764275550842285,0.49506932497024536,0.47119414806365967,0.48769643902778625,0.8513959050178528,0.6837584376335144,0.4857039749622345,0.21044950187206268,0.9660497307777405,0.5087816715240479,0.48127540946006775,0.46763136982917786,0.8453521728515625,0.7212403416633606,0.48322105407714844,0.1678837388753891,0.9491119384765625
U15_v4,273,1,0.5638899207115173,0.39498573541641235,-0.4751151204109192,0.9972825050354004,0.5555629730224609,0.3963542878627777,-0.4804604947566986,0.9986390471458435,0.5527694225311279,0.39606016874313354,-0.4804038107395172,0.9983842372894287,0.5499445199966431,0.39580026268959045,-0.48048675060272217,0.998809814453125,0.5626047849655151,0.3983892798423767,-0.4884665310382843,0.9987924098968506,0.5638600587844849,0.39918407797813416,-0.4884733557701111,0.9984745383262634,0.5651549696922302,0.40001973509788513,-0.4885527193546295,0.9988521337509155,0.5382776856422424,0.3967980742454529,-0.41431307792663574,0.9983715415000916,0.5618698000907898,0.4036995470523834,-0.45658746361732483,0.9985219836235046,0.5581833124160767,0.3947407007217407,-0.4389304518699646,0.9952154159545898,0.5648428797721863,0.39666515588760376,-0.45148399472236633,0.9965181350708008,0.5117055177688599,0.39156198501586914,-0.27713507413864136,0.9991040825843811,0.5834184885025024,0.40920817852020264,-0.3412427306175232,0.999437153339386,0.48297661542892456,0.40543225407600403,-0.2488975077867508,0.6133311986923218,0.6531049013137817,0.42675766348838806,-0.34070417284965515,0.9755540490150452,0.46298903226852417,0.421263724565506,-0.26792749762535095,0.7676253914833069,0.7322807312011719,0.44133493304252625,-0.34259992837905884,0.9149611592292786,0.45665156841278076,0.42432788014411926,-0.276747465133667,0.6267147064208984,0.748238205909729,0.44631147384643555,-0.3634105622768402,0.8333706259727478,0.45905405282974243,0.42416802048683167,-0.28554025292396545,0.5779933929443359,0.7569847106933594,0.44358953833580017,-0.35053524374961853,0.8262373208999634,0.46328163146972656,0.4231704771518707,-0.2677452564239502,0.5325113534927368,0.7518057227134705,0.4418020248413086,-0.3357675075531006,0.7924830913543701,0.5349088907241821,0.3963109254837036,0.03657412528991699,0.9999904632568359,0.5703641772270203,0.41016867756843567,-0.036872074007987976,0.9999896287918091,0.4841921329498291,0.41816967725753784,0.18506263196468353,0.788231611251831,0.6146438121795654,0.4434480667114258,0.13711580634117126,0.7647251486778259,0.4264715909957886,0.4575501084327698,0.3556692898273468,0.797839879989624,0.648179292678833,0.483887255191803,0.3175411522388458,0.8790093660354614,0.41774407029151917,0.4613787829875946,0.3752641975879669,0.8497462272644043,0.6464534401893616,0.49032431840896606,0.33511826395988464,0.8010208010673523,0.4225705862045288,0.47134125232696533,0.34029990434646606,0.8763552904129028,0.6651891469955444,0.49265867471694946,0.29199936985969543,0.8377237319946289
U15_v4,274,1,0.636994481086731,0.4089580774307251,0.3134346008300781,0.9972471594810486,0.6364791989326477,0.4075273871421814,0.3264489769935608,0.9974355101585388,0.634734034538269,0.4074306786060333,0.3264746069908142,0.9966927766799927,0.6329762935638428,0.4073431193828583,0.32648277282714844,0.9970309734344482,0.6397787928581238,0.407534122467041,0.30881157517433167,0.9984105825424194,0.640474796295166,0.40756359696388245,0.3087873160839081,0.9986395239830017,0.6412118077278137,0.4076251983642578,0.30861565470695496,0.9989355206489563,0.6254727840423584,0.4078487455844879,0.35409149527549744,0.9957898259162903,0.6361907720565796,0.4077843725681305,0.2763300836086273,0.9989936947822571,0.6297236680984497,0.4103301763534546,0.32448622584342957,0.9915950894355774,0.6333786249160767,0.4105682373046875,0.30176639556884766,0.9922824501991272,0.5903595685958862,0.41436097025871277,0.375562846660614,0.9977460503578186,0.634280800819397,0.4172506034374237,0.14773553609848022,0.999906063079834,0.6007685661315918,0.43865546584129333,0.3769516050815582,0.08073483407497406,0.6932852268218994,0.43387362360954285,0.08485842496156693,0.9665067791938782,0.6228451132774353,0.4624113440513611,0.3618714213371277,0.5437072515487671,0.7399991750717163,0.44151514768600464,0.1261567920446396,0.9911037683486938,0.6305724382400513,0.46547961235046387,0.36641544103622437,0.5057885050773621,0.7491066455841064,0.44672465324401855,0.10685314983129501,0.9876694083213806,0.6340150237083435,0.4681062698364258,0.34569498896598816,0.5290992259979248,0.7488827705383301,0.446066677570343,0.12012273073196411,0.9860662817955017,0.6310517191886902,0.4672600030899048,0.3511454463005066,0.5749365091323853,0.7433661222457886,0.44481778144836426,0.13210897147655487,0.9805081486701965,0.4863767921924591,0.4285554587841034,0.07478242367506027,0.9999966621398926,0.5245822668075562,0.430618017911911,-0.07513239234685898,0.9999862909317017,0.4109794497489929,0.43724456429481506,0.08544054627418518,0.9957314133644104,0.6038016080856323,0.4403021037578583,-0.031466785818338394,0.9933599829673767,0.3293863832950592,0.4529763460159302,0.08137351274490356,0.9958614706993103,0.603295624256134,0.4791129231452942,-0.03441529721021652,0.9966031312942505,0.31654804944992065,0.4543931484222412,0.07966631650924683,0.9977948665618896,0.6231438517570496,0.48977360129356384,-0.040777795016765594,0.9901614189147949,0.32126444578170776,0.46598660945892334,0.04898808151483536,0.9946321249008179,0.6380032300949097,0.48725375533103943,-0.08915957808494568,0.9928828477859497
U15_v4,275,0,,,,,,,,,,,,,,,,,,,,,,,,,,,,,,,,,,,,,,,,,,,,,,,,,,,,,,,,,,,,,,,,,,,,,,,,,,,,,,,,,,,,,,,,,,,,,,,,,,,,,,,,,,,,,,,,,,,,,,,,,,,,,,,,,,,,
U15_v4,276,1,0.6713614463806152,0.4215984344482422,0.25544077157974243,0.9989135265350342,0.6698768138885498,0.4220782220363617,0.2677289843559265,0.9991779923439026,0.6689255833625793,0.42206743359565735,0.26773548126220703,0.9991594552993774,0.668220043182373,0.4219852685928345,0.26774442195892334,0.9992075562477112,0.6739177703857422,0.4209522008895874,0.24703118205070496,0.9990589022636414,0.6741458177566528,0.4207344055175781,0.24701930582523346,0.9988962411880493,0.6745659112930298,0.42044514417648315,0.24690671265125275,0.9990321397781372,0.6592609882354736,0.4170568883419037,0.29360857605934143,0.9987691044807434,0.6705426573753357,0.4183550477027893,0.19786034524440765,0.9981992840766907,0.6639454364776611,0.42161473631858826,0.2648552656173706,0.9966309666633606,0.668002188205719,0.42034444212913513,0.23674625158309937,0.9962067604064941,0.6165496706962585,0.4114309847354889,0.2719731032848358,0.9994845390319824,0.680352509021759,0.419063538312912,0.09748465567827225,0.9999649524688721,0.5599950551986694,0.4128677248954773,0.2403518706560135,0.45475494861602783,0.7062921524047852,0.4318120777606964,-0.04158279672265053,0.9800671339035034,0.5205539464950562,0.4293128550052643,0.1939024180173874,0.47336846590042114,0.7328348755836487,0.4481324851512909,-0.09491876512765884,0.9386158585548401,0.5175674557685852,0.4324820339679718,0.18958090245723724,0.4161455035209656,0.7384222745895386,0.4541541337966919,-0.11393269151449203,0.9184009432792664,0.5195350050926208,0.43258941173553467,0.18559400737285614,0.3945937752723694,0.7385390400886536,0.45467641949653625,-0.09506124258041382,0.9128872156143188,0.5204273462295532,0.4316583573818207,0.1902228444814682,0.40489959716796875,0.7358982563018799,0.45346495509147644,-0.08772554993629456,0.8814772367477417,0.5788360834121704,0.42685312032699585,0.074468232691288,0.9999827146530151,0.6026343107223511,0.4314793050289154,-0.07476184517145157,0.9999819993972778,0.6138055920600891,0.45452895760536194,0.11956485360860825,0.6446622610092163,0.6680470108985901,0.44581639766693115,-0.026984717696905136,0.987200140953064,0.5933660864830017,0.48916494846343994,0.13476531207561493,0.8320786952972412,0.6675777435302734,0.47985386848449707,-0.00957921426743269,0.9794674515724182,0.5854380130767822,0.49356403946876526,0.13451939821243286,0.9002137184143066,0.6544250845909119,0.4823595881462097,-0.009727331809699535,0.9700847268104553,0.631505012512207,0.49830856919288635,0.117974191904068,0.8995006084442139,0.683229386806488,0.4882359504699707,-0.03856220468878746,0.9649636149406433
U15_v4,277,1,0.6712037324905396,0.4230857491493225,0.22506394982337952,0.9993389248847961,0.6724634170532227,0.4226889908313751,0.23682710528373718,0.9995088577270508,0.6717221140861511,0.42271432280540466,0.2368074357509613,0.9994786381721497,0.6712377071380615,0.42265939712524414,0.23681548237800598,0.9995005130767822,0.6738866567611694,0.4222140610218048,0.21743330359458923,0.9994444251060486,0.678721010684967,0.42331981658935547,0.21744832396507263,0.9993415474891663,0.6797560453414917,0.42290377616882324,0.21735545992851257,0.99936443567276,0.6625343561172485,0.41773781180381775,0.26366856694221497,0.9993857145309448,0.6769793033599854,0.41994521021842957,0.17324569821357727,0.9988282322883606,0.6646764874458313,0.4210568070411682,0.23498396575450897,0.9978881478309631,0.6665814518928528,0.4204721450805664,0.20838582515716553,0.9977920055389404,0.6180358529090881,0.41039785742759705,0.24206703901290894,0.9998045563697815,0.68233722448349,0.4186001718044281,0.08057665824890137,0.9999747276306152,0.561540424823761,0.4120066463947296,0.20732299983501434,0.70590740442276,0.7068592309951782,0.4319753348827362,-0.0669819638133049,0.980245053768158,0.5201814770698547,0.42867550253868103,0.16360893845558167,0.7614785432815552,0.7340096831321716,0.44792845845222473,-0.13549892604351044,0.9415244460105896,0.5173460841178894,0.4319676458835602,0.15843701362609863,0.6846432685852051,0.738919198513031,0.4539058208465576,-0.15539060533046722,0.9202297329902649,0.518631100654602,0.43202829360961914,0.15538039803504944,0.660106360912323,0.7396253347396851,0.45437654852867126,-0.13652169704437256,0.9145038723945618,0.5202437043190002,0.4309862554073334,0.16083770990371704,0.6402806639671326,0.7371693253517151,0.4532701373100281,-0.12872889637947083,0.88752681016922,0.5834714770317078,0.42692315578460693,0.07451893389225006,0.9999946355819702,0.6062536835670471,0.43202054500579834,-0.07483940571546555,0.9999936819076538,0.6148728728294373,0.4585663080215454,0.12932731211185455,0.6631307601928711,0.6792048215866089,0.4471127390861511,-0.027004064992070198,0.991351842880249,0.6210260391235352,0.49212735891342163,0.14960990846157074,0.8186102509498596,0.6682124137878418,0.4797888994216919,-0.0009599197655916214,0.9835326671600342,0.6145880222320557,0.4956488609313965,0.15035347640514374,0.893073558807373,0.6581264138221741,0.48319169878959656,0.0007122841197997332,0.9743330478668213,0.625898540019989,0.5023941993713379,0.13752949237823486,0.911459743976593,0.688391387462616,0.49125444889068604,-0.021798400208353996,0.9741199016571045
U15_v4,278,0,,,,,,,,,,,,,,,,,,,,,,,,,,,,,,,,,,,,,,,,,,,,,,,,,,,,,,,,,,,,,,,,,,,,,,,,,,,,,,,,,,,,,,,,,,,,,,,,,,,,,,,,,,,,,,,,,,,,,,,,,,,,,,,,,,,,
U15_v4,279,0,,,,,,,,,,,,,,,,,,,,,,,,,,,,,,,,,,,,,,,,,,,,,,,,,,,,,,,,,,,,,,,,,,,,,,,,,,,,,,,,,,,,,,,,,,,,,,,,,,,,,,,,,,,,,,,,,,,,,,,,,,,,,,,,,,,,
U15_v4,280,0,,,,,,,,,,,,,,,,,,,,,,,,,,,,,,,,,,,,,,,,,,,,,,,,,,,,,,,,,,,,,,,,,,,,,,,,,,,,,,,,,,,,,,,,,,,,,,,,,,,,,,,,,,,,,,,,,,,,,,,,,,,,,,,,,,,,
U15_v4,281,0,,,,,,,,,,,,,,,,,,,,,,,,,,,,,,,,,,,,,,,,,,,,,,,,,,,,,,,,,,,,,,,,,,,,,,,,,,,,,,,,,,,,,,,,,,,,,,,,,,,,,,,,,,,,,,,,,,,,,,,,,,,,,,,,,,,,
U15_v4,282,0,,,,,,,,,,,,,,,,,,,,,,,,,,,,,,,,,,,,,,,,,,,,,,,,,,,,,,,,,,,,,,,,,,,,,,,,,,,,,,,,,,,,,,,,,,,,,,,,,,,,,,,,,,,,,,,,,,,,,,,,,,,,,,,,,,,,
U15_v4,283,0,,,,,,,,,,,,,,,,,,,,,,,,,,,,,,,,,,,,,,,,,,,,,,,,,,,,,,,,,,,,,,,,,,,,,,,,,,,,,,,,,,,,,,,,,,,,,,,,,,,,,,,,,,,,,,,,,,,,,,,,,,,,,,,,,,,,
U15_v4,284,0,,,,,,,,,,,,,,,,,,,,,,,,,,,,,,,,,,,,,,,,,,,,,,,,,,,,,,,,,,,,,,,,,,,,,,,,,,,,,,,,,,,,,,,,,,,,,,,,,,,,,,,,,,,,,,,,,,,,,,,,,,,,,,,,,,,,
U15_v4,285,0,,,,,,,,,,,,,,,,,,,,,,,,,,,,,,,,,,,,,,,,,,,,,,,,,,,,,,,,,,,,,,,,,,,,,,,,,,,,,,,,,,,,,,,,,,,,,,,,,,,,,,,,,,,,,,,,,,,,,,,,,,,,,,,,,,,,
U15_v4,286,0,,,,,,,,,,,,,,,,,,,,,,,,,,,,,,,,,,,,,,,,,,,,,,,,,,,,,,,,,,,,,,,,,,,,,,,,,,,,,,,,,,,,,,,,,,,,,,,,,,,,,,,,,,,,,,,,,,,,,,,,,,,,,,,,,,,,
U15_v4,287,0,,,,,,,,,,,,,,,,,,,,,,,,,,,,,,,,,,,,,,,,,,,,,,,,,,,,,,,,,,,,,,,,,,,,,,,,,,,,,,,,,,,,,,,,,,,,,,,,,,,,,,,,,,,,,,,,,,,,,,,,,,,,,,,,,,,,
U15_v4,288,0,,,,,,,,,,,,,,,,,,,,,,,,,,,,,,,,,,,,,,,,,,,,,,,,,,,,,,,,,,,,,,,,,,,,,,,,,,,,,,,,,,,,,,,,,,,,,,,,,,,,,,,,,,,,,,,,,,,,,,,,,,,,,,,,,,,,
U15_v4,289,0,,,,,,,,,,,,,,,,,,,,,,,,,,,,,,,,,,,,,,,,,,,,,,,,,,,,,,,,,,,,,,,,,,,,,,,,,,,,,,,,,,,,,,,,,,,,,,,,,,,,,,,,,,,,,,,,,,,,,,,,,,,,,,,,,,,,
U15_v4,290,0,,,,,,,,,,,,,,,,,,,,,,,,,,,,,,,,,,,,,,,,,,,,,,,,,,,,,,,,,,,,,,,,,,,,,,,,,,,,,,,,,,,,,,,,,,,,,,,,,,,,,,,,,,,,,,,,,,,,,,,,,,,,,,,,,,,,
U15_v4,291,0,,,,,,,,,,,,,,,,,,,,,,,,,,,,,,,,,,,,,,,,,,,,,,,,,,,,,,,,,,,,,,,,,,,,,,,,,,,,,,,,,,,,,,,,,,,,,,,,,,,,,,,,,,,,,,,,,,,,,,,,,,,,,,,,,,,,
U15_v4,292,0,,,,,,,,,,,,,,,,,,,,,,,,,,,,,,,,,,,,,,,,,,,,,,,,,,,,,,,,,,,,,,,,,,,,,,,,,,,,,,,,,,,,,,,,,,,,,,,,,,,,,,,,,,,,,,,,,,,,,,,,,,,,,,,,,,,,
U15_v4,293,0,,,,,,,,,,,,,,,,,,,,,,,,,,,,,,,,,,,,,,,,,,,,,,,,,,,,,,,,,,,,,,,,,,,,,,,,,,,,,,,,,,,,,,,,,,,,,,,,,,,,,,,,,,,,,,,,,,,,,,,,,,,,,,,,,,,,
U15_v4,294,0,,,,,,,,,,,,,,,,,,,,,,,,,,,,,,,,,,,,,,,,,,,,,,,,,,,,,,,,,,,,,,,,,,,,,,,,,,,,,,,,,,,,,,,,,,,,,,,,,,,,,,,,,,,,,,,,,,,,,,,,,,,,,,,,,,,,
U15_v4,295,0,,,,,,,,,,,,,,,,,,,,,,,,,,,,,,,,,,,,,,,,,,,,,,,,,,,,,,,,,,,,,,,,,,,,,,,,,,,,,,,,,,,,,,,,,,,,,,,,,,,,,,,,,,,,,,,,,,,,,,,,,,,,,,,,,,,,
U15_v4,296,0,,,,,,,,,,,,,,,,,,,,,,,,,,,,,,,,,,,,,,,,,,,,,,,,,,,,,,,,,,,,,,,,,,,,,,,,,,,,,,,,,,,,,,,,,,,,,,,,,,,,,,,,,,,,,,,,,,,,,,,,,,,,,,,,,,,,
U15_v4,297,0,,,,,,,,,,,,,,,,,,,,,,,,,,,,,,,,,,,,,,,,,,,,,,,,,,,,,,,,,,,,,,,,,,,,,,,,,,,,,,,,,,,,,,,,,,,,,,,,,,,,,,,,,,,,,,,,,,,,,,,,,,,,,,,,,,,,
U15_v4,298,0,,,,,,,,,,,,,,,,,,,,,,,,,,,,,,,,,,,,,,,,,,,,,,,,,,,,,,,,,,,,,,,,,,,,,,,,,,,,,,,,,,,,,,,,,,,,,,,,,,,,,,,,,,,,,,,,,,,,,,,,,,,,,,,,,,,,
U15_v4,299,0,,,,,,,,,,,,,,,,,,,,,,,,,,,,,,,,,,,,,,,,,,,,,,,,,,,,,,,,,,,,,,,,,,,,,,,,,,,,,,,,,,,,,,,,,,,,,,,,,,,,,,,,,,,,,,,,,,,,,,,,,,,,,,,,,,,,
U15_v4,300,0,,,,,,,,,,,,,,,,,,,,,,,,,,,,,,,,,,,,,,,,,,,,,,,,,,,,,,,,,,,,,,,,,,,,,,,,,,,,,,,,,,,,,,,,,,,,,,,,,,,,,,,,,,,,,,,,,,,,,,,,,,,,,,,,,,,,
U15_v4,301,0,,,,,,,,,,,,,,,,,,,,,,,,,,,,,,,,,,,,,,,,,,,,,,,,,,,,,,,,,,,,,,,,,,,,,,,,,,,,,,,,,,,,,,,,,,,,,,,,,,,,,,,,,,,,,,,,,,,,,,,,,,,,,,,,,,,,
U15_v4,302,0,,,,,,,,,,,,,,,,,,,,,,,,,,,,,,,,,,,,,,,,,,,,,,,,,,,,,,,,,,,,,,,,,,,,,,,,,,,,,,,,,,,,,,,,,,,,,,,,,,,,,,,,,,,,,,,,,,,,,,,,,,,,,,,,,,,,
U15_v4,303,0,,,,,,,,,,,,,,,,,,,,,,,,,,,,,,,,,,,,,,,,,,,,,,,,,,,,,,,,,,,,,,,,,,,,,,,,,,,,,,,,,,,,,,,,,,,,,,,,,,,,,,,,,,,,,,,,,,,,,,,,,,,,,,,,,,,,
U15_v4,304,0,,,,,,,,,,,,,,,,,,,,,,,,,,,,,,,,,,,,,,,,,,,,,,,,,,,,,,,,,,,,,,,,,,,,,,,,,,,,,,,,,,,,,,,,,,,,,,,,,,,,,,,,,,,,,,,,,,,,,,,,,,,,,,,,,,,,
U15_v4,305,0,,,,,,,,,,,,,,,,,,,,,,,,,,,,,,,,,,,,,,,,,,,,,,,,,,,,,,,,,,,,,,,,,,,,,,,,,,,,,,,,,,,,,,,,,,,,,,,,,,,,,,,,,,,,,,,,,,,,,,,,,,,,,,,,,,,,
U15_v4,306,0,,,,,,,,,,,,,,,,,,,,,,,,,,,,,,,,,,,,,,,,,,,,,,,,,,,,,,,,,,,,,,,,,,,,,,,,,,,,,,,,,,,,,,,,,,,,,,,,,,,,,,,,,,,,,,,,,,,,,,,,,,,,,,,,,,,,
U15_v4,307,0,,,,,,,,,,,,,,,,,,,,,,,,,,,,,,,,,,,,,,,,,,,,,,,,,,,,,,,,,,,,,,,,,,,,,,,,,,,,,,,,,,,,,,,,,,,,,,,,,,,,,,,,,,,,,,,,,,,,,,,,,,,,,,,,,,,,
U15_v4,308,0,,,,,,,,,,,,,,,,,,,,,,,,,,,,,,,,,,,,,,,,,,,,,,,,,,,,,,,,,,,,,,,,,,,,,,,,,,,,,,,,,,,,,,,,,,,,,,,,,,,,,,,,,,,,,,,,,,,,,,,,,,,,,,,,,,,,
U15_v4,309,0,,,,,,,,,,,,,,,,,,,,,,,,,,,,,,,,,,,,,,,,,,,,,,,,,,,,,,,,,,,,,,,,,,,,,,,,,,,,,,,,,,,,,,,,,,,,,,,,,,,,,,,,,,,,,,,,,,,,,,,,,,,,,,,,,,,,
U15_v4,310,0,,,,,,,,,,,,,,,,,,,,,,,,,,,,,,,,,,,,,,,,,,,,,,,,,,,,,,,,,,,,,,,,,,,,,,,,,,,,,,,,,,,,,,,,,,,,,,,,,,,,,,,,,,,,,,,,,,,,,,,,,,,,,,,,,,,,
U15_v4,311,0,,,,,,,,,,,,,,,,,,,,,,,,,,,,,,,,,,,,,,,,,,,,,,,,,,,,,,,,,,,,,,,,,,,,,,,,,,,,,,,,,,,,,,,,,,,,,,,,,,,,,,,,,,,,,,,,,,,,,,,,,,,,,,,,,,,,
U15_v4,312,0,,,,,,,,,,,,,,,,,,,,,,,,,,,,,,,,,,,,,,,,,,,,,,,,,,,,,,,,,,,,,,,,,,,,,,,,,,,,,,,,,,,,,,,,,,,,,,,,,,,,,,,,,,,,,,,,,,,,,,,,,,,,,,,,,,,,
U15_v4,313,0,,,,,,,,,,,,,,,,,,,,,,,,,,,,,,,,,,,,,,,,,,,,,,,,,,,,,,,,,,,,,,,,,,,,,,,,,,,,,,,,,,,,,,,,,,,,,,,,,,,,,,,,,,,,,,,,,,,,,,,,,,,,,,,,,,,,
U15_v4,314,0,,,,,,,,,,,,,,,,,,,,,,,,,,,,,,,,,,,,,,,,,,,,,,,,,,,,,,,,,,,,,,,,,,,,,,,,,,,,,,,,,,,,,,,,,,,,,,,,,,,,,,,,,,,,,,,,,,,,,,,,,,,,,,,,,,,,
U15_v4,315,0,,,,,,,,,,,,,,,,,,,,,,,,,,,,,,,,,,,,,,,,,,,,,,,,,,,,,,,,,,,,,,,,,,,,,,,,,,,,,,,,,,,,,,,,,,,,,,,,,,,,,,,,,,,,,,,,,,,,,,,,,,,,,,,,,,,,
U15_v4,316,0,,,,,,,,,,,,,,,,,,,,,,,,,,,,,,,,,,,,,,,,,,,,,,,,,,,,,,,,,,,,,,,,,,,,,,,,,,,,,,,,,,,,,,,,,,,,,,,,,,,,,,,,,,,,,,,,,,,,,,,,,,,,,,,,,,,,
U15_v4,317,0,,,,,,,,,,,,,,,,,,,,,,,,,,,,,,,,,,,,,,,,,,,,,,,,,,,,,,,,,,,,,,,,,,,,,,,,,,,,,,,,,,,,,,,,,,,,,,,,,,,,,,,,,,,,,,,,,,,,,,,,,,,,,,,,,,,,
U15_v4,318,1,0.6190599799156189,0.4073740839958191,0.3485877215862274,0.9886907339096069,0.6171581745147705,0.4058722257614136,0.3579210638999939,0.9918590188026428,0.6163973212242126,0.40600016713142395,0.3579455018043518,0.9917984008789062,0.6156200766563416,0.406162291765213,0.35801225900650024,0.9919049739837646,0.6187846660614014,0.40525177121162415,0.34776806831359863,0.9912906885147095,0.6188870072364807,0.4049931764602661,0.34775760769844055,0.991314709186554,0.6190820932388306,0.40474188327789307,0.3476111590862274,0.9905887842178345,0.6112582683563232,0.4061364233493805,0.358784556388855,0.9928979873657227,0.6168798208236694,0.4042883515357971,0.31225964426994324,0.9887366890907288,0.616865336894989,0.40844979882240295,0.3474358916282654,0.981164276599884,0.6182578206062317,0.4077709913253784,0.3335798382759094,0.9780741930007935,0.5819994807243347,0.41564446687698364,0.30199891328811646,0.997960090637207,0.6104533672332764,0.40120282769203186,0.22244492173194885,0.9997703433036804,0.555812418460846,0.43210217356681824,0.28477469086647034,0.8775091767311096,0.5977379083633423,0.39419007301330566,0.11704186350107193,0.7311007976531982,0.5588467121124268,0.43958234786987305,0.2825774848461151,0.6544963717460632,0.5737704038619995,0.3962405025959015,0.03710009157657623,0.8098021149635315,0.5500983595848083,0.4415295124053955,0.283099502325058,0.636826753616333,0.5680661201477051,0.3967711925506592,0.028270170092582703,0.7877662777900696,0.5523777008056641,0.4406096339225769,0.29057127237319946,0.6305063366889954,0.5660644173622131,0.3972651958465576,0.04126621410250664,0.7588427066802979,0.5551868677139282,0.44030600786209106,0.2856426239013672,0.6103784441947937,0.5671207904815674,0.39735767245292664,0.041535377502441406,0.7236976623535156,0.583902895450592,0.4295687973499298,0.04100189730525017,0.9999469518661499,0.6102935671806335,0.42342808842658997,-0.041317060589790344,0.9999752044677734,0.5727330446243286,0.4586816430091858,-0.022354142740368843,0.997046172618866,0.6711640357971191,0.44133707880973816,-0.07299240678548813,0.9988759160041809,0.555246889591217,0.4906740188598633,-0.1700170934200287,0.9951404333114624,0.7001762390136719,0.4742594063282013,-0.22464381158351898,0.9975798726081848,0.5534422397613525,0.49595996737480164,-0.18682202696800232,0.9967652559280396,0.6983639001846313,0.4812285900115967,-0.24094820022583008,0.9983214735984802,0.5585459470748901,0.49665942788124084,-0.21842652559280396,0.9790818691253662,0.7276405692100525,0.47501140832901,-0.27435964345932007,0.9908088445663452
U15_v4,319,0,,,,,,,,,,,,,,,,,,,,,,,,,,,,,,,,,,,,,,,,,,,,,,,,,,,,,,,,,,,,,,,,,,,,,,,,,,,,,,,,,,,,,,,,,,,,,,,,,,,,,,,,,,,,,,,,,,,,,,,,,,,,,,,,,,,,
U15_v4,320,0,,,,,,,,,,,,,,,,,,,,,,,,,,,,,,,,,,,,,,,,,,,,,,,,,,,,,,,,,,,,,,,,,,,,,,,,,,,,,,,,,,,,,,,,,,,,,,,,,,,,,,,,,,,,,,,,,,,,,,,,,,,,,,,,,,,,
U15_v4,321,0,,,,,,,,,,,,,,,,,,,,,,,,,,,,,,,,,,,,,,,,,,,,,,,,,,,,,,,,,,,,,,,,,,,,,,,,,,,,,,,,,,,,,,,,,,,,,,,,,,,,,,,,,,,,,,,,,,,,,,,,,,,,,,,,,,,,
U15_v4,322,0,,,,,,,,,,,,,,,,,,,,,,,,,,,,,,,,,,,,,,,,,,,,,,,,,,,,,,,,,,,,,,,,,,,,,,,,,,,,,,,,,,,,,,,,,,,,,,,,,,,,,,,,,,,,,,,,,,,,,,,,,,,,,,,,,,,,
U15_v4,323,1,0.6079531908035278,0.4058018922805786,0.30931341648101807,0.5916245579719543,0.6068616509437561,0.40432003140449524,0.3069801926612854,0.5531459450721741,0.6048608422279358,0.40153831243515015,0.3069736659526825,0.6263363361358643,0.6039527654647827,0.40145206451416016,0.30699145793914795,0.5592730641365051,0.6104278564453125,0.40327808260917664,0.30418333411216736,0.6116365194320679,0.6116191148757935,0.40278398990631104,0.30419471859931946,0.6830969452857971,0.612886369228363,0.40230271220207214,0.3040539622306824,0.587893545627594,0.599195122718811,0.4018518924713135,0.2671995460987091,0.6017057299613953,0.6152729392051697,0.40139541029930115,0.25530877709388733,0.5389600396156311,0.6067852973937988,0.4070001244544983,0.29408538341522217,0.4352717995643616,0.6099359393119812,0.40590333938598633,0.29041585326194763,0.39211687445640564,0.588192343711853,0.4115508794784546,0.21335172653198242,0.9816199541091919,0.6194338798522949,0.4025168716907501,0.17328129708766937,0.9993921518325806,0.5767382979393005,0.421222984790802,0.17908094823360443,0.15427230298519135,0.6164101362228394,0.404699444770813,0.07187661528587341,0.35071513056755066,0.5606244802474976,0.43344852328300476,0.15050475299358368,0.16775988042354584,0.6046286821365356,0.4145392179489136,-0.042210131883621216,0.7472596764564514,0.548425555229187,0.4348479211330414,0.14253933727741241,0.22629651427268982,0.601629376411438,0.41654884815216064,-0.06016550213098526,0.7755997180938721,0.5484812259674072,0.43401360511779785,0.1477048248052597,0.22351711988449097,0.600560188293457,0.416934609413147,-0.04187227785587311,0.7550042271614075,0.5542198419570923,0.4316882789134979,0.15193308889865875,0.20930282771587372,0.6004581451416016,0.4162134528160095,-0.03686056658625603,0.6839733719825745,0.5921517014503479,0.42676347494125366,0.028213638812303543,0.9998270869255066,0.6246834993362427,0.42382538318634033,-0.028621362522244453,0.9999219179153442,0.5673688054084778,0.45876553654670715,-0.005726917181164026,0.9972249269485474,0.6712040901184082,0.44354259967803955,-0.0014988079201430082,0.9961369633674622,0.5467380881309509,0.4898661971092224,-0.08872535824775696,0.9910634756088257,0.6999320387840271,0.47434666752815247,-0.08273106068372726,0.9947585463523865,0.5438971519470215,0.4944435656070709,-0.09715064615011215,0.9936642646789551,0.698747992515564,0.4807521104812622,-0.09164977818727493,0.9962005019187927,0.5415827631950378,0.49627766013145447,-0.12293659150600433,0.8692685961723328,0.7251330614089966,0.47346165776252747,-0.11963106691837311,0.9116880893707275
U15_v4,324,1,0.6109942197799683,0.4079229235649109,0.30846527218818665,0.9194643497467041,0.6096218228340149,0.4073486626148224,0.3096093535423279,0.9349515438079834,0.6083700656890869,0.4049675464630127,0.3096412718296051,0.941179633140564,0.6042489409446716,0.4048469066619873,0.30968016386032104,0.9440151453018188,0.6123837828636169,0.4061523973941803,0.30498814582824707,0.9434595108032227,0.6132292747497559,0.4056341350078583,0.30498161911964417,0.9537447094917297,0.6141452193260193,0.40512770414352417,0.3048555254936218,0.9491008520126343,0.6006041765213013,0.40480756759643555,0.27967900037765503,0.9223015308380127,0.6147085428237915,0.4042048454284668,0.2586877644062042,0.9085672497749329,0.6084530353546143,0.40766748785972595,0.29655689001083374,0.8150326609611511,0.6120921969413757,0.40764299035072327,0.2901940643787384,0.7944595813751221,0.592444121837616,0.41522184014320374,0.2276463359594345,0.9886597394943237,0.6130728125572205,0.4020710289478302,0.1803445667028427,0.9997722506523132,0.5755908489227295,0.42559173703193665,0.2180679440498352,0.2686260938644409,0.5948305726051331,0.389946311712265,0.09364635497331619,0.6427001953125,0.5600886344909668,0.4328925609588623,0.21564076840877533,0.19273324310779572,0.5616644620895386,0.3821808695793152,0.006124989595264196,0.9108535647392273,0.5481327772140503,0.4349786937236786,0.2140485644340515,0.24234677851200104,0.5525280237197876,0.3806636333465576,-0.006828313693404198,0.9211695194244385,0.5469549298286438,0.43366095423698425,0.21828702092170715,0.24142062664031982,0.5511481165885925,0.38073039054870605,0.007841766811907291,0.9069679379463196,0.5545851588249207,0.43300849199295044,0.2176106721162796,0.22565026581287384,0.55259108543396,0.381145715713501,0.010556708090007305,0.8596445918083191,0.5923197269439697,0.4273287057876587,0.0319126658141613,0.9999560117721558,0.6242823004722595,0.4240204989910126,-0.032354678958654404,0.9999890327453613,0.5673370957374573,0.45849117636680603,0.010347580537199974,0.9950711727142334,0.6712881326675415,0.4438592195510864,-0.032799042761325836,0.9969879984855652,0.5460332036018372,0.48984450101852417,-0.10982200503349304,0.9903125762939453,0.7006393074989319,0.4744710922241211,-0.16429662704467773,0.9937347769737244,0.5422254204750061,0.4940476715564728,-0.12123764306306839,0.994038462638855,0.6999512910842896,0.4810815751552582,-0.17796187102794647,0.9957459568977356,0.5467554926872253,0.49735236167907715,-0.15089420974254608,0.9381569027900696,0.7261850833892822,0.4734765887260437,-0.215309277176857,0.9630406498908997
U15_v4,325,1,0.6010540723800659,0.40163788199424744,0.29956144094467163,0.6740164756774902,0.6001620292663574,0.4003714621067047,0.29601216316223145,0.6159071326255798,0.5991196632385254,0.4004289507865906,0.2960033118724823,0.6919251680374146,0.5980767607688904,0.400534063577652,0.29604417085647583,0.6358510255813599,0.602611243724823,0.3998417556285858,0.29180946946144104,0.725902259349823,0.6032411456108093,0.39952585101127625,0.29178908467292786,0.7854132056236267,0.6005067229270935,0.4008465111255646,0.291622132062912,0.7183764576911926,0.5959500670433044,0.40059563517570496,0.2476866990327835,0.6732195019721985,0.5999791026115417,0.4007074534893036,0.2304561585187912,0.7064197063446045,0.5999346375465393,0.4027334749698639,0.2817046344280243,0.5671145915985107,0.6038125157356262,0.4058002233505249,0.2764204144477844,0.6196063160896301,0.5760934352874756,0.40820419788360596,0.18312479555606842,0.9532124400138855,0.6084257960319519,0.40002310276031494,0.1603720784187317,0.997866690158844,0.5423542857170105,0.4203723073005676,0.15764322876930237,0.5015577673912048,0.6009125113487244,0.4062480330467224,0.10952693969011307,0.17417970299720764,0.5010251998901367,0.42724373936653137,0.1413240283727646,0.4468776285648346,0.5813955664634705,0.4163896441459656,0.0637318417429924,0.6166021227836609,0.48530375957489014,0.42991557717323303,0.1305852234363556,0.5543830394744873,0.5784237384796143,0.4189026951789856,0.05762278288602829,0.6916313767433167,0.4868198335170746,0.4269198179244995,0.14014503359794617,0.5405213236808777,0.5751730799674988,0.4191666841506958,0.06698793917894363,0.6722200512886047,0.4953479766845703,0.4253830909729004,0.1446513682603836,0.5022160410881042,0.5748565793037415,0.4180067181587219,0.06786040961742401,0.5874806642532349,0.5922274589538574,0.42642995715141296,0.0341402105987072,0.9999386072158813,0.6261419653892517,0.4229089915752411,-0.03453199937939644,0.9999768733978271,0.5673186779022217,0.4578591287136078,0.00017615674005355686,0.9935289025306702,0.669843316078186,0.4429847002029419,0.041942257434129715,0.9972680807113647,0.5439556241035461,0.489428848028183,-0.057949990034103394,0.9890567660331726,0.701235294342041,0.4751545786857605,0.012214425019919872,0.9968284964561462,0.5416236519813538,0.4946070611476898,-0.061816614121198654,0.9941136240959167,0.7021284699440002,0.48204609751701355,0.00983682181686163,0.9979469180107117,0.5394724607467651,0.49720096588134766,-0.08680576831102371,0.8906925916671753,0.7200642824172974,0.4752093553543091,-0.01338181085884571,0.9601231217384338
U15_v4,326,1,0.599841833114624,0.40839052200317383,0.2781663239002228,0.9461823105812073,0.5977276563644409,0.40723446011543274,0.27193841338157654,0.9331274628639221,0.5966036319732666,0.40729647874832153,0.2719545066356659,0.9503456354141235,0.5955241322517395,0.4073723256587982,0.271957129240036,0.9175618290901184,0.6014156341552734,0.4064435660839081,0.27338337898254395,0.9446476101875305,0.602823793888092,0.4059668779373169,0.273451030254364,0.9650877118110657,0.6042851805686951,0.40549716353416443,0.273336261510849,0.9454939961433411,0.5960063934326172,0.40639254450798035,0.22441218793392181,0.938777506351471,0.6080557703971863,0.40400466322898865,0.23211003839969635,0.9629031419754028,0.600245475769043,0.40868762135505676,0.2608593702316284,0.9051547050476074,0.6036818027496338,0.407890260219574,0.26284512877464294,0.9063510298728943,0.5857385993003845,0.4101809859275818,0.1714588701725006,0.9981417655944824,0.6257842183113098,0.4014156460762024,0.14897838234901428,0.9999676942825317,0.5700037479400635,0.42437413334846497,0.10947147011756897,0.39676761627197266,0.6280735731124878,0.4084565043449402,0.04240444302558899,0.4208392798900604,0.5444282293319702,0.43114176392555237,0.045783571898937225,0.6386536359786987,0.6241922378540039,0.42163369059562683,-0.08026936650276184,0.6868283152580261,0.5342031717300415,0.4320961534976959,0.032237716019153595,0.708860456943512,0.6218898296356201,0.42377978563308716,-0.10086753964424133,0.6451638340950012,0.535587728023529,0.43091022968292236,0.03704268857836723,0.7187510132789612,0.621445894241333,0.42421814799308777,-0.08594350516796112,0.6293535232543945,0.5386183857917786,0.43069952726364136,0.04635258764028549,0.6317353844642639,0.6214197278022766,0.42339760065078735,-0.0770098939538002,0.5602234601974487,0.5892406105995178,0.4286430776119232,0.02456960640847683,0.9999256134033203,0.6212440729141235,0.4241805076599121,-0.02495800144970417,0.9999634027481079,0.5625723600387573,0.46014878153800964,-0.0027609681710600853,0.9979615211486816,0.6729742288589478,0.4457806646823883,-0.03312226012349129,0.996911346912384,0.5404792428016663,0.4897781014442444,-0.0564299114048481,0.9835624098777771,0.6988722681999207,0.47517693042755127,-0.09138236194849014,0.9926466941833496,0.5380520820617676,0.49466660618782043,-0.06214352324604988,0.9869686961174011,0.6973657608032227,0.48077213764190674,-0.09942616522312164,0.9909783601760864,0.5398122668266296,0.497578501701355,-0.08270467072725296,0.7782754302024841,0.723060131072998,0.47404637932777405,-0.13329803943634033,0.8886241316795349
U15_v4,327,1,0.6036005020141602,0.40847474336624146,0.280792772769928,0.9625074863433838,0.6015447974205017,0.4071410298347473,0.27506738901138306,0.9508436322212219,0.6006593704223633,0.4073324203491211,0.2750890851020813,0.9647982120513916,0.5996289849281311,0.4074088931083679,0.27509698271751404,0.938713550567627,0.6052305102348328,0.40649086236953735,0.27584004402160645,0.9608983397483826,0.6065128445625305,0.4060226380825043,0.2759062945842743,0.975893497467041,0.6078492403030396,0.4055608808994293,0.2757880687713623,0.9603885412216187,0.599672257900238,0.40639322996139526,0.22985416650772095,0.9565505981445312,0.6110415458679199,0.40406355261802673,0.2344871312379837,0.973102331161499,0.6036741137504578,0.40878668427467346,0.26447466015815735,0.9282368421554565,0.6068666577339172,0.4079800844192505,0.26554253697395325,0.9294760823249817,0.5867727398872375,0.4103858768939972,0.17628134787082672,0.9983293414115906,0.6261052489280701,0.4012634754180908,0.15082158148288727,0.9999701976776123,0.5698495507240295,0.42425018548965454,0.11762191355228424,0.48456862568855286,0.6271130442619324,0.4082360565662384,0.043129812926054,0.43015968799591064,0.5440226197242737,0.4313187301158905,0.05687385052442551,0.6701905727386475,0.6213545203208923,0.4212082326412201,-0.08119919896125793,0.6691225171089172,0.5337896347045898,0.43226322531700134,0.04383474960923195,0.7278011441230774,0.6183101534843445,0.4233277440071106,-0.10135360062122345,0.6274204850196838,0.5352427959442139,0.4309881925582886,0.048881515860557556,0.7393428683280945,0.6180906295776367,0.42373165488243103,-0.08657197654247284,0.6133061051368713,0.5382701754570007,0.43076545000076294,0.0576089471578598,0.6553525328636169,0.6184478998184204,0.42293521761894226,-0.0779644176363945,0.5419085025787354,0.5891967415809631,0.4287950098514557,0.025321589782834053,0.9999374151229858,0.621346652507782,0.4245452880859375,-0.025693783536553383,0.9999682903289795,0.5629681944847107,0.4599638879299164,-0.0027477836702018976,0.9982964396476746,0.6731016635894775,0.445740282535553,-0.02903122268617153,0.9974685907363892,0.5401913523674011,0.4897192716598511,-0.0594932958483696,0.9853034019470215,0.6987956166267395,0.47499945759773254,-0.089936763048172,0.9931342601776123,0.5375491380691528,0.49457505345344543,-0.06535529345273972,0.9891101717948914,0.6973717212677002,0.4805733859539032,-0.09818298369646072,0.9921046495437622,0.5404882431030273,0.49772849678993225,-0.08527197688817978,0.8095327019691467,0.7227945327758789,0.4737427830696106,-0.13093167543411255,0.902531623840332
U15_v4,328,1,0.6072714328765869,0.40576064586639404,0.2856004238128662,0.8749373555183411,0.6070319414138794,0.40678587555885315,0.28802794218063354,0.9070431590080261,0.6062539219856262,0.4068058431148529,0.28809791803359985,0.9047268033027649,0.6050470471382141,0.4066742956638336,0.28813785314559937,0.9323745369911194,0.6078807711601257,0.40640997886657715,0.2788078486919403,0.9234083294868469,0.6065110564231873,0.40480804443359375,0.27878502011299133,0.9313830733299255,0.6082183718681335,0.40448835492134094,0.2786431610584259,0.9442720413208008,0.5980055928230286,0.4064214527606964,0.2712179124355316,0.8855870962142944,0.6037694811820984,0.40395936369895935,0.22927457094192505,0.87961745262146,0.6050662398338318,0.4077224135398865,0.27977466583251953,0.719310998916626,0.606868326663971,0.4074666500091553,0.2673943042755127,0.7016847133636475,0.5850515365600586,0.4158652424812317,0.226912260055542,0.9870851635932922,0.6011229157447815,0.39821428060531616,0.15796883404254913,0.9997130036354065,0.5701751112937927,0.42668381333351135,0.23791852593421936,0.8050543665885925,0.5892463326454163,0.3831624984741211,0.10807402431964874,0.963480532169342,0.5511887669563293,0.43047571182250977,0.257780522108078,0.48063603043556213,0.5564512014389038,0.37537288665771484,0.08928891271352768,0.9839738011360168,0.5414890050888062,0.43071281909942627,0.2615213394165039,0.4380267262458801,0.5451145172119141,0.37151554226875305,0.08474172651767731,0.9724030494689941,0.5432189106941223,0.4297756552696228,0.26751935482025146,0.4116516709327698,0.5437144041061401,0.3720727860927582,0.09783018380403519,0.9619593620300293,0.5465483665466309,0.42986100912094116,0.26028308272361755,0.3964851200580597,0.5476737022399902,0.37433987855911255,0.094364233314991,0.9460576176643372,0.5898126363754272,0.428531676530838,0.033850692212581635,0.9999125003814697,0.621144711971283,0.42404142022132874,-0.03414930775761604,0.999980092048645,0.5640848875045776,0.45934146642684937,-0.03492695093154907,0.9954507946968079,0.6687464118003845,0.44514787197113037,-0.058569539338350296,0.9981864094734192,0.5391407012939453,0.4895385503768921,-0.13742145895957947,0.9914482831954956,0.6981719136238098,0.4757259488105774,-0.14800135791301727,0.9902516603469849,0.537072479724884,0.49447309970855713,-0.14555609226226807,0.9941217303276062,0.6985399723052979,0.4825047552585602,-0.1559852510690689,0.9941923022270203,0.5339778661727905,0.4968705475330353,-0.17692027986049652,0.972337007522583,0.7230703830718994,0.47477927803993225,-0.19194328784942627,0.972805380821228
U15_v4,329,1,0.6209718585014343,0.40894991159439087,0.26310569047927856,0.869762659072876,0.6206853985786438,0.4085870385169983,0.2512064278125763,0.7833105325698853,0.6203217506408691,0.4084547758102417,0.2511700689792633,0.7764331102371216,0.6199687719345093,0.40821513533592224,0.2511593997478485,0.801776647567749,0.6232804656028748,0.4092121124267578,0.2549980878829956,0.8499691486358643,0.6253107786178589,0.409668505191803,0.2549981474876404,0.8396640419960022,0.6257669925689697,0.4096563756465912,0.254872590303421,0.8915688991546631,0.6182408332824707,0.40803754329681396,0.1808970868587494,0.6190704107284546,0.6281917691230774,0.41059261560440063,0.19913946092128754,0.7691836357116699,0.62002032995224,0.40942317247390747,0.23853033781051636,0.660771906375885,0.6229164600372314,0.4100554585456848,0.24338415265083313,0.7515934109687805,0.6001993417739868,0.4045286178588867,0.11389109492301941,0.9917388558387756,0.6355810761451721,0.4155251383781433,0.14274083077907562,0.9993928670883179,0.578205943107605,0.38647031784057617,0.07714022696018219,0.9685362577438354,0.6416053771972656,0.42367789149284363,0.15693019330501556,0.3161503076553345,0.5549513697624207,0.3763306438922882,0.06074472516775131,0.9693664908409119,0.6255424618721008,0.4282543361186981,0.1778845638036728,0.19192670285701752,0.540913999080658,0.3740553557872772,0.05027702823281288,0.9534110426902771,0.6248153448104858,0.4294760823249817,0.18004029989242554,0.15405505895614624,0.5442261695861816,0.3744984269142151,0.05999370291829109,0.9375135898590088,0.6186758279800415,0.4278733730316162,0.18543662130832672,0.13738346099853516,0.5481046438217163,0.3756135404109955,0.06360453367233276,0.9001978635787964,0.6194038391113281,0.42672455310821533,0.18057501316070557,0.13001742959022522,0.590346097946167,0.42853352427482605,0.02392798848450184,0.9999819993972778,0.6205590963363647,0.4300033152103424,-0.024277955293655396,0.9999613761901855,0.5606478452682495,0.45899999141693115,-0.002510163001716137,0.961723804473877,0.6669309735298157,0.44404274225234985,-0.036551788449287415,0.9870845675468445,0.5330789089202881,0.48755258321762085,0.0024480370339006186,0.9508666396141052,0.6954867839813232,0.4736686646938324,-0.04039377719163895,0.9731140732765198,0.5289264917373657,0.49055448174476624,0.003650220576673746,0.9639968276023865,0.6954611539840698,0.4787936806678772,-0.042086564004421234,0.9297335147857666,0.5327162742614746,0.4961332082748413,-0.020094187930226326,0.8718388676643372,0.7061054110527039,0.47076842188835144,-0.07825267314910889,0.9195063710212708
U15_v4,330,1,0.6209328770637512,0.41051506996154785,0.2679884433746338,0.9323287010192871,0.6207813024520874,0.41011327505111694,0.25640976428985596,0.8710580468177795,0.620422899723053,0.40992528200149536,0.25640010833740234,0.8763909935951233,0.6200818419456482,0.4096302390098572,0.2563822567462921,0.8883839249610901,0.6238217949867249,0.4109222888946533,0.2583688795566559,0.9180713295936584,0.6242322325706482,0.41094970703125,0.25835129618644714,0.9184206128120422,0.626743495464325,0.41143476963043213,0.2582341134548187,0.9402469992637634,0.6178597211837769,0.41076013445854187,0.183920755982399,0.7650185227394104,0.6311884522438049,0.41483932733535767,0.19359411299228668,0.8541601896286011,0.6182834506034851,0.41037094593048096,0.2426012009382248,0.7300218343734741,0.6216335296630859,0.41105416417121887,0.24489375948905945,0.8073299527168274,0.5997403264045715,0.40451428294181824,0.11106999963521957,0.992638349533081,0.6393852829933167,0.4192710518836975,0.14150917530059814,0.9987911581993103,0.5831108689308167,0.383512020111084,0.09635667502880096,0.9851344227790833,0.6281495094299316,0.42465299367904663,0.1794605851173401,0.15560977160930634,0.5557926893234253,0.37390607595443726,0.11419399827718735,0.9783268570899963,0.6076918244361877,0.4267699718475342,0.23837146162986755,0.11539113521575928,0.5461004972457886,0.37102773785591125,0.10858649015426636,0.9637615084648132,0.6065278053283691,0.4278956353664398,0.2503083348274231,0.10363760590553284,0.5479726195335388,0.37129712104797363,0.11960340291261673,0.9488868117332458,0.5991695523262024,0.4260662794113159,0.25414109230041504,0.09371177107095718,0.5509881973266602,0.3728105425834656,0.11786553263664246,0.9271928668022156,0.6003490686416626,0.42492666840553284,0.24172554910182953,0.09052286297082901,0.5909597873687744,0.42791086435317993,0.021772274747490883,0.9999914169311523,0.6207873225212097,0.4304662048816681,-0.02214629575610161,0.9999808073043823,0.5606793165206909,0.4590391516685486,0.018684057518839836,0.9800773859024048,0.6682417988777161,0.4450189471244812,0.0037813852541148663,0.9957155585289001,0.5352548360824585,0.48817920684814453,0.059702809900045395,0.9690635204315186,0.6947344541549683,0.474314421415329,0.034027740359306335,0.9868841171264648,0.5308102965354919,0.49188220500946045,0.06585126370191574,0.9715380072593689,0.6936379075050354,0.47948962450027466,0.037054091691970825,0.9494357705116272,0.5311040878295898,0.49554771184921265,0.04869687557220459,0.9097861647605896,0.7133139371871948,0.4737761914730072,0.013776467181742191,0.9529972672462463
U15_v4,331,1,0.6154235601425171,0.4121992886066437,0.20366241037845612,0.7875781059265137,0.6173579692840576,0.4118368327617645,0.1954919993877411,0.8278639316558838,0.6168375611305237,0.41164496541023254,0.19543391466140747,0.7994361519813538,0.6163114905357361,0.41146937012672424,0.19541575014591217,0.8257107138633728,0.6192328333854675,0.41239190101623535,0.1986025869846344,0.8894299864768982,0.6202515959739685,0.41262876987457275,0.19859425723552704,0.8664527535438538,0.62134850025177,0.4128826856613159,0.19851075112819672,0.8934006690979004,0.6161714196205139,0.41203004121780396,0.15233954787254333,0.8136385083198547,0.6232806444168091,0.4140065610408783,0.16900081932544708,0.9060307741165161,0.6103286147117615,0.4119671583175659,0.18929161131381989,0.6932300925254822,0.6115216612815857,0.41224783658981323,0.19402264058589935,0.8200374245643616,0.5987826585769653,0.40706437826156616,0.1099749431014061,0.9993308782577515,0.6304692029953003,0.42088833451271057,0.12447171658277512,0.999785840511322,0.5855712890625,0.38573890924453735,0.07561054080724716,0.9784229397773743,0.626186728477478,0.42981770634651184,0.10931383073329926,0.6705899834632874,0.5602850914001465,0.37416529655456543,0.05431749299168587,0.9701911211013794,0.6240284442901611,0.43871191143989563,0.11115766316652298,0.3057163655757904,0.5500372052192688,0.37191373109817505,0.04102744907140732,0.9589918851852417,0.6273999214172363,0.4412609338760376,0.10799508541822433,0.23940140008926392,0.5500183701515198,0.3719707429409027,0.04735307767987251,0.9527943134307861,0.6239792108535767,0.4393745958805084,0.11253204941749573,0.21479512751102448,0.5535943508148193,0.37358057498931885,0.05519925057888031,0.9147207140922546,0.6228770017623901,0.4382593035697937,0.11241663247346878,0.1989264041185379,0.5724972486495972,0.43162083625793457,0.03173992037773132,0.9999988079071045,0.5938003063201904,0.4332781434059143,-0.03205254673957825,0.999990701675415,0.5604060292243958,0.46099379658699036,0.02501693367958069,0.9141647815704346,0.6461633443832397,0.4392671287059784,-0.008970857597887516,0.9687108993530273,0.5353623032569885,0.48901355266571045,0.07050739973783493,0.9680814743041992,0.6489959359169006,0.4550899565219879,0.04524729773402214,0.9659676551818848,0.5310081243515015,0.4942311644554138,0.0749020129442215,0.9532387852668762,0.6439135670661926,0.4597539007663727,0.04911193251609802,0.9396480321884155,0.540419340133667,0.49755847454071045,0.04948323965072632,0.9547142386436462,0.6677885055541992,0.45392313599586487,0.029557446017861366,0.9276098608970642
U15_v4,332,1,0.6166946291923523,0.4093940854072571,0.30338945984840393,0.7287533283233643,0.6167727112770081,0.40869709849357605,0.29338574409484863,0.6834567785263062,0.6165090203285217,0.4086245596408844,0.29334622621536255,0.6178398132324219,0.6141901016235352,0.4081695079803467,0.29332849383354187,0.6435261964797974,0.619450032711029,0.40920883417129517,0.2976578176021576,0.7674422264099121,0.6198152303695679,0.40932589769363403,0.29769137501716614,0.7379990220069885,0.6202742457389832,0.40942734479904175,0.2975723147392273,0.809196949005127,0.6124300360679626,0.4085543155670166,0.23696787655353546,0.5297014117240906,0.6219844818115234,0.4106074273586273,0.2577764689922333,0.689203679561615,0.6154012084007263,0.41077956557273865,0.2844328284263611,0.554844081401825,0.6164308190345764,0.41108500957489014,0.29034700989723206,0.6077898740768433,0.593586802482605,0.40819042921066284,0.16083914041519165,0.9940837025642395,0.6391067504882812,0.4135833978652954,0.19769631326198578,0.9994447827339172,0.5614813566207886,0.40654847025871277,0.103708915412426,0.9520392417907715,0.6501483917236328,0.42448699474334717,0.1658760905265808,0.3248271942138672,0.5388792157173157,0.4018617272377014,0.05648032948374748,0.9274130463600159,0.6242281794548035,0.4331015944480896,0.13358065485954285,0.35878419876098633,0.5315656661987305,0.4001498818397522,0.04041885957121849,0.9046463966369629,0.6183003783226013,0.4346471428871155,0.13205169141292572,0.29904332756996155,0.5337371826171875,0.3993035852909088,0.05251793563365936,0.8896728754043579,0.6125669479370117,0.434825599193573,0.13390283286571503,0.2751724421977997,0.538219690322876,0.3999081552028656,0.05962768942117691,0.8463704586029053,0.6141681671142578,0.43371543288230896,0.1340295374393463,0.275659441947937,0.5877658724784851,0.42889511585235596,0.0036248478572815657,0.9999449253082275,0.6184126734733582,0.42822879552841187,-0.003845087019726634,0.9998869895935059,0.5553443431854248,0.46143367886543274,-0.04840007796883583,0.9854936599731445,0.6609640717506409,0.44518089294433594,-0.0046294513158500195,0.9433886408805847,0.5310115218162537,0.4895012676715851,-0.10070815682411194,0.9833995699882507,0.6923038959503174,0.474774032831192,-0.04364796355366707,0.9374330043792725,0.5276541113853455,0.4935312271118164,-0.10617604106664658,0.9792860150337219,0.6935337781906128,0.4788414239883423,-0.04921656474471092,0.9048286080360413,0.5291410684585571,0.49739494919776917,-0.13418076932430267,0.9156429767608643,0.6951891183853149,0.4775444269180298,-0.0759713277220726,0.813198447227478
U15_v4,333,1,0.6080864667892456,0.4134834110736847,0.3138834238052368,0.665306031703949,0.6056973934173584,0.41416168212890625,0.32690510153770447,0.6820622086524963,0.6055211424827576,0.414445161819458,0.32694387435913086,0.6829495429992676,0.6054272651672363,0.4147666096687317,0.3269757032394409,0.7247565984725952,0.6061222553253174,0.41317903995513916,0.3198145925998688,0.7555493116378784,0.6059152483940125,0.4129679203033447,0.3198432922363281,0.7779093980789185,0.6057800054550171,0.4127378761768341,0.3196892738342285,0.8049927949905396,0.5936772227287292,0.41620123386383057,0.3311217129230499,0.5732940435409546,0.6049509048461914,0.4134993255138397,0.30016791820526123,0.7434412240982056,0.6011993288993835,0.4150742292404175,0.3120744824409485,0.41174668073654175,0.6021847724914551,0.4132832884788513,0.303104043006897,0.47498923540115356,0.5859711170196533,0.424784779548645,0.28410500288009644,0.9172278046607971,0.6105340719223022,0.40458443760871887,0.24283245205879211,0.9880725145339966,0.5847251415252686,0.4361457824707031,0.3009851574897766,0.0870223343372345,0.5859014987945557,0.3898063004016876,0.22709068655967712,0.3298504054546356,0.5734776258468628,0.4445790946483612,0.3371821939945221,0.24674172699451447,0.5580525994300842,0.37834879755973816,0.2643434405326843,0.7177796363830566,0.5675399303436279,0.448204904794693,0.33303511142730713,0.3504074215888977,0.5532765984535217,0.37386438250541687,0.2676035463809967,0.8294478058815002,0.5665683746337891,0.4455137252807617,0.3479698598384857,0.3446704149246216,0.5536774396896362,0.3705995976924896,0.2677895724773407,0.7866542339324951,0.5701652765274048,0.44352611899375916,0.3429182767868042,0.3322314918041229,0.5546170473098755,0.37153446674346924,0.2666324973106384,0.7417582869529724,0.5920509099960327,0.42619019746780396,0.020585503429174423,0.9999186992645264,0.6223933100700378,0.41885054111480713,-0.020944248884916306,0.9999685287475586,0.5557606816291809,0.4588746428489685,-0.011563058011233807,0.9942846894264221,0.6612330675125122,0.4451139271259308,0.009281781502068043,0.9944814443588257,0.5283393263816833,0.4902553856372833,-0.05033489689230919,0.992972731590271,0.6962811350822449,0.4765409827232361,0.0028390365187078714,0.984351634979248,0.5275816321372986,0.49489307403564453,-0.053288500756025314,0.9951847195625305,0.6985564231872559,0.48327359557151794,0.0008399160578846931,0.9942052960395813,0.5206449031829834,0.49759870767593384,-0.07310318946838379,0.9825571179389954,0.7134121656417847,0.47629860043525696,-0.026653023436665535,0.9432780742645264
U15_v4,334,1,0.6197310090065002,0.4135180711746216,0.3131861090660095,0.7356058359146118,0.6174453496932983,0.413439005613327,0.32459864020347595,0.7566340565681458,0.6170732378959656,0.41354119777679443,0.3246464133262634,0.7437341809272766,0.6167896389961243,0.4136928915977478,0.3246671259403229,0.8345479965209961,0.6158897280693054,0.41270241141319275,0.3129003345966339,0.8094629049301147,0.6163649559020996,0.41252824664115906,0.3129221796989441,0.8109381198883057,0.6168954968452454,0.41226181387901306,0.31276094913482666,0.8549318909645081,0.6121168732643127,0.41371795535087585,0.33437418937683105,0.6614139080047607,0.6111751198768616,0.4109899699687958,0.2835296094417572,0.7560753226280212,0.6181365847587585,0.41430172324180603,0.31545785069465637,0.41721224784851074,0.614581823348999,0.4139273464679718,0.3006591200828552,0.3989504277706146,0.5879026651382446,0.42195895314216614,0.2991052567958832,0.9282940626144409,0.6039906144142151,0.403784841299057,0.2074536830186844,0.992397129535675,0.5747894048690796,0.43294230103492737,0.31532159447669983,0.14600838720798492,0.587317943572998,0.3845028281211853,0.16003002226352692,0.854924201965332,0.5566892027854919,0.4287390410900116,0.3374669849872589,0.21159256994724274,0.5618144273757935,0.37204331159591675,0.15287360548973083,0.9501043558120728,0.5476512312889099,0.4297206997871399,0.33332502841949463,0.28606656193733215,0.5534390211105347,0.3686583638191223,0.14689989387989044,0.9697307348251343,0.550492525100708,0.4288228750228882,0.34361007809638977,0.27125877141952515,0.5504748225212097,0.36847633123397827,0.15098387002944946,0.9583402276039124,0.5520496368408203,0.42844587564468384,0.3411698639392853,0.25880736112594604,0.5522652268409729,0.36996981501579285,0.1559903919696808,0.9323043823242188,0.5927942991256714,0.4276401102542877,0.03662444278597832,0.9997425675392151,0.6220430731773376,0.4215835630893707,-0.03676769509911537,0.9999297857284546,0.557433545589447,0.45862507820129395,-0.010718557983636856,0.9944552779197693,0.6641362309455872,0.4469890594482422,-0.02482791617512703,0.9975950121879578,0.530007004737854,0.4889005124568939,-0.08078921586275101,0.9918626546859741,0.6964665651321411,0.4777991771697998,-0.06320960819721222,0.9820395112037659,0.5289264917373657,0.4940882921218872,-0.08737368136644363,0.9956931471824646,0.6967507004737854,0.48444393277168274,-0.06810792535543442,0.9948438405990601,0.5224069952964783,0.4975056052207947,-0.11294364929199219,0.9868366718292236,0.7167953252792358,0.47489792108535767,-0.09875082969665527,0.9633938074111938
U15_v4,335,1,0.5955302119255066,0.40749549865722656,0.29337209463119507,0.9231381416320801,0.5944230556488037,0.4078923761844635,0.30201196670532227,0.9420504570007324,0.5935750007629395,0.40805327892303467,0.302073210477829,0.9434893131256104,0.5922373533248901,0.40815696120262146,0.302093505859375,0.9658575654029846,0.5955175757408142,0.40738096833229065,0.2900860011577606,0.9518446922302246,0.5956416130065918,0.407196581363678,0.29010868072509766,0.9598547220230103,0.5952432751655579,0.40689602494239807,0.29001766443252563,0.9691512584686279,0.5909335017204285,0.4090272784233093,0.30726754665374756,0.9341960549354553,0.5943293571472168,0.40559589862823486,0.25452470779418945,0.9346693754196167,0.59688800573349,0.40958717465400696,0.2950313687324524,0.7855309247970581,0.5970675349235535,0.4078025221824646,0.279509961605072,0.7527652382850647,0.587020754814148,0.41552454233169556,0.2832680940628052,0.9908989667892456,0.595058023929596,0.39912480115890503,0.17228113114833832,0.9998267292976379,0.5720890760421753,0.4250233471393585,0.3276153802871704,0.2416449636220932,0.5921748876571655,0.38364946842193604,0.1397990584373474,0.9799210429191589,0.5513091087341309,0.425912082195282,0.3715512156486511,0.18578000366687775,0.5633357763290405,0.37194493412971497,0.12610213458538055,0.9948722720146179,0.5424862504005432,0.4265061616897583,0.37648460268974304,0.21879611909389496,0.5548126101493835,0.3681301176548004,0.11677610129117966,0.9955344200134277,0.5432974696159363,0.4252493381500244,0.3804974853992462,0.208441823720932,0.5524846911430359,0.3684859573841095,0.12215913832187653,0.9936175346374512,0.5452483296394348,0.42512157559394836,0.3739045560359955,0.19360698759555817,0.5542957186698914,0.3698057532310486,0.12891753017902374,0.9870679974555969,0.5874230265617371,0.43136417865753174,0.04413940757513046,0.9997379183769226,0.6201299428939819,0.4262465536594391,-0.04434024542570114,0.9999053478240967,0.5546678304672241,0.46005669236183167,-0.026574043557047844,0.9982477426528931,0.6633219122886658,0.4478246569633484,-0.04315490648150444,0.9990897178649902,0.5255178809165955,0.4903554916381836,-0.08897028118371964,0.9880508184432983,0.6947929859161377,0.47695085406303406,-0.08878166973590851,0.9834295511245728,0.522739827632904,0.49538174271583557,-0.09312138706445694,0.9916280508041382,0.6949301958084106,0.48332542181015015,-0.09273678809404373,0.9890679717063904,0.524254560470581,0.49705177545547485,-0.11132573336362839,0.9298158288002014,0.7220482230186462,0.47377729415893555,-0.11761985719203949,0.9180378913879395
U15_v4,336,1,0.6005427837371826,0.4071410000324249,0.34680643677711487,0.7383769750595093,0.6020091772079468,0.40531063079833984,0.3411756753921509,0.7166643142700195,0.5988914966583252,0.40476158261299133,0.3411808907985687,0.672066330909729,0.5962004661560059,0.4059242606163025,0.3411814868450165,0.6790894269943237,0.6050169467926025,0.4053550362586975,0.34466585516929626,0.8103134632110596,0.6064623594284058,0.4057030975818634,0.3446867763996124,0.8317007422447205,0.6087421178817749,0.40551644563674927,0.34453895688056946,0.8709568381309509,0.5968727469444275,0.40572497248649597,0.2860824167728424,0.580565333366394,0.6143949627876282,0.405241459608078,0.3017186224460602,0.8129925727844238,0.6020458936691284,0.4077543318271637,0.3247559368610382,0.6549699902534485,0.6062973141670227,0.40704143047332764,0.32920199632644653,0.7729578614234924,0.5886706113815308,0.4059264063835144,0.2124996781349182,0.9952659606933594,0.6367033123970032,0.4083283841609955,0.22354166209697723,0.9998175501823425,0.5710834264755249,0.4072977900505066,0.18944233655929565,0.17719776928424835,0.6395827531814575,0.41887956857681274,0.17840944230556488,0.2879607677459717,0.544292688369751,0.40341439843177795,0.18145780265331268,0.5409926176071167,0.621839165687561,0.43146002292633057,0.1364099681377411,0.3908023536205292,0.5332465767860413,0.4025841951370239,0.17252932488918304,0.6272987723350525,0.6191616654396057,0.4338890016078949,0.1306261271238327,0.39791011810302734,0.537954568862915,0.4009510576725006,0.18257978558540344,0.6080664992332458,0.614811897277832,0.43398571014404297,0.1349320113658905,0.36593949794769287,0.5445125699043274,0.40108588337898254,0.18494270741939545,0.5183253884315491,0.614790141582489,0.43257999420166016,0.1378415822982788,0.32912275195121765,0.5879241824150085,0.4283243715763092,0.009307165630161762,0.9998798370361328,0.6215701103210449,0.42835742235183716,-0.009676729328930378,0.9998738765716553,0.5518624782562256,0.4596855342388153,-0.059691887348890305,0.9940705895423889,0.6628594398498535,0.44901540875434875,-0.03271720930933952,0.9796638488769531,0.5230244994163513,0.48960188031196594,-0.1367066353559494,0.9894954562187195,0.6927366256713867,0.47826844453811646,-0.10069835186004639,0.977187991142273,0.5204699635505676,0.49470216035842896,-0.1455085724592209,0.9907782077789307,0.6946783661842346,0.4847419261932373,-0.11011311411857605,0.9764539003372192,0.5168613195419312,0.49694934487342834,-0.17712880671024323,0.9091810584068298,0.7149111032485962,0.47551652789115906,-0.13926568627357483,0.861905038356781
U15_v4,337,1,0.6000691652297974,0.4078121483325958,0.33714792132377625,0.8739774823188782,0.5998056530952454,0.4067870080471039,0.3330136239528656,0.8727002143859863,0.5968043208122253,0.40634194016456604,0.3330216109752655,0.838477611541748,0.5960130095481873,0.4062577784061432,0.3330180048942566,0.8499141931533813,0.6004717350006104,0.4055764675140381,0.3362463116645813,0.919117271900177,0.6032484769821167,0.4058144688606262,0.33628252148628235,0.9236342906951904,0.6036115288734436,0.4056033194065094,0.33614927530288696,0.9450002908706665,0.5944700837135315,0.40630215406417847,0.2822526693344116,0.7746462821960449,0.609706461429596,0.4056189954280853,0.2967842221260071,0.9105492830276489,0.5993297100067139,0.40815818309783936,0.3164243996143341,0.8053746819496155,0.6038993000984192,0.4084467589855194,0.3206292390823364,0.8687017560005188,0.5869762897491455,0.40805110335350037,0.21250811219215393,0.99491947889328,0.6339631080627441,0.4080560505390167,0.22299593687057495,0.9998302459716797,0.5677516460418701,0.41636964678764343,0.19748052954673767,0.13504600524902344,0.6426252126693726,0.4182204008102417,0.18243096768856049,0.4257963001728058,0.5459362864494324,0.4249684512615204,0.19547852873802185,0.41400301456451416,0.6277628540992737,0.43185898661613464,0.14573101699352264,0.5506132245063782,0.5393050312995911,0.42442208528518677,0.187167227268219,0.5002937912940979,0.625369131565094,0.43424564599990845,0.14006927609443665,0.5342250466346741,0.5396128296852112,0.42230772972106934,0.19716139137744904,0.4946078360080719,0.6215594410896301,0.4348071217536926,0.14427214860916138,0.5071658492088318,0.5427107810974121,0.4224404990673065,0.19915255904197693,0.4194393754005432,0.6215059161186218,0.43346261978149414,0.147257462143898,0.470578670501709,0.5869449377059937,0.42827218770980835,0.003508178750053048,0.9998233914375305,0.621436357498169,0.4281856417655945,-0.003866784041747451,0.999834418296814,0.5520259737968445,0.4599415957927704,-0.05505279451608658,0.9938387274742126,0.6635643839836121,0.44954389333724976,-0.007204754278063774,0.962193489074707,0.5232859253883362,0.4899117350578308,-0.12612874805927277,0.9888876080513,0.6928655505180359,0.479370653629303,-0.06315220892429352,0.9592682719230652,0.520314633846283,0.4952567517757416,-0.13402950763702393,0.9870991110801697,0.6952416896820068,0.4858144521713257,-0.07101856172084808,0.96126788854599,0.5163453817367554,0.49635833501815796,-0.16152924299240112,0.9070469737052917,0.7160400152206421,0.4761340618133545,-0.0936741903424263,0.7775902152061462
U15_v4,338,1,0.5977473258972168,0.4107797145843506,0.24513471126556396,0.9249590635299683,0.5977154970169067,0.40921884775161743,0.2342916876077652,0.9074144959449768,0.5973710417747498,0.4091786742210388,0.23427650332450867,0.8890414834022522,0.5967919230461121,0.40911462903022766,0.23424915969371796,0.898398756980896,0.6022315621376038,0.40957099199295044,0.24019849300384521,0.9287354350090027,0.6024653911590576,0.4095826745033264,0.24025045335292816,0.9256923198699951,0.6063345074653625,0.40997400879859924,0.24018822610378265,0.9407596588134766,0.5968099236488342,0.410479873418808,0.17591135203838348,0.8613336682319641,0.6101606488227844,0.4109072685241699,0.2047387659549713,0.9115954637527466,0.5972949862480164,0.4112960398197174,0.22503800690174103,0.7570608854293823,0.6025987863540649,0.4113064706325531,0.23333744704723358,0.8043380379676819,0.5932821035385132,0.4094199240207672,0.11454007774591446,0.9967124462127686,0.632792055606842,0.4203076660633087,0.15599311888217926,0.9991913437843323,0.5708919167518616,0.3953658938407898,0.05308225005865097,0.9654131531715393,0.6440361738204956,0.4329112768173218,0.15571868419647217,0.5263715386390686,0.5477774143218994,0.38454389572143555,0.0026653767563402653,0.9898243546485901,0.6274065971374512,0.4424361288547516,0.15362881124019623,0.6471066474914551,0.5408039689064026,0.3808068633079529,-0.015169130638241768,0.9872745275497437,0.625806450843811,0.4441740810871124,0.15391884744167328,0.6167853474617004,0.5415390133857727,0.38022881746292114,-0.004058524034917355,0.9839196801185608,0.6199198365211487,0.44366058707237244,0.15451334416866302,0.5381491780281067,0.5451383590698242,0.38178858160972595,0.005016072653234005,0.9714051485061646,0.6199576258659363,0.442587286233902,0.15406444668769836,0.4990997910499573,0.5862064361572266,0.43003353476524353,-0.002523115137591958,0.9999910593032837,0.6181216835975647,0.433176726102829,0.002214044099673629,0.9999228715896606,0.5501164197921753,0.4606378674507141,-0.04673727601766586,0.9953576922416687,0.6423632502555847,0.4486111104488373,0.031423162668943405,0.9841779470443726,0.5201994180679321,0.488951176404953,-0.0755564272403717,0.9888838529586792,0.6667558550834656,0.47040724754333496,0.008240984752774239,0.951263427734375,0.51740962266922,0.49182286858558655,-0.07822516560554504,0.9899858832359314,0.6678670644760132,0.47360605001449585,0.003922343719750643,0.9282310605049133,0.5141538977622986,0.49634140729904175,-0.10301180928945541,0.9715220332145691,0.6838353276252747,0.47506260871887207,-0.023234078660607338,0.8829707503318787
U15_v4,339,1,0.6075907945632935,0.40982142090797424,0.22951596975326538,0.841518223285675,0.6044514775276184,0.4087229371070862,0.21635621786117554,0.7965365052223206,0.6039952039718628,0.408674955368042,0.21633730828762054,0.7550556659698486,0.6033340692520142,0.40858346223831177,0.21629326045513153,0.7780807614326477,0.6080808639526367,0.40916550159454346,0.2226557731628418,0.85558021068573,0.6108565330505371,0.40959590673446655,0.22268182039260864,0.8450450301170349,0.6112288236618042,0.4096457064151764,0.22258785367012024,0.8863760232925415,0.6032564043998718,0.40974488854408264,0.15226653218269348,0.6857761144638062,0.6142269372940063,0.4107007682323456,0.18354551494121552,0.8204296827316284,0.6061069965362549,0.4110853672027588,0.2082124501466751,0.5744629502296448,0.6074658632278442,0.411353200674057,0.21719393134117126,0.6114400029182434,0.5940564870834351,0.40865209698677063,0.0902583971619606,0.9886199235916138,0.6334593296051025,0.4193067252635956,0.13326546549797058,0.9978817105293274,0.5713751316070557,0.39461278915405273,0.033256638795137405,0.9681252837181091,0.6423010230064392,0.4309038519859314,0.13653621077537537,0.279127836227417,0.547510027885437,0.3824419379234314,-0.012132207863032818,0.9872683882713318,0.6229912638664246,0.43587276339530945,0.1357913464307785,0.322507381439209,0.5403206944465637,0.37857332825660706,-0.0298329945653677,0.985241711139679,0.6201085448265076,0.43698957562446594,0.13495132327079773,0.31939610838890076,0.5410025715827942,0.3780938684940338,-0.020969711244106293,0.9808906316757202,0.6132617592811584,0.4356841444969177,0.13312602043151855,0.2696630656719208,0.5448812246322632,0.3797260522842407,-0.01050666905939579,0.9673133492469788,0.614039421081543,0.43485549092292786,0.13501368463039398,0.26476871967315674,0.5864184498786926,0.4291543662548065,0.0022504038643091917,0.9999738931655884,0.616816520690918,0.43164950609207153,-0.0025638046208769083,0.9997883439064026,0.5497890710830688,0.4607892334461212,-0.05055643618106842,0.9906313419342041,0.6379822492599487,0.4453784227371216,0.01551202591508627,0.9806151986122131,0.5206689238548279,0.4884989261627197,-0.08668594062328339,0.9852097630500793,0.664033830165863,0.4651549756526947,-0.009034856222569942,0.9294152855873108,0.5159982442855835,0.4911656379699707,-0.09102243930101395,0.9886393547058105,0.6647020578384399,0.4680000841617584,-0.013590460643172264,0.9084861874580383,0.5187174081802368,0.49723950028419495,-0.12308663129806519,0.962103545665741,0.683482825756073,0.469533771276474,-0.0460100919008255,0.8683984279632568
U15_v4,340,1,0.6006312370300293,0.4068838059902191,0.3169872760772705,0.9054785966873169,0.5983047485351562,0.40565845370292664,0.31677699089050293,0.9176669120788574,0.5978367924690247,0.4056202173233032,0.3166905641555786,0.9070025682449341,0.5974000692367554,0.405385822057724,0.31663721799850464,0.9053809642791748,0.6044636368751526,0.4057407081127167,0.31363338232040405,0.9514256715774536,0.6052497029304504,0.4057348966598511,0.3136548399925232,0.9440611004829407,0.6061961054801941,0.40557047724723816,0.3135462999343872,0.9430744051933289,0.598614513874054,0.4059016704559326,0.286750853061676,0.8574618101119995,0.6153230667114258,0.409669429063797,0.27644696831703186,0.9106647372245789,0.5989086031913757,0.40743136405944824,0.30522018671035767,0.7026965618133545,0.6018074154853821,0.407501757144928,0.30238834023475647,0.829971969127655,0.5922585725784302,0.40499380230903625,0.23134753108024597,0.9951968789100647,0.6285540461540222,0.42271000146865845,0.19151359796524048,0.9993265867233276,0.5684369206428528,0.39453455805778503,0.15145571529865265,0.5037921071052551,0.632871687412262,0.433875173330307,0.13594146072864532,0.39824965596199036,0.5562360286712646,0.39150118827819824,0.07112043350934982,0.7538694143295288,0.6085890531539917,0.44352012872695923,0.12403862923383713,0.2361796498298645,0.5516959428787231,0.38882964849472046,0.05649585276842117,0.7776071429252625,0.6078623533248901,0.4448089599609375,0.11686109751462936,0.18859584629535675,0.554619550704956,0.3895485997200012,0.06342717260122299,0.7706658244132996,0.6014046669006348,0.4441186785697937,0.13610325753688812,0.17738929390907288,0.5583928227424622,0.3910987377166748,0.07107899338006973,0.7061278223991394,0.6029741764068604,0.44332414865493774,0.13133469223976135,0.18226060271263123,0.5595304369926453,0.42986926436424255,0.043950628489255905,0.9999985694885254,0.5933416485786438,0.43648087978363037,-0.04473281651735306,0.9999918937683105,0.5507218241691589,0.4603198766708374,0.05819638445973396,0.9410931468009949,0.6642696857452393,0.4506889581680298,0.03539711982011795,0.9805466532707214,0.5148227214813232,0.4902118146419525,0.09304468333721161,0.9920720458030701,0.6922931671142578,0.47921130061149597,0.07062855362892151,0.9942342638969421,0.5080640316009521,0.4937931299209595,0.09714338183403015,0.9921924471855164,0.6947624087333679,0.4868149757385254,0.07127843052148819,0.9907183051109314,0.5054712295532227,0.49816250801086426,0.07214880734682083,0.9685709476470947,0.7229938507080078,0.476024329662323,0.04626769199967384,0.9559182524681091
U15_v4,341,1,0.5897160172462463,0.41043949127197266,0.28720012307167053,0.9716372489929199,0.589335560798645,0.40997201204299927,0.28168877959251404,0.9742681980133057,0.5887977480888367,0.41008391976356506,0.28170835971832275,0.9711745977401733,0.5860714912414551,0.41183820366859436,0.2817082405090332,0.9733868837356567,0.5935274362564087,0.40948620438575745,0.282449334859848,0.9792922735214233,0.5940417647361755,0.4092271327972412,0.2824675142765045,0.9815406799316406,0.5943695902824402,0.4089251160621643,0.282357782125473,0.9879335761070251,0.5864306092262268,0.40932348370552063,0.23695077002048492,0.9622750878334045,0.6001005172729492,0.4088720977306366,0.24019891023635864,0.9805590510368347,0.5931264758110046,0.411173939704895,0.27154573798179626,0.9375786185264587,0.595072865486145,0.41059571504592896,0.27247151732444763,0.9618949294090271,0.5811066031455994,0.4100521206855774,0.18831582367420197,0.9988911747932434,0.6202667951583862,0.40505653619766235,0.1746578961610794,0.9999538660049438,0.5668313503265381,0.4184865951538086,0.16522805392742157,0.4900928735733032,0.6184452772140503,0.40137743949890137,0.1521373838186264,0.6291133165359497,0.5468845367431641,0.4105971157550812,0.1323547661304474,0.7240139245986938,0.6062436699867249,0.3987329304218292,0.12150725722312927,0.7039508819580078,0.5386770963668823,0.4096435010433197,0.12065296620130539,0.7657328248023987,0.6041504740715027,0.3978765606880188,0.11558378487825394,0.6829301714897156,0.5427823066711426,0.40758591890335083,0.13025511801242828,0.7549508810043335,0.601426362991333,0.39820796251296997,0.1197478324174881,0.6547080278396606,0.547016441822052,0.4074164032936096,0.13487468659877777,0.6739718317985535,0.6011385321617126,0.39804089069366455,0.12284025549888611,0.607096254825592,0.5821141600608826,0.4313071370124817,0.019826285541057587,0.9999821186065674,0.6174551248550415,0.4289332330226898,-0.020032459869980812,0.9999890327453613,0.5455047488212585,0.4614788591861725,-0.04156547412276268,0.9473838210105896,0.6607204079627991,0.4509046673774719,-0.06668520718812943,0.934810996055603,0.514082670211792,0.49011683464050293,-0.0997210294008255,0.9294697642326355,0.6873270869255066,0.4820159375667572,-0.11785349249839783,0.9409604668617249,0.5107769966125488,0.4949014484882355,-0.10402672737836838,0.918390154838562,0.6875796914100647,0.4880254566669464,-0.12468443810939789,0.9100094437599182,0.5117644667625427,0.497117817401886,-0.13277091085910797,0.856967031955719,0.7122988104820251,0.47748613357543945,-0.16647212207317352,0.8624541759490967
U15_v4,342,1,0.6029036641120911,0.4085005223751068,0.30595386028289795,0.8809487223625183,0.6023118495941162,0.40817731618881226,0.30253973603248596,0.8837355375289917,0.5990259051322937,0.40782809257507324,0.30254891514778137,0.8850617408752441,0.5981212854385376,0.4076683819293976,0.30255821347236633,0.8773916363716125,0.6030882596969604,0.40790867805480957,0.30375221371650696,0.9061015248298645,0.6032091975212097,0.407814085483551,0.3037874102592468,0.920316219329834,0.6051791906356812,0.4069043695926666,0.30364274978637695,0.9265953898429871,0.5948490500450134,0.4067853093147278,0.259374737739563,0.8228375315666199,0.6100660562515259,0.4062919318675995,0.2646465301513672,0.8845665454864502,0.6018982529640198,0.40880540013313293,0.288774698972702,0.727353572845459,0.6034806370735168,0.40872907638549805,0.29018640518188477,0.7975172400474548,0.5809212923049927,0.40764057636260986,0.19835396111011505,0.9934000968933105,0.6172879338264465,0.40890002250671387,0.1940140575170517,0.9997290968894958,0.5680519938468933,0.4208422601222992,0.18655052781105042,0.0932871475815773,0.6165813207626343,0.40908923745155334,0.1472613364458084,0.4210767149925232,0.5554547309875488,0.4224943220615387,0.17401018738746643,0.2574964463710785,0.610877513885498,0.4165850579738617,0.09402163326740265,0.5942612886428833,0.5440689921379089,0.42178893089294434,0.16603198647499084,0.35774919390678406,0.6108133792877197,0.41786476969718933,0.08537607640028,0.600259006023407,0.5444566607475281,0.42092767357826233,0.170615091919899,0.36315158009529114,0.608902096748352,0.417957067489624,0.09372293949127197,0.5817710757255554,0.5507522225379944,0.41997504234313965,0.17568284273147583,0.3116375207901001,0.60735023021698,0.4172748923301697,0.09729991853237152,0.5295419692993164,0.582438588142395,0.4306073486804962,0.008945287205278873,0.9998244643211365,0.6176259517669678,0.4293074309825897,-0.00934570375829935,0.9999029636383057,0.5436758399009705,0.4615672528743744,-0.042153600603342056,0.992487907409668,0.6585887670516968,0.4509947597980499,-0.01393662579357624,0.9759963750839233,0.5096450448036194,0.4903201460838318,-0.12130238860845566,0.9679534435272217,0.6859217286109924,0.4829470217227936,-0.08291368931531906,0.9551256895065308,0.5077388286590576,0.4954424798488617,-0.12907497584819794,0.9689796566963196,0.6870043873786926,0.4899510443210602,-0.09102270007133484,0.9625720977783203,0.5042514801025391,0.4956560432910919,-0.1482229381799698,0.7954490184783936,0.7078843116760254,0.4784706234931946,-0.10937131196260452,0.7252432703971863
U15_v4,343,1,0.593990683555603,0.40944772958755493,0.3032382130622864,0.9084488749504089,0.5900896787643433,0.4075143039226532,0.29918578267097473,0.909580409526825,0.5894508361816406,0.4083523452281952,0.2991778552532196,0.9103710651397705,0.5887922048568726,0.40828919410705566,0.2991637587547302,0.9014754891395569,0.5933880805969238,0.40740159153938293,0.30384132266044617,0.9252041578292847,0.5934649705886841,0.4072560667991638,0.3038994371891022,0.9416842460632324,0.5934143662452698,0.40702199935913086,0.30376699566841125,0.9414069652557373,0.5880608558654785,0.40678706765174866,0.25319361686706543,0.8674829006195068,0.5970592498779297,0.40582379698753357,0.273519366979599,0.9003889560699463,0.5942976474761963,0.4098610281944275,0.2845748960971832,0.7571272253990173,0.5956169962882996,0.40968117117881775,0.2902636229991913,0.8164169192314148,0.5801588296890259,0.4094732403755188,0.18420091271400452,0.9957418441772461,0.6189234852790833,0.4098028540611267,0.20919393002986908,0.9997450709342957,0.566617488861084,0.4219215214252472,0.16168572008609772,0.13957910239696503,0.6252422332763672,0.41136637330055237,0.14368581771850586,0.28895488381385803,0.5490730404853821,0.4222298562526703,0.14921392500400543,0.3890927731990814,0.6172467470169067,0.41770732402801514,0.06089218705892563,0.5461061596870422,0.5387251377105713,0.42151862382888794,0.1400080919265747,0.4935116171836853,0.6172031164169312,0.4182950556278229,0.050154536962509155,0.5721044540405273,0.5393615365028381,0.4200533628463745,0.14789481461048126,0.5036359429359436,0.6139965057373047,0.41819608211517334,0.05927121266722679,0.5533237457275391,0.5443586707115173,0.4202133119106293,0.1525478959083557,0.4435107409954071,0.6122969388961792,0.417683482170105,0.0634833425283432,0.5070777535438538,0.5815471410751343,0.43099167943000793,-0.0012636518804356456,0.9999145269393921,0.6175095438957214,0.43017885088920593,0.000846502254717052,0.9999245405197144,0.5434020161628723,0.4618692696094513,-0.044693779200315475,0.997468113899231,0.6579371690750122,0.45123299956321716,0.016657982021570206,0.9780120849609375,0.5117751955986023,0.4903930127620697,-0.11486680805683136,0.9863329529762268,0.6849955916404724,0.4819681644439697,-0.03334580734372139,0.9667975902557373,0.5093954205513,0.4949902296066284,-0.12135589867830276,0.9863211512565613,0.6855824589729309,0.4883052706718445,-0.039667341858148575,0.9725428223609924,0.5004071593284607,0.49665939807891846,-0.13855767250061035,0.8616220355033875,0.7081583738327026,0.477310448884964,-0.05259763449430466,0.7283092737197876
U15_v4,344,1,0.607489287853241,0.413119375705719,0.2927582561969757,0.943487823009491,0.6038904786109924,0.41255345940589905,0.28889158368110657,0.9606703519821167,0.6033071875572205,0.412496954202652,0.2888902723789215,0.9567368030548096,0.6025462746620178,0.41228240728378296,0.28888842463493347,0.9538301229476929,0.6088753938674927,0.4129147231578827,0.2945576012134552,0.9616150856018066,0.6094234585762024,0.41283804178237915,0.2945616543292999,0.9660145044326782,0.6139252781867981,0.41226518154144287,0.2944118082523346,0.972687304019928,0.601357638835907,0.4110448360443115,0.2427808940410614,0.9220776557922363,0.614374577999115,0.41190168261528015,0.2673487067222595,0.9413938522338867,0.6039148569107056,0.41270682215690613,0.2739635705947876,0.8719258904457092,0.6090149879455566,0.41310372948646545,0.28067678213119507,0.9062425494194031,0.5853549242019653,0.40881094336509705,0.17131847143173218,0.9923427700996399,0.633375346660614,0.4111252427101135,0.21753564476966858,0.9995346069335938,0.5651952624320984,0.4112069010734558,0.16595524549484253,0.17761878669261932,0.6268677115440369,0.40641123056411743,0.2076369971036911,0.4190199375152588,0.5537179708480835,0.40806493163108826,0.16937285661697388,0.4432302713394165,0.603503942489624,0.4019812047481537,0.19016176462173462,0.7109096050262451,0.5459277033805847,0.40717166662216187,0.1635865718126297,0.5207841992378235,0.6008913516998291,0.4002815783023834,0.19093719124794006,0.7426550388336182,0.552773118019104,0.40569740533828735,0.1691630780696869,0.5243066549301147,0.596736490726471,0.3997799754142761,0.19294653832912445,0.7385457754135132,0.5573261380195618,0.40590688586235046,0.17232991755008698,0.45513013005256653,0.5965284705162048,0.400086373090744,0.19139473140239716,0.6855593323707581,0.5807164907455444,0.43056198954582214,-0.009887767024338245,0.9999485015869141,0.6153462529182434,0.4309264123439789,0.00951691810041666,0.9999479055404663,0.5410491824150085,0.4618108868598938,-0.0774143636226654,0.9989691972732544,0.6559554934501648,0.45187610387802124,0.01647290773689747,0.9912632703781128,0.5092436075210571,0.4888540804386139,-0.1614336222410202,0.9940669536590576,0.6835041642189026,0.4808095693588257,-0.03206055983901024,0.9809964895248413,0.5073249340057373,0.49418309330940247,-0.16969338059425354,0.9947019219398499,0.6846211552619934,0.48780304193496704,-0.03775418922305107,0.9795055389404297,0.5007918477058411,0.495941698551178,-0.19845613837242126,0.9393060803413391,0.7066612243652344,0.4800684452056885,-0.05137059465050697,0.8590956926345825
U15_v4,345,1,0.6048477292060852,0.40905502438545227,0.28664809465408325,0.8964180946350098,0.6035038828849792,0.40872713923454285,0.27563998103141785,0.8630387187004089,0.6026514172554016,0.40872734785079956,0.27561154961586,0.8127036690711975,0.6016724109649658,0.4086197018623352,0.2755790650844574,0.8297256231307983,0.6074750423431396,0.4090544283390045,0.2841606140136719,0.8819262385368347,0.6099410653114319,0.40949228405952454,0.2842210531234741,0.8484057188034058,0.6106470227241516,0.4095313251018524,0.28412583470344543,0.8760278820991516,0.6002857089042664,0.4089456796646118,0.2147996574640274,0.7032853960990906,0.6134250164031982,0.4109102487564087,0.25471267104148865,0.7605640292167664,0.6025969982147217,0.41050779819488525,0.2648621201515198,0.6436486840248108,0.6069883704185486,0.4108072519302368,0.2763371169567108,0.6984851360321045,0.5878870487213135,0.40719377994537354,0.13725289702415466,0.997464656829834,0.6294718384742737,0.4176006317138672,0.20370976626873016,0.9994170665740967,0.5737093687057495,0.3903487026691437,0.06528227031230927,0.9766636490821838,0.6453379988670349,0.43028321862220764,0.18042276799678802,0.4641386866569519,0.5686007738113403,0.3712838888168335,0.012761683203279972,0.9856318235397339,0.6188065409660339,0.44105619192123413,0.1789436936378479,0.5871293544769287,0.5599590539932251,0.3674575388431549,-0.0020500055979937315,0.9772142171859741,0.6171751618385315,0.4428713321685791,0.18581996858119965,0.5299721360206604,0.5632887482643127,0.36792442202568054,0.009363052435219288,0.9756161570549011,0.6073514819145203,0.44278067350387573,0.18884031474590302,0.4889261722564697,0.5561608076095581,0.3746933937072754,0.015461772680282593,0.9607644081115723,0.6064727902412415,0.44172728061676025,0.18084488809108734,0.45548227429389954,0.5782780647277832,0.4305642247200012,-0.010210436768829823,0.9999860525131226,0.6099671125411987,0.43040555715560913,0.009933624416589737,0.9999219179153442,0.5388654470443726,0.4611288905143738,-0.06644657999277115,0.9949495792388916,0.6513175964355469,0.4506534934043884,0.015450946055352688,0.931835412979126,0.5051422715187073,0.48894619941711426,-0.12302334606647491,0.9903621673583984,0.6705800890922546,0.4776932895183563,-0.02210090309381485,0.9519355297088623,0.503497302532196,0.49271583557128906,-0.12916266918182373,0.9924073815345764,0.6694937944412231,0.482742577791214,-0.027996698394417763,0.9463463425636292,0.49818509817123413,0.4973481297492981,-0.1530693769454956,0.970313549041748,0.671647846698761,0.48367977142333984,-0.05043651536107063,0.8499087691307068
U15_v4,346,1,0.6085143089294434,0.40920060873031616,0.30436429381370544,0.9022049903869629,0.607468843460083,0.4088323712348938,0.29438695311546326,0.8863509297370911,0.6067167520523071,0.40883660316467285,0.29435938596725464,0.8310855627059937,0.6059361696243286,0.4087621867656708,0.2943251430988312,0.8555070757865906,0.611353874206543,0.4086051285266876,0.3015330731868744,0.9195780754089355,0.6117908358573914,0.4086752235889435,0.30156409740448,0.8934590220451355,0.6122773885726929,0.40867266058921814,0.301443874835968,0.9248532652854919,0.6047000288963318,0.40925803780555725,0.23569515347480774,0.7271036505699158,0.6164042949676514,0.41019150614738464,0.26913073658943176,0.8236982226371765,0.607046902179718,0.4099578261375427,0.28348299860954285,0.6802203059196472,0.610334038734436,0.4102896451950073,0.29304593801498413,0.7562571167945862,0.5876551866531372,0.407051682472229,0.15440331399440765,0.9954525828361511,0.6395424604415894,0.41732922196388245,0.21545080840587616,0.9993797540664673,0.5683955550193787,0.39227598905563354,0.10683926194906235,0.9701828956604004,0.6423259377479553,0.4258488118648529,0.20426273345947266,0.43693652749061584,0.5692327618598938,0.370979905128479,0.08146513998508453,0.9813461899757385,0.6132994890213013,0.4302830100059509,0.20670725405216217,0.4182431697845459,0.5503256320953369,0.3727230131626129,0.06919535994529724,0.9706520438194275,0.6098887920379639,0.43072113394737244,0.2133040428161621,0.3500816226005554,0.5648654103279114,0.3654247522354126,0.07838021963834763,0.9681996703147888,0.6013879179954529,0.4299839437007904,0.2146916538476944,0.3284033536911011,0.5668913722038269,0.36685711145401,0.08410900831222534,0.9512414336204529,0.6016790270805359,0.42935898900032043,0.207844540476799,0.33023831248283386,0.5780363082885742,0.43034544587135315,-0.003996859770268202,0.9999712705612183,0.6089711785316467,0.4302709698677063,0.00372294127009809,0.9998788833618164,0.5395731925964355,0.4613524377346039,-0.07046031951904297,0.9908955693244934,0.6499524116516113,0.45053568482398987,0.01302320510149002,0.9304237961769104,0.5048307180404663,0.4897470474243164,-0.1346898376941681,0.9853374361991882,0.6683304309844971,0.47587454319000244,-0.020998062565922737,0.9322311878204346,0.5015873908996582,0.49374061822891235,-0.14183355867862701,0.9895493984222412,0.6674808263778687,0.48126035928726196,-0.026232412084937096,0.9278691411018372,0.49778175354003906,0.4968569278717041,-0.1707550585269928,0.9571746587753296,0.671248197555542,0.48248007893562317,-0.04784252122044563,0.7987836599349976
U15_v4,347,1,0.5859141945838928,0.4073880910873413,0.39257484674453735,0.9781355857849121,0.5823257565498352,0.40497320890426636,0.39092034101486206,0.9839995503425598,0.5815486907958984,0.4051187038421631,0.39102813601493835,0.9887866377830505,0.5805616974830627,0.40525004267692566,0.3910581171512604,0.9930540919303894,0.5870270133018494,0.40688037872314453,0.3869216740131378,0.9850664138793945,0.5884805917739868,0.4064570367336273,0.38694772124290466,0.990929901599884,0.5874003767967224,0.40330415964126587,0.38682910799980164,0.9908782839775085,0.5796209573745728,0.4055422246456146,0.33969318866729736,0.9903844594955444,0.5891920924186707,0.4029080271720886,0.32159969210624695,0.9820135235786438,0.5836472511291504,0.40697798132896423,0.37203702330589294,0.9411221742630005,0.5887355804443359,0.4065985381603241,0.3662857711315155,0.9226573705673218,0.5713222622871399,0.4138806164264679,0.2919657826423645,0.9967646598815918,0.6079577803611755,0.4015211760997772,0.23483382165431976,0.9997676014900208,0.5651017427444458,0.4229751229286194,0.37050119042396545,0.08376841247081757,0.5905877947807312,0.38306787610054016,0.2794908285140991,0.9406866431236267,0.5489646792411804,0.42149466276168823,0.46956920623779297,0.12101750075817108,0.5707212686538696,0.36632442474365234,0.3555690348148346,0.9913983345031738,0.5451446175575256,0.4208199977874756,0.48238658905029297,0.16174393892288208,0.5643981695175171,0.3590291738510132,0.3607538640499115,0.99222332239151,0.5456032752990723,0.41975992918014526,0.48540863394737244,0.14290395379066467,0.5626347064971924,0.3588009476661682,0.36134210228919983,0.9883028864860535,0.5503358840942383,0.41933560371398926,0.47317659854888916,0.13834229111671448,0.5644029378890991,0.3615904152393341,0.35800623893737793,0.9783998131752014,0.5781545639038086,0.43242669105529785,0.026002418249845505,0.9999880790710449,0.6126924157142639,0.43049561977386475,-0.026259683072566986,0.9999939203262329,0.5393213033676147,0.46027201414108276,-0.05708248168230057,0.9998261332511902,0.6517159938812256,0.4521510601043701,-0.020469611510634422,0.9996215105056763,0.5015062689781189,0.4891676902770996,-0.14648160338401794,0.9975249171257019,0.6777560710906982,0.48352837562561035,-0.07320017367601395,0.9921557903289795,0.5003973245620728,0.49383702874183655,-0.1529645174741745,0.9987025260925293,0.6783484220504761,0.49078619480133057,-0.0785192996263504,0.9969084858894348,0.4946175813674927,0.4956952929496765,-0.1764550656080246,0.9867139458656311,0.7011056542396545,0.48209625482559204,-0.10664301365613937,0.9657698273658752
U15_v4,348,1,0.5885923504829407,0.40670642256736755,0.37783539295196533,0.9695823192596436,0.5836976766586304,0.4049675762653351,0.3773762583732605,0.9780116081237793,0.5832260847091675,0.4055022597312927,0.37747034430503845,0.9842020273208618,0.5822827219963074,0.4056069850921631,0.37750014662742615,0.9897425174713135,0.5875488519668579,0.40441086888313293,0.3718312382698059,0.979494571685791,0.5881865620613098,0.4041763246059418,0.37184783816337585,0.9872462749481201,0.5885750651359558,0.4038562476634979,0.3717237412929535,0.9874435067176819,0.5811000466346741,0.40568915009498596,0.3330163061618805,0.9856230020523071,0.5900967717170715,0.4033547639846802,0.3080025613307953,0.9772942066192627,0.5874429941177368,0.4075322151184082,0.3601827025413513,0.9239842295646667,0.5894294381141663,0.4064038097858429,0.3523813784122467,0.8981450200080872,0.5717930197715759,0.41377538442611694,0.28791189193725586,0.9939553141593933,0.6084990501403809,0.40131035447120667,0.22062943875789642,0.9996771812438965,0.5687152147293091,0.42246487736701965,0.34946587681770325,0.07769235223531723,0.5909761786460876,0.3833260238170624,0.2511167526245117,0.9622274041175842,0.5570380687713623,0.4219847321510315,0.41544753313064575,0.12198448926210403,0.5711082220077515,0.3660596013069153,0.3100660443305969,0.994586706161499,0.5431865453720093,0.4220401644706726,0.42556944489479065,0.1680505871772766,0.5635430216789246,0.3592815101146698,0.3128102123737335,0.9951190948486328,0.5445327758789062,0.4219902455806732,0.42609766125679016,0.1502494215965271,0.5627428889274597,0.35922086238861084,0.3139955401420593,0.9926856756210327,0.549532949924469,0.4214898347854614,0.4174351096153259,0.14855098724365234,0.5646082162857056,0.36180853843688965,0.3127062916755676,0.9863400459289551,0.5776543617248535,0.4328359067440033,0.026123376563191414,0.9999758005142212,0.6125082969665527,0.4311688542366028,-0.026338616386055946,0.9999884366989136,0.5389741063117981,0.4604698121547699,-0.053736135363578796,0.9998360872268677,0.651654064655304,0.45235782861709595,-0.01726868562400341,0.9996510744094849,0.5022643804550171,0.489536315202713,-0.15008744597434998,0.9968934059143066,0.6775125861167908,0.4826374053955078,-0.07639895379543304,0.9894996285438538,0.500877320766449,0.4941568076610565,-0.15736524760723114,0.9987611770629883,0.6783940196037292,0.48980769515037537,-0.08214356750249863,0.996722400188446,0.4943636953830719,0.49524593353271484,-0.18362320959568024,0.978661060333252,0.7026147246360779,0.48176103830337524,-0.11337998509407043,0.9523846507072449
U15_v4,349,0,,,,,,,,,,,,,,,,,,,,,,,,,,,,,,,,,,,,,,,,,,,,,,,,,,,,,,,,,,,,,,,,,,,,,,,,,,,,,,,,,,,,,,,,,,,,,,,,,,,,,,,,,,,,,,,,,,,,,,,,,,,,,,,,,,,,
U15_v4,350,1,0.5956341624259949,0.40771666169166565,0.3183399438858032,0.9463465809822083,0.595816433429718,0.4071459174156189,0.315126895904541,0.9143235087394714,0.5952343344688416,0.4069649875164032,0.31516239047050476,0.9254671335220337,0.5943862795829773,0.406688928604126,0.31517431139945984,0.9172089695930481,0.6000334620475769,0.40762561559677124,0.3178880512714386,0.9429323077201843,0.6005633473396301,0.4076246917247772,0.31791722774505615,0.9586519598960876,0.6034701466560364,0.40799766778945923,0.3177471458911896,0.9531282186508179,0.5927808880805969,0.4043724834918976,0.2688181400299072,0.859867513179779,0.607405424118042,0.4078874886035919,0.2815524637699127,0.9228105545043945,0.595163106918335,0.4079754054546356,0.29913145303726196,0.7816038727760315,0.59981769323349,0.40847453474998474,0.3026534616947174,0.8418979644775391,0.5785305500030518,0.4054517149925232,0.20548903942108154,0.9963595271110535,0.6189625859260559,0.41134020686149597,0.20688128471374512,0.9994540810585022,0.5803408026695251,0.39136582612991333,0.19646614789962769,0.5005438923835754,0.6127614974975586,0.4225982427597046,0.17125000059604645,0.10948417335748672,0.5727039575576782,0.3718385398387909,0.20787467062473297,0.8837972283363342,0.5896094441413879,0.43131136894226074,0.12492262572050095,0.35221999883651733,0.5681678056716919,0.368010550737381,0.20486800372600555,0.8996301889419556,0.5862599015235901,0.4327627718448639,0.12138877063989639,0.4124718904495239,0.5718384385108948,0.368297815322876,0.2099325954914093,0.8836725354194641,0.5827921032905579,0.4331394135951996,0.1238236352801323,0.3814108967781067,0.5729003548622131,0.36900168657302856,0.2099906951189041,0.8487569093704224,0.583123505115509,0.4321631193161011,0.1263504922389984,0.3449474275112152,0.5771145224571228,0.4326423704624176,0.013882380910217762,0.9999418258666992,0.6119332313537598,0.43305549025535583,-0.014252380467951298,0.9999618530273438,0.5350441336631775,0.4611254334449768,-0.029534539207816124,0.9931008815765381,0.6494963765144348,0.45422035455703735,-0.001535181887447834,0.9877802133560181,0.4959179162979126,0.488990843296051,-0.11745850741863251,0.9709232449531555,0.6726930141448975,0.4859539568424225,-0.07155594974756241,0.9687501192092896,0.4943235516548157,0.49338915944099426,-0.126672625541687,0.9860306978225708,0.6723310351371765,0.49301400780677795,-0.07998970150947571,0.9794088006019592,0.48660752177238464,0.4960903227329254,-0.14968453347682953,0.88434237241745,0.6983703374862671,0.4839075207710266,-0.09904952347278595,0.8735466003417969
U15_v4,351,1,0.5961439609527588,0.4077014923095703,0.3043998181819916,0.8837734460830688,0.5990242958068848,0.4075712263584137,0.30074450373649597,0.8204347491264343,0.5957688093185425,0.40702226758003235,0.30077141523361206,0.8484615087509155,0.594944953918457,0.4067508578300476,0.30078762769699097,0.8281359672546387,0.6005817651748657,0.40765997767448425,0.3032401502132416,0.8658408522605896,0.601081907749176,0.4076620936393738,0.30327340960502625,0.9015287756919861,0.6040500998497009,0.40803757309913635,0.30310526490211487,0.8848633170127869,0.593898355960846,0.40754398703575134,0.25489774346351624,0.7170827388763428,0.6034590601921082,0.4079408049583435,0.26699724793434143,0.820307195186615,0.5955358743667603,0.4079867899417877,0.2857000231742859,0.6319057941436768,0.6002016067504883,0.4084707796573639,0.28903496265411377,0.703803539276123,0.5781193375587463,0.40524736046791077,0.191137433052063,0.9935652613639832,0.619009256362915,0.4114469289779663,0.19681625068187714,0.9992148876190186,0.5800614356994629,0.39138710498809814,0.15236912667751312,0.41286948323249817,0.6128847599029541,0.4224889576435089,0.16546842455863953,0.09850802272558212,0.5636916160583496,0.38364896178245544,0.12294190376996994,0.8525528907775879,0.5867940187454224,0.4307251274585724,0.12378573417663574,0.35815197229385376,0.5576870441436768,0.3799181282520294,0.11437724530696869,0.8872609734535217,0.5830273032188416,0.4319726824760437,0.12045824527740479,0.4243111312389374,0.5610251426696777,0.378883421421051,0.12062086164951324,0.8717764616012573,0.5796438455581665,0.43252789974212646,0.1232021227478981,0.39561107754707336,0.5650251507759094,0.38012591004371643,0.12453842908143997,0.8306440711021423,0.5800623893737793,0.4316818416118622,0.12559033930301666,0.3508915901184082,0.5771428942680359,0.4324869215488434,0.011058859527111053,0.999919056892395,0.6118247509002686,0.43295907974243164,-0.011435605585575104,0.9999477863311768,0.5349951386451721,0.4610205590724945,-0.0290319062769413,0.9898235201835632,0.6496932506561279,0.4542328715324402,0.003016834380105138,0.9849274158477783,0.4962024986743927,0.4888743758201599,-0.11720101535320282,0.9628970623016357,0.6726872324943542,0.48586490750312805,-0.07056177407503128,0.9635488390922546,0.4947871267795563,0.4932650327682495,-0.126398503780365,0.9800901412963867,0.6722649931907654,0.4932089149951935,-0.07929706573486328,0.9744928479194641,0.48643437027931213,0.4962637722492218,-0.14773185551166534,0.8726950287818909,0.6983404755592346,0.48385635018348694,-0.096845343708992,0.8627936840057373
U15_v4,352,1,0.5966882109642029,0.40936899185180664,0.3231094479560852,0.9638826251029968,0.5964986085891724,0.40792134404182434,0.3207872211933136,0.9717085361480713,0.5958814024925232,0.4079777002334595,0.32079043984413147,0.9658936858177185,0.5950112342834473,0.4078848361968994,0.3207847476005554,0.9707595705986023,0.6005416512489319,0.4081507623195648,0.3240273594856262,0.9737939834594727,0.6009986996650696,0.408115953207016,0.32404693961143494,0.9710535407066345,0.6012899279594421,0.4079807698726654,0.32389944791793823,0.9786484837532043,0.5925806760787964,0.4087929129600525,0.27863433957099915,0.9340476393699646,0.6049246788024902,0.40907901525497437,0.2936553657054901,0.9455820322036743,0.5960419774055481,0.41017836332321167,0.30554190278053284,0.8850704431533813,0.6003420948982239,0.4104422330856323,0.30974212288856506,0.9069061279296875,0.5784701108932495,0.4074954688549042,0.2087479531764984,0.994411289691925,0.6178362965583801,0.41271063685417175,0.22901950776576996,0.9995133876800537,0.551925003528595,0.4078127145767212,0.18212954699993134,0.21039527654647827,0.620168924331665,0.4146963357925415,0.19306807219982147,0.406684935092926,0.5457774996757507,0.4059099555015564,0.16355808079242706,0.5449507236480713,0.6025521755218506,0.41724252700805664,0.15112318098545074,0.660587728023529,0.5425864458084106,0.40501412749290466,0.15303511917591095,0.6250573396682739,0.5996909737586975,0.41687658429145813,0.1449635922908783,0.6661043763160706,0.5477734804153442,0.4045393168926239,0.1583862602710724,0.6246031522750854,0.5979655385017395,0.4171685576438904,0.15155459940433502,0.651106595993042,0.5504631400108337,0.4047669768333435,0.165110245347023,0.5657145977020264,0.5979141592979431,0.4167768359184265,0.1538943201303482,0.6118856072425842,0.573706328868866,0.43146464228630066,-0.0025046917144209146,0.9998472929000854,0.6072785258293152,0.432595819234848,0.002191306324675679,0.9998773336410522,0.5337879657745361,0.4603188931941986,-0.06529365479946136,0.9933395981788635,0.6471424698829651,0.4549351930618286,0.013972899876534939,0.9745796918869019,0.4952464699745178,0.4887571930885315,-0.1570964753627777,0.9888880848884583,0.66990727186203,0.4864293932914734,-0.04963570088148117,0.9721940159797668,0.4923163056373596,0.4937781095504761,-0.1667698323726654,0.9880222082138062,0.6695330739021301,0.4934079945087433,-0.05769659951329231,0.9735485315322876,0.48327571153640747,0.495434433221817,-0.191131129860878,0.948792040348053,0.6971744298934937,0.48548150062561035,-0.07013512402772903,0.867353081703186
U15_v4,353,1,0.5942999124526978,0.4077361822128296,0.16478748619556427,0.8872220516204834,0.5915120840072632,0.4068942964076996,0.1652074158191681,0.8792297840118408,0.5910077691078186,0.40680262446403503,0.16512390971183777,0.8658415675163269,0.5904882550239563,0.40648719668388367,0.16502876579761505,0.8749722242355347,0.5946605801582336,0.40790003538131714,0.16019241511821747,0.9318982362747192,0.5953795313835144,0.40797460079193115,0.16024643182754517,0.9275567531585693,0.5960972309112549,0.4078606963157654,0.16016536951065063,0.9270648956298828,0.5880273580551147,0.4073530435562134,0.15896643698215485,0.827787458896637,0.5969841480255127,0.4105888903141022,0.13824091851711273,0.901663064956665,0.5934975147247314,0.4082181751728058,0.16397689282894135,0.7753315567970276,0.5976518988609314,0.40935662388801575,0.15781283378601074,0.8565186858177185,0.5844167470932007,0.4073338210582733,0.14150410890579224,0.9957410097122192,0.6160896420478821,0.42566466331481934,0.08529569208621979,0.999703586101532,0.57351154088974,0.39411526918411255,0.10519373416900635,0.7776663303375244,0.6313152313232422,0.44465339183807373,0.031173288822174072,0.9250887632369995,0.5761315226554871,0.3719649016857147,0.04681122303009033,0.9286002516746521,0.6223005056381226,0.46508246660232544,0.02549281343817711,0.7446181774139404,0.5701281428337097,0.365633487701416,0.03578678146004677,0.9255619049072266,0.6243035793304443,0.4702003300189972,0.018758967518806458,0.6529768705368042,0.5734235048294067,0.36541420221328735,0.039863456040620804,0.9221398234367371,0.6184821128845215,0.46882790327072144,0.036575667560100555,0.6099061965942383,0.575768232345581,0.36829787492752075,0.04677196592092514,0.888578474521637,0.6182286739349365,0.4664279818534851,0.03259039670228958,0.5634494423866272,0.5676314830780029,0.4277339279651642,0.0466950349509716,0.9999935626983643,0.5902522802352905,0.43194249272346497,-0.04703430086374283,0.9999805688858032,0.5370193123817444,0.45943525433540344,0.06683019548654556,0.8666743636131287,0.6452624201774597,0.45543232560157776,-0.0460733063519001,0.972672164440155,0.4910165071487427,0.4881872236728668,0.12423256784677505,0.9662830829620361,0.6659636497497559,0.48550522327423096,-0.038350969552993774,0.9884791970252991,0.48643574118614197,0.49206775426864624,0.13040688633918762,0.9683466553688049,0.663390040397644,0.4923804998397827,-0.037628017365932465,0.9802425503730774,0.4813230633735657,0.49669474363327026,0.09798917174339294,0.9428818821907043,0.6815651059150696,0.4871973991394043,-0.0776989609003067,0.9635484218597412
U15_v4,354,1,0.5956319570541382,0.40853169560432434,0.1226569339632988,0.9130229353904724,0.5920448303222656,0.40744102001190186,0.12153095752000809,0.9161685705184937,0.5914573669433594,0.40734633803367615,0.12147314846515656,0.9032489657402039,0.5908952951431274,0.40703290700912476,0.1213919073343277,0.9173457026481628,0.5954515933990479,0.4085521399974823,0.11424697190523148,0.9584071636199951,0.596132755279541,0.40863755345344543,0.11428219825029373,0.9548921585083008,0.5968540906906128,0.4085214138031006,0.1142033115029335,0.9592352509498596,0.588001549243927,0.4079420864582062,0.11768709868192673,0.8905511498451233,0.6001647114753723,0.4101526141166687,0.08736065775156021,0.9421924352645874,0.5942502021789551,0.4090809226036072,0.12406211346387863,0.812071681022644,0.5968409776687622,0.40944474935531616,0.11517851054668427,0.874466061592102,0.5863841772079468,0.40818101167678833,0.11788267642259598,0.9955109357833862,0.6216200590133667,0.4268043339252472,0.03790038824081421,0.9996826648712158,0.5808179974555969,0.38951295614242554,0.08860915899276733,0.8856667876243591,0.636920690536499,0.4474811553955078,-0.014980986714363098,0.974341630935669,0.5762550234794617,0.3693588376045227,0.039621755480766296,0.9307135939598083,0.626678466796875,0.469001829624176,-0.022241782397031784,0.8227059841156006,0.5699341893196106,0.3631402850151062,0.030134353786706924,0.9131194949150085,0.6281067132949829,0.47423917055130005,-0.03229944035410881,0.7144497036933899,0.5732532739639282,0.3633692264556885,0.03162730485200882,0.9105858206748962,0.623344361782074,0.4736187756061554,-0.011368698440492153,0.6749956607818604,0.5752931237220764,0.36605995893478394,0.038799602538347244,0.870207667350769,0.6237896084785461,0.4713509976863861,-0.013522349298000336,0.6244600415229797,0.5685434937477112,0.4283713102340698,0.053164638578891754,0.9999901056289673,0.5904577374458313,0.4374883472919464,-0.05356595665216446,0.9999560117721558,0.5366026163101196,0.4600677788257599,0.06610718369483948,0.8751625418663025,0.6465522050857544,0.456308513879776,0.004392066039144993,0.9789332151412964,0.49197039008140564,0.4886019229888916,0.12327547371387482,0.9764081835746765,0.6646902561187744,0.48501062393188477,0.031844545155763626,0.9903458952903748,0.48647162318229675,0.4924464523792267,0.12913022935390472,0.9770483374595642,0.6636530160903931,0.49298161268234253,0.03397328406572342,0.9841563105583191,0.4786911606788635,0.49704593420028687,0.09680573642253876,0.962546169757843,0.6827341914176941,0.48808375000953674,0.002428784966468811,0.9650723934173584
U15_v4,355,1,0.5951273441314697,0.4083586633205414,0.309280663728714,0.9960732460021973,0.5944209694862366,0.4084183871746063,0.3002108335494995,0.994658887386322,0.593923032283783,0.40850797295570374,0.3002001643180847,0.9956931471824646,0.5931435227394104,0.40837255120277405,0.30018317699432373,0.9943683743476868,0.5988766551017761,0.40852710604667664,0.30581173300743103,0.9965644478797913,0.5994742512702942,0.40847334265708923,0.30582669377326965,0.997481644153595,0.5998475551605225,0.40827763080596924,0.3057059049606323,0.9964679479598999,0.5932430028915405,0.40775996446609497,0.23765155673027039,0.9920310974121094,0.6080422401428223,0.40907391905784607,0.26174020767211914,0.9956772923469543,0.5957580804824829,0.41023531556129456,0.2855992019176483,0.9676769971847534,0.6000175476074219,0.41035395860671997,0.2923887073993683,0.9786744117736816,0.5798827409744263,0.4064820110797882,0.1519116312265396,0.9995352029800415,0.6198654770851135,0.4141220450401306,0.20274285972118378,0.9997857213020325,0.5813033580780029,0.38572123646736145,0.10424135625362396,0.8828580975532532,0.6195369958877563,0.42886918783187866,0.1692095845937729,0.09459658712148666,0.5737310647964478,0.36806535720825195,0.08774679899215698,0.979698896408081,0.6054101586341858,0.4414275884628296,0.13048888742923737,0.10544871538877487,0.5656993985176086,0.363270103931427,0.0727056935429573,0.9783222079277039,0.6045857667922974,0.4434439539909363,0.1302797794342041,0.13665182888507843,0.5706009268760681,0.3625442683696747,0.08271317183971405,0.9750824570655823,0.6012862920761108,0.4431401491165161,0.1329457014799118,0.12235180288553238,0.572374701499939,0.36426085233688354,0.09059464931488037,0.9578860998153687,0.6012634038925171,0.4418964684009552,0.13181200623512268,0.11354935169219971,0.5728123188018799,0.43501850962638855,-0.0052433256059885025,0.999993085861206,0.6075648665428162,0.43474629521369934,0.004875040613114834,0.9999866485595703,0.5294798612594604,0.4615335762500763,-0.04334826022386551,0.9993181228637695,0.6454287767410278,0.4584294259548187,0.04645516350865364,0.986351728439331,0.48969146609306335,0.48831039667129517,-0.11228635907173157,0.9935688972473145,0.6631155014038086,0.4877661466598511,0.016430217772722244,0.9597389698028564,0.48596951365470886,0.49252575635910034,-0.11900044232606888,0.9959308505058289,0.6631393432617188,0.49446699023246765,0.012571308761835098,0.9650137424468994,0.4717596769332886,0.4962979257106781,-0.1425221860408783,0.9167237281799316,0.686984658241272,0.48646309971809387,0.0037676163483411074,0.7123205065727234
U15_v4,356,1,0.5888189077377319,0.4097961187362671,0.22914685308933258,0.8509672284126282,0.5884052515029907,0.4094920754432678,0.22324952483177185,0.8767699003219604,0.5877249240875244,0.409488707780838,0.22327813506126404,0.8710939884185791,0.5870898962020874,0.4095078110694885,0.22327668964862823,0.8849453926086426,0.5910863876342773,0.4094487428665161,0.22431477904319763,0.9006401896476746,0.5924798846244812,0.4094158709049225,0.22431044280529022,0.9041982293128967,0.5939257144927979,0.40939074754714966,0.22418718039989471,0.9260932207107544,0.5892279148101807,0.41008898615837097,0.18704348802566528,0.8697171211242676,0.5985747575759888,0.40989115834236145,0.192830428481102,0.8787537813186646,0.5892668962478638,0.4106844365596771,0.21752320230007172,0.7251342535018921,0.5926274061203003,0.4106380045413971,0.21920697391033173,0.7674788236618042,0.5805498957633972,0.40837323665618896,0.14532090723514557,0.9967101812362671,0.6144112348556519,0.41117656230926514,0.1481049805879593,0.9992417097091675,0.5732045769691467,0.4107797145843506,0.10569459944963455,0.21469223499298096,0.6038572788238525,0.41237571835517883,0.12499682605266571,0.09278163313865662,0.5597692728042603,0.40627697110176086,0.052140962332487106,0.6345493793487549,0.5783551335334778,0.4093436300754547,0.09085150808095932,0.1921643316745758,0.5557953715324402,0.4057839512825012,0.036520522087812424,0.7448046207427979,0.5718192458152771,0.40797653794288635,0.08493120223283768,0.24581848084926605,0.5574027299880981,0.4049036204814911,0.04284203052520752,0.7346352934837341,0.5691426396369934,0.4080063998699188,0.08805110305547714,0.22174012660980225,0.5598483085632324,0.4049728512763977,0.05268396437168121,0.6406832337379456,0.5710335373878479,0.4079427421092987,0.09133248031139374,0.2415642887353897,0.5744637250900269,0.4337237477302551,0.013847941532731056,0.9999781847000122,0.6056628823280334,0.434551477432251,-0.014142709784209728,0.9999778270721436,0.5285599827766418,0.4611854553222656,-0.03768621012568474,0.9913056492805481,0.6429154276847839,0.45846807956695557,-0.016121214255690575,0.9779561758041382,0.48899802565574646,0.48764893412590027,-0.07423955202102661,0.9870144128799438,0.6618394255638123,0.4888785481452942,-0.04683098569512367,0.9671900868415833,0.48626574873924255,0.49083417654037476,-0.07618530839681625,0.9724554419517517,0.6611289978027344,0.49449318647384644,-0.05200851708650589,0.9133928418159485,0.47979116439819336,0.49123427271842957,-0.1043306365609169,0.965572714805603,0.6864432096481323,0.4865685701370239,-0.09176856279373169,0.8847497701644897
U15_v4,357,1,0.5876913666725159,0.4099915027618408,0.2519341707229614,0.9484976530075073,0.5875945687294006,0.40971317887306213,0.2467348426580429,0.962118923664093,0.5868759751319885,0.4096759557723999,0.2467537671327591,0.9592745900154114,0.586205780506134,0.4096609354019165,0.24674773216247559,0.9619301557540894,0.5902990698814392,0.40977007150650024,0.24854619801044464,0.9677250981330872,0.5917862057685852,0.4097716212272644,0.24854972958564758,0.9687795639038086,0.5933259129524231,0.40978342294692993,0.2484329640865326,0.9759241938591003,0.5885653495788574,0.41017451882362366,0.21049010753631592,0.9555162191390991,0.5981348156929016,0.41033095121383667,0.21933938562870026,0.9602916836738586,0.5880303382873535,0.41075101494789124,0.23965668678283691,0.9062614440917969,0.5915619134902954,0.4107670187950134,0.24222944676876068,0.9267082810401917,0.5801520943641663,0.4084434509277344,0.16260859370231628,0.9982921481132507,0.6148640513420105,0.41184017062187195,0.1677430123090744,0.9995805621147156,0.573431670665741,0.41016772389411926,0.1146245151758194,0.37356260418891907,0.6030077338218689,0.4134114980697632,0.13295239210128784,0.07244867831468582,0.5625072717666626,0.4038584232330322,0.06065434589982033,0.6979689598083496,0.5791211724281311,0.4128684997558594,0.08998509496450424,0.0734345018863678,0.5594803690910339,0.402565062046051,0.043838806450366974,0.769106924533844,0.5726905465126038,0.41226276755332947,0.08426576107740402,0.08656086027622223,0.5607342720031738,0.40219491720199585,0.05243926867842674,0.7568415999412537,0.5709147453308105,0.4125101566314697,0.08866697549819946,0.07708727568387985,0.5627523064613342,0.4024795889854431,0.06193673610687256,0.6606472134590149,0.5726751685142517,0.41208401322364807,0.09084787219762802,0.09333140403032303,0.5741612315177917,0.4333127737045288,0.014483029954135418,0.9999843835830688,0.6066541075706482,0.434322714805603,-0.014812550507485867,0.9999816417694092,0.5288300514221191,0.46115338802337646,-0.05269857496023178,0.9907435774803162,0.6423826217651367,0.457119345664978,-0.03150544315576553,0.9773486852645874,0.4876495599746704,0.48786911368370056,-0.10101962089538574,0.9858964085578918,0.6618111729621887,0.48891469836235046,-0.07998544722795486,0.9656349420547485,0.4854619801044464,0.4911332428455353,-0.10440108180046082,0.9667357802391052,0.6618674993515015,0.4944985806941986,-0.08706731349229813,0.8930265307426453,0.47844916582107544,0.49143001437187195,-0.13414640724658966,0.9582814574241638,0.6897382736206055,0.4870023727416992,-0.12658245861530304,0.870433509349823
U15_v4,358,1,0.5904315114021301,0.4091215133666992,0.2866874039173126,0.9652396440505981,0.5899065136909485,0.4087219536304474,0.2823242247104645,0.9770720601081848,0.5890443325042725,0.4088124632835388,0.28236761689186096,0.9770786166191101,0.5881472229957581,0.40892907977104187,0.28236544132232666,0.9820029735565186,0.5911661386489868,0.4067792296409607,0.2873247265815735,0.9745222926139832,0.5948503017425537,0.4078998267650604,0.28735223412513733,0.9776405096054077,0.5964105129241943,0.40765610337257385,0.28724345564842224,0.9834453463554382,0.5895982384681702,0.409596711397171,0.2374889850616455,0.9589798450469971,0.600645899772644,0.4076760709285736,0.2594841718673706,0.9598277807235718,0.5899136066436768,0.4099377691745758,0.26960742473602295,0.8398764729499817,0.5930556058883667,0.408136785030365,0.27568143606185913,0.8787549734115601,0.5756897926330566,0.4091116487979889,0.1758280247449875,0.997257649898529,0.6120770573616028,0.41005009412765503,0.2106749713420868,0.9996598958969116,0.5563239455223083,0.40985652804374695,0.18505899608135223,0.15207761526107788,0.5959548354148865,0.39123088121414185,0.2316121757030487,0.32242506742477417,0.5486900210380554,0.40047210454940796,0.20399735867977142,0.2467530220746994,0.5803040862083435,0.3771279454231262,0.2454759031534195,0.6969094276428223,0.5415753722190857,0.3982546627521515,0.19767282903194427,0.3158230781555176,0.5792627930641174,0.3728232979774475,0.2457132488489151,0.7766892910003662,0.5482462048530579,0.39701324701309204,0.2033851146697998,0.31236129999160767,0.5764675140380859,0.37292051315307617,0.24617893993854523,0.7393537759780884,0.5515528917312622,0.39794301986694336,0.2065165936946869,0.2547129690647125,0.5761672258377075,0.3743630051612854,0.2463097870349884,0.6541309952735901,0.5696192383766174,0.43533623218536377,-0.006866193376481533,0.9999929666519165,0.604615330696106,0.43458181619644165,0.006565610412508249,0.9999929666519165,0.5259342193603516,0.4617813229560852,-0.08796371519565582,0.999207079410553,0.640822172164917,0.45882463455200195,0.03191615641117096,0.978839099407196,0.4839248061180115,0.4881758689880371,-0.1569579839706421,0.9921466708183289,0.6593772172927856,0.4881606698036194,0.03505955636501312,0.9225079417228699,0.48045235872268677,0.4924599230289459,-0.16127774119377136,0.9940819144248962,0.6594526767730713,0.4944993257522583,0.03600301221013069,0.9358504414558411,0.4669457674026489,0.49597811698913574,-0.18694473803043365,0.9282686710357666,0.6829752922058105,0.48845380544662476,0.024737423285841942,0.6591899991035461
U15_v4,359,1,0.597108781337738,0.40910518169403076,0.25438007712364197,0.9976934790611267,0.5979209542274475,0.4093609154224396,0.25442683696746826,0.9989187717437744,0.5965679287910461,0.410023033618927,0.25444650650024414,0.9984889030456543,0.595849335193634,0.40996459126472473,0.25445252656936646,0.9990946054458618,0.5993953943252563,0.4093071222305298,0.2595600187778473,0.9989579916000366,0.5998048782348633,0.4093257486820221,0.2595343291759491,0.9989381432533264,0.6000613570213318,0.40923070907592773,0.2594163119792938,0.9995325803756714,0.5957412123680115,0.40998464822769165,0.23342671990394592,0.998084545135498,0.6004124879837036,0.4093910753726959,0.2551710903644562,0.9989877343177795,0.5979710817337036,0.4111059308052063,0.24679778516292572,0.9886581301689148,0.599471926689148,0.41100043058395386,0.252651184797287,0.9919189810752869,0.5949069857597351,0.4186646342277527,0.1887025237083435,0.9985352754592896,0.6114728450775146,0.40871381759643555,0.21686388552188873,0.9999679327011108,0.5703974962234497,0.42235150933265686,0.183693990111351,0.12686534225940704,0.586803138256073,0.38537871837615967,0.23103468120098114,0.7103450894355774,0.5559910535812378,0.4157875180244446,0.1845083385705948,0.3041555881500244,0.5796008110046387,0.36875003576278687,0.25142034888267517,0.9079864621162415,0.5443415641784668,0.4140737056732178,0.18085931241512299,0.34622225165367126,0.5744236707687378,0.36448514461517334,0.25355347990989685,0.9211428761482239,0.5498238801956177,0.4110851585865021,0.1852574348449707,0.31047505140304565,0.5747103691101074,0.36343854665756226,0.25267401337623596,0.9016443490982056,0.5534774661064148,0.4115643799304962,0.1864614337682724,0.2745317220687866,0.5764028429985046,0.36506029963493347,0.2510359585285187,0.867448627948761,0.5735982060432434,0.4342256784439087,0.0013472913997247815,0.9999949932098389,0.5996880531311035,0.43469634652137756,-0.0015334106283262372,0.9999971389770508,0.5262590050697327,0.46100229024887085,-0.11257839947938919,0.9926362037658691,0.6384788155555725,0.4603646397590637,-0.015185033902525902,0.9870904088020325,0.48416998982429504,0.48727139830589294,-0.19757376611232758,0.962547242641449,0.6568020582199097,0.48972493410110474,-0.034654609858989716,0.9537674784660339,0.4802885353565216,0.4916796088218689,-0.20528866350650787,0.983283519744873,0.6560415029525757,0.4963838458061218,-0.037924181669950485,0.9533042311668396,0.4755169153213501,0.49460309743881226,-0.24876755475997925,0.9229515790939331,0.6771813035011292,0.4896623492240906,-0.07309137284755707,0.9236087203025818
U15_v4,360,1,0.6015610694885254,0.40939414501190186,0.21681851148605347,0.9820153713226318,0.6009200215339661,0.40922489762306213,0.21479861438274384,0.9929367899894714,0.6003178954124451,0.40923914313316345,0.2148015946149826,0.9897127151489258,0.599276065826416,0.4114079177379608,0.21478423476219177,0.994203507900238,0.6030946373939514,0.4086441695690155,0.21945926547050476,0.9928421974182129,0.6034898161888123,0.40870338678359985,0.21941058337688446,0.9916630983352661,0.6037570834159851,0.40860840678215027,0.21927915513515472,0.9966012239456177,0.6020326614379883,0.4127969741821289,0.19097651541233063,0.9850173592567444,0.6063355207443237,0.4093749523162842,0.21101681888103485,0.990749180316925,0.6003211140632629,0.41104429960250854,0.20907174050807953,0.9386730194091797,0.602725625038147,0.4100733697414398,0.2145615965127945,0.9553576707839966,0.5977042317390442,0.4184657335281372,0.1501963883638382,0.9942852854728699,0.6111281514167786,0.40953806042671204,0.17840524017810822,0.9999041557312012,0.5706111192703247,0.41973114013671875,0.13603796064853668,0.21248558163642883,0.5860010981559753,0.3888048529624939,0.1923505961894989,0.5563157200813293,0.5539740324020386,0.41168496012687683,0.12952594459056854,0.3404991924762726,0.5795885324478149,0.3707699775695801,0.20384593307971954,0.7206735610961914,0.5479660630226135,0.4111345112323761,0.12302900850772858,0.3547721803188324,0.573319137096405,0.3724995255470276,0.20256376266479492,0.7182930111885071,0.552389919757843,0.40794795751571655,0.12568439543247223,0.3255749046802521,0.5745084881782532,0.36590084433555603,0.20257650315761566,0.6796108484268188,0.5559525489807129,0.4088802635669708,0.13028505444526672,0.2928856611251831,0.5768977999687195,0.36752429604530334,0.20301750302314758,0.6439199447631836,0.5728694200515747,0.434268057346344,0.010474519804120064,0.999975323677063,0.6000437140464783,0.43569597601890564,-0.010637347586452961,0.9999903440475464,0.5280519127845764,0.46013787388801575,-0.10471560060977936,0.9609289765357971,0.6389437913894653,0.4612974226474762,-0.07443666458129883,0.9711759686470032,0.48363232612609863,0.48666608333587646,-0.18111960589885712,0.8925890326499939,0.6574578881263733,0.4918617308139801,-0.12253561615943909,0.9336611032485962,0.4801791310310364,0.4912111759185791,-0.18836361169815063,0.9402839541435242,0.6572957038879395,0.4975641667842865,-0.12886866927146912,0.9009698033332825,0.47336748242378235,0.49351850152015686,-0.23824644088745117,0.8571036458015442,0.6732022166252136,0.4904883801937103,-0.1800500452518463,0.9171961545944214
U15_v4,361,0,,,,,,,,,,,,,,,,,,,,,,,,,,,,,,,,,,,,,,,,,,,,,,,,,,,,,,,,,,,,,,,,,,,,,,,,,,,,,,,,,,,,,,,,,,,,,,,,,,,,,,,,,,,,,,,,,,,,,,,,,,,,,,,,,,,,
U15_v4,362,1,0.5944563150405884,0.4116252064704895,-0.1405898779630661,0.9948204755783081,0.5920542478561401,0.41137218475341797,-0.1472574919462204,0.9962083101272583,0.5917212963104248,0.4114037752151489,-0.1473003476858139,0.995515763759613,0.5901177525520325,0.41062167286872864,-0.14730864763259888,0.9968157410621643,0.5933963060379028,0.4112454056739807,-0.1588873714208603,0.997745931148529,0.5956217646598816,0.41191110014915466,-0.1590101271867752,0.9972231388092041,0.5964439511299133,0.41183313727378845,-0.1591322422027588,0.9981556534767151,0.588027834892273,0.4113859236240387,-0.1316431164741516,0.9933879375457764,0.5946282744407654,0.41319540143013,-0.18507473170757294,0.9980975985527039,0.5934603214263916,0.4124410152435303,-0.12840580940246582,0.9943084120750427,0.5953723192214966,0.4124619662761688,-0.14412224292755127,0.9971901774406433,0.5819836854934692,0.4129854440689087,-0.06866317242383957,0.9967664480209351,0.609938383102417,0.42854851484298706,-0.16358864307403564,0.9997316002845764,0.5692495703697205,0.4037982225418091,-0.07526832073926926,0.5553498864173889,0.6039314866065979,0.4367866814136505,-0.15604208409786224,0.8013232350349426,0.5618374347686768,0.39316868782043457,-0.1277744323015213,0.782855212688446,0.5888631343841553,0.4399053752422333,-0.12746751308441162,0.43791452050209045,0.5534728169441223,0.3892679214477539,-0.14015500247478485,0.765609622001648,0.5841853618621826,0.44117528200149536,-0.14312194287776947,0.36116907000541687,0.5590845346450806,0.389852911233902,-0.15122190117835999,0.7657526135444641,0.5801212787628174,0.4396006762981415,-0.13642020523548126,0.33805838227272034,0.5647562146186829,0.39193499088287354,-0.1337978094816208,0.7057799696922302,0.5833160281181335,0.4384886920452118,-0.12387558817863464,0.33920857310295105,0.5458678007125854,0.44103458523750305,0.0528729222714901,0.9999604225158691,0.5661858320236206,0.44590964913368225,-0.052921902388334274,0.9999593496322632,0.5297408699989319,0.4596877098083496,0.05594656243920326,0.959749162197113,0.630582332611084,0.4580569565296173,-0.0964529737830162,0.9944939017295837,0.4777190089225769,0.4866681694984436,0.12123576551675797,0.9942525029182434,0.6526774764060974,0.4898514449596405,-0.11125879734754562,0.9964216947555542,0.4711752235889435,0.48939019441604614,0.12642672657966614,0.9886015057563782,0.6508873105049133,0.49722185730934143,-0.1142064705491066,0.9886189699172974,0.45714759826660156,0.49586251378059387,0.06688699871301651,0.9895439147949219,0.6790899038314819,0.49611642956733704,-0.18390709161758423,0.9909362196922302
U15_v4,363,1,0.6068732738494873,0.40916985273361206,-0.4197293817996979,0.9998282194137573,0.5971659421920776,0.40982577204704285,-0.42232799530029297,0.9998482465744019,0.5967899560928345,0.4098605811595917,-0.4223559498786926,0.9997963309288025,0.5964878797531128,0.40967655181884766,-0.42240580916404724,0.9998654127120972,0.5981841087341309,0.4099067449569702,-0.4301663041114807,0.9999245405197144,0.5984379053115845,0.4100528061389923,-0.4302785098552704,0.9998961687088013,0.5975632667541504,0.4116789996623993,-0.4303595721721649,0.9999353885650635,0.5891197919845581,0.41104498505592346,-0.36802002787590027,0.9996352195739746,0.5952565670013428,0.4132460355758667,-0.40515756607055664,0.9999470710754395,0.60519939661026,0.41147226095199585,-0.3927726745605469,0.9998564720153809,0.6009418964385986,0.4110100567340851,-0.40376362204551697,0.9999440908432007,0.5852558612823486,0.4122513234615326,-0.26755034923553467,0.9991651773452759,0.6004644632339478,0.4295295178890228,-0.32868826389312744,0.9999587535858154,0.5786029100418091,0.39144858717918396,-0.29706740379333496,0.9491419792175293,0.5928914546966553,0.4405028522014618,-0.32781776785850525,0.9670654535293579,0.5793968439102173,0.3726631700992584,-0.37743809819221497,0.9817000031471252,0.5780849456787109,0.447592556476593,-0.33082345128059387,0.6476178169250488,0.5725066065788269,0.3647902011871338,-0.40448519587516785,0.9694982767105103,0.5723519921302795,0.4489314556121826,-0.35591089725494385,0.5115522146224976,0.5770502090454102,0.36543381214141846,-0.41522589325904846,0.9687522649765015,0.5708526968955994,0.4486927390098572,-0.3535388112068176,0.4797564148902893,0.5787234306335449,0.3689984679222107,-0.3840217888355255,0.9454069137573242,0.5745092630386353,0.44739896059036255,-0.3302742540836334,0.4539468288421631,0.555367112159729,0.4385685622692108,0.05455673858523369,0.9999662637710571,0.5677567720413208,0.4450022280216217,-0.05457388982176781,0.9999850988388062,0.5297806859016418,0.4604101777076721,0.05021734535694122,0.9576264023780823,0.6270915269851685,0.45673006772994995,-0.1449998915195465,0.9974874258041382,0.47658035159111023,0.48740604519844055,0.15186093747615814,0.996004045009613,0.6513007283210754,0.4915689527988434,-0.15019278228282928,0.9979555606842041,0.4728124439716339,0.4915134608745575,0.15911723673343658,0.9932782053947449,0.6492189168930054,0.49774888157844543,-0.15407545864582062,0.9913819432258606,0.4597722589969635,0.495869904756546,0.08673810213804245,0.9948437213897705,0.6433907151222229,0.5020412802696228,-0.24132485687732697,0.9961309432983398
U15_v4,364,1,0.5982201099395752,0.41054925322532654,0.1859160214662552,0.9980529546737671,0.596740186214447,0.4109256863594055,0.19343267381191254,0.999238133430481,0.5963127613067627,0.41116175055503845,0.1934708207845688,0.9989984631538391,0.5973113775253296,0.41167131066322327,0.19344069063663483,0.9992617964744568,0.5987326502799988,0.40965428948402405,0.1963513046503067,0.9992604851722717,0.5985894203186035,0.40952059626579285,0.1962738037109375,0.999228835105896,0.5983873605728149,0.4092264771461487,0.19615665078163147,0.999638557434082,0.5956841111183167,0.4126768112182617,0.20352235436439514,0.998559296131134,0.597904622554779,0.4095310568809509,0.2139083445072174,0.9992231130599976,0.5970401763916016,0.41267484426498413,0.1886821985244751,0.9894993305206299,0.599180281162262,0.4111640751361847,0.1915867179632187,0.9933388829231262,0.5878665447235107,0.42581525444984436,0.18767894804477692,0.9948362112045288,0.6009036302566528,0.4093272387981415,0.18081802129745483,0.9998431205749512,0.5890232920646667,0.43569326400756836,0.17187516391277313,0.18644601106643677,0.5865820050239563,0.38584327697753906,0.168120875954628,0.727083683013916,0.5911932587623596,0.4277188181877136,0.17181406915187836,0.19869764149188995,0.580686628818512,0.36995115876197815,0.17764440178871155,0.5345741510391235,0.5874256491661072,0.42524659633636475,0.17844295501708984,0.1868971884250641,0.5780566930770874,0.36358702182769775,0.18204864859580994,0.44541633129119873,0.594582200050354,0.42352402210235596,0.18330927193164825,0.17402411997318268,0.5788443684577942,0.3629179000854492,0.18810753524303436,0.4323798716068268,0.5968132019042969,0.42429986596107483,0.1736605018377304,0.17424927651882172,0.5793238878250122,0.3649568259716034,0.17842204868793488,0.45318731665611267,0.568953812122345,0.4380340278148651,0.02578132040798664,0.9999555349349976,0.5869255065917969,0.43486055731773376,-0.025916341692209244,0.9999767541885376,0.5236709117889404,0.4618823826313019,-0.04813903570175171,0.9687220454216003,0.6313775181770325,0.4582054018974304,-0.13822734355926514,0.990995466709137,0.47470173239707947,0.48674502968788147,-0.0832756757736206,0.976108968257904,0.653823971748352,0.4889453649520874,-0.20420275628566742,0.9883642196655273,0.469675749540329,0.49021780490875244,-0.0862898901104927,0.980945348739624,0.6497664451599121,0.49524757266044617,-0.21102160215377808,0.9812906384468079,0.4629257023334503,0.49546271562576294,-0.13295777142047882,0.9511735439300537,0.6802875399589539,0.49558112025260925,-0.26156356930732727,0.9689818620681763
U15_v4,365,1,0.591377854347229,0.4054989814758301,0.21127758920192719,0.9998019337654114,0.5913494229316711,0.40578311681747437,0.21412310004234314,0.9998900890350342,0.5911399126052856,0.40598630905151367,0.21417677402496338,0.999849796295166,0.5907833576202393,0.40607166290283203,0.21417482197284698,0.9999247789382935,0.5919151902198792,0.4046599864959717,0.21711602807044983,0.9998863935470581,0.5916622281074524,0.40449342131614685,0.21711434423923492,0.999872088432312,0.5912997722625732,0.404244989156723,0.21702495217323303,0.9999454021453857,0.5927704572677612,0.406878262758255,0.2132609337568283,0.9998470544815063,0.5894224047660828,0.4046262502670288,0.22516442835330963,0.9998847246170044,0.5904646515846252,0.4070819616317749,0.2113906294107437,0.9989989399909973,0.5912672877311707,0.4057941734790802,0.2143401801586151,0.9990776777267456,0.5908113121986389,0.4163762331008911,0.19682523608207703,0.9997137188911438,0.5870969295501709,0.4045848548412323,0.1960519552230835,0.9999828338623047,0.5775302052497864,0.4191111624240875,0.2391398400068283,0.40638235211372375,0.5848169922828674,0.38389527797698975,0.22499103844165802,0.8596091866493225,0.5720502734184265,0.41429728269577026,0.286892831325531,0.5542725324630737,0.578742265701294,0.36945080757141113,0.2721092402935028,0.9514011740684509,0.567439079284668,0.41365301609039307,0.29039692878723145,0.5157537460327148,0.5762596726417542,0.3651248514652252,0.27477219700813293,0.9404122233390808,0.571243941783905,0.41182199120521545,0.293047696352005,0.4725113809108734,0.5761746764183044,0.36483120918273926,0.2742099463939667,0.9260269999504089,0.5725120902061462,0.41202953457832336,0.2892592251300812,0.4355023205280304,0.5770730376243591,0.36657941341400146,0.27228525280952454,0.9046756625175476,0.5774843692779541,0.4375253915786743,0.008406679145991802,0.9999901056289673,0.5842145085334778,0.43481865525245667,-0.008518080227077007,0.999995231628418,0.519537627696991,0.4623945355415344,-0.09810179471969604,0.9970653653144836,0.632993221282959,0.4607659876346588,-0.02838549017906189,0.9927045702934265,0.473893940448761,0.48657742142677307,-0.18046334385871887,0.988567590713501,0.6511884331703186,0.4914607107639313,-0.03209421783685684,0.9703458547592163,0.4703177213668823,0.4901586174964905,-0.18695294857025146,0.9932039976119995,0.6447160243988037,0.4972102642059326,-0.031885284930467606,0.9560858011245728,0.46151068806648254,0.4947361648082733,-0.2304926961660385,0.9817867875099182,0.6760576367378235,0.4968984127044678,-0.06275201588869095,0.9474884271621704
U15_v4,366,1,0.5927628874778748,0.40859830379486084,0.09082858264446259,0.9893609881401062,0.5902109146118164,0.40914076566696167,0.08161056041717529,0.99303138256073,0.5893563628196716,0.4091825783252716,0.08162306249141693,0.992170512676239,0.5874091386795044,0.4086887240409851,0.08163319528102875,0.9935645461082458,0.5918357372283936,0.40940070152282715,0.08248007297515869,0.9913725852966309,0.5933459997177124,0.41001248359680176,0.08242326229810715,0.9899711012840271,0.5936487913131714,0.4101974666118622,0.08229650557041168,0.992374837398529,0.5847183465957642,0.4096236228942871,0.04312494769692421,0.983801543712616,0.5933327674865723,0.41141974925994873,0.04520019143819809,0.9879046082496643,0.5919580459594727,0.40937408804893494,0.07808702439069748,0.9813437461853027,0.5949499607086182,0.41012513637542725,0.07837625592947006,0.9823824763298035,0.574011504650116,0.40576687455177307,0.03525737300515175,0.9979554414749146,0.6165319681167603,0.42416828870773315,0.018273526802659035,0.999035120010376,0.5694931745529175,0.3891175091266632,0.036542024463415146,0.8048385977745056,0.6144128441810608,0.42313459515571594,0.06584686785936356,0.6730515956878662,0.5792484283447266,0.371722012758255,0.030254624783992767,0.9369962811470032,0.6078855991363525,0.40729984641075134,0.16864624619483948,0.42292264103889465,0.5727912187576294,0.3665499687194824,0.020391063764691353,0.9377491474151611,0.6101750135421753,0.403565913438797,0.17497381567955017,0.413451611995697,0.5771368145942688,0.36626386642456055,0.019164914265275,0.9380086064338684,0.6048990488052368,0.401523232460022,0.17471221089363098,0.4045204222202301,0.5792810320854187,0.36880356073379517,0.028551047667860985,0.9199775457382202,0.6043176651000977,0.4021788239479065,0.1704288274049759,0.4361933171749115,0.5597662925720215,0.43579915165901184,0.035232819616794586,0.9999833106994629,0.5854828953742981,0.44173747301101685,-0.03544428572058678,0.9999686479568481,0.5371699333190918,0.4634782671928406,0.0025736731477081776,0.9226968288421631,0.5930612683296204,0.4626106321811676,-0.03377429395914078,0.9862179160118103,0.4708072543144226,0.4873698055744171,0.023322248831391335,0.9808423519134521,0.5882471799850464,0.4955769181251526,-0.022178778424859047,0.9875569343566895,0.4678417146205902,0.491252064704895,0.02630944736301899,0.9815483689308167,0.5859957337379456,0.5003640651702881,-0.02056964486837387,0.974420428276062,0.45545145869255066,0.4957570433616638,-0.01750902831554413,0.9616449475288391,0.5912815928459167,0.5071579813957214,-0.060316912829875946,0.9479695558547974
U15_v4,367,1,0.5916762948036194,0.4088103175163269,0.06639380007982254,0.9706438779830933,0.5888586044311523,0.409318745136261,0.05718250572681427,0.9773834943771362,0.5879585146903992,0.4093124568462372,0.057180147618055344,0.9760800004005432,0.5861006379127502,0.40879496932029724,0.05719071254134178,0.9800717830657959,0.5907812714576721,0.409639447927475,0.05820019915699959,0.9744865298271179,0.5924744606018066,0.41027045249938965,0.05813498795032501,0.9715743660926819,0.592922031879425,0.4104457497596741,0.0579896941781044,0.9769130945205688,0.5857369899749756,0.4105920195579529,0.01934576779603958,0.9469815492630005,0.5930708646774292,0.411635160446167,0.022107606753706932,0.9661850333213806,0.5942132472991943,0.4104290008544922,0.05365343764424324,0.9497787952423096,0.5931103229522705,0.40986236929893494,0.05412641540169716,0.9526999592781067,0.5678180456161499,0.4091215431690216,0.015727689489722252,0.9967784285545349,0.6075838804244995,0.4257459342479706,-0.00449869642034173,0.9988492727279663,0.5709426999092102,0.38881611824035645,0.015996279194951057,0.7692936658859253,0.608290433883667,0.43494364619255066,0.04383944347500801,0.6824277639389038,0.5793074369430542,0.3712522089481354,0.01833539828658104,0.9539605379104614,0.5990526080131531,0.4267520308494568,0.15964891016483307,0.3400747776031494,0.5727724432945251,0.36627674102783203,0.010785950347781181,0.9561319947242737,0.5999603271484375,0.4246708154678345,0.1679578721523285,0.33396199345588684,0.5776772499084473,0.36577558517456055,0.009469053708016872,0.9561586976051331,0.5951012969017029,0.42275211215019226,0.1702938675880432,0.3232429027557373,0.5796680450439453,0.36737963557243347,0.016953282058238983,0.9398386478424072,0.5954049825668335,0.4229554533958435,0.1629684418439865,0.36127933859825134,0.5590481162071228,0.4360297620296478,0.039637044072151184,0.9999738931655884,0.5868854522705078,0.44152989983558655,-0.03983086720108986,0.9999542236328125,0.5343963503837585,0.4631917476654053,0.008988647721707821,0.888773500919342,0.6115802526473999,0.4552570581436157,-0.04635142162442207,0.9879010915756226,0.4712877571582794,0.48723310232162476,0.027754802256822586,0.9724605679512024,0.5996630191802979,0.49705415964126587,-0.052019696682691574,0.9867842197418213,0.4670475125312805,0.4914644956588745,0.030446732416749,0.9713529348373413,0.5976430773735046,0.5024024844169617,-0.05214057117700577,0.9746404886245728,0.4562790095806122,0.49586358666419983,-0.015046488493680954,0.9531457424163818,0.607456624507904,0.507381796836853,-0.09491496533155441,0.9515138268470764
U15_v4,368,1,0.5741938948631287,0.41248035430908203,-0.3970576226711273,0.9977685213088989,0.5821112990379333,0.41183173656463623,-0.40806397795677185,0.9983034133911133,0.5819899439811707,0.41229867935180664,-0.4079790413379669,0.9984172582626343,0.5818175673484802,0.41276097297668457,-0.4080761969089508,0.9984965324401855,0.5837252140045166,0.41091859340667725,-0.39944446086883545,0.9960134029388428,0.584847092628479,0.4108589291572571,-0.39958077669143677,0.9955222606658936,0.585935115814209,0.4108259677886963,-0.39963582158088684,0.9954138398170471,0.5845507979393005,0.41591978073120117,-0.3931708037853241,0.9976422190666199,0.5905783772468567,0.4130439758300781,-0.3588598370552063,0.9949405193328857,0.5700651407241821,0.41566935181617737,-0.3847198188304901,0.9964721202850342,0.5722563862800598,0.4150655269622803,-0.37493959069252014,0.994587779045105,0.5663302540779114,0.4306595027446747,-0.2875696122646332,0.9996464252471924,0.5852430462837219,0.41663122177124023,-0.2783803939819336,0.9997261166572571,0.5261886715888977,0.45655640959739685,-0.27131274342536926,0.9098924398422241,0.5969720482826233,0.40883487462997437,-0.19264265894889832,0.6679877042770386,0.4766383171081543,0.48540693521499634,-0.28129518032073975,0.9449450373649597,0.589947521686554,0.3777383267879486,-0.1131952702999115,0.8540801405906677,0.4710077941417694,0.49040737748146057,-0.28165262937545776,0.8994852304458618,0.5901504158973694,0.37296682596206665,-0.11615083366632462,0.7950085401535034,0.4681876003742218,0.49182432889938354,-0.31026017665863037,0.9103310704231262,0.5883615016937256,0.3729044795036316,-0.13244833052158356,0.816494882106781,0.47267478704452515,0.48984411358833313,-0.29139602184295654,0.8979433178901672,0.5880587100982666,0.3734550178050995,-0.12031317502260208,0.823126494884491,0.5285629630088806,0.4451638460159302,0.02003745175898075,0.9998847246170044,0.5297946929931641,0.4478730857372284,-0.02038610354065895,0.9999439716339111,0.5849069356918335,0.44715309143066406,0.09724677354097366,0.44350406527519226,0.5931093096733093,0.46060559153556824,-0.04638523980975151,0.7813097834587097,0.607577919960022,0.47776275873184204,0.22657263278961182,0.7844515442848206,0.6383867859840393,0.48733142018318176,0.0487993024289608,0.7968577742576599,0.6312829852104187,0.48337963223457336,0.23799088597297668,0.7552361488342285,0.6388104557991028,0.4914861023426056,0.05513183772563934,0.7163152694702148,0.6354943513870239,0.4842280149459839,0.1806812882423401,0.8004772663116455,0.6201845407485962,0.5044769048690796,-0.018358929082751274,0.7662935853004456
U15_v4,369,0,,,,,,,,,,,,,,,,,,,,,,,,,,,,,,,,,,,,,,,,,,,,,,,,,,,,,,,,,,,,,,,,,,,,,,,,,,,,,,,,,,,,,,,,,,,,,,,,,,,,,,,,,,,,,,,,,,,,,,,,,,,,,,,,,,,,
U15_v4,370,0,,,,,,,,,,,,,,,,,,,,,,,,,,,,,,,,,,,,,,,,,,,,,,,,,,,,,,,,,,,,,,,,,,,,,,,,,,,,,,,,,,,,,,,,,,,,,,,,,,,,,,,,,,,,,,,,,,,,,,,,,,,,,,,,,,,,
U15_v4,371,0,,,,,,,,,,,,,,,,,,,,,,,,,,,,,,,,,,,,,,,,,,,,,,,,,,,,,,,,,,,,,,,,,,,,,,,,,,,,,,,,,,,,,,,,,,,,,,,,,,,,,,,,,,,,,,,,,,,,,,,,,,,,,,,,,,,,
U15_v4,372,0,,,,,,,,,,,,,,,,,,,,,,,,,,,,,,,,,,,,,,,,,,,,,,,,,,,,,,,,,,,,,,,,,,,,,,,,,,,,,,,,,,,,,,,,,,,,,,,,,,,,,,,,,,,,,,,,,,,,,,,,,,,,,,,,,,,,
U15_v4,373,0,,,,,,,,,,,,,,,,,,,,,,,,,,,,,,,,,,,,,,,,,,,,,,,,,,,,,,,,,,,,,,,,,,,,,,,,,,,,,,,,,,,,,,,,,,,,,,,,,,,,,,,,,,,,,,,,,,,,,,,,,,,,,,,,,,,,
U15_v4,374,1,0.5903457999229431,0.41052210330963135,-0.21567407250404358,0.9959713816642761,0.5875967144966125,0.4103967845439911,-0.2268691509962082,0.9983152151107788,0.5834093689918518,0.41068267822265625,-0.22690200805664062,0.9977312684059143,0.5920495986938477,0.4116654396057129,-0.22692571580410004,0.9980520009994507,0.590790867805481,0.410930335521698,-0.22736872732639313,0.9985390901565552,0.5917693376541138,0.4111972153186798,-0.22744601964950562,0.9979714751243591,0.592960000038147,0.4113585352897644,-0.22754403948783875,0.9983545541763306,0.5822950005531311,0.4115409553050995,-0.21698962152004242,0.9951194524765015,0.5938714742660522,0.4137343466281891,-0.2219904214143753,0.9987282156944275,0.5931156873703003,0.41408270597457886,-0.20469523966312408,0.9941852688789368,0.5901240110397339,0.4128445088863373,-0.20624880492687225,0.997234046459198,0.5671494603157043,0.41326335072517395,-0.14642268419265747,0.9994364380836487,0.6063570976257324,0.4294164478778839,-0.1744689643383026,0.9998680353164673,0.5572248101234436,0.3919896185398102,-0.15978267788887024,0.9369507431983948,0.6156474947929382,0.44120845198631287,-0.1169348880648613,0.6836920976638794,0.5783547163009644,0.3731486201286316,-0.19602614641189575,0.9636368155479431,0.6086366176605225,0.4388471245765686,-0.031020233407616615,0.19883625209331512,0.5745986104011536,0.36820071935653687,-0.20929086208343506,0.9513697624206543,0.6061838865280151,0.4393889307975769,-0.03460811451077461,0.1680925190448761,0.5791957378387451,0.36749476194381714,-0.21956892311573029,0.9519212245941162,0.6024578213691711,0.4394015967845917,-0.027412500232458115,0.15502512454986572,0.5795993804931641,0.36924877762794495,-0.20061984658241272,0.9217401742935181,0.6042535305023193,0.43885743618011475,-0.026101013645529747,0.16803234815597534,0.5322216749191284,0.44102397561073303,0.04324972257018089,0.9999949932098389,0.5595130920410156,0.44840502738952637,-0.04356791451573372,0.9999939203262329,0.5147466063499451,0.4628322422504425,0.1421429067850113,0.941979169845581,0.6304069757461548,0.4561365246772766,-0.062934510409832,0.989638090133667,0.46295762062072754,0.4871467351913452,0.2809433937072754,0.9884665012359619,0.6367876529693604,0.4888915419578552,-0.0011030504247173667,0.9915217161178589,0.45740652084350586,0.49114733934402466,0.2956858277320862,0.9806964993476868,0.6313823461532593,0.4942064583301544,0.004542594775557518,0.9691601395606995,0.44076889753341675,0.4955831468105316,0.2599404752254486,0.9806191921234131,0.6606243252754211,0.497923880815506,-0.04015398025512695,0.9801770448684692
U15_v4,375,1,0.595758855342865,0.40952765941619873,-0.20672008395195007,0.9972655773162842,0.593015193939209,0.4096653163433075,-0.2137061208486557,0.9982969164848328,0.5914735198020935,0.40941348671913147,-0.21374765038490295,0.9976574182510376,0.5903440713882446,0.4091470241546631,-0.21376408636569977,0.997983455657959,0.5960503816604614,0.4100852310657501,-0.2203572690486908,0.9989327788352966,0.5972171425819397,0.41054707765579224,-0.22042495012283325,0.9986820816993713,0.598121166229248,0.4107397794723511,-0.22051534056663513,0.9988987445831299,0.5880979895591736,0.4104703664779663,-0.1919417381286621,0.9950241446495056,0.5971008539199829,0.412890762090683,-0.22510577738285065,0.9989274144172668,0.5941771268844604,0.4101200997829437,-0.19231955707073212,0.996080219745636,0.5983353853225708,0.41105660796165466,-0.20198963582515717,0.998219907283783,0.5728521943092346,0.4119529128074646,-0.12313663959503174,0.9989226460456848,0.6079198122024536,0.42847108840942383,-0.19640807807445526,0.9998359680175781,0.5649024844169617,0.3942772150039673,-0.13296379148960114,0.9553513526916504,0.6195611953735352,0.4438532590866089,-0.2038666307926178,0.8619320392608643,0.5791155099868774,0.37458550930023193,-0.16536439955234528,0.9606453776359558,0.6128600239753723,0.443086713552475,-0.1727607399225235,0.2649995982646942,0.5747774839401245,0.36930084228515625,-0.17626529932022095,0.9381034970283508,0.6085951924324036,0.4440852105617523,-0.1868423968553543,0.1901567131280899,0.577480137348175,0.3698645234107971,-0.1855747103691101,0.9371933937072754,0.604825496673584,0.44402584433555603,-0.17444834113121033,0.16773368418216705,0.5791581869125366,0.3723359704017639,-0.169751837849617,0.8993232846260071,0.6073291897773743,0.44318416714668274,-0.16722829639911652,0.17232340574264526,0.5352173447608948,0.4407019317150116,0.05276353657245636,0.9999880790710449,0.5635805726051331,0.44845399260520935,-0.05310865119099617,0.9999876022338867,0.5142574906349182,0.4629163444042206,0.1340850591659546,0.9572904706001282,0.6293575763702393,0.45811983942985535,-0.06955861300230026,0.9937906861305237,0.46543416380882263,0.4868386685848236,0.2543310523033142,0.9925733804702759,0.6369374990463257,0.4895974397659302,-0.03629912808537483,0.9954549074172974,0.458726167678833,0.4903334081172943,0.265972763299942,0.9855589866638184,0.6303609013557434,0.4958803355693817,-0.03421185910701752,0.9825054407119751,0.4442175030708313,0.4950595498085022,0.2279597818851471,0.9856781363487244,0.6596442461013794,0.4976697266101837,-0.08179740607738495,0.9880780577659607
U15_v4,376,0,,,,,,,,,,,,,,,,,,,,,,,,,,,,,,,,,,,,,,,,,,,,,,,,,,,,,,,,,,,,,,,,,,,,,,,,,,,,,,,,,,,,,,,,,,,,,,,,,,,,,,,,,,,,,,,,,,,,,,,,,,,,,,,,,,,,
U15_v4,377,0,,,,,,,,,,,,,,,,,,,,,,,,,,,,,,,,,,,,,,,,,,,,,,,,,,,,,,,,,,,,,,,,,,,,,,,,,,,,,,,,,,,,,,,,,,,,,,,,,,,,,,,,,,,,,,,,,,,,,,,,,,,,,,,,,,,,
U15_v4,378,0,,,,,,,,,,,,,,,,,,,,,,,,,,,,,,,,,,,,,,,,,,,,,,,,,,,,,,,,,,,,,,,,,,,,,,,,,,,,,,,,,,,,,,,,,,,,,,,,,,,,,,,,,,,,,,,,,,,,,,,,,,,,,,,,,,,,
U15_v4,379,0,,,,,,,,,,,,,,,,,,,,,,,,,,,,,,,,,,,,,,,,,,,,,,,,,,,,,,,,,,,,,,,,,,,,,,,,,,,,,,,,,,,,,,,,,,,,,,,,,,,,,,,,,,,,,,,,,,,,,,,,,,,,,,,,,,,,
U15_v4,380,0,,,,,,,,,,,,,,,,,,,,,,,,,,,,,,,,,,,,,,,,,,,,,,,,,,,,,,,,,,,,,,,,,,,,,,,,,,,,,,,,,,,,,,,,,,,,,,,,,,,,,,,,,,,,,,,,,,,,,,,,,,,,,,,,,,,,
U15_v4,381,0,,,,,,,,,,,,,,,,,,,,,,,,,,,,,,,,,,,,,,,,,,,,,,,,,,,,,,,,,,,,,,,,,,,,,,,,,,,,,,,,,,,,,,,,,,,,,,,,,,,,,,,,,,,,,,,,,,,,,,,,,,,,,,,,,,,,
