video_id,frame_id,target_detected,landmark_0_x,landmark_0_y,landmark_0_z,landmark_0_visibility,landmark_1_x,landmark_1_y,landmark_1_z,landmark_1_visibility,landmark_2_x,landmark_2_y,landmark_2_z,landmark_2_visibility,landmark_3_x,landmark_3_y,landmark_3_z,landmark_3_visibility,landmark_4_x,landmark_4_y,landmark_4_z,landmark_4_visibility,landmark_5_x,landmark_5_y,landmark_5_z,landmark_5_visibility,landmark_6_x,landmark_6_y,landmark_6_z,landmark_6_visibility,landmark_7_x,landmark_7_y,landmark_7_z,landmark_7_visibility,landmark_8_x,landmark_8_y,landmark_8_z,landmark_8_visibility,landmark_9_x,landmark_9_y,landmark_9_z,landmark_9_visibility,landmark_10_x,landmark_10_y,landmark_10_z,landmark_10_visibility,landmark_11_x,landmark_11_y,landmark_11_z,landmark_11_visibility,landmark_12_x,landmark_12_y,landmark_12_z,landmark_12_visibility,landmark_13_x,landmark_13_y,landmark_13_z,landmark_13_visibility,landmark_14_x,landmark_14_y,landmark_14_z,landmark_14_visibility,landmark_15_x,landmark_15_y,landmark_15_z,landmark_15_visibility,landmark_16_x,landmark_16_y,landmark_16_z,landmark_16_visibility,landmark_17_x,landmark_17_y,landmark_17_z,landmark_17_visibility,landmark_18_x,landmark_18_y,landmark_18_z,landmark_18_visibility,landmark_19_x,landmark_19_y,landmark_19_z,landmark_19_visibility,landmark_20_x,landmark_20_y,landmark_20_z,landmark_20_visibility,landmark_21_x,landmark_21_y,landmark_21_z,landmark_21_visibility,landmark_22_x,landmark_22_y,landmark_22_z,landmark_22_visibility,landmark_23_x,landmark_23_y,landmark_23_z,landmark_23_visibility,landmark_24_x,landmark_24_y,landmark_24_z,landmark_24_visibility,landmark_25_x,landmark_25_y,landmark_25_z,landmark_25_visibility,landmark_26_x,landmark_26_y,landmark_26_z,landmark_26_visibility,landmark_27_x,landmark_27_y,landmark_27_z,landmark_27_visibility,landmark_28_x,landmark_28_y,landmark_28_z,landmark_28_visibility,landmark_29_x,landmark_29_y,landmark_29_z,landmark_29_visibility,landmark_30_x,landmark_30_y,landmark_30_z,landmark_30_visibility,landmark_31_x,landmark_31_y,landmark_31_z,landmark_31_visibility,landmark_32_x,landmark_32_y,landmark_32_z,landmark_32_visibility
U15_v5,1,0,,,,,,,,,,,,,,,,,,,,,,,,,,,,,,,,,,,,,,,,,,,,,,,,,,,,,,,,,,,,,,,,,,,,,,,,,,,,,,,,,,,,,,,,,,,,,,,,,,,,,,,,,,,,,,,,,,,,,,,,,,,,,,,,,,,,
U15_v5,2,1,0.0033218488097190857,0.23305277526378632,-0.09682796895503998,0.9641512036323547,0.001812562346458435,0.22943739593029022,-0.07808972895145416,0.940140962600708,0.002461083233356476,0.2292819768190384,-0.07827772945165634,0.9349731206893921,0.0032647550106048584,0.2291508913040161,-0.07842531055212021,0.9492259621620178,-0.002520829439163208,0.2299651950597763,-0.1272100806236267,0.9503751397132874,-0.005364462733268738,0.23023398220539093,-0.1272118091583252,0.9478962421417236,-0.008944012224674225,0.23055963218212128,-0.12735003232955933,0.9469690322875977,-0.0038161352276802063,0.23369325697422028,0.01615726575255394,0.9370324611663818,-0.0223395973443985,0.23408563435077667,-0.20466789603233337,0.9215996265411377,0.003970235586166382,0.23884637653827667,-0.0564485639333725,0.9246079325675964,-0.0007636621594429016,0.23928071558475494,-0.12139624357223511,0.9216215014457703,0.014215238392353058,0.2620677649974823,0.13655133545398712,0.9305828809738159,-0.037128351628780365,0.26486632227897644,-0.2986339032649994,0.9751332402229309,0.04866022616624832,0.23582445085048676,0.2533339858055115,0.20009483397006989,0.03723634406924248,0.23555007576942444,-0.39970433712005615,0.9639155268669128,0.029686622321605682,0.1992311030626297,0.19649700820446014,0.2673626244068146,0.02201296016573906,0.1945592164993286,-0.345458447933197,0.9544104337692261,0.02482113242149353,0.1878862977027893,0.1850784868001938,0.2547486424446106,0.017945267260074615,0.18290945887565613,-0.3809506595134735,0.93611741065979,0.01796289160847664,0.1864287406206131,0.17496353387832642,0.25618380308151245,0.008081860840320587,0.18278178572654724,-0.3845430612564087,0.9267299175262451,0.018629617989063263,0.19143033027648926,0.1851767599582672,0.2744663655757904,0.009017594158649445,0.18651576340198517,-0.34608596563339233,0.8906713128089905,0.04801780730485916,0.34965965151786804,0.14086051285266876,0.9933773875236511,0.015192292630672455,0.3589223027229309,-0.14065736532211304,0.9908382296562195,0.17084258794784546,0.36825329065322876,0.029284542426466942,0.888878345489502,0.05681077390909195,0.41500145196914673,-0.15142682194709778,0.9797677397727966,0.14644113183021545,0.4251514673233032,0.18737278878688812,0.8150290250778198,0.0668749064207077,0.4742524325847626,-0.01424972154200077,0.9846109747886658,0.12931080162525177,0.43611371517181396,0.19830472767353058,0.7826422452926636,0.053813204169273376,0.48408931493759155,-0.009440340101718903,0.9416011571884155,0.19441774487495422,0.44229429960250854,0.12785454094409943,0.8472206592559814,0.11515724658966064,0.4975448548793793,-0.1551135927438736,0.9652214050292969
U15_v5,3,1,0.005739815533161163,0.2323627918958664,-0.10417496412992477,0.9637205004692078,0.003573000431060791,0.22887484729290009,-0.08566239476203918,0.9393168091773987,0.003963157534599304,0.2287287563085556,-0.08584771305322647,0.9331454634666443,0.004525497555732727,0.228598490357399,-0.08598793298006058,0.948340892791748,9.514391422271729e-05,0.22934341430664062,-0.1369982212781906,0.953877866268158,-0.002461165189743042,0.2295812964439392,-0.13700881600379944,0.9520947337150574,-0.005076803267002106,0.2298589050769806,-0.13715435564517975,0.9526693224906921,-0.0039029717445373535,0.23310644924640656,0.008659135550260544,0.9354754686355591,-0.02034556120634079,0.23348422348499298,-0.22179749608039856,0.9306727647781372,0.006145119667053223,0.23769651353359222,-0.06327854096889496,0.9242926239967346,0.0015607625246047974,0.2379334717988968,-0.13098879158496857,0.9295871257781982,0.012643266469240189,0.2617639899253845,0.13318192958831787,0.9265178442001343,-0.03570660948753357,0.2647802233695984,-0.31674936413764954,0.9777746200561523,0.04592977464199066,0.2353370487689972,0.2601981461048126,0.19163750112056732,0.03908698633313179,0.23457732796669006,-0.4186713695526123,0.9666632413864136,0.02827950194478035,0.19827672839164734,0.20434126257896423,0.2509232461452484,0.02193484455347061,0.1929498165845871,-0.3574194312095642,0.9531309008598328,0.023903638124465942,0.18715165555477142,0.19333705306053162,0.2516956925392151,0.018125195056200027,0.181950643658638,-0.39400696754455566,0.9340175986289978,0.016980964690446854,0.18549831211566925,0.1813482791185379,0.25501158833503723,0.009847074747085571,0.18176771700382233,-0.3972242474555969,0.924867570400238,0.017093591392040253,0.18815481662750244,0.19231902062892914,0.270119309425354,0.009744532406330109,0.1841040849685669,-0.3575061857700348,0.8878400325775146,0.04599117487668991,0.35006603598594666,0.14566972851753235,0.9932293891906738,0.014594286680221558,0.3595690131187439,-0.14546124637126923,0.9914538860321045,0.17064416408538818,0.3689356744289398,0.056972432881593704,0.8558361530303955,0.05731280893087387,0.41446757316589355,-0.14947684109210968,0.9775731563568115,0.14818218350410461,0.4251571297645569,0.2155042290687561,0.7695726156234741,0.07224332541227341,0.47451120615005493,-0.008480366319417953,0.9834187030792236,0.13026463985443115,0.435870498418808,0.22639654576778412,0.7483848333358765,0.058702606707811356,0.48624956607818604,-0.0033115206751972437,0.944538414478302,0.19636410474777222,0.44081825017929077,0.1625390648841858,0.8128805160522461,0.11780120432376862,0.4979434609413147,-0.14254534244537354,0.9622837901115417
U15_v5,4,1,0.048431411385536194,0.24306049942970276,-0.08178780972957611,0.9990140199661255,0.043332118541002274,0.23909348249435425,-0.06513210386037827,0.9985365867614746,0.04360876977443695,0.2390473484992981,-0.0652611181139946,0.9980720281600952,0.04380844533443451,0.23904499411582947,-0.06539851427078247,0.9985387325286865,0.03972424194216728,0.23986412584781647,-0.10383976995944977,0.99873286485672,0.03729398176074028,0.24041888117790222,-0.10382030159235,0.9984930753707886,0.03446569666266441,0.2410632073879242,-0.10387338697910309,0.9986268281936646,0.033353570848703384,0.2445097267627716,0.019506579264998436,0.9985404014587402,0.020282898098230362,0.24652327597141266,-0.15435312688350677,0.9980314373970032,0.050073690712451935,0.24904924631118774,-0.046661313623189926,0.9980898499488831,0.04605431854724884,0.25071537494659424,-0.09787331521511078,0.997666597366333,0.04424719139933586,0.2707037925720215,0.12186150252819061,0.9868713617324829,0.021195784211158752,0.2739056944847107,-0.23567216098308563,0.9957810640335083,0.09063718467950821,0.24552759528160095,0.2304617315530777,0.4954032599925995,0.08783271908760071,0.2461928129196167,-0.3277865946292877,0.984136700630188,0.08556563407182693,0.21013614535331726,0.19472430646419525,0.5671080946922302,0.07913561165332794,0.20612922310829163,-0.286215215921402,0.980087161064148,0.08588003367185593,0.197929248213768,0.18364425003528595,0.4864659905433655,0.08134711533784866,0.19439631700515747,-0.3218720555305481,0.9644303917884827,0.07964552938938141,0.19772765040397644,0.17432759702205658,0.4835548996925354,0.07262016832828522,0.19468234479427338,-0.32206612825393677,0.9573537111282349,0.07752678543329239,0.2010578215122223,0.18484225869178772,0.4970070421695709,0.07046862691640854,0.19863860309123993,-0.28705447912216187,0.934069037437439,0.07973547279834747,0.3523074686527252,0.10305420309305191,0.9978585839271545,0.04033618047833443,0.3605829179286957,-0.10296539217233658,0.9974794983863831,0.18705302476882935,0.369140625,-0.016036059707403183,0.9433045983314514,0.07777518033981323,0.41597485542297363,-0.1270437091588974,0.9770627021789551,0.18460053205490112,0.428663969039917,0.10238946229219437,0.8776569962501526,0.09727481007575989,0.47507575154304504,-0.044519055634737015,0.9865778684616089,0.1708524525165558,0.4394885301589966,0.10928449779748917,0.8549062609672546,0.08591828495264053,0.4850722849369049,-0.04472428560256958,0.9375824332237244,0.23256073892116547,0.43801456689834595,0.03447607904672623,0.8899871706962585,0.14085105061531067,0.4989927113056183,-0.18775759637355804,0.9701306223869324
U15_v5,5,1,0.05093442648649216,0.2425641417503357,-0.08942283689975739,0.9988155364990234,0.045547742396593094,0.23846493661403656,-0.0732065960764885,0.9982183575630188,0.045853570103645325,0.23839709162712097,-0.0733376145362854,0.9976300001144409,0.04606092348694801,0.2383670061826706,-0.0734759047627449,0.9982120990753174,0.04160909727215767,0.23921960592269897,-0.11159007996320724,0.9984740614891052,0.03900182992219925,0.23974479734897614,-0.11156630516052246,0.9981123208999634,0.035944778472185135,0.24034938216209412,-0.11160677671432495,0.9982870221138,0.03425338491797447,0.24376675486564636,0.010405045934021473,0.9980668425559998,0.020931508392095566,0.24560552835464478,-0.16218626499176025,0.9974459409713745,0.05244355648756027,0.24822813272476196,-0.05468123406171799,0.9976546168327332,0.04814539849758148,0.24990558624267578,-0.10548574477434158,0.9972718358039856,0.042766422033309937,0.2703588008880615,0.10729987174272537,0.9863401651382446,0.02111116796731949,0.2735532522201538,-0.23753401637077332,0.995297372341156,0.09176646918058395,0.24539779126644135,0.20497772097587585,0.4784303307533264,0.08651474118232727,0.24627941846847534,-0.32472264766693115,0.9788584113121033,0.08703325688838959,0.20806539058685303,0.15702077746391296,0.5347407460212708,0.07697530835866928,0.2052854299545288,-0.28018906712532043,0.9705392122268677,0.08753326535224915,0.1963978409767151,0.14267539978027344,0.46510744094848633,0.07960188388824463,0.19372279942035675,-0.3154934346675873,0.9504122138023376,0.08022623509168625,0.19625864923000336,0.1334005892276764,0.46273714303970337,0.0701640173792839,0.1939338594675064,-0.315598726272583,0.9412413239479065,0.07773465663194656,0.19977371394634247,0.14658628404140472,0.47821465134620667,0.06785183399915695,0.1978955864906311,-0.2811739146709442,0.9132226705551147,0.07906895130872726,0.3515600562095642,0.10174644738435745,0.9976007342338562,0.041656460613012314,0.3601207733154297,-0.10166466236114502,0.9971795082092285,0.1895504891872406,0.3684685528278351,-0.013868814334273338,0.9387294054031372,0.07891524583101273,0.4154825508594513,-0.12162502110004425,0.9731242060661316,0.18555289506912231,0.4287717938423157,0.10605836659669876,0.8681517243385315,0.09655661135911942,0.4736074209213257,-0.03052370809018612,0.9851992130279541,0.1725092977285385,0.4394490122795105,0.11324438452720642,0.8367560505867004,0.08696865290403366,0.48390695452690125,-0.02982865460216999,0.9341979622840881,0.22953054308891296,0.4390163719654083,0.04007335007190704,0.8806278109550476,0.13916008174419403,0.4984385371208191,-0.169585183262825,0.967325747013092
U15_v5,6,1,0.08081302046775818,0.2486899495124817,-0.180162712931633,0.9995243549346924,0.07440465688705444,0.24374638497829437,-0.16315284371376038,0.9993465542793274,0.07465192675590515,0.2434615194797516,-0.16327247023582458,0.9991915822029114,0.0748213604092598,0.24315819144248962,-0.1634192168712616,0.9992958307266235,0.06993499398231506,0.24484653770923615,-0.19942311942577362,0.9994237422943115,0.06696145236492157,0.2454000562429428,-0.19943347573280334,0.9993056058883667,0.06330738961696625,0.24600915610790253,-0.19948402047157288,0.9993377327919006,0.061013299971818924,0.24657058715820312,-0.07029855996370316,0.9992923736572266,0.04733053594827652,0.25045913457870483,-0.2327258586883545,0.9990885257720947,0.08326361328363419,0.2541545629501343,-0.141821026802063,0.998924195766449,0.07766307145357132,0.25602293014526367,-0.18955321609973907,0.9987285733222961,0.06771989166736603,0.27180030941963196,0.0476897731423378,0.9903056621551514,0.04439695179462433,0.2779984474182129,-0.30401596426963806,0.9972526431083679,0.13119912147521973,0.25446075201034546,0.14095084369182587,0.45193803310394287,0.13238614797592163,0.25968238711357117,-0.3843280076980591,0.9841981530189514,0.1400672048330307,0.21651913225650787,0.0934147834777832,0.5722475051879883,0.13387419283390045,0.21944426000118256,-0.3401443660259247,0.9733440279960632,0.14656107127666473,0.2060668021440506,0.08380810171365738,0.519343376159668,0.1373111605644226,0.2090652585029602,-0.3770841062068939,0.953039824962616,0.13941870629787445,0.205787792801857,0.06632915139198303,0.5178645849227905,0.12931421399116516,0.2078038603067398,-0.374677836894989,0.9456466436386108,0.13628554344177246,0.20845861732959747,0.08088716119527817,0.5379899740219116,0.12755724787712097,0.21189983189105988,-0.3401184678077698,0.9188798069953918,0.1003817692399025,0.35394373536109924,0.10213091969490051,0.9982874989509583,0.06040050834417343,0.36324626207351685,-0.10206592828035355,0.998705267906189,0.21213902533054352,0.3709510862827301,-0.014055774547159672,0.953212320804596,0.1022249162197113,0.41957220435142517,-0.14070449769496918,0.9906504154205322,0.23445340991020203,0.42383837699890137,0.12103484570980072,0.9372461438179016,0.12898221611976624,0.4789881110191345,-0.07612324506044388,0.9950447082519531,0.22463515400886536,0.4352400600910187,0.12997053563594818,0.9196052551269531,0.11981043219566345,0.4883030951023102,-0.07867240905761719,0.9654325842857361,0.2947940230369568,0.42878031730651855,0.05910805985331535,0.9403548836708069,0.17149120569229126,0.5028049349784851,-0.22237984836101532,0.9854322075843811
U15_v5,7,1,0.11552677303552628,0.25346773862838745,-0.11791149526834488,0.9994413256645203,0.10899391770362854,0.24769051373004913,-0.10261623561382294,0.9992302656173706,0.10852044075727463,0.24754761159420013,-0.1027369275689125,0.9990115165710449,0.10793772339820862,0.24740011990070343,-0.10288620740175247,0.9991347193717957,0.1059543639421463,0.24829977750778198,-0.14246848225593567,0.9994710087776184,0.10306800901889801,0.24864213168621063,-0.14248813688755035,0.9993600249290466,0.09993566572666168,0.2490108460187912,-0.14258234202861786,0.9994564652442932,0.08995029330253601,0.25076475739479065,-0.019875437021255493,0.9990054965019226,0.0814705342054367,0.25324690341949463,-0.19925612211227417,0.9990208148956299,0.11456292867660522,0.2592915892601013,-0.08241244405508041,0.9981768131256104,0.11178064346313477,0.2603071630001068,-0.13527046144008636,0.9982826709747314,0.07885606586933136,0.2778742015361786,0.11409575492143631,0.9867867231369019,0.08520667254924774,0.28020304441452026,-0.2844421863555908,0.9990179538726807,0.11780048906803131,0.26738452911376953,0.3095700740814209,0.16416484117507935,0.16845151782035828,0.2708722949028015,-0.36616697907447815,0.9932146072387695,0.1424989551305771,0.24150262773036957,0.36873573064804077,0.3402288556098938,0.19277499616146088,0.23104867339134216,-0.33567628264427185,0.9904708862304688,0.14269067347049713,0.23549988865852356,0.38587749004364014,0.35808616876602173,0.2025565207004547,0.22098548710346222,-0.37787923216819763,0.9826316833496094,0.13888655602931976,0.23188824951648712,0.353111207485199,0.3654846251010895,0.19328977167606354,0.2191264033317566,-0.37234070897102356,0.9805747270584106,0.1402229517698288,0.23403841257095337,0.3545282483100891,0.3793184459209442,0.18854528665542603,0.22321286797523499,-0.3339836001396179,0.9642553925514221,0.1186801865696907,0.35911715030670166,0.11377047747373581,0.9987310767173767,0.09097769856452942,0.3676426410675049,-0.113676518201828,0.9989824891090393,0.2424582839012146,0.36915385723114014,0.0006956138531677425,0.9533239006996155,0.12728151679039001,0.4251302480697632,-0.10019330680370331,0.992362380027771,0.2747589349746704,0.4247092604637146,0.07826907187700272,0.9458289742469788,0.1644154191017151,0.4869025945663452,-0.01030770130455494,0.996491014957428,0.2722506523132324,0.43997249007225037,0.08118359744548798,0.9421107769012451,0.15872548520565033,0.49561941623687744,-0.009779836982488632,0.9814577698707581,0.3312983512878418,0.4296826720237732,0.010542442090809345,0.9576038718223572,0.2081741988658905,0.5053254961967468,-0.13810846209526062,0.9917119741439819
U15_v5,8,1,0.11609651148319244,0.25329917669296265,-0.1128934696316719,0.9994151592254639,0.1092483326792717,0.2475660741329193,-0.09780611097812653,0.9992057681083679,0.1086389571428299,0.24743102490901947,-0.09792611002922058,0.9989830851554871,0.10781379044055939,0.24729607999324799,-0.0980687215924263,0.9991255402565002,0.1064927726984024,0.24815143644809723,-0.1383185088634491,0.9994710087776184,0.10369597375392914,0.24848753213882446,-0.13834071159362793,0.9993559718132019,0.10071040689945221,0.24884270131587982,-0.13844279944896698,0.999455988407135,0.08999844640493393,0.2507123351097107,-0.01704154722392559,0.998980700969696,0.08273403346538544,0.2530887722969055,-0.19953906536102295,0.9990332126617432,0.11515998840332031,0.25907066464424133,-0.07814245671033859,0.9981632828712463,0.11256051063537598,0.26010841131210327,-0.1318790316581726,0.9983189702033997,0.07873672246932983,0.2778550684452057,0.11575517803430557,0.9863499999046326,0.08715742826461792,0.2802858352661133,-0.2864478528499603,0.9989936947822571,0.11882281303405762,0.26676416397094727,0.30951404571533203,0.1706676483154297,0.16851668059825897,0.2705552875995636,-0.3666935861110687,0.993198573589325,0.14458979666233063,0.23885659873485565,0.3648158013820648,0.34863224625587463,0.1927931159734726,0.23102782666683197,-0.3348311185836792,0.9900197982788086,0.14523960649967194,0.2327696830034256,0.3811780512332916,0.3680720925331116,0.20296525955200195,0.22095660865306854,-0.3773615062236786,0.9819083213806152,0.1410520225763321,0.22934824228286743,0.3473736643791199,0.3756651282310486,0.19405432045459747,0.21913570165634155,-0.3723876476287842,0.9797418117523193,0.14228162169456482,0.2315349131822586,0.34997981786727905,0.39097630977630615,0.18921568989753723,0.22321709990501404,-0.33336445689201355,0.9629398584365845,0.11774423718452454,0.35928213596343994,0.11580725014209747,0.9987630844116211,0.09147210419178009,0.36749008297920227,-0.11570780724287033,0.9989967942237854,0.24178755283355713,0.36939987540245056,0.013489900156855583,0.9505426287651062,0.12815438210964203,0.4255248010158539,-0.09772513806819916,0.9927843809127808,0.2746133804321289,0.424896240234375,0.0836886316537857,0.9448536038398743,0.1649179458618164,0.4872817397117615,-0.012337629683315754,0.9965531826019287,0.2719080150127411,0.4399421215057373,0.08574619144201279,0.9408950209617615,0.1598222404718399,0.49628162384033203,-0.012357707135379314,0.9817323088645935,0.33332890272140503,0.42972898483276367,0.015771139413118362,0.9576250910758972,0.20791403949260712,0.5052411556243896,-0.14008918404579163,0.9918935894966125
U15_v5,9,1,0.1441209614276886,0.2599133253097534,-0.08696717023849487,0.9984655380249023,0.13749907910823822,0.25486430525779724,-0.07490331679582596,0.9978540539741516,0.13717956840991974,0.25469687581062317,-0.0750572681427002,0.9976539015769958,0.13664020597934723,0.25450706481933594,-0.07518887519836426,0.9979966282844543,0.13367959856987,0.2554808259010315,-0.110831119120121,0.9983024597167969,0.1302187740802765,0.25582170486450195,-0.1108570471405983,0.9978718757629395,0.12604962289333344,0.2561217248439789,-0.11096513271331787,0.9981293082237244,0.12018652260303497,0.25739508867263794,-0.007073539774864912,0.9975027441978455,0.10883089900016785,0.2596171498298645,-0.17006517946720123,0.9969483017921448,0.14185242354869843,0.2664544880390167,-0.05735913664102554,0.9968400001525879,0.13759152591228485,0.2679164409637451,-0.10534055531024933,0.9967503547668457,0.10627897828817368,0.283809095621109,0.09777991473674774,0.9927587509155273,0.11606283485889435,0.28785035014152527,-0.2478436529636383,0.9992390871047974,0.14085273444652557,0.28264039754867554,0.22939983010292053,0.17685697972774506,0.20149187743663788,0.28139638900756836,-0.32193148136138916,0.9929850697517395,0.1721830815076828,0.26199057698249817,0.21702644228935242,0.27451297640800476,0.2425449788570404,0.24406443536281586,-0.2954123318195343,0.981965959072113,0.17808528244495392,0.2579788565635681,0.21989808976650238,0.2960844039916992,0.2572036385536194,0.23724539577960968,-0.3314347267150879,0.9684459567070007,0.17427492141723633,0.25442439317703247,0.18935920298099518,0.3014135956764221,0.25239354372024536,0.23494713008403778,-0.32698413729667664,0.964830756187439,0.17397236824035645,0.25624173879623413,0.20208175480365753,0.31664520502090454,0.2479490339756012,0.23680207133293152,-0.29382985830307007,0.942891538143158,0.13538388907909393,0.3657401502132416,0.10958772152662277,0.9972763657569885,0.11623744666576385,0.3743590712547302,-0.10956547409296036,0.9982061386108398,0.2607138156890869,0.37528905272483826,0.03832368925213814,0.8378579616546631,0.16208314895629883,0.4290679693222046,-0.1350919008255005,0.9896398782730103,0.32149189710617065,0.4258999228477478,0.09320379048585892,0.8979569673538208,0.1968098133802414,0.48942023515701294,-0.09842628985643387,0.9932945370674133,0.32211998105049133,0.44189125299453735,0.0932278037071228,0.8942681550979614,0.1901216059923172,0.4983212947845459,-0.10229120403528214,0.9702799916267395,0.38758307695388794,0.4213864803314209,0.03451176732778549,0.9248402118682861,0.22302056849002838,0.5037841796875,-0.22335942089557648,0.9859501719474792
U15_v5,10,1,0.14424487948417664,0.2597936987876892,-0.06168920174241066,0.999485969543457,0.13730362057685852,0.25484853982925415,-0.051393598318099976,0.9992183446884155,0.1368716061115265,0.254699170589447,-0.05154438316822052,0.9992595314979553,0.13620880246162415,0.2545244097709656,-0.05164396017789841,0.9992951154708862,0.13371099531650543,0.255437970161438,-0.08716710656881332,0.9993758797645569,0.13027173280715942,0.25576961040496826,-0.08719653636217117,0.9993199110031128,0.12619082629680634,0.25606295466423035,-0.08729728311300278,0.9993416666984558,0.11886809766292572,0.2573925852775574,0.007740030065178871,0.999377965927124,0.10880835354328156,0.2595871090888977,-0.15517249703407288,0.9990953207015991,0.1416829377412796,0.2662762403488159,-0.03521086275577545,0.9988254904747009,0.13767266273498535,0.2677166163921356,-0.08317063003778458,0.9988024234771729,0.10154857486486435,0.28403910994529724,0.1020374745130539,0.9967161417007446,0.11666683107614517,0.28780028223991394,-0.22864951193332672,0.9996941089630127,0.1188163086771965,0.2769137918949127,0.2379174381494522,0.23511384427547455,0.20208553969860077,0.2815898358821869,-0.2968709468841553,0.9956114888191223,0.1285630464553833,0.25732186436653137,0.2408076673746109,0.293960839509964,0.2420738935470581,0.24394087493419647,-0.2624349296092987,0.9867202639579773,0.12730441987514496,0.25364434719085693,0.24518965184688568,0.309574156999588,0.2562384605407715,0.23693792521953583,-0.29524847865104675,0.975918173789978,0.12500359117984772,0.2507734000682831,0.21959108114242554,0.3166365921497345,0.2513265013694763,0.23447489738464355,-0.292788028717041,0.973504900932312,0.12825293838977814,0.25259751081466675,0.22895051538944244,0.324950248003006,0.24666492640972137,0.2364455908536911,-0.2607494592666626,0.9573603868484497,0.1312353014945984,0.36701250076293945,0.10698945075273514,0.9985212683677673,0.11857074499130249,0.37437960505485535,-0.10697227716445923,0.9990962743759155,0.2605643570423126,0.37650588154792786,0.0497620552778244,0.8014369606971741,0.16214047372341156,0.43023237586021423,-0.1345984935760498,0.9887450337409973,0.3235653042793274,0.42694199085235596,0.09860111773014069,0.8857367634773254,0.1992708146572113,0.49124786257743835,-0.10706242173910141,0.9895070195198059,0.3237921893596649,0.44303715229034424,0.09770572185516357,0.896065354347229,0.18969108164310455,0.49915820360183716,-0.11038675904273987,0.9679868817329407,0.3884316086769104,0.4215739369392395,0.04537160322070122,0.9236900210380554,0.2235233634710312,0.5033919215202332,-0.21581102907657623,0.9822272658348083
U15_v5,11,1,0.17480744421482086,0.2669095993041992,-0.07795942574739456,0.9999692440032959,0.16777120530605316,0.26190128922462463,-0.06392201036214828,0.9999332427978516,0.1673845648765564,0.2616988718509674,-0.06405755132436752,0.9999489784240723,0.16685278713703156,0.2614790201187134,-0.0641176626086235,0.9999324083328247,0.1640000343322754,0.26213303208351135,-0.0937318503856659,0.9999568462371826,0.16042901575565338,0.262151300907135,-0.09378531575202942,0.9999622106552124,0.15677978098392487,0.2621498107910156,-0.09385157376527786,0.9999521970748901,0.15059414505958557,0.262931227684021,0.007675946224480867,0.9999669790267944,0.13933613896369934,0.26536405086517334,-0.1277083456516266,0.9999641180038452,0.1721949279308319,0.2726472318172455,-0.04795149341225624,0.9998990297317505,0.16787567734718323,0.2738770842552185,-0.08781454712152481,0.9998854398727417,0.14037051796913147,0.2856156527996063,0.08510687202215195,0.9994699358940125,0.13580037653446198,0.29399946331977844,-0.1954488754272461,0.9999725818634033,0.13718803226947784,0.2526289224624634,0.18611827492713928,0.680679440498352,0.22911937534809113,0.2935866117477417,-0.28335919976234436,0.9996860027313232,0.08547545969486237,0.2353787124156952,0.20323269069194794,0.6984956860542297,0.279371440410614,0.2642916142940521,-0.25945955514907837,0.9972105622291565,0.05705741047859192,0.23579375445842743,0.20297802984714508,0.6179078221321106,0.3003326654434204,0.25694090127944946,-0.2927491068840027,0.9915819764137268,0.05641917884349823,0.23645371198654175,0.19314326345920563,0.6136528849601746,0.29655879735946655,0.253464013338089,-0.28512024879455566,0.9904265999794006,0.06748014688491821,0.2370772659778595,0.1984301060438156,0.5927094221115112,0.2892338037490845,0.2563323974609375,-0.2555201053619385,0.983863353729248,0.16101595759391785,0.3688945174217224,0.0924791544675827,0.9994969367980957,0.13285526633262634,0.3766295611858368,-0.09242251515388489,0.9997656941413879,0.2800711393356323,0.38040709495544434,-0.04606952518224716,0.952280580997467,0.17656277120113373,0.4308554530143738,-0.13500510156154633,0.9957805871963501,0.3609454035758972,0.42645463347435,-0.0229935459792614,0.9667173027992249,0.21785776317119598,0.49147018790245056,-0.1330123096704483,0.9934911131858826,0.3675346374511719,0.4405537545681,-0.027071131393313408,0.9703980684280396,0.21552826464176178,0.4992227554321289,-0.13968709111213684,0.9794833660125732,0.41841304302215576,0.4161456823348999,-0.10144978016614914,0.9792137742042542,0.2432783991098404,0.5046311020851135,-0.2572815716266632,0.9890000224113464
U15_v5,12,1,0.19976690411567688,0.2726972997188568,-0.2311120182275772,0.9999912977218628,0.19276514649391174,0.26755833625793457,-0.21018312871456146,0.999977707862854,0.19236677885055542,0.26724326610565186,-0.2102944254875183,0.9999780654907227,0.19175785779953003,0.2668350636959076,-0.2103280872106552,0.9999754428863525,0.18843434751033783,0.2678528130054474,-0.2374943494796753,0.9999873638153076,0.1849556565284729,0.2678471505641937,-0.23755556344985962,0.999985933303833,0.18103383481502533,0.267838716506958,-0.2376244068145752,0.9999828338623047,0.17485930025577545,0.2683022618293762,-0.0961688980460167,0.9999791383743286,0.16184736788272858,0.27142104506492615,-0.21993762254714966,0.999982476234436,0.19778963923454285,0.2784712314605713,-0.18538211286067963,0.9999713897705078,0.19181469082832336,0.27993810176849365,-0.22154754400253296,0.9999637603759766,0.17857922613620758,0.28737521171569824,0.00801317859441042,0.9999152421951294,0.15705344080924988,0.30075937509536743,-0.27403655648231506,0.9999853372573853,0.20588405430316925,0.24764873087406158,0.05739952623844147,0.9355591535568237,0.25560280680656433,0.3023587167263031,-0.37672731280326843,0.9998568296432495,0.13195085525512695,0.23158763349056244,0.020304260775446892,0.9455164670944214,0.320097953081131,0.27971434593200684,-0.35130101442337036,0.9987768530845642,0.10544990003108978,0.23033514618873596,0.001394128194078803,0.8915042281150818,0.34142374992370605,0.27762991189956665,-0.39121201634407043,0.9954681396484375,0.10214216262102127,0.23115326464176178,-0.005429229699075222,0.8866974115371704,0.3414306640625,0.2736522853374481,-0.3834286034107208,0.9948626160621643,0.109617680311203,0.23388507962226868,0.014623957686126232,0.8782355189323425,0.332891583442688,0.27529311180114746,-0.34748274087905884,0.9909194707870483,0.19296997785568237,0.37296557426452637,0.09368371218442917,0.9997047781944275,0.15475767850875854,0.3834395706653595,-0.09361762553453445,0.9998094439506531,0.3053092956542969,0.38520410656929016,-0.08034816384315491,0.9384526014328003,0.2124173790216446,0.44011038541793823,-0.11136756092309952,0.9896584153175354,0.3996514081954956,0.4263041019439697,-0.06444419920444489,0.9440090656280518,0.24553421139717102,0.5073055624961853,-0.07849205285310745,0.9892072677612305,0.40581369400024414,0.44117045402526855,-0.06813109666109085,0.9610847234725952,0.24297261238098145,0.5177233815193176,-0.08264343440532684,0.9643153548240662,0.44943612813949585,0.41732341051101685,-0.14985394477844238,0.9709798097610474,0.28113648295402527,0.5175599455833435,-0.20890390872955322,0.9844984412193298
U15_v5,13,1,0.2000996321439743,0.27243292331695557,-0.220242440700531,0.9999874830245972,0.19319593906402588,0.2673037648200989,-0.20301295816898346,0.999962329864502,0.19281253218650818,0.26702651381492615,-0.20313887298107147,0.999971866607666,0.19224146008491516,0.2666694223880768,-0.2031814455986023,0.9999629259109497,0.18889707326889038,0.26754236221313477,-0.2309361845254898,0.9999768733978271,0.18546968698501587,0.26750993728637695,-0.23100410401821136,0.9999786615371704,0.1815769076347351,0.2674751281738281,-0.231084942817688,0.9999682903289795,0.17549094557762146,0.2682132124900818,-0.10447625815868378,0.9999756813049316,0.16297116875648499,0.27114996314048767,-0.23148402571678162,0.9999755620956421,0.1981361210346222,0.2782195210456848,-0.1803187131881714,0.9999655485153198,0.19258391857147217,0.27969926595687866,-0.21749724447727203,0.9999569654464722,0.17884378135204315,0.2872130572795868,-0.008926666341722012,0.9999189376831055,0.15679028630256653,0.3005480170249939,-0.28659895062446594,0.9999872446060181,0.20604883134365082,0.24757398664951324,0.04232620820403099,0.9343061447143555,0.25664982199668884,0.3028440773487091,-0.38976022601127625,0.9998688697814941,0.13005001842975616,0.23187106847763062,0.01106436736881733,0.9474332332611084,0.3168182373046875,0.2798931300640106,-0.3738175928592682,0.9988507032394409,0.10480128228664398,0.2315613180398941,-0.006377700716257095,0.8964245319366455,0.34066206216812134,0.27753838896751404,-0.41670361161231995,0.995677649974823,0.10082808136940002,0.2313111573457718,-0.016234736889600754,0.8928772807121277,0.33972376585006714,0.27363699674606323,-0.407275915145874,0.9950559139251709,0.10931338369846344,0.2342149168252945,0.004609834402799606,0.8832786083221436,0.33236104249954224,0.274864137172699,-0.36999157071113586,0.991635799407959,0.19342562556266785,0.37268540263175964,0.09588517993688583,0.9997312426567078,0.15445415675640106,0.38313746452331543,-0.09577450156211853,0.9998348951339722,0.3069545328617096,0.38446953892707825,-0.05707595869898796,0.9634827971458435,0.21202589571475983,0.43852314352989197,-0.11504140496253967,0.9952666759490967,0.40061283111572266,0.4270336627960205,-0.024360205978155136,0.9748784899711609,0.23890307545661926,0.4974045157432556,-0.08196379989385605,0.9940491914749146,0.40693801641464233,0.44119322299957275,-0.0271089356392622,0.9790669083595276,0.24033322930335999,0.5086731910705566,-0.08630838245153427,0.9766862988471985,0.4495123326778412,0.4166621267795563,-0.10870286077260971,0.9851716756820679,0.28042110800743103,0.5171763896942139,-0.21722547709941864,0.9900992512702942
U15_v5,14,1,0.22624856233596802,0.2813350260257721,-0.2730623483657837,0.9999947547912598,0.21944692730903625,0.2764873504638672,-0.26138636469841003,0.999983549118042,0.21964256465435028,0.27602115273475647,-0.2615061402320862,0.9999873638153076,0.21984559297561646,0.2754940092563629,-0.26155686378479004,0.9999834299087524,0.2138008177280426,0.2774326801300049,-0.28022709488868713,0.9999890327453613,0.21031351387500763,0.2776890993118286,-0.2803046703338623,0.9999901056289673,0.20630525052547455,0.2779383361339569,-0.28035247325897217,0.9999847412109375,0.2045259177684784,0.2767556309700012,-0.1683485209941864,0.9999887943267822,0.1898788958787918,0.2806362807750702,-0.2543550133705139,0.9999892711639404,0.22629714012145996,0.2855301797389984,-0.23419447243213654,0.9999895095825195,0.21970179677009583,0.2863980233669281,-0.25965622067451477,0.9999871253967285,0.21135708689689636,0.2902491092681885,-0.06660967320203781,0.9999786615371704,0.18591922521591187,0.30874720215797424,-0.2895694375038147,0.9999973773956299,0.24072901904582977,0.24992749094963074,-0.05225425213575363,0.9806792736053467,0.27071213722229004,0.3137046694755554,-0.3737580180168152,0.9998613595962524,0.1720161885023117,0.22949443757534027,-0.08371403068304062,0.9835658669471741,0.3471250534057617,0.3013947606086731,-0.35749876499176025,0.998308539390564,0.14773809909820557,0.22637324035167694,-0.1088428720831871,0.9576478004455566,0.37275826930999756,0.3017028868198395,-0.3955696225166321,0.9939425587654114,0.14441950619220734,0.22675296664237976,-0.11121757328510284,0.955606997013092,0.36937788128852844,0.2989344000816345,-0.3910095989704132,0.99333256483078,0.1516442596912384,0.23018132150173187,-0.08799925446510315,0.9534949064254761,0.36197859048843384,0.2990131378173828,-0.3555213212966919,0.9899784326553345,0.220229834318161,0.375021368265152,0.09061040729284286,0.9997982382774353,0.18067243695259094,0.38536590337753296,-0.09057574719190598,0.9999402761459351,0.3336727023124695,0.39180710911750793,0.023725595325231552,0.9651883244514465,0.2344038337469101,0.44542500376701355,-0.1526205688714981,0.9987273812294006,0.4350835680961609,0.4283445477485657,0.09962552040815353,0.977967381477356,0.25152042508125305,0.5084817409515381,-0.1914936900138855,0.9982869029045105,0.44678738713264465,0.44076037406921387,0.10270655155181885,0.9784456491470337,0.24172109365463257,0.522821307182312,-0.20239099860191345,0.9886888861656189,0.48673418164253235,0.41361570358276367,0.05196106806397438,0.9858533143997192,0.30866506695747375,0.5201853513717651,-0.3320573568344116,0.9963337182998657
U15_v5,15,1,0.2273072749376297,0.2814004123210907,-0.2464195340871811,0.9999939203262329,0.22041308879852295,0.27646660804748535,-0.23681798577308655,0.9999786615371704,0.2203826755285263,0.2759523391723633,-0.236937016248703,0.9999845027923584,0.2203144133090973,0.27542421221733093,-0.23698098957538605,0.9999797344207764,0.2153647243976593,0.2774292826652527,-0.2567542791366577,0.9999858140945435,0.21137765049934387,0.2776676118373871,-0.2568208575248718,0.9999874830245972,0.2074783593416214,0.2778950035572052,-0.2568565309047699,0.9999799728393555,0.2038213312625885,0.27650541067123413,-0.15231333673000336,0.999985933303833,0.19068723917007446,0.28040245175361633,-0.24312372505664825,0.9999861717224121,0.22667619585990906,0.2856076657772064,-0.21018733084201813,0.9999867677688599,0.2204001247882843,0.28645995259284973,-0.2370062917470932,0.9999839067459106,0.21035701036453247,0.29021409153938293,-0.05374985188245773,0.9999796152114868,0.18941523134708405,0.3082903027534485,-0.2789638340473175,0.9999967813491821,0.24029389023780823,0.2503238916397095,-0.03670424968004227,0.9778280854225159,0.27681323885917664,0.3137481212615967,-0.3537483215332031,0.9998027682304382,0.17379039525985718,0.23010946810245514,-0.06889636069536209,0.9827149510383606,0.3471405506134033,0.3024651110172272,-0.33120229840278625,0.997562050819397,0.1486959457397461,0.22688834369182587,-0.09271623194217682,0.9572370648384094,0.37189409136772156,0.30265259742736816,-0.36813947558403015,0.9919177889823914,0.1452329456806183,0.22737900912761688,-0.09584307670593262,0.9554562568664551,0.36892566084861755,0.2998448312282562,-0.3642899692058563,0.9911534190177917,0.15229341387748718,0.23064562678337097,-0.0733800008893013,0.9530526995658875,0.3615652322769165,0.3007380962371826,-0.3291608989238739,0.9871990084648132,0.21581588685512543,0.37466585636138916,0.09326581656932831,0.999783456325531,0.18131490051746368,0.3848746418952942,-0.09322348982095718,0.9999270439147949,0.3328092396259308,0.3922378122806549,0.03761279210448265,0.9486128687858582,0.2344081997871399,0.4421710669994354,-0.15012888610363007,0.9983035326004028,0.43214690685272217,0.42767271399497986,0.10820726305246353,0.9742931127548218,0.25504419207572937,0.5061887502670288,-0.17653515934944153,0.9976699948310852,0.44120892882347107,0.4401853084564209,0.11053507775068283,0.9760472774505615,0.24702921509742737,0.5265352129936218,-0.18585945665836334,0.9872347712516785,0.4844650626182556,0.41417595744132996,0.06114596128463745,0.9846960306167603,0.3125314712524414,0.5187833309173584,-0.3078996241092682,0.9955416321754456
U15_v5,16,1,0.24546286463737488,0.2868286371231079,-0.3126535415649414,0.9999666213989258,0.23996083438396454,0.2819443345069885,-0.29882633686065674,0.9999008178710938,0.2401713728904724,0.28150415420532227,-0.2989466190338135,0.9999207258224487,0.2402748167514801,0.2809895873069763,-0.29901182651519775,0.999910831451416,0.235239639878273,0.28285473585128784,-0.3238641619682312,0.9999524354934692,0.23215505480766296,0.2831420302391052,-0.323932021856308,0.9999560117721558,0.22844602167606354,0.28342750668525696,-0.32398340106010437,0.999941349029541,0.2266750931739807,0.28253135085105896,-0.1987575888633728,0.9999154806137085,0.21164676547050476,0.28613588213920593,-0.310746431350708,0.999967098236084,0.24488107860088348,0.2913956642150879,-0.26957419514656067,0.9999403953552246,0.23855668306350708,0.2928573787212372,-0.3024541139602661,0.9999498128890991,0.23371300101280212,0.2951543927192688,-0.0857551321387291,0.9999650716781616,0.2096320241689682,0.31709131598472595,-0.3410366177558899,0.9999949932098389,0.27755406498908997,0.2604168653488159,-0.08286532759666443,0.9720497727394104,0.2905062735080719,0.3272150158882141,-0.42017483711242676,0.999688982963562,0.22509826719760895,0.2306373119354248,-0.1456540822982788,0.9686216115951538,0.37609076499938965,0.32048511505126953,-0.39156779646873474,0.996480405330658,0.2061992585659027,0.22449074685573578,-0.1750575602054596,0.9278265833854675,0.40187203884124756,0.320966899394989,-0.43353939056396484,0.9886592626571655,0.20081230998039246,0.22401297092437744,-0.1797604262828827,0.9204946756362915,0.4027632474899292,0.31889641284942627,-0.42411166429519653,0.9874992966651917,0.20398375391960144,0.22732114791870117,-0.1525159478187561,0.9226886034011841,0.39164239168167114,0.31843382120132446,-0.387310653924942,0.9808018803596497,0.23046623170375824,0.37772178649902344,0.09354463964700699,0.9998212456703186,0.19933299720287323,0.38505226373672485,-0.09350506216287613,0.9999374151229858,0.3554490804672241,0.3985168933868408,-0.0004066437541041523,0.9387324452400208,0.2527812719345093,0.4391239881515503,-0.21602055430412292,0.9950834512710571,0.4700695872306824,0.42896032333374023,0.06896806508302689,0.9635708332061768,0.27775198221206665,0.49978718161582947,-0.22831083834171295,0.9932330250740051,0.4852484464645386,0.442453533411026,0.06983387470245361,0.9639794230461121,0.27352458238601685,0.5111619830131531,-0.23709194362163544,0.9713174104690552,0.5155794620513916,0.4129551649093628,-0.015414269641041756,0.9786815047264099,0.31848230957984924,0.5143784880638123,-0.38193684816360474,0.9921045303344727
U15_v5,17,1,0.27603018283843994,0.29348593950271606,-0.23708416521549225,0.9999743700027466,0.27181726694107056,0.28803855180740356,-0.22086921334266663,0.9999293088912964,0.27202099561691284,0.28755635023117065,-0.2209482491016388,0.9999417066574097,0.272220253944397,0.28702878952026367,-0.22099822759628296,0.9999399185180664,0.2669168710708618,0.2889968156814575,-0.24497537314891815,0.9999629259109497,0.2633013427257538,0.2893335819244385,-0.24504485726356506,0.999967098236084,0.25907260179519653,0.2897132933139801,-0.2450416535139084,0.9999632835388184,0.2564738690853119,0.2879463732242584,-0.1193358302116394,0.9999217987060547,0.239779531955719,0.292284220457077,-0.22834990918636322,0.9999743700027466,0.27526572346687317,0.29792970418930054,-0.19370323419570923,0.9999545812606812,0.2686699628829956,0.2993011474609375,-0.22570335865020752,0.9999665021896362,0.26355528831481934,0.3000636696815491,-0.010272977873682976,0.9999688863754272,0.2372661828994751,0.3213467597961426,-0.2556115686893463,0.999987006187439,0.3198818564414978,0.2672298550605774,0.002226305892691016,0.9844833016395569,0.30662232637405396,0.3395312428474426,-0.3156593441963196,0.9994350075721741,0.2825562357902527,0.23400889337062836,-0.06114742159843445,0.9894803762435913,0.3997536301612854,0.34277307987213135,-0.3002144396305084,0.9955384135246277,0.26670071482658386,0.22495640814304352,-0.08315882831811905,0.9736074805259705,0.42505908012390137,0.3479290008544922,-0.34062519669532776,0.9879885911941528,0.26161250472068787,0.22402922809123993,-0.09164106845855713,0.9702497124671936,0.42844700813293457,0.34502112865448,-0.32614055275917053,0.9871606826782227,0.26398250460624695,0.22811780869960785,-0.06828482449054718,0.9699591398239136,0.4206818640232086,0.3435943126678467,-0.29317954182624817,0.9811103343963623,0.23951587080955505,0.3814469575881958,0.09537586569786072,0.9998151659965515,0.22870057821273804,0.3874538242816925,-0.09533520042896271,0.9998764991760254,0.3298429250717163,0.42891231179237366,0.042654987424612045,0.9613341093063354,0.33303576707839966,0.4134727418422699,-0.202188640832901,0.9967144727706909,0.4238586127758026,0.4647195339202881,0.06650668382644653,0.983761727809906,0.41209203004837036,0.46300822496414185,-0.22074957191944122,0.994993269443512,0.43241989612579346,0.47546645998954773,0.0639609768986702,0.9790433645248413,0.41745084524154663,0.47577691078186035,-0.22710441052913666,0.9850541949272156,0.4826735854148865,0.4591895341873169,-0.011821942403912544,0.9891213774681091,0.46709442138671875,0.4609329104423523,-0.3317149877548218,0.9950628876686096
U15_v5,18,1,0.2758820950984955,0.2929489016532898,-0.2073117047548294,0.999972939491272,0.2714604437351227,0.28746509552001953,-0.1923139989376068,0.9999469518661499,0.2715804874897003,0.2869586944580078,-0.1923857480287552,0.9999440908432007,0.2716993987560272,0.2863633334636688,-0.19245164096355438,0.9999552965164185,0.2668014466762543,0.2885432243347168,-0.21826772391796112,0.9999709129333496,0.26331278681755066,0.2889123260974884,-0.2183118760585785,0.9999697208404541,0.2592448890209198,0.2893126606941223,-0.21829503774642944,0.9999727010726929,0.25620174407958984,0.28736838698387146,-0.09497332572937012,0.9999310970306396,0.2397928386926651,0.2920188903808594,-0.21226909756660461,0.9999774694442749,0.2752040922641754,0.2973283529281616,-0.16492675244808197,0.9999681711196899,0.2688003480434418,0.2987774908542633,-0.1992260068655014,0.9999760389328003,0.2631308436393738,0.299656480550766,0.01499241590499878,0.9999598264694214,0.237107515335083,0.3212265372276306,-0.2465638667345047,0.9999768733978271,0.3199714720249176,0.2671878933906555,0.03635593503713608,0.9836717247962952,0.3112238943576813,0.34095054864883423,-0.30956655740737915,0.9992508292198181,0.28251567482948303,0.23396053910255432,-0.03747749328613281,0.9889132380485535,0.4010666608810425,0.3431464731693268,-0.2978013753890991,0.9937565326690674,0.2667110562324524,0.22599366307258606,-0.06133616715669632,0.9728510975837708,0.42521923780441284,0.34835708141326904,-0.33889666199684143,0.9848147630691528,0.2617156207561493,0.22416701912879944,-0.07301133871078491,0.9696601033210754,0.4288032650947571,0.34564492106437683,-0.32680413126945496,0.9838328957557678,0.2639930248260498,0.2265578955411911,-0.04626922309398651,0.9699093103408813,0.42148369550704956,0.34426623582839966,-0.29151132702827454,0.9755374193191528,0.23836125433444977,0.38208523392677307,0.10253558307886124,0.9998214840888977,0.22862094640731812,0.3873169422149658,-0.10250260680913925,0.9998205304145813,0.3129376769065857,0.43624138832092285,0.057085223495960236,0.9670323133468628,0.35184159874916077,0.4079863131046295,-0.1739548146724701,0.9973357319831848,0.37486061453819275,0.4805089831352234,0.0819220170378685,0.9873232245445251,0.4604646563529968,0.45023244619369507,-0.1808137148618698,0.9972454309463501,0.37498539686203003,0.4913613796234131,0.08036245405673981,0.984632134437561,0.4704946279525757,0.46274837851524353,-0.1854054033756256,0.991203784942627,0.433475136756897,0.48116061091423035,0.008516178466379642,0.9896570444107056,0.5187205076217651,0.44359007477760315,-0.28041982650756836,0.9967620372772217
U15_v5,19,1,0.3007728159427643,0.29263508319854736,-0.26967695355415344,0.9999903440475464,0.2958400845527649,0.2881743907928467,-0.24852289259433746,0.9999847412109375,0.2964261770248413,0.287918359041214,-0.24856649339199066,0.9999799728393555,0.2970232665538788,0.28766459226608276,-0.24861033260822296,0.9999822378158569,0.28963473439216614,0.2893189489841461,-0.278437077999115,0.9999933242797852,0.28512609004974365,0.28995686769485474,-0.2784998416900635,0.9999939203262329,0.2805574834346771,0.29055923223495483,-0.27853071689605713,0.9999955892562866,0.28332197666168213,0.2905994951725006,-0.12760229408740997,0.999948263168335,0.2645145356655121,0.294086754322052,-0.2644684612751007,0.9999960660934448,0.3012746274471283,0.2974010407924652,-0.21864266693592072,0.9999830722808838,0.2932443916797638,0.29921817779541016,-0.25879308581352234,0.9999940395355225,0.29375675320625305,0.307982861995697,0.012425596825778484,0.9999421834945679,0.2537972629070282,0.32576698064804077,-0.3080347180366516,0.9999892711639404,0.3556911051273346,0.2810353636741638,0.04505321383476257,0.9859077334403992,0.3142606019973755,0.34780341386795044,-0.3682573735713959,0.9991598129272461,0.3406867980957031,0.2405778169631958,-0.03467557206749916,0.990216851234436,0.4060001075267792,0.3627918064594269,-0.3635805547237396,0.994657576084137,0.32733386754989624,0.23102740943431854,-0.055831555277109146,0.974891185760498,0.4284573793411255,0.369656503200531,-0.40795889496803284,0.9859824776649475,0.3215898871421814,0.22949230670928955,-0.07070855051279068,0.97107994556427,0.432845801115036,0.3672410845756531,-0.3974199891090393,0.9848446249961853,0.3244865834712982,0.23271851241588593,-0.04531616345047951,0.9695074558258057,0.42321160435676575,0.36291053891181946,-0.35720890760421753,0.975885808467865,0.26903262734413147,0.3875153660774231,0.11155092716217041,0.9999183416366577,0.24725396931171417,0.39042991399765015,-0.1116100400686264,0.9999505281448364,0.305819571018219,0.4462323486804962,0.08680548518896103,0.9400568604469299,0.3888736367225647,0.4125150442123413,-0.29282519221305847,0.9971983432769775,0.29416489601135254,0.5006582736968994,0.15240618586540222,0.9800881743431091,0.5188993811607361,0.435102254152298,-0.3520071804523468,0.9971576929092407,0.28631308674812317,0.5108337998390198,0.15460258722305298,0.9724423885345459,0.5422699451446533,0.4495728611946106,-0.3620363473892212,0.9909664392471313,0.33463722467422485,0.5156643390655518,0.07322819530963898,0.9818782210350037,0.564177930355072,0.41525372862815857,-0.47941893339157104,0.9972193241119385
U15_v5,20,1,0.3010340631008148,0.29305499792099,-0.2761313319206238,0.9999904632568359,0.2962469458580017,0.28848201036453247,-0.25364944338798523,0.9999852180480957,0.2967677116394043,0.28824302554130554,-0.2536996304988861,0.9999802112579346,0.2972760498523712,0.28800681233406067,-0.2537550926208496,0.999982476234436,0.2901221215724945,0.28956517577171326,-0.2862446904182434,0.9999934434890747,0.2856435477733612,0.290181040763855,-0.2862989008426666,0.9999940395355225,0.28104367852211,0.2907676100730896,-0.286332368850708,0.9999957084655762,0.2830184996128082,0.29080209136009216,-0.12595675885677338,0.9999464750289917,0.2647044062614441,0.2942080497741699,-0.2752062678337097,0.9999960660934448,0.3011651337146759,0.29783621430397034,-0.22216789424419403,0.9999822378158569,0.29319941997528076,0.2995412349700928,-0.26596811413764954,0.9999940395355225,0.28942370414733887,0.3078877329826355,0.02456335723400116,0.999944806098938,0.2542213797569275,0.3255726397037506,-0.31337520480155945,0.9999866485595703,0.35471516847610474,0.28142493963241577,0.06891427934169769,0.9867967367172241,0.3140723705291748,0.3476845324039459,-0.36776232719421387,0.9990893602371216,0.34121090173721313,0.24041225016117096,-0.019957076758146286,0.9903780221939087,0.40623408555984497,0.3625060021877289,-0.36939775943756104,0.9941418766975403,0.3278220593929291,0.2308441549539566,-0.04218823462724686,0.9749806523323059,0.42905259132385254,0.3694857656955719,-0.41613852977752686,0.9850137829780579,0.321967750787735,0.22931915521621704,-0.06042921915650368,0.9714633226394653,0.4335787296295166,0.3670356869697571,-0.4062221050262451,0.9838461875915527,0.3249850273132324,0.23247148096561432,-0.03214864805340767,0.9692143201828003,0.4239365756511688,0.3626469075679779,-0.36306536197662354,0.9730756878852844,0.26542097330093384,0.3872804641723633,0.11766862869262695,0.9999127388000488,0.24835512042045593,0.39020007848739624,-0.11775746941566467,0.9999433755874634,0.3017118275165558,0.44710424542427063,0.09999509900808334,0.9393811821937561,0.3952714204788208,0.41074904799461365,-0.3043299615383148,0.9968208074569702,0.28916460275650024,0.5015551447868347,0.17675825953483582,0.9787893295288086,0.5185205936431885,0.434209406375885,-0.35804483294487,0.9969018697738647,0.27645429968833923,0.5111150741577148,0.17998555302619934,0.9722639918327332,0.5435342788696289,0.4490188658237457,-0.36758291721343994,0.9910292625427246,0.32980403304100037,0.5174260139465332,0.09589296579360962,0.9802093505859375,0.5659035444259644,0.41437941789627075,-0.48751020431518555,0.9970335960388184
U15_v5,21,1,0.3274173438549042,0.29653388261795044,-0.40114134550094604,0.9999922513961792,0.32319375872612,0.29149898886680603,-0.38367941975593567,0.9999560117721558,0.3237943947315216,0.29117104411125183,-0.38369643688201904,0.9999573230743408,0.32442203164100647,0.29082340002059937,-0.3837551176548004,0.9999556541442871,0.3173171877861023,0.29264116287231445,-0.42387497425079346,0.9999867677688599,0.3132074773311615,0.2931833267211914,-0.42398786544799805,0.9999860525131226,0.30836543440818787,0.2937852144241333,-0.42407411336898804,0.9999839067459106,0.313732385635376,0.29303717613220215,-0.2782072126865387,0.9999128580093384,0.29077473282814026,0.297402024269104,-0.46076372265815735,0.9999837875366211,0.3277476727962494,0.30167704820632935,-0.3562869727611542,0.9999598264694214,0.3202418386936188,0.3034776449203491,-0.4099886119365692,0.9999786615371704,0.3272209167480469,0.31347233057022095,-0.14935079216957092,0.9999173879623413,0.27617204189300537,0.33201760053634644,-0.5041582584381104,0.9999921321868896,0.3957696259021759,0.2902536392211914,-0.12684974074363708,0.9841660261154175,0.3336142599582672,0.3621494770050049,-0.5698162317276001,0.9981850981712341,0.39937907457351685,0.24833020567893982,-0.220097616314888,0.9775711297988892,0.4094095528125763,0.3833419382572174,-0.5859362483024597,0.9862083196640015,0.3900907337665558,0.23748750984668732,-0.24940283596515656,0.9376272559165955,0.4289841055870056,0.3911721110343933,-0.6389346122741699,0.9699569940567017,0.3854643404483795,0.2360575795173645,-0.26635974645614624,0.934048056602478,0.4308825135231018,0.3880576193332672,-0.6363146305084229,0.967289924621582,0.386982262134552,0.2385152280330658,-0.2341739982366562,0.9402340054512024,0.42381924390792847,0.3864257037639618,-0.5849786996841431,0.9449588656425476,0.30778297781944275,0.39044278860092163,0.11670618504285812,0.9999043941497803,0.26668480038642883,0.4006088674068451,-0.11694569885730743,0.9999372959136963,0.41840457916259766,0.4204104244709015,-0.049009669572114944,0.929504930973053,0.3175617456436157,0.453804612159729,-0.07242251932621002,0.9891523122787476,0.5430514216423035,0.4398750364780426,-0.027696684002876282,0.9492433667182922,0.2848721146583557,0.5005121827125549,0.12157323211431503,0.989591658115387,0.5661418437957764,0.4511896073818207,-0.02997545711696148,0.9436168074607849,0.26472803950309753,0.5089452266693115,0.13037924468517303,0.9546979069709778,0.5899404287338257,0.41889265179634094,-0.1321175992488861,0.9695593118667603,0.3185237944126129,0.5160878300666809,-0.010533689521253109,0.9805909991264343
U15_v5,22,1,0.3275907039642334,0.29602426290512085,-0.4055573642253876,0.9999938011169434,0.32331782579421997,0.2910662293434143,-0.38813668489456177,0.9999648332595825,0.3238672912120819,0.2907610237598419,-0.38815075159072876,0.9999643564224243,0.3244432210922241,0.290431946516037,-0.3882133364677429,0.999963641166687,0.3177728056907654,0.2921440303325653,-0.42771920561790466,0.9999897480010986,0.3138090670108795,0.2926553189754486,-0.4278297424316406,0.9999891519546509,0.30913692712783813,0.2932213842868805,-0.4279164671897888,0.9999879598617554,0.3136674165725708,0.2927161753177643,-0.2829057276248932,0.9999277591705322,0.29144784808158875,0.2969117760658264,-0.4626532793045044,0.9999880790710449,0.32792988419532776,0.3010910749435425,-0.36090609431266785,0.9999685287475586,0.32068872451782227,0.30285874009132385,-0.41379809379577637,0.999984622001648,0.3273654282093048,0.31342580914497375,-0.15268465876579285,0.9999194145202637,0.27618831396102905,0.33169180154800415,-0.5062583088874817,0.9999946355819702,0.39673498272895813,0.29019489884376526,-0.13075925409793854,0.9829776287078857,0.3321290612220764,0.36185863614082336,-0.5748249292373657,0.9985324144363403,0.39869576692581177,0.2481343299150467,-0.2266848385334015,0.9756078720092773,0.4093034267425537,0.3834398090839386,-0.5958106517791748,0.9884824156761169,0.38927382230758667,0.23716919124126434,-0.2566051483154297,0.9341408014297485,0.4289221167564392,0.3913304805755615,-0.6492732167243958,0.9744523167610168,0.3847070336341858,0.23582005500793457,-0.2721373438835144,0.9303279519081116,0.430962473154068,0.38831689953804016,-0.6467342972755432,0.9721174836158752,0.3862312436103821,0.2383052408695221,-0.24039137363433838,0.9366807341575623,0.42415064573287964,0.38669830560684204,-0.5949336886405945,0.9524103999137878,0.3069712817668915,0.39036667346954346,0.11680397391319275,0.9999008178710938,0.2660713195800781,0.39965882897377014,-0.1170540526509285,0.999948263168335,0.41865524649620056,0.42088082432746887,-0.03288399428129196,0.9231528639793396,0.3156666159629822,0.45378008484840393,-0.08724024146795273,0.9911812543869019,0.544205367565155,0.44053980708122253,-0.00011989099584752694,0.9486733675003052,0.2844446897506714,0.5025063753128052,0.09002716094255447,0.9923216700553894,0.5654041171073914,0.45139628648757935,-0.0014006337150931358,0.9425026178359985,0.267477422952652,0.5115439891815186,0.0967128798365593,0.9644626975059509,0.5901139974594116,0.41928890347480774,-0.09978712350130081,0.9689478874206543,0.31869208812713623,0.5181984901428223,-0.04736490547657013,0.9849473237991333
U15_v5,23,1,0.35423073172569275,0.29795601963996887,-0.37084612250328064,0.9999915361404419,0.3496967852115631,0.29312896728515625,-0.34900641441345215,0.9999421834945679,0.35042163729667664,0.29284942150115967,-0.3489867150783539,0.9999377727508545,0.35102373361587524,0.292519748210907,-0.34900182485580444,0.9999284744262695,0.34293875098228455,0.2933787703514099,-0.3872784674167633,0.9999847412109375,0.3388541340827942,0.29339516162872314,-0.38736283779144287,0.9999850988388062,0.3339728116989136,0.29356813430786133,-0.38747817277908325,0.9999839067459106,0.3384914994239807,0.2943311929702759,-0.23156383633613586,0.9998087286949158,0.31627148389816284,0.29686903953552246,-0.40678516030311584,0.9999852180480957,0.35462820529937744,0.3038032352924347,-0.32276639342308044,0.9999426603317261,0.34783312678337097,0.3046806752681732,-0.3743504285812378,0.999981164932251,0.3565394878387451,0.3193386197090149,-0.09532512724399567,0.9998262524604797,0.2962833046913147,0.33289262652397156,-0.44553741812705994,0.9999951124191284,0.4297015368938446,0.29921039938926697,-0.052467990666627884,0.9760580658912659,0.33011674880981445,0.36740800738334656,-0.5076959133148193,0.9981902241706848,0.4545155167579651,0.2587254047393799,-0.12648716568946838,0.9763922691345215,0.3897610306739807,0.3994753956794739,-0.5155503749847412,0.988624095916748,0.453705370426178,0.24755710363388062,-0.1449463665485382,0.9391119480133057,0.39964011311531067,0.4112507104873657,-0.5564425587654114,0.9750262498855591,0.4494532644748688,0.2459479123353958,-0.16210812330245972,0.936283528804779,0.40602076053619385,0.4096132218837738,-0.5523119568824768,0.9726167917251587,0.44837555289268494,0.24929191172122955,-0.14063049852848053,0.9422546625137329,0.4033795893192291,0.40655994415283203,-0.5118104815483093,0.952286422252655,0.3371197283267975,0.39415600895881653,0.11086870729923248,0.9998877048492432,0.2930782437324524,0.40276867151260376,-0.11126510053873062,0.9999483823776245,0.43595343828201294,0.42563560605049133,-0.05353127792477608,0.9380794167518616,0.3301711678504944,0.4570828378200531,-0.08334708958864212,0.9922537207603455,0.5681245923042297,0.44346797466278076,-0.05313320457935333,0.9537516236305237,0.2847709655761719,0.5021849274635315,0.10393225401639938,0.9925639033317566,0.5862821340560913,0.452391117811203,-0.05744039639830589,0.9401952028274536,0.2697930634021759,0.5103262662887573,0.11163067072629929,0.9630745053291321,0.6136071681976318,0.4227578043937683,-0.1551504284143448,0.9694423675537109,0.3185424208641052,0.5191031098365784,-0.029036996886134148,0.9837015271186829
U15_v5,24,1,0.3545256555080414,0.29846614599227905,-0.3739352822303772,0.9999891519546509,0.3501182198524475,0.29338493943214417,-0.3532511591911316,0.999925971031189,0.35076436400413513,0.2931021451950073,-0.3532296419143677,0.9999220371246338,0.35128238797187805,0.2927839457988739,-0.35324418544769287,0.9999105930328369,0.34326326847076416,0.2935976982116699,-0.39210495352745056,0.9999806880950928,0.3391644358634949,0.2935616672039032,-0.3921950161457062,0.9999812841415405,0.3342570960521698,0.29368162155151367,-0.3923153579235077,0.9999796152114868,0.33798351883888245,0.2945728898048401,-0.240930438041687,0.9997619986534119,0.3161207437515259,0.2968849539756775,-0.4185897707939148,0.999981164932251,0.354504257440567,0.30445507168769836,-0.3276028335094452,0.9999302625656128,0.34736353158950806,0.3051770031452179,-0.37985920906066895,0.9999765157699585,0.35683318972587585,0.31967779994010925,-0.11047613620758057,0.999821126461029,0.29354584217071533,0.3337419629096985,-0.4598613381385803,0.9999948740005493,0.429729700088501,0.29967960715293884,-0.07629095762968063,0.9761946797370911,0.33101165294647217,0.3681355118751526,-0.5250805616378784,0.9980940222740173,0.4549013376235962,0.2585070729255676,-0.15659837424755096,0.9759424328804016,0.39044541120529175,0.399943470954895,-0.532040536403656,0.9884160757064819,0.45443087816238403,0.24772043526172638,-0.1764918565750122,0.9390335083007812,0.4005264639854431,0.4119940996170044,-0.5740611553192139,0.9749148488044739,0.4503060281276703,0.24613717198371887,-0.19402532279491425,0.9365474581718445,0.40706682205200195,0.41025176644325256,-0.5693551898002625,0.9724692106246948,0.449176162481308,0.24935756623744965,-0.17123591899871826,0.9428584575653076,0.40286555886268616,0.40700551867485046,-0.5283541679382324,0.9518799781799316,0.338837206363678,0.394804447889328,0.11080935597419739,0.9998805522918701,0.2932088375091553,0.4030658006668091,-0.11117945611476898,0.9999442100524902,0.4385714530944824,0.42607542872428894,-0.044656798243522644,0.9356321096420288,0.330098956823349,0.45681527256965637,-0.07959533482789993,0.9923233985900879,0.5686566233634949,0.4434567987918854,-0.03922734037041664,0.951467752456665,0.2853040397167206,0.501538872718811,0.11818038672208786,0.9921861886978149,0.5883324146270752,0.4529242217540741,-0.04294823110103607,0.9355201721191406,0.26928263902664185,0.5084232091903687,0.12694604694843292,0.9620044827461243,0.609470009803772,0.4225223958492279,-0.13887666165828705,0.9677616357803345,0.3206302225589752,0.5177068710327148,-0.010062660090625286,0.9827733039855957
U15_v5,25,1,0.3818523585796356,0.29725897312164307,-0.31941577792167664,0.9999905824661255,0.37539708614349365,0.29110270738601685,-0.2968671917915344,0.9999258518218994,0.3752382695674896,0.29085683822631836,-0.2968209385871887,0.999932050704956,0.3750469386577606,0.2906591594219208,-0.2968009114265442,0.9999107122421265,0.3713260293006897,0.29159411787986755,-0.3419209122657776,0.9999798536300659,0.3683512210845947,0.2917262017726898,-0.34199628233909607,0.9999802112579346,0.3647216558456421,0.2919231057167053,-0.34209516644477844,0.9999727010726929,0.36057695746421814,0.2929016947746277,-0.1805867999792099,0.9998619556427002,0.34632253646850586,0.2953466773033142,-0.38687649369239807,0.9999771118164062,0.38058900833129883,0.3025732636451721,-0.27282628417015076,0.9999328851699829,0.3756175637245178,0.3036419749259949,-0.3331615924835205,0.9999744892120361,0.385457307100296,0.31781429052352905,-0.06503938138484955,0.9999157190322876,0.316741019487381,0.3346017599105835,-0.42194488644599915,0.9999954700469971,0.4715605080127716,0.3103950023651123,-0.015955302864313126,0.9799985289573669,0.33309295773506165,0.37579771876335144,-0.47935906052589417,0.9921060800552368,0.5139493942260742,0.27206289768218994,-0.045600347220897675,0.9753252863883972,0.3641350269317627,0.4142935574054718,-0.4760485887527466,0.973453938961029,0.5176984667778015,0.26237887144088745,-0.05186494439840317,0.918253481388092,0.3653462529182434,0.42779311537742615,-0.5049273371696472,0.9485988020896912,0.5130994319915771,0.2592284679412842,-0.06179305538535118,0.9175859093666077,0.3705468475818634,0.4269588589668274,-0.5105674266815186,0.9447346925735474,0.5106069445610046,0.2630816102027893,-0.05529607832431793,0.9311750531196594,0.3713437616825104,0.42284125089645386,-0.4755041301250458,0.9119118452072144,0.36090072989463806,0.40139883756637573,0.107084721326828,0.9999018907546997,0.3148540258407593,0.4081389307975769,-0.10720603168010712,0.999943733215332,0.4654024839401245,0.4312591552734375,-0.00898061040788889,0.9361100792884827,0.34147870540618896,0.45960181951522827,-0.03554542362689972,0.9897323250770569,0.5869147777557373,0.45218682289123535,0.00424090726301074,0.9484727382659912,0.284935861825943,0.4980444610118866,0.18791857361793518,0.9871726036071777,0.6065937280654907,0.4619389474391937,0.002334650605916977,0.954928457736969,0.266157329082489,0.5048211216926575,0.20110401511192322,0.9489392638206482,0.6353410482406616,0.4362389147281647,-0.08319670706987381,0.9662551879882812,0.31109991669654846,0.5182725191116333,0.0808955505490303,0.9720859527587891
U15_v5,26,1,0.3822001516819,0.2962476313114166,-0.30472123622894287,0.999988317489624,0.3750772178173065,0.29060736298561096,-0.2819027602672577,0.9998904466629028,0.37488609552383423,0.2903549075126648,-0.2818576991558075,0.999920129776001,0.37464427947998047,0.2901481091976166,-0.2818242311477661,0.9998763799667358,0.3710921108722687,0.2910701036453247,-0.32759806513786316,0.9999703168869019,0.36783280968666077,0.2911778688430786,-0.3276708722114563,0.9999748468399048,0.36398759484291077,0.2913456857204437,-0.32777467370033264,0.9999583959579468,0.3602460026741028,0.2927955389022827,-0.1645902544260025,0.9998360872268677,0.3462769687175751,0.2946910262107849,-0.3741980791091919,0.9999709129333496,0.38120585680007935,0.301562637090683,-0.25794243812561035,0.9998964071273804,0.376287579536438,0.3024481534957886,-0.31923481822013855,0.9999611377716064,0.38525962829589844,0.31934624910354614,-0.051287997514009476,0.9999053478240967,0.31927236914634705,0.3332960605621338,-0.4106449484825134,0.9999951124191284,0.47261884808540344,0.3112318515777588,-0.006307053845375776,0.9734534025192261,0.33201074600219727,0.37460240721702576,-0.46499842405319214,0.9894775748252869,0.5141443014144897,0.2718900442123413,-0.039649274200201035,0.9651333689689636,0.36367088556289673,0.41331708431243896,-0.45615220069885254,0.9590626955032349,0.5180129408836365,0.2618519067764282,-0.0453350767493248,0.8915871977806091,0.3648616671562195,0.4264681339263916,-0.48361852765083313,0.92356276512146,0.5133200287818909,0.258724570274353,-0.055902522057294846,0.8903303742408752,0.3702828288078308,0.4257499575614929,-0.4881983697414398,0.9176802635192871,0.5106939077377319,0.26264688372612,-0.04959277808666229,0.907713770866394,0.3709844946861267,0.42143991589546204,-0.4553336799144745,0.8774662613868713,0.3590838313102722,0.40185582637786865,0.10861974209547043,0.999902606010437,0.31455808877944946,0.4085617959499359,-0.10868702828884125,0.9999445676803589,0.4672996997833252,0.4323723316192627,-0.004075605422258377,0.949924111366272,0.3421679139137268,0.4599398970603943,-0.03545750677585602,0.9925440549850464,0.5888475179672241,0.45307445526123047,0.014396719634532928,0.9649859070777893,0.28421536087989807,0.4980127811431885,0.18908418715000153,0.9858874678611755,0.6082656383514404,0.46222612261772156,0.01266300305724144,0.967663049697876,0.2639753222465515,0.5039896368980408,0.20293079316616058,0.947135329246521,0.6325902938842773,0.4350915551185608,-0.07662131637334824,0.9759652614593506,0.31330013275146484,0.5177004933357239,0.08471608906984329,0.9703788757324219
U15_v5,27,1,0.40735045075416565,0.297638475894928,-0.30380696058273315,0.9999972581863403,0.4021187126636505,0.29223763942718506,-0.28057271242141724,0.9999681711196899,0.40207281708717346,0.2920714318752289,-0.28050553798675537,0.9999755620956421,0.4018784165382385,0.29191336035728455,-0.28041210770606995,0.9999634027481079,0.39758995175361633,0.2924756407737732,-0.3254220187664032,0.9999922513961792,0.39432293176651,0.2924988865852356,-0.3254798352718353,0.9999934434890747,0.39062461256980896,0.2925959527492523,-0.3255622982978821,0.9999896287918091,0.3886698782444,0.29418569803237915,-0.16521669924259186,0.9999427795410156,0.37340545654296875,0.29606878757476807,-0.3713505268096924,0.9999936819076538,0.40637481212615967,0.3037087917327881,-0.2586316466331482,0.9999724626541138,0.4008900225162506,0.30455702543258667,-0.31847649812698364,0.9999909400939941,0.4191252887248993,0.32168155908584595,-0.061329878866672516,0.9999756813049316,0.34116026759147644,0.3350967764854431,-0.4056333303451538,0.9999988079071045,0.5025660991668701,0.3175540566444397,-0.0351671427488327,0.9812100529670715,0.33275920152664185,0.37456125020980835,-0.46816694736480713,0.9951484799385071,0.5615460872650146,0.2882744073867798,-0.11380946636199951,0.987885057926178,0.33258387446403503,0.4171709716320038,-0.4771652817726135,0.9829708337783813,0.5736829042434692,0.27814555168151855,-0.1298501342535019,0.9630533456802368,0.3235965073108673,0.4302610754966736,-0.507402777671814,0.9652606248855591,0.5709286332130432,0.2757377624511719,-0.1525682508945465,0.9644683599472046,0.3305087983608246,0.4317739009857178,-0.5190133452415466,0.9631767868995667,0.5661070346832275,0.27974411845207214,-0.13069021701812744,0.9684349894523621,0.3350093364715576,0.42784953117370605,-0.48031651973724365,0.9422317147254944,0.39195236563682556,0.40548229217529297,0.1166730597615242,0.9999494552612305,0.3553965389728546,0.41030368208885193,-0.1168554425239563,0.9999754428863525,0.46892037987709045,0.43710145354270935,0.029163721948862076,0.9292483925819397,0.35739707946777344,0.462581992149353,-0.05687728524208069,0.9970375299453735,0.5911650657653809,0.461087167263031,0.05178019776940346,0.9676199555397034,0.2833656966686249,0.4970299005508423,0.14662952721118927,0.9911816120147705,0.607833981513977,0.4708365797996521,0.0496358796954155,0.9739107489585876,0.25860366225242615,0.5022923946380615,0.15887442231178284,0.96027672290802,0.6471074223518372,0.44462621212005615,-0.03675367683172226,0.9804076552391052,0.31452280282974243,0.5180045962333679,0.04710880666971207,0.9790517091751099
U15_v5,28,1,0.43614256381988525,0.29930806159973145,-0.3357725441455841,0.999992847442627,0.4315447509288788,0.29421883821487427,-0.3043660819530487,0.9999339580535889,0.4317503273487091,0.2939888834953308,-0.304311603307724,0.9999409914016724,0.43183231353759766,0.2936968207359314,-0.30426138639450073,0.9999101161956787,0.4258539080619812,0.29442185163497925,-0.34471747279167175,0.999981164932251,0.42209041118621826,0.29435721039772034,-0.3447800278663635,0.9999836683273315,0.4182770848274231,0.2942735552787781,-0.3448528051376343,0.9999754428863525,0.4184129238128662,0.2949785590171814,-0.1553259789943695,0.9998352527618408,0.4014607071876526,0.2964191138744354,-0.3406618535518646,0.9999796152114868,0.4353523254394531,0.3045074939727783,-0.2792646884918213,0.999896764755249,0.4279865026473999,0.3043554723262787,-0.33319446444511414,0.9999644756317139,0.45399612188339233,0.3225286900997162,-0.019463224336504936,0.9999340772628784,0.35749492049217224,0.3313801884651184,-0.3741169273853302,0.9999960660934448,0.5310885310173035,0.3256211280822754,0.046596065163612366,0.9851981997489929,0.3282422423362732,0.37441712617874146,-0.4493929147720337,0.997041642665863,0.5970685482025146,0.3064960837364197,-0.01334898080676794,0.9900912046432495,0.2966897785663605,0.4131307303905487,-0.4922449588775635,0.9879868626594543,0.6152356863021851,0.2980814576148987,-0.02066088281571865,0.9652729630470276,0.27785760164260864,0.4242752194404602,-0.5211241245269775,0.9698086380958557,0.6139917969703674,0.2955624759197235,-0.047614771872758865,0.9681393504142761,0.2830560505390167,0.4251996874809265,-0.5381072759628296,0.9689653515815735,0.6070833206176758,0.29873621463775635,-0.03165280818939209,0.971820056438446,0.2900151014328003,0.42314988374710083,-0.49817585945129395,0.9512367844581604,0.4099731147289276,0.4041869342327118,0.11701295524835587,0.9999270439147949,0.3625432848930359,0.40687108039855957,-0.11708375811576843,0.9999529123306274,0.5005746483802795,0.43291327357292175,-0.06976073980331421,0.9550931453704834,0.3698778450489044,0.4604208171367645,-0.0811358168721199,0.9967881441116333,0.6021647453308105,0.4686968922615051,-0.10903321206569672,0.965080738067627,0.2883461117744446,0.49682047963142395,0.11342810839414597,0.9917932152748108,0.6177998781204224,0.4817269444465637,-0.11705566942691803,0.967503011226654,0.2616839110851288,0.4989105463027954,0.12358000874519348,0.9500574469566345,0.6658550500869751,0.45477062463760376,-0.2180166244506836,0.9798216819763184,0.3111732006072998,0.5204437375068665,-0.007139300461858511,0.9796000123023987
U15_v5,29,1,0.43560755252838135,0.2992646098136902,-0.32314568758010864,0.9999948740005493,0.43111640214920044,0.2941294312477112,-0.2910231053829193,0.9999526739120483,0.4313645660877228,0.2938975691795349,-0.29096338152885437,0.9999574422836304,0.4314706027507782,0.29359617829322815,-0.2909066379070282,0.999935507774353,0.4253109395503998,0.2943134903907776,-0.3323759436607361,0.9999866485595703,0.4215335547924042,0.29423922300338745,-0.3324340879917145,0.999988317489624,0.4176580011844635,0.2941364049911499,-0.3324989676475525,0.9999825954437256,0.4179799258708954,0.2948916554450989,-0.14134007692337036,0.9998807907104492,0.40090903639793396,0.2962610125541687,-0.331368088722229,0.9999855756759644,0.4350268840789795,0.3044740557670593,-0.26653870940208435,0.9999247789382935,0.4275284707546234,0.3043273389339447,-0.32183584570884705,0.9999740123748779,0.45386606454849243,0.3225359618663788,-0.005900338292121887,0.99994957447052,0.3568543791770935,0.33144718408584595,-0.3683362305164337,0.9999969005584717,0.532908022403717,0.32608163356781006,0.06018730625510216,0.9867929220199585,0.3274306654930115,0.37437111139297485,-0.444136381149292,0.9973964691162109,0.5972540378570557,0.3061749041080475,-0.0008652824908494949,0.9913588762283325,0.2964499592781067,0.41332852840423584,-0.4855775833129883,0.9892199635505676,0.6147215366363525,0.2976360023021698,-0.008217310532927513,0.9687985777854919,0.2777659595012665,0.42466044425964355,-0.5145866870880127,0.9724316596984863,0.6128664612770081,0.2952601909637451,-0.03421616926789284,0.9713114500045776,0.2829785943031311,0.4254481792449951,-0.5307701230049133,0.9715352058410645,0.6062875986099243,0.29840579628944397,-0.018816621974110603,0.9745737910270691,0.2899813950061798,0.4232618808746338,-0.4911052882671356,0.9547208547592163,0.40992867946624756,0.4039135277271271,0.11961618065834045,0.9999377727508545,0.3627781867980957,0.4068736433982849,-0.1196872889995575,0.9999598264694214,0.5009918212890625,0.43309149146080017,-0.0661909356713295,0.9540504813194275,0.3695877194404602,0.46055537462234497,-0.08507736027240753,0.9969210624694824,0.6017806529998779,0.4691554605960846,-0.10647638887166977,0.9655448198318481,0.2890465259552002,0.4972567856311798,0.10625208169221878,0.9924301505088806,0.6178964972496033,0.482483446598053,-0.11447809636592865,0.9680161476135254,0.26256826519966125,0.49950021505355835,0.11609503626823425,0.9515171051025391,0.6663520336151123,0.45563316345214844,-0.21407358348369598,0.9805352091789246,0.3130013346672058,0.5204232931137085,-0.015322371385991573,0.9813273549079895
U15_v5,30,1,0.46663257479667664,0.299751341342926,-0.1523858606815338,0.9999986886978149,0.4611946940422058,0.29476869106292725,-0.12022395431995392,0.9999891519546509,0.46078959107398987,0.29460465908050537,-0.1202118843793869,0.9999922513961792,0.4601912498474121,0.2943721413612366,-0.120139941573143,0.999987006187439,0.45709556341171265,0.2945976257324219,-0.16191519796848297,0.9999957084655762,0.4538743793964386,0.2943406105041504,-0.16193313896656036,0.9999967813491821,0.450498104095459,0.29415225982666016,-0.1619490087032318,0.999994158744812,0.4448779821395874,0.29605117440223694,0.009308744221925735,0.9999817609786987,0.43244028091430664,0.2966606616973877,-0.18307195603847504,0.9999964237213135,0.46542108058929443,0.3056151568889618,-0.10629838705062866,0.9999827146530151,0.45977911353111267,0.30532410740852356,-0.16214106976985931,0.9999910593032837,0.47808533906936646,0.327803373336792,0.09921997040510178,0.9999943971633911,0.38924282789230347,0.33099979162216187,-0.24303023517131805,0.999998927116394,0.5593709945678711,0.3415738046169281,0.14150561392307281,0.9882065653800964,0.3359053134918213,0.36921223998069763,-0.31333810091018677,0.9962670207023621,0.6279122829437256,0.3273085951805115,0.05478997901082039,0.9952948689460754,0.26738259196281433,0.3978751003742218,-0.3636793792247772,0.9914276599884033,0.6504161953926086,0.32240960001945496,0.04433854669332504,0.9821186065673828,0.24088932573795319,0.40571334958076477,-0.3930586576461792,0.9798951745033264,0.647115170955658,0.3194025754928589,0.01070613507181406,0.9839756488800049,0.24332112073898315,0.4060955345630646,-0.4181799292564392,0.9803529977798462,0.638832688331604,0.32123321294784546,0.032723888754844666,0.9864795804023743,0.2529586851596832,0.40437737107276917,-0.3761971592903137,0.9729519486427307,0.43248847126960754,0.40785813331604004,0.11880894005298615,0.9999569654464722,0.3862997889518738,0.4086202383041382,-0.11879099905490875,0.9999806880950928,0.5156794786453247,0.43951061367988586,0.06434308737516403,0.9570297598838806,0.3860195279121399,0.4636545777320862,-0.1238403171300888,0.9989042282104492,0.6118181943893433,0.47876501083374023,0.09055440127849579,0.9781780242919922,0.28102225065231323,0.49542272090911865,0.017121197655797005,0.9967811107635498,0.6248389482498169,0.49073827266693115,0.08820821344852448,0.9782651662826538,0.25294777750968933,0.49631428718566895,0.02467271313071251,0.9680224657058716,0.6739403009414673,0.47057950496673584,0.012134713120758533,0.9851061105728149,0.3056820034980774,0.5192291736602783,-0.0934826210141182,0.9916388392448425
U15_v5,31,1,0.4656594395637512,0.29962921142578125,-0.1536252498626709,0.9999988079071045,0.46062761545181274,0.29466432332992554,-0.12022344768047333,0.9999905824661255,0.46039503812789917,0.2945065498352051,-0.12020587921142578,0.9999922513961792,0.4599940776824951,0.2942785620689392,-0.12013304978609085,0.9999887943267822,0.4561365246772766,0.29443758726119995,-0.16123643517494202,0.9999964237213135,0.4528937339782715,0.29418426752090454,-0.16126033663749695,0.9999969005584717,0.4493998885154724,0.29397231340408325,-0.161285862326622,0.999995231628418,0.4455578327178955,0.2958899736404419,0.013060950674116611,0.9999817609786987,0.43155717849731445,0.2962743043899536,-0.1754838228225708,0.9999961853027344,0.46465355157852173,0.3054317533969879,-0.10617276281118393,0.9999842643737793,0.4586660861968994,0.30497419834136963,-0.160919651389122,0.999991774559021,0.4790051579475403,0.3276064991950989,0.1019449383020401,0.9999926090240479,0.3863368034362793,0.33018195629119873,-0.23448514938354492,0.9999988079071045,0.5603646039962769,0.3409157693386078,0.1438886523246765,0.9880117177963257,0.33477094769477844,0.36904919147491455,-0.30236387252807617,0.9968026876449585,0.6279400587081909,0.32744911313056946,0.056356027722358704,0.9946710467338562,0.26721319556236267,0.3981742858886719,-0.3491610586643219,0.9918391108512878,0.6513924598693848,0.3231259882450104,0.04444632679224014,0.9796822667121887,0.24057957530021667,0.40595027804374695,-0.3761080801486969,0.9806817173957825,0.6479288339614868,0.3200297951698303,0.012309569865465164,0.9818910956382751,0.24291758239269257,0.4063798487186432,-0.4026883542537689,0.9810550212860107,0.6392481327056885,0.32162755727767944,0.034732185304164886,0.9844740629196167,0.2526717782020569,0.4046849012374878,-0.3616361916065216,0.9725756645202637,0.4331856369972229,0.4081628918647766,0.1136634573340416,0.9999586343765259,0.38452935218811035,0.408596932888031,-0.11364876478910446,0.9999805688858032,0.5161338448524475,0.43992820382118225,-0.0063950056210160255,0.9539149403572083,0.38475772738456726,0.46349024772644043,-0.10967353731393814,0.9983035326004028,0.6133720278739929,0.4803779125213623,-0.023408018052577972,0.9706946015357971,0.282803475856781,0.4962196946144104,0.025764066725969315,0.9952117800712585,0.624651312828064,0.49313509464263916,-0.029383189976215363,0.9741095900535583,0.2573978900909424,0.49809718132019043,0.03186994418501854,0.9563544988632202,0.675033688545227,0.4712221026420593,-0.11406081169843674,0.9832825064659119,0.30675095319747925,0.5193110704421997,-0.08882352709770203,0.9885680675506592
U15_v5,32,1,0.496955931186676,0.29903629422187805,-0.17283408343791962,0.9999926090240479,0.48996666073799133,0.29462549090385437,-0.1394459754228592,0.9999555349349976,0.48911815881729126,0.2944909334182739,-0.1394655853509903,0.999961256980896,0.4880770444869995,0.2943052351474762,-0.13941939175128937,0.9999473094940186,0.4867206811904907,0.29469865560531616,-0.17417177557945251,0.9999781847000122,0.48374462127685547,0.2946944832801819,-0.17420567572116852,0.9999785423278809,0.4804914593696594,0.294686883687973,-0.17421454191207886,0.9999669790267944,0.4722554683685303,0.29637885093688965,-0.006915131118148565,0.9999039173126221,0.4623014032840729,0.29750803112983704,-0.16679713129997253,0.999970555305481,0.49400198459625244,0.3043997585773468,-0.12553176283836365,0.9999171495437622,0.48939481377601624,0.304948627948761,-0.17174634337425232,0.9999504089355469,0.507150411605835,0.3312534987926483,0.07599210739135742,0.9999874830245972,0.4105468690395355,0.33002978563308716,-0.20718908309936523,0.9999951124191284,0.5805742144584656,0.35461050271987915,0.10704456269741058,0.9864808320999146,0.34004878997802734,0.36216241121292114,-0.2577514946460724,0.9981075525283813,0.6594799160957336,0.3435208201408386,-0.011308764107525349,0.9947488903999329,0.2601519227027893,0.3762384355068207,-0.3169037997722626,0.9963060617446899,0.6807408928871155,0.3409278392791748,-0.031209426000714302,0.9819594025611877,0.2316436618566513,0.37962594628334045,-0.3448403775691986,0.989228367805481,0.6800462007522583,0.3375241160392761,-0.07029367983341217,0.9851776957511902,0.230881467461586,0.37907180190086365,-0.3729435205459595,0.989912211894989,0.6711491346359253,0.3384271264076233,-0.036885734647512436,0.9860621094703674,0.24061737954616547,0.37878337502479553,-0.331574022769928,0.9855123162269592,0.4617675542831421,0.40921568870544434,0.10389027744531631,0.9999436140060425,0.41604083776474,0.409951388835907,-0.10378731042146683,0.9999529123306274,0.5441267490386963,0.44735997915267944,-0.057507943361997604,0.927730917930603,0.39954403042793274,0.46412405371665955,-0.08246118575334549,0.9940505623817444,0.6211504936218262,0.4910416901111603,-0.0892278403043747,0.9453482031822205,0.29258960485458374,0.4955790638923645,0.08460216224193573,0.9836865067481995,0.626101553440094,0.5063884854316711,-0.0958397313952446,0.9492369294166565,0.2575371563434601,0.49556437134742737,0.09405488520860672,0.8767527341842651,0.6822055578231812,0.4866330921649933,-0.19082936644554138,0.9664455056190491,0.30958956480026245,0.5188032388687134,-0.022103646770119667,0.9611594080924988
U15_v5,33,1,0.5216042399406433,0.3047620356082916,-0.16276495158672333,0.9999926090240479,0.5168580412864685,0.30003511905670166,-0.13538795709609985,0.9999637603759766,0.516381561756134,0.29992401599884033,-0.13541707396507263,0.9999657869338989,0.5156437158584595,0.2998073101043701,-0.13542810082435608,0.9999630451202393,0.5125753283500671,0.299789160490036,-0.172207310795784,0.9999728202819824,0.509169340133667,0.2995741665363312,-0.172255739569664,0.9999715089797974,0.5051495432853699,0.29939281940460205,-0.1722416877746582,0.99996018409729,0.5008312463760376,0.30093446373939514,-0.011480208486318588,0.9999126195907593,0.4854605495929718,0.30163687467575073,-0.18007232248783112,0.9999704360961914,0.5186856389045715,0.3098691701889038,-0.11617790907621384,0.9999456405639648,0.5130504965782166,0.3100985884666443,-0.16505487263202667,0.9999582767486572,0.525537371635437,0.33408501744270325,0.08838754147291183,0.9999958276748657,0.43098726868629456,0.3304941654205322,-0.2244075983762741,0.9999940395355225,0.5874704122543335,0.3646547198295593,0.13338343799114227,0.9879693984985352,0.35017478466033936,0.34477341175079346,-0.2791551947593689,0.999146580696106,0.6697397232055664,0.3581862151622772,-0.008601414039731026,0.9980270266532898,0.26554399728775024,0.34892594814300537,-0.3591628968715668,0.9989483952522278,0.6908197402954102,0.3577737808227539,-0.03284160792827606,0.9939045310020447,0.23632603883743286,0.3497321605682373,-0.400767982006073,0.9965744018554688,0.6913284659385681,0.3546432852745056,-0.08391482383012772,0.995236873626709,0.2371215969324112,0.34826937317848206,-0.4287772476673126,0.9969074130058289,0.6838173270225525,0.35478177666664124,-0.039471276104450226,0.9951969981193542,0.24631346762180328,0.34884458780288696,-0.3759731650352478,0.9956334233283997,0.48896682262420654,0.4131145775318146,0.10913417488336563,0.9999326467514038,0.44124820828437805,0.4123040735721588,-0.10909219086170197,0.9999043941497803,0.5654071569442749,0.4555583596229553,0.07840977609157562,0.981745183467865,0.4152640700340271,0.4664550721645355,-0.13215117156505585,0.9989053010940552,0.6306392550468445,0.5000088810920715,0.11227789521217346,0.9875312447547913,0.3008977174758911,0.4924446642398834,0.08286044746637344,0.9948824644088745,0.6353718638420105,0.5134719014167786,0.1104498952627182,0.9506839513778687,0.2763712704181671,0.4897724390029907,0.09997402876615524,0.9171870946884155,0.6831779479980469,0.5001362562179565,0.021017447113990784,0.9859086871147156,0.30699896812438965,0.5189396142959595,0.015366104431450367,0.9872424602508545
U15_v5,34,1,0.5215932130813599,0.30461907386779785,-0.15801291167736053,0.9999924898147583,0.5169013738632202,0.2999085783958435,-0.12987415492534637,0.9999626874923706,0.5164788961410522,0.29980549216270447,-0.12990568578243256,0.9999644756317139,0.5157948732376099,0.2996959388256073,-0.12991474568843842,0.999961256980896,0.5124931335449219,0.29965639114379883,-0.16594742238521576,0.9999727010726929,0.5090575814247131,0.2994447350502014,-0.1659945547580719,0.9999711513519287,0.5049859285354614,0.2992628514766693,-0.16598668694496155,0.9999593496322632,0.5011824369430542,0.30086126923561096,-0.003742707660421729,0.999904990196228,0.4853556156158447,0.30160439014434814,-0.1689874678850174,0.9999701976776123,0.5188159942626953,0.30970218777656555,-0.1108030378818512,0.9999412298202515,0.5129573345184326,0.3099466860294342,-0.15871405601501465,0.9999551773071289,0.5261095762252808,0.33418378233909607,0.09759902209043503,0.999995231628418,0.4305630922317505,0.33057430386543274,-0.21556301414966583,0.9999942779541016,0.5870554447174072,0.3646281063556671,0.14257198572158813,0.98613041639328,0.35018190741539,0.3447512984275818,-0.2718830406665802,0.9991257786750793,0.670117974281311,0.35824406147003174,0.003029221436008811,0.9978430271148682,0.2663610577583313,0.34897297620773315,-0.35213977098464966,0.9989060163497925,0.6908697485923767,0.3577093183994293,-0.02008790150284767,0.9935426712036133,0.23718644678592682,0.34961679577827454,-0.3930346369743347,0.99652099609375,0.6915867328643799,0.3546547293663025,-0.07097455114126205,0.9949339032173157,0.23838837444782257,0.3482111692428589,-0.4209047853946686,0.9968366622924805,0.684246838092804,0.35482361912727356,-0.027629127725958824,0.9948845505714417,0.2478080838918686,0.34876808524131775,-0.36879053711891174,0.9955292344093323,0.48911207914352417,0.4130282998085022,0.11053769290447235,0.9999415874481201,0.44053107500076294,0.41242101788520813,-0.11049296706914902,0.9999163150787354,0.5656806230545044,0.45515358448028564,0.062485840171575546,0.9823351502418518,0.41595181822776794,0.4664768576622009,-0.13060279190540314,0.9989301562309265,0.6335012316703796,0.49990221858024597,0.08337551355361938,0.9880749583244324,0.3014873266220093,0.49194860458374023,0.08509461581707001,0.995147168636322,0.6379656791687012,0.51395583152771,0.08026953041553497,0.9580777883529663,0.27661311626434326,0.4891205430030823,0.10217253863811493,0.9238993525505066,0.6855776906013489,0.5000030994415283,-0.009194483049213886,0.9869846105575562,0.3052677810192108,0.5187504291534424,0.019627632573246956,0.9877979159355164
U15_v5,35,1,0.5459883213043213,0.3067987859249115,-0.2705582082271576,0.9999697208404541,0.5400289297103882,0.30250293016433716,-0.2474374920129776,0.9999102354049683,0.5389677286148071,0.3024209141731262,-0.2474663108587265,0.9998968839645386,0.5376918911933899,0.30225831270217896,-0.24752725660800934,0.9998952150344849,0.5371245741844177,0.3023032248020172,-0.28242823481559753,0.9999068975448608,0.5342695116996765,0.3021225333213806,-0.28247299790382385,0.9998931884765625,0.531114399433136,0.30189675092697144,-0.2824004292488098,0.9998465776443481,0.5219104290008545,0.30336466431617737,-0.11537236720323563,0.9997605681419373,0.5141093730926514,0.3033430576324463,-0.2801175117492676,0.9998925924301147,0.5400843024253845,0.31269705295562744,-0.21865849196910858,0.9998337030410767,0.5356264710426331,0.31242766976356506,-0.26622274518013,0.9998729228973389,0.5454204678535461,0.33849838376045227,0.028633421286940575,0.9999924898147583,0.4607311189174652,0.3283059000968933,-0.30757012963294983,0.999992847442627,0.592255175113678,0.3744358718395233,0.10621673613786697,0.979430079460144,0.36315256357192993,0.325747549533844,-0.37645670771598816,0.9995829463005066,0.6742947101593018,0.37743115425109863,-0.048433516174554825,0.9977779984474182,0.2866268754005432,0.3221094310283661,-0.4680207073688507,0.999323844909668,0.6914823055267334,0.3766583204269409,-0.07298719137907028,0.9935396313667297,0.2585561275482178,0.32128944993019104,-0.5216478705406189,0.9971717000007629,0.6927065253257751,0.3742394745349884,-0.13192866742610931,0.9949276447296143,0.26109129190444946,0.3195083737373352,-0.5410595536231995,0.9973976612091064,0.6862391829490662,0.3746964633464813,-0.08191385865211487,0.9946469664573669,0.2696231007575989,0.3201178312301636,-0.483692467212677,0.9965020418167114,0.506331741809845,0.41606947779655457,0.12480829656124115,0.9999490976333618,0.4688608944416046,0.41564929485321045,-0.12480025738477707,0.9999587535858154,0.5682348012924194,0.45726025104522705,0.25683507323265076,0.9674578905105591,0.444973349571228,0.46983882784843445,-0.20528355240821838,0.9990978240966797,0.6435428261756897,0.503419816493988,0.44914236664772034,0.9852059483528137,0.32370930910110474,0.4905746579170227,-0.031661782413721085,0.9981517195701599,0.6407523155212402,0.5163381695747375,0.4633888900279999,0.9507842659950256,0.30345943570137024,0.4883461594581604,-0.017624881118535995,0.961560845375061,0.6982823610305786,0.5125216841697693,0.3834693431854248,0.9815040826797485,0.3088136911392212,0.5172929763793945,-0.13575983047485352,0.9955562949180603
U15_v5,36,1,0.545687735080719,0.3061797320842743,-0.27098000049591064,0.9999665021896362,0.5397782921791077,0.30197858810424805,-0.24593627452850342,0.9999071359634399,0.5388267040252686,0.30194762349128723,-0.2459651529788971,0.9998949766159058,0.5376476645469666,0.3018396496772766,-0.2460276037454605,0.9998908042907715,0.5366359949111938,0.301729291677475,-0.2811979055404663,0.999903678894043,0.5337296724319458,0.3015592098236084,-0.2812338173389435,0.9998900890350342,0.5304954051971436,0.3013586401939392,-0.2811512053012848,0.9998382329940796,0.5219329595565796,0.3031880259513855,-0.10640162974596024,0.9997618794441223,0.5129287838935852,0.30315911769866943,-0.2721098065376282,0.9998852014541626,0.5404604077339172,0.31222137808799744,-0.21658171713352203,0.9998290538787842,0.5356830358505249,0.31197798252105713,-0.26435452699661255,0.9998687505722046,0.5462803840637207,0.33863306045532227,0.03849770128726959,0.9999926090240479,0.4605448544025421,0.32847386598587036,-0.2976208031177521,0.999991774559021,0.5919645428657532,0.37483084201812744,0.11747569590806961,0.9808551669120789,0.36291518807411194,0.3253645598888397,-0.3694058358669281,0.9994789958000183,0.6740661859512329,0.3769248127937317,-0.03930416703224182,0.9976462721824646,0.28609851002693176,0.32266175746917725,-0.4668453633785248,0.9990519881248474,0.6915004253387451,0.37636861205101013,-0.06542085111141205,0.9931393265724182,0.25802940130233765,0.32183998823165894,-0.5208390951156616,0.9961203336715698,0.6928333044052124,0.37397798895835876,-0.12409066408872604,0.9946174025535583,0.2605174481868744,0.3201305866241455,-0.5416426062583923,0.9964591860771179,0.6861206293106079,0.37435951828956604,-0.07275598496198654,0.9942704439163208,0.26865923404693604,0.3207494020462036,-0.48328521847724915,0.9953595995903015,0.5065892934799194,0.4160899519920349,0.12537728250026703,0.9999500513076782,0.46982628107070923,0.415757954120636,-0.1253441423177719,0.9999659061431885,0.5670512914657593,0.45537281036376953,0.2770211696624756,0.9700349569320679,0.44560566544532776,0.4680177569389343,-0.2171541452407837,0.9990866184234619,0.6408801674842834,0.5019038915634155,0.48750752210617065,0.9869176745414734,0.3270474076271057,0.49058401584625244,-0.05937221273779869,0.9984334111213684,0.6378506422042847,0.5154848098754883,0.5031889081001282,0.9563780426979065,0.30798137187957764,0.4880129098892212,-0.04716384783387184,0.9684269428253174,0.696800947189331,0.5109752416610718,0.42162466049194336,0.9831340312957764,0.3071242570877075,0.5176953673362732,-0.17318397760391235,0.9964309930801392
U15_v5,37,1,0.5726138949394226,0.311063289642334,-0.14839692413806915,0.9999936819076538,0.5683631300926208,0.30645304918289185,-0.12805409729480743,0.999982476234436,0.5677997469902039,0.3063759207725525,-0.12809188663959503,0.9999773502349854,0.5668652653694153,0.3061860203742981,-0.12815703451633453,0.9999805688858032,0.5647480487823486,0.30572986602783203,-0.16143140196800232,0.9999817609786987,0.5618191361427307,0.30524030327796936,-0.16145898401737213,0.9999783039093018,0.5582174062728882,0.3046785295009613,-0.16139066219329834,0.9999732971191406,0.5504668354988098,0.30683788657188416,-0.02051072008907795,0.9999500513076782,0.5406246781349182,0.3062475025653839,-0.17701110243797302,0.9999839067459106,0.5673492550849915,0.31620854139328003,-0.10578364133834839,0.9999681711196899,0.562593936920166,0.31576007604599,-0.15104961395263672,0.9999768733978271,0.5571797490119934,0.34336236119270325,0.10147879272699356,0.9999938011169434,0.4904448986053467,0.32605451345443726,-0.21667273342609406,0.9999964237213135,0.5935616493225098,0.38321807980537415,0.17090950906276703,0.9379667639732361,0.4059240221977234,0.3101404905319214,-0.2901739478111267,0.9998335838317871,0.6674343347549438,0.39037635922431946,0.02970351092517376,0.9946237802505493,0.3329812288284302,0.2969098389148712,-0.3635067343711853,0.9996098875999451,0.6902703642845154,0.3912605345249176,0.012542017735540867,0.9869633316993713,0.3044036030769348,0.2941807210445404,-0.40877342224121094,0.9981136322021484,0.6937456130981445,0.38808393478393555,-0.04415442422032356,0.9898760914802551,0.3040381968021393,0.29333505034446716,-0.42190203070640564,0.9982184767723083,0.6867550611495972,0.38826170563697815,-0.0012942376779392362,0.988548755645752,0.3130563795566559,0.29528093338012695,-0.37546032667160034,0.997638463973999,0.5247071385383606,0.41655969619750977,0.1176643893122673,0.9999514818191528,0.4934996962547302,0.4146950840950012,-0.11771024018526077,0.999953031539917,0.5840187072753906,0.4598403871059418,0.14808785915374756,0.976244330406189,0.46965646743774414,0.47022324800491333,-0.23680253326892853,0.9997217059135437,0.6541345715522766,0.5068691968917847,0.2402099370956421,0.9916915893554688,0.34609872102737427,0.4872986972332001,-0.07624109834432602,0.9987769722938538,0.6462033987045288,0.5174264907836914,0.24393905699253082,0.9602804780006409,0.3271923065185547,0.4820709824562073,-0.0635552778840065,0.9754593372344971,0.70474773645401,0.5150107741355896,0.17169375717639923,0.9883317351341248,0.3183138370513916,0.5065887570381165,-0.14225760102272034,0.9970351457595825
U15_v5,38,1,0.5998553037643433,0.3155941069126129,-0.1309751570224762,0.999996542930603,0.5957245230674744,0.31018179655075073,-0.10729919373989105,0.9999949932098389,0.5945116877555847,0.31008607149124146,-0.10733906179666519,0.9999929666519165,0.5928242802619934,0.3099364638328552,-0.10742707550525665,0.9999936819076538,0.5930889248847961,0.30934619903564453,-0.14667370915412903,0.9999932050704956,0.5900875926017761,0.30869925022125244,-0.14672142267227173,0.9999915361404419,0.5864763259887695,0.3080640733242035,-0.14664433896541595,0.9999898672103882,0.5718645453453064,0.3100243806838989,0.007434656377881765,0.9999821186065674,0.56590735912323,0.3088943362236023,-0.1777718961238861,0.999994158744812,0.5923179984092712,0.3207743763923645,-0.08556076139211655,0.9999792575836182,0.5889886617660522,0.3199804723262787,-0.13943640887737274,0.9999854564666748,0.5607925653457642,0.343007892370224,0.132019504904747,0.9999866485595703,0.5234607458114624,0.3265780210494995,-0.23321911692619324,0.9999961853027344,0.5862219333648682,0.3897501230239868,0.2071080356836319,0.6898810863494873,0.4433248043060303,0.2959367632865906,-0.37301814556121826,0.9995020627975464,0.6633652448654175,0.4016574025154114,0.09939135611057281,0.9529473781585693,0.3805164098739624,0.27236977219581604,-0.47293341159820557,0.9992861151695251,0.684638500213623,0.4028913080692291,0.09753851592540741,0.9177436232566833,0.3583134412765503,0.2669582664966583,-0.5239896178245544,0.9971036314964294,0.6889621615409851,0.40062472224235535,0.04014229774475098,0.9317777752876282,0.36164724826812744,0.26558876037597656,-0.5194841623306274,0.9970158338546753,0.6826925277709961,0.40017151832580566,0.0698312371969223,0.9310258626937866,0.3685227036476135,0.2679766118526459,-0.4781763255596161,0.9960629343986511,0.5436522960662842,0.4169194996356964,0.13201265037059784,0.9999856948852539,0.5154207944869995,0.41392838954925537,-0.13207419216632843,0.9999874830245972,0.6038338541984558,0.4533121585845947,0.1988331377506256,0.95183265209198,0.49994418025016785,0.4735228419303894,-0.2902119755744934,0.9998306035995483,0.661099910736084,0.5049573183059692,0.29861941933631897,0.9923586249351501,0.3744249939918518,0.4855695962905884,-0.1669003963470459,0.9991869330406189,0.6537199020385742,0.5163153409957886,0.3020254373550415,0.9666024446487427,0.3537288308143616,0.47659537196159363,-0.1567593365907669,0.9839203953742981,0.7061329483985901,0.5151326060295105,0.23703618347644806,0.9891906976699829,0.34171804785728455,0.5031651258468628,-0.23035377264022827,0.9979472756385803
U15_v5,39,1,0.5988172888755798,0.3152961730957031,-0.12397394329309464,0.9999972581863403,0.5946406722068787,0.3099581003189087,-0.1005280539393425,0.9999961853027344,0.593392014503479,0.3098629117012024,-0.10056407004594803,0.9999945163726807,0.591672420501709,0.30972594022750854,-0.1006467342376709,0.999995231628418,0.5920619368553162,0.30922722816467285,-0.13928450644016266,0.9999947547912598,0.5890716910362244,0.30863237380981445,-0.1393337994813919,0.9999935626983643,0.585505485534668,0.3080365061759949,-0.13925719261169434,0.9999924898147583,0.5711892247200012,0.31018444895744324,0.013534754514694214,0.9999864101409912,0.5650928616523743,0.3089081346988678,-0.16846351325511932,0.9999955892562866,0.5914207696914673,0.32060158252716064,-0.0786953866481781,0.9999839067459106,0.5882666110992432,0.3198466897010803,-0.1316220462322235,0.9999889135360718,0.5618276596069336,0.3432828187942505,0.13959023356437683,0.9999878406524658,0.5237669944763184,0.3261382579803467,-0.22576947510242462,0.9999969005584717,0.586504340171814,0.3895774781703949,0.21300257742404938,0.6777852773666382,0.4447486996650696,0.2962266206741333,-0.3633306324481964,0.9995213747024536,0.662874698638916,0.4017076790332794,0.10452002286911011,0.9466745257377625,0.38062232732772827,0.27293020486831665,-0.45741894841194153,0.9992251396179199,0.684550940990448,0.40295276045799255,0.10267739742994308,0.9083429574966431,0.35822656750679016,0.2672165036201477,-0.5075123310089111,0.9967735409736633,0.6890580654144287,0.40082496404647827,0.045504458248615265,0.9235457181930542,0.3613223433494568,0.26628929376602173,-0.5035145282745361,0.996672511100769,0.6827304363250732,0.40030571818351746,0.07503359019756317,0.9222491979598999,0.36815327405929565,0.2682136297225952,-0.46269387006759644,0.9956552982330322,0.5431274771690369,0.416865736246109,0.1323830783367157,0.9999854564666748,0.5160190463066101,0.4138111472129822,-0.1324370801448822,0.9999879598617554,0.6017967462539673,0.4526340663433075,0.1887367069721222,0.9482988715171814,0.4998176395893097,0.47355028986930847,-0.29287251830101013,0.9998335838317871,0.6619142293930054,0.5044901967048645,0.2826346755027771,0.9922656416893005,0.37372589111328125,0.4858788251876831,-0.1872590333223343,0.9992853999137878,0.6554923057556152,0.5157328844070435,0.28525131940841675,0.9665839672088623,0.35332903265953064,0.4768916070461273,-0.17909446358680725,0.9855542182922363,0.7071985602378845,0.5121698379516602,0.21948350965976715,0.9893136620521545,0.34071168303489685,0.5029360055923462,-0.2552635669708252,0.9981892704963684
U15_v5,40,1,0.6246404647827148,0.3151502013206482,0.07975918799638748,0.9999998807907104,0.6178953647613525,0.310568630695343,0.1049538180232048,0.9999998807907104,0.6159944534301758,0.310534805059433,0.10493402183055878,0.9999997615814209,0.6137024164199829,0.31049683690071106,0.10486612468957901,0.9999998807907104,0.6163206696510315,0.3101535737514496,0.06762093305587769,0.9999997615814209,0.6136049628257751,0.3097561299800873,0.06757687777280807,0.9999997615814209,0.6104863882064819,0.30929577350616455,0.06760282069444656,0.9999997615814209,0.5942447781562805,0.3121354281902313,0.19776055216789246,0.9999994039535522,0.5914097428321838,0.31050556898117065,0.025067642331123352,0.9999997615814209,0.6166452169418335,0.3202930688858032,0.11560982465744019,0.9999988079071045,0.6153249740600586,0.3197314143180847,0.06497140228748322,0.9999990463256836,0.5806572437286377,0.3436061143875122,0.29510432481765747,0.9999964237213135,0.5559327602386475,0.32495468854904175,-0.07836717367172241,0.9999991655349731,0.5884930491447449,0.3911503255367279,0.37629926204681396,0.5700304508209229,0.50057053565979,0.28695082664489746,-0.20363184809684753,0.9995681643486023,0.6583300828933716,0.4075140655040741,0.2752922773361206,0.9217291474342346,0.45013427734375,0.25522762537002563,-0.24401086568832397,0.9994441866874695,0.67777019739151,0.41022995114326477,0.2839900851249695,0.8816988468170166,0.4332788288593292,0.24639813601970673,-0.28007838129997253,0.9974365830421448,0.6855949759483337,0.40901175141334534,0.2328624725341797,0.8953897953033447,0.4328013062477112,0.24505318701267242,-0.274168998003006,0.9972091317176819,0.6775904893875122,0.40774983167648315,0.24972771108150482,0.8887566924095154,0.4384470283985138,0.24760428071022034,-0.24634674191474915,0.9963350296020508,0.5541223883628845,0.4143752455711365,0.1378595232963562,0.9999954700469971,0.5330169796943665,0.4105887711048126,-0.13806700706481934,0.9999978542327881,0.6222434639930725,0.4500369727611542,0.17968730628490448,0.9409533739089966,0.5326867699623108,0.47304823994636536,-0.34263527393341064,0.9998030066490173,0.6648691892623901,0.5017828345298767,0.24398104846477509,0.9915722608566284,0.40330809354782104,0.48332327604293823,-0.3096161186695099,0.9990334510803223,0.6551122665405273,0.5144719481468201,0.24445676803588867,0.9619877338409424,0.3853173553943634,0.47515636682510376,-0.30712205171585083,0.9837871193885803,0.7066829204559326,0.5129042267799377,0.1842254400253296,0.9896134734153748,0.3720889985561371,0.501404881477356,-0.3765968382358551,0.9980698227882385
U15_v5,41,1,0.6245875954627991,0.3145380914211273,0.06202949956059456,0.9999998807907104,0.6181512475013733,0.30993548035621643,0.08818355202674866,0.9999998807907104,0.616435170173645,0.3099006414413452,0.08814746141433716,0.9999997615814209,0.614271342754364,0.3098335266113281,0.0880793035030365,0.9999997615814209,0.6161784529685974,0.3095695972442627,0.04984916374087334,0.9999997615814209,0.6133009195327759,0.30923545360565186,0.04981087148189545,0.9999996423721313,0.610015332698822,0.3088252544403076,0.049858465790748596,0.9999996423721313,0.5948706865310669,0.3115175664424896,0.1869879961013794,0.9999992847442627,0.59088134765625,0.3101494610309601,0.009872855618596077,0.9999996423721313,0.616641104221344,0.3199748694896698,0.1001490131020546,0.9999983310699463,0.6147638559341431,0.31942877173423767,0.04825171083211899,0.9999985694885254,0.5817810297012329,0.3421070873737335,0.289011687040329,0.9999957084655762,0.5545343160629272,0.3251227140426636,-0.08863112330436707,0.9999988079071045,0.5871404409408569,0.3895456790924072,0.37267470359802246,0.5480737686157227,0.500905454158783,0.28754234313964844,-0.21235691010951996,0.9995937943458557,0.6569427251815796,0.4068256914615631,0.27471503615379333,0.9084502458572388,0.4496258497238159,0.2550569176673889,-0.2559951841831207,0.9994632601737976,0.6759928464889526,0.41039296984672546,0.2817694842815399,0.8615709543228149,0.43282172083854675,0.24629564583301544,-0.2934924364089966,0.9975730776786804,0.6807392239570618,0.408578485250473,0.23084384202957153,0.8768786787986755,0.43253999948501587,0.24501550197601318,-0.2876146733760834,0.9973340034484863,0.6764687299728394,0.4073108732700348,0.24919728934764862,0.8723868131637573,0.4379814863204956,0.2474742978811264,-0.2581522464752197,0.9964158535003662,0.554724931716919,0.41430342197418213,0.13626764714717865,0.999995231628418,0.5307915806770325,0.41155806183815,-0.13644307851791382,0.999997615814209,0.6239420771598816,0.4511684775352478,0.17553143203258514,0.9479315876960754,0.5309876799583435,0.47221991419792175,-0.3515091836452484,0.9998201727867126,0.665664792060852,0.5025308132171631,0.2384168952703476,0.992286205291748,0.4036446809768677,0.482695996761322,-0.3197150230407715,0.9990891218185425,0.6547149419784546,0.5154634118080139,0.23860888183116913,0.9644290804862976,0.3862256407737732,0.474645733833313,-0.3175463378429413,0.9837328791618347,0.7097110748291016,0.5142261385917664,0.1791914701461792,0.9907298684120178,0.3734986186027527,0.4998147487640381,-0.3869808316230774,0.9982420206069946
U15_v5,42,1,0.6520034074783325,0.3200148344039917,0.10040520131587982,0.9999982118606567,0.647741973400116,0.31529828906059265,0.11944155395030975,0.9999969005584717,0.6465160846710205,0.31522876024246216,0.11941640824079514,0.9999954700469971,0.6448253393173218,0.31527000665664673,0.11937172710895538,0.9999972581863403,0.6457235217094421,0.3144627809524536,0.08712306618690491,0.9999951124191284,0.6433030366897583,0.313297301530838,0.08708976209163666,0.9999929666519165,0.6403467655181885,0.31254076957702637,0.08701497316360474,0.9999936819076538,0.6288800835609436,0.3163222074508667,0.19266943633556366,0.9999855756759644,0.6227012276649475,0.3129222095012665,0.04358116537332535,0.9999916553497314,0.641223132610321,0.3233473002910614,0.13027240335941315,0.9999803304672241,0.6396888494491577,0.32256463170051575,0.08618295937776566,0.9999815225601196,0.6033011674880981,0.34178733825683594,0.265898197889328,0.9999886751174927,0.5865039825439453,0.322343647480011,-0.051313553005456924,0.9999971389770508,0.5859109163284302,0.3858310282230377,0.344887912273407,0.28104692697525024,0.5616097450256348,0.28355085849761963,-0.1525358408689499,0.9980725049972534,0.6365537643432617,0.41062647104263306,0.2568332850933075,0.7722865343093872,0.5310775637626648,0.24354293942451477,-0.1379036009311676,0.9988006353378296,0.6595995426177979,0.41481834650039673,0.2643074691295624,0.7452659010887146,0.5218021273612976,0.2314142882823944,-0.16615000367164612,0.9969139099121094,0.6644670963287354,0.4140268564224243,0.22011473774909973,0.763896644115448,0.5237889885902405,0.23008431494235992,-0.16273874044418335,0.9964549541473389,0.6596434116363525,0.41341111063957214,0.2348584085702896,0.7462772130966187,0.5268149375915527,0.23428142070770264,-0.1398516148328781,0.9949789643287659,0.5661526918411255,0.41265591979026794,0.12855832278728485,0.9999891519546509,0.544238805770874,0.40944063663482666,-0.12888354063034058,0.9999948740005493,0.6346169114112854,0.4509504437446594,0.14908045530319214,0.9107323288917542,0.5619799494743347,0.47007980942726135,-0.25908777117729187,0.9992722868919373,0.6679064035415649,0.5056772232055664,0.23655693233013153,0.9874863624572754,0.4361248016357422,0.48249781131744385,-0.1973390132188797,0.9985710382461548,0.6567705273628235,0.5177885293960571,0.23985938727855682,0.9604111909866333,0.41841644048690796,0.4748257100582123,-0.1923813670873642,0.9834815859794617,0.717880129814148,0.5165930390357971,0.1685895025730133,0.9855152368545532,0.3961048126220703,0.5046626329421997,-0.2771044373512268,0.9973025321960449
U15_v5,43,1,0.6854966282844543,0.5013877749443054,-0.119547538459301,0.9933792352676392,0.6812394261360168,0.5085636973381042,-0.12712547183036804,0.9845573902130127,0.6813209652900696,0.5086756944656372,-0.12716981768608093,0.9823723435401917,0.6817425489425659,0.5087592601776123,-0.12723569571971893,0.9830013513565063,0.6821416020393372,0.5083485245704651,-0.12820878624916077,0.9899191856384277,0.6828500628471375,0.5083394646644592,-0.12822090089321136,0.9873389005661011,0.6837224364280701,0.5083541870117188,-0.12839725613594055,0.9855806231498718,0.6773852109909058,0.5062084794044495,-0.1022324487566948,0.9851197600364685,0.6778621077537537,0.5059667229652405,-0.10899297893047333,0.9782631993293762,0.665574312210083,0.49897515773773193,-0.10441749542951584,0.9925932288169861,0.669223964214325,0.5001523494720459,-0.10622469335794449,0.9860429763793945,0.6044450402259827,0.4828067421913147,-0.06186751648783684,0.9993181228637695,0.6589885950088501,0.4760950207710266,-0.11031173914670944,0.9998303651809692,0.5363878011703491,0.46517413854599,-0.02372661978006363,0.3609214723110199,0.5972567200660706,0.4605546295642853,-0.23592032492160797,0.6562350392341614,0.46415066719055176,0.4826579689979553,-0.07248476892709732,0.47294700145721436,0.5403580665588379,0.4642490744590759,-0.4189079999923706,0.5269613265991211,0.4474777579307556,0.48258644342422485,-0.08924750238656998,0.4773968756198883,0.5271594524383545,0.46224722266197205,-0.456488698720932,0.5377176403999329,0.4494464099407196,0.48399513959884644,-0.12357201427221298,0.5040056705474854,0.5258297920227051,0.46690428256988525,-0.46661272644996643,0.5242740511894226,0.4538467228412628,0.48355087637901306,-0.08833516389131546,0.4853561222553253,0.52935791015625,0.468036949634552,-0.42893391847610474,0.4482432007789612,0.554378867149353,0.39917922019958496,-0.030624208971858025,0.9997356534004211,0.5909920334815979,0.3852595090866089,0.030579693615436554,0.9999097585678101,0.5656447410583496,0.4075934588909149,-0.32191285490989685,0.7830308675765991,0.621624767780304,0.31350231170654297,0.08858051896095276,0.957278311252594,0.5968161821365356,0.4395633935928345,-0.2870408892631531,0.3681107461452484,0.61552494764328,0.24011237919330597,0.11410018056631088,0.9202216267585754,0.5968661308288574,0.443965345621109,-0.282155305147171,0.445454478263855,0.6115057468414307,0.23116549849510193,0.11132034659385681,0.8155532479286194,0.6276946663856506,0.4548885226249695,-0.31011733412742615,0.598758339881897,0.6202730536460876,0.21500493586063385,0.022991536185145378,0.9026319980621338
U15_v5,44,0,,,,,,,,,,,,,,,,,,,,,,,,,,,,,,,,,,,,,,,,,,,,,,,,,,,,,,,,,,,,,,,,,,,,,,,,,,,,,,,,,,,,,,,,,,,,,,,,,,,,,,,,,,,,,,,,,,,,,,,,,,,,,,,,,,,,
U15_v5,45,1,0.6837611198425293,0.49318358302116394,-0.018325088545680046,0.9993566870689392,0.682318389415741,0.5004850029945374,-0.0552075132727623,0.9990419745445251,0.6772155165672302,0.5010516047477722,-0.05517466738820076,0.9987817406654358,0.6763919591903687,0.5012312531471252,-0.0552089549601078,0.9989688396453857,0.6845051050186157,0.5005065202713013,-0.01117580384016037,0.9987051486968994,0.6850406527519226,0.5007503628730774,-0.01105593517422676,0.9976629018783569,0.6828340291976929,0.5011693835258484,-0.011167081072926521,0.9977970123291016,0.670109748840332,0.5002021193504333,-0.13516397774219513,0.9989032745361328,0.6790180206298828,0.5025060772895813,0.06462686508893967,0.9979300498962402,0.6756170392036438,0.4898976981639862,-0.04053007438778877,0.9996063113212585,0.6778998970985413,0.48957833647727966,0.01698553003370762,0.9992421865463257,0.6320672631263733,0.4739569127559662,-0.2332592010498047,0.9999791383743286,0.6489431858062744,0.46931371092796326,0.15647616982460022,0.9999920129776001,0.5877461433410645,0.4462934732437134,-0.5108920335769653,0.7777623534202576,0.6316429972648621,0.44256389141082764,0.26294395327568054,0.10539265722036362,0.6271015405654907,0.434966117143631,-0.7995952367782593,0.8865806460380554,0.6359378695487976,0.42804449796676636,0.28913992643356323,0.11673738062381744,0.6272347569465637,0.4320656955242157,-0.859272837638855,0.8839139938354492,0.6399393081665039,0.42850461602211,0.31014102697372437,0.15552319586277008,0.639797568321228,0.4346802830696106,-0.8341752886772156,0.8652172088623047,0.6436473727226257,0.4284062385559082,0.2688864469528198,0.15316921472549438,0.6213325262069702,0.4395222067832947,-0.7938888669013977,0.8066138029098511,0.6421160697937012,0.42852354049682617,0.27213671803474426,0.1486489176750183,0.5652586817741394,0.3928806185722351,-0.0975029319524765,0.9998841285705566,0.5882769823074341,0.3751595616340637,0.09730661660432816,0.9999850988388062,0.6138408184051514,0.45885440707206726,-0.08213332295417786,0.6005904674530029,0.6580889821052551,0.31536513566970825,0.16687209904193878,0.9931026697158813,0.6418358087539673,0.4933996796607971,0.03901354596018791,0.31751999258995056,0.6986798644065857,0.24793526530265808,0.15744784474372864,0.9838340878486633,0.6037396192550659,0.48900046944618225,0.054323215037584305,0.4428789019584656,0.6972644925117493,0.23859557509422302,0.15377378463745117,0.9619834423065186,0.6049048900604248,0.5155494213104248,0.06132470816373825,0.48128825426101685,0.7356247901916504,0.2191130369901657,0.09033326059579849,0.9726547002792358
U15_v5,46,1,0.682945191860199,0.49489742517471313,-0.030740313231945038,0.9989414811134338,0.6777164936065674,0.502971887588501,-0.06157590448856354,0.9982854723930359,0.676872730255127,0.5031765699386597,-0.06157457455992699,0.9977900981903076,0.6763738989830017,0.5032106637954712,-0.061614036560058594,0.9981133937835693,0.6844193935394287,0.5025559067726135,-0.022000756114721298,0.9977796673774719,0.6851476430892944,0.5028358101844788,-0.021892303600907326,0.9960511326789856,0.6860710382461548,0.5028941035270691,-0.0220266692340374,0.9963153004646301,0.6736180186271667,0.5038330554962158,-0.11650139093399048,0.9979962110519409,0.6812342405319214,0.5039739012718201,0.06310150772333145,0.9960566759109497,0.6767350435256958,0.4937821924686432,-0.04393746331334114,0.9992868304252625,0.6789358854293823,0.49355795979499817,0.0077555519528687,0.9986226558685303,0.6239385604858398,0.4754643440246582,-0.20240849256515503,0.9999608993530273,0.654865562915802,0.4684988260269165,0.15346688032150269,0.9999879598617554,0.6157483458518982,0.4518560767173767,-0.4478400647640228,0.7033860087394714,0.6454577445983887,0.4378160536289215,0.2073112577199936,0.07428821176290512,0.6285505294799805,0.43429747223854065,-0.7080446481704712,0.7994188070297241,0.6425246000289917,0.42757129669189453,0.16367566585540771,0.0869678184390068,0.6275463104248047,0.431265652179718,-0.7625728845596313,0.8011353611946106,0.6461814045906067,0.4232484996318817,0.17268159985542297,0.1211603581905365,0.6374136805534363,0.4294419288635254,-0.7406154274940491,0.7727635502815247,0.6542403101921082,0.42603543400764465,0.1316237598657608,0.11847241222858429,0.6382277011871338,0.433603972196579,-0.7031055092811584,0.7172077894210815,0.6524339318275452,0.4267784059047699,0.144865944981575,0.11613316833972931,0.5699876546859741,0.3929436206817627,-0.09011185169219971,0.9998225569725037,0.5931880474090576,0.374522864818573,0.08991345018148422,0.99997878074646,0.6158859729766846,0.4589165449142456,-0.07372964918613434,0.6027184128761292,0.6564037203788757,0.3141498565673828,0.15815439820289612,0.9924814701080322,0.5906577110290527,0.4874546229839325,0.04198577255010605,0.27945610880851746,0.7006944417953491,0.24659870564937592,0.15171286463737488,0.9826326370239258,0.5905765295028687,0.48557400703430176,0.05627111718058586,0.3853975236415863,0.7004557251930237,0.23747818171977997,0.14897491037845612,0.9593526124954224,0.592595100402832,0.5127099752426147,0.0661112442612648,0.41713058948516846,0.7354916930198669,0.2186499834060669,0.08949699252843857,0.9709151387214661
U15_v5,47,1,0.6464197039604187,0.461732417345047,-0.22546859085559845,0.9928614497184753,0.6565656065940857,0.46096310019493103,-0.2051408737897873,0.9930794835090637,0.6566543579101562,0.4602736234664917,-0.20492573082447052,0.9882119297981262,0.6567555069923401,0.4595105051994324,-0.20482125878334045,0.9908353090286255,0.6572709083557129,0.4608108401298523,-0.24972911179065704,0.9965296387672424,0.658105194568634,0.45999011397361755,-0.24979382753372192,0.9964548349380493,0.6588633060455322,0.45916548371315,-0.2500409185886383,0.9967302083969116,0.6550001502037048,0.45151442289352417,-0.0887269452214241,0.9877105355262756,0.657589852809906,0.45097482204437256,-0.2962082624435425,0.9956654906272888,0.6361318230628967,0.4570791721343994,-0.1772860884666443,0.9923457503318787,0.637204647064209,0.456895112991333,-0.23654000461101532,0.9947742819786072,0.6169161200523376,0.4335399270057678,0.0606624111533165,0.9869803786277771,0.6268472075462341,0.4377335011959076,-0.3637191355228424,0.9957077503204346,0.6203159689903259,0.4564979076385498,0.18235667049884796,0.08749949187040329,0.647702693939209,0.46669769287109375,-0.48336222767829895,0.8881432414054871,0.58940589427948,0.4762650728225708,0.11787261813879013,0.1427823007106781,0.655198872089386,0.4990885257720947,-0.5125404596328735,0.842128336429596,0.5938632488250732,0.47909897565841675,0.11486990749835968,0.136195108294487,0.6288808584213257,0.502034604549408,-0.5553597211837769,0.7423190474510193,0.5923517346382141,0.4832603931427002,0.07048811763525009,0.14055049419403076,0.666762113571167,0.5072076916694641,-0.5476158857345581,0.7160883545875549,0.5890935063362122,0.4836488366127014,0.09443819522857666,0.15291841328144073,0.6619762182235718,0.5024852156639099,-0.5082708597183228,0.6595452427864075,0.6088301539421082,0.36091238260269165,0.11907070130109787,0.9996494054794312,0.6014432311058044,0.37621596455574036,-0.11932355910539627,0.9977236390113831,0.675864040851593,0.31732377409935,0.194478377699852,0.9645028114318848,0.6376227736473083,0.45288771390914917,-0.051536042243242264,0.7045484185218811,0.7647970914840698,0.27464383840560913,0.3868240714073181,0.9847654104232788,0.6288242936134338,0.4991188943386078,0.08762939274311066,0.8961429595947266,0.7804306745529175,0.2704610228538513,0.40197381377220154,0.9885608553886414,0.6240111589431763,0.5061109066009521,0.09519799053668976,0.906988799571991,0.7981092929840088,0.2560040354728699,0.30072271823883057,0.9647894501686096,0.655083417892456,0.5240365862846375,-0.025017503648996353,0.9040549397468567
U15_v5,48,0,,,,,,,,,,,,,,,,,,,,,,,,,,,,,,,,,,,,,,,,,,,,,,,,,,,,,,,,,,,,,,,,,,,,,,,,,,,,,,,,,,,,,,,,,,,,,,,,,,,,,,,,,,,,,,,,,,,,,,,,,,,,,,,,,,,,
U15_v5,49,0,,,,,,,,,,,,,,,,,,,,,,,,,,,,,,,,,,,,,,,,,,,,,,,,,,,,,,,,,,,,,,,,,,,,,,,,,,,,,,,,,,,,,,,,,,,,,,,,,,,,,,,,,,,,,,,,,,,,,,,,,,,,,,,,,,,,
U15_v5,50,0,,,,,,,,,,,,,,,,,,,,,,,,,,,,,,,,,,,,,,,,,,,,,,,,,,,,,,,,,,,,,,,,,,,,,,,,,,,,,,,,,,,,,,,,,,,,,,,,,,,,,,,,,,,,,,,,,,,,,,,,,,,,,,,,,,,,
U15_v5,51,1,0.6910048127174377,0.35098305344581604,0.3196520209312439,0.9786149263381958,0.693737268447876,0.34833768010139465,0.3207553029060364,0.9711685180664062,0.6932677030563354,0.3465607762336731,0.32075226306915283,0.9758065938949585,0.687861442565918,0.34642162919044495,0.3207494020462036,0.978331983089447,0.6979444622993469,0.34620121121406555,0.28383588790893555,0.9693368077278137,0.6983093619346619,0.34564468264579773,0.28388112783432007,0.9752033948898315,0.6984918713569641,0.34491655230522156,0.2837926149368286,0.968059778213501,0.6765468716621399,0.3419642746448517,0.3155643045902252,0.9774871468544006,0.6905913949012756,0.34155750274658203,0.148031085729599,0.9832977056503296,0.6765322685241699,0.3540247082710266,0.32406866550445557,0.9519614577293396,0.6828623414039612,0.35077202320098877,0.2745404839515686,0.9405487179756165,0.591801643371582,0.35511985421180725,0.34539273381233215,0.9998144507408142,0.6804690957069397,0.33399564027786255,-0.016422607004642487,0.9999744892120361,0.5965086817741394,0.37550708651542664,0.37009820342063904,0.7807850241661072,0.7663164734840393,0.3221313953399658,-0.1301344335079193,0.9990752935409546,0.6235547065734863,0.4043080508708954,0.41363540291786194,0.43975383043289185,0.8656037449836731,0.3250303864479065,-0.11733206361532211,0.9939936995506287,0.6225541830062866,0.4087347090244293,0.43521419167518616,0.3118663430213928,0.8892187476158142,0.32516801357269287,-0.15084025263786316,0.9846832156181335,0.6260867714881897,0.40905115008354187,0.42675918340682983,0.29533499479293823,0.8926620483398438,0.32443684339523315,-0.10519567877054214,0.9827584624290466,0.627427875995636,0.40734559297561646,0.41136834025382996,0.2988802492618561,0.8808773756027222,0.3249208629131317,-0.09802943468093872,0.9649628400802612,0.5978257656097412,0.4053201973438263,0.12295875698328018,0.9999886751174927,0.6441789269447327,0.39773404598236084,-0.12345261871814728,0.999955415725708,0.6551176905632019,0.4538852274417877,0.18613865971565247,0.8171641826629639,0.6996982097625732,0.4340673089027405,-0.09389570355415344,0.9938410520553589,0.6667696237564087,0.5068360567092896,0.13591450452804565,0.9807859063148499,0.6140493154525757,0.4733039140701294,-0.0984053984284401,0.9959021210670471,0.6541538238525391,0.5194787979125977,0.1264849752187729,0.981860876083374,0.5904259085655212,0.4732781648635864,-0.0969398245215416,0.989629328250885,0.7151081562042236,0.5168798565864563,0.08206667751073837,0.9786509275436401,0.6149569749832153,0.49914976954460144,-0.11146103590726852,0.9942323565483093
U15_v5,52,1,0.728837251663208,0.34421849250793457,0.5501113533973694,0.9907597303390503,0.7299342155456543,0.3412023186683655,0.549272358417511,0.9870982766151428,0.7274954915046692,0.34075728058815,0.5493282079696655,0.9864424467086792,0.7236135005950928,0.33970093727111816,0.5493041276931763,0.9913888573646545,0.735115110874176,0.34110891819000244,0.5281883478164673,0.9885397553443909,0.7364979386329651,0.34069496393203735,0.5281674265861511,0.9883226752281189,0.7376383543014526,0.34016138315200806,0.5280106663703918,0.9907116293907166,0.7130391597747803,0.33708640933036804,0.49803513288497925,0.9836924076080322,0.733313798904419,0.3383548855781555,0.40257203578948975,0.9841018319129944,0.7176638841629028,0.3440561294555664,0.5323620438575745,0.9509753584861755,0.724538266658783,0.34418582916259766,0.5037066340446472,0.9476000666618347,0.6522219181060791,0.3387839198112488,0.4692261815071106,0.9994910955429077,0.7342134118080139,0.33922624588012695,0.21496489644050598,0.999983549118042,0.6181637644767761,0.36847591400146484,0.5236359238624573,0.09981393814086914,0.8130640387535095,0.3476220965385437,0.1895158737897873,0.9986170530319214,0.6172494292259216,0.39399638772010803,0.5253991484642029,0.11197412759065628,0.8857738375663757,0.35661426186561584,0.3249295949935913,0.988084614276886,0.6123940944671631,0.4003254473209381,0.5368008017539978,0.11973585933446884,0.9051014184951782,0.3621053993701935,0.32444652915000916,0.9848991632461548,0.6208523511886597,0.4004736840724945,0.5272586941719055,0.12043343484401703,0.9064126014709473,0.3615909814834595,0.34287187457084656,0.9809480905532837,0.6232028603553772,0.3982517123222351,0.5205634832382202,0.12588338553905487,0.8990288972854614,0.3594178855419159,0.33705052733421326,0.9640321731567383,0.5870211124420166,0.3932465612888336,0.10120241343975067,0.999975323677063,0.6318656802177429,0.3919160068035126,-0.10168050229549408,0.9999823570251465,0.6378063559532166,0.4459484815597534,0.08227633684873581,0.6966758966445923,0.7299965023994446,0.4323778748512268,-0.13499332964420319,0.9932835102081299,0.6649829149246216,0.5014508962631226,0.03198720142245293,0.7708157300949097,0.6522667407989502,0.4747600853443146,-0.14565344154834747,0.9557140469551086,0.6530494689941406,0.5114799737930298,0.022895926609635353,0.892072856426239,0.6303328275680542,0.4762742519378662,-0.14638586342334747,0.9380852580070496,0.6851277351379395,0.5138830542564392,-0.006327429320663214,0.7905986905097961,0.6481151580810547,0.5013629794120789,-0.15798461437225342,0.9376627802848816
U15_v5,53,1,0.7281683087348938,0.3435198664665222,0.5473182201385498,0.9916906356811523,0.7292590737342834,0.340620219707489,0.5460842847824097,0.9888148903846741,0.7268511056900024,0.3402230143547058,0.5461425185203552,0.9882025122642517,0.7231298685073853,0.33926472067832947,0.5461155772209167,0.9925332069396973,0.7344516515731812,0.34053337574005127,0.5245987176895142,0.9899806380271912,0.7358494400978088,0.34017109870910645,0.5245768427848816,0.9897240400314331,0.7370308041572571,0.3397071957588196,0.5244206786155701,0.9917450547218323,0.7131686806678772,0.33640849590301514,0.49431803822517395,0.9858010411262512,0.7328289747238159,0.33816292881965637,0.39697960019111633,0.9864189028739929,0.7170976996421814,0.3435285985469818,0.5296758413314819,0.9571936726570129,0.7238607406616211,0.34357166290283203,0.5004640221595764,0.9534543752670288,0.6516541242599487,0.3390670120716095,0.4689086675643921,0.99952232837677,0.7338922619819641,0.339507520198822,0.20772555470466614,0.999984622001648,0.6159603595733643,0.3692418932914734,0.5295393466949463,0.09942863881587982,0.8124567270278931,0.34765803813934326,0.18270738422870636,0.9987070560455322,0.6170424222946167,0.39476609230041504,0.5350154042243958,0.11043886840343475,0.8853304386138916,0.35676950216293335,0.31748875975608826,0.9891480803489685,0.6127833127975464,0.4010668396949768,0.5479059815406799,0.11947719752788544,0.9032098054885864,0.3631260097026825,0.3162666857242584,0.9860416054725647,0.621285617351532,0.4012394845485687,0.5368416905403137,0.1206178143620491,0.9058917760848999,0.36152705550193787,0.33493614196777344,0.9823485016822815,0.6234332919120789,0.39905160665512085,0.5297734141349792,0.1284559667110443,0.8984534740447998,0.3593367338180542,0.3297065794467926,0.9662156701087952,0.5870068073272705,0.3935258090496063,0.10311532765626907,0.9999778270721436,0.6316387057304382,0.392255038022995,-0.10358107089996338,0.9999834299087524,0.6366452574729919,0.4462645351886749,0.08891597390174866,0.7162377834320068,0.7289016842842102,0.43252116441726685,-0.12923187017440796,0.9934084415435791,0.664375364780426,0.5016635656356812,0.04372095316648483,0.778858482837677,0.6528115272521973,0.4745940864086151,-0.1347753405570984,0.9584569931030273,0.652540922164917,0.5117725729942322,0.03545846790075302,0.9037342667579651,0.6333857178688049,0.47716525197029114,-0.13496606051921844,0.9440146088600159,0.6846689581871033,0.5136571526527405,0.00901018362492323,0.7807414531707764,0.6501443982124329,0.5013574361801147,-0.1451176255941391,0.9361165761947632
U15_v5,54,1,0.7255473732948303,0.3407103419303894,0.5484142899513245,0.9988825917243958,0.7224379181861877,0.33799824118614197,0.5426730513572693,0.9987334609031677,0.7192305326461792,0.3378809690475464,0.5426770448684692,0.9989125728607178,0.714297890663147,0.33680999279022217,0.5426250696182251,0.9989011287689209,0.729965090751648,0.33856481313705444,0.5291476845741272,0.998489260673523,0.7315150499343872,0.33829739689826965,0.5291531085968018,0.9987164735794067,0.7329840660095215,0.338013231754303,0.5290351510047913,0.9986629486083984,0.7085366249084473,0.33588075637817383,0.47286567091941833,0.998437225818634,0.732271134853363,0.33797916769981384,0.41102781891822815,0.9985647797584534,0.7140731811523438,0.34356462955474854,0.5232704877853394,0.993285059928894,0.7222191691398621,0.34324997663497925,0.5047408938407898,0.9932884573936462,0.654291570186615,0.34048977494239807,0.42126303911209106,0.9998247027397156,0.7405824661254883,0.346160352230072,0.21481142938137054,0.9999874830245972,0.6077473759651184,0.36401450634002686,0.4033663868904114,0.46836498379707336,0.808435320854187,0.36768296360969543,0.15980865061283112,0.9987682700157166,0.607359766960144,0.39018505811691284,0.36049607396125793,0.2630826234817505,0.878460168838501,0.38844889402389526,0.21521292626857758,0.9728382229804993,0.6038278341293335,0.39715585112571716,0.3595542311668396,0.21498455107212067,0.8918241858482361,0.39597585797309875,0.2072676122188568,0.9464341998100281,0.6092587113380432,0.39808985590934753,0.357168585062027,0.21319805085659027,0.8928426504135132,0.3950020968914032,0.22713562846183777,0.9426335096359253,0.6115140318870544,0.39483577013015747,0.35696399211883545,0.2127297967672348,0.885887861251831,0.3939237594604492,0.22526052594184875,0.9118415117263794,0.5971468687057495,0.3922809660434723,0.0842788815498352,0.9999812841415405,0.6477651000022888,0.3882989287376404,-0.08476468175649643,0.9999808073043823,0.6372514367103577,0.44421568512916565,0.11029108613729477,0.7308670282363892,0.7532919049263,0.42195749282836914,-0.07620483636856079,0.9934658408164978,0.6596567630767822,0.49544668197631836,0.05650946497917175,0.9105567932128906,0.6899797916412354,0.47082245349884033,-0.0763644203543663,0.9807636737823486,0.6517634987831116,0.5056225061416626,0.0481928251683712,0.9387412667274475,0.6715368628501892,0.4747258722782135,-0.0766369104385376,0.9554221034049988,0.6941512823104858,0.509115993976593,0.02179143577814102,0.882831335067749,0.7052539587020874,0.4911521077156067,-0.08260557800531387,0.9503991603851318
U15_v5,55,1,0.7228239178657532,0.33997637033462524,0.5586010217666626,0.9986168146133423,0.7207503914833069,0.336044043302536,0.5532333850860596,0.9983262419700623,0.7173253893852234,0.33611223101615906,0.5532417893409729,0.9984980821609497,0.7142130732536316,0.3358973562717438,0.5531922578811646,0.9985328912734985,0.7283702492713928,0.3364262282848358,0.5398712158203125,0.9981458187103271,0.7301179766654968,0.3362637758255005,0.5398656129837036,0.9984221458435059,0.7317214012145996,0.3360974192619324,0.5397290587425232,0.9983757734298706,0.7068352103233337,0.3351936638355255,0.48253944516181946,0.9978106617927551,0.7311092019081116,0.33669808506965637,0.4213173985481262,0.99819415807724,0.7135718464851379,0.3409767746925354,0.5326892137527466,0.9908415079116821,0.7226415276527405,0.34182849526405334,0.5143554210662842,0.9914531707763672,0.6569758653640747,0.34290939569473267,0.43109267950057983,0.9997730851173401,0.7415196895599365,0.3441537022590637,0.2215844690799713,0.9999861717224121,0.6146709322929382,0.36740642786026,0.40983307361602783,0.3588937222957611,0.8131103515625,0.3678871989250183,0.16253051161766052,0.9984734654426575,0.6059410572052002,0.3951215445995331,0.3591557443141937,0.2801532447338104,0.8795697689056396,0.3885330259799957,0.22071269154548645,0.9746227264404297,0.6003802418708801,0.40236037969589233,0.35907843708992004,0.23911599814891815,0.8932067155838013,0.39602574706077576,0.21392512321472168,0.9535073637962341,0.6048724055290222,0.403302401304245,0.3574625849723816,0.234894797205925,0.892654538154602,0.3962327241897583,0.23454253375530243,0.9480405449867249,0.6078654527664185,0.3999475836753845,0.3555395305156708,0.23056095838546753,0.8872366547584534,0.39408546686172485,0.23095105588436127,0.917486846446991,0.5980798602104187,0.3933625817298889,0.08432171493768692,0.9999901056289673,0.6453030705451965,0.38785821199417114,-0.08490550518035889,0.9999902248382568,0.6380559206008911,0.4440164864063263,0.10577651858329773,0.6704405546188354,0.753812313079834,0.4212974011898041,-0.09173224121332169,0.9909234642982483,0.6641693115234375,0.4988361895084381,0.04203308746218681,0.8898608684539795,0.687893271446228,0.47139444947242737,-0.09262264519929886,0.9725061058998108,0.6567840576171875,0.5010201334953308,0.03237517923116684,0.9316136240959167,0.6708841323852539,0.4737904667854309,-0.09353528916835785,0.9434414505958557,0.6973797082901001,0.5087393522262573,-0.0012695754412561655,0.87508624792099,0.7047596573829651,0.4901035726070404,-0.10955577343702316,0.9372105598449707
U15_v5,56,1,0.7453305721282959,0.34589335322380066,0.5657464861869812,0.9987396597862244,0.745425820350647,0.34208622574806213,0.5678421258926392,0.9990803003311157,0.7402629852294922,0.34182608127593994,0.567818284034729,0.9991346001625061,0.7372623085975647,0.34110718965530396,0.5677257776260376,0.9991915822029114,0.7514575123786926,0.34223639965057373,0.5458939075469971,0.9990333318710327,0.7531642317771912,0.3417215049266815,0.5458436012268066,0.9990088939666748,0.7549567818641663,0.3409961462020874,0.5456098914146423,0.9989342093467712,0.7280340194702148,0.3382185101509094,0.5197436213493347,0.9986146688461304,0.7546166181564331,0.33972257375717163,0.4201383888721466,0.9986806511878967,0.7348772883415222,0.3475714325904846,0.5464730858802795,0.9956679344177246,0.7432082891464233,0.34738415479660034,0.5168565511703491,0.995621383190155,0.6709312796592712,0.34329134225845337,0.48563337326049805,0.9995332956314087,0.7624163627624512,0.348210871219635,0.19821050763130188,0.9999881982803345,0.6099299788475037,0.3665293753147125,0.45737960934638977,0.13783100247383118,0.8143711090087891,0.3827346861362457,0.08101121336221695,0.9986783862113953,0.5868977308273315,0.39728862047195435,0.37466442584991455,0.5466687083244324,0.8611367344856262,0.415586918592453,0.08548460900783539,0.9902046918869019,0.575812041759491,0.4045007824897766,0.37855932116508484,0.5420385003089905,0.8656522035598755,0.42691749334335327,0.06895182281732559,0.9790490865707397,0.5802516937255859,0.4051084518432617,0.3676120340824127,0.5321385860443115,0.8629696369171143,0.4279624819755554,0.10269612818956375,0.9769052267074585,0.5853718519210815,0.4030753970146179,0.36735865473747253,0.5154560804367065,0.8605589866638184,0.4244638681411743,0.10067863762378693,0.962942361831665,0.6085754036903381,0.3867207467556,0.11349832266569138,0.9999961853027344,0.663896918296814,0.38340356945991516,-0.11417606472969055,0.9999957084655762,0.6419640779495239,0.44930410385131836,0.1526249796152115,0.7496104836463928,0.7742832899093628,0.41560420393943787,-0.06671968847513199,0.9964932799339294,0.6606531739234924,0.506176769733429,0.16307657957077026,0.9367891550064087,0.728258490562439,0.4714905619621277,-0.0501767098903656,0.9937501549720764,0.6467154026031494,0.5190972089767456,0.15992110967636108,0.9478343725204468,0.7087876796722412,0.4785226285457611,-0.05190524086356163,0.9837175607681274,0.7094982862472534,0.5169398188591003,0.11986129730939865,0.9331779479980469,0.7740753889083862,0.49197864532470703,-0.102420374751091,0.9733269810676575
U15_v5,57,1,0.7443128228187561,0.34341350197792053,0.5292491316795349,0.9981459379196167,0.7412475347518921,0.34124019742012024,0.5297715067863464,0.9986684322357178,0.7372941970825195,0.3401857018470764,0.5297352075576782,0.9987536668777466,0.7344240546226501,0.3394647240638733,0.5296456217765808,0.9987911581993103,0.7479936480522156,0.3410729467868805,0.5104609727859497,0.9985948204994202,0.7498965263366699,0.3405516445636749,0.5104274749755859,0.9986041188240051,0.753545880317688,0.3386744260787964,0.5101947784423828,0.9984569549560547,0.7259789705276489,0.33907896280288696,0.4817279279232025,0.9977704286575317,0.7576226592063904,0.33806896209716797,0.39400333166122437,0.9979914426803589,0.7333191633224487,0.34577006101608276,0.5104501843452454,0.9934123158454895,0.7405486702919006,0.34600672125816345,0.4843762218952179,0.9935537576675415,0.6717653870582581,0.3448118567466736,0.45350155234336853,0.9994093179702759,0.762593150138855,0.34984952211380005,0.1776585429906845,0.9999841451644897,0.6093165278434753,0.36738625168800354,0.4235500991344452,0.15635477006435394,0.817245364189148,0.3847205340862274,0.06456596404314041,0.9986838698387146,0.5879137516021729,0.39711353182792664,0.34427815675735474,0.5241610407829285,0.8609970808029175,0.4174012243747711,0.06430841982364655,0.9880868196487427,0.5767398476600647,0.4046110212802887,0.3476213216781616,0.517340898513794,0.866365373134613,0.42782026529312134,0.04574716091156006,0.9740618467330933,0.5812845230102539,0.40473368763923645,0.33692482113838196,0.5072202086448669,0.8639194965362549,0.4284875988960266,0.0763549730181694,0.9718453884124756,0.5864309072494507,0.402662068605423,0.33729541301727295,0.4923677444458008,0.8610104322433472,0.425001859664917,0.07785439491271973,0.956610918045044,0.6117927432060242,0.3875903785228729,0.10991895198822021,0.9999963045120239,0.6664798259735107,0.3842276930809021,-0.11062102019786835,0.9999961853027344,0.6440219879150391,0.44773679971694946,0.16552181541919708,0.7056006789207458,0.7722378373146057,0.41486334800720215,-0.054579462856054306,0.9963712692260742,0.6601830720901489,0.5073314905166626,0.17940345406532288,0.9286512732505798,0.7283432483673096,0.47123605012893677,-0.03305843099951744,0.9948782920837402,0.6488944292068481,0.5181655287742615,0.17646029591560364,0.9363148808479309,0.7094103097915649,0.4779873192310333,-0.03439183160662651,0.9855421781539917,0.7078576683998108,0.5167042016983032,0.1372366100549698,0.9246522784233093,0.7683241367340088,0.4933706521987915,-0.08567377924919128,0.977667510509491
U15_v5,58,1,0.7463599443435669,0.3505900800228119,0.552036464214325,0.9964974522590637,0.7442287802696228,0.3472106456756592,0.5524097084999084,0.9965474009513855,0.7418397665023804,0.3466227948665619,0.5523651242256165,0.997134804725647,0.7394530177116394,0.34576404094696045,0.552297830581665,0.9965657591819763,0.7533628940582275,0.3474362790584564,0.5344998240470886,0.996562659740448,0.7557805776596069,0.347415030002594,0.5345523953437805,0.9967643022537231,0.758278489112854,0.3471662700176239,0.5343644022941589,0.9958536624908447,0.7325837016105652,0.34270402789115906,0.4921085834503174,0.9953022003173828,0.7603482604026794,0.34635257720947266,0.41280171275138855,0.9961410164833069,0.7367613911628723,0.35167819261550903,0.5283073782920837,0.9889841675758362,0.7470943331718445,0.3522410988807678,0.5047532320022583,0.9911223649978638,0.676051676273346,0.34486761689186096,0.4279097616672516,0.999517560005188,0.766574501991272,0.3505047559738159,0.20166373252868652,0.999983549118042,0.6053973436355591,0.3611041307449341,0.3736117482185364,0.30725353956222534,0.8018272519111633,0.3906411826610565,0.08975645154714584,0.998257577419281,0.576758861541748,0.3909975290298462,0.297834575176239,0.5655877590179443,0.8318495154380798,0.4344804883003235,0.10921531170606613,0.9843371510505676,0.5653373599052429,0.3985014259815216,0.2982199192047119,0.5578555464744568,0.8260273933410645,0.44520771503448486,0.09477553516626358,0.9643124341964722,0.572536051273346,0.3993785083293915,0.2921820282936096,0.5292823314666748,0.8268247246742249,0.4452487528324127,0.1280178427696228,0.9605314135551453,0.5764415264129639,0.39694106578826904,0.29213857650756836,0.5286737680435181,0.8266826272010803,0.44266659021377563,0.12438724935054779,0.9465879201889038,0.6299610137939453,0.38792747259140015,0.0929432287812233,0.9999958276748657,0.6841727495193481,0.3835362493991852,-0.09359009563922882,0.9999935626983643,0.6503422260284424,0.4483679234981537,0.1430779993534088,0.9175822734832764,0.7918676733970642,0.4097149968147278,-0.07262628525495529,0.9972397089004517,0.6623911261558533,0.5052151083946228,0.14195877313613892,0.965176522731781,0.7635743021965027,0.4688427746295929,-0.04841246455907822,0.9919102787971497,0.6507695317268372,0.5168882012367249,0.13692432641983032,0.959816038608551,0.7457294464111328,0.47683101892471313,-0.0500875785946846,0.9834666848182678,0.7058258652687073,0.5155382752418518,0.09417861700057983,0.9395981431007385,0.8041218519210815,0.48443591594696045,-0.09869292378425598,0.9624922275543213
U15_v5,59,1,0.7629897594451904,0.3443692922592163,0.643364667892456,0.949025571346283,0.7613248825073242,0.34138891100883484,0.6385697722434998,0.964309811592102,0.7587538957595825,0.34064629673957825,0.6385218501091003,0.9683709144592285,0.7560217380523682,0.339677631855011,0.6384753584861755,0.9630423188209534,0.7697445154190063,0.342413991689682,0.6287344694137573,0.9574082493782043,0.773017168045044,0.3414422273635864,0.6287803053855896,0.9561614394187927,0.7752237915992737,0.341105580329895,0.6286211013793945,0.9438397288322449,0.7499563694000244,0.33737483620643616,0.5507398247718811,0.9734166860580444,0.7775846719741821,0.3413616418838501,0.5087674856185913,0.9653653502464294,0.7530995011329651,0.345007985830307,0.6089762449264526,0.9521580934524536,0.7632394433021545,0.34713253378868103,0.5963937640190125,0.9529666304588318,0.6886476278305054,0.34234318137168884,0.45415249466896057,0.9994656443595886,0.7847533822059631,0.347899854183197,0.3165021538734436,0.9999222755432129,0.6135423183441162,0.3512744605541229,0.39030778408050537,0.5056285858154297,0.7759577631950378,0.38203632831573486,0.25936469435691833,0.7957414984703064,0.5666275024414062,0.3758682906627655,0.3770638406276703,0.647433876991272,0.7487898468971252,0.40782445669174194,0.34431418776512146,0.3227922320365906,0.5527271032333374,0.38102275133132935,0.3829162120819092,0.6218657493591309,0.7472530603408813,0.4142233729362488,0.3505162298679352,0.25013017654418945,0.5548714399337769,0.38278958201408386,0.38712069392204285,0.5949023365974426,0.7410084009170532,0.4134344160556793,0.3771444261074066,0.23011493682861328,0.5602573752403259,0.3821101784706116,0.3767026662826538,0.5394980311393738,0.7399764060974121,0.410239040851593,0.35713663697242737,0.2327827662229538,0.6480105519294739,0.38587090373039246,0.08094474673271179,0.9999973773956299,0.7123767733573914,0.3864402174949646,-0.08161423355340958,0.9999938011169434,0.6569983959197998,0.44288814067840576,0.06347736716270447,0.9790882468223572,0.8102668523788452,0.40756791830062866,-0.12489345669746399,0.9985778331756592,0.6671391129493713,0.5048573017120361,-0.03666006028652191,0.9887409806251526,0.7967967987060547,0.4663870930671692,-0.19474118947982788,0.9940366744995117,0.6594427227973938,0.5157866477966309,-0.054691560566425323,0.9880474805831909,0.7792270183563232,0.4763476848602295,-0.20767566561698914,0.9891633987426758,0.7017430067062378,0.5186918377876282,-0.10569201409816742,0.9567685723304749,0.8394531607627869,0.48312264680862427,-0.25113171339035034,0.9640396237373352
U15_v5,60,1,0.7680711150169373,0.3461988866329193,0.6191080212593079,0.9794448018074036,0.7692634463310242,0.3426160216331482,0.6170684099197388,0.9866738319396973,0.7668847441673279,0.3418443500995636,0.6170209646224976,0.9880924224853516,0.7633699178695679,0.3404652774333954,0.6169837713241577,0.985978901386261,0.775999128818512,0.34354040026664734,0.6052737236022949,0.9838460683822632,0.7779408693313599,0.34332960844039917,0.6053037047386169,0.9830831289291382,0.7799288034439087,0.3430265188217163,0.6051608920097351,0.9786529541015625,0.7541512250900269,0.3380138576030731,0.5402050018310547,0.9896998405456543,0.7807546854019165,0.34235548973083496,0.4893825352191925,0.9873464703559875,0.7602078318595886,0.34763872623443604,0.5886587500572205,0.980199933052063,0.7686764597892761,0.347662091255188,0.573506772518158,0.980880081653595,0.689907968044281,0.3418947160243988,0.45217952132225037,0.9996432065963745,0.7850399613380432,0.3497069478034973,0.30247825384140015,0.9999457597732544,0.613905131816864,0.351441890001297,0.3897480368614197,0.5476294755935669,0.770441472530365,0.38341325521469116,0.2626485228538513,0.7750157117843628,0.5674577355384827,0.37540730834007263,0.3734135925769806,0.6679937243461609,0.7443627119064331,0.40848422050476074,0.37753090262413025,0.27391552925109863,0.5525784492492676,0.3810213804244995,0.3786206543445587,0.635776698589325,0.742643415927887,0.4148463308811188,0.38703039288520813,0.20172707736492157,0.5558532476425171,0.3824208080768585,0.38302451372146606,0.6101590394973755,0.7364632487297058,0.41435888409614563,0.4121606945991516,0.18571966886520386,0.5616841316223145,0.38185858726501465,0.37283405661582947,0.5486361384391785,0.7355169057846069,0.4111652970314026,0.390639990568161,0.1958545744419098,0.6473873257637024,0.3856591582298279,0.08485051989555359,0.9999984502792358,0.7074959874153137,0.3836851716041565,-0.08545862883329391,0.9999959468841553,0.6583564281463623,0.4436529278755188,0.07731182128190994,0.9819869995117188,0.8132966756820679,0.40809664130210876,-0.11929934471845627,0.9988211989402771,0.6661178469657898,0.5049230456352234,-0.005329058971256018,0.9915319085121155,0.7977874875068665,0.46726423501968384,-0.17112237215042114,0.9957324862480164,0.6567699909210205,0.515513002872467,-0.02145843394100666,0.9900522828102112,0.7804914116859436,0.47754189372062683,-0.18196049332618713,0.9906619191169739,0.703312337398529,0.519619345664978,-0.07068733125925064,0.9673239588737488,0.8410331606864929,0.48465853929519653,-0.22332070767879486,0.9731523394584656
U15_v5,61,1,0.7954373955726624,0.3523491621017456,0.4810400605201721,0.9920998215675354,0.7968516945838928,0.3498581647872925,0.4745439887046814,0.9955072402954102,0.7954064011573792,0.3493814170360565,0.47445589303970337,0.9955880641937256,0.7941448092460632,0.3487344980239868,0.47440239787101746,0.995256245136261,0.8006874322891235,0.34992384910583496,0.4662792682647705,0.9957064986228943,0.8014299869537354,0.34944748878479004,0.46638739109039307,0.9955000281333923,0.8022196292877197,0.3488459289073944,0.4663343131542206,0.9949900507926941,0.7842609882354736,0.3438225984573364,0.3961482346057892,0.9971573352813721,0.7998508214950562,0.346554160118103,0.3619135320186615,0.9951377511024475,0.7889996767044067,0.3526281714439392,0.45176658034324646,0.9906983971595764,0.7921721935272217,0.352647989988327,0.4410647749900818,0.989816427230835,0.712132453918457,0.34431764483451843,0.3173358738422394,0.9991834759712219,0.7961729764938354,0.35535675287246704,0.20488491654396057,0.999911904335022,0.6404395699501038,0.3469230532646179,0.24702715873718262,0.8048582673072815,0.7838425636291504,0.3953475058078766,0.1010647714138031,0.8893566131591797,0.5679197311401367,0.3595837354660034,0.19329527020454407,0.8301229476928711,0.7742953300476074,0.44528499245643616,0.09031704813241959,0.8375017046928406,0.5477472543716431,0.3638252317905426,0.18632416427135468,0.7828566431999207,0.7755780220031738,0.44856831431388855,0.07914625108242035,0.7986220121383667,0.5468395948410034,0.36470282077789307,0.19153937697410583,0.7638062238693237,0.7723745703697205,0.45228061079978943,0.10558831691741943,0.7738420367240906,0.5534012913703918,0.36425158381462097,0.19337157905101776,0.7064677476882935,0.7735322713851929,0.4502103924751282,0.10121592879295349,0.7258956432342529,0.6711719036102295,0.3881216049194336,0.07175172120332718,0.9999895095825195,0.7305490970611572,0.38397660851478577,-0.07220065593719482,0.999976396560669,0.6667314767837524,0.4471382796764374,0.014529775828123093,0.9896165132522583,0.8288279175758362,0.4052501320838928,-0.10232705622911453,0.9981397390365601,0.6705527305603027,0.5063395500183105,-0.050303567200899124,0.9828066825866699,0.8380817770957947,0.46717923879623413,-0.14514419436454773,0.9909214377403259,0.6580185294151306,0.5160717368125916,-0.0598338320851326,0.9846067428588867,0.8267763257026672,0.47868943214416504,-0.1516193151473999,0.9860270023345947,0.7009478211402893,0.5176553726196289,-0.11877414584159851,0.9375790357589722,0.8867454528808594,0.47730132937431335,-0.1914656013250351,0.9469330310821533
U15_v5,62,1,0.7960763573646545,0.35294103622436523,0.4705302119255066,0.9954211115837097,0.7963788509368896,0.3502863347530365,0.4638901352882385,0.9976387023925781,0.7947332859039307,0.34977707266807556,0.463794469833374,0.9975786805152893,0.7932115197181702,0.3491038680076599,0.46375104784965515,0.9974802136421204,0.8008217811584473,0.35048535466194153,0.4551102817058563,0.9977186918258667,0.8018208146095276,0.35012394189834595,0.4552176892757416,0.9975144863128662,0.8027756214141846,0.34966179728507996,0.4551636576652527,0.9973617196083069,0.7834742069244385,0.3443501889705658,0.38496828079223633,0.9984815716743469,0.8001408576965332,0.3476503789424896,0.3485989272594452,0.9973958730697632,0.7883806824684143,0.3529464602470398,0.44109034538269043,0.9944975972175598,0.7922888398170471,0.3531314730644226,0.4297538697719574,0.9937196969985962,0.7106332182884216,0.34385958313941956,0.31157106161117554,0.9992339611053467,0.7964129447937012,0.3571788966655731,0.189729243516922,0.9999322891235352,0.6368750333786011,0.3461928069591522,0.23888473212718964,0.878807783126831,0.7846095561981201,0.39673861861228943,0.0794205591082573,0.9283013343811035,0.5675461292266846,0.3596332371234894,0.1764521598815918,0.8893091678619385,0.775815486907959,0.44666653871536255,0.05592242255806923,0.8934193253517151,0.5452927947044373,0.36357855796813965,0.1681019365787506,0.8433717489242554,0.7742294669151306,0.4494469165802002,0.04267612844705582,0.8589409589767456,0.5450425148010254,0.3648499846458435,0.17346052825450897,0.8306149244308472,0.772691011428833,0.4516284465789795,0.0687277540564537,0.8420423865318298,0.5521360039710999,0.3647266924381256,0.1763155311346054,0.7819510102272034,0.7719122767448425,0.45098769664764404,0.06647764146327972,0.7991874814033508,0.6704055666923523,0.3875386118888855,0.07648174464702606,0.9999910593032837,0.7310783863067627,0.3843611478805542,-0.07690394669771194,0.9999799728393555,0.6660610437393188,0.44632184505462646,0.025885935872793198,0.9872772097587585,0.8304439783096313,0.4063842296600342,-0.09152492880821228,0.9977374076843262,0.6711976528167725,0.5048586130142212,-0.021851124241948128,0.9794263243675232,0.8370659351348877,0.4672723114490509,-0.12247543781995773,0.9887334108352661,0.6564033627510071,0.5152011513710022,-0.02920135110616684,0.9814316034317017,0.8274034857749939,0.4788321554660797,-0.1274716854095459,0.9828943610191345,0.7018203139305115,0.5169168710708618,-0.08571265637874603,0.9345436692237854,0.8933481574058533,0.4772125482559204,-0.16504570841789246,0.9427048563957214
U15_v5,63,1,0.7728304266929626,0.35085606575012207,0.579110860824585,0.938610315322876,0.7726284861564636,0.34876948595046997,0.5632132291793823,0.9150683283805847,0.7707145810127258,0.3483665883541107,0.5631639957427979,0.9300089478492737,0.7688676118850708,0.3476985991001129,0.5631876587867737,0.9266278147697449,0.7797641158103943,0.3495478630065918,0.5584408044815063,0.9228858947753906,0.7812334895133972,0.3493419885635376,0.5585805773735046,0.9182997941970825,0.7845863103866577,0.3492674231529236,0.5584839582443237,0.8955224752426147,0.7605127692222595,0.3446959853172302,0.4483248293399811,0.9291470646858215,0.7855396270751953,0.34826183319091797,0.43128418922424316,0.8303723931312561,0.7680649161338806,0.3510562479496002,0.5388750433921814,0.8137758374214172,0.7760469317436218,0.35155200958251953,0.5331842303276062,0.774182140827179,0.704074501991272,0.34211111068725586,0.3069005608558655,0.9969191551208496,0.7982602119445801,0.34761619567871094,0.3071921467781067,0.996590256690979,0.6312625408172607,0.33850857615470886,0.24261002242565155,0.9718985557556152,0.7923623919487,0.3810509145259857,0.29323387145996094,0.09843818843364716,0.5711789131164551,0.3441513180732727,0.24020163714885712,0.9143245816230774,0.7625260949134827,0.4092516601085663,0.3648938238620758,0.21475942432880402,0.5480999946594238,0.3434843122959137,0.23160488903522491,0.8574822545051575,0.7611321806907654,0.41357216238975525,0.3755102753639221,0.20497295260429382,0.551729679107666,0.3470728397369385,0.251162052154541,0.8370094895362854,0.7487720251083374,0.4165368676185608,0.38989558815956116,0.19972975552082062,0.5610296726226807,0.3480663597583771,0.24702075123786926,0.7802613973617554,0.7477440237998962,0.41441789269447327,0.3737836480140686,0.17015968263149261,0.7097960710525513,0.38727545738220215,0.0339021161198616,0.9999864101409912,0.7715972661972046,0.38869336247444153,-0.034661948680877686,0.9999586343765259,0.6757840514183044,0.44428083300590515,-0.001683534705080092,0.9882225394248962,0.8422056436538696,0.4069860875606537,0.0023597783874720335,0.9828240871429443,0.671289324760437,0.5048446655273438,-0.14787930250167847,0.965286910533905,0.8584887385368347,0.46520763635635376,-0.13387930393218994,0.9652324318885803,0.6687881946563721,0.5166979432106018,-0.16332554817199707,0.9817354083061218,0.8483238816261292,0.4773250222206116,-0.14917050302028656,0.9725895524024963,0.6745191216468811,0.5215321183204651,-0.18982943892478943,0.8766334652900696,0.9030027389526367,0.46976786851882935,-0.16317732632160187,0.9228182435035706
U15_v5,64,1,0.7878543138504028,0.3491477072238922,0.4937439560890198,0.7415814399719238,0.788740336894989,0.34574007987976074,0.4757901728153229,0.6872239708900452,0.786483645439148,0.3452341556549072,0.4756909906864166,0.6883207559585571,0.7841377258300781,0.34474340081214905,0.4756809175014496,0.7145432829856873,0.7948356866836548,0.34667137265205383,0.47030267119407654,0.7481522560119629,0.7969948053359985,0.3467642664909363,0.47043249011039734,0.7037396430969238,0.7992814779281616,0.34689053893089294,0.47031325101852417,0.7169995903968811,0.7785476446151733,0.34333956241607666,0.3660525679588318,0.6963074803352356,0.7994162440299988,0.34752702713012695,0.3454349935054779,0.4924502372741699,0.7829166054725647,0.349054753780365,0.45782148838043213,0.5423840880393982,0.7885303497314453,0.3496239185333252,0.4509570598602295,0.5373418927192688,0.7177419662475586,0.33879348635673523,0.22948817908763885,0.9842666983604431,0.8139473795890808,0.3559644818305969,0.2265293300151825,0.9888026118278503,0.6414431929588318,0.3294271230697632,0.14853176474571228,0.9956333041191101,0.7997236251831055,0.3779349625110626,0.1761024296283722,0.030221348628401756,0.5773456692695618,0.3271902799606323,0.14393824338912964,0.8464335799217224,0.7540742754936218,0.39948830008506775,0.16864867508411407,0.01806849054992199,0.5536264777183533,0.32732242345809937,0.12407609075307846,0.6739223599433899,0.7448092699050903,0.402414470911026,0.16028952598571777,0.018179362639784813,0.5565380454063416,0.32708486914634705,0.14420263469219208,0.6173980236053467,0.733136773109436,0.4047304689884186,0.17170952260494232,0.01738729514181614,0.5670223236083984,0.3277839422225952,0.14882390201091766,0.5554078221321106,0.7366180419921875,0.4029669761657715,0.17255650460720062,0.016487108543515205,0.7135118842124939,0.3885236978530884,0.04705643653869629,0.9998490810394287,0.7848268151283264,0.38807836174964905,-0.0475325733423233,0.9996987581253052,0.6830809712409973,0.4440898001194,-0.04151313751935959,0.984306812286377,0.8618535399436951,0.4092903435230255,-0.07248031347990036,0.9823296666145325,0.6721600294113159,0.5037495493888855,-0.08967545628547668,0.9524340033531189,0.8914298415184021,0.4659292697906494,-0.1286861151456833,0.9364908337593079,0.6660360097885132,0.5137085914611816,-0.0942159965634346,0.9386573433876038,0.8822808265686035,0.476360023021698,-0.13607603311538696,0.8776324987411499,0.6839269399642944,0.512935996055603,-0.14545583724975586,0.8202139735221863,0.9384182691574097,0.4667697250843048,-0.18146763741970062,0.8620622754096985
U15_v5,65,1,0.777185320854187,0.3449854850769043,0.5101385712623596,0.622154712677002,0.7734877467155457,0.34101492166519165,0.4879365861415863,0.5784955620765686,0.7709921002388,0.3408258855342865,0.48781755566596985,0.5925859808921814,0.7660762667655945,0.34022292494773865,0.4877881109714508,0.6187312006950378,0.7813425660133362,0.341613233089447,0.48532286286354065,0.6058639287948608,0.7831366658210754,0.3417176604270935,0.4854602515697479,0.5564123392105103,0.7846781015396118,0.34170034527778625,0.48534005880355835,0.5483567714691162,0.7628556489944458,0.33960580825805664,0.3604249656200409,0.5986565351486206,0.7887502312660217,0.34205740690231323,0.353336364030838,0.29897621273994446,0.7693554162979126,0.3430195450782776,0.467606782913208,0.40668806433677673,0.776441216468811,0.3434549570083618,0.4647609293460846,0.3496374785900116,0.7128194570541382,0.33807864785194397,0.21722973883152008,0.9826636910438538,0.8142340779304504,0.3519337773323059,0.22949890792369843,0.9828438758850098,0.635597825050354,0.32887208461761475,0.1321578025817871,0.9972174167633057,0.8041694164276123,0.3731193244457245,0.1755826324224472,0.029059195891022682,0.5713160634040833,0.3315069079399109,0.1258881837129593,0.8538888096809387,0.7516193389892578,0.39011189341545105,0.15191736817359924,0.017921272665262222,0.5532101988792419,0.3276589810848236,0.10854992270469666,0.6526983976364136,0.7412547469139099,0.3920742869377136,0.1479441225528717,0.017836779356002808,0.5578522086143494,0.32759982347488403,0.13153626024723053,0.5971463322639465,0.7271127104759216,0.3935040533542633,0.16149474680423737,0.01791997067630291,0.5687288641929626,0.3294185996055603,0.1322837620973587,0.5395219922065735,0.7306711673736572,0.391989141702652,0.15651190280914307,0.017648795619606972,0.7205578088760376,0.38621804118156433,0.04312145709991455,0.9997875094413757,0.7861503958702087,0.388627827167511,-0.0436331108212471,0.9995306730270386,0.6834312677383423,0.44433271884918213,-0.03760790824890137,0.9866698384284973,0.8621823191642761,0.409267783164978,-0.07027602195739746,0.9737586975097656,0.6712369918823242,0.5048829913139343,-0.09763333201408386,0.9648799896240234,0.8908424377441406,0.465556800365448,-0.12794369459152222,0.934742271900177,0.6642877459526062,0.513890266418457,-0.10382525622844696,0.9515816569328308,0.880920946598053,0.4762341380119324,-0.1350087821483612,0.8757585287094116,0.6851209998130798,0.5128703713417053,-0.1488281637430191,0.8278661370277405,0.9369945526123047,0.4677605926990509,-0.17348924279212952,0.8383678197860718
U15_v5,66,1,0.840181291103363,0.36250582337379456,0.46067988872528076,0.9968352913856506,0.8401349782943726,0.3607722818851471,0.4490455985069275,0.9975805282592773,0.8391250371932983,0.360533744096756,0.4490252733230591,0.9968547821044922,0.8381868004798889,0.3601778745651245,0.44904670119285583,0.9974974989891052,0.8443690538406372,0.3617671728134155,0.4456561803817749,0.9983944296836853,0.8444113731384277,0.3616488575935364,0.44574663043022156,0.9976352453231812,0.8444947004318237,0.36148640513420105,0.44570255279541016,0.9984793066978455,0.8286107778549194,0.35593974590301514,0.3595321774482727,0.9981204867362976,0.8406956791877747,0.3601483106613159,0.3473438322544098,0.9979851245880127,0.8319953680038452,0.3614937663078308,0.4310416281223297,0.996940016746521,0.8335222005844116,0.3616802990436554,0.4266341030597687,0.9973065853118896,0.7615584135055542,0.34342634677886963,0.256548136472702,0.9979307651519775,0.8307041525840759,0.3650532066822052,0.23246712982654572,0.999810516834259,0.6932635307312012,0.3270236849784851,0.18920312821865082,0.993911623954773,0.7589495182037354,0.37355828285217285,0.20964184403419495,0.3170967102050781,0.6210771799087524,0.3169463574886322,0.16228438913822174,0.9777201414108276,0.6905925869941711,0.3945510983467102,0.24499790370464325,0.7890447974205017,0.5991097092628479,0.3146594762802124,0.15006911754608154,0.9507010579109192,0.6814315319061279,0.3956587016582489,0.2371475249528885,0.7123335599899292,0.5975891351699829,0.3149212896823883,0.1559988111257553,0.9340359568595886,0.6701992154121399,0.39811578392982483,0.25176122784614563,0.681892454624176,0.6044691801071167,0.3162383437156677,0.1613309681415558,0.903785765171051,0.6719973087310791,0.39794662594795227,0.2496253252029419,0.5885912179946899,0.734422504901886,0.38676828145980835,0.054043691605329514,0.9999936819076538,0.7863141894340515,0.3911797106266022,-0.05416443198919296,0.9999744892120361,0.6964656114578247,0.4426669776439667,-0.05049869790673256,0.9816632270812988,0.8718755841255188,0.40738072991371155,-0.1206103265285492,0.9981858134269714,0.6763637065887451,0.5046567916870117,-0.050459399819374084,0.9752650856971741,0.9190410375595093,0.46494436264038086,-0.16328468918800354,0.9971298575401306,0.6671394109725952,0.5096909403800964,-0.05006806552410126,0.9748011231422424,0.9167808294296265,0.47706589102745056,-0.17010246217250824,0.9850504398345947,0.6900614500045776,0.5149374604225159,-0.12141788005828857,0.9526840448379517,0.9679265022277832,0.4650883078575134,-0.25776469707489014,0.9943259358406067
U15_v5,67,1,0.8346275091171265,0.36058759689331055,0.3744513988494873,0.9977005124092102,0.839017391204834,0.3600708842277527,0.3646104037761688,0.9984278678894043,0.8382048010826111,0.35982000827789307,0.36463698744773865,0.9981456995010376,0.8335611820220947,0.3583677411079407,0.3646576404571533,0.9982927441596985,0.8403123021125793,0.36023566126823425,0.3621692657470703,0.9990164041519165,0.8402073979377747,0.36012914776802063,0.3621247112751007,0.9987824559211731,0.8400870561599731,0.3599229156970978,0.36203569173812866,0.9992971420288086,0.827918291091919,0.3551768362522125,0.29355403780937195,0.9987201690673828,0.8358789086341858,0.35886937379837036,0.2840496599674225,0.999285876750946,0.8318848013877869,0.36085331439971924,0.3514140546321869,0.998137354850769,0.832690954208374,0.361072838306427,0.34794312715530396,0.9987244009971619,0.7831978797912598,0.34935832023620605,0.20661695301532745,0.9954370856285095,0.8183417320251465,0.3580297827720642,0.20066191256046295,0.9998807907104492,0.7015824317932129,0.3284133970737457,0.15797457098960876,0.9524641633033752,0.7320426106452942,0.3500362038612366,0.22550030052661896,0.561595618724823,0.6248244047164917,0.31764042377471924,0.15816280245780945,0.9409298896789551,0.6486008763313293,0.35198354721069336,0.3011469841003418,0.8313504457473755,0.603778600692749,0.3151678442955017,0.14835144579410553,0.9147773385047913,0.6375745534896851,0.3472597897052765,0.2995479106903076,0.7534492015838623,0.6026132106781006,0.3142763376235962,0.15633107721805573,0.8822430968284607,0.6286393404006958,0.348654568195343,0.30390504002571106,0.7468500137329102,0.6090637445449829,0.31657204031944275,0.15877677500247955,0.8311185836791992,0.6319518089294434,0.35099488496780396,0.30227404832839966,0.6961522102355957,0.7479416131973267,0.3896932899951935,0.0546664297580719,0.9999686479568481,0.7757859230041504,0.389969140291214,-0.054846566170454025,0.9999659061431885,0.717556357383728,0.4450492262840271,-0.04829457029700279,0.9678234457969666,0.8354414105415344,0.41226574778556824,-0.1713310033082962,0.998713493347168,0.6766485571861267,0.5029065608978271,-0.06212673708796501,0.9815079569816589,0.9005666375160217,0.4662928283214569,-0.23574107885360718,0.9981876015663147,0.6694082617759705,0.5101035833358765,-0.06440623849630356,0.9830487966537476,0.9036678075790405,0.4790951609611511,-0.2452721893787384,0.9926639795303345,0.6939767599105835,0.5158452987670898,-0.1309630572795868,0.961794912815094,0.9570890665054321,0.4659164249897003,-0.33942022919654846,0.9969152212142944
U15_v5,68,1,0.8404690027236938,0.35969024896621704,0.5071839690208435,0.8983715176582336,0.8417789936065674,0.3592163324356079,0.49609506130218506,0.9302069544792175,0.8406496644020081,0.3591509759426117,0.4960910975933075,0.9293588995933533,0.8395858407020569,0.35887354612350464,0.49601829051971436,0.9282919764518738,0.8486072421073914,0.36023303866386414,0.49060487747192383,0.9479358196258545,0.8493993282318115,0.36018165946006775,0.4906281530857086,0.9430503249168396,0.8502340316772461,0.35998407006263733,0.49043893814086914,0.9561323523521423,0.8251122832298279,0.35665133595466614,0.39957815408706665,0.8830556869506836,0.8470585942268372,0.3587842285633087,0.3737945258617401,0.896999180316925,0.8350772857666016,0.3595360219478607,0.4734995663166046,0.858404815196991,0.8388376832008362,0.3585711717605591,0.46487438678741455,0.9237407445907593,0.7649472951889038,0.34633249044418335,0.22884631156921387,0.9696080684661865,0.8401116132736206,0.3553617000579834,0.2885156571865082,0.9990397095680237,0.6821639537811279,0.3354707360267639,0.16899250447750092,0.8956854343414307,0.7784943580627441,0.33055973052978516,0.3031410574913025,0.3221695125102997,0.6616687774658203,0.3080369234085083,0.17047680914402008,0.5593769550323486,0.6748982071876526,0.30896270275115967,0.33995458483695984,0.56717449426651,0.6403985619544983,0.30351701378822327,0.15706266462802887,0.46907851099967957,0.6878940463066101,0.30646252632141113,0.34336212277412415,0.5384461283683777,0.6405874490737915,0.30283576250076294,0.167953759431839,0.432449072599411,0.6463194489479065,0.30324023962020874,0.35097265243530273,0.5433692932128906,0.6479445695877075,0.30546459555625916,0.17325448989868164,0.42684227228164673,0.6576335430145264,0.30706608295440674,0.3432026505470276,0.5057232975959778,0.74027019739151,0.38695913553237915,0.04433467239141464,0.9999332427978516,0.8045321702957153,0.38570261001586914,-0.0447109155356884,0.9999661445617676,0.7107242941856384,0.43852078914642334,-0.06345473229885101,0.9561167359352112,0.8951689004898071,0.4139588177204132,-0.2191849648952484,0.9909884333610535,0.6744944453239441,0.503166675567627,-0.11516472697257996,0.9395498037338257,0.9413564205169678,0.46498000621795654,-0.31135502457618713,0.9852306246757507,0.6622536778450012,0.5127519369125366,-0.11881028860807419,0.9359097480773926,0.9325686693191528,0.4764476418495178,-0.32100024819374084,0.9684835076332092,0.6814287900924683,0.5146420001983643,-0.18203231692314148,0.8137388825416565,0.9933733940124512,0.4629184901714325,-0.40836235880851746,0.9483671188354492
U15_v5,69,1,0.8486295342445374,0.365561306476593,0.39416781067848206,0.9802652597427368,0.8500390648841858,0.36345458030700684,0.3933408558368683,0.9801382422447205,0.8490192294120789,0.36333104968070984,0.3933272361755371,0.9814764857292175,0.842868447303772,0.3628027141094208,0.3932723104953766,0.9819116592407227,0.853243350982666,0.3633469343185425,0.3877388536930084,0.9871742725372314,0.8540470600128174,0.3630860447883606,0.38778460025787354,0.9871565103530884,0.8544597029685974,0.3626321256160736,0.38757845759391785,0.9883829951286316,0.8386462926864624,0.360944539308548,0.3537484109401703,0.975461483001709,0.8506868481636047,0.36149340867996216,0.327574759721756,0.9781026244163513,0.8392351269721985,0.3659907281398773,0.3799121379852295,0.9028396010398865,0.8422379493713379,0.3656648099422455,0.37168553471565247,0.9341029524803162,0.7748032808303833,0.3576314151287079,0.23981259763240814,0.9887278079986572,0.8351976871490479,0.35542210936546326,0.2653146982192993,0.9980399012565613,0.7255210280418396,0.32651275396347046,0.18384511768817902,0.8916679620742798,0.7656847238540649,0.32883208990097046,0.2617161273956299,0.15762659907341003,0.6889300346374512,0.3014645576477051,0.12706366181373596,0.8083088994026184,0.7171021103858948,0.3131282925605774,0.2376917451620102,0.5379945039749146,0.6672005653381348,0.29633134603500366,0.1005043014883995,0.7962106466293335,0.715196430683136,0.31592676043510437,0.23357050120830536,0.6207521557807922,0.6654874682426453,0.2958294153213501,0.1142219752073288,0.7550744414329529,0.707526445388794,0.3162420988082886,0.2277810126543045,0.606380045413971,0.6740397810935974,0.298718124628067,0.12944342195987701,0.7218303084373474,0.6925677061080933,0.3069485127925873,0.23622748255729675,0.5547674894332886,0.7624155282974243,0.39214107394218445,0.022364186123013496,0.9999743700027466,0.8217095136642456,0.3847866952419281,-0.02262517809867859,0.9999767541885376,0.7118977904319763,0.4454266130924225,-0.09158740937709808,0.9976550340652466,0.9080585837364197,0.4155810475349426,-0.0042978315614163876,0.9918820261955261,0.6773055195808411,0.5053302049636841,-0.20610187947750092,0.9804805517196655,0.9642942547798157,0.4660150408744812,-0.0362836979329586,0.947578489780426,0.6734873652458191,0.5162267684936523,-0.21549439430236816,0.9908319115638733,0.9655372500419617,0.4756962060928345,-0.03773738816380501,0.9510294795036316,0.6682788729667664,0.5154502987861633,-0.2682998776435852,0.9223796725273132,0.9963155388832092,0.46453842520713806,-0.06732521206140518,0.8655919432640076
U15_v5,70,1,0.8758822083473206,0.36307835578918457,0.31958863139152527,0.9949182868003845,0.8789605498313904,0.36242958903312683,0.31343531608581543,0.9971146583557129,0.8781461715698242,0.36209622025489807,0.31349319219589233,0.9975348711013794,0.8771023154258728,0.36164340376853943,0.31345051527023315,0.9973974227905273,0.8828198313713074,0.3631703555583954,0.3063259422779083,0.9970589876174927,0.8827332258224487,0.3631868064403534,0.3063260316848755,0.9976294636726379,0.8826067447662354,0.3631121814250946,0.3062187433242798,0.9974430799484253,0.8578097820281982,0.3590312600135803,0.2684735059738159,0.9976885318756104,0.8767675161361694,0.36356276273727417,0.23141440749168396,0.9960123300552368,0.8664337992668152,0.3632756471633911,0.30500930547714233,0.9856331944465637,0.8725090026855469,0.36424970626831055,0.29341524839401245,0.9864699244499207,0.7882993221282959,0.3589121699333191,0.174870565533638,0.9985061287879944,0.8570085763931274,0.35690852999687195,0.23678874969482422,0.9983161687850952,0.7490432858467102,0.3865312933921814,0.19597461819648743,0.4868639409542084,0.8252556920051575,0.3444656729698181,0.28095149993896484,0.36143797636032104,0.7152825593948364,0.41429445147514343,0.20690801739692688,0.6427865028381348,0.7734416723251343,0.32200896739959717,0.3779109716415405,0.8408405780792236,0.7004607915878296,0.4191364645957947,0.1993170827627182,0.61860591173172,0.7670425772666931,0.3151438236236572,0.3978731632232666,0.8291545510292053,0.7059147953987122,0.41873598098754883,0.20636101067066193,0.5915919542312622,0.7510477304458618,0.314983993768692,0.3963377773761749,0.8125365376472473,0.7082033753395081,0.4155269265174866,0.2119596153497696,0.5702803134918213,0.7501896023750305,0.3171575367450714,0.38182562589645386,0.8028020858764648,0.784939169883728,0.392021119594574,-0.012490411289036274,0.9999964237213135,0.8410596251487732,0.38949766755104065,0.012133332900702953,0.9999961853027344,0.7228128910064697,0.44498127698898315,-0.12153547257184982,0.9996768236160278,0.9271204471588135,0.4205201268196106,0.1292555183172226,0.994681179523468,0.6806333661079407,0.5019702315330505,-0.21792735159397125,0.9965991377830505,0.97972571849823,0.46490857005119324,0.1541547179222107,0.9668914675712585,0.6786320209503174,0.5118686556816101,-0.22110004723072052,0.9983154535293579,0.9786917567253113,0.47074246406555176,0.16280658543109894,0.9805607795715332,0.656143307685852,0.5189111232757568,-0.27059847116470337,0.9629754424095154,0.9943576455116272,0.4781899154186249,0.1614590883255005,0.8417457342147827
U15_v5,71,1,0.8743701577186584,0.36321234703063965,0.4892072081565857,0.96942138671875,0.8776136636734009,0.3608205318450928,0.4872027337551117,0.9623106122016907,0.8718663454055786,0.3600910007953644,0.487194687128067,0.9672859907150269,0.8710591197013855,0.35967034101486206,0.48719120025634766,0.9629979729652405,0.8786033987998962,0.3611774444580078,0.48413315415382385,0.9733889102935791,0.8786118626594543,0.3611592650413513,0.4841556251049042,0.9767001271247864,0.8783649206161499,0.36094942688941956,0.4839637577533722,0.9742835760116577,0.8578873872756958,0.35748717188835144,0.431014746427536,0.9590551257133484,0.8744705319404602,0.36094042658805847,0.4132894277572632,0.9587491154670715,0.8655099868774414,0.36365100741386414,0.4666096568107605,0.926546573638916,0.866414487361908,0.3639976382255554,0.46068620681762695,0.9435029029846191,0.790086567401886,0.35329288244247437,0.27785730361938477,0.9956289529800415,0.858995258808136,0.3607605993747711,0.3695134222507477,0.9986787438392639,0.7436913251876831,0.3645312786102295,0.255584180355072,0.3926078975200653,0.8318046927452087,0.3760930895805359,0.3805859684944153,0.08881132304668427,0.6945400834083557,0.36515843868255615,0.265313982963562,0.4290728271007538,0.7768666744232178,0.3788391947746277,0.4216229319572449,0.41677993535995483,0.6745499968528748,0.3645626902580261,0.24910500645637512,0.4525393545627594,0.7691938281059265,0.37861716747283936,0.43919944763183594,0.5011863112449646,0.6808831691741943,0.36185383796691895,0.26827701926231384,0.4242790639400482,0.7547375559806824,0.3779175579547882,0.431022971868515,0.490731418132782,0.6914655566215515,0.3618376553058624,0.2729592025279999,0.42162880301475525,0.755750298500061,0.37771910429000854,0.42215949296951294,0.4842952489852905,0.7878910303115845,0.3907211720943451,-0.01751183532178402,0.9999902248382568,0.8409416079521179,0.38999518752098083,0.017181754112243652,0.9999868869781494,0.7244822382926941,0.444945752620697,-0.11556648463010788,0.9996510744094849,0.9255672097206116,0.4206596910953522,0.14149758219718933,0.9920761585235596,0.6821570992469788,0.5015260577201843,-0.2539415955543518,0.9960665106773376,0.9803661108016968,0.46612030267715454,0.12386752665042877,0.9657937288284302,0.681167721748352,0.5124186277389526,-0.26475563645362854,0.9980950951576233,0.9785841703414917,0.47180482745170593,0.12548339366912842,0.9812958836555481,0.6529688239097595,0.5166416168212891,-0.3058505952358246,0.9266677498817444,1.0018620491027832,0.4711170792579651,0.1278589516878128,0.7692283987998962
U15_v5,72,1,0.8642722368240356,0.3602433204650879,0.4085303843021393,0.9953308701515198,0.8684372901916504,0.3601503372192383,0.40315255522727966,0.9972196817398071,0.8678266406059265,0.35994869470596313,0.40323805809020996,0.997355580329895,0.8603538870811462,0.35870230197906494,0.4032230079174042,0.9975178241729736,0.8744361996650696,0.3610440194606781,0.39792028069496155,0.9971179962158203,0.874452531337738,0.36101096868515015,0.397928923368454,0.9975662231445312,0.8743722438812256,0.3608173727989197,0.39778146147727966,0.9977279305458069,0.8405944108963013,0.35762307047843933,0.348682165145874,0.9969379901885986,0.8649530410766602,0.35549500584602356,0.3198283016681671,0.9957919120788574,0.8539227843284607,0.3605329096317291,0.38897135853767395,0.9856457114219666,0.8618237972259521,0.3615613579750061,0.37971067428588867,0.9861469864845276,0.7890595197677612,0.35718590021133423,0.2346130609512329,0.9978221654891968,0.8540399074554443,0.3514046370983124,0.29579809308052063,0.9992881417274475,0.7427070736885071,0.3849007189273834,0.2501879334449768,0.3602815866470337,0.8043959736824036,0.3319959044456482,0.33207035064697266,0.48159804940223694,0.7160742282867432,0.4131149649620056,0.2536282241344452,0.3936375677585602,0.7292343378067017,0.296602725982666,0.42522552609443665,0.891755998134613,0.6990424990653992,0.41528835892677307,0.2509613633155823,0.3929569721221924,0.7138503789901733,0.2909713685512543,0.4458830952644348,0.890553891658783,0.7053091526031494,0.41475871205329895,0.25585389137268066,0.36965250968933105,0.7103407382965088,0.29056358337402344,0.4444819390773773,0.875350296497345,0.7086281180381775,0.4143960475921631,0.25711408257484436,0.35732710361480713,0.7151539325714111,0.2929188907146454,0.4283607602119446,0.8565152883529663,0.7844123840332031,0.3908090889453888,-0.009244624525308609,0.9999911785125732,0.8399299383163452,0.38972169160842896,0.008892257697880268,0.999993085861206,0.7243252396583557,0.4442928433418274,-0.14903192222118378,0.9995989203453064,0.9252827167510986,0.4209805727005005,0.08763114362955093,0.9952813982963562,0.6824495792388916,0.5033466219902039,-0.27969855070114136,0.9948809146881104,0.9843211770057678,0.46687793731689453,0.0862436592578888,0.9504720568656921,0.682674765586853,0.5144514441490173,-0.28725776076316833,0.9973107576370239,0.9814592599868774,0.4689492881298065,0.09153437614440918,0.9742281436920166,0.6564338803291321,0.5185061693191528,-0.34741848707199097,0.9601842164993286,1.013959527015686,0.47319847345352173,0.07417292892932892,0.8290939927101135
U15_v5,73,1,0.88401198387146,0.3636997640132904,0.400934100151062,0.9991948008537292,0.8856467604637146,0.361715167760849,0.4023388624191284,0.9997411370277405,0.8845090270042419,0.36150866746902466,0.402426540851593,0.9996546506881714,0.8834702372550964,0.3611128330230713,0.4023870825767517,0.999723494052887,0.8913025856018066,0.3624606728553772,0.3931736946105957,0.9996395111083984,0.8919861316680908,0.3624148666858673,0.39320752024650574,0.9995847344398499,0.8927367329597473,0.3622046113014221,0.3930871784687042,0.999669075012207,0.8664965033531189,0.35813426971435547,0.3657040596008301,0.9995744824409485,0.8841794729232788,0.36177799105644226,0.31923824548721313,0.9994557499885559,0.8737413287162781,0.3643155097961426,0.38708943128585815,0.9977365732192993,0.8804000020027161,0.3649716079235077,0.37293121218681335,0.9974640607833862,0.8015751838684082,0.35863226652145386,0.2620212733745575,0.9995542168617249,0.8758442997932434,0.3523445725440979,0.27025824785232544,0.9998770952224731,0.7524476051330566,0.38968977332115173,0.25401702523231506,0.4108740985393524,0.8379612565040588,0.3251795470714569,0.23769542574882507,0.690637469291687,0.725355327129364,0.41400203108787537,0.24661925435066223,0.5032979249954224,0.7656872272491455,0.29054442048072815,0.25659242272377014,0.9449285864830017,0.7137975692749023,0.4172581136226654,0.24028442800045013,0.4262968599796295,0.7516653537750244,0.28128111362457275,0.2563103437423706,0.9182813763618469,0.7200804352760315,0.4174310863018036,0.24039019644260406,0.4104636609554291,0.7475458383560181,0.2813524603843689,0.2615785002708435,0.9113326072692871,0.7246548533439636,0.4158712327480316,0.24619391560554504,0.3987465798854828,0.752678632736206,0.28611239790916443,0.25890037417411804,0.8879468441009521,0.7910537123680115,0.38993561267852783,0.008994566276669502,0.9999966621398926,0.8459407687187195,0.38543015718460083,-0.009417353197932243,0.9999960660934448,0.7328861355781555,0.44454389810562134,-0.13452531397342682,0.9970071911811829,0.9286091327667236,0.42213907837867737,0.025975510478019714,0.9698039293289185,0.6834447979927063,0.5024725198745728,-0.237534761428833,0.9828560948371887,0.9937100410461426,0.4668809771537781,0.009541130624711514,0.8746667504310608,0.683354914188385,0.5137473940849304,-0.2447994202375412,0.9856944680213928,0.9895591735839844,0.4723636507987976,0.01171721238642931,0.8578284978866577,0.6614866256713867,0.5182258486747742,-0.31809356808662415,0.937256395816803,1.0401298999786377,0.47346389293670654,-0.02200518362224102,0.7375615835189819
U15_v5,74,1,0.9059637784957886,0.3655598759651184,0.37753620743751526,0.9993458390235901,0.9069890379905701,0.36521440744400024,0.3822788894176483,0.9998247027397156,0.9030375480651855,0.3647266626358032,0.3824121057987213,0.9997894167900085,0.9021216630935669,0.3644939661026001,0.3823706805706024,0.999840259552002,0.9095143675804138,0.365238219499588,0.3682039678096771,0.9997534155845642,0.9100053310394287,0.3651503920555115,0.36819586157798767,0.9997329115867615,0.9104477763175964,0.36492037773132324,0.3680934011936188,0.9997827410697937,0.8891105651855469,0.36277708411216736,0.3587338626384735,0.9997709393501282,0.9022691249847412,0.3645850419998169,0.29103538393974304,0.9996918439865112,0.8976173400878906,0.36824697256088257,0.3688686192035675,0.9981787204742432,0.9001423120498657,0.36602309346199036,0.34849146008491516,0.9976338148117065,0.8205345869064331,0.3709820806980133,0.2860085964202881,0.9995145797729492,0.8814769387245178,0.3532826900482178,0.2238185703754425,0.9999396800994873,0.7669859528541565,0.3965051770210266,0.3058956265449524,0.5555412769317627,0.8452312350273132,0.31950801610946655,0.19651460647583008,0.9428164958953857,0.7436331510543823,0.40773919224739075,0.30338504910469055,0.5709254145622253,0.797349750995636,0.285636305809021,0.22394920885562897,0.9891741275787354,0.7297602295875549,0.41005969047546387,0.3041078746318817,0.4868793487548828,0.7852861285209656,0.27602142095565796,0.21763920783996582,0.9831801652908325,0.736262321472168,0.4101700484752655,0.2962855100631714,0.4614839553833008,0.7838965654373169,0.27578210830688477,0.23162373900413513,0.979003369808197,0.7408660650253296,0.4082601070404053,0.30035561323165894,0.4597110152244568,0.7878744006156921,0.27909404039382935,0.230282723903656,0.9713218212127686,0.8099826574325562,0.3944355547428131,0.03586941212415695,0.9999964237213135,0.8636936545372009,0.3872186541557312,-0.03614896535873413,0.999997615814209,0.7411938905715942,0.44723060727119446,-0.09047827869653702,0.9980576634407043,0.9440110921859741,0.42877164483070374,0.016953086480498314,0.9951443076133728,0.68259197473526,0.5061773657798767,-0.19217005372047424,0.983697235584259,1.002364158630371,0.47366493940353394,-0.013229172676801682,0.9381754994392395,0.6796584725379944,0.5166451930999756,-0.1978246122598648,0.9915573596954346,0.9956613779067993,0.47954219579696655,-0.011494986712932587,0.9502203464508057,0.6617298126220703,0.5192524194717407,-0.26814013719558716,0.9478292465209961,1.0665040016174316,0.48328572511672974,-0.0496174618601799,0.8671370148658752
U15_v5,75,1,0.907065212726593,0.36579805612564087,0.3587605655193329,0.9995023012161255,0.907817542552948,0.36518505215644836,0.3621644377708435,0.9998762607574463,0.9038237929344177,0.3646243214607239,0.3623059093952179,0.9998452663421631,0.9028268456459045,0.36431884765625,0.3622549772262573,0.9998840093612671,0.9106160998344421,0.36536210775375366,0.3475292921066284,0.9998212456703186,0.9111553430557251,0.3652939796447754,0.3475286066532135,0.9998012185096741,0.9116092920303345,0.3650865852832794,0.34745272994041443,0.9998400211334229,0.8899375200271606,0.36245593428611755,0.3382037281990051,0.9998356103897095,0.9033287167549133,0.3645807206630707,0.26806947588920593,0.9997736811637878,0.8981831669807434,0.3681570887565613,0.35046547651290894,0.9987583160400391,0.9013065099716187,0.3663344979286194,0.3293619453907013,0.9983008503913879,0.8200044631958008,0.37036460638046265,0.27063626050949097,0.9995755553245544,0.8831275105476379,0.35412463545799255,0.20795506238937378,0.9999301433563232,0.7681033611297607,0.3948022425174713,0.2983129322528839,0.6586111783981323,0.8501679301261902,0.3199688792228699,0.1813669204711914,0.9382956624031067,0.7437724471092224,0.40755724906921387,0.30498260259628296,0.6564267873764038,0.7975414991378784,0.28576570749282837,0.20667752623558044,0.9892489910125732,0.7303292155265808,0.4102051258087158,0.3075523376464844,0.5501387715339661,0.7866283655166626,0.2761158049106598,0.20108045637607574,0.9830302596092224,0.7333112359046936,0.4093180298805237,0.30011457204818726,0.5236465930938721,0.7853017449378967,0.27589553594589233,0.21555429697036743,0.9789299964904785,0.7411734461784363,0.4086562991142273,0.30253544449806213,0.5214581489562988,0.7885679006576538,0.2784728407859802,0.2134358137845993,0.9712929129600525,0.8095390200614929,0.39396601915359497,0.034415438771247864,0.9999960660934448,0.865393877029419,0.3875771760940552,-0.03464064747095108,0.9999971389770508,0.738726019859314,0.4490130841732025,-0.08396706730127335,0.9981822967529297,0.9425811767578125,0.4294714331626892,0.026205990463495255,0.9949270486831665,0.6811102628707886,0.5062894821166992,-0.18019388616085052,0.985933244228363,1.000803828239441,0.47260844707489014,-0.005241456441581249,0.9408279061317444,0.6779268980026245,0.5174693465232849,-0.18566565215587616,0.9925141930580139,0.9952108860015869,0.47833898663520813,-0.0037220572121441364,0.9509362578392029,0.6608167886734009,0.5191289186477661,-0.25855663418769836,0.9580838084220886,1.060232162475586,0.48256123065948486,-0.04233154281973839,0.88194340467453
U15_v5,76,1,0.913320779800415,0.36156296730041504,0.5227038264274597,0.9676602482795715,0.9155494570732117,0.3617626428604126,0.5295829772949219,0.9767084717750549,0.9146999716758728,0.36173832416534424,0.5296450257301331,0.9799671769142151,0.9095865488052368,0.360971063375473,0.5296574831008911,0.9792650938034058,0.9180986285209656,0.36163586378097534,0.521592915058136,0.9769095778465271,0.9186490774154663,0.36149856448173523,0.5215967297554016,0.978293240070343,0.9190335273742676,0.3612188398838043,0.5214114189147949,0.9796012043952942,0.8933766484260559,0.35928645730018616,0.49496498703956604,0.9796537160873413,0.9156492948532104,0.36251693964004517,0.45494675636291504,0.9680317640304565,0.9053968191146851,0.3627931475639343,0.5057164430618286,0.9479987621307373,0.907846987247467,0.36239156126976013,0.49355587363243103,0.9460941553115845,0.8378551602363586,0.3647376298904419,0.3689996898174286,0.9875948429107666,0.8944432139396667,0.35998138785362244,0.3920019567012787,0.9983215928077698,0.8055778741836548,0.3936871290206909,0.36231327056884766,0.11039005219936371,0.8451409935951233,0.37441831827163696,0.365677148103714,0.1080879345536232,0.775314450263977,0.40158095955848694,0.3760896623134613,0.13715991377830505,0.7882512211799622,0.3746654987335205,0.33658963441848755,0.5710332989692688,0.7599971890449524,0.4076860845088959,0.36674460768699646,0.18392117321491241,0.7790573239326477,0.3737545311450958,0.3416101336479187,0.6646567583084106,0.7580472826957703,0.4074993133544922,0.38040316104888916,0.1684313267469406,0.7668399214744568,0.37233105301856995,0.3431053161621094,0.6509429216384888,0.7707517743110657,0.4029606282711029,0.38128766417503357,0.18298140168190002,0.7684792876243591,0.37267568707466125,0.3384622633457184,0.6123246550559998,0.827423095703125,0.39176371693611145,0.00884929858148098,0.9998337030410767,0.8826426267623901,0.38866981863975525,-0.00918561965227127,0.9998878240585327,0.7495104074478149,0.4467759132385254,-0.12682564556598663,0.996505618095398,0.9518028497695923,0.43276920914649963,-0.006961369421333075,0.986465334892273,0.6853497624397278,0.5053427815437317,-0.28793150186538696,0.9852468967437744,1.0244489908218384,0.47306376695632935,-0.12808829545974731,0.9366539120674133,0.6780630350112915,0.5159527063369751,-0.3024185299873352,0.9882943630218506,1.0026153326034546,0.4875480532646179,-0.1374320536851883,0.951561689376831,0.6598198413848877,0.5189982652664185,-0.3606940805912018,0.9015205502510071,1.061576008796692,0.4891909956932068,-0.1712622344493866,0.7672149538993835
U15_v5,77,1,0.9139768481254578,0.361756294965744,0.40993085503578186,0.9834861755371094,0.9162222146987915,0.3620544373989105,0.41529592871665955,0.9920942187309265,0.9108896851539612,0.361635684967041,0.4153710603713989,0.9931663870811462,0.9098166823387146,0.3613595962524414,0.4153341054916382,0.9931216835975647,0.9185971021652222,0.3617616593837738,0.40464651584625244,0.9908652901649475,0.9190403819084167,0.36156463623046875,0.4046443998813629,0.9917250871658325,0.9192911386489868,0.36120766401290894,0.4044666886329651,0.991866409778595,0.8966412544250488,0.36010268330574036,0.3937145173549652,0.9937452077865601,0.915641725063324,0.36229586601257324,0.34192267060279846,0.9883578419685364,0.9057019948959351,0.36301448941230774,0.40111759305000305,0.9668567776679993,0.9080878496170044,0.3624674677848816,0.3853265047073364,0.9597568511962891,0.8379143476486206,0.37048646807670593,0.3145843744277954,0.988504946231842,0.8964653015136719,0.35635390877723694,0.2984480857849121,0.9976391792297363,0.8012583255767822,0.3967749774456024,0.32075780630111694,0.3276556432247162,0.8492923974990845,0.3457913100719452,0.25505077838897705,0.40143725275993347,0.7704126834869385,0.4028089940547943,0.3220110833644867,0.356531023979187,0.7966883778572083,0.3261730670928955,0.20060861110687256,0.8698323369026184,0.7560240030288696,0.4096289277076721,0.320675790309906,0.37475910782814026,0.788458526134491,0.32066014409065247,0.19780412316322327,0.8742353320121765,0.7579568028450012,0.4047241508960724,0.3236987590789795,0.34805798530578613,0.7766509056091309,0.31966882944107056,0.2045898139476776,0.8593260645866394,0.7667859792709351,0.40389326214790344,0.32445472478866577,0.3655470609664917,0.7769331336021423,0.32123878598213196,0.203592911362648,0.8401612639427185,0.8267892003059387,0.3940064311027527,0.020011739805340767,0.9999046325683594,0.883648693561554,0.390606164932251,-0.020285015925765038,0.9999407529830933,0.7498986124992371,0.4470900297164917,-0.11569962650537491,0.9976244568824768,0.948449432849884,0.4328942894935608,-0.004875482525676489,0.9926888346672058,0.6845476627349854,0.5047235488891602,-0.27072614431381226,0.9866774082183838,1.0201878547668457,0.47254568338394165,-0.10700634121894836,0.9398370981216431,0.6781116724014282,0.5149213075637817,-0.28303948044776917,0.9919356107711792,1.0166832208633423,0.4807078540325165,-0.11248727142810822,0.9626126289367676,0.6623073220252991,0.518673300743103,-0.357782781124115,0.9368335604667664,1.0640085935592651,0.4894064664840698,-0.15921650826931,0.8499923944473267
U15_v5,78,1,0.9352425336837769,0.36259734630584717,0.6008378863334656,0.9434500932693481,0.9359945058822632,0.3595738708972931,0.612629234790802,0.9585923552513123,0.9351670145988464,0.35953405499458313,0.6126313209533691,0.9633035063743591,0.9343277215957642,0.3592424690723419,0.6125799417495728,0.965476930141449,0.9388054609298706,0.36006486415863037,0.6048305630683899,0.9668861031532288,0.9394859671592712,0.3602694272994995,0.6048222780227661,0.9683407545089722,0.9399684071540833,0.3602778911590576,0.6046015620231628,0.9703664183616638,0.9204644560813904,0.3585432469844818,0.5856425762176514,0.9694316983222961,0.9362986087799072,0.3624562919139862,0.5474814772605896,0.9542791247367859,0.9257774353027344,0.3635985851287842,0.5852735042572021,0.9001733064651489,0.9318777918815613,0.36335766315460205,0.5737048983573914,0.8937817215919495,0.8653988838195801,0.3560314476490021,0.442145973443985,0.9893717765808105,0.9146573543548584,0.36475899815559387,0.47017163038253784,0.9966663718223572,0.8470452427864075,0.3625921607017517,0.4539683759212494,0.14122919738292694,0.8644037246704102,0.37602972984313965,0.4363692104816437,0.06427004933357239,0.8118337988853455,0.3582744896411896,0.5081665515899658,0.22937342524528503,0.8056331276893616,0.37637603282928467,0.41391703486442566,0.3852899968624115,0.7961744666099548,0.355221152305603,0.50298672914505,0.3215809762477875,0.7814070582389832,0.3902398645877838,0.42012500762939453,0.4841182827949524,0.8013316988945007,0.3526829481124878,0.5203040838241577,0.28771963715553284,0.7803454995155334,0.39040470123291016,0.420116126537323,0.46526914834976196,0.8090688586235046,0.3535116910934448,0.5157700777053833,0.2875782251358032,0.787953794002533,0.3904278576374054,0.4156428277492523,0.43788132071495056,0.8523030877113342,0.3924730122089386,-0.006062139756977558,0.9999605417251587,0.9056562185287476,0.3933641314506531,0.005783888977020979,0.9999550580978394,0.7630635499954224,0.4463033676147461,-0.12883210182189941,0.9979842901229858,0.9606183767318726,0.43804511427879333,0.0748187005519867,0.9840694069862366,0.689746618270874,0.5017030239105225,-0.31263279914855957,0.9920108914375305,1.0163357257843018,0.4794238209724426,0.004541841801255941,0.945431113243103,0.6853773593902588,0.5122632384300232,-0.32879725098609924,0.9951534271240234,0.9930012226104736,0.48820728063583374,0.0008928124443627894,0.9678827524185181,0.6589367389678955,0.5191593170166016,-0.3829266428947449,0.939526379108429,1.0417633056640625,0.4989811182022095,-0.015022548846900463,0.7895490527153015
U15_v5,79,1,0.9299867749214172,0.3558049201965332,0.5235810875892639,0.9868795275688171,0.9307729005813599,0.35625380277633667,0.5225425958633423,0.9953595995903015,0.9295206069946289,0.35645022988319397,0.5226913094520569,0.9956134557723999,0.9235798120498657,0.3556536138057709,0.5226331353187561,0.9969263672828674,0.933868408203125,0.3553105890750885,0.5235192775726318,0.9923352599143982,0.9379833936691284,0.3554864823818207,0.5235418081283569,0.9931173324584961,0.938883364200592,0.3549655079841614,0.5234369039535522,0.9943201541900635,0.9165549278259277,0.357084184885025,0.4597644805908203,0.9966111779212952,0.9365203976631165,0.35497742891311646,0.4624617099761963,0.9926213026046753,0.9260101914405823,0.35956642031669617,0.4985828101634979,0.9734139442443848,0.9297081828117371,0.3584267497062683,0.4984133541584015,0.9636741280555725,0.872285783290863,0.3736177980899811,0.3717994689941406,0.996302604675293,0.9380214214324951,0.35857531428337097,0.3786923289299011,0.999517560005188,0.8238487243652344,0.3945530951023102,0.43508097529411316,0.17562483251094818,0.8996701240539551,0.31360065937042236,0.39840295910835266,0.8599048852920532,0.8075317144393921,0.3956688344478607,0.5236132144927979,0.18434403836727142,0.8944874405860901,0.2800613045692444,0.44305703043937683,0.9601140022277832,0.7933910489082336,0.39683768153190613,0.5388773679733276,0.18977944552898407,0.8933740854263306,0.27174320816993713,0.4490533769130707,0.961794912815094,0.7987722158432007,0.39481833577156067,0.5387111306190491,0.1746775060892105,0.8931591510772705,0.2715277075767517,0.4560825824737549,0.9497962594032288,0.8027719259262085,0.394352525472641,0.5278592109680176,0.17619071900844574,0.8934542536735535,0.2735699415206909,0.4478713870048523,0.928986132144928,0.8540542721748352,0.40204980969429016,0.017287105321884155,0.9999287128448486,0.9164540767669678,0.3982967436313629,-0.017561091110110283,0.999983549118042,0.7750593423843384,0.44842830300331116,-0.061042021960020065,0.9971309304237366,0.979741096496582,0.45046499371528625,-0.16161957383155823,0.9953271150588989,0.6949891448020935,0.5004447102546692,-0.20774993300437927,0.9662458300590515,1.0180374383926392,0.49635618925094604,-0.36982399225234985,0.9022399187088013,0.6872429251670837,0.5087465643882751,-0.2192324846982956,0.9796233773231506,1.010711431503296,0.5055801272392273,-0.3885411024093628,0.9594759345054626,0.6710102558135986,0.52173912525177,-0.28244107961654663,0.9201903343200684,1.0620098114013672,0.5139932036399841,-0.47177162766456604,0.8946499228477478
U15_v5,80,1,0.9275945425033569,0.35542187094688416,0.49260303378105164,0.9879191517829895,0.9284480214118958,0.3554762005805969,0.4925077259540558,0.9956811666488647,0.9234208464622498,0.3551320731639862,0.4926537573337555,0.9961345195770264,0.9217265248298645,0.35485097765922546,0.4925869107246399,0.9973205924034119,0.9317835569381714,0.35468679666519165,0.4926581084728241,0.9931032657623291,0.932606041431427,0.3543834090232849,0.49269866943359375,0.993977427482605,0.9330914616584778,0.3538179397583008,0.49260830879211426,0.9949283599853516,0.9145393371582031,0.3560961186885834,0.4374842941761017,0.9970858693122864,0.9336211085319519,0.354056715965271,0.43662315607070923,0.9931012392044067,0.9195229411125183,0.35848718881607056,0.4707196354866028,0.972676694393158,0.9275864958763123,0.35783639550209045,0.4694697856903076,0.9600319266319275,0.8726001977920532,0.37282615900039673,0.35777223110198975,0.9960123300552368,0.9351415634155273,0.355771541595459,0.3618498742580414,0.9992473125457764,0.8293824195861816,0.3928869366645813,0.4194200932979584,0.1356881856918335,0.8994392156600952,0.31442078948020935,0.3769427239894867,0.8769164085388184,0.8112597465515137,0.3967231214046478,0.49211031198501587,0.15812110900878906,0.8948035836219788,0.2808985114097595,0.41205543279647827,0.9682298898696899,0.7965230345726013,0.3980584144592285,0.507171630859375,0.1684533804655075,0.8937861919403076,0.27252626419067383,0.41681814193725586,0.9707680940628052,0.802238404750824,0.39620235562324524,0.5067212581634521,0.15495514869689941,0.8938104510307312,0.27234262228012085,0.4243661165237427,0.9610646963119507,0.8090949058532715,0.3959093987941742,0.4960556626319885,0.1612536907196045,0.8939772844314575,0.2742845416069031,0.41730600595474243,0.9427829384803772,0.8549585938453674,0.40019190311431885,0.009627128951251507,0.9999474287033081,0.9158269762992859,0.39716604351997375,-0.009852475486695766,0.9999852180480957,0.773300051689148,0.44850146770477295,-0.08391092717647552,0.9969762563705444,0.9763798713684082,0.44973188638687134,-0.13463446497917175,0.9952099919319153,0.6931267380714417,0.5010822415351868,-0.2590686082839966,0.9739689826965332,1.0060362815856934,0.500056803226471,-0.34442147612571716,0.9092084169387817,0.6845476627349854,0.5109137892723083,-0.2730138599872589,0.9853417873382568,0.9973883628845215,0.5098956227302551,-0.3633272051811218,0.9661146998405457,0.6729316711425781,0.5204178690910339,-0.3416134715080261,0.9486480355262756,1.0632222890853882,0.5147169828414917,-0.44247063994407654,0.9143004417419434
U15_v5,81,1,0.9476761817932129,0.3515569269657135,0.6489337086677551,0.976992130279541,0.9476829171180725,0.3511553704738617,0.656575620174408,0.9877431392669678,0.9466761350631714,0.35125038027763367,0.6565879583358765,0.9859060049057007,0.9456480741500854,0.35119372606277466,0.6565818786621094,0.9878010749816895,0.9529930353164673,0.35140329599380493,0.6597461104393005,0.9878525733947754,0.9536718726158142,0.3514159619808197,0.659708559513092,0.9870262742042542,0.9545208215713501,0.35143160820007324,0.6594480872154236,0.9907000660896301,0.9415132999420166,0.3524019718170166,0.6080883741378784,0.9855316877365112,0.9528814554214478,0.3536358177661896,0.6194513440132141,0.9888448119163513,0.9440008401870728,0.35537591576576233,0.623294472694397,0.9709823727607727,0.9464411735534668,0.3550131618976593,0.6265674233436584,0.9761512875556946,0.9158845543861389,0.3654969036579132,0.46868667006492615,0.9960752129554749,0.9516640901565552,0.364582896232605,0.49729201197624207,0.9996672868728638,0.8882540464401245,0.3789339065551758,0.4465521275997162,0.08651481568813324,0.897907555103302,0.3800625801086426,0.42337265610694885,0.09122826159000397,0.8492787480354309,0.38995426893234253,0.47104886174201965,0.15833020210266113,0.836944580078125,0.39170601963996887,0.3441050350666046,0.3083993196487427,0.8324790000915527,0.38770174980163574,0.4651414453983307,0.22513467073440552,0.8206313252449036,0.39050188660621643,0.33905112743377686,0.3748180866241455,0.8413858413696289,0.3863639533519745,0.4755631983280182,0.20815616846084595,0.8208162188529968,0.3893323540687561,0.3398282825946808,0.36420726776123047,0.868182361125946,0.3799137771129608,0.47527092695236206,0.18713116645812988,0.8248506784439087,0.38977259397506714,0.3428301215171814,0.3619561195373535,0.8742116689682007,0.4037131667137146,0.013624194078147411,0.9998732805252075,0.9262405037879944,0.403940349817276,-0.014224981889128685,0.9999052286148071,0.7880613803863525,0.4484628140926361,-0.09473671019077301,0.9879607558250427,0.9793702363967896,0.4464489221572876,-0.08088888227939606,0.9540138244628906,0.7041022777557373,0.49335670471191406,-0.31457269191741943,0.9712560176849365,0.9941404461860657,0.4927433729171753,-0.2882858216762543,0.8927770256996155,0.6964790225028992,0.5005325078964233,-0.34132853150367737,0.9729498028755188,0.9891676306724548,0.5007168054580688,-0.31145405769348145,0.912906289100647,0.6698135733604431,0.5134257078170776,-0.4062894582748413,0.850163459777832,1.0053473711013794,0.5118159651756287,-0.36976566910743713,0.6860169172286987
U15_v5,82,1,0.9500661492347717,0.3548528850078583,0.5689923167228699,0.9670287370681763,0.9514932632446289,0.3539606034755707,0.5747851133346558,0.978682279586792,0.9508441686630249,0.3540230691432953,0.5747833847999573,0.9781510829925537,0.9498138427734375,0.3546984791755676,0.5747719407081604,0.9777733683586121,0.9561651945114136,0.35409218072891235,0.5794926285743713,0.979334831237793,0.9565827250480652,0.35391536355018616,0.5794931650161743,0.9801629781723022,0.9571719169616699,0.3537023663520813,0.5792365670204163,0.9837340116500854,0.9444082975387573,0.3553098440170288,0.5296623110771179,0.9750178456306458,0.9545143842697144,0.3550586700439453,0.5479957461357117,0.980793833732605,0.9475859999656677,0.35673651099205017,0.5456761121749878,0.9497603178024292,0.9488858580589294,0.3562149703502655,0.5508521795272827,0.9572113752365112,0.9166379570960999,0.3685620129108429,0.40156134963035583,0.9943310022354126,0.9506571292877197,0.3633892238140106,0.4489119350910187,0.9996533393859863,0.8904945254325867,0.38268083333969116,0.36134809255599976,0.10524172335863113,0.8937064409255981,0.37290704250335693,0.37573060393333435,0.1250196248292923,0.8554434776306152,0.3938274383544922,0.34691378474235535,0.16819241642951965,0.8388054966926575,0.38827866315841675,0.29369693994522095,0.38173067569732666,0.8382585048675537,0.39532357454299927,0.3350832462310791,0.22389230132102966,0.8203694820404053,0.38982728123664856,0.2870025634765625,0.4283243417739868,0.8406462073326111,0.38992545008659363,0.3443978428840637,0.21170300245285034,0.8205835223197937,0.3888932466506958,0.29118531942367554,0.42323288321495056,0.8674744963645935,0.38989201188087463,0.34984517097473145,0.1987607181072235,0.8246153593063354,0.38939929008483887,0.29352155327796936,0.417361319065094,0.8747327327728271,0.4031005799770355,0.006208735052496195,0.9998956918716431,0.9259057641029358,0.4033633768558502,-0.006751630455255508,0.9999338388442993,0.7890180945396423,0.44942784309387207,-0.12072157114744186,0.9950213432312012,0.9819250106811523,0.4497716426849365,-0.06251420825719833,0.9795602560043335,0.7027688026428223,0.49644625186920166,-0.32201164960861206,0.9829082489013672,1.0134037733078003,0.49733954668045044,-0.22625572979450226,0.9371935129165649,0.696337878704071,0.5024033784866333,-0.34429287910461426,0.9845873117446899,0.9902700781822205,0.5095463395118713,-0.2423400580883026,0.9427151083946228,0.6641333103179932,0.5156682729721069,-0.4100635051727295,0.8977017402648926,1.0264757871627808,0.5181744694709778,-0.29276156425476074,0.7478357553482056
U15_v5,83,1,0.9508177042007446,0.3558962047100067,0.6214003562927246,0.9462782144546509,0.9516648650169373,0.3554947078227997,0.6291569471359253,0.9620850086212158,0.9507543444633484,0.35538220405578613,0.6291926503181458,0.9596990942955017,0.9497297406196594,0.35513588786125183,0.6291851997375488,0.9605133533477783,0.9569426774978638,0.3559253513813019,0.6339602470397949,0.9651848673820496,0.9575719833374023,0.3558324873447418,0.6339573264122009,0.9650807976722717,0.9583458304405212,0.3557640612125397,0.6337037086486816,0.9725755453109741,0.9431418776512146,0.35539934039115906,0.5823211073875427,0.9574215412139893,0.9547761082649231,0.3575117886066437,0.6008636355400085,0.9666023254394531,0.947563886642456,0.3575578033924103,0.5962731242179871,0.920029878616333,0.9495382308959961,0.35739895701408386,0.6016227602958679,0.9376054406166077,0.9069035053253174,0.36014702916145325,0.4387512803077698,0.9945599436759949,0.9506799578666687,0.36497631669044495,0.4982621669769287,0.9995303153991699,0.8940644264221191,0.37459278106689453,0.40887323021888733,0.11046649515628815,0.8901612758636475,0.37397563457489014,0.44214877486228943,0.1050083190202713,0.8768417835235596,0.3795340061187744,0.41692793369293213,0.1869010627269745,0.8377545475959778,0.39097610116004944,0.39149773120880127,0.3204798400402069,0.8667138814926147,0.3787516951560974,0.4063720703125,0.244075208902359,0.8211236000061035,0.3894016444683075,0.3921690881252289,0.35488444566726685,0.8746300935745239,0.37761515378952026,0.4199551045894623,0.2262977808713913,0.8212133049964905,0.3887810707092285,0.3937765955924988,0.3474630117416382,0.8801637887954712,0.37750244140625,0.4215170741081238,0.2111874371767044,0.8252361416816711,0.38934773206710815,0.3914330005645752,0.34619957208633423,0.8744120001792908,0.4019905924797058,-0.0027114171534776688,0.9999091625213623,0.9294389486312866,0.4032137393951416,0.0022164250258356333,0.9999347925186157,0.7874667644500732,0.450612872838974,-0.1343500018119812,0.9947012662887573,0.981522262096405,0.4491003453731537,-0.026175253093242645,0.970787525177002,0.7033665776252747,0.49636897444725037,-0.3418993651866913,0.9824458360671997,1.0098068714141846,0.4971672594547272,-0.17944453656673431,0.921164870262146,0.6973985433578491,0.5027456283569336,-0.36523282527923584,0.9840115308761597,1.0073914527893066,0.5049108266830444,-0.19522260129451752,0.931912362575531,0.6607118248939514,0.5154934525489807,-0.4361449182033539,0.885823130607605,1.0189120769500732,0.5171267986297607,-0.24480658769607544,0.70665043592453
U15_v5,84,1,0.9589001536369324,0.3570716977119446,0.5454704165458679,0.996070146560669,0.9612682461738586,0.356486439704895,0.5600689649581909,0.994880199432373,0.961020827293396,0.3565446436405182,0.56016606092453,0.9963732361793518,0.9607712030410767,0.35634109377861023,0.5601679682731628,0.9952966570854187,0.9678856730461121,0.35717251896858215,0.5620142221450806,0.9969524145126343,0.9683545827865601,0.3571035861968994,0.5619634389877319,0.9979773163795471,0.9691064953804016,0.3568694591522217,0.5617175102233887,0.9975806474685669,0.9565885066986084,0.35731446743011475,0.5467419028282166,0.9965391159057617,0.9656477570533752,0.35723382234573364,0.5500878095626831,0.9979225993156433,0.9511063694953918,0.3576790392398834,0.5326000452041626,0.9805709719657898,0.9572532176971436,0.35859328508377075,0.5332005023956299,0.9854017496109009,0.9336315989494324,0.36327460408210754,0.4099208116531372,0.9984806180000305,0.9482229351997375,0.3697984516620636,0.47029781341552734,0.9993513226509094,0.963726282119751,0.3236261010169983,0.3929993808269501,0.8729860782623291,0.9134554862976074,0.3670593202114105,0.46063998341560364,0.11844637244939804,0.9650534391403198,0.287391722202301,0.47229912877082825,0.9049057960510254,0.8851483464241028,0.35124263167381287,0.5012302994728088,0.21087217330932617,0.9651053547859192,0.2775490880012512,0.4665490388870239,0.8931475877761841,0.8841053247451782,0.3477811813354492,0.5203134417533875,0.2502540349960327,0.9680511355400085,0.27676159143447876,0.4924369752407074,0.8689641356468201,0.8810223340988159,0.3459298610687256,0.5196057558059692,0.23822112381458282,0.968298614025116,0.2787684500217438,0.4816773235797882,0.8653820157051086,0.8797596096992493,0.3467338979244232,0.5030587315559387,0.22702941298484802,0.8976999521255493,0.39983421564102173,-0.016469238325953484,0.9999843835830688,0.941023588180542,0.4030160903930664,0.01616217941045761,0.9999792575836182,0.8008624911308289,0.4519593119621277,-0.1606990098953247,0.9980130195617676,0.9887892007827759,0.4505980610847473,0.06430355459451675,0.9771942496299744,0.6963739991188049,0.4988088607788086,-0.3268979787826538,0.990623414516449,1.0107755661010742,0.5039110779762268,0.05117134749889374,0.9299702644348145,0.681296706199646,0.5046654343605042,-0.3418727219104767,0.995567262172699,1.000282883644104,0.5091556906700134,0.05371876806020737,0.9460367560386658,0.6515870094299316,0.5124974846839905,-0.4202035069465637,0.9675877094268799,1.0154247283935547,0.5183050632476807,0.022068992257118225,0.8085075616836548
U15_v5,85,1,0.9751932621002197,0.3519485890865326,0.6503810882568359,0.9858105778694153,0.9758691787719727,0.35005325078964233,0.6442773938179016,0.9776368141174316,0.9751466512680054,0.3501114547252655,0.6443278193473816,0.9837921857833862,0.9739710092544556,0.34997519850730896,0.6442981958389282,0.9814099073410034,0.9953720569610596,0.3549264371395111,0.6531853675842285,0.9856452345848083,0.9980977773666382,0.35538560152053833,0.6531388759613037,0.99063640832901,1.0008606910705566,0.35586386919021606,0.6528611183166504,0.9914577603340149,0.9715656638145447,0.3530431091785431,0.5462313294410706,0.9819872975349426,1.0059316158294678,0.35845521092414856,0.5846905708312988,0.9932892918586731,0.9722621440887451,0.35425880551338196,0.6100739240646362,0.9486572742462158,0.9746026992797852,0.35510608553886414,0.6206491589546204,0.9596993327140808,0.9471422433853149,0.3500034809112549,0.38355252146720886,0.9980353713035583,0.9939574003219604,0.37523573637008667,0.4846532344818115,0.9992530941963196,0.9680407047271729,0.3150901198387146,0.45401546359062195,0.8564553260803223,0.9416359663009644,0.39232033491134644,0.5612450838088989,0.08901594579219818,0.9911574721336365,0.2836465835571289,0.671320915222168,0.8858684301376343,0.8738227486610413,0.39149484038352966,0.7143417000770569,0.174940824508667,0.9923103451728821,0.2771152853965759,0.6858242750167847,0.8744010925292969,0.858707845211029,0.39382272958755493,0.7491897940635681,0.20510829985141754,0.9969909191131592,0.2777625322341919,0.7025527358055115,0.8469702005386353,0.8594052195549011,0.39035817980766296,0.7336878180503845,0.19266901910305023,0.9961016178131104,0.2802586555480957,0.6792006492614746,0.8348152041435242,0.8640828728675842,0.3904061019420624,0.713200032711029,0.1995878964662552,0.9239832162857056,0.4075967073440552,-0.024944154545664787,0.9996967315673828,0.9649419784545898,0.41366255283355713,0.02475426159799099,0.9998589754104614,0.8137432336807251,0.4509612023830414,-0.0870441198348999,0.9871487021446228,0.99199378490448,0.4666502773761749,-0.0600009486079216,0.982499361038208,0.726812481880188,0.4923093616962433,-0.15728230774402618,0.9507534503936768,1.010887861251831,0.5269559621810913,-0.17475968599319458,0.9133730530738831,0.717750072479248,0.5000943541526794,-0.16566376388072968,0.9597368836402893,1.008547067642212,0.5371353030204773,-0.18464137613773346,0.9165972471237183,0.6776461601257324,0.5023810863494873,-0.235561802983284,0.8786095380783081,1.0321446657180786,0.5441539287567139,-0.25012874603271484,0.803514301776886
U15_v5,86,1,0.9732587337493896,0.3522753119468689,0.628645122051239,0.9886035919189453,0.9738225936889648,0.3498256206512451,0.6222091317176819,0.9800011515617371,0.9731574058532715,0.3498500883579254,0.622272253036499,0.9879533052444458,0.9722214937210083,0.3496902883052826,0.6222326755523682,0.9832959771156311,0.9816885590553284,0.35157787799835205,0.6314350962638855,0.9863042235374451,0.982379674911499,0.3542822599411011,0.6314375400543213,0.992378830909729,0.9998571872711182,0.35509398579597473,0.6311959028244019,0.991626501083374,0.9703929424285889,0.35257574915885925,0.5220242142677307,0.9875972867012024,0.9820132255554199,0.35797837376594543,0.5623285174369812,0.9951521158218384,0.9646641612052917,0.354183554649353,0.5870116353034973,0.960392415523529,0.9726560711860657,0.3556467890739441,0.5982754230499268,0.9693419933319092,0.9482632875442505,0.3503488004207611,0.3629790246486664,0.9989975094795227,0.9926975965499878,0.37746232748031616,0.46800389885902405,0.9994596838951111,0.9677620530128479,0.31288161873817444,0.4441612660884857,0.8710602521896362,0.9339709877967834,0.39902785420417786,0.5297239422798157,0.10947345197200775,0.9888851046562195,0.2840883135795593,0.6625918745994568,0.8862255811691284,0.8723635673522949,0.39516130089759827,0.643625020980835,0.25350114703178406,0.9890611171722412,0.27863258123397827,0.6740552186965942,0.8640540242195129,0.8565269112586975,0.3970430791378021,0.6715161800384521,0.2966248095035553,0.9948851466178894,0.27753084897994995,0.6856870651245117,0.8395095467567444,0.8553503751754761,0.39419740438461304,0.6520229578018188,0.2852371633052826,0.9939720630645752,0.2802545428276062,0.6685504913330078,0.8381959199905396,0.862712562084198,0.39328914880752563,0.6405569911003113,0.291285902261734,0.9246674180030823,0.40574389696121216,-0.03131671994924545,0.9998568296432495,0.969274640083313,0.41377609968185425,0.03111465647816658,0.9999265670776367,0.8116956949234009,0.4496766924858093,-0.08169026672840118,0.9940405488014221,1.0097041130065918,0.46858513355255127,0.009453943930566311,0.986294686794281,0.727898895740509,0.4906125068664551,-0.1320692002773285,0.9771667122840881,1.039574384689331,0.522950291633606,-0.07388138025999069,0.9400659203529358,0.7182489037513733,0.49738508462905884,-0.13828229904174805,0.979586660861969,1.0398902893066406,0.532584011554718,-0.08050026744604111,0.9462660551071167,0.6781922578811646,0.49758750200271606,-0.20638816058635712,0.9178411960601807,1.0544222593307495,0.5375515222549438,-0.13270282745361328,0.8327866196632385
U15_v5,87,1,1.0659091472625732,0.28871604800224304,0.329330176115036,0.0492841862142086,1.060874581336975,0.2832646369934082,0.299511581659317,0.08082864433526993,1.05692720413208,0.2828451693058014,0.29933491349220276,0.09512988477945328,1.0528900623321533,0.28243300318717957,0.29922783374786377,0.09031180292367935,1.0718239545822144,0.2845481038093567,0.29186156392097473,0.06317394226789474,1.0754666328430176,0.28498584032058716,0.2918369472026825,0.06707338243722916,1.0792075395584106,0.28546494245529175,0.291451096534729,0.06953603774309158,1.043971300125122,0.28488487005233765,0.17242208123207092,0.12063528597354889,1.0810049772262573,0.289437472820282,0.13917812705039978,0.1230807676911354,1.0583291053771973,0.29308634996414185,0.2908327877521515,0.09541760385036469,1.069585919380188,0.2942444682121277,0.28175267577171326,0.09677091985940933,0.989349901676178,0.30009323358535767,0.12094731628894806,0.9209515452384949,1.1042901277542114,0.31624454259872437,0.03563700616359711,0.9216285943984985,0.9391202330589294,0.3437081277370453,0.07355232536792755,0.09454905986785889,1.0305206775665283,0.3471210300922394,-0.05413632467389107,0.06721267849206924,0.9031049013137817,0.38322684168815613,0.07454556971788406,0.01931702345609665,0.9800443053245544,0.360983282327652,-0.09871550649404526,0.032038576900959015,0.8886901140213013,0.3915431499481201,0.06166417524218559,0.025811929255723953,0.9687511324882507,0.3639375567436218,-0.10806181281805038,0.044165562838315964,0.8885545134544373,0.3918546438217163,0.06066033989191055,0.024233834818005562,0.9629598259925842,0.3617326021194458,-0.09903986006975174,0.04455622658133507,0.9002576470375061,0.38691020011901855,0.07165296375751495,0.023051805794239044,0.9703388214111328,0.3541032075881958,-0.09736235439777374,0.050445329397916794,0.9382060766220093,0.39802178740501404,0.05639416724443436,0.9686968922615051,0.9927604794502258,0.4045703411102295,-0.05669697746634483,0.9663450121879578,0.8338682055473328,0.44903966784477234,0.07221510261297226,0.8227630257606506,1.015350341796875,0.4645015299320221,-0.001003159792162478,0.5567175149917603,0.7352163791656494,0.49050599336624146,0.1845390796661377,0.5854640007019043,1.030085802078247,0.5208635926246643,0.09019987285137177,0.428397536277771,0.7254288792610168,0.49631574749946594,0.1932372897863388,0.6012120246887207,1.0245789289474487,0.5273234844207764,0.10388807952404022,0.6031084656715393,0.7076801657676697,0.4989752173423767,0.1375306248664856,0.1549776792526245,1.0428516864776611,0.5340955257415771,0.055979784578084946,0.17206428945064545
U15_v5,88,0,,,,,,,,,,,,,,,,,,,,,,,,,,,,,,,,,,,,,,,,,,,,,,,,,,,,,,,,,,,,,,,,,,,,,,,,,,,,,,,,,,,,,,,,,,,,,,,,,,,,,,,,,,,,,,,,,,,,,,,,,,,,,,,,,,,,
U15_v5,89,0,,,,,,,,,,,,,,,,,,,,,,,,,,,,,,,,,,,,,,,,,,,,,,,,,,,,,,,,,,,,,,,,,,,,,,,,,,,,,,,,,,,,,,,,,,,,,,,,,,,,,,,,,,,,,,,,,,,,,,,,,,,,,,,,,,,,
U15_v5,90,0,,,,,,,,,,,,,,,,,,,,,,,,,,,,,,,,,,,,,,,,,,,,,,,,,,,,,,,,,,,,,,,,,,,,,,,,,,,,,,,,,,,,,,,,,,,,,,,,,,,,,,,,,,,,,,,,,,,,,,,,,,,,,,,,,,,,
U15_v5,91,0,,,,,,,,,,,,,,,,,,,,,,,,,,,,,,,,,,,,,,,,,,,,,,,,,,,,,,,,,,,,,,,,,,,,,,,,,,,,,,,,,,,,,,,,,,,,,,,,,,,,,,,,,,,,,,,,,,,,,,,,,,,,,,,,,,,,
U15_v5,92,0,,,,,,,,,,,,,,,,,,,,,,,,,,,,,,,,,,,,,,,,,,,,,,,,,,,,,,,,,,,,,,,,,,,,,,,,,,,,,,,,,,,,,,,,,,,,,,,,,,,,,,,,,,,,,,,,,,,,,,,,,,,,,,,,,,,,
U15_v5,93,0,,,,,,,,,,,,,,,,,,,,,,,,,,,,,,,,,,,,,,,,,,,,,,,,,,,,,,,,,,,,,,,,,,,,,,,,,,,,,,,,,,,,,,,,,,,,,,,,,,,,,,,,,,,,,,,,,,,,,,,,,,,,,,,,,,,,
U15_v5,94,0,,,,,,,,,,,,,,,,,,,,,,,,,,,,,,,,,,,,,,,,,,,,,,,,,,,,,,,,,,,,,,,,,,,,,,,,,,,,,,,,,,,,,,,,,,,,,,,,,,,,,,,,,,,,,,,,,,,,,,,,,,,,,,,,,,,,
U15_v5,95,0,,,,,,,,,,,,,,,,,,,,,,,,,,,,,,,,,,,,,,,,,,,,,,,,,,,,,,,,,,,,,,,,,,,,,,,,,,,,,,,,,,,,,,,,,,,,,,,,,,,,,,,,,,,,,,,,,,,,,,,,,,,,,,,,,,,,
U15_v5,96,0,,,,,,,,,,,,,,,,,,,,,,,,,,,,,,,,,,,,,,,,,,,,,,,,,,,,,,,,,,,,,,,,,,,,,,,,,,,,,,,,,,,,,,,,,,,,,,,,,,,,,,,,,,,,,,,,,,,,,,,,,,,,,,,,,,,,
U15_v5,97,0,,,,,,,,,,,,,,,,,,,,,,,,,,,,,,,,,,,,,,,,,,,,,,,,,,,,,,,,,,,,,,,,,,,,,,,,,,,,,,,,,,,,,,,,,,,,,,,,,,,,,,,,,,,,,,,,,,,,,,,,,,,,,,,,,,,,
U15_v5,98,0,,,,,,,,,,,,,,,,,,,,,,,,,,,,,,,,,,,,,,,,,,,,,,,,,,,,,,,,,,,,,,,,,,,,,,,,,,,,,,,,,,,,,,,,,,,,,,,,,,,,,,,,,,,,,,,,,,,,,,,,,,,,,,,,,,,,
U15_v5,99,0,,,,,,,,,,,,,,,,,,,,,,,,,,,,,,,,,,,,,,,,,,,,,,,,,,,,,,,,,,,,,,,,,,,,,,,,,,,,,,,,,,,,,,,,,,,,,,,,,,,,,,,,,,,,,,,,,,,,,,,,,,,,,,,,,,,,
U15_v5,100,0,,,,,,,,,,,,,,,,,,,,,,,,,,,,,,,,,,,,,,,,,,,,,,,,,,,,,,,,,,,,,,,,,,,,,,,,,,,,,,,,,,,,,,,,,,,,,,,,,,,,,,,,,,,,,,,,,,,,,,,,,,,,,,,,,,,,
U15_v5,101,0,,,,,,,,,,,,,,,,,,,,,,,,,,,,,,,,,,,,,,,,,,,,,,,,,,,,,,,,,,,,,,,,,,,,,,,,,,,,,,,,,,,,,,,,,,,,,,,,,,,,,,,,,,,,,,,,,,,,,,,,,,,,,,,,,,,,
U15_v5,102,0,,,,,,,,,,,,,,,,,,,,,,,,,,,,,,,,,,,,,,,,,,,,,,,,,,,,,,,,,,,,,,,,,,,,,,,,,,,,,,,,,,,,,,,,,,,,,,,,,,,,,,,,,,,,,,,,,,,,,,,,,,,,,,,,,,,,
U15_v5,103,0,,,,,,,,,,,,,,,,,,,,,,,,,,,,,,,,,,,,,,,,,,,,,,,,,,,,,,,,,,,,,,,,,,,,,,,,,,,,,,,,,,,,,,,,,,,,,,,,,,,,,,,,,,,,,,,,,,,,,,,,,,,,,,,,,,,,
U15_v5,104,0,,,,,,,,,,,,,,,,,,,,,,,,,,,,,,,,,,,,,,,,,,,,,,,,,,,,,,,,,,,,,,,,,,,,,,,,,,,,,,,,,,,,,,,,,,,,,,,,,,,,,,,,,,,,,,,,,,,,,,,,,,,,,,,,,,,,
U15_v5,105,0,,,,,,,,,,,,,,,,,,,,,,,,,,,,,,,,,,,,,,,,,,,,,,,,,,,,,,,,,,,,,,,,,,,,,,,,,,,,,,,,,,,,,,,,,,,,,,,,,,,,,,,,,,,,,,,,,,,,,,,,,,,,,,,,,,,,
U15_v5,106,0,,,,,,,,,,,,,,,,,,,,,,,,,,,,,,,,,,,,,,,,,,,,,,,,,,,,,,,,,,,,,,,,,,,,,,,,,,,,,,,,,,,,,,,,,,,,,,,,,,,,,,,,,,,,,,,,,,,,,,,,,,,,,,,,,,,,
U15_v5,107,0,,,,,,,,,,,,,,,,,,,,,,,,,,,,,,,,,,,,,,,,,,,,,,,,,,,,,,,,,,,,,,,,,,,,,,,,,,,,,,,,,,,,,,,,,,,,,,,,,,,,,,,,,,,,,,,,,,,,,,,,,,,,,,,,,,,,
U15_v5,108,0,,,,,,,,,,,,,,,,,,,,,,,,,,,,,,,,,,,,,,,,,,,,,,,,,,,,,,,,,,,,,,,,,,,,,,,,,,,,,,,,,,,,,,,,,,,,,,,,,,,,,,,,,,,,,,,,,,,,,,,,,,,,,,,,,,,,
U15_v5,109,0,,,,,,,,,,,,,,,,,,,,,,,,,,,,,,,,,,,,,,,,,,,,,,,,,,,,,,,,,,,,,,,,,,,,,,,,,,,,,,,,,,,,,,,,,,,,,,,,,,,,,,,,,,,,,,,,,,,,,,,,,,,,,,,,,,,,
U15_v5,110,0,,,,,,,,,,,,,,,,,,,,,,,,,,,,,,,,,,,,,,,,,,,,,,,,,,,,,,,,,,,,,,,,,,,,,,,,,,,,,,,,,,,,,,,,,,,,,,,,,,,,,,,,,,,,,,,,,,,,,,,,,,,,,,,,,,,,
