video_id,frame_id,target_detected,landmark_0_x,landmark_0_y,landmark_0_z,landmark_0_visibility,landmark_1_x,landmark_1_y,landmark_1_z,landmark_1_visibility,landmark_2_x,landmark_2_y,landmark_2_z,landmark_2_visibility,landmark_3_x,landmark_3_y,landmark_3_z,landmark_3_visibility,landmark_4_x,landmark_4_y,landmark_4_z,landmark_4_visibility,landmark_5_x,landmark_5_y,landmark_5_z,landmark_5_visibility,landmark_6_x,landmark_6_y,landmark_6_z,landmark_6_visibility,landmark_7_x,landmark_7_y,landmark_7_z,landmark_7_visibility,landmark_8_x,landmark_8_y,landmark_8_z,landmark_8_visibility,landmark_9_x,landmark_9_y,landmark_9_z,landmark_9_visibility,landmark_10_x,landmark_10_y,landmark_10_z,landmark_10_visibility,landmark_11_x,landmark_11_y,landmark_11_z,landmark_11_visibility,landmark_12_x,landmark_12_y,landmark_12_z,landmark_12_visibility,landmark_13_x,landmark_13_y,landmark_13_z,landmark_13_visibility,landmark_14_x,landmark_14_y,landmark_14_z,landmark_14_visibility,landmark_15_x,landmark_15_y,landmark_15_z,landmark_15_visibility,landmark_16_x,landmark_16_y,landmark_16_z,landmark_16_visibility,landmark_17_x,landmark_17_y,landmark_17_z,landmark_17_visibility,landmark_18_x,landmark_18_y,landmark_18_z,landmark_18_visibility,landmark_19_x,landmark_19_y,landmark_19_z,landmark_19_visibility,landmark_20_x,landmark_20_y,landmark_20_z,landmark_20_visibility,landmark_21_x,landmark_21_y,landmark_21_z,landmark_21_visibility,landmark_22_x,landmark_22_y,landmark_22_z,landmark_22_visibility,landmark_23_x,landmark_23_y,landmark_23_z,landmark_23_visibility,landmark_24_x,landmark_24_y,landmark_24_z,landmark_24_visibility,landmark_25_x,landmark_25_y,landmark_25_z,landmark_25_visibility,landmark_26_x,landmark_26_y,landmark_26_z,landmark_26_visibility,landmark_27_x,landmark_27_y,landmark_27_z,landmark_27_visibility,landmark_28_x,landmark_28_y,landmark_28_z,landmark_28_visibility,landmark_29_x,landmark_29_y,landmark_29_z,landmark_29_visibility,landmark_30_x,landmark_30_y,landmark_30_z,landmark_30_visibility,landmark_31_x,landmark_31_y,landmark_31_z,landmark_31_visibility,landmark_32_x,landmark_32_y,landmark_32_z,landmark_32_visibility
General3,1,1,0.4722818434238434,0.3032294809818268,-0.16068865358829498,0.999967098236084,0.46798527240753174,0.2979613244533539,-0.11918701231479645,0.999937891960144,0.47014835476875305,0.29779052734375,-0.11924157291650772,0.9999067783355713,0.47225257754325867,0.29760313034057617,-0.11931362003087997,0.9999369382858276,0.4573828876018524,0.2991909384727478,-0.1524825543165207,0.9999524354934692,0.4523349404335022,0.2999681234359741,-0.15251614153385162,0.9999510049819946,0.4462534487247467,0.30092960596084595,-0.15252436697483063,0.9999580383300781,0.4656161963939667,0.3018195629119873,0.061435624957084656,0.9999210834503174,0.4304211437702179,0.30852362513542175,-0.08044856786727905,0.9999111890792847,0.47996121644973755,0.3100210428237915,-0.09353018552064896,0.9997579455375671,0.4682216942310333,0.31186801195144653,-0.1345365047454834,0.9996517896652222,0.4967414438724518,0.33438825607299805,0.21978341042995453,0.9993718266487122,0.43570321798324585,0.3451525568962097,-0.15087823569774628,0.9970811009407043,0.5885422229766846,0.32715505361557007,0.2571827471256256,0.8794499635696411,0.5223305821418762,0.34041547775268555,-0.23215457797050476,0.9672216773033142,0.5073443651199341,0.2936793863773346,0.249940887093544,0.8100047707557678,0.4897613525390625,0.29750481247901917,-0.10800252854824066,0.9351022839546204,0.48752284049987793,0.28364720940589905,0.2434832900762558,0.6447300314903259,0.47430822253227234,0.28702759742736816,-0.12002965062856674,0.8808262944221497,0.48119214177131653,0.2849619686603546,0.27695396542549133,0.6244468688964844,0.46271273493766785,0.288459837436676,-0.13274069130420685,0.8755050897598267,0.48383718729019165,0.290109246969223,0.25977659225463867,0.6032814979553223,0.4683355689048767,0.2939068377017975,-0.11047517508268356,0.8654520511627197,0.5307079553604126,0.43225714564323425,0.14412373304367065,0.9988446235656738,0.5034367442131042,0.43682676553726196,-0.14413969218730927,0.9981604218482971,0.6390209197998047,0.48064443469047546,-0.003108599688857794,0.5483836531639099,0.6317795515060425,0.48067039251327515,-0.2372778356075287,0.8922765851020813,0.5328264236450195,0.5374743342399597,0.13622954487800598,0.5027140974998474,0.5378828644752502,0.5413463115692139,-0.12254241108894348,0.9293519854545593,0.4998536705970764,0.5479194521903992,0.1474502831697464,0.5571548938751221,0.5092290043830872,0.5514276623725891,-0.1120549812912941,0.9090383648872375,0.5625672936439514,0.5654321908950806,0.10066800564527512,0.6020719408988953,0.5904725790023804,0.5716150999069214,-0.1685340851545334,0.9284073710441589
General3,2,1,0.4725790321826935,0.3036647439002991,-0.17416539788246155,0.9999665021896362,0.46839889883995056,0.29837778210639954,-0.13257014751434326,0.999932050704956,0.47055575251579285,0.29811254143714905,-0.13262468576431274,0.9998948574066162,0.47266650199890137,0.297930508852005,-0.13268978893756866,0.9999281167984009,0.4575258493423462,0.2994934916496277,-0.16562746465206146,0.9999518394470215,0.45237699151039124,0.30026569962501526,-0.16566739976406097,0.9999502897262573,0.44609853625297546,0.301241397857666,-0.16568349301815033,0.9999581575393677,0.4659021198749542,0.3021734952926636,0.04663039743900299,0.999901294708252,0.4300304651260376,0.30885371565818787,-0.09371858835220337,0.9999079704284668,0.48010849952697754,0.31047603487968445,-0.10763351619243622,0.9996991157531738,0.46827375888824463,0.3123108148574829,-0.14816029369831085,0.9995978474617004,0.491839736700058,0.3348953127861023,0.20828679203987122,0.9991393089294434,0.4357941448688507,0.3453597128391266,-0.16512784361839294,0.9971747398376465,0.587794303894043,0.3271436393260956,0.25680288672447205,0.8575809597969055,0.5235720872879028,0.34037357568740845,-0.2235986590385437,0.9694244265556335,0.5066751837730408,0.29350996017456055,0.255088746547699,0.7814546823501587,0.4902573525905609,0.2971792221069336,-0.07137235254049301,0.9318681359291077,0.48723313212394714,0.2835533916950226,0.24949222803115845,0.6098224520683289,0.4745330512523651,0.2868487536907196,-0.08022604137659073,0.8728942275047302,0.48095935583114624,0.2848975658416748,0.2812047004699707,0.5898467302322388,0.46284574270248413,0.28791773319244385,-0.0947066992521286,0.867162823677063,0.48369407653808594,0.29017165303230286,0.264119029045105,0.5716440081596375,0.4681096076965332,0.29344022274017334,-0.07378692924976349,0.8570724129676819,0.5301516056060791,0.4327327609062195,0.14597254991531372,0.9985871315002441,0.5051904916763306,0.4370620548725128,-0.14603497087955475,0.9979984164237976,0.6336269974708557,0.48210033774375916,0.013289243914186954,0.4522390365600586,0.634124219417572,0.4826558828353882,-0.22601820528507233,0.8892168998718262,0.5332143902778625,0.5375681519508362,0.15293769538402557,0.4327492117881775,0.5391439199447632,0.5411320924758911,-0.11728781461715698,0.9312735795974731,0.49976667761802673,0.5482045412063599,0.16433700919151306,0.5221514701843262,0.5103061199188232,0.551296055316925,-0.10738272219896317,0.9143643379211426,0.5626772046089172,0.5652140974998474,0.1255800724029541,0.5531030297279358,0.5907690525054932,0.571218729019165,-0.1580212265253067,0.9287692904472351
General3,3,1,0.47689029574394226,0.3004687428474426,-0.11926954239606857,0.9999549388885498,0.47140562534332275,0.29551488161087036,-0.08266840875148773,0.9999340772628784,0.4733247458934784,0.29556941986083984,-0.08270776271820068,0.9999011754989624,0.47535404562950134,0.2955899238586426,-0.08277193456888199,0.9999436140060425,0.462184339761734,0.2962867021560669,-0.11788531392812729,0.99993896484375,0.4576972723007202,0.2968801259994507,-0.11786691844463348,0.9999308586120605,0.45344310998916626,0.2974381148815155,-0.11787412315607071,0.9999419450759888,0.46877264976501465,0.3020147681236267,0.08103306591510773,0.9999284744262695,0.4389646649360657,0.30564814805984497,-0.07197410613298416,0.9999295473098755,0.48405569791793823,0.30794528126716614,-0.05811861529946327,0.9998832941055298,0.47384190559387207,0.30920571088790894,-0.1024690717458725,0.9998230338096619,0.5084956288337708,0.336483359336853,0.23160617053508759,0.9996464252471924,0.4366976022720337,0.3434056341648102,-0.1719416081905365,0.9987432360649109,0.6068817377090454,0.32484129071235657,0.19305174052715302,0.9363725781440735,0.5312241315841675,0.3463011085987091,-0.3130302131175995,0.9609924554824829,0.5226587653160095,0.29083189368247986,0.14552509784698486,0.9045905470848083,0.49254176020622253,0.3088991343975067,-0.2206558734178543,0.9369226694107056,0.4994097948074341,0.2804621458053589,0.13470813632011414,0.771556556224823,0.47590726613998413,0.2930787205696106,-0.23713505268096924,0.8937520980834961,0.49215301871299744,0.2804967164993286,0.17931662499904633,0.7487799525260925,0.4607500433921814,0.2972028851509094,-0.24671778082847595,0.8848512768745422,0.49649086594581604,0.2850304841995239,0.1585657000541687,0.7372756600379944,0.46928301453590393,0.30234354734420776,-0.2232688069343567,0.8742464780807495,0.5368359088897705,0.4390769302845001,0.16282929480075836,0.9995225667953491,0.5070332288742065,0.43895992636680603,-0.16294139623641968,0.9990816116333008,0.6147639751434326,0.5007310509681702,0.13185670971870422,0.4651508033275604,0.6283442974090576,0.48717057704925537,-0.19352740049362183,0.9367044568061829,0.5415975451469421,0.5507799386978149,0.20047436654567719,0.5871185660362244,0.545623779296875,0.5475403666496277,-0.10407467931509018,0.9367141723632812,0.5025985836982727,0.564163088798523,0.2019592821598053,0.6384092569351196,0.51195228099823,0.5578309297561646,-0.09644876420497894,0.890338659286499,0.595370888710022,0.5815626382827759,0.14172819256782532,0.6927473545074463,0.6012041568756104,0.5801256895065308,-0.154698446393013,0.9364542365074158
General3,4,1,0.4805039167404175,0.30036312341690063,-0.09685967862606049,0.9999369382858276,0.4727933406829834,0.29585373401641846,-0.06297134608030319,0.9999029636383057,0.4739745855331421,0.2960137128829956,-0.06302378326654434,0.9998635053634644,0.475336492061615,0.29616159200668335,-0.06309760361909866,0.9999258518218994,0.46517014503479004,0.2963597774505615,-0.1016194298863411,0.9999061822891235,0.46072813868522644,0.2969762682914734,-0.10159541666507721,0.9998971223831177,0.4564701020717621,0.29759782552719116,-0.10160686075687408,0.9999127388000488,0.465596079826355,0.30284371972084045,0.09101610630750656,0.9999184608459473,0.44100454449653625,0.3061370253562927,-0.07836662977933884,0.9998974800109863,0.4869694411754608,0.30779749155044556,-0.03870786726474762,0.9998646974563599,0.47830286622047424,0.30905917286872864,-0.0878349170088768,0.9997819066047668,0.507011890411377,0.33692675828933716,0.23913328349590302,0.9997419714927673,0.4401916265487671,0.3441523015499115,-0.17789185047149658,0.9986603260040283,0.6073441505432129,0.3239558935165405,0.23018765449523926,0.9486514329910278,0.5323103666305542,0.34709063172340393,-0.3241272568702698,0.9639903903007507,0.5222094655036926,0.29076069593429565,0.20437082648277283,0.9188306927680969,0.4894194006919861,0.3085232973098755,-0.2408207505941391,0.9375507831573486,0.49916863441467285,0.2810479402542114,0.19622111320495605,0.795767605304718,0.47551652789115906,0.2934500575065613,-0.261089950799942,0.8943635821342468,0.49131715297698975,0.28150564432144165,0.23751668632030487,0.7756766080856323,0.4604042172431946,0.30128350853919983,-0.26993101835250854,0.8849470615386963,0.4958915412425995,0.286211758852005,0.21668937802314758,0.7611415386199951,0.4688394069671631,0.3025864064693451,-0.2439313530921936,0.8717384934425354,0.5336565971374512,0.43984314799308777,0.16659915447235107,0.9995092153549194,0.5118930339813232,0.43956080079078674,-0.16666044294834137,0.998931348323822,0.6136788725852966,0.5002671480178833,0.13859470188617706,0.45181968808174133,0.6285679340362549,0.48749133944511414,-0.19429050385951996,0.9345957636833191,0.541609525680542,0.5505958795547485,0.20371055603027344,0.5667895078659058,0.5455881953239441,0.5470321178436279,-0.10850483924150467,0.9375562071800232,0.5029007196426392,0.564089298248291,0.2046688050031662,0.6264508962631226,0.5121618509292603,0.5575394034385681,-0.10149604082107544,0.8962683081626892,0.5951327085494995,0.5816124677658081,0.14256276190280914,0.6805685758590698,0.6012868881225586,0.5800358057022095,-0.16321371495723724,0.9366002082824707
General3,5,1,0.48325902223587036,0.30021798610687256,-0.10376960039138794,0.9999427795410156,0.47455811500549316,0.29581794142723083,-0.0702679455280304,0.9999035596847534,0.4751303493976593,0.295956015586853,-0.0703200176358223,0.9998700618743896,0.47577404975891113,0.29606983065605164,-0.07040657848119736,0.9999291896820068,0.4683942496776581,0.2963937819004059,-0.11285528540611267,0.999908447265625,0.46440210938453674,0.29706665873527527,-0.11281851679086685,0.9999027252197266,0.4601815342903137,0.2977924942970276,-0.11281774938106537,0.999911904335022,0.4643946588039398,0.30288225412368774,0.08505071699619293,0.9999294281005859,0.44366493821144104,0.30675190687179565,-0.10284245014190674,0.9999083280563354,0.48861879110336304,0.30725741386413574,-0.04478827491402626,0.9998706579208374,0.48106858134269714,0.3084963858127594,-0.09927108138799667,0.9997851252555847,0.5057314038276672,0.3363083004951477,0.23455888032913208,0.9998252987861633,0.442575603723526,0.345176100730896,-0.20211614668369293,0.9989292025566101,0.6072258353233337,0.3232719302177429,0.24157586693763733,0.935540497303009,0.5295692682266235,0.3468901515007019,-0.37926721572875977,0.9687035083770752,0.5212313532829285,0.2901952862739563,0.22345712780952454,0.9035911560058594,0.48639804124832153,0.307778537273407,-0.33269864320755005,0.9392370581626892,0.4987298548221588,0.28047823905944824,0.21538041532039642,0.767568051815033,0.4741722345352173,0.2921200394630432,-0.3605351150035858,0.8959044814109802,0.4906156361103058,0.2810332477092743,0.2516547739505768,0.7485412359237671,0.4590685963630676,0.2980847954750061,-0.3659369945526123,0.8856031894683838,0.4950349032878876,0.28579896688461304,0.23348815739154816,0.7324391007423401,0.46723586320877075,0.30231326818466187,-0.3357391655445099,0.867374062538147,0.5361223220825195,0.4386657476425171,0.17321445047855377,0.999566376209259,0.5161654353141785,0.43935561180114746,-0.17322716116905212,0.9989868998527527,0.6160245537757874,0.494385689496994,0.148973286151886,0.4354819059371948,0.6420426368713379,0.48706167936325073,-0.20865710079669952,0.9479936361312866,0.5428341031074524,0.5527353286743164,0.21834903955459595,0.5684716701507568,0.5423548817634583,0.548456609249115,-0.10249409079551697,0.9402429461479187,0.5079831480979919,0.5648701786994934,0.21930235624313354,0.6020002961158752,0.5084967613220215,0.5582491755485535,-0.09342951327562332,0.8976382613182068,0.5979369282722473,0.5820015668869019,0.15587322413921356,0.66758793592453,0.5922141075134277,0.5780888795852661,-0.15254803001880646,0.9344238638877869
General3,6,1,0.4913819432258606,0.3049968481063843,-0.1322641670703888,0.9999455213546753,0.48407694697380066,0.2997329831123352,-0.09501021355390549,0.9998964071273804,0.4857301115989685,0.29951906204223633,-0.09507286548614502,0.9998513460159302,0.4875095784664154,0.29928505420684814,-0.09510396420955658,0.9999090433120728,0.47565793991088867,0.30058375000953674,-0.13208097219467163,0.9999098777770996,0.47165825963020325,0.3012601137161255,-0.13211417198181152,0.9999063014984131,0.46688035130500793,0.3020412027835846,-0.13213428854942322,0.9999188184738159,0.4799160957336426,0.30400216579437256,0.07422001659870148,0.9998925924301147,0.45161837339401245,0.3095446527004242,-0.08882873505353928,0.9999066591262817,0.498480886220932,0.3109612464904785,-0.06878064572811127,0.9998440742492676,0.487493097782135,0.3126969635486603,-0.1160295307636261,0.9997614026069641,0.5274958610534668,0.3370445966720581,0.224225714802742,0.9996910095214844,0.45571205019950867,0.34489545226097107,-0.18584826588630676,0.9989787340164185,0.6157171130180359,0.31641286611557007,0.1906876415014267,0.9534484148025513,0.5268428921699524,0.33318063616752625,-0.27182236313819885,0.9660555124282837,0.520148515701294,0.2849966883659363,0.10614737868309021,0.8909094929695129,0.4803606867790222,0.29454708099365234,-0.10979518294334412,0.9023759961128235,0.4956662952899933,0.2772987186908722,0.08444281667470932,0.7568920254707336,0.4667891263961792,0.28376591205596924,-0.1275237649679184,0.8351098895072937,0.48995840549468994,0.2767077684402466,0.12473395466804504,0.739349901676178,0.4523984491825104,0.2879103422164917,-0.14601582288742065,0.8256239891052246,0.4956982731819153,0.2817385792732239,0.11538412421941757,0.7300694584846497,0.4589848518371582,0.29303067922592163,-0.11498616635799408,0.8145560622215271,0.5313258767127991,0.44778677821159363,0.17460687458515167,0.9995731711387634,0.5085284113883972,0.4461871087551117,-0.1746891885995865,0.9991247057914734,0.6005238890647888,0.5087406635284424,0.15921561419963837,0.36344441771507263,0.6325594782829285,0.49046003818511963,-0.20406876504421234,0.9543956518173218,0.5463429093360901,0.5628076195716858,0.2606264650821686,0.5011829137802124,0.5470613241195679,0.5562610030174255,-0.09345052391290665,0.9517455101013184,0.5094529390335083,0.5726916790008545,0.2659447491168976,0.554778516292572,0.5144454836845398,0.5646960735321045,-0.08366207778453827,0.9151708483695984,0.5982250571250916,0.592418909072876,0.20286761224269867,0.6422212719917297,0.6031243801116943,0.587199866771698,-0.15868423879146576,0.9515022039413452
General3,7,1,0.49244189262390137,0.30555278062820435,-0.13574054837226868,0.99988853931427,0.4854593575000763,0.299876868724823,-0.10040276497602463,0.999783456325531,0.4870285987854004,0.29965195059776306,-0.10046949237585068,0.9996827840805054,0.4887203872203827,0.2994096279144287,-0.10052391141653061,0.9998094439506531,0.4771057069301605,0.30063337087631226,-0.13912436366081238,0.9998229146003723,0.4730890393257141,0.3012089729309082,-0.1391705721616745,0.9998155236244202,0.4682019352912903,0.30189400911331177,-0.139189675450325,0.9998419284820557,0.4785129129886627,0.3039279580116272,0.062112219631671906,0.9997847676277161,0.45180249214172363,0.3089469373226166,-0.1096222996711731,0.9998077750205994,0.49888670444488525,0.31164002418518066,-0.07426866143941879,0.9996781349182129,0.48783841729164124,0.3133387267589569,-0.12417993694543839,0.9994937181472778,0.5168474912643433,0.33813709020614624,0.21372860670089722,0.9995394945144653,0.4556081295013428,0.34349268674850464,-0.2000119388103485,0.9983532428741455,0.6092530488967896,0.31712275743484497,0.2519492506980896,0.9217718839645386,0.5307071805000305,0.3340163230895996,-0.31244727969169617,0.9470628499984741,0.5186532735824585,0.2851000428199768,0.24943427741527557,0.8459405899047852,0.49035120010375977,0.2947482764720917,-0.1926247924566269,0.8468084335327148,0.49493667483329773,0.27716320753097534,0.24251586198806763,0.6949563026428223,0.47764265537261963,0.2839275300502777,-0.21454782783985138,0.7659792304039001,0.48937079310417175,0.27685409784317017,0.2758002281188965,0.6783849596977234,0.46421462297439575,0.28804460167884827,-0.2261366993188858,0.751318097114563,0.49467289447784424,0.2818988859653473,0.258463054895401,0.6681267023086548,0.47071099281311035,0.29289570450782776,-0.1964823454618454,0.7376582026481628,0.5323895215988159,0.44762852787971497,0.17031323909759521,0.9993982315063477,0.5083669424057007,0.4465096890926361,-0.17039912939071655,0.9988413453102112,0.5913903117179871,0.5080979466438293,0.16822391748428345,0.3125629127025604,0.6338242888450623,0.48804423213005066,-0.201076477766037,0.9236493110656738,0.5442649722099304,0.5633431673049927,0.254920095205307,0.4357687532901764,0.5453697443008423,0.555157482624054,-0.0895729511976242,0.9288791418075562,0.5117167234420776,0.5741461515426636,0.25860607624053955,0.4795774221420288,0.5159488916397095,0.5645194053649902,-0.07997159659862518,0.8910425901412964,0.6019461154937744,0.5917108654975891,0.19537609815597534,0.5887601971626282,0.6068754196166992,0.5866983532905579,-0.15335869789123535,0.934222936630249
General3,8,1,0.4964544475078583,0.30277788639068604,-0.15095852315425873,0.9998898506164551,0.4839915633201599,0.29825523495674133,-0.11273184418678284,0.9997406601905823,0.4850541353225708,0.29777055978775024,-0.11283507943153381,0.9996641874313354,0.4859526455402374,0.2971912920475006,-0.11287502944469452,0.9997534155845642,0.47655728459358215,0.3007766902446747,-0.15447504818439484,0.9998056292533875,0.47234776616096497,0.3022649586200714,-0.15451516211032867,0.9998160004615784,0.46828344464302063,0.3039131164550781,-0.15455077588558197,0.999816358089447,0.4786151051521301,0.30212581157684326,0.06043031066656113,0.999723494052887,0.45692142844200134,0.31217002868652344,-0.12422514706850052,0.9997889399528503,0.504867672920227,0.30772554874420166,-0.0857188031077385,0.9995046854019165,0.49312299489974976,0.3114659786224365,-0.13899537920951843,0.999219536781311,0.5224777460098267,0.3284440338611603,0.21199385821819305,0.9997063279151917,0.47686654329299927,0.34737545251846313,-0.2190510332584381,0.9988253712654114,0.6161748766899109,0.3037451207637787,0.1336555927991867,0.9207680225372314,0.5610296130180359,0.3526037633419037,-0.38880959153175354,0.9676297903060913,0.5195447206497192,0.2759385108947754,-0.01636335998773575,0.8625850677490234,0.5105646252632141,0.3050287067890167,-0.3525492250919342,0.9633744359016418,0.4927734434604645,0.26755911111831665,-0.04587416723370552,0.7060043811798096,0.49418914318084717,0.2856162488460541,-0.38627415895462036,0.9367272257804871,0.4876493215560913,0.26851409673690796,-0.004868692718446255,0.6843661069869995,0.48850709199905396,0.289460688829422,-0.38911840319633484,0.9304148554801941,0.4951763451099396,0.2738122344017029,-0.007980724796652794,0.6782260537147522,0.49176880717277527,0.29701268672943115,-0.3528832495212555,0.9096402525901794,0.5420111417770386,0.44122833013534546,0.18118540942668915,0.9995298385620117,0.5206203460693359,0.44655606150627136,-0.18130116164684296,0.9988634586334229,0.6291571855545044,0.49661508202552795,0.1320357322692871,0.3922813832759857,0.6504693031311035,0.49507564306259155,-0.27451127767562866,0.9596565365791321,0.5693536996841431,0.5611417889595032,0.21622297167778015,0.5194813013076782,0.5515671372413635,0.5653663873672485,-0.14328648149967194,0.9273966550827026,0.5920589566230774,0.5756857395172119,0.21903197467327118,0.5180875062942505,0.5202668309211731,0.5734561681747437,-0.12959133088588715,0.8215659260749817,0.6478012800216675,0.5802648663520813,0.16150236129760742,0.5960102677345276,0.6081091165542603,0.5968953371047974,-0.1923077553510666,0.912968635559082
General3,9,1,0.4950086772441864,0.30153653025627136,-0.14603377878665924,0.999860405921936,0.48169583082199097,0.2978035807609558,-0.10644035041332245,0.9996669292449951,0.4825980067253113,0.29739513993263245,-0.10655597597360611,0.9996008276939392,0.4833170771598816,0.2968815565109253,-0.10658105462789536,0.9997014403343201,0.47512829303741455,0.3002120554447174,-0.1501099020242691,0.999752938747406,0.47140905261039734,0.3016940951347351,-0.15015563368797302,0.9997765421867371,0.46768102049827576,0.3032141923904419,-0.15020057559013367,0.9997623562812805,0.4766507148742676,0.3023272752761841,0.06712465733289719,0.9996929168701172,0.4566692113876343,0.3116988241672516,-0.12580417096614838,0.9997463822364807,0.5040507912635803,0.30657997727394104,-0.08117681741714478,0.9994726777076721,0.4938207268714905,0.3101995587348938,-0.13679370284080505,0.9991432428359985,0.5235023498535156,0.3271501660346985,0.20797449350357056,0.9997174143791199,0.47685083746910095,0.3481140732765198,-0.22782784700393677,0.9989226460456848,0.6205012202262878,0.3031509816646576,0.09436795860528946,0.9444283246994019,0.5738185048103333,0.35908782482147217,-0.4014185070991516,0.9777302742004395,0.5181766748428345,0.274526983499527,-0.10369060188531876,0.9069069623947144,0.5250997543334961,0.3108353018760681,-0.3761278986930847,0.976366400718689,0.49089252948760986,0.26596346497535706,-0.14304949343204498,0.7826732993125916,0.5094658136367798,0.2966594099998474,-0.41468918323516846,0.9574680924415588,0.48694872856140137,0.26709240674972534,-0.10259003937244415,0.7650130391120911,0.5015102624893188,0.29882338643074036,-0.4170513153076172,0.9530802369117737,0.4934571385383606,0.27206671237945557,-0.09707421064376831,0.7578878402709961,0.5047468543052673,0.3032606244087219,-0.3763659596443176,0.9356997609138489,0.5447711944580078,0.44109249114990234,0.18239061534404755,0.9995439648628235,0.5209492444992065,0.44618046283721924,-0.18246863782405853,0.9988968372344971,0.6327769160270691,0.49412357807159424,0.11538209021091461,0.4298282861709595,0.6493969559669495,0.495012491941452,-0.2981977164745331,0.9663159251213074,0.5727863311767578,0.5589199662208557,0.21012185513973236,0.519744336605072,0.5514480471611023,0.5658230185508728,-0.15337665379047394,0.9265367388725281,0.5956587791442871,0.5736703872680664,0.21369780600070953,0.5280853509902954,0.5208569169044495,0.5743606090545654,-0.13863664865493774,0.8179920315742493,0.6630255579948425,0.5757386088371277,0.15445268154144287,0.602803647518158,0.6090110540390015,0.596490740776062,-0.20685674250125885,0.9112666845321655
General3,10,1,0.4974292516708374,0.30332568287849426,-0.12336961179971695,0.9998596906661987,0.48533743619918823,0.2990996539592743,-0.08610261976718903,0.9996984004974365,0.4862794280052185,0.2986581325531006,-0.08620563894510269,0.9996157884597778,0.4876198172569275,0.2981339395046234,-0.08624723553657532,0.9997289776802063,0.47844526171684265,0.30139267444610596,-0.12702874839305878,0.999744713306427,0.4743461012840271,0.3028638958930969,-0.12705467641353607,0.9997461438179016,0.4703957736492157,0.30436819791793823,-0.12709300220012665,0.9997536540031433,0.4797405004501343,0.3034144341945648,0.0811295360326767,0.9996883869171143,0.4592128098011017,0.3124050199985504,-0.09967166930437088,0.9996899366378784,0.5057293176651001,0.3082135021686554,-0.06010395660996437,0.9992961883544922,0.49508580565452576,0.31147584319114685,-0.11233487725257874,0.9988682270050049,0.5268878936767578,0.32820603251457214,0.21985389292240143,0.9996387958526611,0.47559258341789246,0.3465993106365204,-0.19071172177791595,0.9979268312454224,0.6128294467926025,0.3034783899784088,0.14025190472602844,0.9246190190315247,0.5373566150665283,0.339872270822525,-0.3340744376182556,0.9575914144515991,0.5172609686851501,0.2755797505378723,-0.009855356998741627,0.8638802170753479,0.4871283769607544,0.29338738322257996,-0.2696630656719208,0.9383115768432617,0.49065878987312317,0.2670940160751343,-0.040950071066617966,0.7136476635932922,0.48240455985069275,0.2755955457687378,-0.2989982068538666,0.8975234627723694,0.4861178696155548,0.2681248188018799,-0.0014943951973691583,0.6943864822387695,0.45807477831840515,0.28225183486938477,-0.3063068687915802,0.8891087770462036,0.49391964077949524,0.27347061038017273,-0.0021100505255162716,0.6863641738891602,0.4650714695453644,0.2873777449131012,-0.2714729607105255,0.8656315207481384,0.5423229932785034,0.4406462013721466,0.17282512784004211,0.9993295669555664,0.5216971039772034,0.4459444582462311,-0.1729203313589096,0.9982860684394836,0.6298145651817322,0.4943973422050476,0.11128254979848862,0.37653687596321106,0.6470494270324707,0.49384886026382446,-0.264242947101593,0.9432058930397034,0.5707438588142395,0.561785101890564,0.18109039962291718,0.4838392734527588,0.5532609820365906,0.5658015012741089,-0.16047394275665283,0.9052278399467468,0.5864802002906799,0.5755351781845093,0.18241575360298157,0.4777612090110779,0.5230270624160767,0.5731828212738037,-0.15030726790428162,0.7896345257759094,0.6451436877250671,0.5840097665786743,0.11874942481517792,0.5615065693855286,0.6062624454498291,0.596699595451355,-0.2211952656507492,0.8892346024513245
General3,11,1,0.5172658562660217,0.2986675202846527,-0.05729983374476433,0.9999167919158936,0.501954972743988,0.2950323820114136,-0.024321947246789932,0.9998086094856262,0.5017483234405518,0.2949278950691223,-0.024411838501691818,0.9997754693031311,0.5014976263046265,0.29481273889541626,-0.024440988898277283,0.9998517036437988,0.49743223190307617,0.29627153277397156,-0.07458240538835526,0.9998610019683838,0.49393266439437866,0.2971993088722229,-0.07463253289461136,0.9998728036880493,0.49010735750198364,0.29825273156166077,-0.07465912401676178,0.9998712539672852,0.4897940158843994,0.3016202449798584,0.12188442051410675,0.9998513460159302,0.47517138719558716,0.30767571926116943,-0.10075665265321732,0.9998729228973389,0.5224097371101379,0.3043578863143921,-0.0005317037575878203,0.9997022747993469,0.5158277750015259,0.3069169223308563,-0.06472716480493546,0.9995220899581909,0.52916419506073,0.33032697439193726,0.2602495551109314,0.9997949004173279,0.4870072603225708,0.3474287688732147,-0.21433430910110474,0.9993382096290588,0.6172211766242981,0.2953208088874817,0.2080124020576477,0.9318722486495972,0.5987688899040222,0.36330416798591614,-0.2727658450603485,0.9704737067222595,0.5139894485473633,0.26733410358428955,0.0847192332148552,0.8811474442481995,0.5577861070632935,0.3145592510700226,-0.08986708521842957,0.9548720121383667,0.4914742708206177,0.25935840606689453,0.05843762680888176,0.7482456564903259,0.5452600717544556,0.3053920269012451,-0.10432565957307816,0.9278364181518555,0.485818475484848,0.25912150740623474,0.09788505733013153,0.7304155826568604,0.5338902473449707,0.3053513169288635,-0.1185334175825119,0.9209698438644409,0.49124041199684143,0.26280903816223145,0.09208494424819946,0.7305319309234619,0.5331680774688721,0.3059128224849701,-0.08944950997829437,0.8978649973869324,0.5501195192337036,0.44229593873023987,0.1954496055841446,0.9997963309288025,0.5250517725944519,0.44497212767601013,-0.19557686150074005,0.9995008707046509,0.6346141695976257,0.503338098526001,0.16017726063728333,0.3019678294658661,0.660932719707489,0.5023735165596008,-0.27029165625572205,0.9564548134803772,0.5704649686813354,0.560329020023346,0.3040066361427307,0.3913375437259674,0.5587649345397949,0.5665292739868164,-0.09488146752119064,0.9072078466415405,0.5469583868980408,0.5677347779273987,0.31538522243499756,0.45915108919143677,0.527869462966919,0.5748095512390137,-0.07517071068286896,0.8367906808853149,0.614578902721405,0.5788066983222961,0.2913435399532318,0.5381398797035217,0.604564905166626,0.5971572399139404,-0.11168045550584793,0.9077078104019165
General3,12,1,0.516284704208374,0.29855629801750183,-0.054107364267110825,0.9999192953109741,0.5007169246673584,0.2949214577674866,-0.020677030086517334,0.9998136162757874,0.5005156397819519,0.2948142886161804,-0.020766606554389,0.9997827410697937,0.5002551078796387,0.2947096824645996,-0.020796123892068863,0.999855637550354,0.496091365814209,0.2962535619735718,-0.07133711129426956,0.9998617172241211,0.4925469160079956,0.2972361445426941,-0.07137612998485565,0.9998736381530762,0.4885811507701874,0.29835057258605957,-0.0714089572429657,0.9998699426651001,0.4890761971473694,0.30169758200645447,0.12745928764343262,0.9998515844345093,0.47443971037864685,0.3077789545059204,-0.09697570651769638,0.999882698059082,0.521663248538971,0.3042644262313843,0.0033252639696002007,0.9997065663337708,0.5149292945861816,0.3069644570350647,-0.06137268990278244,0.9995089769363403,0.5312137603759766,0.3302905559539795,0.26532530784606934,0.999784529209137,0.48654183745384216,0.34749239683151245,-0.21291428804397583,0.9992527365684509,0.6183214783668518,0.2953360974788666,0.20756657421588898,0.9301996231079102,0.5973928570747375,0.3593496084213257,-0.2751120924949646,0.9733928442001343,0.5133795738220215,0.26709985733032227,0.07655096799135208,0.8735731244087219,0.558102011680603,0.31459611654281616,-0.09027673304080963,0.9568341374397278,0.49087804555892944,0.25931206345558167,0.048590440303087234,0.7334710359573364,0.5450857877731323,0.3052293062210083,-0.10504674166440964,0.929039478302002,0.48518943786621094,0.2591031789779663,0.08888420462608337,0.7162190079689026,0.533414363861084,0.30513662099838257,-0.12039252370595932,0.9222574234008789,0.4894334375858307,0.26272666454315186,0.08384664356708527,0.7173463702201843,0.5326224565505981,0.3056853413581848,-0.09043167531490326,0.8992612361907959,0.5522454977035522,0.44257161021232605,0.194745272397995,0.9998045563697815,0.5251219868659973,0.44509878754615784,-0.19484660029411316,0.9994179010391235,0.6345404386520386,0.5037134885787964,0.1413659155368805,0.35150277614593506,0.660175621509552,0.5021951198577881,-0.27758097648620605,0.9602859616279602,0.5812344551086426,0.5675269365310669,0.26202264428138733,0.4383576214313507,0.5586778521537781,0.5663499236106873,-0.08734022080898285,0.8828288316726685,0.5584298968315125,0.5763983726501465,0.27037668228149414,0.478187620639801,0.5278788208961487,0.5746882557868958,-0.06592248380184174,0.7978742122650146,0.6225525736808777,0.5932237505912781,0.2393910139799118,0.5582976341247559,0.6045665740966797,0.5966445207595825,-0.09629226475954056,0.8839864730834961
General3,13,1,0.5175696015357971,0.29935353994369507,-0.04701419547200203,0.9999135732650757,0.5026989579200745,0.295778751373291,-0.015654997900128365,0.9997931122779846,0.5025461912155151,0.29566216468811035,-0.015745574608445168,0.9997588992118835,0.5023236274719238,0.2955162525177002,-0.01577155478298664,0.9998379945755005,0.49789586663246155,0.29697275161743164,-0.06558533757925034,0.9998494386672974,0.4942709803581238,0.29783564805984497,-0.06564360857009888,0.9998612403869629,0.49033036828041077,0.29881033301353455,-0.06567280739545822,0.9998632669448853,0.4901910722255707,0.30195802450180054,0.124995656311512,0.9998328685760498,0.47523486614227295,0.3079219162464142,-0.09664386510848999,0.9998538494110107,0.5227457284927368,0.30490005016326904,0.007853354327380657,0.9996711015701294,0.5160109400749207,0.3071622848510742,-0.05606050044298172,0.9995121955871582,0.526992678642273,0.33057546615600586,0.2620355784893036,0.9997983574867249,0.4883122742176056,0.34668949246406555,-0.21012674272060394,0.9995001554489136,0.6141549348831177,0.2956543564796448,0.2077069729566574,0.9190986752510071,0.5979492664337158,0.3596947491168976,-0.24839664995670319,0.9666328430175781,0.5126632452011108,0.2674269676208496,0.0804596021771431,0.8560066819190979,0.5547680258750916,0.3140840232372284,-0.039817292243242264,0.9474461674690247,0.49154096841812134,0.26066774129867554,0.053314220160245895,0.7140769362449646,0.5452187657356262,0.30503058433532715,-0.05014406517148018,0.9198330640792847,0.4850970208644867,0.25920045375823975,0.09155428409576416,0.6954439878463745,0.534424901008606,0.3050665259361267,-0.06639900803565979,0.912935197353363,0.49037572741508484,0.2629290223121643,0.0871085599064827,0.696618914604187,0.5339767336845398,0.3057860732078552,-0.039329368621110916,0.8892149925231934,0.5496746897697449,0.44218897819519043,0.1949598491191864,0.9997525811195374,0.5256197452545166,0.44496703147888184,-0.19506998360157013,0.9995723366737366,0.6359749436378479,0.500423014163971,0.18914303183555603,0.26860663294792175,0.6604307293891907,0.5026333332061768,-0.27681735157966614,0.955778181552887,0.572679340839386,0.5530462861061096,0.3529362082481384,0.3647926449775696,0.5583810806274414,0.5673456788063049,-0.13288073241710663,0.9197807908058167,0.5493682026863098,0.5592741966247559,0.36676767468452454,0.45472732186317444,0.5323232412338257,0.5769237875938416,-0.11665356159210205,0.8584035634994507,0.6134964823722839,0.5727059245109558,0.3493741452693939,0.5201002359390259,0.6065535545349121,0.5998724102973938,-0.15985536575317383,0.9178769588470459
General3,14,1,0.5209411978721619,0.30107492208480835,-0.13529178500175476,0.9992700219154358,0.5050690174102783,0.29847270250320435,-0.10041379183530807,0.998392641544342,0.5053325295448303,0.2982059121131897,-0.10051190108060837,0.9982907176017761,0.5057022571563721,0.2978931665420532,-0.10054143518209457,0.998723566532135,0.5003185272216797,0.3004298806190491,-0.15194125473499298,0.999157190322876,0.4975828528404236,0.30161720514297485,-0.15205983817577362,0.9992682337760925,0.4948296546936035,0.3028503656387329,-0.1521640568971634,0.9991971850395203,0.4973103404045105,0.30512523651123047,0.05105240270495415,0.999315619468689,0.4838952422142029,0.3123478889465332,-0.17433591187000275,0.9987983703613281,0.5285574197769165,0.305380254983902,-0.07645819336175919,0.9988730549812317,0.5229374170303345,0.30886736512184143,-0.14162111282348633,0.9983993172645569,0.5427698493003845,0.32530564069747925,0.17661692202091217,0.9994729161262512,0.5010053515434265,0.3503139615058899,-0.2769591212272644,0.9989751577377319,0.6187850832939148,0.2887214422225952,0.20442064106464386,0.9156468510627747,0.6087045073509216,0.36481791734695435,-0.32763123512268066,0.9621198177337646,0.522048830986023,0.2599407434463501,0.17857517302036285,0.8809522390365601,0.5774856209754944,0.31720149517059326,-0.16597963869571686,0.9622993469238281,0.4961920976638794,0.2540481388568878,0.16785509884357452,0.7424841523170471,0.5690045952796936,0.30885982513427734,-0.17979972064495087,0.9460682272911072,0.48909735679626465,0.2539055347442627,0.19555681943893433,0.721752405166626,0.5550810098648071,0.30807048082351685,-0.1930278092622757,0.9416168332099915,0.4959779679775238,0.25719770789146423,0.18397866189479828,0.7224975228309631,0.5558059215545654,0.3089197278022766,-0.1653216928243637,0.9175430536270142,0.5656610131263733,0.4429314434528351,0.17166519165039062,0.9997735619544983,0.5272006392478943,0.44947436451911926,-0.17169705033302307,0.9998648166656494,0.6828985810279846,0.49182814359664917,0.152882918715477,0.5797035098075867,0.6354407668113708,0.5063356161117554,-0.2288135290145874,0.9596816301345825,0.5133082270622253,0.49093228578567505,0.5305008292198181,0.2391258329153061,0.5671243667602539,0.5799010396003723,-0.1296032965183258,0.9740518927574158,0.4774436354637146,0.4833173155784607,0.5720651745796204,0.36608073115348816,0.5353161692619324,0.5903059840202332,-0.1193331927061081,0.9582883715629578,0.4999598562717438,0.5135392546653748,0.6135979890823364,0.39017122983932495,0.6327956318855286,0.6117736101150513,-0.20686882734298706,0.9747819304466248
General3,15,1,0.5239154696464539,0.3015732765197754,-0.17798033356666565,0.9992270469665527,0.5080961585044861,0.2986326515674591,-0.14129486680030823,0.9982970356941223,0.5084523558616638,0.2983640432357788,-0.1414032131433487,0.9980740547180176,0.5089306831359863,0.2980407178401947,-0.141441211104393,0.9985440969467163,0.5029454827308655,0.30051499605178833,-0.19463229179382324,0.9991540908813477,0.5001803040504456,0.3016124367713928,-0.19474227726459503,0.9992457628250122,0.49738770723342896,0.30276626348495483,-0.19483816623687744,0.9991779923439026,0.4999936819076538,0.30490392446517944,0.01979643851518631,0.9991543292999268,0.4863329529762268,0.31165269017219543,-0.21429352462291718,0.9986065030097961,0.530605673789978,0.30607157945632935,-0.11564668267965317,0.998688280582428,0.5237588882446289,0.3097180128097534,-0.1832742840051651,0.9982655644416809,0.539994478225708,0.32553455233573914,0.1574629247188568,0.9993497729301453,0.4973367154598236,0.35121023654937744,-0.31495723128318787,0.9985887408256531,0.6132776737213135,0.28855475783348083,0.20096005499362946,0.9000316262245178,0.6112049221992493,0.3654184937477112,-0.3933209776878357,0.960421085357666,0.5220516920089722,0.25913479924201965,0.17009542882442474,0.8731349110603333,0.5786851644515991,0.31724780797958374,-0.2678563594818115,0.9633384943008423,0.4962693452835083,0.2532798945903778,0.15774235129356384,0.7453339099884033,0.5709460377693176,0.30837327241897583,-0.29160749912261963,0.9493954181671143,0.4894281327724457,0.25307655334472656,0.18115167319774628,0.7235357165336609,0.5579820275306702,0.30777594447135925,-0.3037058413028717,0.9451352953910828,0.49572503566741943,0.25595980882644653,0.17356565594673157,0.7218944430351257,0.558347225189209,0.30888044834136963,-0.2681320905685425,0.9191823601722717,0.5610681176185608,0.44302788376808167,0.17757517099380493,0.9997631907463074,0.5267696976661682,0.45095133781433105,-0.17763198912143707,0.9998409748077393,0.685614824295044,0.49039626121520996,0.1642512083053589,0.619161069393158,0.6361668705940247,0.505696177482605,-0.23860515654087067,0.9587975740432739,0.5169315934181213,0.4918663203716278,0.5572119951248169,0.26025697588920593,0.5689003467559814,0.5806010961532593,-0.13106004893779755,0.9773387312889099,0.48107093572616577,0.48461952805519104,0.5999854207038879,0.38394695520401,0.539010226726532,0.5900570154190063,-0.12044651806354523,0.9604719281196594,0.5044977068901062,0.514352023601532,0.6376646161079407,0.41010162234306335,0.6341753602027893,0.611572265625,-0.2140849232673645,0.9767712354660034
General3,16,1,0.5403571724891663,0.303694486618042,-0.1823825091123581,0.9978938698768616,0.5261106491088867,0.29946938157081604,-0.15249748528003693,0.9952234625816345,0.5252591967582703,0.2991817891597748,-0.15266287326812744,0.9948225021362305,0.5243239998817444,0.29890120029449463,-0.15275877714157104,0.996202290058136,0.5220686197280884,0.3010944128036499,-0.20753438770771027,0.9974061846733093,0.5183402895927429,0.3020382225513458,-0.2075807899236679,0.997408926486969,0.5144640207290649,0.3029980957508087,-0.20760522782802582,0.9969973564147949,0.5048678517341614,0.306024432182312,-0.01454340759664774,0.9971300959587097,0.4961283206939697,0.3104632496833801,-0.26163825392723083,0.9936938881874084,0.5416480302810669,0.309408962726593,-0.12720677256584167,0.9958235025405884,0.5362696051597595,0.31240805983543396,-0.19896896183490753,0.9956802129745483,0.531339704990387,0.33231768012046814,0.09868381172418594,0.9985639452934265,0.5060667991638184,0.35051974654197693,-0.34537723660469055,0.9970621466636658,0.5993836522102356,0.29029300808906555,0.16962264478206635,0.8708506226539612,0.6196611523628235,0.3651614487171173,-0.44619885087013245,0.9367502927780151,0.5238165855407715,0.25380852818489075,0.11774413287639618,0.8751395344734192,0.6010738015174866,0.31650543212890625,-0.4236462414264679,0.9046787023544312,0.49737876653671265,0.24638301134109497,0.09244468063116074,0.8014844655990601,0.599366307258606,0.30518192052841187,-0.46875688433647156,0.8928074240684509,0.49157777428627014,0.2462751269340515,0.08973013609647751,0.7943994998931885,0.5847561955451965,0.3058099150657654,-0.48169511556625366,0.8889403939247131,0.49757328629493713,0.248365119099617,0.10995467007160187,0.7878150343894958,0.5828596353530884,0.30795979499816895,-0.4284275472164154,0.8407294154167175,0.5790992379188538,0.4446048140525818,0.17107029259204865,0.9992420673370361,0.5371978878974915,0.45348721742630005,-0.17099745571613312,0.9993258714675903,0.7076823115348816,0.4902649521827698,0.18739065527915955,0.6096854209899902,0.6363484263420105,0.5155450105667114,-0.2221202850341797,0.941261887550354,0.5900963544845581,0.5098507404327393,0.5451706647872925,0.20015288889408112,0.575825572013855,0.5857268571853638,-0.13952139019966125,0.962491512298584,0.5573520660400391,0.5082907676696777,0.5811505317687988,0.3141959607601166,0.5462225079536438,0.5970844030380249,-0.13397887349128723,0.9245351552963257,0.5902187824249268,0.5277129411697388,0.5984015464782715,0.345132440328598,0.638233482837677,0.6168801784515381,-0.25549039244651794,0.9536078572273254
General3,17,1,0.5413728356361389,0.3033301830291748,-0.18474148213863373,0.997977077960968,0.5274844169616699,0.29908686876296997,-0.1544826626777649,0.9954402446746826,0.5266525149345398,0.29878121614456177,-0.1546502560377121,0.995057225227356,0.5257226824760437,0.29848694801330566,-0.15474463999271393,0.9963740706443787,0.5233938097953796,0.3007153272628784,-0.20903325080871582,0.9975398778915405,0.5196292400360107,0.30165013670921326,-0.20908088982105255,0.9975599050521851,0.5156906843185425,0.30261582136154175,-0.20910204946994781,0.9971619844436646,0.5059846043586731,0.3055713176727295,-0.014762241393327713,0.9973726272583008,0.4968450367450714,0.3101232945919037,-0.2595615088939667,0.9940088987350464,0.5424759387969971,0.30900853872299194,-0.12902235984802246,0.9960456490516663,0.5371213555335999,0.31196367740631104,-0.20010893046855927,0.9958243370056152,0.5317161083221436,0.33053505420684814,0.09691102802753448,0.9986302852630615,0.5064970254898071,0.3504951596260071,-0.34355059266090393,0.9971798658370972,0.5984856486320496,0.2873023748397827,0.1674843728542328,0.8680573105812073,0.6196854710578918,0.36533164978027344,-0.46035057306289673,0.9404042363166809,0.5241755247116089,0.2538635730743408,0.11929560452699661,0.8757377862930298,0.601274311542511,0.3165450096130371,-0.4542265236377716,0.9107323288917542,0.49815142154693604,0.24650369584560394,0.0947885736823082,0.8034135699272156,0.5997482538223267,0.3049662113189697,-0.5009135007858276,0.8991791605949402,0.49208781123161316,0.2464672178030014,0.09240375459194183,0.7963992357254028,0.5855667591094971,0.3056337237358093,-0.5124285221099854,0.8953713774681091,0.4980912506580353,0.24859386682510376,0.11186330765485764,0.7889182567596436,0.5836482644081116,0.307880163192749,-0.45884889364242554,0.8492673635482788,0.5802127122879028,0.4451517164707184,0.17106479406356812,0.9992864727973938,0.5375550389289856,0.4537326693534851,-0.17098850011825562,0.9993889331817627,0.7081567645072937,0.49057283997535706,0.1899321973323822,0.6067646741867065,0.6369307637214661,0.5155605673789978,-0.2183077335357666,0.9428170323371887,0.5865604877471924,0.5096721053123474,0.551077663898468,0.19322867691516876,0.5757368803024292,0.5856118202209473,-0.13469327986240387,0.9634723663330078,0.5534772872924805,0.5077638626098633,0.5875853896141052,0.30896303057670593,0.5467736721038818,0.5969091653823853,-0.12892073392868042,0.9279870986938477,0.5766210556030273,0.5288383960723877,0.607191801071167,0.338885098695755,0.6421833038330078,0.6169848442077637,-0.2480190545320511,0.9551846385002136
General3,18,1,0.5401496887207031,0.30345696210861206,-0.16390840709209442,0.9980055689811707,0.5252625942230225,0.29909729957580566,-0.13294760882854462,0.9955908060073853,0.5242865085601807,0.29876989126205444,-0.13310468196868896,0.9953429698944092,0.5232356786727905,0.29845088720321655,-0.13318581879138947,0.9966174960136414,0.5213181376457214,0.30083197355270386,-0.18792931735515594,0.9975979924201965,0.5174962282180786,0.30175095796585083,-0.1879854053258896,0.997642457485199,0.5128101706504822,0.30287235975265503,-0.18802033364772797,0.9972453117370605,0.5040627717971802,0.30579787492752075,0.007446212228387594,0.9975175857543945,0.4953421652317047,0.3105809688568115,-0.2387153059244156,0.994356095790863,0.5414339900016785,0.30911630392074585,-0.10785531997680664,0.9961929321289062,0.5361857414245605,0.31213217973709106,-0.1793556660413742,0.9958702921867371,0.5334607362747192,0.3298628330230713,0.11773069947957993,0.998745322227478,0.505207359790802,0.3498259484767914,-0.32606756687164307,0.9968794584274292,0.6023499369621277,0.2872723937034607,0.17420947551727295,0.9080651998519897,0.6178157329559326,0.3653906285762787,-0.42217734456062317,0.9508100152015686,0.5227216482162476,0.25344860553741455,0.11789236217737198,0.9162101745605469,0.6016895174980164,0.3162144720554352,-0.38107049465179443,0.9254584312438965,0.4964163601398468,0.24487850069999695,0.09243228286504745,0.8519002199172974,0.5997841954231262,0.30476194620132446,-0.42179933190345764,0.9125012159347534,0.49060168862342834,0.24470002949237823,0.09478787332773209,0.8456226587295532,0.5855762958526611,0.3054237961769104,-0.4340890944004059,0.9088277220726013,0.4959968328475952,0.24806718528270721,0.11245639622211456,0.8362302780151367,0.5836122632026672,0.3075672388076782,-0.38453102111816406,0.8685091137886047,0.5805547833442688,0.44430607557296753,0.17094795405864716,0.9993014335632324,0.5372075438499451,0.45288804173469543,-0.17084801197052002,0.9993521571159363,0.7144151329994202,0.4918336868286133,0.1680089384317398,0.6601143479347229,0.6380187273025513,0.516028642654419,-0.2205742448568344,0.9462579488754272,0.575132429599762,0.5112563967704773,0.5120700597763062,0.22167328000068665,0.576461136341095,0.5852360725402832,-0.13962996006011963,0.9674093723297119,0.5400742888450623,0.5087949633598328,0.5472187995910645,0.34591230750083923,0.5470432639122009,0.5970891118049622,-0.1341407597064972,0.9352027773857117,0.5613083243370056,0.5310831665992737,0.5674410462379456,0.3815341889858246,0.6449722647666931,0.6170564889907837,-0.2518845796585083,0.9613807797431946
General3,19,1,0.539111316204071,0.30288904905319214,-0.1614518165588379,0.998936116695404,0.5250415802001953,0.2986007332801819,-0.13073284924030304,0.997581958770752,0.5245077013969421,0.2982777953147888,-0.1308852732181549,0.9973112344741821,0.5239174365997314,0.29797834157943726,-0.13096724450588226,0.9980066418647766,0.5205716490745544,0.3004438877105713,-0.18386581540107727,0.9986158609390259,0.5166960954666138,0.30141395330429077,-0.1839207112789154,0.9986187219619751,0.5119937658309937,0.30251267552375793,-0.18394364416599274,0.9984303116798401,0.5055875182151794,0.30546313524246216,0.008700252510607243,0.9983674883842468,0.49489185214042664,0.3102414608001709,-0.22954830527305603,0.9968076944351196,0.5413654446601868,0.3087307810783386,-0.1060076653957367,0.9975691437721252,0.5353225469589233,0.31200551986694336,-0.1751764416694641,0.9974076151847839,0.5315191745758057,0.33078378438949585,0.12546366453170776,0.9989935755729675,0.5064729452133179,0.3491240441799164,-0.3193111717700958,0.9979487061500549,0.5990586876869202,0.2867397367954254,0.19801323115825653,0.8901461362838745,0.6185879111289978,0.36493775248527527,-0.3948330283164978,0.9447213411331177,0.521786093711853,0.25209149718284607,0.1570955216884613,0.8954452276229858,0.6005942225456238,0.3156948685646057,-0.3246273994445801,0.9159404635429382,0.4968251585960388,0.2452300488948822,0.13387683033943176,0.8232304453849792,0.596289336681366,0.3048960268497467,-0.36091214418411255,0.9020113348960876,0.49101579189300537,0.2451920062303543,0.13471364974975586,0.8155120611190796,0.5846437811851501,0.3038082718849182,-0.378267377614975,0.8983141183853149,0.4961043894290924,0.24854952096939087,0.15083318948745728,0.8099956512451172,0.5828561186790466,0.30734097957611084,-0.329559326171875,0.8581768870353699,0.5792868733406067,0.44413822889328003,0.1721029132604599,0.9993915557861328,0.5367519855499268,0.45288676023483276,-0.17206501960754395,0.9994615912437439,0.711754560470581,0.49064740538597107,0.18478445708751678,0.5805321931838989,0.6364465951919556,0.5157989263534546,-0.22564810514450073,0.9357326030731201,0.5973234176635742,0.5126673579216003,0.52942955493927,0.19675742089748383,0.5763369202613831,0.5858006477355957,-0.15356455743312836,0.9579654335975647,0.5655032396316528,0.5118870735168457,0.56383216381073,0.3145906925201416,0.5462445020675659,0.5973884463310242,-0.1489504873752594,0.9164363145828247,0.5936567187309265,0.531356930732727,0.579749584197998,0.3461849093437195,0.6439372301101685,0.6162673830986023,-0.2694208323955536,0.9500243663787842
General3,20,1,0.5341684818267822,0.312938392162323,-0.18449310958385468,0.9992057681083679,0.5283794403076172,0.3081223964691162,-0.15295255184173584,0.9981220364570618,0.5300345420837402,0.30807778239250183,-0.15307468175888062,0.9977157115936279,0.5315346717834473,0.3079758882522583,-0.15315034985542297,0.998166561126709,0.520962119102478,0.3092135190963745,-0.19433505833148956,0.9989216327667236,0.5158737897872925,0.310080349445343,-0.19439712166786194,0.9989025592803955,0.512653648853302,0.31077250838279724,-0.1944604068994522,0.9988710284233093,0.5254037380218506,0.31214639544487,-0.0032612967770546675,0.9980071187019348,0.5038917064666748,0.3166921138763428,-0.1875714510679245,0.9979998469352722,0.5415297150611877,0.3193032145500183,-0.12542662024497986,0.9980124235153198,0.530472457408905,0.3217986226081848,-0.1790888011455536,0.997916042804718,0.5352093577384949,0.3401411175727844,0.13419276475906372,0.9991214871406555,0.518268883228302,0.3514596223831177,-0.2774886190891266,0.9991683959960938,0.6104089021682739,0.2884830832481384,0.16138595342636108,0.8400353193283081,0.6328536868095398,0.3735692799091339,-0.3354220986366272,0.9212923049926758,0.537873387336731,0.246429905295372,0.08366348594427109,0.872186005115509,0.6223946809768677,0.3221305012702942,-0.23271577060222626,0.8962439894676208,0.5222306251525879,0.23622697591781616,0.061124127358198166,0.7953205108642578,0.6188486814498901,0.30680906772613525,-0.2565932869911194,0.8787989616394043,0.512679398059845,0.23553261160850525,0.0679578110575676,0.7853339314460754,0.6022229194641113,0.3074406385421753,-0.2686389088630676,0.8751302361488342,0.5171380639076233,0.23908543586730957,0.07916855812072754,0.781455397605896,0.5988336205482483,0.31058624386787415,-0.23412500321865082,0.8390839695930481,0.5814807415008545,0.45019662380218506,0.16823717951774597,0.9992780089378357,0.5554594993591309,0.45702043175697327,-0.168404221534729,0.9996762275695801,0.6889562010765076,0.49784713983535767,0.22472842037677765,0.46969878673553467,0.6403855681419373,0.5240709781646729,-0.2210417538881302,0.9557791352272034,0.5960395336151123,0.5172380208969116,0.5849614143371582,0.23764212429523468,0.5849220752716064,0.5949548482894897,-0.1404118835926056,0.9728806614875793,0.5702701807022095,0.5144901275634766,0.6206169128417969,0.37654176354408264,0.5632553696632385,0.6038795709609985,-0.13359041512012482,0.944047749042511,0.6106904149055481,0.5374492406845093,0.6446147561073303,0.3870028555393219,0.6547149419784546,0.6275457143783569,-0.23119500279426575,0.9644846320152283
General3,21,1,0.5344915390014648,0.31344300508499146,-0.20736689865589142,0.9993273019790649,0.528445839881897,0.3086053729057312,-0.17314164340496063,0.9984201192855835,0.5302003622055054,0.3084985613822937,-0.17326918244361877,0.9981020092964172,0.5317444205284119,0.3083404302597046,-0.17334198951721191,0.9983922839164734,0.5182098150253296,0.31000643968582153,-0.21037034690380096,0.9990577101707458,0.5153273940086365,0.3108033835887909,-0.2104189693927765,0.9990350008010864,0.511958122253418,0.31152939796447754,-0.21048323810100555,0.9989239573478699,0.5290309190750122,0.3122239112854004,-0.012943306006491184,0.9982107877731323,0.5036736726760864,0.3172261714935303,-0.17847025394439697,0.9979700446128845,0.542256772518158,0.31966060400009155,-0.1448589414358139,0.9981033802032471,0.5310148596763611,0.3226827383041382,-0.19306862354278564,0.9978411197662354,0.5374433398246765,0.33932048082351685,0.12271098047494888,0.9994016885757446,0.5195014476776123,0.3526846468448639,-0.26441270112991333,0.999086856842041,0.6081631779670715,0.28826528787612915,0.1275624781847,0.9090508222579956,0.6321280002593994,0.37344709038734436,-0.329960435628891,0.9109646677970886,0.5373024940490723,0.24628853797912598,0.0334392674267292,0.9334967136383057,0.6205993890762329,0.3217458724975586,-0.23652148246765137,0.8833112120628357,0.5161834955215454,0.2360396832227707,0.0055495514534413815,0.8772599697113037,0.616723358631134,0.3066510856151581,-0.2616598606109619,0.8606506586074829,0.5104826092720032,0.23511524498462677,0.016063334420323372,0.8694373369216919,0.6004667282104492,0.3074057102203369,-0.27176085114479065,0.8557220101356506,0.5153169631958008,0.23917929828166962,0.030474672093987465,0.8619443774223328,0.5973374247550964,0.3103245198726654,-0.2374606728553772,0.8163130283355713,0.5837779641151428,0.44931960105895996,0.16482289135456085,0.9994134902954102,0.5549070239067078,0.4562949240207672,-0.16503962874412537,0.9997145533561707,0.70323246717453,0.4955805838108063,0.21041671931743622,0.45695000886917114,0.6394994258880615,0.5236955285072327,-0.23077361285686493,0.9456023573875427,0.5981712341308594,0.5118075013160706,0.5946822762489319,0.19976937770843506,0.5842401385307312,0.5950844287872314,-0.14321565628051758,0.9677781462669373,0.572163999080658,0.5083543062210083,0.6329894661903381,0.3395022749900818,0.5625414252281189,0.6043120622634888,-0.13556551933288574,0.9367858171463013,0.6111524105072021,0.5324956178665161,0.6592440009117126,0.33368003368377686,0.6543648838996887,0.6273406744003296,-0.235772043466568,0.9587323665618896
General3,22,1,0.5664518475532532,0.3160816431045532,-0.2297922670841217,0.9942917823791504,0.5595327615737915,0.31078487634658813,-0.20032307505607605,0.9880807399749756,0.5597094297409058,0.3108546733856201,-0.20051367580890656,0.98667311668396,0.559982419013977,0.3108513355255127,-0.20066046714782715,0.9899173378944397,0.554654598236084,0.31145238876342773,-0.24990005791187286,0.9927138686180115,0.550790011882782,0.31201472878456116,-0.24992024898529053,0.992344081401825,0.5475212931632996,0.31244397163391113,-0.24996283650398254,0.991863489151001,0.546480119228363,0.31519797444343567,-0.06374385952949524,0.9911317229270935,0.5309770107269287,0.31786325573921204,-0.286428838968277,0.9815555214881897,0.5657802820205688,0.32288604974746704,-0.17548534274101257,0.9902087450027466,0.5589144825935364,0.32426661252975464,-0.24001753330230713,0.9900377988815308,0.5526255965232849,0.3399865925312042,0.03526020422577858,0.9974822402000427,0.5324596166610718,0.35962751507759094,-0.37336426973342896,0.9952405691146851,0.611730694770813,0.2850654721260071,0.058581989258527756,0.8989234566688538,0.6452459096908569,0.38003769516944885,-0.514045774936676,0.9587392807006836,0.5544938445091248,0.23859508335590363,-0.08469520509243011,0.9144240617752075,0.6514945030212402,0.3270394504070282,-0.5643472075462341,0.9336639046669006,0.5310330986976624,0.2264978587627411,-0.13208158314228058,0.8704531192779541,0.6476653218269348,0.315555214881897,-0.6267369389533997,0.9227600693702698,0.5250241160392761,0.2250385284423828,-0.14313240349292755,0.8644090294837952,0.6335894465446472,0.31307274103164673,-0.637176513671875,0.9190282821655273,0.5299471616744995,0.22911350429058075,-0.0998571440577507,0.8617521524429321,0.6314900517463684,0.31655365228652954,-0.5709386467933655,0.8769261240959167,0.5854132175445557,0.44822898507118225,0.16138018667697906,0.9975200295448303,0.5483049750328064,0.46166402101516724,-0.16126473248004913,0.9975634813308716,0.7421594858169556,0.48748865723609924,0.10280968248844147,0.6331144571304321,0.6337204575538635,0.5309656262397766,-0.23736359179019928,0.9445518255233765,0.6164774894714355,0.5175366401672363,0.46033769845962524,0.22626318037509918,0.5978553295135498,0.6040422320365906,-0.1354401558637619,0.9652106165885925,0.585605800151825,0.5185092091560364,0.4946107268333435,0.34997889399528503,0.5777840614318848,0.6142525672912598,-0.1300080269575119,0.9134215712547302,0.6257363557815552,0.5419991612434387,0.49906715750694275,0.3398110270500183,0.6697061657905579,0.6355351209640503,-0.270417183637619,0.9402557015419006
General3,23,1,0.5662577152252197,0.3161327540874481,-0.23908144235610962,0.9944010376930237,0.559194803237915,0.3107188940048218,-0.209008127450943,0.9884422421455383,0.5592982769012451,0.3107426166534424,-0.20920002460479736,0.986943244934082,0.5594983100891113,0.31069132685661316,-0.20935122668743134,0.9903032183647156,0.5544149875640869,0.3115001916885376,-0.25894251465797424,0.9928014278411865,0.5506277680397034,0.3120935559272766,-0.258961945772171,0.9922698736190796,0.5473054647445679,0.31255218386650085,-0.2589973509311676,0.9918009638786316,0.5457814931869507,0.3150462210178375,-0.07005081325769424,0.9916185736656189,0.5304166078567505,0.3180024325847626,-0.29430800676345825,0.9810608625411987,0.5656720399856567,0.32293832302093506,-0.18384519219398499,0.9908230304718018,0.5589011311531067,0.32441264390945435,-0.24882374703884125,0.9902447462081909,0.5525620579719543,0.33962416648864746,0.026997100561857224,0.9979156851768494,0.5321275591850281,0.36006203293800354,-0.3791825473308563,0.9951454997062683,0.6113921403884888,0.2843114733695984,0.048194244503974915,0.9091413617134094,0.6448653340339661,0.38017696142196655,-0.5266469120979309,0.9598426222801208,0.5538489818572998,0.23867429792881012,-0.0945388674736023,0.9242017865180969,0.6512330770492554,0.3270813226699829,-0.5849084258079529,0.9381406903266907,0.5304134488105774,0.2265966534614563,-0.14235666394233704,0.882732629776001,0.64719158411026,0.31546396017074585,-0.6489918231964111,0.9273774027824402,0.5246430039405823,0.2253398448228836,-0.15301483869552612,0.8772026896476746,0.633332371711731,0.3129528760910034,-0.6585512757301331,0.9241427183151245,0.5296273827552795,0.2294599562883377,-0.1094086617231369,0.8743197321891785,0.6313276886940002,0.3164922595024109,-0.5914708375930786,0.8835629224777222,0.5861191153526306,0.44801923632621765,0.16027124226093292,0.9975645542144775,0.5478422045707703,0.4621146321296692,-0.16015130281448364,0.9975246787071228,0.7416876554489136,0.4871158301830292,0.09644967317581177,0.6069279313087463,0.6333756446838379,0.5305920243263245,-0.24109555780887604,0.9332833290100098,0.6095737218856812,0.5174620747566223,0.45731812715530396,0.1992216408252716,0.5975636839866638,0.6033598184585571,-0.1322205364704132,0.959479808807373,0.5829762816429138,0.5182369947433472,0.492002010345459,0.31714579463005066,0.5770281553268433,0.613333523273468,-0.12597012519836426,0.9052148461341858,0.6233155131340027,0.5422372817993164,0.49590086936950684,0.3082050681114197,0.6708514094352722,0.634819746017456,-0.26633313298225403,0.9333867430686951
General3,24,1,0.5668124556541443,0.31655430793762207,-0.22447043657302856,0.9926084876060486,0.5598947405815125,0.3112603425979614,-0.19573591649532318,0.9845971465110779,0.5601853728294373,0.3113586902618408,-0.19592562317848206,0.9829394817352295,0.560570478439331,0.3113856613636017,-0.19607073068618774,0.9871020913124084,0.5549320578575134,0.3118489384651184,-0.24667902290821075,0.9908241033554077,0.5510990023612976,0.31238383054733276,-0.2467079907655716,0.9903038144111633,0.5479828119277954,0.3128001093864441,-0.24676336348056793,0.9899755120277405,0.5476760864257812,0.3156660199165344,-0.06302933394908905,0.988933801651001,0.5323848128318787,0.31816232204437256,-0.2919124364852905,0.977486252784729,0.5659516453742981,0.3232021629810333,-0.1713636964559555,0.987423837184906,0.5586835741996765,0.3245188295841217,-0.23765410482883453,0.9874091148376465,0.5524975061416626,0.34108686447143555,0.0342799574136734,0.9963382482528687,0.5328643321990967,0.35942044854164124,-0.3777073323726654,0.9944732785224915,0.6127431392669678,0.284866064786911,0.05455627664923668,0.8724343180656433,0.6447492837905884,0.37988194823265076,-0.5160644054412842,0.9574793577194214,0.5541972517967224,0.23872041702270508,-0.09064975380897522,0.8835167288780212,0.6526675224304199,0.3271620273590088,-0.5609099864959717,0.929602861404419,0.5332516431808472,0.22664815187454224,-0.13757199048995972,0.8312598466873169,0.6488349437713623,0.3161696493625641,-0.6226379871368408,0.9189023375511169,0.5255963802337646,0.22541247308254242,-0.14804309606552124,0.8247538208961487,0.6343847513198853,0.3135843873023987,-0.6320882439613342,0.9150588512420654,0.5300630331039429,0.22958070039749146,-0.1058366671204567,0.8246499300003052,0.632215142250061,0.31692540645599365,-0.5670104622840881,0.8710912466049194,0.5845155119895935,0.4487791061401367,0.1597684770822525,0.9969562292098999,0.5473466515541077,0.4621146619319916,-0.15960724651813507,0.9971374273300171,0.744026780128479,0.48669856786727905,0.09544792026281357,0.6177389025688171,0.6312912702560425,0.5304788947105408,-0.23308299481868744,0.9374237060546875,0.6143037676811218,0.5189874768257141,0.4339582324028015,0.23661528527736664,0.5982798337936401,0.6044933199882507,-0.12386474013328552,0.9615421295166016,0.5858530402183533,0.5208473205566406,0.4661698043346405,0.36592307686805725,0.5780107378959656,0.615949809551239,-0.11819349229335785,0.9093534350395203,0.623227059841156,0.5422025322914124,0.46408790349960327,0.35822299122810364,0.6689314842224121,0.6359601020812988,-0.2608656585216522,0.9365395307540894
General3,25,1,0.5779510140419006,0.32037293910980225,-0.35206618905067444,0.9965980648994446,0.5688022971153259,0.31466540694236755,-0.3276132643222809,0.9932326078414917,0.5685829520225525,0.3147084712982178,-0.32781481742858887,0.992137610912323,0.5683610439300537,0.3147127032279968,-0.3280254602432251,0.994635283946991,0.5637478828430176,0.3153461813926697,-0.3757421374320984,0.9956405162811279,0.5599555373191833,0.3159433603286743,-0.37573346495628357,0.9950567483901978,0.5561612844467163,0.31646913290023804,-0.3757680356502533,0.9948299527168274,0.5522494316101074,0.3187755346298218,-0.19099892675876617,0.9951204657554626,0.5379267334938049,0.32205021381378174,-0.4076367914676666,0.9877277612686157,0.578835129737854,0.32733553647994995,-0.29467785358428955,0.9964175224304199,0.5713469386100769,0.3285825848579407,-0.35778823494911194,0.9961543679237366,0.5589631199836731,0.33956968784332275,-0.09167522937059402,0.9992375373840332,0.5368890762329102,0.3616486191749573,-0.4875867962837219,0.9972788691520691,0.6128506660461426,0.2817644476890564,-0.09086050093173981,0.9510231614112854,0.6521997451782227,0.3854680359363556,-0.7336335778236389,0.9686514735221863,0.5783731341362,0.23149925470352173,-0.26853352785110474,0.9727542996406555,0.6773870587348938,0.3343382179737091,-0.9237635135650635,0.9476034045219421,0.5620845556259155,0.2175748348236084,-0.33411481976509094,0.9563184380531311,0.6821118593215942,0.3231705129146576,-1.0136445760726929,0.933965802192688,0.5554454326629639,0.21443843841552734,-0.3493351638317108,0.9538915157318115,0.6664525270462036,0.32014068961143494,-1.0197269916534424,0.9308786392211914,0.559723973274231,0.21983808279037476,-0.2868437170982361,0.95099276304245,0.6640703678131104,0.324895441532135,-0.9338038563728333,0.8946523070335388,0.5956516265869141,0.4510782063007355,0.1653420627117157,0.9978412389755249,0.5546877980232239,0.46529752016067505,-0.16520214080810547,0.9979525804519653,0.7513813972473145,0.48300954699516296,0.0665273666381836,0.5454333424568176,0.6331318020820618,0.5364333391189575,-0.3133580982685089,0.9029850363731384,0.6120737791061401,0.525916576385498,0.49690428376197815,0.209743931889534,0.6090221405029297,0.611364483833313,-0.16860949993133545,0.950348973274231,0.5691439509391785,0.5251545906066895,0.5371645092964172,0.28718459606170654,0.5915313959121704,0.6220722794532776,-0.15974245965480804,0.8815652132034302,0.6226856112480164,0.55539870262146,0.5211352109909058,0.3252982199192047,0.688243567943573,0.64119952917099,-0.32785677909851074,0.933262050151825
General3,26,1,0.5799332857131958,0.3205982446670532,-0.3612626791000366,0.9978684186935425,0.5701549053192139,0.314938485622406,-0.3367593288421631,0.9961016178131104,0.5697587132453918,0.31493932008743286,-0.33696019649505615,0.9952994585037231,0.5693437457084656,0.31489187479019165,-0.33716124296188354,0.9968178272247314,0.5651957988739014,0.31585901975631714,-0.3843345642089844,0.9975583553314209,0.5611362457275391,0.31643277406692505,-0.38432738184928894,0.9971133470535278,0.5570755004882812,0.3170146644115448,-0.38435378670692444,0.9970237612724304,0.5515427589416504,0.31940633058547974,-0.1988246589899063,0.9968926906585693,0.5373916625976562,0.32301002740859985,-0.41332367062568665,0.9926730990409851,0.5803532600402832,0.327214777469635,-0.30325910449028015,0.9977216124534607,0.57301926612854,0.3286895155906677,-0.36575180292129517,0.997562050819397,0.5576317310333252,0.33855897188186646,-0.09766965359449387,0.9993994235992432,0.5378291010856628,0.36203745007514954,-0.49433988332748413,0.9980753660202026,0.612744152545929,0.2809765934944153,-0.09812407195568085,0.9561640620231628,0.6533820629119873,0.3846573233604431,-0.7396398186683655,0.9715359807014465,0.5781509876251221,0.23127108812332153,-0.2747076153755188,0.9768643975257874,0.6771719455718994,0.3340815305709839,-0.9274168610572815,0.9526031613349915,0.5617486238479614,0.21724867820739746,-0.33984312415122986,0.9628572463989258,0.6818126440048218,0.3226633071899414,-1.018954873085022,0.937760055065155,0.5552429556846619,0.21420195698738098,-0.3567862808704376,0.9610177874565125,0.6657785773277283,0.3196778893470764,-1.024389624595642,0.9350663423538208,0.5595521330833435,0.21955427527427673,-0.29339444637298584,0.9579319357872009,0.6634112596511841,0.3245355486869812,-0.9372660517692566,0.8999667167663574,0.592580258846283,0.4508659839630127,0.16832572221755981,0.9981592297554016,0.5554958581924438,0.46477755904197693,-0.16815179586410522,0.9986991882324219,0.7394834756851196,0.48379722237586975,0.13583751022815704,0.5097910165786743,0.6329148411750793,0.5358558297157288,-0.32460442185401917,0.9223548769950867,0.5961207151412964,0.5259387493133545,0.5663757920265198,0.22818034887313843,0.6105630993843079,0.6120377779006958,-0.20591706037521362,0.9651552438735962,0.558795690536499,0.5251178741455078,0.6063070297241211,0.32787778973579407,0.5932638049125671,0.6228013038635254,-0.1998627781867981,0.9121020436286926,0.6113696098327637,0.5558807849884033,0.5937447547912598,0.35260912775993347,0.6911548376083374,0.6427146792411804,-0.3699851334095001,0.9522136449813843
General3,27,1,0.5803613662719727,0.32076752185821533,-0.36085259914398193,0.9966176152229309,0.570554792881012,0.3149886131286621,-0.3385389447212219,0.9935765862464905,0.5701692700386047,0.31500470638275146,-0.3387478291988373,0.9923965334892273,0.5697641372680664,0.31496119499206543,-0.3389721214771271,0.9948815107345581,0.565701425075531,0.31588488817214966,-0.3874351978302002,0.9960358738899231,0.5616875886917114,0.3164116144180298,-0.3874240517616272,0.9953776597976685,0.5576834678649902,0.3169293999671936,-0.38745608925819397,0.9951710104942322,0.5518698692321777,0.31919071078300476,-0.20744967460632324,0.9950726628303528,0.5382978916168213,0.3225850462913513,-0.42756593227386475,0.9883926510810852,0.5805754661560059,0.3271554708480835,-0.30473029613494873,0.9964069724082947,0.5733691453933716,0.32846611738204956,-0.36888444423675537,0.9962095022201538,0.5544609427452087,0.3365894854068756,-0.10208528488874435,0.9992544054985046,0.5379659533500671,0.3615284562110901,-0.5085085034370422,0.9976964592933655,0.6112940311431885,0.2810734510421753,-0.09056607633829117,0.9407036304473877,0.651323139667511,0.38486248254776,-0.7552476525306702,0.9679612517356873,0.5768464207649231,0.23152948915958405,-0.27039897441864014,0.9709011316299438,0.6758411526679993,0.33399924635887146,-0.9478945732116699,0.9475114941596985,0.561288058757782,0.21781215071678162,-0.334338515996933,0.9558714032173157,0.6806593537330627,0.32263344526290894,-1.0395667552947998,0.9341003894805908,0.5554240345954895,0.21445390582084656,-0.3531186878681183,0.9540554881095886,0.6645870804786682,0.31947019696235657,-1.0441347360610962,0.9311270117759705,0.5596733093261719,0.21959155797958374,-0.28998228907585144,0.9512068033218384,0.6622771620750427,0.32427412271499634,-0.957478404045105,0.8940677046775818,0.5896146297454834,0.45037850737571716,0.17311277985572815,0.998090922832489,0.5543820261955261,0.46463996171951294,-0.17297178506851196,0.9984851479530334,0.7503529787063599,0.48256275057792664,0.11100496351718903,0.5191733241081238,0.6332941055297852,0.5348194241523743,-0.3116878271102905,0.9238309860229492,0.6063230037689209,0.5219328999519348,0.5606813430786133,0.22552251815795898,0.6087266802787781,0.6100174188613892,-0.1723293662071228,0.9657377004623413,0.5643228888511658,0.5215983390808105,0.6035664677619934,0.33349308371543884,0.5920644998550415,0.6229267120361328,-0.16339872777462006,0.9131014943122864,0.6154841184616089,0.5543051362037659,0.601102888584137,0.35428568720817566,0.6878610849380493,0.6415141820907593,-0.32277029752731323,0.9520723819732666
General3,28,1,0.5869813561439514,0.32820144295692444,-0.3197227418422699,0.9969999194145203,0.5784527659416199,0.32147446274757385,-0.29836469888687134,0.9946605563163757,0.5783435702323914,0.3213990330696106,-0.2985648810863495,0.9933966398239136,0.5782393217086792,0.3212924599647522,-0.2987540364265442,0.9958875775337219,0.5734870433807373,0.32228386402130127,-0.3480009436607361,0.9968036413192749,0.56977778673172,0.32276421785354614,-0.34797990322113037,0.9959701299667358,0.5659278631210327,0.32315629720687866,-0.3480677306652069,0.9960903525352478,0.5617266893386841,0.32431960105895996,-0.17433032393455505,0.9945223331451416,0.5476506352424622,0.32701897621154785,-0.39865046739578247,0.9920420050621033,0.5859037637710571,0.33485081791877747,-0.2660784423351288,0.9968385696411133,0.5791166424751282,0.33624354004859924,-0.33149147033691406,0.9968600273132324,0.5620579719543457,0.3461311459541321,-0.06647235155105591,0.9991125464439392,0.5446431636810303,0.3685839772224426,-0.4985010623931885,0.9976099729537964,0.6157321333885193,0.28626084327697754,-0.062139835208654404,0.9415043592453003,0.6552568078041077,0.39312535524368286,-0.7258786559104919,0.9759665131568909,0.6073951721191406,0.226118803024292,-0.2713627219200134,0.9796251058578491,0.7028794288635254,0.34559541940689087,-0.8592674732208252,0.9512938261032104,0.5900197625160217,0.21158456802368164,-0.3343166708946228,0.9721676111221313,0.7077623605728149,0.3356338143348694,-0.9455072283744812,0.931253969669342,0.5836201906204224,0.21052411198616028,-0.3638059198856354,0.9716227650642395,0.6938260793685913,0.3339121341705322,-0.9403984546661377,0.9276294708251953,0.5891771912574768,0.2159586250782013,-0.29629433155059814,0.9689675569534302,0.6888530254364014,0.3365463614463806,-0.8631663918495178,0.8858159780502319,0.5921090245246887,0.45749330520629883,0.1677681803703308,0.9981802701950073,0.5562201142311096,0.47131437063217163,-0.16751505434513092,0.9976223111152649,0.7453920841217041,0.4848807752132416,-0.06506938487291336,0.7855362892150879,0.6262372136116028,0.5410667657852173,-0.40013861656188965,0.9554805159568787,0.6260575652122498,0.5442557334899902,0.3176523745059967,0.5923423767089844,0.6208341121673584,0.6207641959190369,-0.2266036868095398,0.9812850952148438,0.5964298844337463,0.5480940341949463,0.35183367133140564,0.6354286074638367,0.602832555770874,0.632038950920105,-0.2161046415567398,0.9312182664871216,0.6683517694473267,0.571730375289917,0.3077161908149719,0.709602415561676,0.6978428363800049,0.6498233079910278,-0.3882578909397125,0.9741575717926025
General3,29,1,0.5877854824066162,0.3284381926059723,-0.33824726939201355,0.9978759288787842,0.5793237090110779,0.32172900438308716,-0.3182435631752014,0.9962033629417419,0.5791864395141602,0.32167303562164307,-0.31843844056129456,0.9952589869499207,0.579042911529541,0.3215939998626709,-0.3186321556568146,0.9970756769180298,0.5744472742080688,0.3224356770515442,-0.3664947748184204,0.997697651386261,0.5707995891571045,0.322872519493103,-0.366472989320755,0.9970476031303406,0.5669484734535217,0.3232482671737671,-0.36654210090637207,0.9971621036529541,0.5619732737541199,0.32450875639915466,-0.1967712938785553,0.996049702167511,0.548183023929596,0.3271678686141968,-0.41500455141067505,0.9938737154006958,0.5864182710647583,0.3350868225097656,-0.2853473126888275,0.9976319074630737,0.579764723777771,0.3364719748497009,-0.3490157723426819,0.9975952506065369,0.5605034232139587,0.34547746181488037,-0.0890054851770401,0.9992035031318665,0.5447993278503418,0.3683655261993408,-0.5103215575218201,0.9978376030921936,0.6157535910606384,0.2862688899040222,-0.0849040076136589,0.9445164799690247,0.6557539105415344,0.39256033301353455,-0.7346349358558655,0.9762439131736755,0.6080644726753235,0.22606819868087769,-0.2931932508945465,0.979844331741333,0.702866792678833,0.3460327982902527,-0.872294008731842,0.9489833116531372,0.5900710821151733,0.21173352003097534,-0.3573513329029083,0.9721589684486389,0.7075560092926025,0.33592361211776733,-0.9598880410194397,0.92789626121521,0.5840377807617188,0.21138566732406616,-0.38751229643821716,0.9716455936431885,0.693569004535675,0.3343489170074463,-0.9555163383483887,0.9241234064102173,0.5894094705581665,0.21617963910102844,-0.31831416487693787,0.9687559604644775,0.6893009543418884,0.3380843997001648,-0.876878559589386,0.8814978003501892,0.5902283191680908,0.4575403034687042,0.16622695326805115,0.9983660578727722,0.5562933683395386,0.47119128704071045,-0.166020929813385,0.9979121088981628,0.7436356544494629,0.48468291759490967,-0.06593386083841324,0.7877294421195984,0.6270123720169067,0.5406225919723511,-0.39056992530822754,0.9583106637001038,0.6291535496711731,0.544708788394928,0.3268604874610901,0.5997955203056335,0.6218416094779968,0.6209006905555725,-0.2135390043258667,0.9829654097557068,0.6018874645233154,0.5479624271392822,0.3621625304222107,0.6380285024642944,0.604202926158905,0.6320196390151978,-0.20261695981025696,0.9344229102134705,0.6685164570808411,0.5718157291412354,0.3174862861633301,0.7187977433204651,0.6968787908554077,0.6496695280075073,-0.37360328435897827,0.9761777520179749
General3,30,1,0.5886319279670715,0.32963651418685913,-0.23041845858097076,0.9980745315551758,0.5766588449478149,0.32602816820144653,-0.20185166597366333,0.9965988993644714,0.5766317248344421,0.3260055184364319,-0.20200273394584656,0.9962838292121887,0.5765184164047241,0.32588958740234375,-0.20208512246608734,0.9972788691520691,0.5723199844360352,0.32724082469940186,-0.2461918145418167,0.9973945617675781,0.5694202184677124,0.32809048891067505,-0.24614961445331573,0.9970206618309021,0.5664902925491333,0.3288595974445343,-0.24622111022472382,0.9969874024391174,0.5636028051376343,0.33033639192581177,-0.052218783646821976,0.996687114238739,0.5520555377006531,0.3351454734802246,-0.24873799085617065,0.9952947497367859,0.5924534797668457,0.33605116605758667,-0.1692444533109665,0.9978402853012085,0.5853012204170227,0.3375833034515381,-0.2266557365655899,0.997506320476532,0.5717172622680664,0.3456733226776123,0.08380324393510818,0.9997190833091736,0.5514926314353943,0.3727954924106598,-0.35183286666870117,0.9987275004386902,0.6269245147705078,0.28978925943374634,0.07788199186325073,0.9719841480255127,0.6440405249595642,0.4030478298664093,-0.472734659910202,0.9880205988883972,0.6322948932647705,0.22791525721549988,-0.14367325603961945,0.991591215133667,0.7232642769813538,0.3733140826225281,-0.48886924982070923,0.9623259902000427,0.6136492490768433,0.2143210768699646,-0.2053571492433548,0.9845376014709473,0.7408684492111206,0.362248957157135,-0.5540350675582886,0.9332211017608643,0.6095464825630188,0.2139662504196167,-0.23726381361484528,0.9835532903671265,0.7272921800613403,0.3566069006919861,-0.5571213960647583,0.9286310076713562,0.6150636672973633,0.21954494714736938,-0.1703493893146515,0.9817007184028625,0.7212423086166382,0.3591310381889343,-0.4909520745277405,0.8941808938980103,0.5947540998458862,0.46039849519729614,0.16226401925086975,0.9993033409118652,0.5609945058822632,0.4701598286628723,-0.1621037870645523,0.9985200762748718,0.7362042665481567,0.49324938654899597,-0.0848623737692833,0.8640799522399902,0.6374828815460205,0.5475292801856995,-0.3624996244907379,0.9690857529640198,0.6463741660118103,0.5649850964546204,0.18800239264965057,0.7769606709480286,0.6386637091636658,0.6321631073951721,-0.2687176465988159,0.9812613725662231,0.6176039576530457,0.5727968215942383,0.20790494978427887,0.7297342419624329,0.626075267791748,0.6434216499328613,-0.2671512961387634,0.9225025177001953,0.6952711343765259,0.5934096574783325,0.10431887954473495,0.8553286194801331,0.7183318138122559,0.6596840023994446,-0.46817439794540405,0.9759722352027893
General3,31,1,0.5912836790084839,0.33110541105270386,-0.27083978056907654,0.9982483386993408,0.5801123976707458,0.3266616463661194,-0.2425166517496109,0.9969185590744019,0.5801610350608826,0.326596736907959,-0.24267037212848663,0.9965481162071228,0.5801504254341125,0.32643967866897583,-0.24276874959468842,0.9974486231803894,0.5748617053031921,0.32772427797317505,-0.2871500849723816,0.9977611303329468,0.5714924335479736,0.32842183113098145,-0.2871088981628418,0.9974815249443054,0.5680709481239319,0.32905349135398865,-0.2871865928173065,0.997477114200592,0.5656424164772034,0.33016014099121094,-0.08796834945678711,0.9968993663787842,0.5515130162239075,0.33482807874679565,-0.2861599028110504,0.9962517619132996,0.5938385128974915,0.33659735321998596,-0.20718689262866974,0.9981953501701355,0.5864627361297607,0.3384312391281128,-0.2651752233505249,0.9981288313865662,0.5718100070953369,0.34549659490585327,0.056502606719732285,0.9997352957725525,0.5514079928398132,0.3725712299346924,-0.3811306655406952,0.9989461302757263,0.6284293532371521,0.29001376032829285,0.05156794562935829,0.9730191230773926,0.6437488198280334,0.40209126472473145,-0.5361345410346985,0.9871231317520142,0.6327370405197144,0.22843462228775024,-0.17147351801395416,0.9910821914672852,0.7244530916213989,0.3731085956096649,-0.5989568829536438,0.9608181118965149,0.6138772368431091,0.21463364362716675,-0.23462191224098206,0.9836230874061584,0.7437934279441833,0.36315232515335083,-0.6714353561401367,0.9315465092658997,0.6098905801773071,0.21382001042366028,-0.2668303847312927,0.9825542569160461,0.7286351919174194,0.35756877064704895,-0.6732010841369629,0.9269233345985413,0.6154622435569763,0.21969687938690186,-0.19841980934143066,0.9807398319244385,0.7217392921447754,0.3598009943962097,-0.6016877293586731,0.8904252648353577,0.595939040184021,0.45993438363075256,0.16237594187259674,0.9993376135826111,0.5620434284210205,0.4699645936489105,-0.16224095225334167,0.9987327456474304,0.7372997999191284,0.49313145875930786,-0.06191748380661011,0.8809949159622192,0.6360195279121399,0.5475471019744873,-0.3689732253551483,0.972184956073761,0.6454302668571472,0.5675949454307556,0.22882528603076935,0.8027912378311157,0.6400147676467896,0.6324498653411865,-0.27615728974342346,0.9843097925186157,0.6156539916992188,0.5725741982460022,0.24970290064811707,0.7379493713378906,0.6288190484046936,0.645145058631897,-0.275656133890152,0.9315811395645142,0.6933614611625671,0.5927609205245972,0.13842718303203583,0.8672734498977661,0.7187202572822571,0.6621977686882019,-0.4895038604736328,0.9795708656311035
General3,32,1,0.5902647972106934,0.3296683430671692,-0.2823265790939331,0.9987145662307739,0.5790566802024841,0.326042503118515,-0.253548264503479,0.9977176189422607,0.5790510773658752,0.32599759101867676,-0.25367802381515503,0.9973772764205933,0.579006552696228,0.3258655369281769,-0.2537591755390167,0.9980727434158325,0.5740450620651245,0.32715949416160583,-0.299103319644928,0.9984411597251892,0.5707556009292603,0.3279063403606415,-0.29907506704330444,0.9982203841209412,0.5674099922180176,0.328579843044281,-0.29915469884872437,0.9982531666755676,0.5650393962860107,0.32993435859680176,-0.09806172549724579,0.9975607395172119,0.5513167977333069,0.3344572186470032,-0.3010105490684509,0.9973351359367371,0.593549370765686,0.3358166217803955,-0.21868367493152618,0.9985687732696533,0.5863507986068726,0.337622731924057,-0.2779470384120941,0.998599112033844,0.5725516080856323,0.3456406593322754,0.04644608497619629,0.9997197985649109,0.5518349409103394,0.37217652797698975,-0.3992172181606293,0.9991322159767151,0.6285471320152283,0.29032015800476074,0.04068644344806671,0.9748343825340271,0.6421070694923401,0.4017288386821747,-0.5430079102516174,0.9893853068351746,0.6324167847633362,0.22838768362998962,-0.18150527775287628,0.99189692735672,0.723770797252655,0.3736902177333832,-0.5822787880897522,0.9671936631202698,0.6134005188941956,0.21461603045463562,-0.24376104772090912,0.9849722981452942,0.7446491122245789,0.3635152578353882,-0.6522787809371948,0.940502405166626,0.6095088124275208,0.21383202075958252,-0.27666953206062317,0.9839672446250916,0.7298543453216553,0.357941210269928,-0.6526500582695007,0.9364359378814697,0.6151456832885742,0.2196705937385559,-0.20883990824222565,0.9823067784309387,0.7227973937988281,0.3601939082145691,-0.5837768912315369,0.9031593203544617,0.5965293049812317,0.46049821376800537,0.16600395739078522,0.9993212223052979,0.5632195472717285,0.4703151285648346,-0.16588006913661957,0.9988378882408142,0.7372559309005737,0.49292150139808655,-0.04755423218011856,0.8813029527664185,0.6370430588722229,0.547351062297821,-0.3674807846546173,0.9749858975410461,0.6416922211647034,0.5642595291137695,0.2569446265697479,0.8023849129676819,0.6391938328742981,0.6315111517906189,-0.2644801139831543,0.986519455909729,0.6113157272338867,0.5677888989448547,0.279496967792511,0.7534143328666687,0.6269159317016602,0.6426835656166077,-0.2626343071460724,0.9396995902061462,0.6896449327468872,0.5924986600875854,0.17584846913814545,0.8672967553138733,0.7191802859306335,0.6610130071640015,-0.47208964824676514,0.9819527268409729
General3,33,1,0.6001559495925903,0.33959245681762695,-0.2164171189069748,0.9955788254737854,0.5918806791305542,0.333837628364563,-0.19001391530036926,0.9905775785446167,0.593203604221344,0.33370792865753174,-0.19010016322135925,0.988962709903717,0.5940311551094055,0.3335689902305603,-0.19020740687847137,0.9910274147987366,0.5866786241531372,0.3342890739440918,-0.22366829216480255,0.9941684007644653,0.5833779573440552,0.3344697952270508,-0.22362923622131348,0.9939621090888977,0.5803021192550659,0.3346291482448578,-0.2237597107887268,0.9943668246269226,0.5852866172790527,0.3370371460914612,-0.03536863625049591,0.9913660287857056,0.5671869516372681,0.3392375111579895,-0.18307651579380035,0.9937402009963989,0.6013387441635132,0.3454626500606537,-0.15152452886104584,0.9951868653297424,0.5918329358100891,0.34649062156677246,-0.1951078176498413,0.9958935976028442,0.5957525968551636,0.3501480221748352,0.0914110392332077,0.9995373487472534,0.5560506582260132,0.3699856102466583,-0.29055875539779663,0.9996494054794312,0.6544451713562012,0.2942105531692505,0.028424419462680817,0.9858308434486389,0.6368733644485474,0.3999417722225189,-0.48263952136039734,0.9907341003417969,0.6556996703147888,0.23375770449638367,-0.16561400890350342,0.991912841796875,0.7281923890113831,0.39945948123931885,-0.5998517274856567,0.9788738489151001,0.6346560120582581,0.2214755415916443,-0.2369941920042038,0.9801223278045654,0.7548045516014099,0.39095842838287354,-0.6760700345039368,0.9588199257850647,0.6293795704841614,0.21998849511146545,-0.25128087401390076,0.9775967597961426,0.7489258646965027,0.38468948006629944,-0.6756408214569092,0.9551969170570374,0.6341241002082825,0.22347596287727356,-0.18649576604366302,0.9760677218437195,0.7413068413734436,0.3867620825767517,-0.6034464836120605,0.9318580031394958,0.597261905670166,0.4640069901943207,0.13162057101726532,0.9996577501296997,0.5602437257766724,0.47167110443115234,-0.1316649168729782,0.999445378780365,0.7576296329498291,0.5026332139968872,-0.25273701548576355,0.9568790197372437,0.6301906108856201,0.5602996349334717,-0.35045501589775085,0.9665880799293518,0.7189745903015137,0.5875933766365051,0.0363762192428112,0.8802461624145508,0.6566975116729736,0.6445786952972412,-0.1842530071735382,0.9751801490783691,0.6671404838562012,0.5783593058586121,0.056239739060401917,0.8251833915710449,0.6470457911491394,0.6553511619567871,-0.1772361546754837,0.8802139759063721,0.7464407086372375,0.6245438456535339,-0.1061466783285141,0.9059127569198608,0.7404969930648804,0.6716203093528748,-0.418619304895401,0.9680445194244385
General3,34,1,0.602203369140625,0.3417396545410156,-0.36160439252853394,0.9965853691101074,0.5950107574462891,0.33533474802970886,-0.3404597043991089,0.9925958514213562,0.5958035588264465,0.33508241176605225,-0.3405463993549347,0.9911572933197021,0.5967782139778137,0.3348437547683716,-0.3406997323036194,0.9929366707801819,0.5881562232971191,0.3358803987503052,-0.3701099157333374,0.9951860308647156,0.5844227075576782,0.33599311113357544,-0.37006038427352905,0.994655966758728,0.5808900594711304,0.33610740303993225,-0.3701780140399933,0.9948305487632751,0.58684903383255,0.33752644062042236,-0.18714235723018646,0.9936925172805786,0.5664987564086914,0.340437114238739,-0.3162268102169037,0.9944748282432556,0.603268027305603,0.3470548987388611,-0.29499226808547974,0.9970442652702332,0.5932286977767944,0.34829896688461304,-0.3331913948059082,0.9973503351211548,0.5933946371078491,0.35017627477645874,-0.0451744981110096,0.9995818734169006,0.5567357540130615,0.3715117573738098,-0.397884726524353,0.9996963739395142,0.6542422771453857,0.29398036003112793,-0.10662666708230972,0.9877690672874451,0.6383342146873474,0.39834892749786377,-0.603676438331604,0.9925537705421448,0.6549360156059265,0.23369139432907104,-0.3017215132713318,0.9928768277168274,0.7295660376548767,0.3989297151565552,-0.7431399822235107,0.9785552620887756,0.6339808702468872,0.22105690836906433,-0.37373870611190796,0.9833836555480957,0.7553691864013672,0.3897497355937958,-0.8225128650665283,0.9582995176315308,0.6284456253051758,0.21971464157104492,-0.39298009872436523,0.981512188911438,0.749065637588501,0.38392433524131775,-0.8211369514465332,0.9547838568687439,0.6330064535140991,0.2232854962348938,-0.3237806260585785,0.9797117114067078,0.7414126396179199,0.38642388582229614,-0.747345507144928,0.931488573551178,0.5935176610946655,0.4652872383594513,0.1302804946899414,0.9994957447052002,0.561713695526123,0.47309738397598267,-0.13031351566314697,0.9993295669555664,0.7536728978157043,0.5011686086654663,-0.22688619792461395,0.9462210536003113,0.629334568977356,0.5619535446166992,-0.3226816654205322,0.9729390144348145,0.699950635433197,0.5742942690849304,0.09055046737194061,0.8565454483032227,0.6529970169067383,0.6447465419769287,-0.144316628575325,0.9800002574920654,0.6586830019950867,0.573719322681427,0.11359383165836334,0.8108687400817871,0.6430527567863464,0.6556378602981567,-0.13647553324699402,0.9014291763305664,0.7604444622993469,0.6065965890884399,-0.031643278896808624,0.8913693428039551,0.7357901930809021,0.671929121017456,-0.36981692910194397,0.9724598526954651
General3,35,1,0.6036376357078552,0.34721052646636963,-0.4356784522533417,0.9995222091674805,0.5951904654502869,0.3396151065826416,-0.4162575602531433,0.9988343119621277,0.596207857131958,0.3390602767467499,-0.4164080023765564,0.9987630844116211,0.597396731376648,0.33849722146987915,-0.4166311025619507,0.9990266561508179,0.5875704884529114,0.3410000801086426,-0.45659852027893066,0.9991917014122009,0.5832540988922119,0.34134528040885925,-0.45655301213264465,0.9990682005882263,0.5789006948471069,0.34170693159103394,-0.4565873146057129,0.9989752769470215,0.5862091183662415,0.34040209650993347,-0.26597896218299866,0.9990372657775879,0.5618074536323547,0.34635382890701294,-0.4457695782184601,0.9987384676933289,0.6079990863800049,0.3529399037361145,-0.3699237108230591,0.9995549321174622,0.5969433188438416,0.3548850417137146,-0.42275097966194153,0.9994875192642212,0.6060479879379272,0.357852578163147,-0.10487519949674606,0.999869704246521,0.5669767260551453,0.3847762644290924,-0.5071403384208679,0.9997746348381042,0.6707737445831299,0.3038954734802246,-0.10758038610219955,0.9858074188232422,0.6577343940734863,0.42122042179107666,-0.6540735363960266,0.9927647709846497,0.6792922019958496,0.24302682280540466,-0.30849435925483704,0.9926385879516602,0.7524527311325073,0.4158942997455597,-0.7470279335975647,0.9631943702697754,0.6598371267318726,0.23073017597198486,-0.3827815353870392,0.9831634163856506,0.7827239036560059,0.41216105222702026,-0.8280943036079407,0.9392790198326111,0.6544049382209778,0.22877150774002075,-0.40765219926834106,0.9817548394203186,0.7748979926109314,0.405240535736084,-0.8384729623794556,0.9344778656959534,0.6595551371574402,0.2330954372882843,-0.33296123147010803,0.980905294418335,0.7678568959236145,0.40559548139572144,-0.7558835744857788,0.9002107977867126,0.6004881858825684,0.4716770648956299,0.1563292294740677,0.9996435642242432,0.5551714897155762,0.4835020899772644,-0.15633077919483185,0.9994953870773315,0.7585503458976746,0.5059654712677002,-0.12958493828773499,0.9258036613464355,0.6289258599281311,0.5710511207580566,-0.3705388009548187,0.987365186214447,0.7302222847938538,0.5873739719390869,0.20859189331531525,0.8913210034370422,0.6616512537002563,0.6512726545333862,-0.19104841351509094,0.9911202788352966,0.7129067778587341,0.5916892886161804,0.23444320261478424,0.8760402798652649,0.650822639465332,0.6620296239852905,-0.18387629091739655,0.9475151300430298,0.8023388385772705,0.6064366102218628,0.10802648961544037,0.92680823802948,0.7330798506736755,0.677361011505127,-0.4163506031036377,0.9859108924865723
General3,36,1,0.6020068526268005,0.3483569025993347,-0.4755832850933075,0.9995243549346924,0.5935443043708801,0.34051674604415894,-0.4553965628147125,0.9988454580307007,0.5947476029396057,0.3397086262702942,-0.4555499851703644,0.9987700581550598,0.595953643321991,0.3390284776687622,-0.4557790458202362,0.9990299940109253,0.585623562335968,0.34210288524627686,-0.4925592243671417,0.9991835951805115,0.5812389850616455,0.3425084948539734,-0.4925139248371124,0.9990436434745789,0.5765228271484375,0.3429683744907379,-0.4925602674484253,0.9989551305770874,0.5865137577056885,0.3406504988670349,-0.295192688703537,0.9990260601043701,0.5589231848716736,0.3475499451160431,-0.46000993251800537,0.9987479448318481,0.6073888540267944,0.35369056463241577,-0.4057660698890686,0.99959796667099,0.5958765745162964,0.35596099495887756,-0.45428404211997986,0.9995352029800415,0.6087027788162231,0.3564067780971527,-0.12457983195781708,0.9998999834060669,0.563208818435669,0.38679856061935425,-0.5120328068733215,0.9998124241828918,0.6734825372695923,0.3031104803085327,-0.1358548402786255,0.9887955188751221,0.6564505100250244,0.42126527428627014,-0.6562361717224121,0.9930558800697327,0.6791702508926392,0.24250006675720215,-0.3444291651248932,0.9939813017845154,0.7513347268104553,0.41607704758644104,-0.7602761387825012,0.9661632180213928,0.65993332862854,0.23012414574623108,-0.42267242074012756,0.9858081340789795,0.782826840877533,0.4121668338775635,-0.8446853756904602,0.9428966045379639,0.6544435620307922,0.22800779342651367,-0.44820767641067505,0.9845697283744812,0.7756215333938599,0.4051806926727295,-0.8560901284217834,0.938188374042511,0.6592497229576111,0.23239681124687195,-0.36923032999038696,0.9834572672843933,0.7683863043785095,0.40542832016944885,-0.7700006365776062,0.9048827886581421,0.6034982800483704,0.47124502062797546,0.1516202837228775,0.9997063279151917,0.5543054342269897,0.48350387811660767,-0.15157756209373474,0.9995965361595154,0.759493350982666,0.5057141780853271,-0.14796534180641174,0.9392845034599304,0.6285322904586792,0.5708012580871582,-0.3883820176124573,0.9881779551506042,0.7299665808677673,0.5868409276008606,0.21585924923419952,0.9023159146308899,0.661477267742157,0.6511016488075256,-0.18971092998981476,0.9915993213653564,0.7119389772415161,0.5911172032356262,0.24413864314556122,0.8871274590492249,0.6509769558906555,0.661829948425293,-0.18102917075157166,0.948763370513916,0.8008726835250854,0.6063917875289917,0.10952502489089966,0.9341517686843872,0.7329041957855225,0.6777815222740173,-0.4240240752696991,0.9872531294822693
General3,37,1,0.603565514087677,0.3470706343650818,-0.4351651072502136,0.9994494318962097,0.5949141383171082,0.33923375606536865,-0.4154854714870453,0.9986045956611633,0.5962172150611877,0.3386191725730896,-0.4156288206577301,0.9985052347183228,0.5972998142242432,0.33802559971809387,-0.4158484935760498,0.9988270401954651,0.5872113108634949,0.34071698784828186,-0.45452171564102173,0.9990304708480835,0.5829033851623535,0.3410640358924866,-0.4544721841812134,0.9988701939582825,0.5785782337188721,0.34142816066741943,-0.4545125365257263,0.9987567663192749,0.5867888927459717,0.33995509147644043,-0.26488354802131653,0.9988279938697815,0.5620179772377014,0.34602195024490356,-0.43877583742141724,0.9984386563301086,0.6081414222717285,0.3527771532535553,-0.3695482611656189,0.9994627833366394,0.5971973538398743,0.3548126518726349,-0.42062872648239136,0.9993756413459778,0.606644332408905,0.35767674446105957,-0.11080829799175262,0.9998601675033569,0.564960777759552,0.38449883460998535,-0.4990255534648895,0.9997318387031555,0.6714828610420227,0.30440911650657654,-0.11826661229133606,0.985732913017273,0.6570310592651367,0.4208833575248718,-0.643993616104126,0.993160605430603,0.6793701648712158,0.24348121881484985,-0.31554457545280457,0.9925683736801147,0.7540075778961182,0.4163580536842346,-0.7357970476150513,0.9654551148414612,0.6597071886062622,0.23104256391525269,-0.3899695575237274,0.9826299548149109,0.7833127975463867,0.4121869206428528,-0.8161221146583557,0.9411644339561462,0.6546308994293213,0.22899293899536133,-0.41421541571617126,0.9812146425247192,0.7772523760795593,0.40516573190689087,-0.8254368305206299,0.9366077184677124,0.6598791480064392,0.2331632673740387,-0.33963143825531006,0.9801948070526123,0.7688392400741577,0.40560224652290344,-0.7443199157714844,0.9027366638183594,0.6032640933990479,0.47158700227737427,0.1474175751209259,0.999613344669342,0.554510772228241,0.4843519926071167,-0.14743709564208984,0.9994033575057983,0.7610433101654053,0.505277693271637,-0.16174794733524323,0.9322555661201477,0.6295265555381775,0.5709102153778076,-0.3539872169494629,0.9854761958122253,0.730316162109375,0.5876185894012451,0.18615667521953583,0.89058917760849,0.6600877642631531,0.6507763266563416,-0.13946136832237244,0.9894827604293823,0.7124176025390625,0.5921996831893921,0.2134104073047638,0.8722893595695496,0.650059163570404,0.6609518527984619,-0.12840300798416138,0.9373258352279663,0.7992680668830872,0.6070048809051514,0.08505338430404663,0.9269715547561646,0.7302681803703308,0.6769866943359375,-0.35446897149086,0.983625054359436
General3,38,1,0.614509642124176,0.3500930070877075,-0.16539928317070007,0.9997627139091492,0.6052054166793823,0.3436410427093506,-0.1346854418516159,0.9994823932647705,0.6049050092697144,0.3434937596321106,-0.13473469018936157,0.9993345141410828,0.6047263741493225,0.34335416555404663,-0.13470500707626343,0.9994601607322693,0.60108482837677,0.34443169832229614,-0.1865619570016861,0.999776303768158,0.5976633429527283,0.3448209762573242,-0.18652556836605072,0.9997851252555847,0.5941788554191589,0.3451753258705139,-0.18659479916095734,0.999817430973053,0.5915939211845398,0.3474729061126709,0.009449062868952751,0.9990819692611694,0.5774233937263489,0.350089967250824,-0.22758790850639343,0.9998108744621277,0.6137383580207825,0.3563115894794464,-0.10705024003982544,0.9993960857391357,0.6078981161117554,0.3572041392326355,-0.17609825730323792,0.9996254444122314,0.591137707233429,0.3717403709888458,0.15623979270458221,0.9998021721839905,0.5719420313835144,0.3864118158817291,-0.3495831787586212,0.9999098777770996,0.6830870509147644,0.31420522928237915,0.17505823075771332,0.9633670449256897,0.6440724730491638,0.4283798336982727,-0.48844996094703674,0.9888864159584045,0.7029616832733154,0.2601688802242279,0.01371003594249487,0.9792455434799194,0.7362847924232483,0.4404391944408417,-0.517046332359314,0.9630982875823975,0.6928369402885437,0.24320387840270996,-0.026544881984591484,0.9574119448661804,0.7712720036506653,0.44130730628967285,-0.5781283974647522,0.9402830004692078,0.6856873035430908,0.24116626381874084,-0.058710623532533646,0.952521800994873,0.7737235426902771,0.4368586242198944,-0.5775407552719116,0.9358830451965332,0.688124418258667,0.24520054459571838,-0.01207659114152193,0.9556314945220947,0.764102578163147,0.43674471974372864,-0.5162901282310486,0.9032067656517029,0.5755867958068848,0.4834919571876526,0.1725275218486786,0.99983811378479,0.5843390822410583,0.48307928442955017,-0.1728663295507431,0.9996063113212585,0.6679743528366089,0.5599672198295593,0.013966415077447891,0.7992333769798279,0.7434870004653931,0.5201185345649719,-0.3272790312767029,0.9863887429237366,0.6788282990455627,0.6576545238494873,0.03367061913013458,0.8573718667030334,0.7376091480255127,0.6128345131874084,-0.2507356107234955,0.9678351879119873,0.6719536781311035,0.6721107959747314,0.027845507487654686,0.8908224701881409,0.720528244972229,0.615525484085083,-0.24584202468395233,0.9170957803726196,0.7485232353210449,0.6727280616760254,-0.06721135973930359,0.91241854429245,0.8061091899871826,0.6280100345611572,-0.3242936432361603,0.9668270349502563
General3,39,1,0.6099255681037903,0.3500042259693146,-0.16312061250209808,0.999855637550354,0.601452112197876,0.3438127636909485,-0.13311009109020233,0.9996547698974609,0.6015239953994751,0.34365373849868774,-0.13315606117248535,0.9995824694633484,0.6017467379570007,0.3434934616088867,-0.13311795890331268,0.9996472597122192,0.5968766808509827,0.34465980529785156,-0.18199491500854492,0.9998642206192017,0.5936591029167175,0.3450838327407837,-0.18197239935398102,0.9998810291290283,0.5904756784439087,0.3454664349555969,-0.18207137286663055,0.9998946189880371,0.5908747911453247,0.3474280536174774,0.010572696104645729,0.9994254112243652,0.5757749080657959,0.3501671552658081,-0.21310065686702728,0.9998968839645386,0.6103079915046692,0.35637933015823364,-0.10446704179048538,0.999567449092865,0.6041767001152039,0.35744595527648926,-0.16974802315235138,0.9997407793998718,0.5919012427330017,0.37079954147338867,0.16199401021003723,0.9998329877853394,0.5722963213920593,0.38587960600852966,-0.33565324544906616,0.9999445676803589,0.6848244667053223,0.31532108783721924,0.1809142380952835,0.964093029499054,0.6480444669723511,0.4281778037548065,-0.4599458575248718,0.9904897212982178,0.703754723072052,0.2578761577606201,0.030030371621251106,0.9760037660598755,0.7382660508155823,0.4410748779773712,-0.48490020632743835,0.9648562669754028,0.6939621567726135,0.24299511313438416,-0.008108594454824924,0.9501627683639526,0.7728968262672424,0.44170859456062317,-0.54290372133255,0.9412314891815186,0.6860308647155762,0.24051806330680847,-0.038970742374658585,0.9443579316139221,0.7747170329093933,0.43722641468048096,-0.5423538088798523,0.9371821880340576,0.688432514667511,0.24489039182662964,0.005465175956487656,0.9476739764213562,0.7656854391098022,0.4371941387653351,-0.48377442359924316,0.9065631031990051,0.5733234882354736,0.4829661250114441,0.1733473837375641,0.9998852014541626,0.584923267364502,0.48147183656692505,-0.17384175956249237,0.9997294545173645,0.6483266949653625,0.5664566159248352,0.01119499932974577,0.8865674138069153,0.758391261100769,0.5139425992965698,-0.32075902819633484,0.9916667342185974,0.676188051700592,0.6580365896224976,0.003659958252683282,0.8995909094810486,0.7503417730331421,0.5962486267089844,-0.22728559374809265,0.9751376509666443,0.6668265461921692,0.6745867729187012,-0.0037027192302048206,0.9232860803604126,0.7311168313026428,0.6112618446350098,-0.21920299530029297,0.9339150190353394,0.7389342784881592,0.6741909980773926,-0.09390232712030411,0.9312606453895569,0.8370140790939331,0.6105337738990784,-0.2800976634025574,0.9734480977058411
General3,40,1,0.613763689994812,0.355305016040802,-0.35100799798965454,0.9998528957366943,0.602484941482544,0.34893637895584106,-0.3291908800601959,0.9996740818023682,0.6028355360031128,0.34881579875946045,-0.32925331592559814,0.9995867609977722,0.6030871868133545,0.3487706184387207,-0.3293200731277466,0.9996944665908813,0.5979619026184082,0.3497055768966675,-0.3800331652164459,0.9998584985733032,0.5950659513473511,0.3500729203224182,-0.3800658881664276,0.9998365640640259,0.5919721722602844,0.3505037724971771,-0.3801691234111786,0.9998637437820435,0.5923259258270264,0.3538261950016022,-0.19394323229789734,0.9995836615562439,0.5763729810714722,0.3556707501411438,-0.42551302909851074,0.9998708963394165,0.6168777346611023,0.3615536689758301,-0.2928317189216614,0.9997889399528503,0.6099370718002319,0.36302271485328674,-0.36068472266197205,0.9998781681060791,0.6088377237319946,0.3764132857322693,-0.04399380832910538,0.9998025298118591,0.5767415761947632,0.3943573236465454,-0.5105037689208984,0.9999659061431885,0.7077832818031311,0.3304000496864319,-0.04434535652399063,0.9728386998176575,0.6475591063499451,0.43819940090179443,-0.642774760723114,0.9951509237289429,0.7407385110855103,0.27650099992752075,-0.19256111979484558,0.9847469329833984,0.7424802780151367,0.4622190594673157,-0.6853589415550232,0.9754384756088257,0.731192946434021,0.2608707547187805,-0.23963339626789093,0.9676069021224976,0.7714049816131592,0.46916279196739197,-0.7606834173202515,0.951736569404602,0.7240614295005798,0.25641965866088867,-0.26994001865386963,0.9648661613464355,0.7763878107070923,0.46480703353881836,-0.7570069432258606,0.9459492564201355,0.7257006764411926,0.26153460144996643,-0.21729637682437897,0.9649668335914612,0.769662082195282,0.46181321144104004,-0.6867408156394958,0.9118193984031677,0.5923749208450317,0.4887005686759949,0.1583612561225891,0.999607264995575,0.5766099095344543,0.49558475613594055,-0.15839985013008118,0.9996798038482666,0.7160175442695618,0.542147159576416,0.03872217610478401,0.812490701675415,0.6266534328460693,0.5646421909332275,-0.3295723795890808,0.9931160807609558,0.7181416153907776,0.6321253776550293,0.1801237314939499,0.8330192565917969,0.6525350213050842,0.652398943901062,-0.2578033208847046,0.9918571710586548,0.6781579256057739,0.6589403748512268,0.1853855848312378,0.8276821970939636,0.6411257982254028,0.6669230461120605,-0.2606744170188904,0.9643557071685791,0.805260956287384,0.6463220715522766,0.07048633694648743,0.8942804336547852,0.7227742075920105,0.6652506589889526,-0.4320855140686035,0.9871581196784973
General3,41,1,0.6138336062431335,0.35534387826919556,-0.3799860179424286,0.9998892545700073,0.6023872494697571,0.34893131256103516,-0.35843899846076965,0.9997435212135315,0.602815568447113,0.3487587571144104,-0.3585057258605957,0.999681830406189,0.6031316518783569,0.34866368770599365,-0.3585934042930603,0.9997634291648865,0.5977898836135864,0.3499142527580261,-0.40942633152008057,0.999883770942688,0.5948787927627563,0.35038143396377563,-0.40945202112197876,0.9998630285263062,0.5917274951934814,0.35092243552207947,-0.40954819321632385,0.9998812675476074,0.5923121571540833,0.3536489009857178,-0.22030580043792725,0.9996793270111084,0.5759809613227844,0.356200248003006,-0.4523561894893646,0.999889612197876,0.6172026991844177,0.36149901151657104,-0.3205084800720215,0.9998486042022705,0.610055685043335,0.3632659316062927,-0.3884405791759491,0.9999064207077026,0.6102457046508789,0.3754318654537201,-0.06574835628271103,0.9998612403869629,0.576604962348938,0.3954097032546997,-0.534591019153595,0.9999727010726929,0.711187481880188,0.33009612560272217,-0.06943096220493317,0.9756050109863281,0.6485849618911743,0.4388663172721863,-0.6689522862434387,0.9957780838012695,0.7411001920700073,0.27613919973373413,-0.22439444065093994,0.9861393570899963,0.7473299503326416,0.46279019117355347,-0.7119780778884888,0.9774277806282043,0.7311842441558838,0.26043421030044556,-0.2753083109855652,0.9695447683334351,0.7727477550506592,0.46941089630126953,-0.7882355451583862,0.954789400100708,0.7241537570953369,0.25629061460494995,-0.30413880944252014,0.9670083522796631,0.7808506488800049,0.46478259563446045,-0.7867277264595032,0.9494239687919617,0.7258210182189941,0.2614627480506897,-0.2489384263753891,0.9668489694595337,0.7708076238632202,0.46303683519363403,-0.714448869228363,0.9166701436042786,0.5999027490615845,0.48799005150794983,0.16062182188034058,0.9996775388717651,0.575397253036499,0.4967014789581299,-0.16068758070468903,0.9997114539146423,0.7446509599685669,0.5367076396942139,-0.009936083108186722,0.8606262803077698,0.6270025968551636,0.5686619877815247,-0.34969180822372437,0.9928938746452332,0.7513720989227295,0.6297507882118225,0.1503317654132843,0.8766934275627136,0.6518799066543579,0.6535054445266724,-0.2682046592235565,0.9926008582115173,0.737122654914856,0.6450523734092712,0.15739001333713531,0.8683096170425415,0.6375144124031067,0.6678473949432373,-0.2711554169654846,0.963624894618988,0.823487401008606,0.6423105597496033,0.03327760845422745,0.9208383560180664,0.7086319923400879,0.6713487505912781,-0.46100589632987976,0.9880344271659851
General3,42,1,0.6160374283790588,0.35550233721733093,-0.3334237039089203,0.9998313188552856,0.6040188074111938,0.34898486733436584,-0.3111748993396759,0.9996410608291626,0.6041452884674072,0.3488782048225403,-0.311240553855896,0.9995463490486145,0.6041615009307861,0.3488488793373108,-0.31129923462867737,0.999656081199646,0.5993068814277649,0.34963279962539673,-0.3604566752910614,0.9998441934585571,0.5960220694541931,0.34995177388191223,-0.36049720644950867,0.9998238682746887,0.5925575494766235,0.35036328434944153,-0.36060547828674316,0.9998546838760376,0.5916210412979126,0.3538088798522949,-0.17567600309848785,0.9995477795600891,0.5752778649330139,0.3556555211544037,-0.39987099170684814,0.9998643398284912,0.6186171770095825,0.36185652017593384,-0.2753857672214508,0.9997501969337463,0.6115380525588989,0.3631775975227356,-0.3410954177379608,0.9998568296432495,0.6104414463043213,0.3765581548213959,-0.02770061418414116,0.9997597336769104,0.5791072249412537,0.39406779408454895,-0.4854930639266968,0.999962329864502,0.7129197716712952,0.32996612787246704,-0.03418956696987152,0.9697222113609314,0.6467854976654053,0.43819740414619446,-0.6144548058509827,0.9942242503166199,0.7421166896820068,0.27556049823760986,-0.1779283732175827,0.9813344478607178,0.7469995021820068,0.4620633125305176,-0.6459977626800537,0.9702216386795044,0.7313881516456604,0.26051467657089233,-0.22312875092029572,0.9604944586753845,0.7725909948348999,0.4686513841152191,-0.7179827094078064,0.9420280456542969,0.7238474488258362,0.2563140094280243,-0.251121461391449,0.9568902254104614,0.7776105999946594,0.4643140733242035,-0.7131196856498718,0.9350643157958984,0.7259879112243652,0.2616245746612549,-0.20149348676204681,0.957251250743866,0.7706533074378967,0.4624832570552826,-0.6465048789978027,0.8967682719230652,0.5939459800720215,0.4890093505382538,0.1546676903963089,0.9995473027229309,0.5790868997573853,0.49614062905311584,-0.15467387437820435,0.999658465385437,0.7084355354309082,0.5525996685028076,0.0394652783870697,0.8022492527961731,0.6282584071159363,0.5647674202919006,-0.33302244544029236,0.9930889010429382,0.7100598812103271,0.6353585124015808,0.17007359862327576,0.8181664943695068,0.6532478928565979,0.652159571647644,-0.27334004640579224,0.9914082884788513,0.674992561340332,0.6603652834892273,0.174245685338974,0.8164091110229492,0.663533627986908,0.6675900220870972,-0.2772711515426636,0.9645206928253174,0.7964937686920166,0.647430419921875,0.06078513339161873,0.887825608253479,0.7301732897758484,0.6629143953323364,-0.4439747929573059,0.9869863390922546
General3,43,1,0.6284006237983704,0.3600606918334961,-0.13674135506153107,0.9999912977218628,0.6197450160980225,0.353532075881958,-0.10892435163259506,0.9999791383743286,0.6194511651992798,0.35349494218826294,-0.10893206298351288,0.9999700784683228,0.6191222667694092,0.35348713397979736,-0.10887376219034195,0.9999716281890869,0.6150628328323364,0.35379713773727417,-0.1574026197195053,0.9999932050704956,0.6113550662994385,0.3539040684700012,-0.15733939409255981,0.9999935626983643,0.6075145602226257,0.3540171980857849,-0.15743857622146606,0.999995231628418,0.6030063629150391,0.3567745089530945,0.04033592343330383,0.9999520778656006,0.5879907608032227,0.3577960133552551,-0.18166440725326538,0.9999969005584717,0.6268075704574585,0.36653366684913635,-0.07417763769626617,0.9999651908874512,0.6215039491653442,0.3671838045120239,-0.13863806426525116,0.9999904632568359,0.6117998361587524,0.3835388720035553,0.20873619616031647,0.9999129772186279,0.5709409117698669,0.3954871892929077,-0.2802252769470215,0.9999885559082031,0.7244079113006592,0.3494230806827545,0.22372403740882874,0.9555501937866211,0.616532564163208,0.4446582496166229,-0.40057241916656494,0.9910582304000854,0.7714142799377441,0.29294896125793457,0.08025496453046799,0.9836156964302063,0.7115328311920166,0.48441082239151,-0.432547390460968,0.9726138710975647,0.7708734273910522,0.27771517634391785,0.05201283469796181,0.9618815183639526,0.7348825335502625,0.4947223663330078,-0.47984862327575684,0.947373628616333,0.7620694637298584,0.27458542585372925,0.032001249492168427,0.9577094912528992,0.7443622350692749,0.4918232560157776,-0.48052799701690674,0.9415879249572754,0.7618991136550903,0.28029417991638184,0.062484074383974075,0.9587757587432861,0.7364506721496582,0.48802369832992554,-0.4289090037345886,0.9110152125358582,0.5841469764709473,0.49639612436294556,0.15969188511371613,0.9998247027397156,0.5991281867027283,0.49707549810409546,-0.16006870567798615,0.9997703433036804,0.6153339743614197,0.579716145992279,0.11031468212604523,0.9723601937294006,0.7702357172966003,0.5309348106384277,-0.27129414677619934,0.9961594343185425,0.6274386048316956,0.6576759815216064,0.13021785020828247,0.9574862718582153,0.8246645927429199,0.6102983355522156,-0.19383534789085388,0.9900248050689697,0.6183683276176453,0.6723310947418213,0.12733988463878632,0.972132682800293,0.81761634349823,0.6272566318511963,-0.1893138289451599,0.9747578501701355,0.6618257164955139,0.6834473013877869,0.06181521341204643,0.9232001304626465,0.9117298722267151,0.610651433467865,-0.2517220377922058,0.9785399436950684
General3,44,1,0.6282747387886047,0.35965096950531006,-0.16774098575115204,0.9999914169311523,0.6194327473640442,0.35311242938041687,-0.1417684555053711,0.9999797344207764,0.6190754175186157,0.3529505729675293,-0.14177483320236206,0.9999704360961914,0.6187253594398499,0.35289716720581055,-0.14172331988811493,0.9999722242355347,0.6148335337638855,0.3534824848175049,-0.19117574393749237,0.9999935626983643,0.6111668944358826,0.35364216566085815,-0.19111788272857666,0.9999938011169434,0.6073481440544128,0.35380804538726807,-0.19122226536273956,0.9999953508377075,0.6028119325637817,0.35643184185028076,0.006242506206035614,0.9999557733535767,0.5878186225891113,0.3577713668346405,-0.22018492221832275,0.9999972581863403,0.6268012523651123,0.36628788709640503,-0.10482487827539444,0.9999687671661377,0.6215046048164368,0.36706119775772095,-0.17055970430374146,0.9999920129776001,0.6117493510246277,0.38296180963516235,0.17977112531661987,0.9999198913574219,0.5717415809631348,0.3959823250770569,-0.3124554753303528,0.9999884366989136,0.7234311699867249,0.3495027422904968,0.19637808203697205,0.9592684507369995,0.6183666586875916,0.44572803378105164,-0.4458642899990082,0.9907305836677551,0.7708966732025146,0.292502760887146,0.05117978900671005,0.9848191738128662,0.7134907841682434,0.4858371913433075,-0.49656951427459717,0.9715383648872375,0.7706029415130615,0.27736014127731323,0.022243540734052658,0.9651833176612854,0.7380344271659851,0.4970378875732422,-0.5480383038520813,0.9462433457374573,0.7622508406639099,0.27378666400909424,0.0005364896496757865,0.9614973068237305,0.7468161582946777,0.4930805563926697,-0.547454833984375,0.9401789903640747,0.7619553208351135,0.2799374461174011,0.03287682309746742,0.9622852206230164,0.7382607460021973,0.4890756905078888,-0.4930105209350586,0.9087236523628235,0.5843721628189087,0.49673956632614136,0.16098274290561676,0.9998272061347961,0.5980121493339539,0.49978476762771606,-0.16139034926891327,0.9997668862342834,0.6170821189880371,0.5806845426559448,0.12391684949398041,0.9731611013412476,0.7707430124282837,0.531938910484314,-0.2728215754032135,0.9962543249130249,0.6263934373855591,0.6577994227409363,0.15398718416690826,0.9596864581108093,0.8250768184661865,0.6099651455879211,-0.17149843275547028,0.9890579581260681,0.6168964505195618,0.6727796792984009,0.1523049771785736,0.9720966815948486,0.817651629447937,0.6267414093017578,-0.16456133127212524,0.9719247817993164,0.6669583320617676,0.6849467754364014,0.09037680178880692,0.9315040707588196,0.9116673469543457,0.6108585000038147,-0.22063975036144257,0.977817714214325
General3,45,1,0.6268057823181152,0.36043936014175415,-0.18190546333789825,0.9999912977218628,0.6179120540618896,0.353432297706604,-0.15746106207370758,0.9999774694442749,0.6177624464035034,0.3533707857131958,-0.15745392441749573,0.9999676942825317,0.6175826787948608,0.3533362150192261,-0.1574096828699112,0.9999691247940063,0.6131516695022583,0.353800892829895,-0.20677539706230164,0.9999929666519165,0.6096206903457642,0.3539499044418335,-0.2067185491323471,0.999993085861206,0.6060329675674438,0.3541070818901062,-0.20681047439575195,0.9999945163726807,0.6018617153167725,0.3565291166305542,-0.012829408049583435,0.9999517202377319,0.5873191952705383,0.35776177048683167,-0.23906320333480835,0.9999967813491821,0.6257045865058899,0.366710901260376,-0.11985766887664795,0.9999651908874512,0.6204376816749573,0.36759936809539795,-0.18546514213085175,0.9999908208847046,0.6082668304443359,0.38276681303977966,0.16172859072685242,0.9999133348464966,0.5736657381057739,0.3962544798851013,-0.32632341980934143,0.999984622001648,0.7227175831794739,0.3497970700263977,0.18086187541484833,0.9577759504318237,0.6225370764732361,0.4490119516849518,-0.4540407359600067,0.9881426692008972,0.7708554267883301,0.29301536083221436,0.03816782310605049,0.9839090704917908,0.7172849178314209,0.48752322793006897,-0.5030170679092407,0.9623473882675171,0.7711876630783081,0.27900034189224243,0.008894260041415691,0.9636335372924805,0.7439698576927185,0.4981990456581116,-0.5543902516365051,0.9330030679702759,0.7625119686126709,0.27445536851882935,-0.014916302636265755,0.9602043032646179,0.7489874958992004,0.49386706948280334,-0.5539868474006653,0.9266051054000854,0.7622494697570801,0.2805705666542053,0.01922353357076645,0.9614764451980591,0.7413228750228882,0.49134373664855957,-0.49970588088035583,0.8918940424919128,0.583817183971405,0.49803516268730164,0.16088639199733734,0.9997971653938293,0.6006077527999878,0.501335084438324,-0.16133084893226624,0.9997109770774841,0.6148484945297241,0.5810224413871765,0.1492522954940796,0.9733038544654846,0.7706556916236877,0.5327324271202087,-0.23621490597724915,0.9964709281921387,0.6260616779327393,0.6565585732460022,0.19877463579177856,0.9637529850006104,0.8244765400886536,0.6078243255615234,-0.09253770112991333,0.9891566038131714,0.6163897514343262,0.671259343624115,0.19948701560497284,0.9747763872146606,0.8169385194778442,0.624645471572876,-0.08034607768058777,0.9711303114891052,0.6647191643714905,0.684539794921875,0.1477525234222412,0.9369391202926636,0.9096541404724121,0.6109904050827026,-0.11707425862550735,0.9767042398452759
General3,46,1,0.638547956943512,0.36186856031417847,-0.40948551893234253,0.9999880790710449,0.6298693418502808,0.3549046218395233,-0.38247641921043396,0.9999716281890869,0.6298061013221741,0.3547620177268982,-0.38253530859947205,0.9999603033065796,0.6297304034233093,0.3546172082424164,-0.3826093375682831,0.9999674558639526,0.6242229342460632,0.35526639223098755,-0.42835795879364014,0.9999877214431763,0.620276927947998,0.35542550683021545,-0.4284098744392395,0.9999865293502808,0.6163837313652039,0.35562270879745483,-0.42847663164138794,0.9999902248382568,0.6135028004646301,0.3574202358722687,-0.2182675153017044,0.9999427795410156,0.593819260597229,0.35994982719421387,-0.4262872040271759,0.9999934434890747,0.6370914578437805,0.36787474155426025,-0.3408461809158325,0.9999825954437256,0.6299609541893005,0.3688960373401642,-0.40139177441596985,0.9999933242797852,0.6418240666389465,0.38355499505996704,-0.027628449723124504,0.9999231100082397,0.5651642680168152,0.3996890187263489,-0.4721534550189972,0.9999867677688599,0.7557564377784729,0.3618117868900299,-0.030058735981583595,0.986069917678833,0.6067324280738831,0.45626673102378845,-0.5676064491271973,0.9929378628730774,0.8049532175064087,0.3113594055175781,-0.18775241076946259,0.9902549386024475,0.6819356679916382,0.5031711459159851,-0.6012046337127686,0.9686481356620789,0.8075575828552246,0.29513949155807495,-0.22765976190567017,0.9728837013244629,0.6950322389602661,0.5149819254875183,-0.6630180478096008,0.935208797454834,0.798385500907898,0.29090625047683716,-0.24983368813991547,0.970705509185791,0.7089911103248596,0.5112477540969849,-0.6677231788635254,0.9282154440879822,0.7964293956756592,0.2958599925041199,-0.20826470851898193,0.9695362448692322,0.704509973526001,0.5077165961265564,-0.6032705903053284,0.899137556552887,0.6070817708969116,0.49639272689819336,0.1380603313446045,0.99967360496521,0.5821828246116638,0.4976920187473297,-0.13815057277679443,0.9997045397758484,0.6688688397407532,0.5652010440826416,0.022901145741343498,0.8630472421646118,0.6698755025863647,0.5628533959388733,-0.2909112870693207,0.9867669939994812,0.6805903315544128,0.6457997560501099,0.09114827960729599,0.8705785870552063,0.7040435075759888,0.6495411992073059,-0.22565656900405884,0.9888478517532349,0.6681070923805237,0.6601129770278931,0.0893038734793663,0.8732047080993652,0.7021011114120483,0.6676584482192993,-0.2297586053609848,0.9613572359085083,0.734589159488678,0.6596053242683411,-0.03435077518224716,0.891730546951294,0.7555545568466187,0.6580651998519897,-0.40055471658706665,0.9814799427986145
General3,47,1,0.6378829479217529,0.3609974980354309,-0.39163532853126526,0.9999939203262329,0.6291942596435547,0.3543407917022705,-0.36751267313957214,0.9999839067459106,0.6292110085487366,0.35421323776245117,-0.36753904819488525,0.9999772310256958,0.629222571849823,0.35408782958984375,-0.36758074164390564,0.999981164932251,0.6235842108726501,0.35477447509765625,-0.41090619564056396,0.9999933242797852,0.6198276877403259,0.35500627756118774,-0.4109500050544739,0.9999927282333374,0.6161472797393799,0.3552771210670471,-0.4109967052936554,0.9999948740005493,0.6132742166519165,0.35708990693092346,-0.21762000024318695,0.9999661445617676,0.5943175554275513,0.35981839895248413,-0.415365993976593,0.9999964237213135,0.6367180943489075,0.36748871207237244,-0.32838568091392517,0.9999905824661255,0.6297211050987244,0.3685694932937622,-0.3858524262905121,0.9999966621398926,0.6391468644142151,0.38227227330207825,-0.03550443425774574,0.9999358654022217,0.5679911971092224,0.40007540583610535,-0.4643584191799164,0.9999908208847046,0.7543904185295105,0.36193251609802246,-0.03795145824551582,0.9857556223869324,0.6081016659736633,0.4571923613548279,-0.5681270360946655,0.9948118925094604,0.8055205345153809,0.3120027482509613,-0.18506333231925964,0.9908849596977234,0.6847136616706848,0.5049887895584106,-0.6090471744537354,0.9750548005104065,0.8081375360488892,0.29591280221939087,-0.22092290222644806,0.9754595756530762,0.6966022253036499,0.5163541436195374,-0.6689385175704956,0.9472113847732544,0.7991552948951721,0.2917357087135315,-0.24033965170383453,0.9730334281921387,0.7107815146446228,0.5136088728904724,-0.671212911605835,0.9414857625961304,0.7972156405448914,0.2967362403869629,-0.20354586839675903,0.9725165963172913,0.7059771418571472,0.5093218088150024,-0.6101439595222473,0.9192304015159607,0.604313313961029,0.4954504370689392,0.13704371452331543,0.9997263550758362,0.5864871144294739,0.4978276193141937,-0.13721254467964172,0.999750554561615,0.6552411317825317,0.5667738914489746,0.035355884581804276,0.9169456958770752,0.689696192741394,0.5601981282234192,-0.2526492476463318,0.992641031742096,0.6063595414161682,0.6543201208114624,0.09182383120059967,0.93635493516922,0.7362416982650757,0.6448898911476135,-0.19985005259513855,0.9933609962463379,0.6347434520721436,0.6613740921020508,0.0900353193283081,0.9314345717430115,0.7355379462242126,0.6625735759735107,-0.20380032062530518,0.9741337895393372,0.6994512677192688,0.6643468141555786,-0.01811554655432701,0.9406362175941467,0.7909501791000366,0.6535378098487854,-0.3494901955127716,0.9877750873565674
General3,48,1,0.6525683999061584,0.3643026351928711,-0.40180468559265137,0.9999916553497314,0.6462442278862,0.3574352264404297,-0.37508344650268555,0.9999650716781616,0.6457187533378601,0.35709118843078613,-0.3750166594982147,0.9999630451202393,0.6449628472328186,0.35677582025527954,-0.37501463294029236,0.9999628067016602,0.6404693126678467,0.35772454738616943,-0.43451958894729614,0.999987006187439,0.6360847353935242,0.35761481523513794,-0.4344954490661621,0.9999897480010986,0.6314512491226196,0.3576006591320038,-0.434459924697876,0.9999903440475464,0.6212172508239746,0.3589261770248413,-0.2266675978899002,0.9999258518218994,0.6035507917404175,0.36117979884147644,-0.4991203248500824,0.9999929666519165,0.6486493945121765,0.371005654335022,-0.33964022994041443,0.999974250793457,0.640689492225647,0.37213122844696045,-0.41811731457710266,0.9999918937683105,0.6350972056388855,0.3916051685810089,-0.03432688117027283,0.9999297857284546,0.5644582509994507,0.40441370010375977,-0.560250997543335,0.999985933303833,0.7614371180534363,0.37879711389541626,0.001704883063212037,0.9844290018081665,0.5758755207061768,0.4658915400505066,-0.6861336827278137,0.9904505610466003,0.8323017358779907,0.33534181118011475,-0.12458872050046921,0.9840767979621887,0.637272834777832,0.5097025036811829,-0.7205304503440857,0.9500740170478821,0.8439888954162598,0.3182539939880371,-0.14758698642253876,0.9565499424934387,0.6571169495582581,0.5282236337661743,-0.7796521782875061,0.9061880111694336,0.835865318775177,0.3138852119445801,-0.1803344190120697,0.9564800262451172,0.6691850423812866,0.523946225643158,-0.7824222445487976,0.8998616933822632,0.8307971954345703,0.31985029578208923,-0.14920489490032196,0.957489013671875,0.6628801822662354,0.518649697303772,-0.7217338681221008,0.8631533980369568,0.5953378677368164,0.506680965423584,0.17496684193611145,0.9998644590377808,0.5969709157943726,0.5079457759857178,-0.17542751133441925,0.999893069267273,0.597936749458313,0.5886500477790833,0.280455082654953,0.9089165329933167,0.7509860992431641,0.5570191740989685,-0.15682940185070038,0.9973847270011902,0.5486019253730774,0.6552619934082031,0.46580615639686584,0.9718799591064453,0.8684535622596741,0.6227866411209106,-0.02195877581834793,0.9964193105697632,0.52656090259552,0.6678470969200134,0.4795074760913849,0.9706884622573853,0.8739205598831177,0.6405169367790222,-0.014706071466207504,0.9878800511360168,0.5934725999832153,0.676645815372467,0.40342098474502563,0.9710829854011536,0.9472953081130981,0.6157609820365906,-0.1252511888742447,0.9930862188339233
General3,49,1,0.6516882181167603,0.3642478585243225,-0.42790719866752625,0.999993085861206,0.6455286145210266,0.35733890533447266,-0.402178019285202,0.9999727010726929,0.6449310779571533,0.3569454848766327,-0.402103453874588,0.9999717473983765,0.6441123485565186,0.35657376050949097,-0.40210241079330444,0.9999709129333496,0.6399803757667542,0.35774824023246765,-0.459330677986145,0.9999890327453613,0.6356073617935181,0.35766512155532837,-0.45931476354599,0.9999916553497314,0.630868673324585,0.35767412185668945,-0.4592781066894531,0.9999918937683105,0.6198718547821045,0.3588579297065735,-0.25558432936668396,0.9999417066574097,0.6017756462097168,0.36145520210266113,-0.5173396468162537,0.9999940395355225,0.6473864316940308,0.3710669279098511,-0.36616218090057373,0.9999792575836182,0.6394205689430237,0.37244996428489685,-0.4414750039577484,0.9999933242797852,0.6378301978111267,0.3912784159183502,-0.05776957422494888,0.9999377727508545,0.5620968341827393,0.4054241180419922,-0.5758146047592163,0.9999862909317017,0.7619215250015259,0.37898504734039307,-0.02339361049234867,0.9853591918945312,0.577393114566803,0.4660898745059967,-0.6916989684104919,0.9920910596847534,0.8325563669204712,0.3354848027229309,-0.1484551727771759,0.9876618385314941,0.6414194107055664,0.5113652348518372,-0.7291906476020813,0.9610254764556885,0.8446633219718933,0.31824102997779846,-0.17245672643184662,0.9665077924728394,0.660737931728363,0.5292528867721558,-0.7884690761566162,0.9274600148200989,0.8362898826599121,0.31403303146362305,-0.20521646738052368,0.9662048816680908,0.6730254292488098,0.5262690186500549,-0.793950617313385,0.9223640561103821,0.8311043381690979,0.3200778067111969,-0.17277741432189941,0.9661741256713867,0.6676047444343567,0.5200623869895935,-0.7313631772994995,0.8948647379875183,0.5974346399307251,0.5038999915122986,0.1745976358652115,0.999874472618103,0.591718316078186,0.5061609745025635,-0.17505869269371033,0.9999034404754639,0.5961095690727234,0.5838823318481445,0.25219637155532837,0.873864471912384,0.7544896006584167,0.5579643249511719,-0.1881624460220337,0.9968830943107605,0.5498055815696716,0.6536182165145874,0.40967467427253723,0.9572933912277222,0.8681488037109375,0.6240078806877136,-0.08691621571779251,0.9957332015037537,0.5272952914237976,0.6668051481246948,0.42041388154029846,0.959814190864563,0.872818112373352,0.6420878171920776,-0.08282478898763657,0.9877276420593262,0.5847120881080627,0.675621747970581,0.34586116671562195,0.9594876766204834,0.9409161806106567,0.6181700825691223,-0.19508297741413116,0.991954505443573
General3,50,1,0.6531506180763245,0.36344701051712036,-0.3872649073600769,0.999993085861206,0.6464278101921082,0.35691213607788086,-0.3610202372074127,0.9999725818634033,0.6457405090332031,0.35661381483078003,-0.3609376847743988,0.9999713897705078,0.6448770761489868,0.3563518524169922,-0.3609122931957245,0.9999698400497437,0.6409938335418701,0.35725486278533936,-0.41884592175483704,0.99998939037323,0.6365610361099243,0.3571920096874237,-0.41881895065307617,0.9999921321868896,0.6317787170410156,0.35722389817237854,-0.4187888503074646,0.9999923706054688,0.6200344562530518,0.3591329753398895,-0.21450723707675934,0.9999397993087769,0.6026657819747925,0.3611539602279663,-0.4792710542678833,0.999994158744812,0.6483101844787598,0.3704204559326172,-0.3256741166114807,0.9999778270721436,0.6407662630081177,0.3715849816799164,-0.40186378359794617,0.9999929666519165,0.6378576755523682,0.391343355178833,-0.016488797962665558,0.9999415874481201,0.5626559257507324,0.4042321443557739,-0.5436827540397644,0.9999880790710449,0.762157678604126,0.37906816601753235,0.029576200991868973,0.9847429990768433,0.5761091113090515,0.46601906418800354,-0.6549572348594666,0.9924132227897644,0.8321743607521057,0.3358537554740906,-0.09263087064027786,0.9878422021865845,0.6438723206520081,0.511027455329895,-0.692281186580658,0.9683535099029541,0.8437252044677734,0.3184549808502197,-0.11453352868556976,0.9668684601783752,0.6634052395820618,0.5291982889175415,-0.7499904036521912,0.9400360584259033,0.8359156847000122,0.3142526149749756,-0.1481667459011078,0.966579020023346,0.6765695810317993,0.5257959365844727,-0.7563468217849731,0.9354141354560852,0.8308830261230469,0.3204553723335266,-0.11695078015327454,0.9664247035980225,0.6720694899559021,0.5197315812110901,-0.6941403746604919,0.9098886251449585,0.6001294851303101,0.502998411655426,0.17621660232543945,0.9998794794082642,0.5895628333091736,0.5054125189781189,-0.17671038210391998,0.9999035596847534,0.5982388257980347,0.5835108160972595,0.24632374942302704,0.8670397400856018,0.7489598989486694,0.5566250681877136,-0.19820336997509003,0.9961426854133606,0.5504040718078613,0.6526395678520203,0.3880218267440796,0.9491915106773376,0.8678398132324219,0.6236549019813538,-0.10137400031089783,0.9945861101150513,0.519123911857605,0.6670197248458862,0.3975203037261963,0.9576783180236816,0.8729745745658875,0.641777753829956,-0.09689513593912125,0.9862980842590332,0.5848188996315002,0.6747217178344727,0.32611313462257385,0.953826367855072,0.9415295124053955,0.6182551980018616,-0.20529308915138245,0.9903760552406311
General3,51,1,0.6566183567047119,0.3656642436981201,-0.34879717230796814,0.9999688863754272,0.6514614820480347,0.35907381772994995,-0.31178370118141174,0.9998345375061035,0.6513866782188416,0.35897618532180786,-0.31178802251815796,0.9998175501823425,0.6510595679283142,0.35888034105300903,-0.3118473291397095,0.9998041987419128,0.645243227481842,0.3586556017398834,-0.36297956109046936,0.9999313354492188,0.6410109400749207,0.3582666516304016,-0.3630007207393646,0.9999293088912964,0.6365064382553101,0.3579222559928894,-0.36302101612091064,0.9999052286148071,0.6333528757095337,0.36092668771743774,-0.1322009414434433,0.9996201992034912,0.6143900156021118,0.3601185381412506,-0.3694629669189453,0.9999133348464966,0.6508845686912537,0.37216073274612427,-0.2795400321483612,0.9997588992118835,0.6435195803642273,0.3721160590648651,-0.34891051054000854,0.9998607635498047,0.6677457094192505,0.3972673714160919,0.02355680614709854,0.9999175071716309,0.5532746315002441,0.39720454812049866,-0.42739564180374146,0.999958872795105,0.7856583595275879,0.3949934244155884,0.10955453664064407,0.9787465929985046,0.5355543494224548,0.44792091846466064,-0.5613082051277161,0.974418044090271,0.857257068157196,0.36173731088638306,0.03182918578386307,0.9863094091415405,0.5469954609870911,0.47860702872276306,-0.6558742523193359,0.9266643524169922,0.8729584217071533,0.34767216444015503,0.017595553770661354,0.9572252631187439,0.5108886361122131,0.4859791100025177,-0.7070158123970032,0.8709369897842407,0.867592990398407,0.3411124348640442,-0.021628644317388535,0.9612097144126892,0.5202450752258301,0.48407891392707825,-0.7239909768104553,0.8687236905097961,0.860808253288269,0.34660035371780396,0.0060796961188316345,0.9636929631233215,0.5473791360855103,0.48506247997283936,-0.6660564541816711,0.8189703822135925,0.6219102740287781,0.5062770247459412,0.15346045792102814,0.9998453855514526,0.5779025554656982,0.5076058506965637,-0.15376554429531097,0.9998196959495544,0.7367322444915771,0.5631700754165649,0.0918416976928711,0.8835716247558594,0.6134263873100281,0.5920568704605103,-0.13850897550582886,0.9938931465148926,0.8788837194442749,0.6253702640533447,0.15354909002780914,0.9236083030700684,0.5201745629310608,0.6491149067878723,0.11034081131219864,0.9912782311439514,0.8809900879859924,0.6432393789291382,0.15263907611370087,0.903522253036499,0.5062503814697266,0.6601261496543884,0.12647029757499695,0.9324820041656494,0.9652690291404724,0.616452157497406,0.032482367008924484,0.9369611740112305,0.543091356754303,0.6737447381019592,-0.029090503230690956,0.9773664474487305
General3,52,1,0.6570711135864258,0.36506402492523193,-0.3703848123550415,0.9999685287475586,0.651561439037323,0.358575701713562,-0.33352985978126526,0.999810516834259,0.6514467000961304,0.35847240686416626,-0.3335272967815399,0.9998059868812561,0.6510792374610901,0.3583741784095764,-0.3335721790790558,0.9997807145118713,0.645430862903595,0.3582300543785095,-0.38763222098350525,0.9999285936355591,0.6412417888641357,0.35789331793785095,-0.3876587450504303,0.999929666519165,0.6367796659469604,0.3576059937477112,-0.38768815994262695,0.9999023675918579,0.6333740949630737,0.3606257736682892,-0.15443429350852966,0.9995836615562439,0.6148423552513123,0.36006876826286316,-0.4045107364654541,0.9999192953109741,0.6512362957000732,0.37160760164260864,-0.30131691694259644,0.9997789263725281,0.6439952254295349,0.3715963065624237,-0.37437787652015686,0.9998865127563477,0.6699880957603455,0.39779582619667053,0.0018002785509452224,0.999915361404419,0.5532230138778687,0.3983006775379181,-0.46179330348968506,0.9999744892120361,0.7873121500015259,0.39477822184562683,0.08540479093790054,0.98286372423172,0.5386200547218323,0.4529005289077759,-0.5682271122932434,0.985076367855072,0.8576095700263977,0.36170995235443115,0.0025980977807193995,0.9853374361991882,0.5639259219169617,0.49563610553741455,-0.6344677209854126,0.9429415464401245,0.874136209487915,0.34804993867874146,-0.015025760047137737,0.9513601064682007,0.5318321585655212,0.5022271871566772,-0.6844480037689209,0.8911404609680176,0.8693599700927734,0.34140729904174805,-0.05389856547117233,0.9556734561920166,0.5634676814079285,0.5049894452095032,-0.7048957943916321,0.8886498808860779,0.8618191480636597,0.3468949794769287,-0.023779623210430145,0.960383951663971,0.5640431642532349,0.496290385723114,-0.6447957158088684,0.8417090773582458,0.6251180768013,0.5058136582374573,0.1503789871931076,0.999873161315918,0.5754865407943726,0.5077702403068542,-0.15057159960269928,0.9998574256896973,0.7610400915145874,0.5652651190757751,0.052696652710437775,0.9108105301856995,0.6109635829925537,0.5919750332832336,-0.12222188711166382,0.994469404220581,0.8793097734451294,0.6244826316833496,0.09999777376651764,0.9294325113296509,0.5179866552352905,0.6490266919136047,0.1536935567855835,0.9887097477912903,0.8844178915023804,0.6422608494758606,0.09791617095470428,0.9111878871917725,0.5039313435554504,0.6597459316253662,0.17142538726329803,0.9187026023864746,0.9651163220405579,0.6154947876930237,-0.0345446951687336,0.942885160446167,0.5426521897315979,0.672849714756012,0.006937485653907061,0.9718289375305176
General3,53,1,0.6569423675537109,0.3665481209754944,-0.352083295583725,0.9999642372131348,0.6511187553405762,0.35961097478866577,-0.3164263963699341,0.9998171925544739,0.6508957743644714,0.35952094197273254,-0.31642457842826843,0.9998077750205994,0.6504179239273071,0.3594300448894501,-0.31648603081703186,0.9997953772544861,0.6451009511947632,0.35918349027633667,-0.3682701289653778,0.999922513961792,0.6409260630607605,0.3587989807128906,-0.36829641461372375,0.9999217987060547,0.6364598274230957,0.3584520220756531,-0.3683067858219147,0.999893307685852,0.6334185004234314,0.36163681745529175,-0.14194291830062866,0.9996362924575806,0.6150057911872864,0.3607180118560791,-0.3824886977672577,0.9999102354049683,0.6504814624786377,0.37309587001800537,-0.28470560908317566,0.9997730851173401,0.643229603767395,0.37313413619995117,-0.35497552156448364,0.9998693466186523,0.673145592212677,0.3985022306442261,0.008784170262515545,0.9999209642410278,0.5505102872848511,0.39914292097091675,-0.4380269944667816,0.9999589920043945,0.7877910733222961,0.3955889344215393,0.0813676118850708,0.9827013611793518,0.5321119427680969,0.44880419969558716,-0.5688307881355286,0.9771644473075867,0.8595876693725586,0.3614161014556885,-0.005481829401105642,0.98691326379776,0.5423356294631958,0.4763837158679962,-0.6635618209838867,0.9232175946235657,0.8763605356216431,0.34748145937919617,-0.02323555015027523,0.9580194354057312,0.52044278383255,0.48750606179237366,-0.7155544757843018,0.8635513782501221,0.8697643876075745,0.340840220451355,-0.06144268810749054,0.9618274569511414,0.5304298400878906,0.4853212833404541,-0.7305108904838562,0.860764741897583,0.8623939752578735,0.34636253118515015,-0.03125102445483208,0.9650403261184692,0.5451653003692627,0.4830133318901062,-0.6730068325996399,0.810905396938324,0.6259118914604187,0.5059383511543274,0.1526840329170227,0.999817430973053,0.5792797803878784,0.507558286190033,-0.15290381014347076,0.9997887015342712,0.7380340099334717,0.5640594959259033,0.09852471202611923,0.8709572553634644,0.6132968068122864,0.592115044593811,-0.14870049059391022,0.9938037395477295,0.8776368498802185,0.6268492937088013,0.1658836156129837,0.9105408787727356,0.5170746445655823,0.6494956612586975,0.09193206578493118,0.9901526570320129,0.8794103264808655,0.6445068120956421,0.1653335690498352,0.8866416811943054,0.5036489963531494,0.6601377725601196,0.10705044865608215,0.9245432019233704,0.9635810256004333,0.6177840828895569,0.04673702269792557,0.9244081974029541,0.5631611943244934,0.6801236271858215,-0.05006669834256172,0.9740895628929138
General3,54,1,0.6598665118217468,0.36701083183288574,-0.3999446928501129,0.9999815225601196,0.6548080444335938,0.359772652387619,-0.3588617146015167,0.9998792409896851,0.6547720432281494,0.35958331823349,-0.35890141129493713,0.9998785257339478,0.6543864607810974,0.3593013286590576,-0.358949214220047,0.9998645782470703,0.6480313539505005,0.359241783618927,-0.4141455292701721,0.9999525547027588,0.64372318983078,0.3587972819805145,-0.41422098875045776,0.9999531507492065,0.6390269994735718,0.3583771288394928,-0.41431301832199097,0.9999350309371948,0.633012592792511,0.3605051338672638,-0.16255703568458557,0.9996764659881592,0.6123778820037842,0.36105185747146606,-0.41519588232040405,0.9999370574951172,0.6555200815200806,0.3744072914123535,-0.3248405158519745,0.9998394250869751,0.6467960476875305,0.37465181946754456,-0.3985913097858429,0.9999111890792847,0.6773263216018677,0.4007573127746582,0.0033387679141014814,0.9999326467514038,0.5485056042671204,0.3992067575454712,-0.473429799079895,0.9999675750732422,0.7772203683853149,0.4186613857746124,0.0721636563539505,0.9638332724571228,0.5474748015403748,0.4541272521018982,-0.6413216590881348,0.9732108116149902,0.8736629486083984,0.39301401376724243,-0.042781904339790344,0.9807510375976562,0.5346176028251648,0.4916068911552429,-0.8045299053192139,0.940423846244812,0.899552047252655,0.3836013674736023,-0.06673206388950348,0.9491596221923828,0.5205609798431396,0.5010219216346741,-0.8706056475639343,0.9071032404899597,0.8932030200958252,0.3781290352344513,-0.10986725240945816,0.9551059007644653,0.531711757183075,0.499065101146698,-0.8952339291572571,0.9051616191864014,0.8849412202835083,0.3814646005630493,-0.07027830928564072,0.9552671909332275,0.538934588432312,0.4965055286884308,-0.8184422850608826,0.8559161424636841,0.6325165033340454,0.5105510354042053,0.1436157524585724,0.9997608065605164,0.5576527714729309,0.510739803314209,-0.14374975860118866,0.999731719493866,0.7519203424453735,0.5693314671516418,0.028192272409796715,0.9496161341667175,0.5772829651832581,0.5903443694114685,-0.09986350685358047,0.9924214482307434,0.8812639713287354,0.6332820653915405,0.05841491371393204,0.9542304873466492,0.47685742378234863,0.6483728885650635,0.20140238106250763,0.9798702001571655,0.8873376846313477,0.6513693332672119,0.053645167499780655,0.9164265990257263,0.4529455900192261,0.6577260494232178,0.21941383183002472,0.8645470142364502,0.9731682538986206,0.6259869337081909,-0.09607809036970139,0.9630041718482971,0.5065767168998718,0.6765831708908081,0.044893115758895874,0.9529188871383667
General3,55,1,0.6610760688781738,0.3653043508529663,-0.36238378286361694,0.9999896287918091,0.6559050679206848,0.3585454225540161,-0.3198659121990204,0.9999169111251831,0.6558717489242554,0.3583895266056061,-0.3198971450328827,0.999923825263977,0.6554636359214783,0.35813745856285095,-0.3199208378791809,0.9999089241027832,0.6489022970199585,0.357962965965271,-0.3768572509288788,0.9999693632125854,0.6445310115814209,0.35752707719802856,-0.37691012024879456,0.9999713897705078,0.6397413015365601,0.357099324464798,-0.3769921660423279,0.9999570846557617,0.633930504322052,0.3598935902118683,-0.12350541353225708,0.9997798800468445,0.6132323741912842,0.35999274253845215,-0.383201539516449,0.9999611377716064,0.6564643383026123,0.3729867935180664,-0.28769195079803467,0.9998881816864014,0.647688627243042,0.37319648265838623,-0.363413542509079,0.9999403953552246,0.675629198551178,0.40139058232307434,0.042636822909116745,0.9999536275863647,0.5482361316680908,0.39866864681243896,-0.45035675168037415,0.9999793767929077,0.7749225497245789,0.4191330671310425,0.12443888932466507,0.9655548334121704,0.5352586507797241,0.4527493417263031,-0.5904468297958374,0.9808762669563293,0.8733839988708496,0.39285141229629517,0.010765398852527142,0.9840196371078491,0.5350653529167175,0.49637821316719055,-0.7129605412483215,0.9502549171447754,0.9003899693489075,0.3830738663673401,-0.01151331141591072,0.9574809074401855,0.5218998193740845,0.5073336958885193,-0.7751033902168274,0.916545569896698,0.8944202661514282,0.37854301929473877,-0.057072289288043976,0.9622998237609863,0.5338226556777954,0.5060428977012634,-0.7992173433303833,0.9136884212493896,0.8859431743621826,0.38203316926956177,-0.017700374126434326,0.9621593952178955,0.5407847762107849,0.502864420413971,-0.7253689765930176,0.8686665892601013,0.6319732666015625,0.5121119618415833,0.14788003265857697,0.9998263716697693,0.5579310059547424,0.5120693445205688,-0.14796176552772522,0.9997979998588562,0.7530990839004517,0.5696130394935608,0.0317651629447937,0.9565775990486145,0.5777283906936646,0.5917510390281677,-0.10106091946363449,0.994217038154602,0.8818828463554382,0.6318433880805969,0.06280940026044846,0.9629144072532654,0.4738166928291321,0.6486915946006775,0.20550750195980072,0.9803822040557861,0.893567681312561,0.6502183675765991,0.05826088413596153,0.9303852915763855,0.45194047689437866,0.6582347750663757,0.22478069365024567,0.8727162480354309,0.9734132289886475,0.6204630136489868,-0.0879678949713707,0.9701554179191589,0.5061580538749695,0.6770491600036621,0.05759626254439354,0.9560352563858032
General3,56,1,0.6610351204872131,0.36611831188201904,-0.34633320569992065,0.9999926090240479,0.6562662124633789,0.3591439723968506,-0.30234310030937195,0.9999459981918335,0.6561053991317749,0.3589510917663574,-0.3023831248283386,0.9999489784240723,0.6555576324462891,0.3586577773094177,-0.3024199306964874,0.9999405145645142,0.6494778990745544,0.35855627059936523,-0.36052384972572327,0.9999794960021973,0.6451098322868347,0.35805749893188477,-0.36057189106941223,0.9999802112579346,0.6403287649154663,0.3575843274593353,-0.36063823103904724,0.9999704360961914,0.6330695152282715,0.3601353168487549,-0.10440590232610703,0.9998652935028076,0.6130113005638123,0.36027249693870544,-0.3693702518939972,0.9999719858169556,0.655800461769104,0.37368863821029663,-0.27129077911376953,0.9999198913574219,0.6473236083984375,0.3738607168197632,-0.3485531508922577,0.9999542236328125,0.6746159195899963,0.40106233954429626,0.05855802074074745,0.9999599456787109,0.5467838048934937,0.3996999263763428,-0.43889597058296204,0.999976634979248,0.7762413024902344,0.41693589091300964,0.14837098121643066,0.9688798189163208,0.5363306999206543,0.4536336362361908,-0.5899273157119751,0.979614794254303,0.8726191520690918,0.3930717408657074,0.04058029502630234,0.9862968921661377,0.531182050704956,0.49358704686164856,-0.7303259372711182,0.9529662132263184,0.8991822004318237,0.3842664659023285,0.01859232969582081,0.962984025478363,0.5178139209747314,0.5036814212799072,-0.7947167158126831,0.9229374527931213,0.8934921026229858,0.379102885723114,-0.02862761914730072,0.9674876928329468,0.5290521383285522,0.5017208456993103,-0.8198071718215942,0.9205167889595032,0.8851471543312073,0.38251566886901855,0.011388114653527737,0.9672962427139282,0.536020040512085,0.4988516867160797,-0.7437438368797302,0.8760160803794861,0.6292222738265991,0.5114854574203491,0.1484299749135971,0.9998503923416138,0.5551672577857971,0.5118875503540039,-0.14849106967449188,0.9998039603233337,0.7521647810935974,0.5684926509857178,0.01444938499480486,0.9612358212471008,0.5763297080993652,0.5920438766479492,-0.10293396562337875,0.993974506855011,0.880092978477478,0.6321120858192444,0.03430032730102539,0.963291585445404,0.4756883382797241,0.6508980989456177,0.18899647891521454,0.9806508421897888,0.8921453952789307,0.6514922380447388,0.028659367933869362,0.9325688481330872,0.44996893405914307,0.6600074768066406,0.2064523845911026,0.8712317943572998,0.9731547236442566,0.626359760761261,-0.11852680146694183,0.9704568982124329,0.5082743167877197,0.6760762929916382,0.034230127930641174,0.9560949802398682
General3,57,1,0.6661126017570496,0.36447083950042725,-0.2762715220451355,0.9999953508377075,0.6625432372093201,0.360554575920105,-0.23679880797863007,0.9999740123748779,0.6631366014480591,0.3609848618507385,-0.23678235709667206,0.9999735355377197,0.6635110974311829,0.36150121688842773,-0.23676975071430206,0.9999701976776123,0.6567082405090332,0.35979628562927246,-0.28740283846855164,0.9999884366989136,0.6531100273132324,0.35967087745666504,-0.2874611020088196,0.9999885559082031,0.6494652628898621,0.3595679998397827,-0.2875249683856964,0.9999852180480957,0.6514980792999268,0.3654266595840454,-0.0538373664021492,0.9999257326126099,0.629669725894928,0.3633798360824585,-0.28672879934310913,0.999984860420227,0.6637489795684814,0.3721868395805359,-0.207136332988739,0.9999479055404663,0.6559122204780579,0.3711349368095398,-0.2748991847038269,0.9999700784683228,0.6840593814849854,0.40812692046165466,0.10650372505187988,0.9999656677246094,0.5697199106216431,0.3951426148414612,-0.35567745566368103,0.9999942779541016,0.7561472654342651,0.4331744611263275,0.2078259140253067,0.9330750703811646,0.518755316734314,0.4456273913383484,-0.4683839976787567,0.9938181042671204,0.8582465648651123,0.4225587844848633,0.11556782573461533,0.9741791486740112,0.47198188304901123,0.48858171701431274,-0.5891420245170593,0.9879312515258789,0.8803139925003052,0.4153536856174469,0.10840655118227005,0.9367342591285706,0.43856924772262573,0.5004820823669434,-0.6427426934242249,0.9749168753623962,0.8826935291290283,0.4098913371562958,0.05133255943655968,0.9464836716651917,0.44636034965515137,0.5026546716690063,-0.6688071489334106,0.9748551249504089,0.8698290586471558,0.41376233100891113,0.0839281976222992,0.9463181495666504,0.4599536657333374,0.4985620081424713,-0.6031534075737,0.9618226289749146,0.6349352598190308,0.508111834526062,0.14567415416240692,0.9998993873596191,0.5658116936683655,0.5061237812042236,-0.1457725465297699,0.9999045133590698,0.7551472783088684,0.566077709197998,-0.0166306234896183,0.9512919187545776,0.574313759803772,0.5898903608322144,-0.17209623754024506,0.9963816404342651,0.8826553225517273,0.639661967754364,-0.04057496041059494,0.9633134007453918,0.454746276140213,0.6424509286880493,0.047610703855752945,0.9842341542243958,0.8824573755264282,0.6576805710792542,-0.050181686878204346,0.9256262183189392,0.43231117725372314,0.6493982076644897,0.06083874776959419,0.8550365567207336,0.953974723815918,0.6255577802658081,-0.1914331614971161,0.965719997882843,0.4702416956424713,0.6759759783744812,-0.09715496748685837,0.9637749791145325
General3,58,1,0.6669572591781616,0.36696282029151917,-0.3490501940250397,0.9999922513961792,0.6628948450088501,0.36237967014312744,-0.3092879056930542,0.9999539852142334,0.6633206009864807,0.36264222860336304,-0.3092656433582306,0.9999542236328125,0.6635149121284485,0.36285722255706787,-0.30927783250808716,0.999944806098938,0.656987190246582,0.3615630269050598,-0.35947707295417786,0.9999797344207764,0.6531102657318115,0.36126548051834106,-0.35955190658569336,0.999980092048645,0.6491906642913818,0.36102229356765747,-0.35961759090423584,0.9999728202819824,0.649605393409729,0.36560291051864624,-0.11878447234630585,0.9998786449432373,0.6276059746742249,0.36402952671051025,-0.3497112989425659,0.9999730587005615,0.6635045409202576,0.37409400939941406,-0.2763143479824066,0.9999099969863892,0.6558386087417603,0.37324273586273193,-0.343516081571579,0.9999475479125977,0.6827247738838196,0.4064183235168457,0.0498359315097332,0.9999607801437378,0.5688208341598511,0.3952231705188751,-0.4057733118534088,0.9999920129776001,0.7557685375213623,0.43314599990844727,0.15470647811889648,0.9525049328804016,0.5175296664237976,0.4455985128879547,-0.5391567349433899,0.9933071732521057,0.8587616682052612,0.4219067096710205,0.06262735277414322,0.9821475744247437,0.47160059213638306,0.4886833429336548,-0.6942717432975769,0.9885701537132263,0.8879894018173218,0.41575515270233154,0.05407863110303879,0.9542426466941833,0.4363449215888977,0.5003553628921509,-0.7536212801933289,0.9766010046005249,0.886340856552124,0.40990084409713745,-0.005825344007462263,0.9617716670036316,0.44447487592697144,0.501367449760437,-0.7782495617866516,0.9766210317611694,0.8723838329315186,0.41339176893234253,0.02995903789997101,0.9617450833320618,0.4584718942642212,0.4985732436180115,-0.7086561322212219,0.9641677141189575,0.6326650381088257,0.506339430809021,0.14092856645584106,0.9998676776885986,0.5632538795471191,0.5047013759613037,-0.1409921646118164,0.9998781681060791,0.7513959407806396,0.5645939111709595,-0.026704460382461548,0.9510526657104492,0.5550248026847839,0.5897893905639648,-0.1479741334915161,0.9950243830680847,0.8792660236358643,0.6395190358161926,-0.04462239518761635,0.9554851055145264,0.4545929729938507,0.6442130208015442,0.07846364378929138,0.9821632504463196,0.8810526132583618,0.657645583152771,-0.05398592725396156,0.9080523252487183,0.4326319992542267,0.6521316766738892,0.09130259603261948,0.8430044054985046,0.9550510048866272,0.629734218120575,-0.20291410386562347,0.9575561881065369,0.4665658175945282,0.6761277318000793,-0.08262398093938828,0.9571874737739563
General3,59,1,0.6728025078773499,0.36997637152671814,-0.2299235463142395,0.999980092048645,0.6659372448921204,0.3643723428249359,-0.19243323802947998,0.9999209642410278,0.6659530997276306,0.3644707202911377,-0.19246378540992737,0.9999270439147949,0.6656520366668701,0.3647196888923645,-0.19247493147850037,0.9999245405197144,0.6606899499893188,0.3643916845321655,-0.24118250608444214,0.9999520778656006,0.6570111513137817,0.3645455837249756,-0.2412610501050949,0.9999548196792603,0.653053343296051,0.36494770646095276,-0.24131326377391815,0.9999451637268066,0.6513084769248962,0.3675501346588135,-0.026842640712857246,0.9998325109481812,0.6308398842811584,0.3694157302379608,-0.24965067207813263,0.9999475479125977,0.6712368726730347,0.37707746028900146,-0.16807101666927338,0.9998032450675964,0.664127767086029,0.37671035528182983,-0.23280233144760132,0.999866247177124,0.6853230595588684,0.41061192750930786,0.11056242883205414,0.9999377727508545,0.5844252705574036,0.4015732407569885,-0.3087640702724457,0.9999873638153076,0.7311511635780334,0.45027223229408264,0.19945891201496124,0.7082670331001282,0.5155086517333984,0.44353944063186646,-0.3770478069782257,0.9951685667037964,0.8428932428359985,0.4446665346622467,0.07861989736557007,0.8831312656402588,0.4333341121673584,0.4698812961578369,-0.45874497294425964,0.9898486733436584,0.870720386505127,0.4429393708705902,0.06667269021272659,0.8024147152900696,0.39450663328170776,0.47401484847068787,-0.5044964551925659,0.977218747138977,0.8759797811508179,0.4375845193862915,0.002545971656218171,0.8351056575775146,0.3980034589767456,0.4731903076171875,-0.5308892726898193,0.9788792133331299,0.8672679662704468,0.4447236955165863,0.042397599667310715,0.8456138968467712,0.41002774238586426,0.4732465445995331,-0.4741547107696533,0.9700862169265747,0.654441773891449,0.5059774518013,0.13804037868976593,0.9997155070304871,0.5980549454689026,0.5061249732971191,-0.13788944482803345,0.9997368454933167,0.7550488710403442,0.566127598285675,-0.04033702611923218,0.916469156742096,0.591467022895813,0.5894124507904053,-0.21001143753528595,0.9965722560882568,0.8691000938415527,0.6383621692657471,-0.05945119634270668,0.9556961059570312,0.4262010455131531,0.6335298418998718,-0.09420730918645859,0.9871839880943298,0.8757577538490295,0.6568799614906311,-0.06873888522386551,0.9027732610702515,0.4018735885620117,0.6386416554450989,-0.08967048674821854,0.8346459269523621,0.9480599164962769,0.6253390312194824,-0.2088737189769745,0.9545495510101318,0.45536816120147705,0.6721271276473999,-0.25028160214424133,0.9609192609786987
General3,60,1,0.6718974113464355,0.3701581358909607,-0.24410787224769592,0.9999808073043823,0.6656827926635742,0.3645920157432556,-0.20667080581188202,0.9999254941940308,0.665808379650116,0.3649102449417114,-0.20669986307621002,0.9999299049377441,0.6657159328460693,0.36497944593429565,-0.2067205160856247,0.9999275207519531,0.6601849794387817,0.3645820617675781,-0.2556934058666229,0.9999555349349976,0.6563526391983032,0.36492636799812317,-0.25577110052108765,0.9999575614929199,0.6524078845977783,0.3651300370693207,-0.2558157444000244,0.9999485015869141,0.6521258354187012,0.3676811158657074,-0.03920217603445053,0.9998422861099243,0.6302540898323059,0.3693423569202423,-0.2631476819515228,0.9999532699584961,0.6701581478118896,0.3771347403526306,-0.18136632442474365,0.9998210072517395,0.6627708673477173,0.376747190952301,-0.24640436470508575,0.999879002571106,0.6857649087905884,0.4105924665927887,0.10345296561717987,0.999936580657959,0.5825557708740234,0.40122440457344055,-0.32195279002189636,0.9999880790710449,0.730262279510498,0.45040637254714966,0.1958703249692917,0.7064798474311829,0.5148442387580872,0.4435245096683502,-0.3904002606868744,0.9952704310417175,0.8425808548927307,0.4452967941761017,0.07616724818944931,0.8747465014457703,0.43312522768974304,0.47048449516296387,-0.471290647983551,0.9895461201667786,0.8700682520866394,0.4432341754436493,0.06472282111644745,0.7905017733573914,0.39486032724380493,0.4743259847164154,-0.5175482630729675,0.9764509201049805,0.875329852104187,0.4372802972793579,0.00021414129878394306,0.8247467279434204,0.39821726083755493,0.473736047744751,-0.543624997138977,0.9781428575515747,0.8687611818313599,0.4452219307422638,0.03977474197745323,0.8374599814414978,0.41039222478866577,0.4737641215324402,-0.48653629422187805,0.9690679907798767,0.6529619693756104,0.5052415728569031,0.14075401425361633,0.9997208714485168,0.5968785285949707,0.5052850246429443,-0.14062032103538513,0.999736487865448,0.7548015117645264,0.5659684538841248,-0.032029978930950165,0.9159747958183289,0.590740442276001,0.5893915295600891,-0.20324069261550903,0.9966140389442444,0.8688287138938904,0.640826404094696,-0.049793023616075516,0.9562642574310303,0.425811231136322,0.6331408023834229,-0.07974787801504135,0.9870801568031311,0.8743854761123657,0.6599048376083374,-0.058891065418720245,0.9048821926116943,0.3992656469345093,0.6385825276374817,-0.0744096115231514,0.8352283835411072,0.9464917778968811,0.624685525894165,-0.1978452354669571,0.9550199508666992,0.45651161670684814,0.6715819835662842,-0.23335427045822144,0.9601173996925354
General3,61,1,0.6712061166763306,0.37010160088539124,-0.18392431735992432,0.9999839067459106,0.6665685772895813,0.3654228448867798,-0.14519274234771729,0.999945878982544,0.6670924425125122,0.36565858125686646,-0.14524799585342407,0.9999455213546753,0.6673615574836731,0.3658600151538849,-0.14527089893817902,0.999943733215332,0.6596279740333557,0.3650549054145813,-0.18886063992977142,0.9999645948410034,0.6558966636657715,0.36509332060813904,-0.18891046941280365,0.999964714050293,0.6517288088798523,0.3651057481765747,-0.18895670771598816,0.9999597072601318,0.6545022130012512,0.3685840964317322,0.024342481046915054,0.9998573064804077,0.630217969417572,0.36855047941207886,-0.17532742023468018,0.9999632835388184,0.6686767339706421,0.37724435329437256,-0.1211870014667511,0.999858021736145,0.6613274216651917,0.37649422883987427,-0.1791924238204956,0.9999046325683594,0.6827524900436401,0.41091689467430115,0.16285553574562073,0.9999377727508545,0.5873081088066101,0.3986881673336029,-0.2456468790769577,0.9999916553497314,0.7265772223472595,0.45066583156585693,0.24591316282749176,0.5835956931114197,0.5182011127471924,0.43981727957725525,-0.32320842146873474,0.9953765869140625,0.8339899182319641,0.4486978054046631,0.10936810821294785,0.8308699131011963,0.43463337421417236,0.4699830114841461,-0.42652297019958496,0.990410327911377,0.8596513271331787,0.4479694366455078,0.09368383139371872,0.7517401576042175,0.39647412300109863,0.4741491675376892,-0.4741685390472412,0.9788875579833984,0.867397129535675,0.4398319721221924,0.029084376990795135,0.7882466316223145,0.39866673946380615,0.473904550075531,-0.49889400601387024,0.9802488684654236,0.8525247573852539,0.4480316936969757,0.07252708822488785,0.7985860109329224,0.41451138257980347,0.47400879859924316,-0.4415307343006134,0.9727478623390198,0.6509941220283508,0.5057525634765625,0.13803081214427948,0.9997851252555847,0.5956570506095886,0.5036797523498535,-0.13789792358875275,0.9998039603233337,0.7553831338882446,0.5650859475135803,-0.06005004420876503,0.911582887172699,0.5820637941360474,0.5885151028633118,-0.19646213948726654,0.9962536096572876,0.871059775352478,0.6409566402435303,-0.10302150994539261,0.9523980617523193,0.4249119758605957,0.6334649324417114,-0.09843868017196655,0.9862372875213623,0.8757111430168152,0.6605845093727112,-0.11481232196092606,0.9037465453147888,0.3979443907737732,0.6401864886283875,-0.09549230337142944,0.8339215517044067,0.9568299055099487,0.6267666220664978,-0.25585824251174927,0.9531822204589844,0.4607543349266052,0.6716486811637878,-0.2548607885837555,0.9603193998336792
General3,62,1,0.6734799146652222,0.37322643399238586,-0.43864989280700684,0.999940037727356,0.6714603900909424,0.3676998019218445,-0.4016481339931488,0.9998446702957153,0.673345148563385,0.3679471015930176,-0.4016833007335663,0.9998225569725037,0.6750122904777527,0.36833861470222473,-0.40179717540740967,0.9998008608818054,0.6644474267959595,0.36753201484680176,-0.434719443321228,0.999869704246521,0.6606730222702026,0.3676624298095703,-0.43484148383140564,0.9998683929443359,0.657651424407959,0.3679720163345337,-0.4349173605442047,0.9998531341552734,0.6680716276168823,0.37353551387786865,-0.1931006908416748,0.9995043277740479,0.640596330165863,0.3729284405708313,-0.3428821265697479,0.9998589754104614,0.6749969720840454,0.3814534544944763,-0.3581603169441223,0.9991846680641174,0.665465772151947,0.38105422258377075,-0.4015674889087677,0.9993976354598999,0.6955844759941101,0.4110513925552368,0.024111799895763397,0.999848484992981,0.6014060974121094,0.4024393558502197,-0.34732285141944885,0.9999608993530273,0.7148339152336121,0.4536101222038269,0.17414388060569763,0.539426326751709,0.5168086290359497,0.43072012066841125,-0.4043225347995758,0.9946755170822144,0.8155426979064941,0.4606098532676697,0.0658237561583519,0.8187127709388733,0.40344443917274475,0.44087445735931396,-0.5247161984443665,0.9917998909950256,0.8440999388694763,0.46198177337646484,0.05831442400813103,0.7326406240463257,0.3553427457809448,0.43826407194137573,-0.5726402401924133,0.9777379035949707,0.8520920872688293,0.4596782326698303,-0.015321781858801842,0.7734756469726562,0.3508634567260742,0.4356063902378082,-0.6027688384056091,0.9803879261016846,0.8419712781906128,0.46073204278945923,0.027316266670823097,0.7934059500694275,0.37033984065055847,0.43858709931373596,-0.5433272123336792,0.9766889810562134,0.6638500690460205,0.507159948348999,0.12726397812366486,0.9993361830711365,0.6102640628814697,0.5063731074333191,-0.12718668580055237,0.9995961785316467,0.7519047260284424,0.5718200206756592,0.009734704159200191,0.9295732975006104,0.5794763565063477,0.5911815762519836,-0.2097162902355194,0.995394229888916,0.8595408201217651,0.6476869583129883,0.057732440531253815,0.9645304083824158,0.40340250730514526,0.6301308274269104,-0.09694986045360565,0.9928157329559326,0.8582947850227356,0.6645002961158752,0.05244024097919464,0.8744778633117676,0.3837357759475708,0.6326844692230225,-0.09253351390361786,0.8648151159286499,0.9398250579833984,0.6476088762283325,-0.10801728069782257,0.9522600173950195,0.40600574016571045,0.6652765274047852,-0.2760753929615021,0.9793412089347839
General3,63,1,0.6739320755004883,0.3734976053237915,-0.5073782801628113,0.9997997879981995,0.6713482737541199,0.367786705493927,-0.471266508102417,0.9995405673980713,0.672700047492981,0.3679240643978119,-0.4713365435600281,0.9994864463806152,0.674199104309082,0.3682212829589844,-0.47149601578712463,0.9994500279426575,0.6650700569152832,0.36790579557418823,-0.5066272020339966,0.999576985836029,0.6611151099205017,0.36806780099868774,-0.5067594051361084,0.9995415210723877,0.6581869721412659,0.36841821670532227,-0.5068433880805969,0.9994720816612244,0.6655046343803406,0.37333446741104126,-0.25586456060409546,0.9985502362251282,0.6403422951698303,0.3735629916191101,-0.4146910309791565,0.9994491934776306,0.6737568378448486,0.38150471448898315,-0.4227859675884247,0.9974039196968079,0.6649652123451233,0.3814748525619507,-0.4686959683895111,0.9978275895118713,0.6880849599838257,0.4080881178379059,-0.02248009294271469,0.9997711777687073,0.5996891260147095,0.4054797291755676,-0.38842901587486267,0.9999058246612549,0.7022004127502441,0.4547101557254791,0.1182902455329895,0.4131009578704834,0.5046854615211487,0.4320090413093567,-0.42320969700813293,0.991610586643219,0.7881144881248474,0.4725295305252075,-0.026331927627325058,0.7173635959625244,0.39943909645080566,0.4405137598514557,-0.5340836644172668,0.9876788258552551,0.8242030739784241,0.4727133810520172,-0.04181269183754921,0.6157925128936768,0.3456833064556122,0.4371185302734375,-0.5828559398651123,0.9681407809257507,0.8204519748687744,0.47394412755966187,-0.11613598465919495,0.6689008474349976,0.34186890721321106,0.43460655212402344,-0.6154552102088928,0.971958577632904,0.8118038177490234,0.47441020607948303,-0.06560692936182022,0.6968429088592529,0.36128267645835876,0.4375542402267456,-0.5535058379173279,0.9669829607009888,0.6622347235679626,0.5059431195259094,0.12711696326732635,0.9990491271018982,0.6073338389396667,0.5060116052627563,-0.12704141438007355,0.9994454979896545,0.7502586841583252,0.5722764730453491,0.04018213227391243,0.9428674578666687,0.577823281288147,0.5908753871917725,-0.19793586432933807,0.9956892132759094,0.8598188161849976,0.648196816444397,0.12469928711652756,0.9736425280570984,0.4025176167488098,0.6301167607307434,-0.05599363148212433,0.9943747520446777,0.8598645925521851,0.6645955443382263,0.12300939112901688,0.8842429518699646,0.3828437924385071,0.6322160363197327,-0.04910406097769737,0.8668495416641235,0.9409533143043518,0.6489134430885315,-0.04100347310304642,0.9598109126091003,0.40523192286491394,0.6643975973129272,-0.24160192906856537,0.983370304107666
General3,64,1,0.682529628276825,0.3797265887260437,-0.18380025029182434,0.9997561573982239,0.6733150482177734,0.3726479411125183,-0.15653526782989502,0.9994460940361023,0.6726567149162292,0.37256282567977905,-0.1565248966217041,0.9993221759796143,0.6718804836273193,0.37250596284866333,-0.15656806528568268,0.9994106292724609,0.6703773140907288,0.37273555994033813,-0.21426019072532654,0.9996405839920044,0.6676909923553467,0.3726791739463806,-0.2143813669681549,0.9996204376220703,0.6645616888999939,0.37269389629364014,-0.21448835730552673,0.9996180534362793,0.6584004759788513,0.3762931823730469,-0.01878664642572403,0.9988728165626526,0.6471371650695801,0.37666165828704834,-0.2836737334728241,0.9996644258499146,0.6795169115066528,0.386316180229187,-0.12989994883537292,0.9981750249862671,0.6747386455535889,0.3864549398422241,-0.20695233345031738,0.9989368319511414,0.6766854524612427,0.4131520390510559,0.1283852607011795,0.9992617964744568,0.6242437362670898,0.40235787630081177,-0.36276862025260925,0.9999285936355591,0.7185278534889221,0.4338335692882538,0.27320221066474915,0.36459413170814514,0.5110210180282593,0.41370904445648193,-0.4705769419670105,0.9951891899108887,0.7735106348991394,0.43749308586120605,0.23986776173114777,0.601007342338562,0.3942338228225708,0.4139428734779358,-0.5469692349433899,0.9904616475105286,0.7887874841690063,0.43826574087142944,0.24721544981002808,0.46542981266975403,0.3412601351737976,0.41070491075515747,-0.5969505906105042,0.9722779393196106,0.7904927134513855,0.4360714256763458,0.1865512877702713,0.5108253955841064,0.3491235375404358,0.4103405475616455,-0.6033268570899963,0.9738948345184326,0.7871602773666382,0.43657881021499634,0.2068232297897339,0.5634573698043823,0.3637104630470276,0.41329485177993774,-0.5558857321739197,0.966681957244873,0.656322181224823,0.5167278051376343,0.15490567684173584,0.9990413784980774,0.6227352619171143,0.5156564116477966,-0.15463826060295105,0.999448835849762,0.7547239065170288,0.5805366635322571,0.11654409766197205,0.967836320400238,0.5703595280647278,0.5924546718597412,-0.2777104079723358,0.9991841912269592,0.8517205119132996,0.6509977579116821,0.21174758672714233,0.9834368228912354,0.38416415452957153,0.6266533732414246,-0.20076990127563477,0.9984666109085083,0.8443517684936523,0.6667604446411133,0.21206040680408478,0.9071215391159058,0.35740798711776733,0.6255351305007935,-0.1978623867034912,0.9446585178375244,0.933113694190979,0.6601792573928833,0.07846692204475403,0.9708069562911987,0.383497953414917,0.664125382900238,-0.37298187613487244,0.9943928718566895
General3,65,1,0.6810248494148254,0.3802173137664795,-0.24102148413658142,0.9998505115509033,0.6723531484603882,0.37334108352661133,-0.21161438524723053,0.9996345043182373,0.671940267086029,0.3733016848564148,-0.2115774005651474,0.9995457530021667,0.6713688373565674,0.3732845187187195,-0.21162128448486328,0.9995793700218201,0.6690390110015869,0.3733574450016022,-0.26580774784088135,0.9997790455818176,0.6662905812263489,0.3732888996601105,-0.2659441828727722,0.9997699856758118,0.6630058884620667,0.3732866048812866,-0.2660355269908905,0.9997618794441223,0.6591716408729553,0.3769035041332245,-0.05869123712182045,0.9991902709007263,0.6463162302970886,0.37707841396331787,-0.30818623304367065,0.9998008608818054,0.6778532266616821,0.3867623209953308,-0.18134450912475586,0.9986660480499268,0.67257159948349,0.38701093196868896,-0.2539219856262207,0.9992478489875793,0.6787320375442505,0.41398417949676514,0.10210591554641724,0.9993956089019775,0.621757447719574,0.40162193775177,-0.3766884207725525,0.9999428987503052,0.7339563965797424,0.42743778228759766,0.24271880090236664,0.4850033223628998,0.5101609826087952,0.41285115480422974,-0.4820479154586792,0.9945185780525208,0.7988752722740173,0.4238035976886749,0.21215613186359406,0.712149441242218,0.3929198384284973,0.4131612181663513,-0.5652943253517151,0.988366425037384,0.8164536952972412,0.42294323444366455,0.21886694431304932,0.5616413354873657,0.3481152653694153,0.41029760241508484,-0.6134821176528931,0.9672954082489014,0.8183574080467224,0.4200020730495453,0.159152090549469,0.6054670810699463,0.34959423542022705,0.4093624949455261,-0.6217986941337585,0.9692170023918152,0.8146299719810486,0.4211570620536804,0.17897923290729523,0.6547550559043884,0.3645036816596985,0.41251516342163086,-0.5748008489608765,0.961551308631897,0.654486358165741,0.5151545405387878,0.1536906659603119,0.9990904331207275,0.6218071579933167,0.5140025019645691,-0.15347765386104584,0.9995317459106445,0.754591166973114,0.5793315768241882,0.119407057762146,0.9598826169967651,0.5733280777931213,0.5894376635551453,-0.29975777864456177,0.9991243481636047,0.8540350198745728,0.6516005396842957,0.22034433484077454,0.9808129668235779,0.38847237825393677,0.6264336109161377,-0.22684016823768616,0.9984354376792908,0.8504310250282288,0.667410671710968,0.22061634063720703,0.901930034160614,0.3584563732147217,0.6248873472213745,-0.22452586889266968,0.9473588466644287,0.9359132051467896,0.6607465744018555,0.08455632627010345,0.9655688405036926,0.3821009397506714,0.6643551588058472,-0.40295714139938354,0.9943238496780396
General3,66,1,0.6829062104225159,0.38015028834342957,-0.19887378811836243,0.9998890161514282,0.6736028790473938,0.3731105327606201,-0.17032073438167572,0.9997166991233826,0.6729280352592468,0.37302613258361816,-0.1702871471643448,0.9996508359909058,0.6720781326293945,0.37296420335769653,-0.17032431066036224,0.9996917247772217,0.6707524657249451,0.37312421202659607,-0.22553636133670807,0.9998339414596558,0.668095052242279,0.3730177879333496,-0.2256706953048706,0.9998277425765991,0.6649489998817444,0.3729797899723053,-0.2257651835680008,0.9998247027397156,0.6586301922798157,0.376464307308197,-0.024498049169778824,0.9994149208068848,0.6479573249816895,0.3766348958015442,-0.2790044844150543,0.9998598098754883,0.6793895959854126,0.38653501868247986,-0.14187593758106232,0.999090313911438,0.674812912940979,0.3866758346557617,-0.21600116789340973,0.9994924068450928,0.6775765419006348,0.41353344917297363,0.12351857125759125,0.9996137022972107,0.622793436050415,0.40194642543792725,-0.35336387157440186,0.9999518394470215,0.7478303909301758,0.4164734482765198,0.2603696286678314,0.5684278607368469,0.5132399797439575,0.4129289388656616,-0.4623505771160126,0.9934604167938232,0.8055697679519653,0.41694021224975586,0.23947548866271973,0.7671958804130554,0.3963256776332855,0.41303718090057373,-0.5398902297019958,0.9844475984573364,0.8229705691337585,0.4154296815395355,0.2466229349374771,0.6220853924751282,0.35291558504104614,0.41008955240249634,-0.586376965045929,0.9580203294754028,0.8241389393806458,0.41231268644332886,0.1886008232831955,0.6616408228874207,0.3542178273200989,0.4107550382614136,-0.5958683490753174,0.9602012634277344,0.8206358551979065,0.4137146770954132,0.20703820884227753,0.7048389315605164,0.36947643756866455,0.41329413652420044,-0.549776017665863,0.9510879516601562,0.6536407470703125,0.5150240063667297,0.15326082706451416,0.9992885589599609,0.6255494952201843,0.514154851436615,-0.15303543210029602,0.9996045231819153,0.7508939504623413,0.5806576013565063,0.11243869364261627,0.9662467241287231,0.5760501027107239,0.591790497303009,-0.31645044684410095,0.9992128610610962,0.8541856408119202,0.6511663198471069,0.20268449187278748,0.9832403063774109,0.3873594403266907,0.6269564628601074,-0.24982859194278717,0.9986066222190857,0.8496673107147217,0.6665074229240417,0.20151656866073608,0.904827356338501,0.35853078961372375,0.6247881054878235,-0.24814878404140472,0.9518401026725769,0.9343230128288269,0.6613093614578247,0.0619262270629406,0.968713104724884,0.3769705295562744,0.6651382446289062,-0.4276518225669861,0.9949479103088379
General3,67,1,0.6919482946395874,0.38095569610595703,-0.1700063943862915,0.999935507774353,0.6865701675415039,0.37505480647087097,-0.14085784554481506,0.9998810291290283,0.6867725253105164,0.37493646144866943,-0.1408701241016388,0.999828577041626,0.6867172122001648,0.37480324506759644,-0.14094088971614838,0.9998321533203125,0.6816302537918091,0.374907523393631,-0.19234970211982727,0.9999181032180786,0.6786142587661743,0.37467774748802185,-0.19240880012512207,0.9999186992645264,0.675433874130249,0.3745097517967224,-0.19247640669345856,0.99991774559021,0.6758064031600952,0.37758633494377136,0.01074521616101265,0.9997355341911316,0.6594328880310059,0.3779493570327759,-0.2285822480916977,0.9999407529830933,0.6912237405776978,0.38723957538604736,-0.11106080561876297,0.9995620846748352,0.6850364208221436,0.38743799924850464,-0.18073491752147675,0.9997746348381042,0.6873259544372559,0.41211915016174316,0.18723928928375244,0.9994403719902039,0.6270962357521057,0.40275508165359497,-0.32142290472984314,0.9999257326126099,0.7374324202537537,0.42240679264068604,0.4414859414100647,0.38977715373039246,0.5100711584091187,0.3898352384567261,-0.49227774143218994,0.9977239966392517,0.7813215255737305,0.41887953877449036,0.512986421585083,0.7891290783882141,0.40776902437210083,0.37536078691482544,-0.614963710308075,0.9949727058410645,0.7917523384094238,0.419300377368927,0.5449280738830566,0.6964719891548157,0.36327093839645386,0.37076810002326965,-0.6718798875808716,0.983596682548523,0.7911627292633057,0.4153120815753937,0.48704734444618225,0.7277093529701233,0.3655243217945099,0.370026171207428,-0.6781867146492004,0.9841747879981995,0.7895849943161011,0.41557812690734863,0.48622116446495056,0.7485473155975342,0.3828716278076172,0.3726065754890442,-0.6248089671134949,0.9788165092468262,0.658424437046051,0.5214396715164185,0.1594533622264862,0.9997854828834534,0.6194528937339783,0.5205739140510559,-0.15943090617656708,0.9997954964637756,0.760395884513855,0.5781047940254211,0.1388321965932846,0.9799816012382507,0.5672084093093872,0.5922590494155884,-0.25400713086128235,0.9994446635246277,0.8310162425041199,0.6470808982849121,0.2496061772108078,0.9939720034599304,0.3859609067440033,0.6260215640068054,-0.15563318133354187,0.9994219541549683,0.8233025074005127,0.6591793298721313,0.2502909302711487,0.9764940142631531,0.35634446144104004,0.6213703751564026,-0.1520877629518509,0.9829394817352295,0.9008283615112305,0.6638535857200623,0.12712742388248444,0.9885158538818359,0.3734397888183594,0.6580460667610168,-0.31269925832748413,0.9976462721824646
General3,68,1,0.6934127807617188,0.3810110092163086,-0.16200870275497437,0.9999377727508545,0.6876407265663147,0.3750302791595459,-0.13333000242710114,0.9998785257339478,0.6876612305641174,0.37492477893829346,-0.1333456039428711,0.9998277425765991,0.6876010298728943,0.37484198808670044,-0.133413627743721,0.9998321533203125,0.6829159259796143,0.3748117983341217,-0.18365271389484406,0.9999175071716309,0.6799339056015015,0.37454426288604736,-0.18372008204460144,0.9999181032180786,0.6768333911895752,0.3743444085121155,-0.18378689885139465,0.9999176263809204,0.6758812069892883,0.3775321841239929,0.01621907576918602,0.9997277855873108,0.660760223865509,0.3777291774749756,-0.21786946058273315,0.9999423027038574,0.6920485496520996,0.38719993829727173,-0.103851817548275,0.9996019005775452,0.6862341165542603,0.387312650680542,-0.17200897634029388,0.9998002648353577,0.6882957220077515,0.4123282730579376,0.187428817152977,0.9994763731956482,0.6274154782295227,0.40241360664367676,-0.30848929286003113,0.99993896484375,0.7460136413574219,0.41544482111930847,0.4152357876300812,0.4285833239555359,0.5099841356277466,0.389437198638916,-0.47372570633888245,0.9978631138801575,0.7980488538742065,0.41780632734298706,0.45830610394477844,0.7888490557670593,0.4079310894012451,0.37513452768325806,-0.5946533679962158,0.9949721097946167,0.8108606338500977,0.4178268313407898,0.4845084249973297,0.6892278790473938,0.3637971878051758,0.37080103158950806,-0.6504663825035095,0.9836648106575012,0.8104174137115479,0.413860559463501,0.4267832934856415,0.7220415472984314,0.3661186397075653,0.3700697422027588,-0.6576364040374756,0.9842643141746521,0.8077783584594727,0.4143018126487732,0.4304324686527252,0.74588543176651,0.38338419795036316,0.3725283741950989,-0.6048886179924011,0.9791797995567322,0.6572571396827698,0.5212067365646362,0.15814509987831116,0.9997754693031311,0.6186124682426453,0.5201973915100098,-0.15811161696910858,0.9997991919517517,0.7609422206878662,0.5775797367095947,0.14072522521018982,0.978114902973175,0.5677279829978943,0.5920799970626831,-0.25879907608032227,0.9994667172431946,0.8311601281166077,0.6471574306488037,0.2514582574367523,0.993509829044342,0.38614898920059204,0.6260247230529785,-0.16008253395557404,0.9994077682495117,0.8232848644256592,0.6592448949813843,0.25203922390937805,0.9752781391143799,0.3561317026615143,0.6220279932022095,-0.1565610021352768,0.9826273322105408,0.9145388007164001,0.6657490730285645,0.12948225438594818,0.9879820942878723,0.37555599212646484,0.6580754518508911,-0.3165926933288574,0.9976351261138916
General3,69,1,0.6988654136657715,0.38393670320510864,0.055161796510219574,0.9923686385154724,0.6999102830886841,0.38259291648864746,0.08171006292104721,0.9943547248840332,0.6997767686843872,0.38274383544921875,0.08176060020923615,0.9925239682197571,0.6994785070419312,0.38303065299987793,0.08173687756061554,0.9925854802131653,0.6929050087928772,0.37936875224113464,0.03344770148396492,0.99233078956604,0.6817792057991028,0.37990429997444153,0.033308666199445724,0.9917740225791931,0.6798132658004761,0.38042861223220825,0.03307680785655975,0.9929041266441345,0.6824915409088135,0.38665109872817993,0.2131674736738205,0.9843562245368958,0.659717857837677,0.38564589619636536,-0.013370287604629993,0.9937210083007812,0.6938430666923523,0.3931056261062622,0.11160927265882492,0.9557929039001465,0.6833994388580322,0.3935855031013489,0.045501310378313065,0.9530678987503052,0.6751420497894287,0.4271007776260376,0.2928609848022461,0.9939164519309998,0.599783182144165,0.38938045501708984,-0.07519715279340744,0.9988935589790344,0.6613756418228149,0.48066332936286926,0.2883222699165344,0.07250835001468658,0.49974939227104187,0.37256330251693726,-0.22270052134990692,0.9616243839263916,0.6656593680381775,0.5372780561447144,0.12231612205505371,0.19589877128601074,0.42952287197113037,0.3421386480331421,-0.3052281141281128,0.97649085521698,0.6710062623023987,0.5531376004219055,0.10233841836452484,0.19562412798404694,0.3961232006549835,0.34040266275405884,-0.3510124683380127,0.9591650366783142,0.6631811857223511,0.5540552139282227,0.05964844673871994,0.20286925137043,0.39479631185531616,0.3391057550907135,-0.3326449394226074,0.9585378766059875,0.6591825485229492,0.547916829586029,0.09777414798736572,0.22131700813770294,0.4053001403808594,0.3399691581726074,-0.2987380027770996,0.9453193545341492,0.709348201751709,0.5047529935836792,0.10950973629951477,0.9998273849487305,0.6509214639663696,0.4892582595348358,-0.10992910712957382,0.9998823404312134,0.7675842046737671,0.568832278251648,0.09484254568815231,0.945319652557373,0.547468900680542,0.5771929621696472,-0.24543866515159607,0.9963338375091553,0.8200263381004333,0.6408361196517944,0.1472131609916687,0.9799070358276367,0.36376410722732544,0.6307117938995361,-0.19867397844791412,0.9925276041030884,0.8265510201454163,0.6579706072807312,0.14486822485923767,0.9378988742828369,0.34327182173728943,0.6318219304084778,-0.1884925812482834,0.9446738362312317,0.8836792707443237,0.6700922846794128,0.017194431275129318,0.9600995779037476,0.3318697214126587,0.673345685005188,-0.29141107201576233,0.9783115983009338
General3,70,1,0.6933907270431519,0.3839142322540283,-0.16432295739650726,0.9884196519851685,0.687804102897644,0.3793853521347046,-0.1411805897951126,0.9871708750724792,0.692960262298584,0.38352903723716736,-0.14104141294956207,0.9839385151863098,0.692887008190155,0.38392943143844604,-0.1410316526889801,0.9832556247711182,0.674929678440094,0.3803589940071106,-0.18471935391426086,0.9874734878540039,0.672788143157959,0.3810281753540039,-0.18494272232055664,0.9877666234970093,0.6701300144195557,0.3817809522151947,-0.18519227206707,0.9894534349441528,0.6779776811599731,0.3877742886543274,0.006333895493298769,0.9706277847290039,0.6533315181732178,0.3868129253387451,-0.19516542553901672,0.9913886189460754,0.6887198686599731,0.39215970039367676,-0.09856044501066208,0.9324570298194885,0.6708880066871643,0.38847798109054565,-0.15690773725509644,0.9493566155433655,0.6929087042808533,0.4215814471244812,0.16337579488754272,0.9927843809127808,0.5991048812866211,0.3884652256965637,-0.2228446751832962,0.9994063377380371,0.6758121252059937,0.4697277247905731,0.18990446627140045,0.12296206504106522,0.49806538224220276,0.3727337121963501,-0.3192802965641022,0.9857242703437805,0.6812430024147034,0.5283628106117249,0.04461514577269554,0.3145145773887634,0.42240676283836365,0.3433203101158142,-0.36898720264434814,0.9938993453979492,0.6873858571052551,0.5448498129844666,0.029160981997847557,0.31138738989830017,0.3944287896156311,0.34124088287353516,-0.41192784905433655,0.9869906306266785,0.6817001104354858,0.5457156300544739,-0.017119985073804855,0.31734737753868103,0.3938419818878174,0.3397678732872009,-0.3970557451248169,0.987208902835846,0.6780709028244019,0.5393364429473877,0.0190152358263731,0.33386823534965515,0.40472543239593506,0.3406272530555725,-0.3624808192253113,0.9829161167144775,0.7126861810684204,0.49144062399864197,0.12866336107254028,0.9997953772544861,0.6593462228775024,0.47942107915878296,-0.1292116940021515,0.9998997449874878,0.7505326271057129,0.5763864517211914,0.03646756708621979,0.8753631114959717,0.5611737966537476,0.5699500441551208,-0.2429744005203247,0.9915721416473389,0.7282935380935669,0.63233482837677,0.11623594909906387,0.9557881951332092,0.4060254395008087,0.6343188881874084,-0.22530175745487213,0.994310736656189,0.7153058648109436,0.6371371746063232,0.11711283773183823,0.9158080816268921,0.39011019468307495,0.6352079510688782,-0.22122009098529816,0.96656334400177,0.7381747961044312,0.6669084429740906,-0.031416378915309906,0.9359686970710754,0.3696371018886566,0.6782059073448181,-0.3687582015991211,0.9864365458488464
General3,71,1,0.7170426249504089,0.3951221704483032,-0.20611904561519623,0.9995651841163635,0.7123422026634216,0.3894447684288025,-0.18787628412246704,0.9994266033172607,0.7120989561080933,0.3894864022731781,-0.18786656856536865,0.9992110729217529,0.7077202796936035,0.38854843378067017,-0.18792179226875305,0.9990768432617188,0.7087903618812561,0.38875317573547363,-0.23942656815052032,0.999338686466217,0.7029770612716675,0.38798242807388306,-0.23945365846157074,0.9993374943733215,0.7003101110458374,0.38753825426101685,-0.23953162133693695,0.9992183446884155,0.6915927529335022,0.3902941346168518,-0.058505572378635406,0.9987475872039795,0.6791471838951111,0.38955429196357727,-0.3005513846874237,0.9994086027145386,0.7129285931587219,0.3999382555484772,-0.1508292257785797,0.9982050657272339,0.7089616656303406,0.3989992141723633,-0.22147627174854279,0.9987657070159912,0.6790812015533447,0.41783103346824646,0.14478817582130432,0.9994706511497498,0.654534101486206,0.4031931757926941,-0.40957874059677124,0.9999589920043945,0.676132321357727,0.46052804589271545,0.42993006110191345,0.12461113184690475,0.5822517275810242,0.3582807779312134,-0.6136885285377502,0.9981933236122131,0.6685192584991455,0.4907216727733612,0.4560835063457489,0.4115287959575653,0.4900515377521515,0.3224053382873535,-0.7035188674926758,0.9970458149909973,0.6652414202690125,0.5001161694526672,0.48673534393310547,0.3697233200073242,0.45240432024002075,0.3182314336299896,-0.7692193388938904,0.9885047078132629,0.6637674570083618,0.4978446662425995,0.4196206331253052,0.39462313055992126,0.4486086070537567,0.31780940294265747,-0.7598564028739929,0.9879007339477539,0.6672547459602356,0.4948551654815674,0.4274926483631134,0.4266356825828552,0.46117857098579407,0.32048290967941284,-0.7056605219841003,0.9830393195152283,0.6526907682418823,0.523748517036438,0.18672949075698853,0.9999105930328369,0.6222333908081055,0.5212911367416382,-0.1869424283504486,0.9999808073043823,0.7342288494110107,0.5767637491226196,0.5028294324874878,0.9128067493438721,0.5713168978691101,0.5908378958702087,-0.27178052067756653,0.9991382360458374,0.7783498167991638,0.6318455934524536,0.8233430981636047,0.9778514504432678,0.39069661498069763,0.6231199502944946,-0.16924428939819336,0.9991211295127869,0.7764577865600586,0.6470439434051514,0.8481417894363403,0.9573066234588623,0.3606507182121277,0.617588996887207,-0.16244633495807648,0.987476646900177,0.8469699025154114,0.6541885137557983,0.7512927055358887,0.9679745435714722,0.3707619607448578,0.6560804843902588,-0.35966551303863525,0.9971837401390076
General3,72,1,0.7229052782058716,0.40232181549072266,-0.3217558264732361,0.9996621608734131,0.7208638191223145,0.396042138338089,-0.3039506673812866,0.9994732737541199,0.7207627892494202,0.39591923356056213,-0.30391812324523926,0.9992960691452026,0.7203683853149414,0.395653635263443,-0.303998738527298,0.9991340041160583,0.7167611122131348,0.3947717249393463,-0.3550701141357422,0.9993606209754944,0.7139788866043091,0.39394381642341614,-0.3551049530506134,0.9993630051612854,0.7066242694854736,0.3924441933631897,-0.3550938367843628,0.9991959929466248,0.7040254473686218,0.3947210907936096,-0.16366852819919586,0.998752236366272,0.684891402721405,0.3923633098602295,-0.4030204713344574,0.9994626641273499,0.717738926410675,0.404681533575058,-0.2608402669429779,0.9985540509223938,0.713697612285614,0.4034190773963928,-0.3304446041584015,0.9990637898445129,0.6905075907707214,0.42136189341545105,0.04752865806221962,0.9996346235275269,0.6554017663002014,0.40305954217910767,-0.4869858920574188,0.9999744892120361,0.6820766925811768,0.46781620383262634,0.24917806684970856,0.22592665255069733,0.5819782614707947,0.3589325249195099,-0.6943511366844177,0.9989596605300903,0.6829984188079834,0.5092157125473022,0.19310590624809265,0.4978949725627899,0.48955732583999634,0.3222609758377075,-0.7913058996200562,0.9979238510131836,0.6823019981384277,0.5195355415344238,0.20403413474559784,0.4236105978488922,0.4493088126182556,0.31799811124801636,-0.8617503046989441,0.9914048910140991,0.6821572780609131,0.518572211265564,0.13432884216308594,0.45581549406051636,0.44720959663391113,0.31789201498031616,-0.8506383299827576,0.9910591244697571,0.6837967038154602,0.5155193209648132,0.15960834920406342,0.48692402243614197,0.45951151847839355,0.32078826427459717,-0.7941043972969055,0.9875115156173706,0.6573565006256104,0.524734377861023,0.18010924756526947,0.9998719692230225,0.6239833831787109,0.5219242572784424,-0.18025512993335724,0.9999734163284302,0.736151397228241,0.576518177986145,0.4668324589729309,0.9419720768928528,0.5702997446060181,0.591223955154419,-0.2881803512573242,0.9994532465934753,0.780646562576294,0.6337446570396423,0.7895349860191345,0.9844892024993896,0.3912467658519745,0.6236820816993713,-0.18046486377716064,0.9993913173675537,0.7750977277755737,0.6480147838592529,0.8138788938522339,0.9629855751991272,0.3615334630012512,0.6174205541610718,-0.17401696741580963,0.9891659617424011,0.8211838006973267,0.6577660441398621,0.7137496471405029,0.9768890738487244,0.37102988362312317,0.6553001999855042,-0.3699650764465332,0.9980124235153198
General3,73,1,0.7421804070472717,0.40595391392707825,-0.08350369334220886,0.9998487234115601,0.7438313364982605,0.4032096266746521,-0.06254298239946365,0.9998119473457336,0.7439281344413757,0.4032055139541626,-0.06254786252975464,0.9997370839118958,0.7338461875915527,0.4002522826194763,-0.06259521096944809,0.9997090697288513,0.7377290725708008,0.40098512172698975,-0.11431246995925903,0.9997579455375671,0.7278871536254883,0.39813464879989624,-0.11437883228063583,0.9997292160987854,0.7241119742393494,0.3968835771083832,-0.11450663954019547,0.9997074007987976,0.7127326726913452,0.3981025815010071,0.06594760715961456,0.9994219541549683,0.6990276575088501,0.3942354917526245,-0.17585302889347076,0.9997931122779846,0.7360250949859619,0.41236385703086853,-0.027770239859819412,0.999196469783783,0.7300178408622742,0.4099920392036438,-0.09864696115255356,0.999515175819397,0.695429801940918,0.42309433221817017,0.2403401881456375,0.9996685981750488,0.6590917706489563,0.3964340388774872,-0.2896454334259033,0.9999872446060181,0.6453466415405273,0.4766605496406555,0.39875558018684387,0.12649765610694885,0.5670292377471924,0.3567134141921997,-0.4642356336116791,0.9979901313781738,0.6333737373352051,0.5219914317131042,0.29987838864326477,0.3994894027709961,0.4812301993370056,0.3185662627220154,-0.528573215007782,0.99710613489151,0.629336416721344,0.5325149297714233,0.3099796772003174,0.3762258291244507,0.44376078248023987,0.31436336040496826,-0.590417206287384,0.9880595803260803,0.6275849938392639,0.5327589511871338,0.2406993806362152,0.4053554832935333,0.44528281688690186,0.31382715702056885,-0.5845291018486023,0.9881487488746643,0.6296984553337097,0.5294244885444641,0.2665974795818329,0.4295791983604431,0.4584839344024658,0.316543847322464,-0.5327795743942261,0.9844563603401184,0.6482816934585571,0.5234597325325012,0.18829815089702606,0.9998869895935059,0.6200828552246094,0.5201767086982727,-0.1885293424129486,0.9999852180480957,0.7316796779632568,0.566394567489624,0.45235493779182434,0.9198532104492188,0.569896936416626,0.5908427238464355,-0.3254051208496094,0.9990648627281189,0.7772794961929321,0.6338817477226257,0.7290348410606384,0.9647243022918701,0.39015549421310425,0.623013973236084,-0.2676302194595337,0.9988389611244202,0.7671468257904053,0.6478609442710876,0.7497511506080627,0.9312540292739868,0.35660243034362793,0.6189222931861877,-0.2642792761325836,0.9808729887008667,0.8358330726623535,0.6567784547805786,0.6631172299385071,0.9574905037879944,0.3691350221633911,0.6609862446784973,-0.4611172676086426,0.9968697428703308
General3,74,1,0.6838207840919495,0.401982843875885,0.338986337184906,0.9970130920410156,0.6703067421913147,0.39524972438812256,0.3490362763404846,0.996515154838562,0.6694721579551697,0.39523398876190186,0.3489845395088196,0.9952126741409302,0.6709612607955933,0.3979507088661194,0.3489484190940857,0.996941864490509,0.6708755493164062,0.3948047459125519,0.3069148063659668,0.9961904287338257,0.670354425907135,0.3944850265979767,0.3068714439868927,0.9961279034614563,0.6695801019668579,0.3939616084098816,0.30657100677490234,0.9971381425857544,0.6529965996742249,0.40102219581604004,0.3755946755409241,0.9944755434989929,0.6654173731803894,0.3961498737335205,0.18514493107795715,0.9969344139099121,0.6807275414466858,0.4091614782810211,0.3538547456264496,0.9884508848190308,0.6807259917259216,0.4079967141151428,0.2968260645866394,0.9860234260559082,0.6262938380241394,0.43264710903167725,0.44939473271369934,0.9987034797668457,0.6580277681350708,0.4053792357444763,-0.002806581323966384,0.9999003410339355,0.6082655787467957,0.44151562452316284,0.7133350968360901,0.024923179298639297,0.6182034015655518,0.34246301651000977,-0.15197867155075073,0.9684659242630005,0.5916256308555603,0.4524540901184082,0.8091816306114197,0.09562884271144867,0.553083062171936,0.2989744544029236,-0.15912415087223053,0.9856975078582764,0.5850410461425781,0.45728427171707153,0.8466150760650635,0.11866877228021622,0.5292297005653381,0.2910100817680359,-0.19856595993041992,0.9814292192459106,0.5837557911872864,0.45302721858024597,0.8112418055534363,0.12280164659023285,0.5291615128517151,0.28997737169265747,-0.197644904255867,0.9757685661315918,0.5887823104858398,0.4516529440879822,0.7952806353569031,0.12207428365945816,0.5417994856834412,0.2929558753967285,-0.15907366573810577,0.9572901129722595,0.6265713572502136,0.5180602669715881,0.16094453632831573,0.999943733215332,0.6105647087097168,0.5041306018829346,-0.16124698519706726,0.9999768733978271,0.7176862955093384,0.5805997848510742,0.18403205275535583,0.9074968695640564,0.5411864519119263,0.5717117190361023,-0.3286094069480896,0.9987541437149048,0.7465272545814514,0.6404604911804199,0.2552579343318939,0.9740697741508484,0.40376418828964233,0.6211211085319519,-0.3311496078968048,0.9963667392730713,0.7331880331039429,0.6553248763084412,0.2534099221229553,0.9551201462745667,0.37363818287849426,0.6139572262763977,-0.332453191280365,0.9795462489128113,0.8094866275787354,0.6637353897094727,0.15274834632873535,0.9703851342201233,0.3757108151912689,0.6577634811401367,-0.47629475593566895,0.9922471046447754
General3,75,1,0.702296257019043,0.40478962659835815,0.3328091502189636,0.998887836933136,0.6863387823104858,0.39992237091064453,0.3500450551509857,0.9987114667892456,0.6853442788124084,0.40001383423805237,0.34998881816864014,0.9982019662857056,0.6840746402740479,0.39997053146362305,0.349974125623703,0.9988973140716553,0.6846978664398193,0.3963608145713806,0.3033365309238434,0.9984056353569031,0.6834895014762878,0.39586877822875977,0.3032851219177246,0.99836665391922,0.6821195483207703,0.39513805508613586,0.30304238200187683,0.9987677335739136,0.6656005382537842,0.4020514488220215,0.4019405245780945,0.9976422190666199,0.6683564186096191,0.39596402645111084,0.18921306729316711,0.9988113641738892,0.6873714923858643,0.4107488989830017,0.3563792109489441,0.9953789710998535,0.6869093775749207,0.4095519483089447,0.2929927110671997,0.9942077398300171,0.6311045289039612,0.43458372354507446,0.47099941968917847,0.9993834495544434,0.6569719314575195,0.40420275926589966,0.00736205792054534,0.9999473094940186,0.6122986078262329,0.4570322632789612,0.6560115814208984,0.02511919103562832,0.6178627014160156,0.3433312773704529,-0.1664179265499115,0.9824780821800232,0.5932685136795044,0.48294320702552795,0.6514720320701599,0.09971297532320023,0.5509653091430664,0.29581382870674133,-0.19266150891780853,0.9927050471305847,0.5886209011077881,0.49112844467163086,0.6727184057235718,0.11872131377458572,0.5264161229133606,0.2873426675796509,-0.23581860959529877,0.9905520677566528,0.5849676728248596,0.4876115620136261,0.6365015506744385,0.12285955995321274,0.5274347066879272,0.2872133255004883,-0.22980360686779022,0.9875332117080688,0.5881618857383728,0.48507294058799744,0.6341086030006409,0.12288428097963333,0.5394026041030884,0.291949599981308,-0.19063332676887512,0.9764960408210754,0.6296648979187012,0.5194835662841797,0.1618741750717163,0.9999532699584961,0.6122262477874756,0.5051148533821106,-0.16205066442489624,0.9999783039093018,0.7205799221992493,0.5726534128189087,0.11817894876003265,0.9274218082427979,0.5446866750717163,0.5731059312820435,-0.38356879353523254,0.9993139505386353,0.7486019134521484,0.6442866921424866,0.12421602010726929,0.98282790184021,0.39677512645721436,0.6217143535614014,-0.4375241994857788,0.9978992938995361,0.7315533757209778,0.6589173078536987,0.11519540846347809,0.9669353365898132,0.3674319088459015,0.6158294677734375,-0.4438249170780182,0.9858641028404236,0.8204269409179688,0.6681320667266846,0.012924018315970898,0.9823273420333862,0.3834172785282135,0.6601831912994385,-0.5814285278320312,0.995805025100708
General3,76,1,0.8330336809158325,0.43144750595092773,-0.6628271341323853,0.9787139296531677,0.8387591242790222,0.427047997713089,-0.6686312556266785,0.9750810861587524,0.8379925489425659,0.42681023478507996,-0.6687796115875244,0.9743680953979492,0.8370766639709473,0.42654696106910706,-0.6688498854637146,0.974845826625824,0.8391703367233276,0.42789405584335327,-0.7027751803398132,0.982161283493042,0.8382401466369629,0.4278597831726074,-0.7030622363090515,0.9784225821495056,0.8373997211456299,0.4278895854949951,-0.7033764123916626,0.9798737168312073,0.8224701881408691,0.42367419600486755,-0.5510742664337158,0.9640636444091797,0.8233245611190796,0.42740511894226074,-0.7106236219406128,0.9761183857917786,0.8201935291290283,0.43372657895088196,-0.6024628281593323,0.9772711396217346,0.8207634091377258,0.43383893370628357,-0.6499599814414978,0.9849692583084106,0.7724173069000244,0.40532511472702026,-0.3187686502933502,0.9986425042152405,0.7837247252464294,0.4500449299812317,-0.6547390818595886,0.9999536275863647,0.70805823802948,0.3645137846469879,-0.1817372590303421,0.6674641966819763,0.752083957195282,0.47298434376716614,-0.675157368183136,0.9236346483230591,0.7047266960144043,0.3432101905345917,-0.14945851266384125,0.5420305132865906,0.7346411943435669,0.4719119369983673,-0.6167396306991577,0.7090142965316772,0.6909415125846863,0.3336021900177002,-0.1513066440820694,0.5199364423751831,0.7228701710700989,0.47207826375961304,-0.6619387269020081,0.6671581268310547,0.7064621448516846,0.33903199434280396,-0.18672262132167816,0.522685706615448,0.7253808975219727,0.4680402874946594,-0.6665731072425842,0.664652407169342,0.7115744352340698,0.34521162509918213,-0.1606024205684662,0.48736855387687683,0.7295429706573486,0.46744218468666077,-0.6162758469581604,0.6329699158668518,0.6064712405204773,0.4443470537662506,0.17829588055610657,0.9996929168701172,0.5766612887382507,0.4625830054283142,-0.17854687571525574,0.9999604225158691,0.7305418252944946,0.5220557451248169,0.2915353775024414,0.4023035764694214,0.606948971748352,0.5514670610427856,-0.24194282293319702,0.9946186542510986,0.707085132598877,0.6191021203994751,0.503227174282074,0.7490913271903992,0.4256308674812317,0.61765056848526,-0.09153454750776291,0.9964562058448792,0.687183678150177,0.6324374675750732,0.5220178961753845,0.7369849681854248,0.3754691481590271,0.6123806834220886,-0.07882236689329147,0.9845463037490845,0.7462275624275208,0.6559143662452698,0.486397922039032,0.7954031825065613,0.4025179147720337,0.6545770168304443,-0.20348390936851501,0.9889418482780457
General3,77,1,0.8410384654998779,0.4295175075531006,-0.5115320086479187,0.977391242980957,0.8432831764221191,0.4258473813533783,-0.5146758556365967,0.973841667175293,0.8410347104072571,0.42593735456466675,-0.5148213505744934,0.9734376668930054,0.8386449813842773,0.4260033369064331,-0.5149052739143372,0.9751612544059753,0.8468087911605835,0.42593127489089966,-0.5505611896514893,0.9803050756454468,0.8467258810997009,0.42570018768310547,-0.5508209466934204,0.9757994413375854,0.8467147350311279,0.4255213439464569,-0.5511413812637329,0.9775059223175049,0.8204625844955444,0.4243892431259155,-0.4141779839992523,0.9625980854034424,0.831805408000946,0.4255080223083496,-0.5795779824256897,0.9698893427848816,0.8256869316101074,0.43250420689582825,-0.4598507285118103,0.9707798957824707,0.8298617601394653,0.431835412979126,-0.5088717341423035,0.9801183938980103,0.768176794052124,0.41081804037094116,-0.21079720556735992,0.9983375072479248,0.7932575941085815,0.44735294580459595,-0.5729213356971741,0.9999566078186035,0.696816623210907,0.37616103887557983,-0.09545041620731354,0.4283715486526489,0.7372443675994873,0.47066712379455566,-0.5722696185112,0.9090840220451355,0.6891176700592041,0.36028945446014404,-0.055797528475522995,0.39607512950897217,0.700206995010376,0.47628462314605713,-0.45730310678482056,0.6719532608985901,0.6718927621841431,0.3520604968070984,-0.05100998654961586,0.38956117630004883,0.6841974854469299,0.47734349966049194,-0.49404191970825195,0.6197262406349182,0.6895129680633545,0.35797956585884094,-0.08369868993759155,0.3918459117412567,0.6864363551139832,0.47441989183425903,-0.4967650771141052,0.6139793395996094,0.6952039003372192,0.36327046155929565,-0.06658433377742767,0.3584195673465729,0.6909412145614624,0.47356170415878296,-0.45500361919403076,0.5842947959899902,0.5986219644546509,0.44854480028152466,0.1780586987733841,0.999789297580719,0.5731682777404785,0.4621351361274719,-0.17849880456924438,0.9999639987945557,0.7269624471664429,0.5305059552192688,0.2586560845375061,0.41851699352264404,0.6147669553756714,0.5550596714019775,-0.23433758318424225,0.9929060935974121,0.7010306715965271,0.6324017643928528,0.4149906039237976,0.7562903165817261,0.4233930706977844,0.6167117357254028,-0.0928056389093399,0.9947078227996826,0.6789035797119141,0.6455724835395813,0.4280925691127777,0.725982666015625,0.38064664602279663,0.6124812364578247,-0.08054892718791962,0.9768518805503845,0.7564418911933899,0.6673620939254761,0.39282548427581787,0.8044667840003967,0.4018041491508484,0.6540972590446472,-0.18992391228675842,0.9847375750541687
General3,78,1,0.8160468339920044,0.426314115524292,-0.6898290514945984,0.9764719605445862,0.8192245364189148,0.4229253828525543,-0.6951219439506531,0.9618483185768127,0.8183984756469727,0.4227367639541626,-0.6953269243240356,0.9588226675987244,0.8174130320549011,0.42250198125839233,-0.6953292489051819,0.9589776396751404,0.8191320300102234,0.4244849979877472,-0.7280288934707642,0.9830743670463562,0.8176764249801636,0.4249153733253479,-0.72828209400177,0.9802792072296143,0.8163272738456726,0.4254274368286133,-0.728659987449646,0.9827940464019775,0.7991119623184204,0.4207462668418884,-0.5841560959815979,0.9300797581672668,0.798697829246521,0.4271641969680786,-0.739136815071106,0.9798292517662048,0.798042356967926,0.4143747091293335,-0.6319036483764648,0.9729219675064087,0.8039178848266602,0.4295256733894348,-0.6780121326446533,0.986448347568512,0.7546963095664978,0.39712750911712646,-0.3338281810283661,0.9989367127418518,0.7519394755363464,0.4546462595462799,-0.6983940601348877,0.999991774559021,0.6822497248649597,0.34180182218551636,-0.22581514716148376,0.8460942506790161,0.6784040927886963,0.4829367697238922,-0.6789876818656921,0.9441074132919312,0.640961766242981,0.2898947596549988,-0.19275961816310883,0.8063098192214966,0.5991283655166626,0.48574215173721313,-0.5553594827651978,0.8137166500091553,0.6230373382568359,0.2750318646430969,-0.1892218440771103,0.7806910276412964,0.5738649964332581,0.4859439730644226,-0.5949615240097046,0.770505964756012,0.6364444494247437,0.27629098296165466,-0.21143463253974915,0.7731807827949524,0.5741780400276184,0.4830387234687805,-0.5989732146263123,0.7620667815208435,0.6402585506439209,0.28536009788513184,-0.19736558198928833,0.7184060215950012,0.5848626494407654,0.4835717976093292,-0.5529014468193054,0.7259857058525085,0.6114723682403564,0.4405520260334015,0.2046755701303482,0.9999167919158936,0.5715286135673523,0.46200957894325256,-0.20495688915252686,0.9999938011169434,0.7433792352676392,0.526428759098053,0.4062873423099518,0.4061737358570099,0.6002163887023926,0.5569524168968201,-0.27905651926994324,0.9976142644882202,0.7218307256698608,0.6437645554542542,0.6770917177200317,0.7468051910400391,0.4210779070854187,0.616956353187561,-0.12478884309530258,0.9983707070350647,0.7102087140083313,0.6495157480239868,0.7032714486122131,0.7511966824531555,0.37400490045547485,0.614741861820221,-0.11032483726739883,0.9920937418937683,0.7773666381835938,0.6730367541313171,0.6810635924339294,0.7962905764579773,0.39592355489730835,0.6541623473167419,-0.24658869206905365,0.9947064518928528
General3,79,1,0.8633009195327759,0.4385446310043335,-0.8112689852714539,0.9824609160423279,0.8689414858818054,0.4357013404369354,-0.8145085573196411,0.9800435304641724,0.8695681095123291,0.4359864294528961,-0.8146143555641174,0.9758924841880798,0.870052695274353,0.43623942136764526,-0.8147294521331787,0.9808534383773804,0.8654825091362,0.4355044364929199,-0.8480004072189331,0.9895449280738831,0.8632394075393677,0.43521466851234436,-0.8483057022094727,0.9863952398300171,0.8610884547233582,0.43496158719062805,-0.8486224412918091,0.9899595975875854,0.8594294786453247,0.43483373522758484,-0.6849600076675415,0.9733366966247559,0.8471903800964355,0.4341300129890442,-0.8406099677085876,0.9880551695823669,0.8547391891479492,0.4415874779224396,-0.7463056445121765,0.9863519668579102,0.8515135049819946,0.44048649072647095,-0.7926830649375916,0.9925718903541565,0.8331370949745178,0.417521208524704,-0.428261935710907,0.9944374561309814,0.7924312353134155,0.44539397954940796,-0.7520421743392944,0.9999469518661499,0.7983943223953247,0.3990076780319214,-0.26845526695251465,0.13156910240650177,0.7375617027282715,0.4516550898551941,-0.7448164820671082,0.8830677270889282,0.8009428977966309,0.3858495354652405,-0.22352135181427002,0.11218151450157166,0.7034738063812256,0.4347793757915497,-0.7126253247261047,0.6964481472969055,0.7912821769714355,0.37847837805747986,-0.22436654567718506,0.11926396936178207,0.6884056925773621,0.43057265877723694,-0.7663711905479431,0.6606809496879578,0.7985161542892456,0.38310137391090393,-0.26334357261657715,0.11789596080780029,0.691572368144989,0.4265115261077881,-0.795714795589447,0.6701306700706482,0.8006350994110107,0.3878779113292694,-0.23671633005142212,0.11608342081308365,0.6958843469619751,0.4278554320335388,-0.7250210046768188,0.6363595128059387,0.6354719400405884,0.45629188418388367,0.17948171496391296,0.9993916749954224,0.5780971646308899,0.46606528759002686,-0.17946504056453705,0.9999510049819946,0.7485188841819763,0.5359456539154053,0.25049901008605957,0.5047696232795715,0.6008489727973938,0.5589658617973328,-0.24492479860782623,0.9939665794372559,0.714965283870697,0.6454631090164185,0.4694763720035553,0.741887092590332,0.43077051639556885,0.617077112197876,-0.10782820731401443,0.994996190071106,0.6919484734535217,0.6523473858833313,0.48478826880455017,0.691830039024353,0.3800860047340393,0.6155344247817993,-0.10023350268602371,0.9733000993728638,0.7830085158348083,0.6710433959960938,0.4083365201950073,0.8044115304946899,0.4109750986099243,0.6587696075439453,-0.26263561844825745,0.9877646565437317
General3,80,1,0.8300466537475586,0.45203661918640137,-0.3594478964805603,0.9191421866416931,0.847576379776001,0.4564216136932373,-0.34593892097473145,0.9076611399650574,0.8477622270584106,0.4586443603038788,-0.34598490595817566,0.9089378118515015,0.847847580909729,0.4608835279941559,-0.34603601694107056,0.8983221054077148,0.8490328192710876,0.44942426681518555,-0.37740474939346313,0.9127674102783203,0.850237250328064,0.44654175639152527,-0.3777223229408264,0.9062135815620422,0.8514191508293152,0.4436876177787781,-0.3780922591686249,0.9230058193206787,0.8511909246444702,0.4591413140296936,-0.20631785690784454,0.8163453340530396,0.8556755185127258,0.4349116384983063,-0.35492244362831116,0.9088870882987976,0.8177299499511719,0.4527112543582916,-0.29733967781066895,0.8957456946372986,0.8198714256286621,0.44416582584381104,-0.3411513566970825,0.9517189860343933,0.8073015809059143,0.4628937840461731,-0.03872706741094589,0.983805239200592,0.7931711673736572,0.39886608719825745,-0.32363465428352356,0.9995191097259521,0.7291502952575684,0.47786977887153625,0.02775426395237446,0.18005351722240448,0.7205801606178284,0.3567657768726349,-0.37599295377731323,0.922859251499176,0.6979554891586304,0.4789634644985199,-0.1564958691596985,0.21073706448078156,0.7399808168411255,0.33349311351776123,-0.4642028212547302,0.9231458902359009,0.678480327129364,0.48272934556007385,-0.16582037508487701,0.23322534561157227,0.7422398328781128,0.3265224099159241,-0.512457013130188,0.8940607309341431,0.6948142647743225,0.4793431758880615,-0.21789072453975677,0.23871393501758575,0.754326581954956,0.3239089548587799,-0.520182192325592,0.9045001268386841,0.7021823525428772,0.4773717522621155,-0.18048684298992157,0.2613867223262787,0.7503709197044373,0.3276989161968231,-0.4702904522418976,0.8886551856994629,0.5946452021598816,0.48522141575813293,0.17564497888088226,0.9972487092018127,0.5584685802459717,0.46240130066871643,-0.17567647993564606,0.9988086223602295,0.6345188617706299,0.5670977830886841,0.17713609337806702,0.8244479894638062,0.6305779218673706,0.5462265610694885,-0.29427018761634827,0.9933912754058838,0.5324113368988037,0.6332894563674927,0.2511832118034363,0.9408249855041504,0.6534992456436157,0.6356093287467957,-0.23194845020771027,0.9929258823394775,0.43280863761901855,0.6182466745376587,0.2514856159687042,0.913058876991272,0.5784444808959961,0.6386187076568604,-0.22821563482284546,0.9675573706626892,0.5596010088920593,0.674740195274353,0.1418001353740692,0.938805341720581,0.6555846929550171,0.6615967154502869,-0.3620361387729645,0.984792947769165
General3,81,1,0.8394626975059509,0.44644448161125183,-0.31359291076660156,0.9355056285858154,0.8557243943214417,0.44892680644989014,-0.28677690029144287,0.928976833820343,0.8556570410728455,0.4510963559150696,-0.28689220547676086,0.927146852016449,0.8555135726928711,0.45329874753952026,-0.2870456576347351,0.9139316082000732,0.856461763381958,0.4418777823448181,-0.31799808144569397,0.94468754529953,0.8569052219390869,0.4389890134334564,-0.3182603418827057,0.9460674524307251,0.857336163520813,0.43613201379776,-0.31859445571899414,0.9552400708198547,0.8531225919723511,0.45192649960517883,-0.12203334271907806,0.8598060011863708,0.8552871942520142,0.4278678297996521,-0.26724040508270264,0.9584245681762695,0.824486494064331,0.44860896468162537,-0.246347114443779,0.8989737629890442,0.8253340721130371,0.439999520778656,-0.2890891432762146,0.9650213122367859,0.8061976432800293,0.4642210006713867,0.03990425169467926,0.9657252430915833,0.7847678661346436,0.3969445824623108,-0.26962360739707947,0.9990549683570862,0.7922189235687256,0.4901863932609558,0.07652431726455688,0.21079450845718384,0.7408074140548706,0.340049684047699,-0.37506818771362305,0.9621912240982056,0.8242191672325134,0.49231112003326416,-0.10671915858983994,0.2191419005393982,0.7355920672416687,0.2910231649875641,-0.4902924597263336,0.9402861595153809,0.8234684467315674,0.49562060832977295,-0.10836045444011688,0.23161083459854126,0.7373220324516296,0.27712583541870117,-0.5468575358390808,0.8943673968315125,0.8404313325881958,0.4926005005836487,-0.164372518658638,0.2404768019914627,0.7536557912826538,0.2722463607788086,-0.5447741746902466,0.9034315943717957,0.8412158489227295,0.49169209599494934,-0.13506194949150085,0.26906388998031616,0.7545069456100464,0.28318411111831665,-0.49668633937835693,0.8949909806251526,0.5851097106933594,0.4865390360355377,0.177256241440773,0.9966880679130554,0.5500213503837585,0.4624704420566559,-0.17707273364067078,0.9978334307670593,0.6238440275192261,0.5690116286277771,0.18934544920921326,0.8886764645576477,0.6421265602111816,0.5408164262771606,-0.29512327909469604,0.9961236119270325,0.45133352279663086,0.6136829853057861,0.2757647931575775,0.9558075666427612,0.6579712629318237,0.6334407329559326,-0.26841244101524353,0.9950373768806458,0.4064008593559265,0.6114079356193542,0.27758854627609253,0.9409222602844238,0.6250581741333008,0.6405522227287292,-0.2697655260562897,0.9801883697509766,0.5029919147491455,0.6640264987945557,0.16959603130817413,0.9485220909118652,0.7153584957122803,0.6586250066757202,-0.4073071777820587,0.9879302978515625
General3,82,1,0.8411933183670044,0.4413315951824188,-0.33159375190734863,0.9384292960166931,0.8581618070602417,0.44217178225517273,-0.31264159083366394,0.9394960403442383,0.8582680821418762,0.4439792335033417,-0.31274962425231934,0.9402074813842773,0.8582699298858643,0.44581839442253113,-0.31291618943214417,0.9342252016067505,0.8583155870437622,0.4361526072025299,-0.3430965840816498,0.9338523745536804,0.8583978414535522,0.4335442781448364,-0.3433398902416229,0.9295299649238586,0.8584762811660767,0.43096303939819336,-0.34364041686058044,0.9367608428001404,0.8550249338150024,0.4442732036113739,-0.17064549028873444,0.8998233675956726,0.8555871248245239,0.4241468608379364,-0.3110385537147522,0.9375652074813843,0.8267045021057129,0.4440845549106598,-0.2709527313709259,0.9352635741233826,0.82648766040802,0.43654051423072815,-0.3121665120124817,0.9660881161689758,0.7932119965553284,0.45959460735321045,-0.01085504051297903,0.9854992628097534,0.7894481420516968,0.39761489629745483,-0.3152717053890228,0.9993730187416077,0.6949260234832764,0.48704156279563904,-0.001363112940452993,0.13148777186870575,0.7382065057754517,0.3405018448829651,-0.42572876811027527,0.9676143527030945,0.6533557176589966,0.4908788204193115,-0.23000776767730713,0.14943447709083557,0.7528824806213379,0.29952701926231384,-0.5339550375938416,0.9605423808097839,0.6333186626434326,0.4942886531352997,-0.2393614500761032,0.17209294438362122,0.7363365888595581,0.2683221697807312,-0.5973985195159912,0.9323666095733643,0.652359664440155,0.49106717109680176,-0.30524975061416626,0.17961843311786652,0.7490737438201904,0.26587969064712524,-0.5914105176925659,0.9373765587806702,0.6599297523498535,0.4899410605430603,-0.2621145248413086,0.1929633617401123,0.7458409070968628,0.2770524024963379,-0.539903998374939,0.9261106252670288,0.584239661693573,0.48272430896759033,0.17795129120349884,0.9971886277198792,0.556032121181488,0.4628945291042328,-0.17785438895225525,0.9982905983924866,0.6198571920394897,0.5656639337539673,0.204964280128479,0.8862584233283997,0.6407084465026855,0.5436244010925293,-0.27205759286880493,0.9971753358840942,0.4502418637275696,0.6131486892700195,0.3156050741672516,0.9587555527687073,0.6579041481018066,0.6351248621940613,-0.21396127343177795,0.9959530830383301,0.4058980941772461,0.6113387942314148,0.3201369047164917,0.9378923773765564,0.6269760131835938,0.6414818167686462,-0.21223942935466766,0.9793786406517029,0.5030698776245117,0.6659332513809204,0.21341411769390106,0.9491733312606812,0.7168724536895752,0.6605769991874695,-0.34641897678375244,0.9894499182701111
General3,83,0,,,,,,,,,,,,,,,,,,,,,,,,,,,,,,,,,,,,,,,,,,,,,,,,,,,,,,,,,,,,,,,,,,,,,,,,,,,,,,,,,,,,,,,,,,,,,,,,,,,,,,,,,,,,,,,,,,,,,,,,,,,,,,,,,,,,
General3,84,1,0.6850138902664185,0.4100613594055176,0.6181252598762512,0.9153662919998169,0.6839835047721863,0.40518996119499207,0.6289814710617065,0.9159854054450989,0.6823377013206482,0.4051092565059662,0.6289715766906738,0.9061713218688965,0.6806195974349976,0.40507209300994873,0.6289089918136597,0.9427248239517212,0.6861866116523743,0.4042162001132965,0.5861508250236511,0.9321432709693909,0.6852694749832153,0.403496652841568,0.5861964225769043,0.9341301321983337,0.6844058036804199,0.40276533365249634,0.5860429406166077,0.9515644907951355,0.6632312536239624,0.40379512310028076,0.6325129270553589,0.8656525611877441,0.6625658869743347,0.3954669237136841,0.4373573660850525,0.9165956974029541,0.6737848520278931,0.4134781062602997,0.6243549585342407,0.7705482840538025,0.674712061882019,0.41237762570381165,0.5657665133476257,0.7379446625709534,0.579745888710022,0.41962215304374695,0.6121478080749512,0.9970824122428894,0.6482493877410889,0.39632174372673035,0.2586748003959656,0.9994969367980957,0.5363157987594604,0.42088547348976135,0.7827430963516235,0.07547707855701447,0.7093023061752319,0.35386210680007935,0.21082253754138947,0.9483500123023987,0.5267357230186462,0.415050745010376,0.8952071666717529,0.14575490355491638,0.792003870010376,0.3064284324645996,0.33101990818977356,0.9673146605491638,0.5119075775146484,0.4152117073535919,0.9027038216590881,0.17352259159088135,0.809447169303894,0.30204468965530396,0.3126427233219147,0.9698897004127502,0.5209161639213562,0.40907055139541626,0.8962933421134949,0.1747090220451355,0.7933790683746338,0.30728083848953247,0.32275572419166565,0.962691605091095,0.5309227705001831,0.41000959277153015,0.8916054368019104,0.17334017157554626,0.7852678894996643,0.31074878573417664,0.3401585519313812,0.9220668077468872,0.5638316869735718,0.4891357123851776,0.13052524626255035,0.9999282360076904,0.5706106424331665,0.4764920473098755,-0.1307445466518402,0.9999274015426636,0.6087729930877686,0.5653507113456726,-0.007808380294591188,0.8866546750068665,0.5845387578010559,0.5589495897293091,-0.41348186135292053,0.9886083602905273,0.637252151966095,0.6396695375442505,0.001634620362892747,0.9387556910514832,0.4549632668495178,0.6084781885147095,-0.49967440962791443,0.9747835397720337,0.6254181861877441,0.6537531018257141,-0.004028874449431896,0.9346832036972046,0.434827983379364,0.6206189393997192,-0.5073517560958862,0.9476627111434937,0.6664829254150391,0.6724956035614014,-0.10647047311067581,0.9353587627410889,0.45650696754455566,0.6508065462112427,-0.6228342652320862,0.9703006148338318
General3,85,1,0.7036036252975464,0.3806631565093994,0.3535606861114502,0.9974722266197205,0.6997571587562561,0.3756541609764099,0.3688448369503021,0.9981111288070679,0.6983187198638916,0.37577295303344727,0.36869052052497864,0.9977026581764221,0.6966764330863953,0.3757671117782593,0.3686003088951111,0.9985197186470032,0.7013903856277466,0.375200092792511,0.3236038386821747,0.997531533241272,0.7010754942893982,0.3749534785747528,0.32358384132385254,0.997240424156189,0.7002147436141968,0.3746255040168762,0.3233995735645294,0.9979038238525391,0.6803321242332458,0.37515488266944885,0.4061943590641022,0.9971904158592224,0.6907378435134888,0.37363749742507935,0.20292304456233978,0.9962641596794128,0.695042073726654,0.3852314352989197,0.3718242049217224,0.9949585795402527,0.6983742117881775,0.3842564821243286,0.31123992800712585,0.9925791621208191,0.5981546640396118,0.3992507755756378,0.46030759811401367,0.9973859190940857,0.6821749210357666,0.3817578852176666,0.016015945002436638,0.9998595714569092,0.5316795706748962,0.41573116183280945,0.564777135848999,0.2335231602191925,0.7838767766952515,0.36981648206710815,-0.12582577764987946,0.9969712495803833,0.48686331510543823,0.4214380979537964,0.49253055453300476,0.3910854756832123,0.8732114434242249,0.33475661277770996,-0.11950444430112839,0.9979288578033447,0.4639151692390442,0.420668363571167,0.5045982599258423,0.4159652292728424,0.8964685797691345,0.3289470076560974,-0.1641903519630432,0.9966751337051392,0.4756876230239868,0.41584330797195435,0.4683974087238312,0.41554731130599976,0.9006445407867432,0.3243471682071686,-0.12803924083709717,0.9957481026649475,0.4864926040172577,0.4168423116207123,0.4766390025615692,0.38727450370788574,0.8926519155502319,0.326580286026001,-0.10466419160366058,0.9911901950836182,0.5351600646972656,0.47425583004951477,0.15893349051475525,0.9999148845672607,0.5452083945274353,0.4677134156227112,-0.15910981595516205,0.9999287128448486,0.5889989137649536,0.5538516044616699,0.0012293007457628846,0.8608631491661072,0.576360821723938,0.5448285937309265,-0.22962768375873566,0.9981961846351624,0.5215358734130859,0.630789041519165,-0.04029426351189613,0.9612329602241516,0.565978467464447,0.624880313873291,-0.3157588243484497,0.9968864321708679,0.4948430359363556,0.6403036117553711,-0.04965875670313835,0.9626145362854004,0.5468943119049072,0.6375395655632019,-0.3261284828186035,0.9922987818717957,0.5354531407356262,0.6505361795425415,-0.14664678275585175,0.9755727648735046,0.6202253103256226,0.6510311961174011,-0.4261646866798401,0.9952552318572998
General3,86,1,0.7080714106559753,0.3828653395175934,0.3120481073856354,0.9964914917945862,0.7075199484825134,0.3784560263156891,0.3246864974498749,0.9971234202384949,0.7058169841766357,0.378437876701355,0.3245181441307068,0.9965399503707886,0.7011465430259705,0.3773977756500244,0.3244393467903137,0.9977430105209351,0.7094693183898926,0.37807315587997437,0.2773641049861908,0.9963561296463013,0.7091199159622192,0.37779656052589417,0.2773324251174927,0.9960179924964905,0.7084616422653198,0.37750351428985596,0.277139276266098,0.9969757795333862,0.688693106174469,0.3768268823623657,0.3603288233280182,0.9949957132339478,0.694930374622345,0.37504252791404724,0.1477905511856079,0.994213879108429,0.6989411115646362,0.38702383637428284,0.33087965846061707,0.9927464127540588,0.7037767171859741,0.38525450229644775,0.2677200734615326,0.9900268316268921,0.6010216474533081,0.3951888084411621,0.4340793490409851,0.9960129261016846,0.6843284368515015,0.38294774293899536,-0.02892034314572811,0.9998084902763367,0.5536384582519531,0.4151272177696228,0.5519043207168579,0.09041190147399902,0.7879087328910828,0.3698129653930664,-0.17555542290210724,0.9971610307693481,0.5156770944595337,0.41724058985710144,0.4507770240306854,0.18922677636146545,0.8733468055725098,0.3353676199913025,-0.17253297567367554,0.9981421232223511,0.49732592701911926,0.41719532012939453,0.4601033926010132,0.22924171388149261,0.893062949180603,0.3289415240287781,-0.21819888055324554,0.9969013929367065,0.5106213092803955,0.4131360650062561,0.4182124733924866,0.23456932604312897,0.8959741592407227,0.3249831199645996,-0.1863783597946167,0.9961069226264954,0.5193381905555725,0.41399145126342773,0.43116942048072815,0.23055486381053925,0.8897392749786377,0.3267799913883209,-0.15881897509098053,0.9921942949295044,0.5332951545715332,0.4748629927635193,0.16063638031482697,0.9998447895050049,0.5436480045318604,0.46940141916275024,-0.1607498824596405,0.9998883008956909,0.5883477926254272,0.5544884204864502,0.034068599343299866,0.815916121006012,0.5810800790786743,0.5478408336639404,-0.19135244190692902,0.998278021812439,0.5097890496253967,0.6282877922058105,0.01699427142739296,0.9539311528205872,0.5750007629394531,0.6285759210586548,-0.2579582631587982,0.9977238774299622,0.4833405911922455,0.637658953666687,0.009716130793094635,0.9515752792358398,0.5747177600860596,0.6473709940910339,-0.2682819664478302,0.9944168329238892,0.5136245489120483,0.6504870057106018,-0.08460994809865952,0.9709921479225159,0.6393052935600281,0.6559136509895325,-0.37212610244750977,0.9963324666023254
General3,87,1,0.6720646619796753,0.38876229524612427,0.6266838312149048,0.9800459146499634,0.6638994216918945,0.38384178280830383,0.6250755190849304,0.9767149090766907,0.6611663103103638,0.3837101459503174,0.6250115036964417,0.9767008423805237,0.6583402752876282,0.38339653611183167,0.6249515414237976,0.9799285531044006,0.6779534816741943,0.38366860151290894,0.5909841060638428,0.9718376398086548,0.6798084378242493,0.38348114490509033,0.5909795165061951,0.9714705944061279,0.6813032627105713,0.38319694995880127,0.5907174944877625,0.9696052670478821,0.6486107110977173,0.38039255142211914,0.5755916833877563,0.9736618399620056,0.679701566696167,0.3817095160484314,0.4224432408809662,0.9695096015930176,0.6646104454994202,0.3935161828994751,0.6113753318786621,0.951407253742218,0.6707251071929932,0.3931328058242798,0.5652218461036682,0.9455714821815491,0.5711711645126343,0.39657115936279297,0.5278214812278748,0.9976009726524353,0.689344048500061,0.38769030570983887,0.19219766557216644,0.999913215637207,0.5098713636398315,0.42184531688690186,0.5094019174575806,0.14613209664821625,0.7662924528121948,0.3817704916000366,0.04691636934876442,0.9875075221061707,0.4739755690097809,0.42953819036483765,0.40695425868034363,0.27547016739845276,0.8165903091430664,0.37467241287231445,0.10130921751260757,0.9498401284217834,0.45632344484329224,0.43087390065193176,0.40210747718811035,0.35612916946411133,0.832228422164917,0.3763926327228546,0.08306342363357544,0.9389585852622986,0.46730661392211914,0.42892909049987793,0.3887859880924225,0.36299172043800354,0.8321584463119507,0.3781713545322418,0.12023448199033737,0.9243361949920654,0.4755944013595581,0.42876961827278137,0.3974657654762268,0.3236272931098938,0.8242971301078796,0.37768304347991943,0.11808847635984421,0.8762168884277344,0.5043268799781799,0.4676167070865631,0.13259665668010712,0.9999125003814697,0.5516188740730286,0.46494749188423157,-0.13329795002937317,0.999924898147583,0.5686808228492737,0.5494455099105835,-0.022328119724988937,0.8239670991897583,0.5797454118728638,0.5490179657936096,-0.28331056237220764,0.9974403381347656,0.5732125043869019,0.643968403339386,-0.16007860004901886,0.935505747795105,0.4902230501174927,0.6002086997032166,-0.38632017374038696,0.9870748519897461,0.562466561794281,0.656448245048523,-0.18164591491222382,0.945199728012085,0.4576722979545593,0.6033524870872498,-0.3967863917350769,0.9698216319084167,0.6444075703620911,0.6646398305892944,-0.2656770944595337,0.9289378523826599,0.5021371245384216,0.6401307582855225,-0.4860440492630005,0.9709208011627197
General3,88,1,0.6769983768463135,0.3880994915962219,0.6163253784179688,0.9925054907798767,0.6726178526878357,0.38184016942977905,0.6152554750442505,0.9906978011131287,0.667992353439331,0.38284701108932495,0.6151987910270691,0.9904347658157349,0.6654408574104309,0.3826383352279663,0.6151325702667236,0.9925094842910767,0.6832757592201233,0.38263237476348877,0.579819917678833,0.9890089631080627,0.6851000785827637,0.3823394477367401,0.5798177719116211,0.9888079762458801,0.6865745782852173,0.3820183277130127,0.5795708298683167,0.9886389970779419,0.6552358865737915,0.3796740770339966,0.564289927482605,0.9887400269508362,0.6789506673812866,0.3794820010662079,0.405504435300827,0.9874470829963684,0.6714325547218323,0.391244500875473,0.600142240524292,0.9794430136680603,0.6774154305458069,0.3903115391731262,0.5522543787956238,0.9763660430908203,0.5783085823059082,0.3955407738685608,0.5210679769515991,0.9981993436813354,0.683745265007019,0.38668885827064514,0.16976332664489746,0.9999500513076782,0.518791913986206,0.4184359908103943,0.49536776542663574,0.15171310305595398,0.7809638977050781,0.38014769554138184,0.024151388555765152,0.9957789182662964,0.4835573732852936,0.43146178126335144,0.3696226179599762,0.32025596499443054,0.8501360416412354,0.37623608112335205,0.05950555577874184,0.9886319041252136,0.46657249331474304,0.4334598779678345,0.3631182312965393,0.39308270812034607,0.8695279359817505,0.37882766127586365,0.03546581417322159,0.9845810532569885,0.47656941413879395,0.43103036284446716,0.3482621908187866,0.3996177613735199,0.895165205001831,0.37969833612442017,0.07110986113548279,0.9803902506828308,0.4847869575023651,0.43080365657806396,0.359485000371933,0.37154898047447205,0.8630991578102112,0.3790104389190674,0.07569165527820587,0.9620384573936462,0.507972776889801,0.4694671034812927,0.13315001130104065,0.9999417066574097,0.5532622337341309,0.4666275382041931,-0.1337684690952301,0.9999514818191528,0.5680028200149536,0.5491856932640076,-0.02790413796901703,0.843712329864502,0.5811273455619812,0.5478202104568481,-0.28851571679115295,0.9979754090309143,0.5776833295822144,0.6421312093734741,-0.16199254989624023,0.939539909362793,0.49025291204452515,0.5987129211425781,-0.38998493552207947,0.9887913465499878,0.5613300204277039,0.652023196220398,-0.18288424611091614,0.9453316926956177,0.4513389468193054,0.6025896072387695,-0.4007611870765686,0.9698412418365479,0.639458179473877,0.6624454259872437,-0.2649053633213043,0.9388806819915771,0.4984647035598755,0.6382613182067871,-0.4863682985305786,0.976416826248169
General3,89,1,0.6610201001167297,0.3930414319038391,0.6853176951408386,0.9846516847610474,0.6631399393081665,0.38208046555519104,0.6823704838752747,0.9782102704048157,0.6614640951156616,0.38209065794944763,0.6823378801345825,0.9803715348243713,0.6596286296844482,0.38193774223327637,0.6822667121887207,0.9837660789489746,0.6728532314300537,0.3831532895565033,0.6492695212364197,0.9737049341201782,0.6780481338500977,0.3813682496547699,0.6493011116981506,0.9748149514198303,0.6790311932563782,0.38105544447898865,0.6490395069122314,0.9728068709373474,0.6507605314254761,0.37908610701560974,0.6219838857650757,0.9777066707611084,0.6754656434059143,0.3792678713798523,0.4736085534095764,0.9721015095710754,0.6643726825714111,0.39199215173721313,0.6660851836204529,0.9550814032554626,0.6688492298126221,0.39158895611763,0.6212323904037476,0.94696444272995,0.5654443502426147,0.4025202691555023,0.5698626637458801,0.9989129304885864,0.6862653493881226,0.3869451880455017,0.21961860358715057,0.9999687671661377,0.49644866585731506,0.4229181706905365,0.5365118384361267,0.1681925654411316,0.7959184646606445,0.38058122992515564,0.06096621975302696,0.9967533946037292,0.45239755511283875,0.43614354729652405,0.39507895708084106,0.32755619287490845,0.8846879005432129,0.373454749584198,0.08109099417924881,0.9929331541061401,0.4320560097694397,0.4399043917655945,0.38724812865257263,0.3898397386074066,0.9197134971618652,0.3763276934623718,0.05338294059038162,0.9917739033699036,0.4428407847881317,0.43826836347579956,0.37591809034347534,0.3854745924472809,0.9276233911514282,0.37755268812179565,0.09753213822841644,0.988847017288208,0.45215824246406555,0.4369899332523346,0.38569512963294983,0.3568316102027893,0.9158784747123718,0.3758141100406647,0.10007809847593307,0.9757546782493591,0.5086922645568848,0.4689220190048218,0.13913339376449585,0.9999668598175049,0.5485539436340332,0.4632876515388489,-0.13983719050884247,0.9999781847000122,0.5760404467582703,0.5515916347503662,-0.0012700505321845412,0.8320501446723938,0.5814971923828125,0.5484837293624878,-0.29653212428092957,0.9977433681488037,0.5832220911979675,0.6453777551651001,-0.08735514432191849,0.9341261386871338,0.4817834496498108,0.5994542837142944,-0.34091487526893616,0.9886139631271362,0.5646606087684631,0.6545851826667786,-0.10305289924144745,0.943660318851471,0.4481317400932312,0.6032295823097229,-0.34685078263282776,0.9742737412452698,0.6458426117897034,0.6656633615493774,-0.1943844109773636,0.9314932227134705,0.49815672636032104,0.6407215595245361,-0.4472310245037079,0.9773626923561096
General3,90,1,0.6977030634880066,0.3950718343257904,0.7334131002426147,0.994541585445404,0.6968926191329956,0.38971182703971863,0.7324966192245483,0.9948838353157043,0.6926186084747314,0.38857728242874146,0.732461154460907,0.995464026927948,0.6882712244987488,0.38747280836105347,0.7324346899986267,0.9959880709648132,0.7080422639846802,0.39163514971733093,0.7012908458709717,0.9938416481018066,0.711521327495575,0.39186805486679077,0.701329231262207,0.9944093823432922,0.7150217890739441,0.3921341598033905,0.7011386752128601,0.992970883846283,0.6730527281761169,0.384186714887619,0.6687385439872742,0.9952661991119385,0.7102921605110168,0.39112532138824463,0.5273551940917969,0.9921183586120605,0.6828374266624451,0.39540040493011475,0.7102407217025757,0.987779438495636,0.6963872909545898,0.3950291872024536,0.6678950786590576,0.985204815864563,0.586614727973938,0.39597445726394653,0.5985665917396545,0.9976785778999329,0.7106616497039795,0.3958650827407837,0.2641759216785431,0.999900221824646,0.5132789015769958,0.40692487359046936,0.5538148880004883,0.33258509635925293,0.7887934446334839,0.3974466025829315,0.11123646050691605,0.988175630569458,0.43376660346984863,0.41347721219062805,0.4316771924495697,0.475054532289505,0.8583791255950928,0.41998404264450073,0.17877823114395142,0.9567038416862488,0.4039044976234436,0.4123808741569519,0.4251905381679535,0.4841732084751129,0.8774107694625854,0.4276577830314636,0.1601322740316391,0.9471365809440613,0.412283331155777,0.40964189171791077,0.4176367521286011,0.49055853486061096,0.8891633152961731,0.4249141216278076,0.19929933547973633,0.9354979991912842,0.4261290431022644,0.4107848107814789,0.42517632246017456,0.4321976900100708,0.8661774396896362,0.4252466857433319,0.1981319636106491,0.8880976438522339,0.47676417231559753,0.4588722288608551,0.1393282562494278,0.9999819993972778,0.5409839153289795,0.45383840799331665,-0.14018204808235168,0.9999864101409912,0.538826584815979,0.5485993027687073,0.063765749335289,0.8983533382415771,0.6198248863220215,0.5321272015571594,-0.21082903444766998,0.9981897473335266,0.5216444730758667,0.6280702948570251,-0.124166339635849,0.9519138932228088,0.5187066793441772,0.5965354442596436,-0.35720494389533997,0.9927470088005066,0.5037840008735657,0.6383913159370422,-0.152507945895195,0.967578113079071,0.4980746805667877,0.6100723147392273,-0.37694987654685974,0.9883109927177429,0.568429708480835,0.658638596534729,-0.2335050404071808,0.9508189558982849,0.5426257848739624,0.6394442915916443,-0.4526383876800537,0.9852514266967773
General3,91,1,0.6985321044921875,0.3965962827205658,0.7414279580116272,0.9865198135375977,0.6983177661895752,0.3907151222229004,0.7344297170639038,0.9887456297874451,0.6938487887382507,0.38918769359588623,0.7343858480453491,0.9896831512451172,0.6892896890640259,0.3876848816871643,0.7343326807022095,0.9907457828521729,0.7100695371627808,0.3936619460582733,0.7025268077850342,0.9864175319671631,0.7138663530349731,0.3942446708679199,0.7025644183158875,0.9876199960708618,0.7176955938339233,0.394857257604599,0.7023600339889526,0.9854009747505188,0.6772381067276001,0.3843141794204712,0.6445474624633789,0.9894606471061707,0.7196670770645142,0.38892751932144165,0.49977532029151917,0.9854246973991394,0.6836767196655273,0.39590901136398315,0.7102845907211304,0.9680492877960205,0.698319673538208,0.3960134983062744,0.6669381856918335,0.9645678400993347,0.5813739895820618,0.3914831578731537,0.5795592069625854,0.9976205229759216,0.719525933265686,0.39983507990837097,0.2276248186826706,0.9999024868011475,0.49546653032302856,0.40346288681030273,0.5864903926849365,0.45639273524284363,0.8063400983810425,0.40469810366630554,0.09112569689750671,0.9925761222839355,0.4267723560333252,0.40840858221054077,0.5372477769851685,0.5037752985954285,0.8826221227645874,0.4286900460720062,0.1602112054824829,0.9773798584938049,0.39061078429222107,0.4099445343017578,0.540344774723053,0.47714781761169434,0.9037185907363892,0.43586355447769165,0.13914652168750763,0.9675172567367554,0.40398576855659485,0.4061214029788971,0.5326266884803772,0.48188379406929016,0.9017308950424194,0.43746232986450195,0.1797240674495697,0.9616057276725769,0.41226065158843994,0.4091257154941559,0.5319256782531738,0.4325416386127472,0.8904560804367065,0.43402084708213806,0.17972920835018158,0.9305535554885864,0.4746495187282562,0.45832860469818115,0.1401013284921646,0.9999821186065674,0.5405775904655457,0.4597848057746887,-0.14100755751132965,0.9999868869781494,0.5328564643859863,0.5498180389404297,0.12829983234405518,0.8395348787307739,0.6178946495056152,0.5335456728935242,-0.15802422165870667,0.9962893724441528,0.5222992300987244,0.6274213790893555,0.008869407698512077,0.9249289631843567,0.520238995552063,0.5957733392715454,-0.24389751255512238,0.9888852834701538,0.5067285299301147,0.6378480195999146,-0.009525089524686337,0.9442330598831177,0.4921422600746155,0.602330207824707,-0.25478029251098633,0.9818403124809265,0.5683783292770386,0.6574512720108032,-0.07535402476787567,0.9130196571350098,0.5446522235870361,0.6390643119812012,-0.31679055094718933,0.9749345779418945
General3,92,1,0.6986916065216064,0.38524237275123596,0.7444640398025513,0.9938048124313354,0.6953830122947693,0.3802833557128906,0.7321009635925293,0.9950646758079529,0.6933178305625916,0.38011080026626587,0.7320637106895447,0.9948379397392273,0.6911588311195374,0.37993955612182617,0.7319633364677429,0.996216356754303,0.7095333933830261,0.38120728731155396,0.7013769149780273,0.9937034249305725,0.7116277813911438,0.38130027055740356,0.7014022469520569,0.9934964179992676,0.7177655100822449,0.3829534947872162,0.7011765241622925,0.9933934807777405,0.6786277294158936,0.3790005147457123,0.6312005519866943,0.9954603314399719,0.7084126472473145,0.382221519947052,0.49221763014793396,0.9932534098625183,0.6850727796554565,0.3893376886844635,0.7109987735748291,0.9865360856056213,0.6958483457565308,0.3887423276901245,0.6692753434181213,0.9827077984809875,0.5966566801071167,0.37902921438217163,0.5759405493736267,0.9987855553627014,0.7153127789497375,0.4008900821208954,0.22191809117794037,0.9999473094940186,0.5063303112983704,0.39945703744888306,0.6114962697029114,0.43399447202682495,0.8146438598632812,0.40821021795272827,0.10856865346431732,0.9953640699386597,0.43117132782936096,0.4052368104457855,0.5881322622299194,0.3814981281757355,0.8935726881027222,0.4226427972316742,0.20206086337566376,0.9873855113983154,0.40531492233276367,0.40477508306503296,0.6008018255233765,0.360836923122406,0.9207473993301392,0.43176916241645813,0.1849581003189087,0.9817874431610107,0.40584442019462585,0.4047785997390747,0.5877165794372559,0.36558181047439575,0.923566997051239,0.4285985231399536,0.21952952444553375,0.9782724380493164,0.41767892241477966,0.41033968329429626,0.5815880298614502,0.35011765360832214,0.9077152013778687,0.4282500743865967,0.2197471559047699,0.9591270685195923,0.47052374482154846,0.45519232749938965,0.1397874653339386,0.999985933303833,0.5373905897140503,0.46252599358558655,-0.14057713747024536,0.9999885559082031,0.5207657217979431,0.5449521541595459,0.12408194690942764,0.8069179654121399,0.615414559841156,0.5337396264076233,-0.14329250156879425,0.9930859804153442,0.5201691389083862,0.6217888593673706,0.08818259835243225,0.8523749709129333,0.5212289094924927,0.5953441262245178,-0.1460636854171753,0.9706501364707947,0.5057293176651001,0.6325374245643616,0.07953483611345291,0.9068924188613892,0.4958524703979492,0.5999127626419067,-0.1483762264251709,0.9620562195777893,0.5647792816162109,0.6493332982063293,0.03366037830710411,0.82040935754776,0.5455426573753357,0.6376597881317139,-0.18958057463169098,0.941936731338501
General3,93,1,0.757348895072937,0.4551917314529419,0.2654751241207123,0.9334508180618286,0.7696444988250732,0.4564356505870819,0.2931516468524933,0.964131236076355,0.768865704536438,0.4569191336631775,0.292999267578125,0.9619653224945068,0.7679538130760193,0.45740261673927307,0.2928111255168915,0.9704053401947021,0.7728394269943237,0.4536292254924774,0.26774388551712036,0.9675269722938538,0.7743139266967773,0.4522012174129486,0.2675999402999878,0.9639949798583984,0.775796115398407,0.45082423090934753,0.267143577337265,0.9748982787132263,0.7638052701950073,0.4537961781024933,0.37667399644851685,0.9310927987098694,0.7738217115402222,0.44460296630859375,0.2620231509208679,0.9319159388542175,0.7425961494445801,0.45408910512924194,0.2966625392436981,0.8292209506034851,0.7464656233787537,0.4505898952484131,0.2615859806537628,0.8292524814605713,0.7063388228416443,0.4504545032978058,0.4357496500015259,0.9443569183349609,0.7453035116195679,0.4296637177467346,0.09876074641942978,0.9967945218086243,0.7366912364959717,0.470838725566864,0.5525487661361694,0.05906585231423378,0.7899704575538635,0.445453017950058,0.016293304041028023,0.599367618560791,0.8085998296737671,0.48051154613494873,0.552878201007843,0.19305968284606934,0.8763859272003174,0.461223304271698,0.07771900296211243,0.49341699481010437,0.8169549703598022,0.47916582226753235,0.5836294293403625,0.24137714505195618,0.9016950726509094,0.46068039536476135,0.0650324672460556,0.4829636812210083,0.8304373025894165,0.48007339239120483,0.5555494427680969,0.24391819536685944,0.9044842720031738,0.45987439155578613,0.08014888316392899,0.46660614013671875,0.8295219540596008,0.481233686208725,0.5426842570304871,0.2175450325012207,0.8974816799163818,0.4590771794319153,0.08722873032093048,0.4297618865966797,0.4937407970428467,0.4408012628555298,0.15982863306999207,0.9988730549812317,0.5226590633392334,0.4278446435928345,-0.16043701767921448,0.9995310306549072,0.4975646734237671,0.542347252368927,0.12458067387342453,0.5404055118560791,0.5800676941871643,0.5131185054779053,-0.20438647270202637,0.9834923148155212,0.485050767660141,0.6156335473060608,0.08615829795598984,0.7149893641471863,0.5084733963012695,0.5913751125335693,-0.2779509127140045,0.9821872711181641,0.46747738122940063,0.6254701614379883,0.07755830883979797,0.7254837155342102,0.47586584091186523,0.6026843786239624,-0.2876579165458679,0.9635993242263794,0.542752206325531,0.647071361541748,-0.015269159339368343,0.7282401919364929,0.5547695755958557,0.6210027933120728,-0.40366366505622864,0.9533684253692627
General3,94,1,0.7811561822891235,0.4701629877090454,0.05431273579597473,0.9893416166305542,0.7965022325515747,0.46999841928482056,0.07688809186220169,0.9951142072677612,0.7961121201515198,0.46977800130844116,0.07669203728437424,0.9939272403717041,0.7956149578094482,0.4695294201374054,0.07651138305664062,0.9953746199607849,0.7990865707397461,0.46817874908447266,0.033324506133794785,0.995183527469635,0.8005414605140686,0.4666709899902344,0.033202484250068665,0.9934709072113037,0.802001953125,0.46519583463668823,0.03297901526093483,0.9944509863853455,0.7927485108375549,0.4609445333480835,0.1784653663635254,0.991223931312561,0.7997903823852539,0.4555099904537201,-0.021153323352336884,0.9906941056251526,0.7648335695266724,0.46601602435112,0.09475396573543549,0.9841815233230591,0.7682003974914551,0.46381640434265137,0.036012496799230576,0.9856488704681396,0.7285240888595581,0.4471815824508667,0.2851557731628418,0.9906732439994812,0.7466171979904175,0.43802833557128906,-0.15079164505004883,0.9983117580413818,0.6981756687164307,0.4535891115665436,0.3669396936893463,0.08670216053724289,0.708957850933075,0.4489515721797943,-0.30818963050842285,0.5572521686553955,0.7170863151550293,0.46022647619247437,0.26755356788635254,0.13982591032981873,0.6994495391845703,0.46732577681541443,-0.319313108921051,0.3767274022102356,0.7159062623977661,0.4584978520870209,0.27117469906806946,0.17606230080127716,0.6901917457580566,0.46940359473228455,-0.36002153158187866,0.36194154620170593,0.7267640233039856,0.46065840125083923,0.2275814265012741,0.17525042593479156,0.6974375247955322,0.4708017110824585,-0.32957082986831665,0.3485511243343353,0.7269266247749329,0.4630439281463623,0.24699535965919495,0.15825355052947998,0.6995437741279602,0.46948400139808655,-0.3063414990901947,0.3009607791900635,0.4856339693069458,0.44199952483177185,0.16505369544029236,0.9996651411056519,0.5247021913528442,0.4324512779712677,-0.16532093286514282,0.9994804263114929,0.495524525642395,0.559667706489563,0.14330407977104187,0.8655999898910522,0.6419384479522705,0.48855265974998474,-0.19468030333518982,0.9835542440414429,0.46867257356643677,0.6368252635002136,0.16518613696098328,0.9349579215049744,0.6381729245185852,0.5339441895484924,-0.1677856594324112,0.9790695309638977,0.4525619149208069,0.6437952518463135,0.1603085994720459,0.88979572057724,0.6206780076026917,0.5408380031585693,-0.16438403725624084,0.9297606348991394,0.5079436302185059,0.6634542346000671,0.06381746381521225,0.9100849628448486,0.6934555768966675,0.5511565804481506,-0.24936725199222565,0.9479485154151917
General3,95,0,,,,,,,,,,,,,,,,,,,,,,,,,,,,,,,,,,,,,,,,,,,,,,,,,,,,,,,,,,,,,,,,,,,,,,,,,,,,,,,,,,,,,,,,,,,,,,,,,,,,,,,,,,,,,,,,,,,,,,,,,,,,,,,,,,,,
General3,96,0,,,,,,,,,,,,,,,,,,,,,,,,,,,,,,,,,,,,,,,,,,,,,,,,,,,,,,,,,,,,,,,,,,,,,,,,,,,,,,,,,,,,,,,,,,,,,,,,,,,,,,,,,,,,,,,,,,,,,,,,,,,,,,,,,,,,
General3,97,1,0.5734976530075073,0.3788921535015106,0.6201024055480957,0.8628273010253906,0.5729116201400757,0.37918680906295776,0.6363842487335205,0.8427791595458984,0.5719766616821289,0.37970465421676636,0.6363838911056519,0.8602524995803833,0.5709903240203857,0.38020336627960205,0.6362999677658081,0.8666995167732239,0.573793888092041,0.379069447517395,0.6349557638168335,0.8454062938690186,0.5733965039253235,0.379464328289032,0.6348486542701721,0.8481561541557312,0.5727464556694031,0.3797959089279175,0.6344801783561707,0.8556554317474365,0.5763821005821228,0.3883165419101715,0.6602199673652649,0.8643741607666016,0.5683452486991882,0.383367121219635,0.6537865996360779,0.7635405659675598,0.5694388151168823,0.3849375247955322,0.6264180541038513,0.7656702995300293,0.5705793499946594,0.3847123384475708,0.6233694553375244,0.7072485089302063,0.5883308053016663,0.4135190546512604,0.6056671738624573,0.9895010590553284,0.5420607924461365,0.38747113943099976,0.5025675296783447,0.9966717958450317,0.6144606471061707,0.4504779279232025,0.5901862382888794,0.11423155665397644,0.49749356508255005,0.4083503484725952,0.3750378489494324,0.1571219265460968,0.644533097743988,0.47328799962997437,0.5593045949935913,0.10046394169330597,0.4466896653175354,0.40587809681892395,0.2782553434371948,0.07380186766386032,0.6472330093383789,0.48208490014076233,0.5653184652328491,0.1397177278995514,0.43485018610954285,0.4068971872329712,0.2834443151950836,0.10975603014230728,0.6552323698997498,0.4789651036262512,0.570479154586792,0.13881638646125793,0.43023693561553955,0.4043066203594208,0.2858152687549591,0.10961207747459412,0.6530479788780212,0.4748998284339905,0.5580586791038513,0.13248591125011444,0.4363897144794464,0.40409111976623535,0.27433326840400696,0.11707589775323868,0.5393186807632446,0.46396708488464355,0.10056152939796448,0.9984583854675293,0.5146641135215759,0.449869841337204,-0.1010589599609375,0.9991369843482971,0.6018387675285339,0.5331704020500183,-0.1558702141046524,0.8361137509346008,0.5473501086235046,0.523341953754425,-0.47033432126045227,0.9828773140907288,0.5090715885162354,0.6027655601501465,-0.26918962597846985,0.7294198870658875,0.49102139472961426,0.6144996881484985,-0.6163840889930725,0.9575168490409851,0.48460572957992554,0.610167920589447,-0.286422461271286,0.7315909266471863,0.4675041437149048,0.6195298433303833,-0.633949875831604,0.9322985410690308,0.5393236875534058,0.6343562602996826,-0.39307570457458496,0.6156603693962097,0.5272106528282166,0.6420279145240784,-0.7953210473060608,0.8879296779632568
General3,98,0,,,,,,,,,,,,,,,,,,,,,,,,,,,,,,,,,,,,,,,,,,,,,,,,,,,,,,,,,,,,,,,,,,,,,,,,,,,,,,,,,,,,,,,,,,,,,,,,,,,,,,,,,,,,,,,,,,,,,,,,,,,,,,,,,,,,
General3,99,0,,,,,,,,,,,,,,,,,,,,,,,,,,,,,,,,,,,,,,,,,,,,,,,,,,,,,,,,,,,,,,,,,,,,,,,,,,,,,,,,,,,,,,,,,,,,,,,,,,,,,,,,,,,,,,,,,,,,,,,,,,,,,,,,,,,,
General3,100,0,,,,,,,,,,,,,,,,,,,,,,,,,,,,,,,,,,,,,,,,,,,,,,,,,,,,,,,,,,,,,,,,,,,,,,,,,,,,,,,,,,,,,,,,,,,,,,,,,,,,,,,,,,,,,,,,,,,,,,,,,,,,,,,,,,,,
General3,101,1,0.726427435874939,0.47959446907043457,-0.2181582748889923,0.9895949363708496,0.7333126068115234,0.4754675328731537,-0.23758307099342346,0.9946021437644958,0.7354224920272827,0.4741070866584778,-0.23769284784793854,0.9945855736732483,0.7379704713821411,0.4727061986923218,-0.23786553740501404,0.9945112466812134,0.727287769317627,0.4818507432937622,-0.2683170437812805,0.9951246380805969,0.7260785102844238,0.4825603663921356,-0.2685511112213135,0.9953115582466125,0.7256031036376953,0.48329296708106995,-0.2687426209449768,0.9964770674705505,0.7266517877578735,0.4637250006198883,-0.2486356794834137,0.9893710613250732,0.7110652923583984,0.47667640447616577,-0.39147916436195374,0.990562379360199,0.7142500877380371,0.4714663326740265,-0.20853231847286224,0.9904414415359497,0.7074506878852844,0.4779045879840851,-0.2510024905204773,0.9934313893318176,0.6953449249267578,0.4228130578994751,-0.10953287035226822,0.9900398850440979,0.6219018697738647,0.4811856746673584,-0.40420621633529663,0.9955769777297974,0.6689783930778503,0.46149206161499023,0.018099302425980568,0.14672735333442688,0.6751053333282471,0.5096874833106995,-0.42764073610305786,0.5941949486732483,0.6905514001846313,0.4817819893360138,-0.04428740590810776,0.12413343787193298,0.7804081439971924,0.5371267795562744,-0.3728930652141571,0.42428919672966003,0.693570077419281,0.4801066815853119,-0.05051512271165848,0.13089174032211304,0.7991917133331299,0.5470466613769531,-0.4334564507007599,0.40992093086242676,0.698351263999939,0.48614856600761414,-0.1052236333489418,0.14092911779880524,0.8113739490509033,0.5371750593185425,-0.4248271882534027,0.40911489725112915,0.6948028802871704,0.4895063042640686,-0.0662224218249321,0.13821502029895782,0.8045346736907959,0.5321022868156433,-0.37149789929389954,0.3588557541370392,0.45967909693717957,0.40968605875968933,0.11789489537477493,0.9989838004112244,0.4050891399383545,0.45061761140823364,-0.11770056933164597,0.9996874332427979,0.45691540837287903,0.43501609563827515,0.32877957820892334,0.7261289358139038,0.43419817090034485,0.5450415015220642,-0.10490971803665161,0.9893379211425781,0.43331438302993774,0.4243221580982208,0.5901300311088562,0.788611888885498,0.4414166212081909,0.6422926783561707,-0.11287562549114227,0.9929747581481934,0.42215415835380554,0.42550554871559143,0.6148571372032166,0.7673136591911316,0.4177038371562958,0.6541447639465332,-0.11948241293430328,0.9804182052612305,0.45500123500823975,0.4171266555786133,0.5240501165390015,0.7640257477760315,0.5011995434761047,0.6628835201263428,-0.26785629987716675,0.983302652835846
General3,102,1,0.7330013513565063,0.4747377634048462,-0.31775131821632385,0.994583785533905,0.7430379390716553,0.4701760709285736,-0.33844128251075745,0.9963696002960205,0.7440491914749146,0.4690060615539551,-0.33852431178092957,0.9962664246559143,0.7455217838287354,0.46772491931915283,-0.3387485146522522,0.9964996576309204,0.7393143177032471,0.47239670157432556,-0.36645448207855225,0.9964841604232788,0.7374194860458374,0.47284576296806335,-0.3666679561138153,0.9964738488197327,0.7344731092453003,0.47797951102256775,-0.36686229705810547,0.9973924160003662,0.7314075231552124,0.45650655031204224,-0.3403419554233551,0.993331253528595,0.7183653712272644,0.4690185487270355,-0.4738292098045349,0.9931210875511169,0.7188668251037598,0.4692884683609009,-0.30310505628585815,0.9951958060264587,0.7137254476547241,0.4728418290615082,-0.3431367874145508,0.9968217611312866,0.6993719339370728,0.42023766040802,-0.1816180795431137,0.9920769929885864,0.6215079426765442,0.4751843214035034,-0.46682000160217285,0.9956157207489014,0.6460444927215576,0.4540403187274933,-0.005774804390966892,0.11944691836833954,0.6732245087623596,0.5088934898376465,-0.5035637021064758,0.5682795643806458,0.6563950777053833,0.47955965995788574,-0.03743482381105423,0.08634231984615326,0.7807488441467285,0.5440285801887512,-0.47539061307907104,0.36715078353881836,0.6596251726150513,0.47924426198005676,-0.03784646838903427,0.0901680514216423,0.7999366521835327,0.555168092250824,-0.5447840094566345,0.3552979826927185,0.6626044511795044,0.48561152815818787,-0.10144896805286407,0.0965941771864891,0.8131463527679443,0.5458440780639648,-0.5367953777313232,0.356716126203537,0.658656895160675,0.48851555585861206,-0.060562338680028915,0.10084138810634613,0.8058523535728455,0.5404960513114929,-0.4761563241481781,0.31553587317466736,0.46405723690986633,0.403838574886322,0.12471570819616318,0.9989989399909973,0.40215739607810974,0.44063934683799744,-0.12446939200162888,0.9996689558029175,0.442307710647583,0.4499885141849518,0.36162465810775757,0.6719835996627808,0.4189116954803467,0.5542308688163757,-0.10633079707622528,0.977048933506012,0.4262706935405731,0.44795727729797363,0.7107291221618652,0.7614491581916809,0.44530636072158813,0.6419394612312317,-0.0560135692358017,0.9880532622337341,0.4156729578971863,0.45092567801475525,0.7449222207069397,0.7257044315338135,0.43482059240341187,0.6591510772705078,-0.057602692395448685,0.9690778255462646,0.4557892978191376,0.4462435841560364,0.6515622138977051,0.6890899538993835,0.5237525701522827,0.6717666983604431,-0.21718455851078033,0.9711074829101562
General3,103,1,0.7301644682884216,0.4636160433292389,-0.21769782900810242,0.9900993704795837,0.7378518581390381,0.45942971110343933,-0.23999309539794922,0.993526816368103,0.7382915019989014,0.45723435282707214,-0.2400587946176529,0.9932833909988403,0.7386297583580017,0.45500609278678894,-0.24025483429431915,0.9935566782951355,0.7462999820709229,0.46114733815193176,-0.2653161585330963,0.9932742118835449,0.7446795701980591,0.46179500222206116,-0.26551079750061035,0.9934759736061096,0.7414361238479614,0.4680536687374115,-0.26574212312698364,0.9949796795845032,0.7229558229446411,0.44475889205932617,-0.259559690952301,0.9897386431694031,0.7235247492790222,0.4593356251716614,-0.38047945499420166,0.9897951483726501,0.7158257961273193,0.45876893401145935,-0.2113281786441803,0.9912819862365723,0.7127585411071777,0.46319669485092163,-0.2475098967552185,0.994461715221405,0.6754218339920044,0.416824072599411,-0.1105780377984047,0.9895469546318054,0.6259918212890625,0.4680609405040741,-0.39696380496025085,0.9966038465499878,0.6093567609786987,0.4371466040611267,0.07522737979888916,0.08530136942863464,0.6928041577339172,0.4992333948612213,-0.43896758556365967,0.6277474761009216,0.5975170135498047,0.45302507281303406,0.09019041061401367,0.04904092475771904,0.775188684463501,0.5270048975944519,-0.3916943669319153,0.3445071876049042,0.5925459861755371,0.45067790150642395,0.10491244494915009,0.05362934246659279,0.7902189493179321,0.5360956788063049,-0.44907346367836,0.31297385692596436,0.5955429077148438,0.45725753903388977,0.04329042136669159,0.0575028657913208,0.7978144884109497,0.5280575752258301,-0.4378940463066101,0.30931341648101807,0.595584511756897,0.4606167674064636,0.06949124485254288,0.05974285304546356,0.7915066480636597,0.5234970450401306,-0.389758437871933,0.2783448398113251,0.44675213098526,0.4012259542942047,0.12144631147384644,0.9990361928939819,0.400237500667572,0.43805989623069763,-0.12137468159198761,0.9996397495269775,0.43643227219581604,0.44686731696128845,0.3401913046836853,0.6156130433082581,0.41882678866386414,0.5481693744659424,-0.08457658439874649,0.9741204380989075,0.4135902523994446,0.44844767451286316,0.6400353908538818,0.7335934638977051,0.4419723153114319,0.641086220741272,-0.06700170785188675,0.9824343323707581,0.4021615982055664,0.4522039294242859,0.6687029004096985,0.6705555319786072,0.42135536670684814,0.6560022830963135,-0.07204541563987732,0.9581068754196167,0.44638049602508545,0.4460459053516388,0.5801403522491455,0.6392925381660461,0.5139204263687134,0.666782796382904,-0.2191390097141266,0.9541370868682861
General3,104,1,0.7152665257453918,0.48927363753318787,0.5015218257904053,0.9997747540473938,0.7233872413635254,0.4892660975456238,0.5452370047569275,0.9999014139175415,0.7214882373809814,0.4887743592262268,0.5450474619865417,0.9999068975448608,0.7194804549217224,0.4882567524909973,0.5449166297912598,0.9999147653579712,0.7301028370857239,0.48864635825157166,0.511000394821167,0.999852180480957,0.7329741716384888,0.4876782298088074,0.5109531879425049,0.9998087286949158,0.7358078956604004,0.4867967963218689,0.5108373165130615,0.9997959733009338,0.716452956199646,0.47747766971588135,0.6591916680335999,0.9999237060546875,0.7356705665588379,0.4765353500843048,0.4986552298069,0.999772846698761,0.7011748552322388,0.4821893572807312,0.5368910431861877,0.9995241165161133,0.709651529788971,0.4809202551841736,0.4892756938934326,0.999281108379364,0.6502482295036316,0.44247937202453613,0.5953112840652466,0.9997881054878235,0.706947922706604,0.45935341715812683,0.362669438123703,0.9999078512191772,0.5553399920463562,0.41967225074768066,0.52317214012146,0.20878362655639648,0.6702757477760315,0.47178760170936584,0.1014661192893982,0.2709270715713501,0.49425238370895386,0.4169621765613556,0.3694721460342407,0.4608728587627411,0.6599544286727905,0.5117316246032715,-0.05429764837026596,0.2811926007270813,0.4738767147064209,0.4110094904899597,0.3360784947872162,0.4913844168186188,0.6478151679039001,0.5248521566390991,-0.09076514840126038,0.2903169095516205,0.4815327823162079,0.4161291718482971,0.32868748903274536,0.5037010908126831,0.6594217419624329,0.522371768951416,-0.0637212023139,0.2946653366088867,0.49015486240386963,0.4197867214679718,0.36231938004493713,0.4882250130176544,0.6629779934883118,0.5147849321365356,-0.04502057284116745,0.26532718539237976,0.4751898944377899,0.4316824674606323,0.09265993535518646,0.9999864101409912,0.5117276906967163,0.43286919593811035,-0.09335236996412277,0.9999904632568359,0.4343240261077881,0.5355468988418579,0.07528689503669739,0.9225890040397644,0.5873207449913025,0.4902347922325134,-0.1318560242652893,0.972804844379425,0.4158252477645874,0.6312873363494873,-0.031131228432059288,0.963022768497467,0.4753616750240326,0.5248983502388,-0.1570265144109726,0.9646326899528503,0.37638384103775024,0.6389971971511841,-0.047073155641555786,0.9620326161384583,0.44760963320732117,0.5278239250183105,-0.16075721383094788,0.9385511875152588,0.4425143897533417,0.6540718078613281,-0.1236843466758728,0.9539062976837158,0.45868977904319763,0.5499106645584106,-0.2256220281124115,0.9236148595809937
General3,105,1,0.6970095634460449,0.4718453288078308,-0.21856695413589478,0.9993801116943359,0.7089482545852661,0.47222694754600525,-0.21248868107795715,0.9996721744537354,0.7076815366744995,0.4721052944660187,-0.21260322630405426,0.9996778964996338,0.7062618732452393,0.47197484970092773,-0.21278448402881622,0.99967360496521,0.7129898071289062,0.4708701968193054,-0.23677599430084229,0.999576985836029,0.7144911885261536,0.46966487169265747,-0.23691917955875397,0.9994854927062988,0.7159531712532043,0.4685344099998474,-0.2370404452085495,0.9995032548904419,0.6996219158172607,0.4626142382621765,-0.13042452931404114,0.9995044469833374,0.7101148366928101,0.45960089564323425,-0.24759668111801147,0.9994555115699768,0.6949604153633118,0.4649370610713959,-0.18020309507846832,0.9992535710334778,0.686192512512207,0.46485909819602966,-0.2153652161359787,0.9993240833282471,0.6416042447090149,0.4315786361694336,-0.03406638279557228,0.9992764592170715,0.6462603807449341,0.4539037048816681,-0.21516530215740204,0.9996840953826904,0.5444620251655579,0.4353746175765991,-0.00604766421020031,0.22542902827262878,0.5955164432525635,0.46349266171455383,-0.35551223158836365,0.5355751514434814,0.4790495038032532,0.45368847250938416,-0.09443023800849915,0.4043530523777008,0.5791593194007874,0.4947202801704407,-0.4230978786945343,0.3266303539276123,0.46128079295158386,0.4564209282398224,-0.10194549709558487,0.4186263084411621,0.569649875164032,0.5026500225067139,-0.4697904586791992,0.30801355838775635,0.46797773241996765,0.46043506264686584,-0.14071494340896606,0.42338451743125916,0.5812129974365234,0.49920958280563354,-0.4500678777694702,0.293256014585495,0.47160103917121887,0.46088317036628723,-0.11165133863687515,0.42907875776290894,0.5832224488258362,0.49528470635414124,-0.41855886578559875,0.2857722043991089,0.4725203514099121,0.41172948479652405,0.09114976227283478,0.9999364614486694,0.4465000033378601,0.4335976243019104,-0.0912870541214943,0.9999648332595825,0.5022590756416321,0.4446670114994049,0.15039226412773132,0.9641090631484985,0.4361499845981598,0.5258543491363525,-0.056460317224264145,0.9955718517303467,0.3991071283817291,0.46754100918769836,0.2981894910335541,0.9790995717048645,0.41568687558174133,0.632359504699707,-0.11878403276205063,0.9978546500205994,0.3826161324977875,0.4754226505756378,0.3148481249809265,0.9658201932907104,0.3517441153526306,0.6397829055786133,-0.12965306639671326,0.99189293384552,0.38693541288375854,0.471821665763855,0.2540595829486847,0.9715495109558105,0.40584108233451843,0.64875328540802,-0.2594131529331207,0.9926475286483765
General3,106,1,0.5911920070648193,0.38591325283050537,0.9679596424102783,0.388638436794281,0.5884864330291748,0.3799562454223633,0.9434362649917603,0.3967856168746948,0.5832548141479492,0.3791584372520447,0.9433630108833313,0.45046287775039673,0.5780602097511292,0.37839531898498535,0.9434171915054321,0.3769144117832184,0.6044787764549255,0.3812974691390991,0.944744884967804,0.36596131324768066,0.6105409860610962,0.3814373314380646,0.9447909593582153,0.3879052400588989,0.6166633367538452,0.38161444664001465,0.9444209337234497,0.3047421872615814,0.5682786703109741,0.372773677110672,0.7698624730110168,0.5297818183898926,0.6072961688041687,0.377685546875,0.777794361114502,0.3800440728664398,0.5786913633346558,0.38220730423927307,0.9031600952148438,0.43101194500923157,0.5915068984031677,0.38354864716529846,0.9049748778343201,0.3998667597770691,0.5197732448577881,0.3813537359237671,0.5876920223236084,0.9972401857376099,0.6554937362670898,0.3944149315357208,0.492446631193161,0.9993225336074829,0.4091387391090393,0.39930927753448486,0.4116440713405609,0.7367324829101562,0.6395632028579712,0.4129875898361206,0.2517634332180023,0.4742330014705658,0.35072022676467896,0.42069336771965027,0.27197903394699097,0.803854763507843,0.6172417402267456,0.4372669756412506,0.11118458211421967,0.1945013552904129,0.32401108741760254,0.425032377243042,0.24839414656162262,0.7694388031959534,0.6177750825881958,0.44383788108825684,0.08962531387805939,0.16308490931987762,0.34436219930648804,0.4240872859954834,0.2640586197376251,0.7515068650245667,0.6094906330108643,0.43975862860679626,0.138392835855484,0.14860481023788452,0.37287044525146484,0.4061409831047058,0.2736726701259613,0.6560731530189514,0.6058814525604248,0.43590524792671204,0.12606988847255707,0.14842593669891357,0.4822636544704437,0.4574756622314453,0.11213988065719604,0.9999637603759766,0.5581569075584412,0.45803311467170715,-0.11339237540960312,0.9999313354492188,0.4240624010562897,0.5398591756820679,-0.049395933747291565,0.9845150709152222,0.6601229310035706,0.4981003403663635,-0.2707837224006653,0.9970906972885132,0.38193774223327637,0.6313480138778687,-0.30991676449775696,0.9937273263931274,0.6065123081207275,0.5859513282775879,-0.45682424306869507,0.9954239726066589,0.36942508816719055,0.6424037218093872,-0.3464847207069397,0.9956918358802795,0.579593300819397,0.5996927618980408,-0.48412957787513733,0.9939299821853638,0.39794477820396423,0.6542616486549377,-0.4504688084125519,0.945362389087677,0.6680463552474976,0.6100388765335083,-0.5742889046669006,0.956492006778717
General3,107,1,0.5902679562568665,0.3858794569969177,0.8921412229537964,0.747758150100708,0.5877979397773743,0.3803812861442566,0.8609651327133179,0.7657697200775146,0.5831283926963806,0.37951767444610596,0.8608828186988831,0.7904181480407715,0.5773813724517822,0.3743036687374115,0.8609365224838257,0.7454190850257874,0.6028529405593872,0.3817985951900482,0.8685470223426819,0.7485974431037903,0.6087149381637573,0.3818875849246979,0.8685699105262756,0.7577990293502808,0.6146540641784668,0.38201776146888733,0.8682268857955933,0.7116163969039917,0.5687631964683533,0.3731265962123871,0.6741358637809753,0.8133578300476074,0.6060189604759216,0.3778093159198761,0.7110664248466492,0.7630606293678284,0.5777146220207214,0.38237056136131287,0.8235661387443542,0.7479807734489441,0.5899304747581482,0.38372132182121277,0.8337438106536865,0.7605189085006714,0.5364625453948975,0.37790364027023315,0.4922303557395935,0.9988712668418884,0.6555948257446289,0.3962385654449463,0.46484050154685974,0.9997120499610901,0.4139283001422882,0.3968815207481384,0.3658154308795929,0.7756099104881287,0.6292078495025635,0.4184908866882324,0.3641066551208496,0.4835388660430908,0.38234174251556396,0.3925224542617798,0.25267526507377625,0.8234811425209045,0.6038776636123657,0.43547576665878296,0.37617114186286926,0.19147488474845886,0.35906994342803955,0.3981821537017822,0.22785219550132751,0.8013364672660828,0.6061967611312866,0.44078442454338074,0.38271182775497437,0.16547340154647827,0.3725837767124176,0.3982906639575958,0.24322301149368286,0.793111264705658,0.5956447720527649,0.4355258047580719,0.4132188558578491,0.1552165150642395,0.37583351135253906,0.3984118103981018,0.25532081723213196,0.7074422240257263,0.5914514660835266,0.4321376085281372,0.3889021873474121,0.16340702772140503,0.4842919409275055,0.45807334780693054,0.09332100301980972,0.9999817609786987,0.5591661930084229,0.4587983191013336,-0.09440454095602036,0.9999722242355347,0.42424216866493225,0.539974570274353,-0.04686644300818443,0.9866651296615601,0.6613797545433044,0.5002961754798889,-0.2203882932662964,0.9977820515632629,0.3813835382461548,0.6317506432533264,-0.3018815517425537,0.9951664209365845,0.6067743301391602,0.5860832929611206,-0.39939889311790466,0.9973425269126892,0.3704654276371002,0.6426394581794739,-0.33289873600006104,0.9971634745597839,0.577781617641449,0.5995550751686096,-0.42171934247016907,0.9962373971939087,0.3942294716835022,0.6548686027526855,-0.40882185101509094,0.9465384483337402,0.6664453744888306,0.6091816425323486,-0.4820684790611267,0.9635112285614014
General3,108,1,0.6076758503913879,0.3806738555431366,0.6044570207595825,0.987514078617096,0.6142603158950806,0.3776705265045166,0.6133294105529785,0.9866967797279358,0.6139787435531616,0.37834182381629944,0.6133513450622559,0.9842527508735657,0.6136377453804016,0.37904682755470276,0.6133968234062195,0.9849724173545837,0.6168790459632874,0.37544018030166626,0.6154376268386841,0.9863908290863037,0.6184988021850586,0.37449750304222107,0.6153280735015869,0.9845351576805115,0.6201488971710205,0.3735888600349426,0.6149204969406128,0.9868813753128052,0.6043335199356079,0.3768048882484436,0.5965954661369324,0.9783516526222229,0.627539873123169,0.3725888133049011,0.6034675240516663,0.9878778457641602,0.6058322787284851,0.384642630815506,0.5952132940292358,0.9803900122642517,0.6081335544586182,0.38199615478515625,0.596962034702301,0.9849904179573059,0.59348064661026,0.40391305088996887,0.5168686509132385,0.9989149570465088,0.6093356609344482,0.3719021677970886,0.41841912269592285,0.9999593496322632,0.5552878379821777,0.44704103469848633,0.40170469880104065,0.040482670068740845,0.4951094686985016,0.37477630376815796,0.2586600184440613,0.6944035291671753,0.5186177492141724,0.4851943254470825,0.25887566804885864,0.07404521107673645,0.40492987632751465,0.38617104291915894,0.14163507521152496,0.5470141172409058,0.5040715932846069,0.49644988775253296,0.24224063754081726,0.09796633571386337,0.37345170974731445,0.3910179138183594,0.12987424433231354,0.506335973739624,0.5103170871734619,0.49595513939857483,0.23851656913757324,0.08885122835636139,0.3822377026081085,0.39523276686668396,0.13047650456428528,0.5020120143890381,0.5150135159492493,0.4909389913082123,0.2515794336795807,0.08453294634819031,0.38856595754623413,0.39520102739334106,0.13699737191200256,0.5169711112976074,0.49731743335723877,0.4627242386341095,0.10809309035539627,0.999962568283081,0.5371005535125732,0.45409658551216125,-0.10915906727313995,0.9999648332595825,0.4290964603424072,0.5427914261817932,0.029531894251704216,0.9364107251167297,0.6467596292495728,0.49707677960395813,-0.23123054206371307,0.9943694472312927,0.3837374746799469,0.6276226043701172,-0.23561619222164154,0.9832420349121094,0.6024962663650513,0.5843114256858826,-0.4256979823112488,0.9940593242645264,0.3721523880958557,0.639102578163147,-0.2720937728881836,0.9819381237030029,0.5726215243339539,0.5972355604171753,-0.4501027464866638,0.9816150069236755,0.40322738885879517,0.6494832634925842,-0.3877398371696472,0.9559783935546875,0.6528528332710266,0.6095309257507324,-0.5506539344787598,0.9790990352630615
General3,109,1,0.6027649641036987,0.391306072473526,0.7554478645324707,0.44918322563171387,0.6061257719993591,0.3857637345790863,0.7342350482940674,0.5408779382705688,0.5919271111488342,0.38045188784599304,0.7340633869171143,0.5803696513175964,0.5822859406471252,0.3773447573184967,0.7339147329330444,0.5317843556404114,0.6155214905738831,0.38846826553344727,0.727935254573822,0.5443353056907654,0.6188381314277649,0.38917797803878784,0.7280699610710144,0.5447461605072021,0.6222403049468994,0.38994598388671875,0.7277988791465759,0.5004659295082092,0.5843096375465393,0.3784250020980835,0.5946940779685974,0.5782085657119751,0.625807523727417,0.3925215005874634,0.5719260573387146,0.5573833584785461,0.5879545211791992,0.387290358543396,0.7065290212631226,0.40829750895500183,0.6033456921577454,0.3953089118003845,0.6994329690933228,0.3962084650993347,0.5375960469245911,0.38133934140205383,0.4842927157878876,0.9932122230529785,0.6423499584197998,0.4176377058029175,0.34196341037750244,0.9993159770965576,0.42938458919525146,0.378587007522583,0.3325350880622864,0.3880797028541565,0.6431397199630737,0.46193426847457886,0.20007537305355072,0.9464023113250732,0.35786181688308716,0.3880023658275604,0.13238447904586792,0.712013840675354,0.6663267612457275,0.5095918774604797,0.18092681467533112,0.8478620648384094,0.3314038813114166,0.38528501987457275,0.103060282766819,0.7500490546226501,0.6774171590805054,0.522711455821991,0.16283200681209564,0.8043822646141052,0.3443925976753235,0.3845079243183136,0.11390794068574905,0.7402628660202026,0.6770657300949097,0.519650936126709,0.20328274369239807,0.7778918147087097,0.35791581869125366,0.38612717390060425,0.13140100240707397,0.6706351041793823,0.6649944186210632,0.5151436924934387,0.19747470319271088,0.7412433624267578,0.47991371154785156,0.4508896768093109,0.1018311008810997,0.9999184608459473,0.5526639819145203,0.4540233910083771,-0.10254602134227753,0.9998446702957153,0.4191585183143616,0.5366878509521484,0.02339368686079979,0.9524155855178833,0.6402466297149658,0.5023055076599121,-0.09951280057430267,0.993425726890564,0.3615427315235138,0.6257011890411377,-0.055182911455631256,0.9826167225837708,0.6219638586044312,0.5884073972702026,-0.15269772708415985,0.9880818128585815,0.34524571895599365,0.6363131403923035,-0.06937596201896667,0.9829870462417603,0.5964849591255188,0.602074921131134,-0.16192765533924103,0.9786481857299805,0.38456791639328003,0.6528982520103455,-0.16470512747764587,0.9501392245292664,0.6847827434539795,0.610601007938385,-0.23709194362163544,0.9443459510803223
General3,110,1,0.608730673789978,0.39515891671180725,0.7908585667610168,0.35409441590309143,0.6125980615615845,0.3898627460002899,0.7732974886894226,0.4314700961112976,0.6089133024215698,0.3887767791748047,0.773145318031311,0.4595741927623749,0.594832181930542,0.38145381212234497,0.7729917764663696,0.4318793714046478,0.6223812103271484,0.3921394348144531,0.7638676762580872,0.44962361454963684,0.6257256269454956,0.3925955295562744,0.7640132308006287,0.4302351176738739,0.6291733384132385,0.3931094706058502,0.7637444138526917,0.4042290449142456,0.5805584192276001,0.3823789358139038,0.6414296627044678,0.4520731568336487,0.6304221153259277,0.39435097575187683,0.6037393808364868,0.42200183868408203,0.590570330619812,0.38825178146362305,0.7439669370651245,0.2951391637325287,0.6074154376983643,0.39796969294548035,0.7325717210769653,0.2927459478378296,0.5365520715713501,0.3817816972732544,0.5106400847434998,0.9914537668228149,0.6396411657333374,0.41509148478507996,0.3804093301296234,0.9991558790206909,0.4220527112483978,0.38217830657958984,0.3486814796924591,0.29394590854644775,0.6406420469284058,0.4597283601760864,0.24629978835582733,0.8766091465950012,0.3546568751335144,0.3919394612312317,0.14380699396133423,0.6289918422698975,0.6595596075057983,0.5101909041404724,0.23478513956069946,0.761622965335846,0.3284466564655304,0.38944879174232483,0.11194407194852829,0.6838268637657166,0.6715503931045532,0.5203122496604919,0.2189616709947586,0.7256661653518677,0.34084874391555786,0.3882349133491516,0.12656636536121368,0.6706491112709045,0.6777616143226624,0.5185287594795227,0.25865715742111206,0.6971129775047302,0.35474279522895813,0.3897216320037842,0.14386621117591858,0.5985233187675476,0.6614487171173096,0.5148687958717346,0.251371294260025,0.6484218835830688,0.4777824282646179,0.4506198763847351,0.09520749002695084,0.9999213218688965,0.5465181469917297,0.450951486825943,-0.09588293731212616,0.9998517036437988,0.4206732511520386,0.5429388880729675,0.022631019353866577,0.9518939256668091,0.6393628716468811,0.5024500489234924,-0.13079218566417694,0.9918671250343323,0.3623855412006378,0.6275851726531982,-0.05809357762336731,0.9833356142044067,0.6216652393341064,0.5883627533912659,-0.1776333898305893,0.9865191578865051,0.34523987770080566,0.637630045413971,-0.07239867746829987,0.9840726256370544,0.5959162712097168,0.601314127445221,-0.1857975721359253,0.9746410846710205,0.3861030340194702,0.654852569103241,-0.1689341813325882,0.9502347707748413,0.6789816617965698,0.6079519987106323,-0.26581043004989624,0.9361277222633362
General3,111,1,0.6029680967330933,0.40117347240448,0.6947416663169861,0.2667025327682495,0.6015774011611938,0.391743928194046,0.6818153262138367,0.3357047140598297,0.590408444404602,0.38798314332962036,0.6817312240600586,0.3611184358596802,0.5893291234970093,0.38766738772392273,0.681600034236908,0.34726405143737793,0.6144580841064453,0.3980846405029297,0.6685718894004822,0.3546244204044342,0.6170742511749268,0.3982939124107361,0.6686611175537109,0.3373251259326935,0.6197452545166016,0.39854931831359863,0.6683704853057861,0.3255891799926758,0.5880729556083679,0.3882591724395752,0.5937712788581848,0.3666403293609619,0.6230721473693848,0.3991940915584564,0.5379269123077393,0.3670816421508789,0.5956593155860901,0.3976673483848572,0.6658869981765747,0.2886675000190735,0.6029573678970337,0.40380072593688965,0.6489865779876709,0.29421794414520264,0.5400912165641785,0.39169013500213623,0.5244662165641785,0.9865228533744812,0.6348075866699219,0.41679298877716064,0.3243933916091919,0.9984152317047119,0.5033060908317566,0.4041118919849396,0.4027370810508728,0.050291843712329865,0.6340054869651794,0.46032923460006714,0.21155065298080444,0.7214492559432983,0.5080289244651794,0.4056631624698639,0.24683663249015808,0.1854521483182907,0.6417710781097412,0.5004801154136658,0.22626882791519165,0.27804768085479736,0.5023541450500488,0.4023756682872772,0.22255821526050568,0.26504263281822205,0.6618547439575195,0.513494074344635,0.21673068404197693,0.2783375680446625,0.5180893540382385,0.40318745374679565,0.24230368435382843,0.2563391923904419,0.6535502672195435,0.5073409676551819,0.24562446773052216,0.25727880001068115,0.5228705406188965,0.4048260450363159,0.24864190816879272,0.22712963819503784,0.6416088342666626,0.5034850835800171,0.23947079479694366,0.2469111531972885,0.4807981252670288,0.4510282278060913,0.1161007285118103,0.9998072981834412,0.5339787006378174,0.4554527997970581,-0.11667953431606293,0.9996004700660706,0.42120349407196045,0.5412797331809998,-0.009380105882883072,0.9490178823471069,0.6042596101760864,0.5072219371795654,-0.16019676625728607,0.9924449324607849,0.3613598644733429,0.6303790211677551,-0.1344779133796692,0.9816179871559143,0.623615562915802,0.5872828960418701,-0.27430593967437744,0.9884212017059326,0.3451937437057495,0.6393283605575562,-0.15388259291648865,0.9847803115844727,0.5999336242675781,0.5998616814613342,-0.2912505269050598,0.9774927496910095,0.3837178349494934,0.6555833220481873,-0.24612928926944733,0.9488920569419861,0.6849639415740967,0.6079645752906799,-0.375638872385025,0.949602484703064
General3,112,1,0.6468542814254761,0.4228702187538147,0.6416081786155701,0.8460723757743835,0.644033670425415,0.41871869564056396,0.6239190697669983,0.9024567604064941,0.6419413089752197,0.4183776378631592,0.6237356066703796,0.9032471179962158,0.6402063369750977,0.417990505695343,0.6236047744750977,0.9034860730171204,0.6551528573036194,0.42240095138549805,0.6096321940422058,0.9262712597846985,0.661137580871582,0.42049503326416016,0.6097077131271362,0.9034240245819092,0.6633656620979309,0.4203634262084961,0.609495222568512,0.9069589972496033,0.6370439529418945,0.4165031909942627,0.5253612399101257,0.9266152381896973,0.6622191667556763,0.42325007915496826,0.4659116566181183,0.9103536009788513,0.6358473300933838,0.42343148589134216,0.6119591593742371,0.863978385925293,0.6416006088256836,0.42297154664993286,0.5940590500831604,0.8703328967094421,0.5527085065841675,0.40236392617225647,0.4324083626270294,0.994347870349884,0.6582561135292053,0.43714335560798645,0.27828532457351685,0.9993304014205933,0.4674737751483917,0.3684218227863312,0.3167939782142639,0.9306021928787231,0.6722761392593384,0.47099125385284424,0.18540343642234802,0.8906667828559875,0.44838449358940125,0.35142087936401367,0.17750521004199982,0.8606757521629333,0.6672286987304688,0.49426767230033875,0.17154347896575928,0.5744984149932861,0.4231463372707367,0.34647589921951294,0.14536738395690918,0.8166235089302063,0.6697081327438354,0.5008763670921326,0.15338881313800812,0.507999062538147,0.42795151472091675,0.34909918904304504,0.16073857247829437,0.8059758543968201,0.665817379951477,0.49785542488098145,0.18269486725330353,0.48827990889549255,0.43833601474761963,0.35355448722839355,0.17823415994644165,0.7500172257423401,0.6644651889801025,0.4950793981552124,0.1841428279876709,0.4488583505153656,0.4674704074859619,0.4534553587436676,0.1308094561100006,0.9999674558639526,0.5401917099952698,0.45397794246673584,-0.13148711621761322,0.9998924732208252,0.41125985980033875,0.5421345829963684,0.09531836211681366,0.9480685591697693,0.6627866625785828,0.5050813555717468,-0.11065757274627686,0.9917541742324829,0.3351188004016876,0.6218381524085999,0.1193121075630188,0.9873512387275696,0.6395936608314514,0.5935066938400269,-0.06253422796726227,0.9875970482826233,0.31040698289871216,0.6292704939842224,0.1210257038474083,0.9833383560180664,0.6204845309257507,0.6076399087905884,-0.05860690400004387,0.9716749787330627,0.3542737364768982,0.649187445640564,0.05043604597449303,0.9605304002761841,0.7179105877876282,0.6126386523246765,-0.12231699377298355,0.9478601813316345
General3,113,1,0.6515365839004517,0.4259195029735565,0.6150306463241577,0.7757488489151001,0.6507123708724976,0.4240878224372864,0.6002702713012695,0.8426591753959656,0.6487950682640076,0.4237165153026581,0.6000913381576538,0.8473320007324219,0.6473877429962158,0.4233829379081726,0.5999866127967834,0.8447073698043823,0.6562103629112244,0.42462897300720215,0.5859531164169312,0.881327748298645,0.6624948978424072,0.42223769426345825,0.5859946012496948,0.8505038619041443,0.6697754859924316,0.42494189739227295,0.5857797265052795,0.8548815250396729,0.638290286064148,0.41881564259529114,0.509513258934021,0.8869361281394958,0.6672725677490234,0.42556869983673096,0.4493403434753418,0.8534838557243347,0.6407068967819214,0.4264513850212097,0.5878550410270691,0.800373911857605,0.6473325490951538,0.42846471071243286,0.5697110891342163,0.8046184778213501,0.5563625693321228,0.40350210666656494,0.4264534115791321,0.9909720420837402,0.664706826210022,0.437437504529953,0.2667434811592102,0.9993273019790649,0.4660480320453644,0.3710847496986389,0.33729442954063416,0.9243029952049255,0.6706926226615906,0.4678480923175812,0.19726134836673737,0.8987576961517334,0.4437927305698395,0.35154014825820923,0.23364390432834625,0.8526767492294312,0.659547746181488,0.4909084737300873,0.21281662583351135,0.6085420846939087,0.4198008179664612,0.34886831045150757,0.2097809612751007,0.802121102809906,0.6606065034866333,0.49776631593704224,0.19783291220664978,0.5337904095649719,0.4206528961658478,0.3499465584754944,0.22348299622535706,0.7875562906265259,0.6565389037132263,0.494323194026947,0.23026832938194275,0.5094942450523376,0.43007057905197144,0.35422730445861816,0.23497210443019867,0.7282620668411255,0.6554552912712097,0.49143749475479126,0.22714564204216003,0.4620797038078308,0.47073739767074585,0.45448315143585205,0.1307651549577713,0.9999575614929199,0.545768141746521,0.4570537209510803,-0.1313541978597641,0.9998739957809448,0.4119511544704437,0.5416989922523499,0.08292917162179947,0.9533613324165344,0.6675937175750732,0.5047078132629395,-0.12931574881076813,0.9943404197692871,0.3361934423446655,0.6219944953918457,0.10879872739315033,0.9869089722633362,0.6430199146270752,0.5916563272476196,-0.08451317995786667,0.9898382425308228,0.31354284286499023,0.6304613947868347,0.11059170961380005,0.9832558631896973,0.6206536293029785,0.6074389219284058,-0.08121634274721146,0.9743852019309998,0.35394322872161865,0.648170530796051,0.03911786153912544,0.9608550667762756,0.7217578887939453,0.6116455793380737,-0.15093813836574554,0.9591290354728699
General3,114,1,0.6556664705276489,0.42666828632354736,0.6226986646652222,0.614108145236969,0.6537769436836243,0.42540088295936584,0.604535698890686,0.7278590798377991,0.6520988345146179,0.42485466599464417,0.6043411493301392,0.7249393463134766,0.6461551785469055,0.4213187098503113,0.604209303855896,0.7408434748649597,0.658745288848877,0.4263504147529602,0.5910807847976685,0.7805174589157104,0.6603067517280579,0.42624974250793457,0.5911398530006409,0.7194786071777344,0.6668028831481934,0.42362961173057556,0.5909349322319031,0.7436251640319824,0.6431293487548828,0.41979944705963135,0.5039602518081665,0.8001047372817993,0.6611658930778503,0.42416149377822876,0.44902271032333374,0.7385948300361633,0.6411693692207336,0.4260188937187195,0.5928885340690613,0.712937593460083,0.6486994028091431,0.4296204149723053,0.5762206315994263,0.7104004621505737,0.5633494853973389,0.40159210562705994,0.4199628233909607,0.991465151309967,0.6609389781951904,0.4395756721496582,0.2709849774837494,0.999138355255127,0.4802408218383789,0.36691150069236755,0.32972452044487,0.9259609580039978,0.6671575903892517,0.47329309582710266,0.20771557092666626,0.8683899641036987,0.4494926333427429,0.3501690626144409,0.2299170047044754,0.8306416869163513,0.6592918038368225,0.49830785393714905,0.2379649430513382,0.5052728652954102,0.4246273338794708,0.34677833318710327,0.2031286358833313,0.7765539884567261,0.661016583442688,0.5055651664733887,0.22236470878124237,0.4403342604637146,0.42646414041519165,0.3477438986301422,0.21616077423095703,0.7568110823631287,0.6576154232025146,0.5022101998329163,0.2503366768360138,0.41250064969062805,0.4360528886318207,0.35191816091537476,0.23094573616981506,0.6912002563476562,0.6564303636550903,0.499278724193573,0.2507213354110718,0.38078320026397705,0.47207194566726685,0.45416900515556335,0.13232772052288055,0.9999446868896484,0.5465076565742493,0.45688050985336304,-0.13296036422252655,0.9998242259025574,0.4163634181022644,0.5416662096977234,0.06653062254190445,0.9482917785644531,0.6708138585090637,0.5038440227508545,-0.14945927262306213,0.9909047484397888,0.3358069062232971,0.6203140020370483,0.08766139298677444,0.9831647276878357,0.6470018625259399,0.5915148258209229,-0.11963626742362976,0.9841402769088745,0.31373870372772217,0.6263643503189087,0.08865617215633392,0.9798114895820618,0.6245640516281128,0.6076399683952332,-0.1180664673447609,0.9666253924369812,0.34911152720451355,0.6475104689598083,0.013303762301802635,0.9491344690322876,0.719110906124115,0.6125336289405823,-0.19005240499973297,0.9422018527984619
General3,115,1,0.6691378951072693,0.47337397933006287,0.4844995439052582,0.9991299510002136,0.7007112503051758,0.4725385010242462,0.4952855706214905,0.9996984004974365,0.7002206444740295,0.4721226096153259,0.49513453245162964,0.9997304081916809,0.6989461183547974,0.471305251121521,0.49504396319389343,0.9996289014816284,0.7001957893371582,0.47307339310646057,0.4549281597137451,0.9996685981750488,0.7045263051986694,0.4732666611671448,0.4550369083881378,0.9996228218078613,0.7035852670669556,0.4727783203125,0.454990953207016,0.9994619488716125,0.6884464025497437,0.4608663022518158,0.4993409216403961,0.9997655749320984,0.6896786689758301,0.46393316984176636,0.31862515211105347,0.9996298551559448,0.6779088377952576,0.4705057144165039,0.49107813835144043,0.9991437196731567,0.6766092777252197,0.47076845169067383,0.43709829449653625,0.9986810088157654,0.6230654120445251,0.4194765090942383,0.528647243976593,0.9998891353607178,0.6469337940216064,0.4672786295413971,0.11538748443126678,0.9999592304229736,0.5624150037765503,0.37239834666252136,0.5213147401809692,0.8892722129821777,0.5553402304649353,0.4944762885570526,0.0031652268953621387,0.9187411069869995,0.47886672616004944,0.3445367217063904,0.47371822595596313,0.9464654922485352,0.4703174829483032,0.5324338674545288,0.039538200944662094,0.9122173190116882,0.4520561397075653,0.33148521184921265,0.4781671464443207,0.9266474843025208,0.45283716917037964,0.5414844155311584,-0.0007230591727420688,0.888943076133728,0.45521485805511475,0.33417922258377075,0.4545144736766815,0.9221879243850708,0.4507753252983093,0.5433106422424316,0.049453672021627426,0.886219322681427,0.45770007371902466,0.3321790099143982,0.4642118215560913,0.8977424502372742,0.4558876156806946,0.5405873656272888,0.061883024871349335,0.8443673253059387,0.47841015458106995,0.4335978329181671,0.19327935576438904,0.9999996423721313,0.5199072957038879,0.4518387019634247,-0.19395706057548523,0.9999973773956299,0.45331501960754395,0.5390104651451111,0.24591879546642303,0.9717127680778503,0.6498494148254395,0.5183740258216858,-0.02938399277627468,0.9983946681022644,0.3168585002422333,0.6156188249588013,0.39877668023109436,0.9943126440048218,0.6575351357460022,0.5973010063171387,0.09322356432676315,0.9989965558052063,0.29760122299194336,0.6165136098861694,0.4138765335083008,0.9902183413505554,0.6458756327629089,0.6028632521629333,0.10991173982620239,0.9940920472145081,0.3498270511627197,0.6464924812316895,0.34496623277664185,0.988125205039978,0.7302063703536987,0.6148553490638733,0.047911033034324646,0.9958775043487549
General3,116,1,0.6655155420303345,0.4734727442264557,0.5017675161361694,0.999138593673706,0.6967363953590393,0.47203516960144043,0.5167160630226135,0.9996805191040039,0.6961601972579956,0.47166720032691956,0.516578197479248,0.999717652797699,0.6949253082275391,0.47098109126091003,0.5165197253227234,0.9996236562728882,0.6964266300201416,0.47260937094688416,0.47414112091064453,0.9996446371078491,0.6958305239677429,0.4725160598754883,0.47426071763038635,0.9995830655097961,0.6945915222167969,0.47205644845962524,0.474200576543808,0.9993797540664673,0.6781822443008423,0.46109041571617126,0.5264864563941956,0.9997188448905945,0.6859026551246643,0.4638805091381073,0.33670198917388916,0.9995107650756836,0.6720829010009766,0.4703805148601532,0.5087930560112,0.9989013671875,0.6713100671768188,0.4707637131214142,0.4520399570465088,0.9982519745826721,0.6172980666160583,0.41728100180625916,0.5405194163322449,0.9998107552528381,0.6524507403373718,0.46581119298934937,0.1271231770515442,0.9999052286148071,0.5618702173233032,0.36884117126464844,0.49648386240005493,0.9047842025756836,0.5751800537109375,0.4914553463459015,-0.007281168829649687,0.9210671186447144,0.4783354103565216,0.34204238653182983,0.4007706642150879,0.9599898457527161,0.505384624004364,0.529703676700592,0.008341685868799686,0.9110736846923828,0.45102882385253906,0.3316737115383148,0.3969036638736725,0.9435556530952454,0.49098557233810425,0.5388513207435608,-0.03147729113698006,0.8910717368125916,0.4547279477119446,0.3345203399658203,0.3752813935279846,0.9400646090507507,0.48955246806144714,0.5406174063682556,0.02081894315779209,0.8896307945251465,0.4573126435279846,0.33090075850486755,0.3903866112232208,0.9161503314971924,0.4939028322696686,0.5376225113868713,0.03151344135403633,0.8386932015419006,0.4745301902294159,0.4317214787006378,0.19206704199314117,0.9999992847442627,0.5264893770217896,0.4501522183418274,-0.19290724396705627,0.9999942779541016,0.42113298177719116,0.5319166779518127,0.21928651630878448,0.9828184247016907,0.6608684062957764,0.5083178281784058,-0.03563185781240463,0.9988337159156799,0.31086790561676025,0.6152670383453369,0.3622038662433624,0.9973959922790527,0.6559875011444092,0.5930171012878418,0.08022069185972214,0.9991366267204285,0.2850704789161682,0.6171402335166931,0.37467122077941895,0.9942438006401062,0.6465462446212769,0.5954596996307373,0.09430055320262909,0.994276225566864,0.3198130130767822,0.650900661945343,0.2920059859752655,0.9943576455116272,0.7320766448974609,0.611565113067627,0.030131272971630096,0.9965121150016785
General3,117,1,0.6651893854141235,0.47679516673088074,0.4779166281223297,0.9976019263267517,0.6973249912261963,0.47668924927711487,0.49026748538017273,0.9989780187606812,0.6968066692352295,0.47623205184936523,0.4901598393917084,0.9992201328277588,0.6950579881668091,0.470571368932724,0.49018022418022156,0.9987255930900574,0.6972955465316772,0.4775427281856537,0.45220649242401123,0.9989062547683716,0.6968969702720642,0.47764503955841064,0.45224234461784363,0.9989626407623291,0.6960245370864868,0.4774724543094635,0.4521544873714447,0.9981416463851929,0.683868408203125,0.46186646819114685,0.5081876516342163,0.9990918636322021,0.6887875199317932,0.4707234501838684,0.33451706171035767,0.9986138343811035,0.673368513584137,0.47114601731300354,0.4886159300804138,0.9967818260192871,0.6725781559944153,0.4718002676963806,0.4365304410457611,0.9954142570495605,0.6082649230957031,0.4208472669124603,0.5259396433830261,0.9997120499610901,0.6531670093536377,0.47245126962661743,0.14259077608585358,0.9998996257781982,0.5534422993659973,0.36890849471092224,0.4722873568534851,0.9452101588249207,0.6178117990493774,0.49571681022644043,-0.09066912531852722,0.9229462742805481,0.4615229070186615,0.33400827646255493,0.35308870673179626,0.988239049911499,0.5965341329574585,0.5282579660415649,-0.2675909399986267,0.9081807136535645,0.4503021240234375,0.33204957842826843,0.3378148078918457,0.9861974120140076,0.5896748304367065,0.5373449325561523,-0.33743125200271606,0.9175049066543579,0.44943666458129883,0.33466988801956177,0.3106718063354492,0.9856184124946594,0.5916916131973267,0.5379626750946045,-0.282444030046463,0.9153538942337036,0.4550630450248718,0.33017051219940186,0.33934077620506287,0.9792788028717041,0.5938984155654907,0.5344302654266357,-0.25033509731292725,0.8888634443283081,0.46384334564208984,0.4353007972240448,0.18196962773799896,0.9999996423721313,0.5181872248649597,0.45528560876846313,-0.18264955282211304,0.9999973773956299,0.4109175205230713,0.5370597243309021,0.21649791300296783,0.9907938838005066,0.6605769991874695,0.5109812021255493,-0.009796199388802052,0.9987592697143555,0.31087973713874817,0.6165781021118164,0.37127622961997986,0.9991256594657898,0.6552409529685974,0.5909932851791382,0.10571014881134033,0.9994218349456787,0.28636372089385986,0.619580864906311,0.3826726973056793,0.9980941414833069,0.6382138133049011,0.605259120464325,0.11429031193256378,0.996383547782898,0.32457494735717773,0.6532450318336487,0.28842854499816895,0.9984049201011658,0.7317997813224792,0.6094820499420166,0.026726968586444855,0.9978846907615662
General3,118,1,0.6764922142028809,0.445435106754303,0.20911453664302826,0.9066452980041504,0.681210994720459,0.4405430555343628,0.18428348004817963,0.9514545798301697,0.6793202757835388,0.43557342886924744,0.18407946825027466,0.9582962393760681,0.6790961623191833,0.43431252241134644,0.1839480996131897,0.9522899389266968,0.6808992624282837,0.44308751821517944,0.16484923660755157,0.9429012537002563,0.6807743310928345,0.443166583776474,0.16473999619483948,0.937292218208313,0.6807471513748169,0.44320788979530334,0.16466407477855682,0.927956223487854,0.6705267429351807,0.4277327358722687,0.10364814102649689,0.9726907014846802,0.6764594316482544,0.4419425129890442,0.017477141693234444,0.946367084980011,0.6635895371437073,0.44275155663490295,0.18869274854660034,0.9553704261779785,0.6645877361297607,0.44834479689598083,0.16264070570468903,0.9460461139678955,0.5988694429397583,0.3962031900882721,0.1348324716091156,0.9983721375465393,0.6415401101112366,0.4563804268836975,-0.07472788542509079,0.9989522695541382,0.5610580444335938,0.35944902896881104,0.16477711498737335,0.9852529168128967,0.6358745098114014,0.5040904879570007,-0.023682547733187675,0.8326637148857117,0.48405763506889343,0.3277471661567688,0.17939868569374084,0.9525506496429443,0.6301499605178833,0.5155378580093384,0.17644278705120087,0.3868592083454132,0.461823433637619,0.3202754855155945,0.16877390444278717,0.9153275489807129,0.6265885233879089,0.5212941765785217,0.18151387572288513,0.336286723613739,0.4588678181171417,0.32479995489120483,0.16692975163459778,0.9098654389381409,0.6270125508308411,0.5143097639083862,0.19916380941867828,0.3282092809677124,0.4649682939052582,0.3296959400177002,0.17902106046676636,0.8640083074569702,0.6298586130142212,0.5117336511611938,0.18964795768260956,0.3266848027706146,0.47591567039489746,0.4469691812992096,0.14655627310276031,0.9999737739562988,0.5282007455825806,0.45827507972717285,-0.146652489900589,0.999846339225769,0.41772717237472534,0.5364252924919128,-0.017629262059926987,0.9918338060379028,0.6515969634056091,0.5181387066841125,-0.15359985828399658,0.9962886571884155,0.2957810163497925,0.607703685760498,0.09193345159292221,0.997530996799469,0.6657733917236328,0.6085711717605591,-0.05845212563872337,0.9961829781532288,0.26332059502601624,0.6065147519111633,0.10255181789398193,0.9967092275619507,0.6501427292823792,0.6232010722160339,-0.048207540065050125,0.9875385761260986,0.2887813150882721,0.6404008865356445,-0.014334652572870255,0.9905565977096558,0.6719233989715576,0.6299384832382202,-0.13953793048858643,0.9845608472824097
General3,119,1,0.6713382601737976,0.4430273175239563,0.3247901201248169,0.9771943688392639,0.6752640008926392,0.4386894702911377,0.30908897519111633,0.989965558052063,0.6747606992721558,0.43755361437797546,0.30889564752578735,0.9902651309967041,0.6741571426391602,0.43666425347328186,0.30873385071754456,0.9898800849914551,0.6791990995407104,0.4392164647579193,0.28760865330696106,0.99167799949646,0.6813498735427856,0.4422956705093384,0.2875751256942749,0.9896899461746216,0.6820587515830994,0.4422615170478821,0.28752535581588745,0.9889901876449585,0.6700844764709473,0.4325907230377197,0.24064695835113525,0.9947953820228577,0.6744464635848999,0.43915578722953796,0.14598454535007477,0.9923424124717712,0.6607011556625366,0.44464555382728577,0.30818644165992737,0.9849351644515991,0.6611541509628296,0.44593048095703125,0.27979087829589844,0.9865450263023376,0.591853141784668,0.3968149423599243,0.22535133361816406,0.9985125660896301,0.6482124328613281,0.45196712017059326,0.018359819427132607,0.9996566772460938,0.554194450378418,0.3596632182598114,0.22399607300758362,0.9896541237831116,0.6349269151687622,0.5017438530921936,0.02944648638367653,0.9355689883232117,0.49415192008018494,0.32907548546791077,0.26344582438468933,0.9301358461380005,0.5918813347816467,0.5352120399475098,0.20653854310512543,0.4450007677078247,0.46652308106422424,0.323345422744751,0.2606072723865509,0.8725271821022034,0.5830064415931702,0.5456098318099976,0.20980869233608246,0.3257213830947876,0.46427643299102783,0.32624632120132446,0.2660095691680908,0.8604850769042969,0.5833604335784912,0.5427388548851013,0.24528111517429352,0.304858922958374,0.4718327224254608,0.33073151111602783,0.2664804756641388,0.8056617379188538,0.587403416633606,0.5392531156539917,0.226250559091568,0.2961536943912506,0.4798780679702759,0.4492993950843811,0.15331372618675232,0.9999881982803345,0.5417662858963013,0.46057000756263733,-0.15365691483020782,0.9999279975891113,0.41239848732948303,0.5407121181488037,0.07308946549892426,0.9878992438316345,0.6747376322746277,0.5149677395820618,-0.10203583538532257,0.9958875775337219,0.29689234495162964,0.607150137424469,0.19232869148254395,0.9961870312690735,0.6684320569038391,0.6037251949310303,0.04780055209994316,0.9940063953399658,0.2649686336517334,0.6073745489120483,0.2065587341785431,0.9955379962921143,0.660230815410614,0.6217095255851746,0.06571923196315765,0.9831185936927795,0.2913902699947357,0.6430315971374512,0.1265404373407364,0.9850265383720398,0.7488987445831299,0.615946888923645,0.013235011138021946,0.9751061201095581
General3,120,1,0.6763803958892822,0.43845221400260925,0.16718606650829315,0.6160504221916199,0.6794690489768982,0.4331773817539215,0.14338362216949463,0.7935221791267395,0.6794904470443726,0.43248239159584045,0.1431204080581665,0.8010444045066833,0.679507315158844,0.4320024847984314,0.1429571509361267,0.8191649317741394,0.6799015998840332,0.43686866760253906,0.13543212413787842,0.8119257092475891,0.6795005202293396,0.43707194924354553,0.1353427767753601,0.7579381465911865,0.6792618036270142,0.43742793798446655,0.135306715965271,0.7754743099212646,0.6695907115936279,0.4272599220275879,0.0821785032749176,0.8900507092475891,0.6710698008537292,0.4393395185470581,0.04452963545918465,0.8139734864234924,0.6627826690673828,0.43782150745391846,0.15577717125415802,0.8546745777130127,0.6618083715438843,0.43900012969970703,0.1437167376279831,0.8719426393508911,0.6029941439628601,0.4044511318206787,0.07062168419361115,0.9974161386489868,0.6536354422569275,0.4620930254459381,0.02044069766998291,0.9976863861083984,0.5747438669204712,0.3605440557003021,0.006214672699570656,0.9948334693908691,0.6418077945709229,0.47852662205696106,-0.08735892176628113,0.13543646037578583,0.517390787601471,0.3206045627593994,-0.04917227849364281,0.9870778322219849,0.6413091421127319,0.4885473847389221,-0.18288926780223846,0.05308615043759346,0.48790305852890015,0.31532126665115356,-0.08003678172826767,0.9783840179443359,0.6401250958442688,0.4934595227241516,-0.21943975985050201,0.07711971551179886,0.48756396770477295,0.31616079807281494,-0.07478775084018707,0.9760689735412598,0.639432430267334,0.4881930351257324,-0.1853068321943283,0.0710742399096489,0.49372410774230957,0.31814831495285034,-0.0470658577978611,0.9559209942817688,0.6417909264564514,0.4860561788082123,-0.17250636219978333,0.0752519890666008,0.4990822374820709,0.4541753828525543,0.11718818545341492,0.9999699592590332,0.5503953099250793,0.47222405672073364,-0.11732925474643707,0.9999194145202637,0.40881749987602234,0.5370581746101379,0.04097583517432213,0.9723228216171265,0.6459958553314209,0.5319227576255798,-0.24920658767223358,0.9886766672134399,0.2911302447319031,0.5987669825553894,0.21928474307060242,0.991449773311615,0.6680962443351746,0.611034095287323,-0.14942488074302673,0.993643045425415,0.2656059265136719,0.6005968451499939,0.23816059529781342,0.9875150918960571,0.6590766906738281,0.628732442855835,-0.1400403529405594,0.9813150763511658,0.2750723659992218,0.6356952786445618,0.11288393288850784,0.9729596376419067,0.7319949865341187,0.6264222860336304,-0.2743110656738281,0.9809355735778809
General3,121,1,0.67244553565979,0.43064674735069275,0.38035598397254944,0.8778553009033203,0.6793640851974487,0.4260646402835846,0.3553261458873749,0.9614246487617493,0.6784746646881104,0.425027072429657,0.3550773859024048,0.9607993960380554,0.676751434803009,0.4245089888572693,0.35492661595344543,0.9657397866249084,0.6813732385635376,0.42939791083335876,0.34912723302841187,0.9577388763427734,0.6814918518066406,0.4300890862941742,0.3490358889102936,0.9356935620307922,0.6818198561668396,0.4308870732784271,0.34899798035621643,0.9406331777572632,0.669365644454956,0.4210112988948822,0.2587740421295166,0.9809351563453674,0.6758084297180176,0.43318381905555725,0.23023927211761475,0.9486709833145142,0.6618620157241821,0.43123969435691833,0.35198232531547546,0.9661815166473389,0.6650203466415405,0.4327804446220398,0.34278422594070435,0.9607986211776733,0.5983328819274902,0.4028717279434204,0.1963386833667755,0.9992043375968933,0.6404484510421753,0.45387741923332214,0.1441534161567688,0.9986769556999207,0.5757591724395752,0.36119532585144043,0.1075122058391571,0.9964234232902527,0.6463161110877991,0.47970515489578247,0.0339643694460392,0.23978251218795776,0.5153889656066895,0.32132208347320557,0.02909674122929573,0.9914752244949341,0.6480836868286133,0.4860544204711914,-0.04488051310181618,0.09229454398155212,0.4882529675960541,0.31702959537506104,-0.002591198543086648,0.9840835928916931,0.6483563780784607,0.48940911889076233,-0.07957584410905838,0.10796446353197098,0.48763465881347656,0.31594985723495483,-0.00018786886357702315,0.9824525117874146,0.6482189893722534,0.48366814851760864,-0.04174895957112312,0.09908400475978851,0.4948504865169525,0.3178926408290863,0.02883063070476055,0.9654965996742249,0.6505277156829834,0.48217135667800903,-0.03392411395907402,0.10626237094402313,0.4925737679004669,0.45713010430336,0.1177535131573677,0.9999773502349854,0.5438442230224609,0.4743841588497162,-0.11794115602970123,0.9998865127563477,0.4052015542984009,0.5381240844726562,0.0180689487606287,0.9764700531959534,0.6349740624427795,0.5339386463165283,-0.2001885026693344,0.9881349802017212,0.29095369577407837,0.5982310771942139,0.14898228645324707,0.9915611147880554,0.6706380248069763,0.6120713949203491,-0.10099123418331146,0.9919720888137817,0.264565110206604,0.600847065448761,0.1629960685968399,0.9895588159561157,0.6625424027442932,0.6291152238845825,-0.09124290198087692,0.9800692796707153,0.28330034017562866,0.6338645219802856,0.0385097898542881,0.9697257876396179,0.7393302321434021,0.6249709129333496,-0.2130904346704483,0.968705952167511
General3,122,1,0.6726738214492798,0.43221384286880493,0.3997616469860077,0.828792929649353,0.6800493597984314,0.42742249369621277,0.37546730041503906,0.9420138597488403,0.679273784160614,0.42635148763656616,0.37522533535957336,0.9432226419448853,0.6784579753875732,0.4254034757614136,0.37504470348358154,0.9503330588340759,0.6814746260643005,0.4307686388492584,0.3696887791156769,0.935890793800354,0.6814802885055542,0.4315476715564728,0.3695940673351288,0.9095727205276489,0.6816478967666626,0.432394415140152,0.3695584237575531,0.9155699014663696,0.6696626543998718,0.42243489623069763,0.27603262662887573,0.9703613519668579,0.6740788817405701,0.43371161818504333,0.25015637278556824,0.9272573590278625,0.6637164950370789,0.43153640627861023,0.37034451961517334,0.9455918073654175,0.6644396781921387,0.43429794907569885,0.36187493801116943,0.9391551613807678,0.5971596837043762,0.4032524526119232,0.2135813981294632,0.9986662864685059,0.6554259061813354,0.4585024416446686,0.16793161630630493,0.9981168508529663,0.5713813304901123,0.3644944727420807,0.1636086106300354,0.9948659539222717,0.6370784640312195,0.4823639988899231,0.12865343689918518,0.1689426302909851,0.5146743655204773,0.32121843099594116,0.1575312316417694,0.9863748550415039,0.6423200964927673,0.49122461676597595,0.16424602270126343,0.045509327203035355,0.4861532747745514,0.3159254789352417,0.13742268085479736,0.9759106636047363,0.6442062854766846,0.49569010734558105,0.14892542362213135,0.054562125355005264,0.485927939414978,0.3152102828025818,0.14317212998867035,0.9736488461494446,0.6433153748512268,0.4894137382507324,0.18167553842067719,0.049476370215415955,0.4936355948448181,0.3175658583641052,0.16004310548305511,0.9498559236526489,0.6448055505752563,0.4874166250228882,0.1761208325624466,0.05675685778260231,0.4907606840133667,0.4562540054321289,0.11510448902845383,0.9999825954437256,0.5450207591056824,0.4725676476955414,-0.11523981392383575,0.999920129776001,0.407983660697937,0.5367533564567566,0.04299867898225784,0.981517493724823,0.6443673372268677,0.5303023457527161,-0.19388560950756073,0.9913662075996399,0.2911189794540405,0.5971716046333313,0.20439746975898743,0.9939001798629761,0.6704534888267517,0.6091001629829407,-0.08075334131717682,0.9948786497116089,0.26743513345718384,0.599746823310852,0.22237275540828705,0.9913420081138611,0.6620336771011353,0.6273775696754456,-0.06898531317710876,0.9843988418579102,0.27495506405830383,0.6314231157302856,0.10766392946243286,0.9753538966178894,0.7357982993125916,0.6229833960533142,-0.18260353803634644,0.9783803820610046
General3,123,1,0.674266517162323,0.4367487132549286,0.21476584672927856,0.8178967833518982,0.6816678643226624,0.43071451783180237,0.18770991265773773,0.9350101351737976,0.6813203692436218,0.4296855926513672,0.1874857395887375,0.935792863368988,0.6811349391937256,0.42892956733703613,0.18731579184532166,0.9431731104850769,0.6827700734138489,0.4344393312931061,0.17897966504096985,0.9303975105285645,0.6797528862953186,0.4374927580356598,0.17885339260101318,0.9071949124336243,0.6795726418495178,0.4383503794670105,0.1788235902786255,0.9177795648574829,0.6721680164337158,0.4258657991886139,0.10503794252872467,0.9651947617530823,0.6749197840690613,0.43782860040664673,0.06438115984201431,0.9323305487632751,0.6667729616165161,0.4356801211833954,0.1941920518875122,0.9425824880599976,0.6667590141296387,0.43814441561698914,0.18131715059280396,0.9431545734405518,0.6027328968048096,0.40464362502098083,0.09230870753526688,0.9981765747070312,0.6534403562545776,0.46154627203941345,0.014699788764119148,0.9979448914527893,0.5732055306434631,0.3620312511920929,0.06990233808755875,0.9951313734054565,0.6418474912643433,0.48466601967811584,-0.010338724590837955,0.22037166357040405,0.5169835686683655,0.3214212656021118,0.06309047341346741,0.986660361289978,0.6511721014976501,0.4930734634399414,0.023078888654708862,0.05516122654080391,0.48897868394851685,0.31650111079216003,0.04025330767035484,0.9764267206192017,0.6515085697174072,0.4974098205566406,0.004014143720269203,0.0708819031715393,0.4872654378414154,0.3164031505584717,0.04064614325761795,0.974445104598999,0.651192307472229,0.4915357828140259,0.031381845474243164,0.06575661897659302,0.4941643476486206,0.3183520436286926,0.06407909095287323,0.9520550966262817,0.6535623073577881,0.48947370052337646,0.03401119261980057,0.075132817029953,0.49617260694503784,0.4568021297454834,0.11725319176912308,0.9999685287475586,0.5478695631027222,0.47318509221076965,-0.11727011948823929,0.9998797178268433,0.40963417291641235,0.5367250442504883,0.01965421438217163,0.9770941138267517,0.6305564641952515,0.5329180955886841,-0.21889561414718628,0.9893129467964172,0.28912341594696045,0.5990148782730103,0.1762692779302597,0.9919251799583435,0.6694965958595276,0.6117945909500122,-0.1340593695640564,0.9942212104797363,0.2655003070831299,0.599891185760498,0.1934787631034851,0.9900859594345093,0.6597063541412354,0.6293312311172485,-0.12574024498462677,0.9844910502433777,0.2764378488063812,0.6346085071563721,0.06868132203817368,0.9708163738250732,0.7282885909080505,0.6263593435287476,-0.25614893436431885,0.9785978198051453
General3,124,0,,,,,,,,,,,,,,,,,,,,,,,,,,,,,,,,,,,,,,,,,,,,,,,,,,,,,,,,,,,,,,,,,,,,,,,,,,,,,,,,,,,,,,,,,,,,,,,,,,,,,,,,,,,,,,,,,,,,,,,,,,,,,,,,,,,,
General3,125,0,,,,,,,,,,,,,,,,,,,,,,,,,,,,,,,,,,,,,,,,,,,,,,,,,,,,,,,,,,,,,,,,,,,,,,,,,,,,,,,,,,,,,,,,,,,,,,,,,,,,,,,,,,,,,,,,,,,,,,,,,,,,,,,,,,,,
General3,126,1,0.34175682067871094,0.4190690219402313,-0.07383742928504944,0.9952113032341003,0.32638484239578247,0.416440486907959,-0.05941849201917648,0.9958245754241943,0.32610294222831726,0.4147973358631134,-0.05941182002425194,0.9937928915023804,0.32600152492523193,0.4131523370742798,-0.05948236212134361,0.9941520094871521,0.32765597105026245,0.4213894009590149,-0.06128443032503128,0.9974175691604614,0.3281291723251343,0.4232140779495239,-0.06138288602232933,0.996762752532959,0.3286384344100952,0.42498740553855896,-0.06158646196126938,0.9967772364616394,0.33379077911376953,0.41346031427383423,0.016207760199904442,0.9954087138175964,0.33657974004745483,0.4288398027420044,0.011806223541498184,0.9952149391174316,0.3552491068840027,0.4173639416694641,-0.04373285174369812,0.9880478382110596,0.356411337852478,0.4233267605304718,-0.0449569895863533,0.9903221726417542,0.3740222156047821,0.40798625349998474,0.005298847332596779,0.9966974258422852,0.3941882848739624,0.43472057580947876,0.04863031581044197,0.9949236512184143,0.2974899411201477,0.40255215764045715,-0.06323403120040894,0.6677939891815186,0.35184264183044434,0.4374907612800598,0.03053119219839573,0.6416341662406921,0.184849351644516,0.39717748761177063,-0.1231500655412674,0.7679113149642944,0.25131914019584656,0.43078306317329407,-0.021176118403673172,0.6621705293655396,0.19898444414138794,0.3904445767402649,-0.13809572160243988,0.7272516489028931,0.23100873827934265,0.42607903480529785,-0.034319404512643814,0.598224401473999,0.19490641355514526,0.3889050781726837,-0.13861806690692902,0.7063549160957336,0.21739429235458374,0.42511850595474243,-0.029789505526423454,0.5746229887008667,0.2028692066669464,0.3906840682029724,-0.1280921995639801,0.6956745386123657,0.22207960486412048,0.42802488803863525,-0.021909981966018677,0.5622944831848145,0.5832308530807495,0.44697681069374084,-0.029976721853017807,0.9998306035995483,0.5566293001174927,0.4553268551826477,0.029434669762849808,0.999805748462677,0.6276969909667969,0.5013550519943237,-0.07563113421201706,0.9911882877349854,0.45762884616851807,0.5006653070449829,0.012715799733996391,0.9469196796417236,0.6527578234672546,0.5919877290725708,0.01043642871081829,0.97524094581604,0.2644580006599426,0.5798987746238708,-0.046531133353710175,0.9921499490737915,0.601097822189331,0.587224006652832,0.015697399154305458,0.9676703810691833,0.2638722360134125,0.5892211198806763,-0.05689045414328575,0.9900321960449219,0.6289730072021484,0.6150669455528259,-0.07209425419569016,0.9569292068481445,0.2011106312274933,0.5915783047676086,-0.1574500948190689,0.9891175627708435
General3,127,1,0.31720516085624695,0.4259992241859436,-0.00991128571331501,0.9982853531837463,0.3031248152256012,0.4245941638946533,-0.008080690167844296,0.9987768530845642,0.3026869595050812,0.4237895607948303,-0.008060529828071594,0.9982060194015503,0.3024536371231079,0.42296573519706726,-0.008060730062425137,0.9983885288238525,0.3062145411968231,0.4266893267631531,-0.003700990229845047,0.9990721940994263,0.30767178535461426,0.4274953007698059,-0.003769251983612776,0.9989081621170044,0.3091571629047394,0.4282655715942383,-0.003974243998527527,0.998829185962677,0.31300753355026245,0.42286527156829834,0.011654756963253021,0.9988470077514648,0.3211755156517029,0.42909908294677734,0.03385426476597786,0.9984273910522461,0.3302890658378601,0.42485424876213074,-0.0005502804997377098,0.9971576929092407,0.3333898186683655,0.42775362730026245,0.00577049283310771,0.9970844388008118,0.35915786027908325,0.4149330258369446,-0.023107660934329033,0.9984627962112427,0.38519173860549927,0.4281730651855469,0.06270279735326767,0.994259238243103,0.28174710273742676,0.40754714608192444,-0.08845414966344833,0.6755582690238953,0.3123813271522522,0.417849600315094,0.0860254168510437,0.6216457486152649,0.18172895908355713,0.4010699987411499,-0.17622019350528717,0.7786006331443787,0.20814481377601624,0.41091230511665344,0.08533567935228348,0.5831483602523804,0.18415012955665588,0.39254850149154663,-0.19719357788562775,0.7404811978340149,0.1886613965034485,0.40600213408470154,0.08441060781478882,0.5375850200653076,0.17864328622817993,0.3902851939201355,-0.20137067139148712,0.7251542806625366,0.17877936363220215,0.40682733058929443,0.0756346583366394,0.5124677419662476,0.1850040853023529,0.39232757687568665,-0.18150800466537476,0.6940250396728516,0.18341299891471863,0.4102233946323395,0.0819159597158432,0.5081892609596252,0.5806490182876587,0.45353376865386963,-0.052665308117866516,0.9998619556427002,0.5595604777336121,0.45446765422821045,0.05211969092488289,0.9997441172599792,0.6420336365699768,0.5140122175216675,-0.08201416581869125,0.995860755443573,0.45449015498161316,0.4895046055316925,0.07427862286567688,0.9205961227416992,0.6686307787895203,0.6040096282958984,-0.01468508131802082,0.9769730567932129,0.29378241300582886,0.5625669360160828,0.05518363043665886,0.9809408783912659,0.6596638560295105,0.6147602796554565,-0.010748477652668953,0.9715786576271057,0.2796584367752075,0.5792065262794495,0.04791213572025299,0.9818983674049377,0.6695055961608887,0.6331121325492859,-0.09314269572496414,0.9495108127593994,0.21242651343345642,0.5740175843238831,-0.04081796482205391,0.9754689931869507
General3,128,0,,,,,,,,,,,,,,,,,,,,,,,,,,,,,,,,,,,,,,,,,,,,,,,,,,,,,,,,,,,,,,,,,,,,,,,,,,,,,,,,,,,,,,,,,,,,,,,,,,,,,,,,,,,,,,,,,,,,,,,,,,,,,,,,,,,,
General3,129,1,0.24083104729652405,0.43253806233406067,-0.22602561116218567,0.999190628528595,0.2212616503238678,0.42876943945884705,-0.23015132546424866,0.999110758304596,0.22014692425727844,0.42661812901496887,-0.23016484081745148,0.9990148544311523,0.21920588612556458,0.42446526885032654,-0.23024241626262665,0.9989857077598572,0.2245538830757141,0.4340614676475525,-0.21542470157146454,0.9993826150894165,0.22557416558265686,0.4355720579624176,-0.21553808450698853,0.9993731379508972,0.22661879658699036,0.4370487928390503,-0.215699702501297,0.9993153810501099,0.22642749547958374,0.42056119441986084,-0.194848895072937,0.9992882609367371,0.236546128988266,0.43710288405418396,-0.12455494701862335,0.9993332028388977,0.25653982162475586,0.4288032054901123,-0.20564857125282288,0.9980131387710571,0.260110467672348,0.4350978136062622,-0.1852714568376541,0.9982872605323792,0.2884298861026764,0.4101756811141968,-0.22554706037044525,0.9976744055747986,0.3214685320854187,0.4443345367908478,-0.004713499918580055,0.9959916472434998,0.20019352436065674,0.4032776355743408,-0.3222180902957916,0.9415671229362488,0.3260377049446106,0.47906023263931274,0.018832700327038765,0.6375771760940552,0.08528384566307068,0.39921292662620544,-0.3411779999732971,0.9194971919059753,0.2416621744632721,0.4897420108318329,-0.08468466252088547,0.6582869291305542,0.057804226875305176,0.39469218254089355,-0.3781951665878296,0.869843602180481,0.2290014922618866,0.4906845986843109,-0.08869229257106781,0.5713402628898621,0.0553680956363678,0.3951806426048279,-0.3627775311470032,0.8537064790725708,0.20800325274467468,0.49146780371665955,-0.11807647347450256,0.5686062574386597,0.06071433424949646,0.3974135220050812,-0.3406091332435608,0.8596699833869934,0.2102353572845459,0.49264225363731384,-0.09995470941066742,0.5779625773429871,0.5573204755783081,0.4551795721054077,-0.08382497727870941,0.9995647072792053,0.5328946113586426,0.46244198083877563,0.08343282341957092,0.9993263483047485,0.6809173226356506,0.5154301524162292,-0.051000822335481644,0.9969557523727417,0.5175748467445374,0.48482248187065125,0.14669814705848694,0.9479531645774841,0.6621190905570984,0.579573929309845,0.0983230397105217,0.9914653897285461,0.34995710849761963,0.5215752720832825,0.22035667300224304,0.9822767376899719,0.6577633023262024,0.582392156124115,0.11123697459697723,0.9813744425773621,0.3394109606742859,0.529560923576355,0.22965240478515625,0.9832479953765869,0.6589352488517761,0.6102281808853149,0.03606569394469261,0.9748035073280334,0.2693496346473694,0.5307550430297852,0.20031554996967316,0.9746969938278198
General3,130,1,0.6781318187713623,0.436294823884964,0.6662443280220032,0.9942303895950317,0.6758391261100769,0.4328608214855194,0.6824831962585449,0.9927210211753845,0.6879953742027283,0.43245840072631836,0.6824761033058167,0.992427408695221,0.6886566281318665,0.43273305892944336,0.6824203729629517,0.9934508800506592,0.676406741142273,0.433441162109375,0.6626988053321838,0.9945138692855835,0.6759442090988159,0.433113694190979,0.6624353528022766,0.9951304197311401,0.6759755611419678,0.4327563941478729,0.6620818376541138,0.9963884353637695,0.6830198168754578,0.43169254064559937,0.6816803812980652,0.9912153482437134,0.6622180342674255,0.4270640015602112,0.5864642262458801,0.9965265393257141,0.667522668838501,0.4383081793785095,0.6615245938301086,0.9927520751953125,0.6618775129318237,0.4345007538795471,0.6328275203704834,0.9963462948799133,0.6403311491012573,0.4295318126678467,0.5826854705810547,0.9969252943992615,0.6320724487304688,0.4219737946987152,0.41774022579193115,0.9999245405197144,0.6414998769760132,0.40500274300575256,0.6261700391769409,0.337263822555542,0.5605071187019348,0.39973777532577515,0.48126116394996643,0.6491475701332092,0.6603502035140991,0.3751656413078308,0.7237387299537659,0.47613075375556946,0.4747377634048462,0.36786746978759766,0.6727549433708191,0.7865366339683533,0.6630101203918457,0.36643630266189575,0.7401541471481323,0.5298486948013306,0.4534962475299835,0.35859668254852295,0.7081128358840942,0.7558196783065796,0.6657602190971375,0.3633190393447876,0.7426087260246277,0.46634441614151,0.4457135796546936,0.35683268308639526,0.6849786639213562,0.754023015499115,0.6654069423675537,0.36675477027893066,0.7218201160430908,0.47031712532043457,0.451063871383667,0.36188510060310364,0.6687965393066406,0.745251476764679,0.515269935131073,0.4743749797344208,0.13175247609615326,0.9999722242355347,0.5540971159934998,0.47088006138801575,-0.13202732801437378,0.999983549118042,0.41262760758399963,0.5393553972244263,-0.04190343618392944,0.9753417372703552,0.644855260848999,0.5343778729438782,-0.2231704145669937,0.9991888403892517,0.26155877113342285,0.5662733912467957,-0.08611996471881866,0.9896951913833618,0.6536808013916016,0.6192997097969055,-0.3130793571472168,0.9981974959373474,0.23568588495254517,0.5642145276069641,-0.09020399302244186,0.9920042157173157,0.6368279457092285,0.6311842203140259,-0.31979691982269287,0.994415283203125,0.22785544395446777,0.6009091138839722,-0.1732848882675171,0.9829461574554443,0.7216101884841919,0.636393666267395,-0.4076145887374878,0.995233952999115
General3,131,0,,,,,,,,,,,,,,,,,,,,,,,,,,,,,,,,,,,,,,,,,,,,,,,,,,,,,,,,,,,,,,,,,,,,,,,,,,,,,,,,,,,,,,,,,,,,,,,,,,,,,,,,,,,,,,,,,,,,,,,,,,,,,,,,,,,,
General3,132,0,,,,,,,,,,,,,,,,,,,,,,,,,,,,,,,,,,,,,,,,,,,,,,,,,,,,,,,,,,,,,,,,,,,,,,,,,,,,,,,,,,,,,,,,,,,,,,,,,,,,,,,,,,,,,,,,,,,,,,,,,,,,,,,,,,,,
General3,133,0,,,,,,,,,,,,,,,,,,,,,,,,,,,,,,,,,,,,,,,,,,,,,,,,,,,,,,,,,,,,,,,,,,,,,,,,,,,,,,,,,,,,,,,,,,,,,,,,,,,,,,,,,,,,,,,,,,,,,,,,,,,,,,,,,,,,
General3,134,1,0.6664974689483643,0.4371792674064636,-0.9716424345970154,0.9999886751174927,0.6633410453796387,0.42568862438201904,-0.9831740856170654,0.9999810457229614,0.6617858409881592,0.4250340461730957,-0.9831215143203735,0.9999731779098511,0.6725894808769226,0.4302276372909546,-0.9831656813621521,0.9999741315841675,0.6548413038253784,0.4291441738605499,-0.9975055456161499,0.9999953508377075,0.6529876589775085,0.4300500452518463,-0.9978247880935669,0.9999958276748657,0.6515031456947327,0.43088236451148987,-0.9981784224510193,0.999996542930603,0.6467723846435547,0.4240856468677521,-0.8772063851356506,0.9999558925628662,0.6357102990150452,0.4351649880409241,-0.9485035538673401,0.9999945163726807,0.6623485684394836,0.44107964634895325,-0.9174667596817017,0.9999808073043823,0.6639612913131714,0.44078487157821655,-0.9393796920776367,0.9999945163726807,0.6373311877250671,0.41031527519226074,-0.6230066418647766,0.9998192191123962,0.585149884223938,0.48606738448143005,-0.8262194991111755,0.9999963045120239,0.5986299514770508,0.37368321418762207,-0.41932106018066406,0.960178792476654,0.6475971341133118,0.5460720658302307,-0.9259098172187805,0.9998842477798462,0.5657395720481873,0.32013434171676636,-0.3457828462123871,0.9823557734489441,0.6191768646240234,0.6211373805999756,-0.974545955657959,0.9993264675140381,0.5529032349586487,0.30713969469070435,-0.36115536093711853,0.9754500389099121,0.6201572418212891,0.6346703767776489,-1.054657220840454,0.9981070756912231,0.555629551410675,0.3061412572860718,-0.38466086983680725,0.9756740927696228,0.632007360458374,0.6315267086029053,-1.0424489974975586,0.9981665015220642,0.5620702505111694,0.31269267201423645,-0.3469659090042114,0.9591031670570374,0.6266457438468933,0.6286089420318604,-0.9709486961364746,0.9966487288475037,0.5593603253364563,0.4511440396308899,0.1259201318025589,0.9999905824661255,0.5446147918701172,0.48402780294418335,-0.12657782435417175,0.9999970197677612,0.43345949053764343,0.5218245983123779,0.4532597064971924,0.5523995161056519,0.6231249570846558,0.5348715782165527,0.09905503690242767,0.9525885581970215,0.2849567234516144,0.5349364280700684,0.8908895254135132,0.8875409364700317,0.5371751189231873,0.5858052372932434,0.2994281053543091,0.9671496152877808,0.25789719820022583,0.5306938886642456,0.938810408115387,0.9122350811958313,0.5166701674461365,0.5900254845619202,0.31983327865600586,0.9502658843994141,0.24225376546382904,0.5593459010124207,0.88811194896698,0.9358780384063721,0.5633829832077026,0.6096471548080444,0.251476913690567,0.9700950384140015
General3,135,1,0.6812703609466553,0.43620386719703674,-0.9642212986946106,0.9999912977218628,0.6767792701721191,0.42641571164131165,-0.9780271053314209,0.9999821186065674,0.6752418875694275,0.42561447620391846,-0.9779974222183228,0.9999771118164062,0.6739636063575745,0.42485299706459045,-0.9780579209327698,0.999976396560669,0.6724375486373901,0.43318644165992737,-0.9928808212280273,0.9999958276748657,0.6704497933387756,0.4340783357620239,-0.9931775331497192,0.999996542930603,0.6690128445625305,0.43498143553733826,-0.9934539198875427,0.9999967813491821,0.65301513671875,0.4279007315635681,-0.8791925311088562,0.9999570846557617,0.6453123688697815,0.43995606899261475,-0.9525765180587769,0.9999957084655762,0.6741922497749329,0.4419093132019043,-0.9111753702163696,0.9999819993972778,0.6683074831962585,0.44198229908943176,-0.9337943196296692,0.9999951124191284,0.6335431337356567,0.405280739068985,-0.6275445818901062,0.9998493194580078,0.5928787589073181,0.48687154054641724,-0.8254585862159729,0.999996542930603,0.5866974592208862,0.37296125292778015,-0.47846248745918274,0.9805128574371338,0.6467009782791138,0.5449516773223877,-0.9176541566848755,0.9998227953910828,0.56424480676651,0.3198383152484894,-0.455883264541626,0.9859172701835632,0.6179026961326599,0.6235025525093079,-0.9542059302330017,0.9988479614257812,0.5490713715553284,0.3037633001804352,-0.4781802296638489,0.978783130645752,0.6223480105400085,0.6364051103591919,-1.0282621383666992,0.9971690773963928,0.5549109578132629,0.30625104904174805,-0.5021126866340637,0.9786254167556763,0.625484824180603,0.6339778900146484,-1.0148588418960571,0.9972056746482849,0.5590401887893677,0.3110148310661316,-0.4588764011859894,0.9636279940605164,0.627484142780304,0.6295219659805298,-0.9498401880264282,0.9950922727584839,0.5513646602630615,0.4490538537502289,0.12923093140125275,0.9999897480010986,0.5422248244285583,0.4820866584777832,-0.12982119619846344,0.9999961853027344,0.4392615556716919,0.5204688906669617,0.40422406792640686,0.5986791253089905,0.6361315250396729,0.533092737197876,0.044508229941129684,0.9612627029418945,0.2811020612716675,0.5308670997619629,0.8182703852653503,0.901541531085968,0.5571761727333069,0.5904027819633484,0.224378764629364,0.975709080696106,0.24921627342700958,0.5302821397781372,0.8632901906967163,0.909193754196167,0.5373231172561646,0.5968847274780273,0.24111215770244598,0.9501769542694092,0.23211465775966644,0.5560663938522339,0.8077566623687744,0.9478608965873718,0.5800960659980774,0.6166268587112427,0.16570991277694702,0.9766826629638672
General3,136,1,0.6870501637458801,0.43531733751296997,-1.039705514907837,0.9999914169311523,0.6758884191513062,0.42660602927207947,-1.0489873886108398,0.9999780654907227,0.6743364334106445,0.4259223937988281,-1.0490361452102661,0.9999755620956421,0.6786277294158936,0.4241648018360138,-1.049168586730957,0.9999728202819824,0.6754103899002075,0.4280930161476135,-1.0663914680480957,0.999995231628418,0.6770608425140381,0.43194228410720825,-1.0666218996047974,0.9999964237213135,0.6709117293357849,0.4335522949695587,-1.0668063163757324,0.9999960660934448,0.664771556854248,0.4263627827167511,-0.9310111403465271,0.9999526739120483,0.6524819135665894,0.4369482100009918,-1.016236424446106,0.9999959468841553,0.683044970035553,0.4365311861038208,-0.9780850410461426,0.9999816417694092,0.6782034635543823,0.4396338164806366,-1.0041214227676392,0.9999951124191284,0.6268499493598938,0.40342363715171814,-0.6634290218353271,0.9998069405555725,0.610573947429657,0.4836522340774536,-0.8700351119041443,0.9999967813491821,0.5886784195899963,0.37091943621635437,-0.5960914492607117,0.9939166903495789,0.6463735699653625,0.5376195311546326,-0.9694561958312988,0.9996302127838135,0.5601005554199219,0.32008472084999084,-0.6258641481399536,0.9888367652893066,0.6277543306350708,0.6177254319190979,-1.011040449142456,0.9976796507835388,0.5482370853424072,0.3066576421260834,-0.6471444368362427,0.9796388149261475,0.6258869171142578,0.6315293312072754,-1.0712814331054688,0.9947845339775085,0.5570913553237915,0.3045338988304138,-0.6648078560829163,0.979060173034668,0.6267489194869995,0.6289886832237244,-1.0475307703018188,0.9945382475852966,0.5586950778961182,0.3127377927303314,-0.6286824345588684,0.9639885425567627,0.6279746890068054,0.6255431175231934,-1.0021374225616455,0.9905776977539062,0.5525597929954529,0.4532618820667267,0.1375337541103363,0.9999825954437256,0.5764556527137756,0.47063371539115906,-0.1378512978553772,0.99998939037323,0.4358954131603241,0.5319292545318604,0.32092928886413574,0.7190244197845459,0.6517720818519592,0.5351479649543762,-0.01723407208919525,0.959441065788269,0.27319079637527466,0.528791606426239,0.6995166540145874,0.9532638192176819,0.6440553069114685,0.6132932305335999,0.10988103598356247,0.9893719553947449,0.2536129355430603,0.5191166996955872,0.7417287826538086,0.9560156464576721,0.6343673467636108,0.6224202513694763,0.12083957344293594,0.9791169762611389,0.22305582463741302,0.55906742811203,0.6823059320449829,0.9769222736358643,0.7107885479927063,0.6304189562797546,0.01851114071905613,0.9901207685470581
General3,137,1,0.6836568117141724,0.43621891736984253,-1.0303891897201538,0.9999984502792358,0.6739817261695862,0.4292796850204468,-1.0178545713424683,0.999995231628418,0.6736062169075012,0.4288164973258972,-1.017835021018982,0.9999923706054688,0.6763582825660706,0.4270438849925995,-1.0178747177124023,0.9999938011169434,0.6696362495422363,0.43032345175743103,-1.0392868518829346,0.9999991655349731,0.6632875204086304,0.4317590594291687,-1.0395255088806152,0.999998927116394,0.6641125679016113,0.43201714754104614,-1.0396547317504883,0.9999991655349731,0.6574088931083679,0.4273877739906311,-0.8378051519393921,0.999980092048645,0.6416239142417908,0.4352671504020691,-0.9410516619682312,0.9999988079071045,0.6793262958526611,0.4384767413139343,-0.9527122378349304,0.9999855756759644,0.6703829765319824,0.441408634185791,-0.9829695820808411,0.9999959468841553,0.6248313784599304,0.4196619689464569,-0.6049321889877319,0.9998753070831299,0.6023887395858765,0.4786434769630432,-0.7887734174728394,0.9999958276748657,0.5876528024673462,0.37928807735443115,-0.5681613087654114,0.9780343174934387,0.619807779788971,0.52623051404953,-0.8053955435752869,0.9977561831474304,0.6145269870758057,0.3426937758922577,-0.6679903268814087,0.9760861992835999,0.5987457633018494,0.5693119764328003,-0.8326610326766968,0.9869381189346313,0.5597577095031738,0.31731724739074707,-0.7262932062149048,0.9590036273002625,0.5943816304206848,0.5852125287055969,-0.8905185461044312,0.9767524600028992,0.6164259314537048,0.3305869698524475,-0.7390848994255066,0.9593541622161865,0.6022738814353943,0.5804640054702759,-0.9151487350463867,0.9764164090156555,0.6188331246376038,0.33990639448165894,-0.677049458026886,0.9402084946632385,0.604315459728241,0.5735569596290588,-0.8433879017829895,0.9609110355377197,0.5375058650970459,0.4733605682849884,0.1294957995414734,0.9999068975448608,0.5202990770339966,0.4923527240753174,-0.12971946597099304,0.9999876022338867,0.519760251045227,0.5334530472755432,0.337120920419693,0.5609518885612488,0.4637112319469452,0.5285063982009888,-0.15756581723690033,0.9862130880355835,0.4385060667991638,0.5639687776565552,0.7040018439292908,0.8235340714454651,0.30372607707977295,0.5202091932296753,0.11983131617307663,0.9834647178649902,0.42030078172683716,0.5663717985153198,0.7379757165908813,0.7969477772712708,0.2745368182659149,0.5170005559921265,0.14801041781902313,0.8927831053733826,0.4475758969783783,0.5888912677764893,0.6749539971351624,0.8933864235877991,0.26963526010513306,0.5440984964370728,0.031632017344236374,0.9800733923912048
General3,138,0,,,,,,,,,,,,,,,,,,,,,,,,,,,,,,,,,,,,,,,,,,,,,,,,,,,,,,,,,,,,,,,,,,,,,,,,,,,,,,,,,,,,,,,,,,,,,,,,,,,,,,,,,,,,,,,,,,,,,,,,,,,,,,,,,,,,
General3,139,0,,,,,,,,,,,,,,,,,,,,,,,,,,,,,,,,,,,,,,,,,,,,,,,,,,,,,,,,,,,,,,,,,,,,,,,,,,,,,,,,,,,,,,,,,,,,,,,,,,,,,,,,,,,,,,,,,,,,,,,,,,,,,,,,,,,,
General3,140,1,0.6576847434043884,0.43623805046081543,-0.988631546497345,0.9988646507263184,0.6649255752563477,0.4322190582752228,-0.9805449843406677,0.9982603192329407,0.6703658103942871,0.4349421262741089,-0.9803916811943054,0.9978284239768982,0.6715158224105835,0.43519845604896545,-0.9804669618606567,0.9982081651687622,0.6597566604614258,0.4321743845939636,-0.9956952333450317,0.9987035989761353,0.6518263220787048,0.4293622672557831,-0.9960665702819824,0.9982428550720215,0.6494277715682983,0.42908263206481934,-0.9963164329528809,0.9984865188598633,0.6809518337249756,0.4406334459781647,-0.809083104133606,0.9951366782188416,0.6446362733840942,0.42675289511680603,-0.8800877332687378,0.9981346130371094,0.6545321941375732,0.4446209669113159,-0.9122384786605835,0.993608832359314,0.6422616243362427,0.4399077594280243,-0.9332224726676941,0.9945117235183716,0.6638439297676086,0.4570276737213135,-0.5581928491592407,0.9929982423782349,0.5980854034423828,0.42331957817077637,-0.7007154822349548,0.9990511536598206,0.6106810569763184,0.46334928274154663,-0.47485968470573425,0.34804803133010864,0.5672107338905334,0.3785777986049652,-0.6613157391548157,0.9283506274223328,0.5748202800750732,0.4441249966621399,-0.5302595496177673,0.277669221162796,0.5477023124694824,0.32542815804481506,-0.692007839679718,0.837070643901825,0.5606266260147095,0.44204530119895935,-0.5559149384498596,0.23304739594459534,0.5417373180389404,0.31492888927459717,-0.7259548306465149,0.7854865193367004,0.565759539604187,0.43646422028541565,-0.5825461149215698,0.2471950650215149,0.5447902083396912,0.313629686832428,-0.7729716897010803,0.8100829124450684,0.5723845362663269,0.43701523542404175,-0.5423247814178467,0.24867412447929382,0.546870768070221,0.3175848722457886,-0.7145912647247314,0.8133817911148071,0.560100793838501,0.48576247692108154,0.09850359708070755,0.9993504881858826,0.5136003494262695,0.4721469283103943,-0.09883502125740051,0.9997729659080505,0.5864786505699158,0.5320716500282288,0.09479042142629623,0.6088754534721375,0.45579853653907776,0.518200159072876,-0.08115888386964798,0.9667491316795349,0.5926269888877869,0.6061160564422607,0.24840977787971497,0.8835848569869995,0.3045610189437866,0.5039787888526917,0.22990623116493225,0.9382857084274292,0.549806535243988,0.6091212034225464,0.256753146648407,0.8352872133255005,0.28339946269989014,0.4979722499847412,0.2578038275241852,0.6783578395843506,0.6412208080291748,0.6253412365913391,0.13741712272167206,0.8792378902435303,0.272682785987854,0.52317214012146,0.14218147099018097,0.8769363164901733
General3,141,1,0.6687335968017578,0.4398355782032013,-0.7392646670341492,0.9997362494468689,0.6703303456306458,0.4348820149898529,-0.74370276927948,0.9996129870414734,0.6701110601425171,0.43458500504493713,-0.7436157464981079,0.9994920492172241,0.6702392101287842,0.4344399571418762,-0.7435581684112549,0.9996328353881836,0.6630206108093262,0.4333977997303009,-0.7657938599586487,0.9997376799583435,0.6610576510429382,0.43395787477493286,-0.7661617994308472,0.9995827078819275,0.6640322804450989,0.43690523505210876,-0.7664461135864258,0.9996999502182007,0.6647717952728271,0.43668103218078613,-0.6442344188690186,0.9991814494132996,0.6533426642417908,0.4360123574733734,-0.7510136961936951,0.9996020197868347,0.6627527475357056,0.442195326089859,-0.6899182796478271,0.9993187189102173,0.6597908735275269,0.441751629114151,-0.7209116816520691,0.9995299577713013,0.6344430446624756,0.4424576759338379,-0.5037713646888733,0.9990021586418152,0.6064392328262329,0.44077861309051514,-0.6117348670959473,0.9998797178268433,0.5734192132949829,0.3972468972206116,-0.4851405620574951,0.8042587637901306,0.5490630269050598,0.4138306975364685,-0.5944021940231323,0.9480374455451965,0.570407509803772,0.37667495012283325,-0.5873088240623474,0.8080379366874695,0.5383906960487366,0.37647584080696106,-0.6283934712409973,0.8647632002830505,0.5629205107688904,0.3668810725212097,-0.6407393217086792,0.7371922731399536,0.5341712236404419,0.3675013780593872,-0.6680393218994141,0.8124991059303284,0.5721259713172913,0.3653777241706848,-0.6538024544715881,0.7565139532089233,0.5347385406494141,0.36474257707595825,-0.711122453212738,0.8311237096786499,0.5774584412574768,0.3699621558189392,-0.5976192355155945,0.723254919052124,0.5355523824691772,0.3675001263618469,-0.6482939124107361,0.8247408866882324,0.5179206132888794,0.488822340965271,0.08161572366952896,0.9997699856758118,0.49292442202568054,0.48494860529899597,-0.08197721838951111,0.9999332427978516,0.5165262818336487,0.5271357297897339,0.07995625585317612,0.3447205722332001,0.47111040353775024,0.499187707901001,-0.16474376618862152,0.8512964248657227,0.5393829345703125,0.5911712050437927,0.22364592552185059,0.7609903812408447,0.3144453167915344,0.5088859796524048,0.13475318253040314,0.8286567330360413,0.5291004776954651,0.6017149686813354,0.23195554316043854,0.7479444146156311,0.28694477677345276,0.507212221622467,0.16071480512619019,0.6182454824447632,0.6135786771774292,0.6167580485343933,0.12598495185375214,0.8235460519790649,0.2962327003479004,0.5245271921157837,0.04355830326676369,0.7924395203590393
General3,142,0,,,,,,,,,,,,,,,,,,,,,,,,,,,,,,,,,,,,,,,,,,,,,,,,,,,,,,,,,,,,,,,,,,,,,,,,,,,,,,,,,,,,,,,,,,,,,,,,,,,,,,,,,,,,,,,,,,,,,,,,,,,,,,,,,,,,
General3,143,0,,,,,,,,,,,,,,,,,,,,,,,,,,,,,,,,,,,,,,,,,,,,,,,,,,,,,,,,,,,,,,,,,,,,,,,,,,,,,,,,,,,,,,,,,,,,,,,,,,,,,,,,,,,,,,,,,,,,,,,,,,,,,,,,,,,,
General3,144,0,,,,,,,,,,,,,,,,,,,,,,,,,,,,,,,,,,,,,,,,,,,,,,,,,,,,,,,,,,,,,,,,,,,,,,,,,,,,,,,,,,,,,,,,,,,,,,,,,,,,,,,,,,,,,,,,,,,,,,,,,,,,,,,,,,,,
General3,145,0,,,,,,,,,,,,,,,,,,,,,,,,,,,,,,,,,,,,,,,,,,,,,,,,,,,,,,,,,,,,,,,,,,,,,,,,,,,,,,,,,,,,,,,,,,,,,,,,,,,,,,,,,,,,,,,,,,,,,,,,,,,,,,,,,,,,
General3,146,0,,,,,,,,,,,,,,,,,,,,,,,,,,,,,,,,,,,,,,,,,,,,,,,,,,,,,,,,,,,,,,,,,,,,,,,,,,,,,,,,,,,,,,,,,,,,,,,,,,,,,,,,,,,,,,,,,,,,,,,,,,,,,,,,,,,,
