video_id,frame_id,target_detected,landmark_0_x,landmark_0_y,landmark_0_z,landmark_0_visibility,landmark_1_x,landmark_1_y,landmark_1_z,landmark_1_visibility,landmark_2_x,landmark_2_y,landmark_2_z,landmark_2_visibility,landmark_3_x,landmark_3_y,landmark_3_z,landmark_3_visibility,landmark_4_x,landmark_4_y,landmark_4_z,landmark_4_visibility,landmark_5_x,landmark_5_y,landmark_5_z,landmark_5_visibility,landmark_6_x,landmark_6_y,landmark_6_z,landmark_6_visibility,landmark_7_x,landmark_7_y,landmark_7_z,landmark_7_visibility,landmark_8_x,landmark_8_y,landmark_8_z,landmark_8_visibility,landmark_9_x,landmark_9_y,landmark_9_z,landmark_9_visibility,landmark_10_x,landmark_10_y,landmark_10_z,landmark_10_visibility,landmark_11_x,landmark_11_y,landmark_11_z,landmark_11_visibility,landmark_12_x,landmark_12_y,landmark_12_z,landmark_12_visibility,landmark_13_x,landmark_13_y,landmark_13_z,landmark_13_visibility,landmark_14_x,landmark_14_y,landmark_14_z,landmark_14_visibility,landmark_15_x,landmark_15_y,landmark_15_z,landmark_15_visibility,landmark_16_x,landmark_16_y,landmark_16_z,landmark_16_visibility,landmark_17_x,landmark_17_y,landmark_17_z,landmark_17_visibility,landmark_18_x,landmark_18_y,landmark_18_z,landmark_18_visibility,landmark_19_x,landmark_19_y,landmark_19_z,landmark_19_visibility,landmark_20_x,landmark_20_y,landmark_20_z,landmark_20_visibility,landmark_21_x,landmark_21_y,landmark_21_z,landmark_21_visibility,landmark_22_x,landmark_22_y,landmark_22_z,landmark_22_visibility,landmark_23_x,landmark_23_y,landmark_23_z,landmark_23_visibility,landmark_24_x,landmark_24_y,landmark_24_z,landmark_24_visibility,landmark_25_x,landmark_25_y,landmark_25_z,landmark_25_visibility,landmark_26_x,landmark_26_y,landmark_26_z,landmark_26_visibility,landmark_27_x,landmark_27_y,landmark_27_z,landmark_27_visibility,landmark_28_x,landmark_28_y,landmark_28_z,landmark_28_visibility,landmark_29_x,landmark_29_y,landmark_29_z,landmark_29_visibility,landmark_30_x,landmark_30_y,landmark_30_z,landmark_30_visibility,landmark_31_x,landmark_31_y,landmark_31_z,landmark_31_visibility,landmark_32_x,landmark_32_y,landmark_32_z,landmark_32_visibility
General1,1,1,0.6229487061500549,0.13017874956130981,-0.31287938356399536,0.9999058246612549,0.6371615529060364,0.11596721410751343,-0.2836689054965973,0.9998032450675964,0.646142303943634,0.11579951643943787,-0.2837732136249542,0.9997801184654236,0.6538240909576416,0.11571371555328369,-0.2838892638683319,0.9997779726982117,0.6102724075317383,0.11569663882255554,-0.270169734954834,0.9996217489242554,0.6020651459693909,0.11539772152900696,-0.2701469659805298,0.999538779258728,0.5939468741416931,0.11530447006225586,-0.27020928263664246,0.9995269775390625,0.666816234588623,0.12125846743583679,-0.08972128480672836,0.999797523021698,0.5876844525337219,0.12222456932067871,-0.026592526584863663,0.99937504529953,0.6420373320579529,0.1466519832611084,-0.23707468807697296,0.9999361038208008,0.6098041534423828,0.1446496844291687,-0.22020170092582703,0.9998406171798706,0.7378038167953491,0.1973837912082672,-0.05204039067029953,0.9999727010726929,0.5462803244590759,0.19048534333705902,0.0654984563589096,0.9996516704559326,0.7851154804229736,0.2896282970905304,-0.3542059361934662,0.9936420321464539,0.48115217685699463,0.236632838845253,-0.2643033266067505,0.9850454926490784,0.6569432020187378,0.23216110467910767,-0.6508055329322815,0.9956113696098328,0.5407100915908813,0.1506488025188446,-0.668491005897522,0.9865016341209412,0.6358107328414917,0.20876264572143555,-0.7167307138442993,0.9860125184059143,0.545479416847229,0.1268540918827057,-0.7556436657905579,0.9610117077827454,0.6376251578330994,0.19882677495479584,-0.6770167350769043,0.9839088320732117,0.5533499121665955,0.1243056058883667,-0.7106505036354065,0.9519569873809814,0.6402552127838135,0.20711755752563477,-0.637245774269104,0.974891722202301,0.5566351413726807,0.13304293155670166,-0.6645025610923767,0.937797486782074,0.6997103691101074,0.40354448556900024,-0.026339594274759293,0.9999344348907471,0.5741506218910217,0.39898908138275146,0.02598976530134678,0.9998370409011841,0.6788381934165955,0.568748414516449,-0.1260068267583847,0.9830223917961121,0.5826454758644104,0.5494126081466675,-0.03243475407361984,0.9797282814979553,0.660193145275116,0.6882812976837158,0.35476285219192505,0.962114155292511,0.6054609417915344,0.661163330078125,0.5058199167251587,0.9253256320953369,0.6499918699264526,0.6934331655502319,0.393547922372818,0.6607175469398499,0.6120018362998962,0.6680417060852051,0.553506076335907,0.5881826877593994,0.6510278582572937,0.7441741228103638,0.1537119299173355,0.9416720867156982,0.6074865460395813,0.7257381677627563,0.36247509717941284,0.9133316874504089
General1,2,1,0.6190928816795349,0.13017597794532776,-0.3288275897502899,0.9998866319656372,0.6342514157295227,0.11554178595542908,-0.29966774582862854,0.9997732043266296,0.6433292627334595,0.11527752876281738,-0.2997840344905853,0.9997530579566956,0.6516029238700867,0.11503246426582336,-0.2999163269996643,0.9997485280036926,0.6074948906898499,0.1155291497707367,-0.2843416631221771,0.9995461106300354,0.5992598533630371,0.11542883515357971,-0.28431442379951477,0.9994412064552307,0.5913814306259155,0.11541283130645752,-0.2843796908855438,0.9994053840637207,0.6649699807167053,0.12072774767875671,-0.09912890195846558,0.9997883439064026,0.5857805609703064,0.12209638953208923,-0.027300577610731125,0.999281108379364,0.6391350030899048,0.147510826587677,-0.25003311038017273,0.9999316930770874,0.6063258647918701,0.14561784267425537,-0.23063360154628754,0.9998226761817932,0.7382861375808716,0.197325199842453,-0.05704118311405182,0.9999736547470093,0.5459333658218384,0.19108760356903076,0.07318072021007538,0.999636173248291,0.7861261963844299,0.28980085253715515,-0.3667526841163635,0.9934766888618469,0.47923383116722107,0.2369360327720642,-0.2490658462047577,0.984006941318512,0.6569421887397766,0.2327829748392105,-0.6733561158180237,0.9953990578651428,0.5400066375732422,0.15088559687137604,-0.6554827094078064,0.9850925803184509,0.6355533003807068,0.20994190871715546,-0.7435675859451294,0.9850686192512512,0.5469543933868408,0.12710601091384888,-0.7444575428962708,0.956244945526123,0.6378630995750427,0.19981148838996887,-0.7057502865791321,0.9829131960868835,0.5561476349830627,0.1246815025806427,-0.7013327479362488,0.9463456869125366,0.6402091979980469,0.20840215682983398,-0.6607761383056641,0.9730055928230286,0.5585685968399048,0.13326093554496765,-0.6523110866546631,0.9304059743881226,0.7000865936279297,0.40447744727134705,-0.025966977700591087,0.9999407529830933,0.573897123336792,0.39993539452552795,0.025641068816184998,0.9998620748519897,0.679347813129425,0.570905864238739,-0.12221194058656693,0.9811169505119324,0.5825176239013672,0.5501906275749207,-0.041707079857587814,0.9799688458442688,0.6608808040618896,0.6885754466056824,0.39764806628227234,0.9581782221794128,0.6051589250564575,0.6612155437469482,0.5310186147689819,0.9257280826568604,0.6504070162773132,0.6930991411209106,0.44034233689308167,0.672367513179779,0.6119137406349182,0.6675149202346802,0.5820529460906982,0.602604329586029,0.6524209380149841,0.7447751760482788,0.1914367973804474,0.9374064803123474,0.6076449751853943,0.7259419560432434,0.37964046001434326,0.9152877926826477
General1,3,1,0.6233425140380859,0.1279849112033844,-0.2875525653362274,0.999947190284729,0.6353369951248169,0.11332228779792786,-0.25735118985176086,0.9999047517776489,0.6429538130760193,0.11272644996643066,-0.2574520409107208,0.9998900890350342,0.6491262912750244,0.11233028769493103,-0.2576133608818054,0.9998857975006104,0.6106401085853577,0.11415085196495056,-0.24461673200130463,0.9998365640640259,0.602121889591217,0.11399522423744202,-0.24459819495677948,0.9997933506965637,0.594166100025177,0.11406534910202026,-0.24466048181056976,0.9997966885566711,0.6599026918411255,0.11740148067474365,-0.05218472331762314,0.9999372959136963,0.585339367389679,0.11990547180175781,0.009496951475739479,0.9998383522033691,0.6396247744560242,0.14382010698318481,-0.20664627850055695,0.999968409538269,0.6112589240074158,0.14281830191612244,-0.19026051461696625,0.9999349117279053,0.7325029373168945,0.1939067393541336,-0.016416167840361595,0.9999722242355347,0.5397372245788574,0.1879846751689911,0.10890471935272217,0.9998478889465332,0.7803242802619934,0.2790592908859253,-0.32348766922950745,0.9941144585609436,0.4754278361797333,0.22720015048980713,-0.2328270822763443,0.9906450510025024,0.6581083536148071,0.21891553699970245,-0.5925999283790588,0.9945955872535706,0.5430454015731812,0.14339005947113037,-0.6189787983894348,0.9884010553359985,0.6334107518196106,0.19745852053165436,-0.665590226650238,0.9825350046157837,0.5552107691764832,0.11912274360656738,-0.7098090052604675,0.961401641368866,0.6343192458152771,0.1870402693748474,-0.6289910078048706,0.9797577261924744,0.5638011693954468,0.1179560124874115,-0.6675491333007812,0.9528986811637878,0.6373097896575928,0.1954374760389328,-0.5819518566131592,0.9702796339988708,0.5649047493934631,0.12713968753814697,-0.6173946857452393,0.941760778427124,0.6993425488471985,0.40085098147392273,-0.04023027420043945,0.9999103546142578,0.5726473927497864,0.39941033720970154,0.04005834460258484,0.9998743534088135,0.6755401492118835,0.5692805051803589,-0.08867812156677246,0.9871962070465088,0.5813164710998535,0.5556817650794983,0.02513803355395794,0.9807388782501221,0.6584662199020386,0.6941908001899719,0.3896576464176178,0.9658918976783752,0.6080054044723511,0.67906254529953,0.4851706624031067,0.9564084410667419,0.6543092727661133,0.7050601243972778,0.42630666494369507,0.6574051380157471,0.6193220019340515,0.6916120648384094,0.5217120051383972,0.7081653475761414,0.6473053097724915,0.7490506768226624,0.17360875010490417,0.9495638012886047,0.5907007455825806,0.7378292083740234,0.29775723814964294,0.9451677799224854
General1,4,1,0.6237494349479675,0.1286734640598297,-0.28808343410491943,0.9999527931213379,0.635672390460968,0.11360368132591248,-0.257625937461853,0.999915599822998,0.6433387994766235,0.11299952864646912,-0.2577231526374817,0.9999035596847534,0.6495174765586853,0.11259979009628296,-0.25788548588752747,0.9998995065689087,0.610846757888794,0.11446288228034973,-0.2446737438440323,0.9998555183410645,0.6023627519607544,0.11434105038642883,-0.24466125667095184,0.9998180270195007,0.5943933129310608,0.11445239186286926,-0.24471986293792725,0.9998219609260559,0.659905195236206,0.11762598156929016,-0.04962700977921486,0.9999480247497559,0.5855859518051147,0.12016153335571289,0.013316095806658268,0.9998620748519897,0.6399359107017517,0.1444610059261322,-0.20610079169273376,0.9999724626541138,0.6117372512817383,0.14351242780685425,-0.18937264382839203,0.9999443292617798,0.7324919700622559,0.19384637475013733,-0.012518986128270626,0.9999736547470093,0.5397544503211975,0.18825076520442963,0.12003876268863678,0.9998589754104614,0.7801864147186279,0.2784832715988159,-0.3181661367416382,0.9946979284286499,0.47406208515167236,0.22817593812942505,-0.22013895213603973,0.9909571409225464,0.6568583846092224,0.21834106743335724,-0.5853356122970581,0.994662344455719,0.5428301692008972,0.14365866780281067,-0.6097090244293213,0.9881845712661743,0.6330693960189819,0.1966477334499359,-0.6599627733230591,0.9824662208557129,0.5541812181472778,0.11923876404762268,-0.7016586065292358,0.9601441025733948,0.6341195702552795,0.18636353313922882,-0.6234248280525208,0.9796739220619202,0.5635567903518677,0.11844989657402039,-0.6600087285041809,0.9514762759208679,0.6369089484214783,0.19486881792545319,-0.5748920440673828,0.970127284526825,0.5649999976158142,0.12756967544555664,-0.6088182330131531,0.9402273893356323,0.6993893980979919,0.4005923569202423,-0.04369232803583145,0.9998964071273804,0.5728887915611267,0.39932119846343994,0.04355737566947937,0.999861478805542,0.6760411262512207,0.5691948533058167,-0.08976298570632935,0.9882581830024719,0.5811408758163452,0.5554178357124329,0.029172316193580627,0.981098473072052,0.6590217351913452,0.693956732749939,0.38870149850845337,0.9676528573036194,0.6083295941352844,0.6802126169204712,0.4834579527378082,0.9584652781486511,0.655845582485199,0.7046093940734863,0.42491772770881653,0.6618779301643372,0.6198626756668091,0.6927911043167114,0.5188889503479004,0.7180296182632446,0.6450385451316833,0.7493008375167847,0.1668284684419632,0.9511594176292419,0.589443027973175,0.7383592128753662,0.2880488336086273,0.9467870593070984
General1,5,1,0.6248013973236084,0.12231481075286865,-0.2042725533246994,0.9998226761817932,0.6342575550079346,0.11077466607093811,-0.1725761741399765,0.9996743202209473,0.6400693655014038,0.11056876182556152,-0.17262722551822662,0.9996262788772583,0.6453067064285278,0.11047035455703735,-0.17269504070281982,0.9996048808097839,0.613071858882904,0.11021268367767334,-0.1612272411584854,0.999534010887146,0.6052775382995605,0.10962247848510742,-0.16124586760997772,0.9994495511054993,0.5967391133308411,0.10898804664611816,-0.16136664152145386,0.9994957447052002,0.6531178951263428,0.11579588055610657,0.02188928611576557,0.9997052550315857,0.5874318480491638,0.1152476966381073,0.07662411034107208,0.9995036125183105,0.6377063393592834,0.13613784313201904,-0.12870128452777863,0.9997817873954773,0.6146813631057739,0.13526418805122375,-0.1141289621591568,0.9996699094772339,0.7282504439353943,0.19273638725280762,0.03080410324037075,0.9997921586036682,0.5336949825286865,0.1876286268234253,0.11274741590023041,0.9995456337928772,0.7660617828369141,0.25575780868530273,-0.32123300433158875,0.9838356971740723,0.4742027223110199,0.22377176582813263,-0.2850719392299652,0.9852578043937683,0.6405405402183533,0.1874171942472458,-0.5962833762168884,0.987485945224762,0.5492492914199829,0.13578298687934875,-0.6560263633728027,0.9805136322975159,0.6202728748321533,0.15860030055046082,-0.6700554490089417,0.965679407119751,0.56150883436203,0.11148649454116821,-0.7448031306266785,0.9418575167655945,0.62193763256073,0.15342985093593597,-0.6288226842880249,0.9604813456535339,0.5688768029212952,0.11254364252090454,-0.6998119354248047,0.9306029081344604,0.6221879720687866,0.16091808676719666,-0.585997462272644,0.9463421702384949,0.5696232914924622,0.12217307090759277,-0.6525247693061829,0.9167274236679077,0.6961069107055664,0.4045041799545288,-0.028741829097270966,0.9997636675834656,0.5671728253364563,0.4054720103740692,0.028502285480499268,0.9997500777244568,0.6788372993469238,0.5700605511665344,-0.0761074647307396,0.9885513186454773,0.5794368386268616,0.5622349977493286,0.010341951623558998,0.980901300907135,0.6545859575271606,0.6993870735168457,0.33641746640205383,0.9744928479194641,0.6064398288726807,0.6988958120346069,0.380077600479126,0.9658451080322266,0.6493260860443115,0.7132933139801025,0.3653959333896637,0.7021612524986267,0.6174918413162231,0.7132248878479004,0.4052319824695587,0.6809735298156738,0.6520096063613892,0.7576109170913696,0.09804952889680862,0.9619985222816467,0.5899476408958435,0.7596526145935059,0.14936798810958862,0.9519269466400146
General1,6,1,0.626426637172699,0.12305161356925964,-0.21097369492053986,0.9998313188552856,0.6353263854980469,0.11116057634353638,-0.17998869717121124,0.9996846914291382,0.6410850286483765,0.11091923713684082,-0.18004845082759857,0.9996391534805298,0.646289587020874,0.11080536246299744,-0.1801205575466156,0.9996166229248047,0.614431619644165,0.11055168509483337,-0.1681368499994278,0.9995531439781189,0.6067481637001038,0.10988274216651917,-0.1681518852710724,0.9994693398475647,0.5981581211090088,0.1091424822807312,-0.168275386095047,0.9995125532150269,0.6537295579910278,0.11590602993965149,0.012578777968883514,0.9997133612632751,0.5878478288650513,0.11510798335075378,0.06972183287143707,0.9995114803314209,0.6386408805847168,0.13706448674201965,-0.13584601879119873,0.9997856020927429,0.6158782839775085,0.13610345125198364,-0.1206047460436821,0.9996764659881592,0.728313148021698,0.19232843816280365,0.01980048231780529,0.9997876286506653,0.5340865254402161,0.1873699575662613,0.11070877313613892,0.9995423555374146,0.7663928866386414,0.25608712434768677,-0.3278915584087372,0.9832043647766113,0.4729600250720978,0.2243867963552475,-0.283505916595459,0.9847583770751953,0.6398956179618835,0.18751373887062073,-0.5982961654663086,0.9869258403778076,0.548627495765686,0.13652828335762024,-0.65505051612854,0.979792594909668,0.6197540760040283,0.1584237515926361,-0.6708205938339233,0.9647873640060425,0.5609683990478516,0.1118740439414978,-0.7434472441673279,0.940230667591095,0.6219230890274048,0.15303367376327515,-0.6306546926498413,0.9593707323074341,0.5686217546463013,0.11297911405563354,-0.6980194449424744,0.9285666346549988,0.6219854354858398,0.16060757637023926,-0.5881476402282715,0.9450798630714417,0.5694053769111633,0.12270691990852356,-0.6513955593109131,0.9145305156707764,0.6965165734291077,0.4047848880290985,-0.03210723027586937,0.9997523427009583,0.5677552819252014,0.4059905409812927,0.03187160566449165,0.9997393488883972,0.6780354976654053,0.5702292919158936,-0.07622750848531723,0.9888350367546082,0.5795934200286865,0.5625755786895752,0.018337558954954147,0.98203444480896,0.6553844809532166,0.6992403864860535,0.3368891477584839,0.9749861359596252,0.6069260239601135,0.698895275592804,0.38384509086608887,0.9678878784179688,0.6501135230064392,0.7128700017929077,0.36600232124328613,0.7014910578727722,0.6179894208908081,0.7130178809165955,0.4087532162666321,0.6926453709602356,0.6527215242385864,0.7576531767845154,0.10062199831008911,0.9628615975379944,0.5906087160110474,0.7601922750473022,0.1551184505224228,0.954174280166626
General1,7,1,0.6258994340896606,0.12245726585388184,-0.2080528438091278,0.9998036026954651,0.635187029838562,0.11062633991241455,-0.17412817478179932,0.9996391534805298,0.6409424543380737,0.11041241884231567,-0.1741776168346405,0.9995834231376648,0.6460889577865601,0.11032050848007202,-0.17423954606056213,0.9995598196983337,0.6139264702796936,0.11001798510551453,-0.16478370130062103,0.999498724937439,0.6060144901275635,0.1093849241733551,-0.16480295360088348,0.9994066953659058,0.5973256230354309,0.10870349407196045,-0.16492311656475067,0.9994590878486633,0.6536729335784912,0.1155158281326294,0.027409972622990608,0.9996683597564697,0.5874643921852112,0.11477893590927124,0.07327088713645935,0.9994613528251648,0.6383513808250427,0.1360357105731964,-0.13000212609767914,0.9997531771659851,0.6152694225311279,0.13531926274299622,-0.11798937618732452,0.9996416568756104,0.7275864481925964,0.19284529983997345,0.036560699343681335,0.9997641444206238,0.532982587814331,0.187335804104805,0.10547838360071182,0.9995095729827881,0.7660509347915649,0.2554953098297119,-0.3216148614883423,0.9830811619758606,0.4745830297470093,0.22408607602119446,-0.2993287146091461,0.9852737784385681,0.6392216682434082,0.18640463054180145,-0.6025192141532898,0.986951470375061,0.5492759943008423,0.13579535484313965,-0.667766809463501,0.9804725050926208,0.6187487840652466,0.15756109356880188,-0.6769709587097168,0.964455246925354,0.561691164970398,0.111387699842453,-0.7572085857391357,0.94147127866745,0.6210166811943054,0.15244269371032715,-0.6353475451469421,0.9590920805931091,0.5690837502479553,0.11246472597122192,-0.7113515138626099,0.9301091432571411,0.621286153793335,0.16000263392925262,-0.5925077795982361,0.9447323083877563,0.5697417855262756,0.12204721570014954,-0.6637135148048401,0.916022777557373,0.6969391107559204,0.40457138419151306,-0.025357535108923912,0.999754011631012,0.5677575469017029,0.4061778485774994,0.025126377120614052,0.9997461438179016,0.6790965795516968,0.5697690844535828,-0.06913328915834427,0.9900533556938171,0.5788062214851379,0.5620754957199097,0.009226622059941292,0.9834384322166443,0.6555274128913879,0.6989725828170776,0.3503485321998596,0.9770992398262024,0.6046406626701355,0.6997197270393372,0.3787897527217865,0.9708515405654907,0.6501965522766113,0.7130995988845825,0.37996771931648254,0.7111953496932983,0.6132082939147949,0.7144032716751099,0.4035935401916504,0.6973303556442261,0.6522684097290039,0.7531975507736206,0.1120232418179512,0.965318500995636,0.5867606401443481,0.759209394454956,0.14387895166873932,0.9575096368789673
General1,8,1,0.6467170119285583,0.13114681839942932,-0.2303907424211502,0.9994297623634338,0.6478574275970459,0.11882710456848145,-0.19166289269924164,0.9989643096923828,0.650818407535553,0.11879494786262512,-0.19172316789627075,0.9986629486083984,0.6532858610153198,0.11866962909698486,-0.19179180264472961,0.9987305998802185,0.6310964822769165,0.1172461211681366,-0.19186648726463318,0.9988824725151062,0.6228370070457458,0.11600196361541748,-0.1919042319059372,0.9985665678977966,0.6133471727371216,0.1145777702331543,-0.19208970665931702,0.9988967180252075,0.6497671008110046,0.12206339836120605,0.023493997752666473,0.9989295601844788,0.5920554995536804,0.11996319890022278,0.025578057393431664,0.9987051486968994,0.6493541598320007,0.1446317732334137,-0.14785295724868774,0.9992225170135498,0.6301670670509338,0.14220359921455383,-0.14856262505054474,0.9991238713264465,0.7202893495559692,0.19641640782356262,0.03754177317023277,0.9990369081497192,0.5265138745307922,0.19277778267860413,0.05072789266705513,0.9988682270050049,0.7576714158058167,0.2455519437789917,-0.3386646509170532,0.9818568825721741,0.4736701250076294,0.223882257938385,-0.3640693426132202,0.986125648021698,0.6475701332092285,0.18148674070835114,-0.653634786605835,0.9843100309371948,0.5481932163238525,0.13695737719535828,-0.7215180397033691,0.9777658581733704,0.6232268214225769,0.15583917498588562,-0.7265479564666748,0.9573695659637451,0.5593008995056152,0.11318734288215637,-0.8107450604438782,0.9334112405776978,0.6196548938751221,0.15232884883880615,-0.6837413907051086,0.9502004384994507,0.5652039051055908,0.1142268180847168,-0.7618492841720581,0.9214545488357544,0.6222091317176819,0.1585448682308197,-0.6439233422279358,0.934808075428009,0.5658107995986938,0.1238817572593689,-0.7151831388473511,0.906529426574707,0.6972240805625916,0.41062939167022705,-0.013634133152663708,0.9980296492576599,0.5674583911895752,0.4149658977985382,0.01352288294583559,0.9988023042678833,0.6752470135688782,0.5740985870361328,-0.05190232768654823,0.9650202989578247,0.5813674330711365,0.5699065327644348,-0.039357930421829224,0.9504420161247253,0.6559245586395264,0.6983034610748291,0.3404983878135681,0.8723559379577637,0.6138211488723755,0.7198339104652405,0.2559080421924591,0.9112699627876282,0.6494027376174927,0.7116330862045288,0.3683885931968689,0.4101541042327881,0.6228629350662231,0.7364817261695862,0.27223265171051025,0.5326032042503357,0.6515647172927856,0.7545083165168762,0.11303336918354034,0.8564367890357971,0.5973406434059143,0.7763193249702454,-0.002346138237044215,0.8661642074584961
General1,9,1,0.6240077614784241,0.14146864414215088,-0.2491045594215393,0.9993366599082947,0.6330189108848572,0.13027116656303406,-0.20614410936832428,0.9987972974777222,0.6381218433380127,0.1296970546245575,-0.20622053742408752,0.9983968138694763,0.6426723599433899,0.1289198398590088,-0.20626932382583618,0.9985129237174988,0.6109722852706909,0.12815409898757935,-0.20642641186714172,0.9988540410995483,0.6011757850646973,0.12623554468154907,-0.20646058022975922,0.9984934329986572,0.5919916033744812,0.12436288595199585,-0.20665457844734192,0.9988337159156799,0.6437849402427673,0.13018453121185303,0.011957415379583836,0.9985079169273376,0.5773999691009521,0.12985864281654358,0.013358366675674915,0.9983730316162109,0.6321756839752197,0.1519254446029663,-0.16686564683914185,0.9989160299301147,0.6074161529541016,0.14996349811553955,-0.16771142184734344,0.9989715814590454,0.7170054912567139,0.2002725601196289,0.009761755354702473,0.9972056746482849,0.5184549689292908,0.20045846700668335,0.022905459627509117,0.9985305070877075,0.7479337453842163,0.2314550280570984,-0.41425228118896484,0.985207200050354,0.4721442461013794,0.22844038903713226,-0.40796878933906555,0.9858762621879578,0.6420207619667053,0.16154971718788147,-0.7532773613929749,0.9846934080123901,0.5440507531166077,0.13911670446395874,-0.7664928436279297,0.9755349159240723,0.620166003704071,0.1386483609676361,-0.8324797749519348,0.9570346474647522,0.5534542202949524,0.11531561613082886,-0.8561842441558838,0.928519070148468,0.6194546222686768,0.13558468222618103,-0.7848413586616516,0.9493350982666016,0.5562441349029541,0.11512681841850281,-0.8079051375389099,0.9156302809715271,0.6209622621536255,0.1442946493625641,-0.7432299256324768,0.9370511174201965,0.5579797029495239,0.12486341595649719,-0.7597806453704834,0.90104740858078,0.6929229497909546,0.4195335805416107,-0.004138974938541651,0.997870683670044,0.5648491978645325,0.4232863187789917,0.004062867723405361,0.9991806149482727,0.6698517799377441,0.5814931392669678,-0.028822757303714752,0.9400822520256042,0.58063805103302,0.5819252729415894,-0.09212914854288101,0.9444789290428162,0.6508419513702393,0.6979020833969116,0.43893134593963623,0.6811496615409851,0.6161802411079407,0.7285779714584351,0.1487503945827484,0.8709784150123596,0.6447586417198181,0.7089242339134216,0.47592341899871826,0.2508946359157562,0.622175395488739,0.7455829381942749,0.15897589921951294,0.44426673650741577,0.6508916616439819,0.7474707961082458,0.2581627070903778,0.6805416941642761,0.620507001876831,0.7862260341644287,-0.12369918078184128,0.8043256998062134
General1,10,1,0.6244687438011169,0.14119407534599304,-0.23521749675273895,0.9994852542877197,0.6334050893783569,0.12998735904693604,-0.19105663895606995,0.9990474581718445,0.6384454965591431,0.12946075201034546,-0.19111615419387817,0.9987205266952515,0.6429059505462646,0.12875717878341675,-0.1911706030368805,0.9988333582878113,0.6110342741012573,0.1278645396232605,-0.1917516589164734,0.9990187883377075,0.6009427309036255,0.12594246864318848,-0.19178959727287292,0.9987145662307739,0.5915332436561584,0.12409898638725281,-0.19196537137031555,0.9990211725234985,0.6437159776687622,0.1305016577243805,0.02902073971927166,0.9988909363746643,0.576705813407898,0.12980937957763672,0.028377370908856392,0.9986526966094971,0.632552981376648,0.15183481574058533,-0.1528257131576538,0.9992213249206543,0.607412576675415,0.1498987078666687,-0.15425822138786316,0.9992038607597351,0.7159547805786133,0.20052368938922882,0.02409433200955391,0.9981458187103271,0.5181668996810913,0.20092922449111938,0.040260281413793564,0.9986112117767334,0.7492711544036865,0.23108744621276855,-0.39724382758140564,0.9863757491111755,0.47249269485473633,0.228633314371109,-0.3884505331516266,0.9863341450691223,0.6436847448348999,0.1621309518814087,-0.7330865263938904,0.9863821268081665,0.5443060994148254,0.13940772414207458,-0.7378191947937012,0.9761560559272766,0.6224464178085327,0.1398015320301056,-0.8129022717475891,0.9609660506248474,0.5534504055976868,0.11548149585723877,-0.8280930519104004,0.9292048811912537,0.6207265257835388,0.13871952891349792,-0.7648962736129761,0.9538266658782959,0.5566619038581848,0.11549100279808044,-0.7773348689079285,0.9162973761558533,0.6221840381622314,0.1449204981327057,-0.7231185436248779,0.9425987005233765,0.5585018992424011,0.1251920461654663,-0.7307131886482239,0.9026299118995667,0.6934224367141724,0.4204064607620239,-0.005683274939656258,0.9984312653541565,0.565493106842041,0.4241425096988678,0.005581016186624765,0.9992665648460388,0.6691247224807739,0.5829477906227112,-0.04521447792649269,0.9534554481506348,0.5803482532501221,0.5826199054718018,-0.07449611276388168,0.9487978219985962,0.6504478454589844,0.6960481405258179,0.4606841802597046,0.7258380055427551,0.6148988604545593,0.7275205850601196,0.21225838363170624,0.8831110000610352,0.6433581709861755,0.7065043449401855,0.5020205974578857,0.2685126066207886,0.6201088428497314,0.7435422539710999,0.22777864336967468,0.45145508646965027,0.649821937084198,0.7553802728652954,0.282238245010376,0.7162353992462158,0.6203295588493347,0.7859358787536621,-0.051905859261751175,0.8187472224235535
General1,11,1,0.619207501411438,0.1415175199508667,-0.24581782519817352,0.9994188547134399,0.6311661005020142,0.13064876198768616,-0.20453572273254395,0.9988744854927063,0.6366945505142212,0.1302042007446289,-0.2046024054288864,0.9985223412513733,0.6417445540428162,0.12954768538475037,-0.20465971529483795,0.9986176490783691,0.6080725193023682,0.127772718667984,-0.20204904675483704,0.9988328814506531,0.5985727310180664,0.12554115056991577,-0.20208972692489624,0.9984727501869202,0.5894463062286377,0.1233571469783783,-0.2022777795791626,0.9988100528717041,0.6453446745872498,0.1308872103691101,0.008905952796339989,0.9987572431564331,0.5761233568191528,0.1289002001285553,0.02324833907186985,0.9984686970710754,0.6281050443649292,0.15212199091911316,-0.16509376466274261,0.999152660369873,0.6027523875236511,0.14977583289146423,-0.1622168868780136,0.9991230368614197,0.7176355719566345,0.200211301445961,0.004327158909291029,0.9982689619064331,0.5180637240409851,0.19923242926597595,0.04366239905357361,0.9988037347793579,0.751438319683075,0.23088130354881287,-0.4170360863208771,0.987866997718811,0.4731519818305969,0.23035769164562225,-0.3735779821872711,0.9877691864967346,0.6406253576278687,0.16048307716846466,-0.7505834698677063,0.9868587255477905,0.543095588684082,0.1402069330215454,-0.7230338454246521,0.9793782830238342,0.6199349761009216,0.1380983293056488,-0.8305141925811768,0.9620664715766907,0.5531312823295593,0.11600974202156067,-0.8140401840209961,0.9372779130935669,0.6197161674499512,0.13559561967849731,-0.7835771441459656,0.9548158049583435,0.5558447241783142,0.11582064628601074,-0.7620612382888794,0.9252825379371643,0.6206557750701904,0.14376166462898254,-0.7408631443977356,0.9438115954399109,0.5572031140327454,0.1254808008670807,-0.7159927487373352,0.9124203324317932,0.6927434206008911,0.4213511645793915,-0.008410371840000153,0.9986284971237183,0.5647909641265869,0.42436152696609497,0.008290647529065609,0.9993064403533936,0.6699017882347107,0.5833045840263367,-0.05341845005750656,0.9571518301963806,0.5795594453811646,0.581774890422821,-0.055324018001556396,0.9547319412231445,0.6517897844314575,0.6958454847335815,0.45816636085510254,0.7349609732627869,0.6093019247055054,0.7274771332740784,0.24436871707439423,0.8886643052101135,0.6437610387802124,0.7068314552307129,0.5004906058311462,0.28975948691368103,0.6199195384979248,0.742590069770813,0.26175105571746826,0.46778902411460876,0.6514651775360107,0.7559574246406555,0.28167852759361267,0.7267059683799744,0.6189895272254944,0.7849855422973633,-0.013307339511811733,0.8257089257240295
General1,12,1,0.5995341539382935,0.1446821093559265,-0.2612766921520233,0.9996953010559082,0.6146737933158875,0.13446316123008728,-0.2175004780292511,0.9995356798171997,0.6229664087295532,0.13392779231071472,-0.21756479144096375,0.9994113445281982,0.6299936771392822,0.13327905535697937,-0.21759112179279327,0.9994643330574036,0.5884008407592773,0.1346805989742279,-0.21252284944057465,0.9995244741439819,0.5794580578804016,0.13457292318344116,-0.21253935992717743,0.9993913173675537,0.5718057155609131,0.13460960984230042,-0.21275219321250916,0.9994829893112183,0.6440818905830383,0.13661333918571472,-0.00800729263573885,0.9993144273757935,0.5639376044273376,0.14001524448394775,0.018339978531003,0.9992054104804993,0.6189285516738892,0.15712344646453857,-0.18467389047145844,0.9993653893470764,0.5858839750289917,0.15635153651237488,-0.17796659469604492,0.9993732571601868,0.7185045480728149,0.2113839089870453,-0.018798623234033585,0.9940370321273804,0.5198450684547424,0.21814177930355072,-0.008780967444181442,0.9981836676597595,0.7322877645492554,0.21859128773212433,-0.4662040174007416,0.9770483374595642,0.47133374214172363,0.23450323939323425,-0.4720165431499481,0.9847496747970581,0.6408475637435913,0.14938154816627502,-0.8076255321502686,0.9810947179794312,0.5458462834358215,0.14820685982704163,-0.8435062766075134,0.9744226932525635,0.6195650100708008,0.12769737839698792,-0.8916918635368347,0.9538377523422241,0.5623046159744263,0.12738922238349915,-0.9341835975646973,0.933269739151001,0.6184278130531311,0.12598580121994019,-0.8526657819747925,0.9479876160621643,0.5668638944625854,0.126054584980011,-0.890041708946228,0.9220773577690125,0.6225146055221558,0.1341414451599121,-0.8029721975326538,0.9400873184204102,0.5632374882698059,0.1340412199497223,-0.839163064956665,0.9124726057052612,0.6908501982688904,0.43269237875938416,0.012026533484458923,0.9975597858428955,0.560828685760498,0.4371117353439331,-0.012162485159933567,0.9991089701652527,0.6678413152694702,0.5924786329269409,-0.017655465751886368,0.9111367464065552,0.5859535336494446,0.5977608561515808,-0.0849262923002243,0.9560273885726929,0.6468451023101807,0.6982948780059814,0.44127485156059265,0.6282337307929993,0.6097255349159241,0.7481309771537781,0.10611574351787567,0.8658751249313354,0.6351199150085449,0.7099113464355469,0.47683629393577576,0.2861950993537903,0.6129963397979736,0.765849232673645,0.11076270788908005,0.4292197823524475,0.6517794132232666,0.7527413368225098,0.2804171144962311,0.6249399781227112,0.6145253777503967,0.8013482093811035,-0.16641570627689362,0.7765536904335022
General1,13,1,0.599443793296814,0.14475136995315552,-0.24998839199543,0.9997087121009827,0.6145045161247253,0.13446050882339478,-0.2059464156627655,0.9995394945144653,0.6226754784584045,0.13392162322998047,-0.20601126551628113,0.9994238615036011,0.629578709602356,0.13327312469482422,-0.20604147017002106,0.9994792342185974,0.5883914232254028,0.1347222626209259,-0.20069894194602966,0.9995266199111938,0.5793673396110535,0.1346243917942047,-0.20071028172969818,0.999401330947876,0.5716173648834229,0.13467058539390564,-0.20092400908470154,0.9994959831237793,0.6434881687164307,0.13684111833572388,0.0012816276866942644,0.9993109703063965,0.5635261535644531,0.1400967538356781,0.029093405231833458,0.9991827607154846,0.6186686754226685,0.15739628672599792,-0.17442761361598969,0.999357283115387,0.5856420397758484,0.15654519200325012,-0.1673388034105301,0.9993616938591003,0.718668520450592,0.21162089705467224,-0.011758463457226753,0.9942777752876282,0.5190838575363159,0.21780288219451904,0.003974974155426025,0.9980595707893372,0.7325416803359985,0.21910996735095978,-0.4489462375640869,0.977751612663269,0.47161948680877686,0.2343476116657257,-0.45084014534950256,0.9835753440856934,0.6406800150871277,0.14899671077728271,-0.7804713845252991,0.9817370176315308,0.5454922914505005,0.14795014262199402,-0.8197464942932129,0.9729346036911011,0.6195634007453918,0.12741774320602417,-0.862821102142334,0.954938530921936,0.5614246726036072,0.12691819667816162,-0.9099966883659363,0.929675281047821,0.6180663108825684,0.12556171417236328,-0.823905348777771,0.9492436051368713,0.5647748112678528,0.12543022632598877,-0.8662530183792114,0.9176755547523499,0.6222383975982666,0.13369479775428772,-0.7754373550415039,0.9409059882164001,0.562721312046051,0.1335233449935913,-0.8155198693275452,0.9077419638633728,0.6911698579788208,0.43262019753456116,0.009724554605782032,0.9976838827133179,0.5605424046516418,0.4360778033733368,-0.009873521514236927,0.9991276860237122,0.6681042909622192,0.5915920734405518,-0.018745407462120056,0.9209305644035339,0.5857730507850647,0.5978475213050842,-0.08577877283096313,0.9567728042602539,0.6484879851341248,0.6979371309280396,0.44211438298225403,0.6569746136665344,0.6105597019195557,0.7477868795394897,0.10651049762964249,0.8706033229827881,0.6371156573295593,0.7091301083564758,0.4778454005718231,0.28161105513572693,0.6143151521682739,0.7655541896820068,0.11131413280963898,0.42528510093688965,0.6532297730445862,0.7528664469718933,0.2784331440925598,0.6461355090141296,0.6148045659065247,0.7996925115585327,-0.16626287996768951,0.7862517237663269
General1,14,1,0.5930646657943726,0.14539426565170288,-0.2802058458328247,0.9997150301933289,0.6072666645050049,0.1370290219783783,-0.2374485731124878,0.9995274543762207,0.6151788830757141,0.13693839311599731,-0.23747582733631134,0.9993736147880554,0.6225154995918274,0.1365624964237213,-0.23750971257686615,0.9994295239448547,0.5822144746780396,0.13733500242233276,-0.2338964194059372,0.9995284080505371,0.5743887424468994,0.13782843947410583,-0.23388327658176422,0.9994226694107056,0.5666692852973938,0.13834801316261292,-0.23408150672912598,0.9995602965354919,0.6382660269737244,0.14167127013206482,-0.02832149714231491,0.9993064403533936,0.5583634972572327,0.1475386619567871,-0.007787700276821852,0.9992095232009888,0.6129146218299866,0.15844646096229553,-0.20325712859630585,0.9994229078292847,0.5811865329742432,0.15909913182258606,-0.19816383719444275,0.9994584918022156,0.709815263748169,0.21549652516841888,-0.038249578326940536,0.9930713772773743,0.515239953994751,0.22454963624477386,-0.030380750074982643,0.9979450106620789,0.7291522026062012,0.20491574704647064,-0.4904945492744446,0.9776237607002258,0.46697741746902466,0.23932011425495148,-0.5047319531440735,0.9848029613494873,0.6392015814781189,0.13045239448547363,-0.8337258100509644,0.9701903462409973,0.539063036441803,0.15483328700065613,-0.8825518488883972,0.9737893342971802,0.6156048774719238,0.11919736862182617,-0.9144212007522583,0.9276148080825806,0.550955593585968,0.13396543264389038,-0.9740148782730103,0.9322133660316467,0.610584020614624,0.12022066116333008,-0.8740899562835693,0.918639600276947,0.5526872873306274,0.13205364346504211,-0.9288573861122131,0.9219716787338257,0.6173525452613831,0.12657076120376587,-0.8290531039237976,0.9123278260231018,0.5521356463432312,0.14042457938194275,-0.8778496384620667,0.9121792912483215,0.6852694749832153,0.4356033205986023,-0.00017757786554284394,0.9983288645744324,0.5558289885520935,0.43939465284347534,-7.644520519534126e-05,0.9993607401847839,0.6643587946891785,0.6004417538642883,-0.06429343670606613,0.919722855091095,0.5812134742736816,0.6046497225761414,-0.11366000771522522,0.9446238279342651,0.648892879486084,0.6874462366104126,0.461980402469635,0.6222963929176331,0.6060648560523987,0.7530376315116882,0.10301749408245087,0.8665541410446167,0.6391382217407227,0.6892909407615662,0.5049726963043213,0.20801548659801483,0.6150287985801697,0.7721296548843384,0.11032187938690186,0.39933279156684875,0.6493650078773499,0.7467439770698547,0.3079235851764679,0.6158035397529602,0.6010403633117676,0.8057248592376709,-0.17751669883728027,0.7867879271507263
General1,15,1,0.5949238538742065,0.14551928639411926,-0.2771354615688324,0.999715268611908,0.608269214630127,0.13712364435195923,-0.23373529314994812,0.9995417594909668,0.6159319877624512,0.1369359791278839,-0.233761265873909,0.9993879795074463,0.6229339838027954,0.13652843236923218,-0.23378793895244598,0.9994444251060486,0.5835100412368774,0.13763496279716492,-0.23098431527614594,0.9995469450950623,0.5753569006919861,0.13818353414535522,-0.23097431659698486,0.9994452595710754,0.5674449801445007,0.13874661922454834,-0.23116616904735565,0.9995836615562439,0.6378400921821594,0.1415744125843048,-0.022317886352539062,0.9993226528167725,0.5580014586448669,0.14790552854537964,-0.005865432787686586,0.9992642998695374,0.6135548949241638,0.15824753046035767,-0.19952765107154846,0.9994086027145386,0.5822865962982178,0.15925130248069763,-0.19557605683803558,0.9994717240333557,0.7093119621276855,0.21562501788139343,-0.032096944749355316,0.9930450320243835,0.5148625373840332,0.2252928465604782,-0.029645102098584175,0.9978880286216736,0.728967547416687,0.20467069745063782,-0.47996413707733154,0.9768260717391968,0.46620064973831177,0.2390383929014206,-0.506412923336029,0.9857057332992554,0.6392868161201477,0.13009050488471985,-0.8196713328361511,0.9695504903793335,0.5398286581039429,0.1541326642036438,-0.8823821544647217,0.9739920496940613,0.6157879829406738,0.11874845623970032,-0.9004393219947815,0.926090657711029,0.5519646406173706,0.13334602117538452,-0.9734422564506531,0.9317336678504944,0.6103909015655518,0.11986127495765686,-0.8600531816482544,0.9168713092803955,0.5560975074768066,0.13158053159713745,-0.9280016422271729,0.921471357345581,0.6169437766075134,0.12636637687683105,-0.8150526285171509,0.9102698564529419,0.5551934838294983,0.14002668857574463,-0.877385139465332,0.911618709564209,0.6853758692741394,0.43525174260139465,0.0006204692763276398,0.9981895089149475,0.5562254190444946,0.4392031133174896,-0.0008473904454149306,0.9992961883544922,0.66432785987854,0.5968642234802246,-0.05978822335600853,0.9171989560127258,0.5810875296592712,0.6037837266921997,-0.11678134649991989,0.9423511028289795,0.6484997272491455,0.687915563583374,0.447222501039505,0.6320421099662781,0.6058862805366516,0.752636194229126,0.09217022359371185,0.8597709536552429,0.6398355960845947,0.6968843340873718,0.4879421889781952,0.21310549974441528,0.6148644685745239,0.771628737449646,0.09856875985860825,0.39086493849754333,0.6487364172935486,0.7469898462295532,0.28670966625213623,0.6264005303382874,0.6009108424186707,0.8056023120880127,-0.19027197360992432,0.7802337408065796
General1,16,1,0.6019639372825623,0.1472800076007843,-0.3050532937049866,0.9989450573921204,0.6120693683624268,0.1359301209449768,-0.26470205187797546,0.998177170753479,0.6184467077255249,0.1361893117427826,-0.26475274562835693,0.9975186586380005,0.6245611906051636,0.1363399624824524,-0.2647724151611328,0.997600257396698,0.5919339656829834,0.13535982370376587,-0.2659642696380615,0.9985074400901794,0.5853477716445923,0.13553377985954285,-0.26597222685813904,0.998205304145813,0.5790616273880005,0.13570553064346313,-0.2662051320075989,0.9986482262611389,0.6353635191917419,0.1423221230506897,-0.052507657557725906,0.9974048733711243,0.5656745433807373,0.14510655403137207,-0.05463932082056999,0.9978857636451721,0.616995096206665,0.1633598804473877,-0.22491668164730072,0.9977691173553467,0.5907691121101379,0.16291475296020508,-0.22647179663181305,0.9985222220420837,0.7024931907653809,0.20923063158988953,-0.05091496556997299,0.9878641963005066,0.5180277824401855,0.22337448596954346,-0.05995658412575722,0.9978101849555969,0.7188364267349243,0.1845725178718567,-0.4730575978755951,0.9500791430473328,0.46498823165893555,0.24906037747859955,-0.5351166129112244,0.9766992330551147,0.6358544230461121,0.12138345837593079,-0.7944647073745728,0.9342799186706543,0.5362997651100159,0.16279545426368713,-0.9209176898002625,0.9533748626708984,0.6139713525772095,0.10807457566261292,-0.8713837265968323,0.8666712641716003,0.553330659866333,0.14114946126937866,-1.0096625089645386,0.8944587707519531,0.6099333167076111,0.10947087407112122,-0.8314540982246399,0.849324643611908,0.5592116713523865,0.13919737935066223,-0.9636214971542358,0.8793933391571045,0.6168583035469055,0.11782562732696533,-0.7896490693092346,0.8416414260864258,0.5578766465187073,0.1461036503314972,-0.9149545431137085,0.8623026609420776,0.6834041476249695,0.43170323967933655,0.008454772643744946,0.9976092576980591,0.5580680966377258,0.43593764305114746,-0.008678500540554523,0.9993897676467896,0.6787325739860535,0.5782023072242737,-0.006059539504349232,0.9215248823165894,0.5876711010932922,0.597649872303009,-0.12362755089998245,0.9585224390029907,0.6525446176528931,0.6866450309753418,0.5058750510215759,0.6039615869522095,0.6177326440811157,0.7508973479270935,0.02122035063803196,0.8990187048912048,0.6418064832687378,0.6914172172546387,0.5474031567573547,0.21117569506168365,0.6216750144958496,0.7743139266967773,0.022088564932346344,0.47894421219825745,0.6606085896492004,0.7393994331359863,0.37123340368270874,0.6029309034347534,0.6228922009468079,0.8067319393157959,-0.2562767565250397,0.835439145565033
General1,17,1,0.6019185781478882,0.147012859582901,-0.297987699508667,0.99906986951828,0.6123577952384949,0.13581964373588562,-0.2574104964733124,0.9983420372009277,0.6188094615936279,0.13607946038246155,-0.2574581205844879,0.9977113008499146,0.6250224709510803,0.13625282049179077,-0.2574769854545593,0.997812032699585,0.5919802784919739,0.1352110505104065,-0.25879597663879395,0.9986477494239807,0.5853428244590759,0.13535040616989136,-0.2588054835796356,0.99835604429245,0.5790302753448486,0.13547420501708984,-0.2590380311012268,0.9987757802009583,0.6359190344810486,0.1421915888786316,-0.046789150685071945,0.9975952506065369,0.5656552314758301,0.14447525143623352,-0.04957751929759979,0.9980835914611816,0.6170326471328735,0.16305002570152283,-0.21877828240394592,0.9979161620140076,0.5905382037162781,0.1625778079032898,-0.22045421600341797,0.9986093044281006,0.7021849751472473,0.20971433818340302,-0.04659992828965187,0.9876476526260376,0.5182908177375793,0.22290034592151642,-0.05498000979423523,0.9977654218673706,0.7190923094749451,0.18490886688232422,-0.46264025568962097,0.9505958557128906,0.4656335711479187,0.2490210235118866,-0.521573543548584,0.977497398853302,0.6360414624214172,0.1202830970287323,-0.7778493762016296,0.9346543550491333,0.5360957980155945,0.16233623027801514,-0.8945838212966919,0.9535784721374512,0.6146063804626465,0.1077750027179718,-0.8535686135292053,0.8676338195800781,0.552463173866272,0.14059385657310486,-0.9819161891937256,0.89438396692276,0.6108729243278503,0.10919412970542908,-0.81514972448349,0.8507589101791382,0.5583611130714417,0.13854074478149414,-0.9350540041923523,0.8792823553085327,0.6176305413246155,0.11759155988693237,-0.773627758026123,0.8449251651763916,0.5570970773696899,0.14557328820228577,-0.8882758021354675,0.8635250329971313,0.6826990246772766,0.4329008162021637,0.008689423091709614,0.9975990653038025,0.5582469701766968,0.43694567680358887,-0.008933271281421185,0.9993483424186707,0.6784964203834534,0.5795254111289978,-0.015321188606321812,0.9206228852272034,0.589413046836853,0.600961446762085,-0.1035170704126358,0.9559608697891235,0.6541403532028198,0.6854566335678101,0.49494221806526184,0.6033200025558472,0.6168807148933411,0.7515681982040405,0.05795305222272873,0.8949248790740967,0.6443960666656494,0.6901543140411377,0.536490797996521,0.21593517065048218,0.6209232807159424,0.7741917967796326,0.06061225011944771,0.4731377363204956,0.6608127951622009,0.737975537776947,0.3631766438484192,0.5983989834785461,0.6208499073982239,0.8106794953346252,-0.21266482770442963,0.8240789771080017
General1,18,1,0.6011099219322205,0.13989585638046265,-0.37258872389793396,0.9996589422225952,0.6166568398475647,0.129166841506958,-0.32775285840034485,0.9994205236434937,0.6237108111381531,0.1300501525402069,-0.3277539014816284,0.9991083741188049,0.6303545832633972,0.1310177743434906,-0.32772278785705566,0.9991068243980408,0.5926560163497925,0.12831410765647888,-0.3295281231403351,0.9995323419570923,0.5838240385055542,0.12855955958366394,-0.32955002784729004,0.9994329810142517,0.5748292207717896,0.12862569093704224,-0.32969900965690613,0.9995757937431335,0.6425227522850037,0.13983702659606934,-0.09969034045934677,0.999213695526123,0.5640550255775452,0.1364699900150299,-0.10586906969547272,0.9994096755981445,0.6167691349983215,0.15702101588249207,-0.2882816195487976,0.9992932081222534,0.5843871235847473,0.15627515316009521,-0.2907201051712036,0.9995949864387512,0.6957634687423706,0.2148228883743286,-0.0992681086063385,0.9915083646774292,0.5102760791778564,0.22223526239395142,-0.10553567856550217,0.998711347579956,0.7072238326072693,0.1696455478668213,-0.4779717028141022,0.9487476944923401,0.46319764852523804,0.2510078251361847,-0.5776620507240295,0.9814305901527405,0.6395726799964905,0.10469993948936462,-0.7543490529060364,0.9223071932792664,0.5377238988876343,0.15883877873420715,-0.9664741158485413,0.9565290808677673,0.622925341129303,0.08760309219360352,-0.8340336680412292,0.8505990505218506,0.5518232583999634,0.13772433996200562,-1.0647108554840088,0.8989555239677429,0.619402289390564,0.08963215351104736,-0.8009370565414429,0.8295816779136658,0.5597171783447266,0.13578835129737854,-1.0165820121765137,0.8833081722259521,0.6245798468589783,0.10001689195632935,-0.7532177567481995,0.833163857460022,0.5594726800918579,0.1430753767490387,-0.9612517356872559,0.8707113265991211,0.6873860359191895,0.43369293212890625,0.013979924842715263,0.9990218877792358,0.5611363053321838,0.44199520349502563,-0.014090820215642452,0.9997369647026062,0.6995688676834106,0.582362949848175,-0.05476948618888855,0.9469262957572937,0.6011682748794556,0.6028833985328674,-0.11878127604722977,0.9650574922561646,0.6565910577774048,0.6682324409484863,0.6110455989837646,0.567944347858429,0.6178669929504395,0.7533001899719238,0.13927507400512695,0.9204687476158142,0.6468816995620728,0.6665024757385254,0.669468104839325,0.23014068603515625,0.6201339960098267,0.7748793363571167,0.15287287533283234,0.5439101457595825,0.6585409641265869,0.7354126572608948,0.5158172249794006,0.5754543542861938,0.6284776926040649,0.8119891881942749,-0.12375292927026749,0.8626091480255127
General1,19,1,0.6006438136100769,0.1395895779132843,-0.36971360445022583,0.9996827840805054,0.61630779504776,0.12915080785751343,-0.3250299394130707,0.9994367957115173,0.623378574848175,0.13006597757339478,-0.3250338137149811,0.9991186261177063,0.6300493478775024,0.13108202815055847,-0.32501494884490967,0.9991243481636047,0.5925933122634888,0.12823301553726196,-0.3261951804161072,0.9995545744895935,0.5841028690338135,0.1284509301185608,-0.32623109221458435,0.9994552731513977,0.575373113155365,0.12850746512413025,-0.3263936936855316,0.9996017813682556,0.6424960494041443,0.14006978273391724,-0.09816057980060577,0.9992201328277588,0.5646777153015137,0.13619959354400635,-0.1020624116063118,0.9994338154792786,0.6163758039474487,0.15671202540397644,-0.2862161099910736,0.9993048906326294,0.5842060446739197,0.15568986535072327,-0.2879992127418518,0.9996071457862854,0.6959422826766968,0.21468591690063477,-0.09621379524469376,0.9916325211524963,0.5108145475387573,0.22190141677856445,-0.09854372590780258,0.9989131689071655,0.7077832221984863,0.16994205117225647,-0.4587232172489166,0.949254035949707,0.46314358711242676,0.25095877051353455,-0.5599463582038879,0.981549084186554,0.6401327252388,0.10384625196456909,-0.7124602198600769,0.9216004014015198,0.5367551445960999,0.1589513123035431,-0.9367359280586243,0.9555162191390991,0.6230822205543518,0.08644759654998779,-0.7888115644454956,0.8471890091896057,0.5508609414100647,0.13796216249465942,-1.0330860614776611,0.8955623507499695,0.6198079586029053,0.08788880705833435,-0.7560368180274963,0.8259167671203613,0.5584788918495178,0.1358649730682373,-0.9843306541442871,0.8794489502906799,0.6253708004951477,0.09857112169265747,-0.7109509706497192,0.8298593163490295,0.5584565997123718,0.14297634363174438,-0.9313557147979736,0.8669054508209229,0.688268780708313,0.4345317482948303,0.01365351490676403,0.9989387392997742,0.5618131756782532,0.442734032869339,-0.013768162578344345,0.9997389912605286,0.698323667049408,0.5820909738540649,-0.04982074722647667,0.933472216129303,0.600563108921051,0.604670524597168,-0.12590543925762177,0.9609423875808716,0.6563173532485962,0.6671593189239502,0.6117253303527832,0.526741087436676,0.6184927821159363,0.7593815326690674,0.12765012681484222,0.9175271987915039,0.6465925574302673,0.6655186414718628,0.6699585914611816,0.22702229022979736,0.6215307116508484,0.7778279781341553,0.14104321599006653,0.5558322668075562,0.659336268901825,0.7303168773651123,0.5199300050735474,0.5518549680709839,0.6269731521606445,0.8129762411117554,-0.1332465410232544,0.8610125780105591
General1,20,1,0.5994094014167786,0.1396368443965912,-0.3749351501464844,0.9995321035385132,0.6155751347541809,0.12946534156799316,-0.32967182993888855,0.9990928173065186,0.622860312461853,0.13041222095489502,-0.3296701908111572,0.9985504746437073,0.6296593546867371,0.13146278262138367,-0.32967448234558105,0.9985886216163635,0.5915971994400024,0.12829628586769104,-0.32995375990867615,0.9993010759353638,0.5833771824836731,0.12835964560508728,-0.33002355694770813,0.9991451501846313,0.5749057531356812,0.12828189134597778,-0.3302172124385834,0.9993866682052612,0.6422232985496521,0.14027124643325806,-0.10204286873340607,0.9988316893577576,0.5650197863578796,0.13575860857963562,-0.10225634276866913,0.9990949630737305,0.6155948042869568,0.1564997136592865,-0.2917115390300751,0.9989103078842163,0.5833219289779663,0.15504467487335205,-0.2925446331501007,0.9993429780006409,0.6958868503570557,0.2149103581905365,-0.09195362776517868,0.9893053770065308,0.5118480324745178,0.22190400958061218,-0.0921890139579773,0.9987137317657471,0.7111855149269104,0.1692507266998291,-0.40068286657333374,0.9430074095726013,0.4634111523628235,0.2506600022315979,-0.5390141606330872,0.979320764541626,0.6402546763420105,0.1039174497127533,-0.5656226277351379,0.9065845012664795,0.5365949273109436,0.15933334827423096,-0.8865711688995361,0.9492794871330261,0.620787501335144,0.08647972345352173,-0.6254609227180481,0.8152067065238953,0.5503324270248413,0.13870424032211304,-0.9766142964363098,0.8789858222007751,0.6193616986274719,0.08871981501579285,-0.5922788977622986,0.7904203534126282,0.5578077435493469,0.13781899213790894,-0.9239726662635803,0.8603572845458984,0.6252424120903015,0.09920480847358704,-0.5613839030265808,0.7957027554512024,0.5578869581222534,0.1435421109199524,-0.8797373175621033,0.8475409746170044,0.6898375153541565,0.43482905626296997,0.011936948634684086,0.998704195022583,0.5637686252593994,0.4433704912662506,-0.012088892050087452,0.9996877908706665,0.6983422040939331,0.5833605527877808,-0.05193920433521271,0.9151581525802612,0.601843535900116,0.6077286005020142,-0.10657359659671783,0.9460239410400391,0.6579654812812805,0.6659026145935059,0.618811309337616,0.4369965195655823,0.6219155192375183,0.7570450305938721,0.1653379648923874,0.8994780778884888,0.6477246880531311,0.6638104915618896,0.678823709487915,0.19255132973194122,0.6285218000411987,0.7780259251594543,0.1813427060842514,0.5208436846733093,0.6598218083381653,0.7287247776985168,0.5315572619438171,0.4860770106315613,0.623498797416687,0.8116775751113892,-0.08781802654266357,0.8390458226203918
General1,21,1,0.5858859419822693,0.14283093810081482,-0.2855464816093445,0.999763548374176,0.6029860377311707,0.13083603978157043,-0.23728007078170776,0.9994875192642212,0.6112952828407288,0.13149714469909668,-0.23724423348903656,0.999122679233551,0.6191588640213013,0.13222256302833557,-0.23734411597251892,0.9993277788162231,0.5796852707862854,0.12995857000350952,-0.235085591673851,0.9996517896652222,0.5724611878395081,0.13013383746147156,-0.23515330255031586,0.999553382396698,0.5648652911186218,0.13055729866027832,-0.23531563580036163,0.9997456669807434,0.6330264806747437,0.1419050395488739,-0.025710538029670715,0.9993649125099182,0.5572142004966736,0.14244741201400757,-0.012365547008812428,0.999488353729248,0.6038256883621216,0.1597209870815277,-0.21133384108543396,0.999409556388855,0.5719155073165894,0.15904316306114197,-0.20798160135746002,0.9996161460876465,0.6896929144859314,0.2121378481388092,-0.031714070588350296,0.996181845664978,0.5110110640525818,0.22786755859851837,-0.0049618687480688095,0.9992497563362122,0.7026970982551575,0.13139477372169495,-0.20229406654834747,0.9788606762886047,0.4654201865196228,0.25813859701156616,-0.3776191473007202,0.9877465963363647,0.6265815496444702,0.07465219497680664,-0.12301567941904068,0.9345846176147461,0.5309619307518005,0.17335373163223267,-0.6528526544570923,0.9688525199890137,0.603157103061676,0.06202572584152222,-0.15351009368896484,0.8125113248825073,0.5468791723251343,0.15410208702087402,-0.7321029305458069,0.9204599261283875,0.5982800722122192,0.06985744833946228,-0.12684912979602814,0.7869115471839905,0.5532546043395996,0.1496725082397461,-0.6722137928009033,0.9069822430610657,0.6076491475105286,0.07594797015190125,-0.11681829392910004,0.8079995512962341,0.5552093982696533,0.15522903203964233,-0.6426055431365967,0.8958473801612854,0.6873429417610168,0.43671557307243347,0.013202795758843422,0.9988603591918945,0.5599414706230164,0.4442322254180908,-0.013379786163568497,0.9996564388275146,0.7071263790130615,0.6027779579162598,-0.1381017565727234,0.9232376217842102,0.5972740650177002,0.6106573939323425,-0.08799576759338379,0.9393446445465088,0.6675159335136414,0.6328600645065308,0.5373600721359253,0.29678234457969666,0.6237280368804932,0.7606408596038818,0.18209843337535858,0.8699005246162415,0.655434787273407,0.6251640319824219,0.6024860143661499,0.18238849937915802,0.6277283430099487,0.7759392261505127,0.20187383890151978,0.5065262317657471,0.6662709712982178,0.6955270767211914,0.504913866519928,0.3226342499256134,0.6277881860733032,0.8140227198600769,-0.035427194088697433,0.7960488200187683
General1,22,1,0.5864871740341187,0.1423492133617401,-0.29423120617866516,0.9997490048408508,0.6029596924781799,0.1304650902748108,-0.24522925913333893,0.9994437098503113,0.6111250519752502,0.1310434639453888,-0.24519257247447968,0.9990561604499817,0.6188079714775085,0.13167431950569153,-0.24528585374355316,0.9992721676826477,0.5798511505126953,0.12979590892791748,-0.24299463629722595,0.9996237754821777,0.5726336240768433,0.13003763556480408,-0.24306760728359222,0.9995251893997192,0.564889132976532,0.1305418610572815,-0.24323192238807678,0.999729573726654,0.6321480870246887,0.14095613360404968,-0.032449331134557724,0.9993088245391846,0.5574581623077393,0.14251285791397095,-0.018628569319844246,0.999414324760437,0.60418301820755,0.15896210074424744,-0.21979142725467682,0.99936443567276,0.5730575323104858,0.15846768021583557,-0.21636953949928284,0.999582827091217,0.689323365688324,0.21154725551605225,-0.03707785904407501,0.9959602952003479,0.5105598568916321,0.22807711362838745,-0.009929758496582508,0.9991708993911743,0.7030766010284424,0.1313074827194214,-0.19664807617664337,0.9786771535873413,0.46637195348739624,0.25904184579849243,-0.3851868212223053,0.9880574941635132,0.6263569593429565,0.07542982697486877,-0.10671722143888474,0.9354913234710693,0.5312076210975647,0.17370203137397766,-0.6691623330116272,0.9711752533912659,0.6045209765434265,0.06256523728370667,-0.13489918410778046,0.8130619525909424,0.5463970303535461,0.15390637516975403,-0.7494205832481384,0.9251095056533813,0.5992454886436462,0.07041770219802856,-0.10861822962760925,0.7869206070899963,0.5529040694236755,0.14926564693450928,-0.6907339096069336,0.9126714468002319,0.6080443263053894,0.07642263174057007,-0.10018333792686462,0.8061363697052002,0.5548556447029114,0.15495765209197998,-0.6593949794769287,0.9011115431785583,0.6871405243873596,0.4365640878677368,0.011517415754497051,0.9988808035850525,0.5600858926773071,0.4442589282989502,-0.011713530868291855,0.9996716976165771,0.7081186771392822,0.601593017578125,-0.13526906073093414,0.9361353516578674,0.5995184183120728,0.613374650478363,-0.09554467350244522,0.9466999769210815,0.6710518598556519,0.6324401497840881,0.5561999082565308,0.3378770649433136,0.6227931380271912,0.761502742767334,0.17091447114944458,0.88802170753479,0.6573498249053955,0.6272507905960083,0.6223539113998413,0.184884175658226,0.6284728050231934,0.7781113982200623,0.18992917239665985,0.5289492607116699,0.6645155549049377,0.6960558295249939,0.519049346446991,0.36041080951690674,0.6253629326820374,0.8098061084747314,-0.052316904067993164,0.8242809772491455
General1,23,1,0.5853509902954102,0.15040192008018494,-0.2540998160839081,0.9987769722938538,0.6055656671524048,0.13695085048675537,-0.20939309895038605,0.9969590902328491,0.6139528155326843,0.13745683431625366,-0.20931915938854218,0.9950113296508789,0.6217352747917175,0.1381475329399109,-0.2094506323337555,0.9965039491653442,0.5785827040672302,0.13671767711639404,-0.20933350920677185,0.9982187151908875,0.5688588619232178,0.13705718517303467,-0.20940254628658295,0.9977388381958008,0.5600433945655823,0.1374189257621765,-0.20958326756954193,0.9989402890205383,0.6351690292358398,0.14667221903800964,-0.005784405395388603,0.995367169380188,0.5580031871795654,0.14424017071723938,-0.003181762993335724,0.9969379901885986,0.6020516157150269,0.16695082187652588,-0.1815190613269806,0.9949448704719543,0.5693363547325134,0.16524460911750793,-0.1809871792793274,0.9971311092376709,0.688778817653656,0.20516763627529144,0.001133685582317412,0.9872509241104126,0.5052269101142883,0.2315903753042221,0.043892573565244675,0.9971722960472107,0.7012646198272705,0.1025744080543518,-0.1284605711698532,0.9648745656013489,0.4693543612957001,0.2644011378288269,-0.2726118862628937,0.9753618240356445,0.6118176579475403,0.049944519996643066,-0.014171645976603031,0.8557263016700745,0.5364307761192322,0.17381995916366577,-0.5324551463127136,0.9274629950523376,0.5891226530075073,0.037459999322891235,-0.04008520767092705,0.6554232835769653,0.5481098890304565,0.1549401879310608,-0.6065723299980164,0.8402391076087952,0.5859556198120117,0.04139024019241333,-0.014588014222681522,0.6217886209487915,0.5555042624473572,0.15036222338676453,-0.5374920964241028,0.8216358423233032,0.5971011519432068,0.05270114541053772,-0.009817375801503658,0.6665122509002686,0.5555118322372437,0.1558491289615631,-0.5192074179649353,0.799839198589325,0.6856188774108887,0.4321608245372772,-0.0026618989650160074,0.9955433011054993,0.5604643821716309,0.4408009350299835,0.002432213630527258,0.998388409614563,0.6970127820968628,0.588722825050354,-0.2230008989572525,0.925284206867218,0.5984990000724792,0.6094579100608826,-0.09210213273763657,0.9177948236465454,0.677162766456604,0.6343073844909668,0.38623663783073425,0.43267056345939636,0.627599835395813,0.761048436164856,0.12140372395515442,0.8901330232620239,0.6621899604797363,0.6240661144256592,0.4428774416446686,0.21484757959842682,0.6314452290534973,0.774871289730072,0.1357506811618805,0.5424112677574158,0.6746648550033569,0.7053710222244263,0.34166231751441956,0.4392710328102112,0.6318855285644531,0.818800687789917,-0.08423500508069992,0.828685462474823
General1,24,1,0.5775876045227051,0.15352708101272583,-0.2521519064903259,0.9991021156311035,0.5946566462516785,0.14034825563430786,-0.20670484006404877,0.9980080723762512,0.6035798192024231,0.14084094762802124,-0.20661388337612152,0.997238039970398,0.6107810735702515,0.14126810431480408,-0.2067946195602417,0.9980508089065552,0.5669039487838745,0.13995462656021118,-0.20608365535736084,0.9985925555229187,0.5567922592163086,0.14023178815841675,-0.206096813082695,0.9982073307037354,0.5482774972915649,0.14062842726707458,-0.20617809891700745,0.9990127086639404,0.6228550672531128,0.14580339193344116,0.005506143905222416,0.9979360103607178,0.5451844930648804,0.1469879448413849,0.01052804198116064,0.9973464012145996,0.5954489707946777,0.16718950867652893,-0.17569230496883392,0.9968405961990356,0.5638584494590759,0.16701766848564148,-0.1745113581418991,0.9971581697463989,0.6830562353134155,0.20259268581867218,0.023416558280587196,0.994078516960144,0.5096578598022461,0.23187381029129028,0.07053656876087189,0.99542635679245,0.6863210201263428,0.08918088674545288,-0.09024807065725327,0.9656791090965271,0.47368723154067993,0.28163373470306396,-0.23272131383419037,0.9496260285377502,0.6087290048599243,0.04232907295227051,0.06558692455291748,0.837771475315094,0.5347493290901184,0.18964296579360962,-0.487544983625412,0.8192363381385803,0.5855316519737244,0.03225839138031006,0.04808317497372627,0.6214591264724731,0.5486986041069031,0.16725993156433105,-0.5558320879936218,0.678942084312439,0.5806060433387756,0.03205978870391846,0.07662409543991089,0.5928362011909485,0.5552936792373657,0.16312754154205322,-0.4837169945240021,0.6524948477745056,0.5908504724502563,0.04047447443008423,0.07165741920471191,0.6483104228973389,0.5551072359085083,0.1697123646736145,-0.47372329235076904,0.6222421526908875,0.688439130783081,0.42350783944129944,-0.005337938200682402,0.995014488697052,0.5646315813064575,0.4363875687122345,0.005207510199397802,0.9960946440696716,0.6800751686096191,0.5696626901626587,-0.42276328802108765,0.950066864490509,0.5891457200050354,0.607158899307251,-0.13211341202259064,0.9296714067459106,0.6768662333488464,0.6400490999221802,0.08134020119905472,0.641537070274353,0.6229550838470459,0.7668818235397339,0.043307166546583176,0.9096342325210571,0.6656746864318848,0.6383599042892456,0.1263619363307953,0.36146053671836853,0.6259489059448242,0.7802248001098633,0.05188075453042984,0.5878394842147827,0.6762141585350037,0.7132322788238525,-0.012810654006898403,0.6485441327095032,0.6325028538703918,0.8158115148544312,-0.17936387658119202,0.8599814176559448
General1,25,1,0.577233612537384,0.15367674827575684,-0.26497355103492737,0.9990125894546509,0.5945523977279663,0.1404385268688202,-0.21908360719680786,0.9977790713310242,0.6034730672836304,0.1409578025341034,-0.2189934402704239,0.9969860911369324,0.6106117963790894,0.14137950539588928,-0.21917343139648438,0.9978220462799072,0.5668292045593262,0.14002671837806702,-0.21841703355312347,0.9984259605407715,0.5566334128379822,0.14034023880958557,-0.2184290587902069,0.9980077147483826,0.548022449016571,0.14077088236808777,-0.21851548552513123,0.9988815188407898,0.6229246854782104,0.1460145115852356,-0.004178200848400593,0.9977890253067017,0.5449991822242737,0.14736899733543396,0.0018437717808410525,0.997001588344574,0.5950495600700378,0.16752541065216064,-0.187313973903656,0.9966800212860107,0.5633953809738159,0.16734346747398376,-0.18584589660167694,0.9967837333679199,0.6829538345336914,0.20228858292102814,0.01604580134153366,0.9939919114112854,0.5086230635643005,0.2324342131614685,0.061988383531570435,0.9947064518928528,0.6849597692489624,0.08590668439865112,-0.10147806257009506,0.9634817838668823,0.47571760416030884,0.28163599967956543,-0.2525297999382019,0.9428156614303589,0.6050130128860474,0.041100263595581055,0.0666152760386467,0.8079083561897278,0.5352456569671631,0.18808819353580475,-0.5200356245040894,0.803157389163971,0.582446813583374,0.0322268009185791,0.05221113935112953,0.570540726184845,0.5482473969459534,0.165347158908844,-0.589327871799469,0.6597188115119934,0.5769492983818054,0.03188106417655945,0.08225131034851074,0.5408696532249451,0.5545710921287537,0.1611272692680359,-0.5174241065979004,0.6331862807273865,0.5879439115524292,0.04062831401824951,0.0734851062297821,0.6017047762870789,0.5548388957977295,0.16791832447052002,-0.5064255595207214,0.6014853715896606,0.6884818077087402,0.4244692027568817,-0.007672994863241911,0.9954144954681396,0.5645989179611206,0.4373709559440613,0.007547346875071526,0.9963198900222778,0.6813560724258423,0.5686718225479126,-0.4354979395866394,0.9549381136894226,0.5905760526657104,0.6071709990501404,-0.126909077167511,0.9331263303756714,0.6785598993301392,0.6392828822135925,0.06870853900909424,0.6725156903266907,0.6244373321533203,0.7675291299819946,0.061242472380399704,0.9192061424255371,0.6663703918457031,0.6358116269111633,0.11296555399894714,0.3764398396015167,0.6288999915122986,0.7819325923919678,0.07064494490623474,0.6198238730430603,0.6741853952407837,0.7139798402786255,-0.030627861618995667,0.6723997592926025,0.6305269002914429,0.8168863654136658,-0.16176946461200714,0.8746388554573059
General1,26,1,0.5771363377571106,0.15383267402648926,-0.2580713927745819,0.9985211491584778,0.5943472385406494,0.14055457711219788,-0.212379589676857,0.9967807531356812,0.6032867431640625,0.14104744791984558,-0.21230123937129974,0.9955778121948242,0.6104688048362732,0.14143630862236023,-0.21248407661914825,0.996884286403656,0.5666745901107788,0.14027419686317444,-0.21150974929332733,0.997665286064148,0.5565411448478699,0.14065474271774292,-0.2115229368209839,0.9970019459724426,0.5480111241340637,0.14114972949028015,-0.21161146461963654,0.9983319640159607,0.6230973601341248,0.14622822403907776,0.0007334715337492526,0.996704638004303,0.5449378490447998,0.14776870608329773,0.006481846794486046,0.995383083820343,0.5947908163070679,0.16761979460716248,-0.18136121332645416,0.9948605895042419,0.563162624835968,0.16758066415786743,-0.17996986210346222,0.9950281977653503,0.6821555495262146,0.20187094807624817,0.017746182158589363,0.9928118586540222,0.5093706846237183,0.23227238655090332,0.0687551200389862,0.9931300282478333,0.6845343112945557,0.08541113138198853,-0.09780339896678925,0.9639683961868286,0.4734630286693573,0.28209036588668823,-0.23844894766807556,0.9379981160163879,0.6023082137107849,0.03936266899108887,0.07538671046495438,0.811700165271759,0.5331790447235107,0.18847613036632538,-0.49555492401123047,0.7655004858970642,0.5810134410858154,0.03108265995979309,0.05984639376401901,0.5713982582092285,0.5472315549850464,0.16499504446983337,-0.5628573894500732,0.6119408011436462,0.5753955841064453,0.03056180477142334,0.09031633287668228,0.5423808097839355,0.553889274597168,0.16112437844276428,-0.4906522035598755,0.5847173929214478,0.5861493349075317,0.0390242338180542,0.08251851052045822,0.6031962633132935,0.5538671016693115,0.16826114058494568,-0.4819306433200836,0.5556252002716064,0.6888935565948486,0.4240948557853699,-0.005842507351189852,0.9945266842842102,0.5642958879470825,0.43706828355789185,0.00569275114685297,0.9955541491508484,0.6807234883308411,0.5688110589981079,-0.4260648190975189,0.9420459270477295,0.5897557735443115,0.6061303019523621,-0.13410206139087677,0.9195263385772705,0.6773501634597778,0.6400976777076721,0.07690969109535217,0.6073709726333618,0.6230452060699463,0.7667943239212036,0.03392137214541435,0.8962776064872742,0.6649969816207886,0.6387028098106384,0.12194118648767471,0.3500881791114807,0.6256632804870605,0.780152440071106,0.04157763347029686,0.5616046786308289,0.6773428320884705,0.71321702003479,-0.016653917729854584,0.619282603263855,0.6323992013931274,0.8153475522994995,-0.19096840918064117,0.8405060172080994
General1,27,1,0.5969452261924744,0.1539512276649475,-0.16867728531360626,0.999779999256134,0.6043201088905334,0.14133375883102417,-0.11264427751302719,0.9994946718215942,0.6101169586181641,0.1414204239845276,-0.11252672970294952,0.9993900060653687,0.6159518361091614,0.1414983868598938,-0.11267384886741638,0.9995096921920776,0.5834879279136658,0.14217975735664368,-0.12349759787321091,0.9996391534805298,0.574449360370636,0.1427139937877655,-0.12350575625896454,0.9995675683021545,0.5649519562721252,0.14324957132339478,-0.12362366914749146,0.9997512698173523,0.6234215497970581,0.14911973476409912,0.1191091537475586,0.9994432330131531,0.5488494038581848,0.1525997817516327,0.07464579492807388,0.9994288086891174,0.6093811392784119,0.16751518845558167,-0.08541566133499146,0.9988722205162048,0.5833950638771057,0.1690128743648529,-0.0986713394522667,0.9990324974060059,0.6792876720428467,0.19927692413330078,0.12250442057847977,0.9975388050079346,0.5058106184005737,0.235709547996521,0.1194722130894661,0.9975704550743103,0.6735042929649353,0.07374247908592224,-0.024455513805150986,0.9781864285469055,0.4751979112625122,0.292999804019928,-0.14664506912231445,0.983331024646759,0.5886569023132324,0.01250237226486206,0.011254657059907913,0.9423546195030212,0.5496654510498047,0.19242995977401733,-0.3395082354545593,0.9389927387237549,0.5657840967178345,-0.0018586218357086182,-0.02654525451362133,0.8510118126869202,0.5692430734634399,0.1685488224029541,-0.40629833936691284,0.8639969825744629,0.5598345994949341,-0.0016579926013946533,-0.0005382264498621225,0.8304465413093567,0.5681796669960022,0.16213920712471008,-0.3352961242198944,0.8455154895782471,0.5707839131355286,0.010009050369262695,0.0149619709700346,0.8503756523132324,0.5641447305679321,0.170386403799057,-0.32155948877334595,0.8088456988334656,0.696895956993103,0.4253424406051636,-0.000204806390684098,0.9970443844795227,0.5723387002944946,0.4377513825893402,0.00010711236973293126,0.9957242012023926,0.6568118333816528,0.5000903010368347,-0.7104902267456055,0.9768035411834717,0.597281813621521,0.6072779297828674,-0.1524328887462616,0.9048849940299988,0.6682211756706238,0.6399261355400085,-0.3985803425312042,0.7884092330932617,0.6274749040603638,0.7606676816940308,0.03985278680920601,0.8493967056274414,0.6723667979240417,0.6512693166732788,-0.37556421756744385,0.4641866385936737,0.634639322757721,0.7728962898254395,0.0475408099591732,0.5072585940361023,0.6515544056892395,0.7139630913734436,-0.5976493954658508,0.8314315676689148,0.6174784302711487,0.8180288076400757,-0.20814916491508484,0.8296267986297607
General1,28,1,0.5961662530899048,0.1537368893623352,-0.16643007099628448,0.9997225403785706,0.6039655804634094,0.14145761728286743,-0.11283086240291595,0.9993852376937866,0.6098361611366272,0.1415734589099884,-0.11272074282169342,0.9992659687995911,0.6156164407730103,0.14166530966758728,-0.11286336183547974,0.9994058609008789,0.5835127830505371,0.14226019382476807,-0.12313774228096008,0.9995675683021545,0.5748275518417358,0.14277589321136475,-0.12314005196094513,0.9994882345199585,0.5658565759658813,0.14326238632202148,-0.12326700240373611,0.999704897403717,0.6229153275489807,0.14888444542884827,0.11442749202251434,0.9993414282798767,0.5503076314926147,0.15219342708587646,0.07323887944221497,0.9993293285369873,0.6090887188911438,0.16716644167900085,-0.08380641788244247,0.9986611604690552,0.5828211903572083,0.16869309544563293,-0.09607289731502533,0.9988405108451843,0.6791467070579529,0.19756028056144714,0.1174606904387474,0.9971655011177063,0.5031701922416687,0.23380987346172333,0.11448001116514206,0.9972403049468994,0.6731497645378113,0.07335361838340759,-0.0344821996986866,0.9741791486740112,0.4764025807380676,0.2923175096511841,-0.16198383271694183,0.9804737567901611,0.59124755859375,0.011330336332321167,-0.007161225192248821,0.9350032806396484,0.5501644611358643,0.1916978359222412,-0.370002418756485,0.9391125440597534,0.5724131464958191,-0.0023561716079711914,-0.04495540261268616,0.8404458165168762,0.5686630010604858,0.1680932343006134,-0.4370688498020172,0.868479311466217,0.563401997089386,-0.0022167861461639404,-0.020555930212140083,0.8193678855895996,0.5677547454833984,0.16119641065597534,-0.3696705102920532,0.8512478470802307,0.5732645392417908,0.008882075548171997,-0.004067599307745695,0.8410597443580627,0.564401388168335,0.16954916715621948,-0.3532082736492157,0.8160845041275024,0.6974402070045471,0.42409971356391907,-0.002145366044715047,0.9964635968208313,0.5718702077865601,0.4359929859638214,0.0020899188239127398,0.9951068162918091,0.6556878685951233,0.5033735632896423,-0.689172625541687,0.9754693508148193,0.5989493727684021,0.6022491455078125,-0.1529737412929535,0.8982452154159546,0.6693953275680542,0.6499954462051392,-0.3995153307914734,0.799498975276947,0.6276306509971619,0.7585221529006958,0.02574535273015499,0.8412520885467529,0.6723802089691162,0.653846263885498,-0.37937304377555847,0.4484565258026123,0.6362694501876831,0.7712950706481934,0.0319390594959259,0.5004687309265137,0.6489421725273132,0.7260937690734863,-0.6071988344192505,0.8336040377616882,0.6182910203933716,0.8183799386024475,-0.2234787493944168,0.8222231268882751
General1,29,1,0.5949340462684631,0.1641782522201538,0.08664292842149734,0.9996969699859619,0.5983713269233704,0.1500280797481537,0.15723095834255219,0.9994995594024658,0.6046769618988037,0.1500251293182373,0.15732696652412415,0.999467670917511,0.6122037768363953,0.1503221094608307,0.15719513595104218,0.9995415210723877,0.5787111520767212,0.1506267488002777,0.13210302591323853,0.9996464252471924,0.5692787766456604,0.1509220004081726,0.13206295669078827,0.9996261596679688,0.5602309703826904,0.15134459733963013,0.13189156353473663,0.9997767806053162,0.6205517053604126,0.15759599208831787,0.4233022928237915,0.9994539618492126,0.5333633422851562,0.16036048531532288,0.3099444508552551,0.9994723200798035,0.6091919541358948,0.17992624640464783,0.18080225586891174,0.9974094033241272,0.580508828163147,0.18008872866630554,0.14732146263122559,0.9972977042198181,0.6707867383956909,0.20331214368343353,0.4173245429992676,0.9961672425270081,0.48243287205696106,0.2434745728969574,0.32878604531288147,0.9962807297706604,0.6546905040740967,0.07896023988723755,0.2707880139350891,0.9341468811035156,0.4961152672767639,0.3207910656929016,0.06035875156521797,0.9562708735466003,0.5899536609649658,-0.004995077848434448,0.3065987825393677,0.9157314300537109,0.5616223216056824,0.2229747325181961,-0.14182497560977936,0.9291906952857971,0.5690897703170776,-0.03560939431190491,0.2807268798351288,0.8220257759094238,0.5799872279167175,0.1996690332889557,-0.19045791029930115,0.8660132884979248,0.5543478727340698,-0.03250324726104736,0.3153129816055298,0.8045092225074768,0.5691318511962891,0.19160513579845428,-0.13573642075061798,0.8579568862915039,0.5604529976844788,-0.017089247703552246,0.31284859776496887,0.8317946195602417,0.5647116303443909,0.19680890440940857,-0.12490597367286682,0.8153153657913208,0.7136830687522888,0.41949859261512756,-0.004668842069804668,0.9986685514450073,0.5833877921104431,0.4423176050186157,0.004859989508986473,0.9972612857818604,0.6312108635902405,0.4572117030620575,-0.7841381430625916,0.9814341068267822,0.6050989031791687,0.5933693647384644,-0.08029196411371231,0.8751206994056702,0.6319320201873779,0.6529073119163513,-0.8473119735717773,0.8656254410743713,0.6491271257400513,0.7554311752319336,-0.05335201323032379,0.7448960542678833,0.639815092086792,0.6691416501998901,-0.859176754951477,0.6507130861282349,0.6367391347885132,0.7566773295402527,-0.05971153452992439,0.5249915719032288,0.6055641770362854,0.7491702437400818,-1.1295709609985352,0.9059209823608398,0.6230456829071045,0.8058622479438782,-0.31045252084732056,0.734545886516571
General1,30,1,0.5937696099281311,0.16402950882911682,0.0680454671382904,0.9996817111968994,0.5977632403373718,0.1495266556739807,0.13817201554775238,0.9994450211524963,0.6040856838226318,0.14958006143569946,0.1382683664560318,0.999409556388855,0.6117403507232666,0.1499384045600891,0.13812540471553802,0.9994877576828003,0.5774630904197693,0.1500033438205719,0.11349282413721085,0.9996151924133301,0.5681579113006592,0.15026000142097473,0.11346102505922318,0.9995927214622498,0.5588626265525818,0.15059295296669006,0.11329477280378342,0.9997560381889343,0.6203215718269348,0.1570199429988861,0.4041801691055298,0.9994218349456787,0.5318961143493652,0.15952175855636597,0.29389840364456177,0.9994432330131531,0.6080463528633118,0.1797281801700592,0.1623527854681015,0.9973561763763428,0.5788164138793945,0.179729163646698,0.12978747487068176,0.9973371624946594,0.6701052784919739,0.2027437537908554,0.40037235617637634,0.9961531758308411,0.48174235224723816,0.24318277835845947,0.3138870894908905,0.9964519739151001,0.6548343896865845,0.07989469170570374,0.2547754943370819,0.9365758299827576,0.49554628133773804,0.3210930824279785,0.04639832675457001,0.9564671516418457,0.5903948545455933,-0.005461663007736206,0.29226166009902954,0.9115225672721863,0.5612456798553467,0.22426463663578033,-0.1543520987033844,0.9258384108543396,0.5700197815895081,-0.03619956970214844,0.2656880021095276,0.812282919883728,0.5798962116241455,0.2007264494895935,-0.20457281172275543,0.8601528406143188,0.5552250146865845,-0.03296452760696411,0.2990291118621826,0.7939331531524658,0.568961501121521,0.1925951987504959,-0.14912891387939453,0.8515031337738037,0.5623224973678589,-0.016103118658065796,0.2978145480155945,0.8233367204666138,0.5643810033798218,0.19777584075927734,-0.1376415193080902,0.8069379329681396,0.7127014398574829,0.42011281847953796,-0.0026834963355213404,0.9986047148704529,0.5823603272438049,0.4426552951335907,0.0028518028557300568,0.9973270893096924,0.6309196352958679,0.4632558226585388,-0.7803475260734558,0.9841402769088745,0.6062692403793335,0.5954428911209106,-0.08387652039527893,0.8938230276107788,0.6314781904220581,0.6509488821029663,-0.8090372085571289,0.8761559724807739,0.6472592353820801,0.7554445266723633,-0.03764002397656441,0.7857080698013306,0.6405830383300781,0.6666457653045654,-0.8176971077919006,0.6527891159057617,0.6349402070045471,0.757738471031189,-0.04269668087363243,0.5488929748535156,0.6048553586006165,0.7480294704437256,-1.0859761238098145,0.9129205942153931,0.6219680905342102,0.8031427264213562,-0.29495060443878174,0.7712480425834656
General1,31,1,0.5756504535675049,0.16695357859134674,-0.056315504014492035,0.9994109869003296,0.5800591111183167,0.1537783443927765,0.008615472353994846,0.9990969896316528,0.5872600078582764,0.15370410680770874,0.008692261762917042,0.999035120010376,0.5937488675117493,0.15386554598808289,0.008627336472272873,0.9989582300186157,0.5609303712844849,0.15383851528167725,-0.017921235412359238,0.9996668100357056,0.5515299439430237,0.1543150544166565,-0.017987780272960663,0.9996923208236694,0.5415688157081604,0.15480071306228638,-0.018073096871376038,0.9997710585594177,0.6004765033721924,0.16035988926887512,0.28892067074775696,0.9990394711494446,0.5148274302482605,0.16429361701011658,0.16196000576019287,0.9996638298034668,0.5886693596839905,0.17966744303703308,0.04806577041745186,0.9953480362892151,0.5611709356307983,0.18038049340248108,0.010839599184691906,0.9975559711456299,0.6517584919929504,0.20691411197185516,0.30910855531692505,0.9933454990386963,0.4683213233947754,0.24318797886371613,0.20464017987251282,0.997989296913147,0.630061149597168,0.07632243633270264,0.18926146626472473,0.9448330998420715,0.4857975244522095,0.3412330150604248,-0.13659271597862244,0.951518177986145,0.5869490504264832,-0.028025150299072266,0.16942039132118225,0.9333285689353943,0.5644222497940063,0.2844732105731964,-0.4919300973415375,0.9419584274291992,0.6145071387290955,-0.04891648888587952,0.13090531527996063,0.8659166097640991,0.5881598591804504,0.264310359954834,-0.5502258539199829,0.8964133262634277,0.5780143141746521,-0.06753867864608765,0.15074680745601654,0.8565006852149963,0.5822786688804626,0.25536155700683594,-0.5153256058692932,0.8976737856864929,0.5966275930404663,-0.036701470613479614,0.16555874049663544,0.8926972150802612,0.5775136947631836,0.2600659728050232,-0.48143428564071655,0.8607363104820251,0.7136483192443848,0.4182138442993164,-0.020732486620545387,0.9989458918571472,0.5887674689292908,0.43335846066474915,0.021278560161590576,0.9984017014503479,0.6518017053604126,0.4766715168952942,-0.7749967575073242,0.9682571291923523,0.6061431765556335,0.5808148980140686,-0.2038806825876236,0.8164342641830444,0.5935344099998474,0.6750937700271606,-0.8372874855995178,0.8319020867347717,0.6294928789138794,0.7441720962524414,-0.21100321412086487,0.7481163740158081,0.5989095568656921,0.6944530606269836,-0.8471373915672302,0.7354094386100769,0.6383836269378662,0.7565935850143433,-0.22180135548114777,0.605385422706604,0.5632117986679077,0.7365673184394836,-1.100948452949524,0.8987663388252258,0.6163758039474487,0.8081772327423096,-0.4933476448059082,0.7352613210678101
General1,32,1,0.5664478540420532,0.17601534724235535,-0.17848733067512512,0.9989437460899353,0.5726504325866699,0.16599714756011963,-0.115537129342556,0.9983641505241394,0.5788731575012207,0.16664984822273254,-0.11548127233982086,0.9982129335403442,0.5849836468696594,0.16732051968574524,-0.11543674021959305,0.998256266117096,0.5521806478500366,0.1656351387500763,-0.13408148288726807,0.9996042847633362,0.5444115400314331,0.16599470376968384,-0.1342145800590515,0.9995508790016174,0.5348312258720398,0.16649463772773743,-0.13439127802848816,0.9996401071548462,0.5927621722221375,0.1769445836544037,0.14980731904506683,0.9967279434204102,0.5123251676559448,0.18029573559761047,0.05647842958569527,0.9994655251502991,0.5785785913467407,0.18909505009651184,-0.0818844884634018,0.9900535345077515,0.5533952713012695,0.1896326243877411,-0.10830419510602951,0.9963738322257996,0.6478601098060608,0.2216833233833313,0.1381874531507492,0.9862161874771118,0.47134923934936523,0.27421069145202637,0.11247790604829788,0.9988540410995483,0.6122674942016602,0.1016194224357605,-0.022327201440930367,0.9448043704032898,0.4779736399650574,0.3670803904533386,-0.11677325516939163,0.9225624203681946,0.5784437656402588,-0.02101588249206543,-0.07713612169027328,0.8457851409912109,0.5574274659156799,0.3802776336669922,-0.34733453392982483,0.7863235473632812,0.5769054889678955,-0.06277254223823547,-0.13506852090358734,0.732672929763794,0.5879722833633423,0.3881866931915283,-0.3769059181213379,0.6868525743484497,0.5743874907493591,-0.06512746214866638,-0.11811953037977219,0.714916467666626,0.5943731665611267,0.3754958510398865,-0.3592485189437866,0.687642514705658,0.5736274719238281,-0.027320146560668945,-0.08378300070762634,0.7859612107276917,0.5867452621459961,0.371616005897522,-0.33877742290496826,0.6301954984664917,0.7234393954277039,0.4354064464569092,-0.028515486046671867,0.999269425868988,0.5945943593978882,0.4514794647693634,0.02892467752099037,0.9989814162254333,0.6488271355628967,0.5045973658561707,-0.9973463416099548,0.9063931703567505,0.6022689342498779,0.6162095069885254,0.003957147244364023,0.6740947365760803,0.5487709641456604,0.6445364952087402,-1.3968801498413086,0.6907360553741455,0.634672999382019,0.7723515033721924,-0.01957833766937256,0.43747881054878235,0.5313348174095154,0.6654279828071594,-1.4363619089126587,0.7381550073623657,0.6578704118728638,0.792956531047821,-0.03492883965373039,0.37699270248413086,0.5087957382202148,0.6602795720100403,-1.712446928024292,0.8818713426589966,0.601163923740387,0.8185648322105408,-0.275634229183197,0.4716781973838806
General1,33,1,0.5664982795715332,0.1760241687297821,-0.17865058779716492,0.9989939332008362,0.5725950002670288,0.16614550352096558,-0.1158885508775711,0.9984094500541687,0.5788061618804932,0.1668403148651123,-0.11582422256469727,0.9982603192329407,0.5849013328552246,0.16752198338508606,-0.11577325314283371,0.998272180557251,0.5521144270896912,0.1656094491481781,-0.1345374584197998,0.9996218681335449,0.5444212555885315,0.16591867804527283,-0.1346709281206131,0.99957674741745,0.5349377989768982,0.16637128591537476,-0.13483236730098724,0.9996626377105713,0.5926188230514526,0.17711862921714783,0.1487073451280594,0.9968171715736389,0.5129221677780151,0.18002554774284363,0.054979532957077026,0.9995050430297852,0.5786243081092834,0.18930450081825256,-0.08241982758045197,0.990372896194458,0.5533167123794556,0.18970641493797302,-0.10886871814727783,0.9966140389442444,0.6478396654129028,0.22170910239219666,0.13558636605739594,0.9864795804023743,0.4708096385002136,0.27460968494415283,0.11465529352426529,0.9989450573921204,0.6115868091583252,0.10132649540901184,-0.026175180450081825,0.9471192955970764,0.47839415073394775,0.3685109317302704,-0.10936347395181656,0.9314408898353577,0.5799025893211365,-0.02002561092376709,-0.08418212831020355,0.8540892004966736,0.5581284761428833,0.3807674050331116,-0.34166255593299866,0.8186771273612976,0.5770006775856018,-0.06282952427864075,-0.14394238591194153,0.7455340027809143,0.5865909457206726,0.38843098282814026,-0.3716801404953003,0.7268015146255493,0.5713432431221008,-0.06285259127616882,-0.12678833305835724,0.7273061275482178,0.5951671004295349,0.3751673698425293,-0.35529616475105286,0.7275674939155579,0.5732144713401794,-0.026624947786331177,-0.09113574028015137,0.7964099049568176,0.5873517990112305,0.3714485764503479,-0.33363714814186096,0.6737316250801086,0.7236939668655396,0.4357089102268219,-0.03280256688594818,0.9992712140083313,0.5947973132133484,0.45177462697029114,0.03320952132344246,0.9990259408950806,0.6486950516700745,0.5046569108963013,-0.9809918403625488,0.9168268442153931,0.5992799401283264,0.6165064573287964,0.009483220987021923,0.688157856464386,0.5484628677368164,0.6445454359054565,-1.3667246103286743,0.7206822633743286,0.6358116269111633,0.774168074131012,-0.013376750983297825,0.46487849950790405,0.531398355960846,0.665751039981842,-1.4048779010772705,0.7565921545028687,0.6579625606536865,0.793278157711029,-0.028629399836063385,0.4012763798236847,0.5184131264686584,0.6731656193733215,-1.6764413118362427,0.892588198184967,0.6019843220710754,0.8192590475082397,-0.2665889859199524,0.49608665704727173
General1,34,1,0.5734732151031494,0.18773823976516724,-0.29547828435897827,0.9990713596343994,0.580226719379425,0.17670026421546936,-0.22831566631793976,0.9968416690826416,0.5869492292404175,0.1772034466266632,-0.22830164432525635,0.9973753690719604,0.5938265323638916,0.17775505781173706,-0.22837011516094208,0.9965353012084961,0.5588834285736084,0.17600876092910767,-0.24650873243808746,0.9990246295928955,0.5511400699615479,0.17625102400779724,-0.24656344950199127,0.9991843104362488,0.5419912338256836,0.1766798496246338,-0.24653805792331696,0.9990777969360352,0.6007868647575378,0.1862909197807312,0.05119963362812996,0.9954102635383606,0.5204607844352722,0.18989622592926025,-0.041259605437517166,0.9988137483596802,0.5860879421234131,0.20332926511764526,-0.19397395849227905,0.9923506379127502,0.560093879699707,0.20274022221565247,-0.2204095870256424,0.9964558482170105,0.6463907361030579,0.23576734960079193,-0.0031875132117420435,0.9975544810295105,0.48175865411758423,0.2880399823188782,0.1064724326133728,0.9993045330047607,0.6058298349380493,0.1254355013370514,-0.1353895366191864,0.9874683618545532,0.4732755124568939,0.38315778970718384,0.026612136512994766,0.9035477042198181,0.577778697013855,0.01151391863822937,-0.14041773974895477,0.9607862830162048,0.5344429016113281,0.4411415755748749,-0.15972597897052765,0.7713597416877747,0.5695289969444275,-0.013677984476089478,-0.20267541706562042,0.902167797088623,0.5514571666717529,0.4732969403266907,-0.18257667124271393,0.6865555047988892,0.565566897392273,-0.020430922508239746,-0.184945210814476,0.8902133703231812,0.5641902089118958,0.4673229157924652,-0.1953819990158081,0.6907299160957336,0.5667887330055237,-0.002180725336074829,-0.14618565142154694,0.9237106442451477,0.5604109764099121,0.4537845551967621,-0.16522322595119476,0.6595786809921265,0.7185635566711426,0.46220338344573975,-0.05189264938235283,0.9997225403785706,0.593490481376648,0.4760380983352661,0.051800794899463654,0.9996757507324219,0.6534945964813232,0.5796643495559692,-0.8667797446250916,0.9204279184341431,0.5453934669494629,0.6285750269889832,-0.11583156883716583,0.8177763223648071,0.570013701915741,0.6325288414955139,-0.5704235434532166,0.5117417573928833,0.629546582698822,0.7734956741333008,0.16195574402809143,0.7202412486076355,0.5507827997207642,0.6386387944221497,-0.5397269129753113,0.5636955499649048,0.6567144393920898,0.787376880645752,0.1789504438638687,0.6506478190422058,0.5337310433387756,0.6583860516548157,-0.7103474736213684,0.7152312397956848,0.5838740468025208,0.8214102387428284,-0.035480253398418427,0.733738899230957
General1,35,1,0.5731664299964905,0.18726587295532227,-0.29134559631347656,0.9990513920783997,0.5796397924423218,0.17638695240020752,-0.22280758619308472,0.9968817234039307,0.5862897634506226,0.17685061693191528,-0.22281286120414734,0.9974428415298462,0.5930678248405457,0.1773708164691925,-0.22288301587104797,0.996612012386322,0.5586520433425903,0.1758245825767517,-0.24159778654575348,0.9990618824958801,0.5509693026542664,0.17613843083381653,-0.24166333675384521,0.9992109537124634,0.5418751239776611,0.17662984132766724,-0.24164508283138275,0.9990959167480469,0.5998316407203674,0.18596374988555908,0.06223861128091812,0.9955952763557434,0.5203911066055298,0.19000810384750366,-0.03296685218811035,0.9988920092582703,0.5858347415924072,0.20278310775756836,-0.18804311752319336,0.9920180439949036,0.5601023435592651,0.20227691531181335,-0.21533985435962677,0.9963590502738953,0.6460544466972351,0.23509377241134644,0.007634514942765236,0.9975995421409607,0.4818892478942871,0.2883760929107666,0.11836139112710953,0.9993601441383362,0.6055530309677124,0.12525448203086853,-0.12716960906982422,0.9880487322807312,0.47334393858909607,0.3819831907749176,0.04008417949080467,0.9028162360191345,0.5775192975997925,0.010799318552017212,-0.14322589337825775,0.9601380228996277,0.5341845750808716,0.44046056270599365,-0.1548384726047516,0.7605723738670349,0.5689620971679688,-0.014416307210922241,-0.20706181228160858,0.9013664126396179,0.5515116453170776,0.47342410683631897,-0.1801460087299347,0.6721465587615967,0.5651880502700806,-0.020828336477279663,-0.19123338162899017,0.8893314003944397,0.5629585981369019,0.46478667855262756,-0.19410847127437592,0.6766669750213623,0.5665686130523682,-0.00299227237701416,-0.14992228150367737,0.9222859144210815,0.560585081577301,0.45392003655433655,-0.16120284795761108,0.6437458992004395,0.7198864817619324,0.4624924659729004,-0.05262559652328491,0.9997469782829285,0.5947186350822449,0.4770096242427826,0.052582621574401855,0.9997196793556213,0.6540548801422119,0.5785177946090698,-0.8928903341293335,0.9322878122329712,0.5451751947402954,0.62943434715271,-0.14636075496673584,0.8541573286056519,0.5671705007553101,0.632368803024292,-0.6190179586410522,0.5251896977424622,0.631298840045929,0.7769626975059509,0.10932354629039764,0.7372556328773499,0.5610350370407104,0.6372644901275635,-0.5903959274291992,0.5811591148376465,0.6606151461601257,0.7918503284454346,0.12365210801362991,0.6661943197250366,0.5322775840759277,0.6564481258392334,-0.7657597064971924,0.7400025129318237,0.5868937969207764,0.8266130685806274,-0.09501776099205017,0.7521389126777649
General1,36,1,0.5762016773223877,0.20436356961727142,-0.2882355749607086,0.9996520280838013,0.5879653096199036,0.19417142868041992,-0.24446001648902893,0.9992063641548157,0.5957905054092407,0.19486990571022034,-0.24463561177253723,0.9992976188659668,0.6032823324203491,0.19456747174263,-0.24458430707454681,0.9991576671600342,0.5660318732261658,0.19385448098182678,-0.24826285243034363,0.9997031092643738,0.5581499338150024,0.19361469149589539,-0.248304083943367,0.9996850490570068,0.5503764748573303,0.1933242678642273,-0.24856360256671906,0.9996925592422485,0.605453372001648,0.19616657495498657,-0.041883260011672974,0.9980985522270203,0.5345724821090698,0.1986883580684662,-0.06647396832704544,0.9997543692588806,0.5887640714645386,0.21557410061359406,-0.2144595980644226,0.998384952545166,0.5607559680938721,0.21578586101531982,-0.22096499800682068,0.9994515776634216,0.6520431041717529,0.24201995134353638,-0.1282348334789276,0.9996278285980225,0.4762295186519623,0.2882595956325531,0.07895347476005554,0.9999152421951294,0.600302517414093,0.1813412308692932,-0.47511494159698486,0.9741990566253662,0.47937875986099243,0.39938607811927795,0.09167525917291641,0.9065834879875183,0.5871071815490723,0.0824815034866333,-0.7871250510215759,0.9615177512168884,0.48436111211776733,0.5069133639335632,-0.06309209764003754,0.8409217596054077,0.5823158025741577,0.05070984363555908,-0.8768008947372437,0.9366433620452881,0.4727261960506439,0.5412030220031738,-0.08588127046823502,0.7707017660140991,0.5799791216850281,0.049080729484558105,-0.8749818801879883,0.9290105104446411,0.4897158741950989,0.5399549603462219,-0.1346132904291153,0.7819511890411377,0.5796433687210083,0.059769272804260254,-0.8013273477554321,0.9268926382064819,0.49718376994132996,0.5275784730911255,-0.08433817327022552,0.770061731338501,0.7121571898460388,0.45549067854881287,-0.07254990190267563,0.9997877478599548,0.5756411552429199,0.4678408205509186,0.07257246226072311,0.9996311664581299,0.6481215953826904,0.5479986071586609,-0.6914771199226379,0.7517957091331482,0.5764957666397095,0.5929365158081055,-0.23426705598831177,0.4684728682041168,0.5608918070793152,0.686847448348999,-0.978495717048645,0.5813996195793152,0.6139851808547974,0.7254922986030579,-0.3642389476299286,0.3255649507045746,0.5565513372421265,0.7271915674209595,-1.0114179849624634,0.6826127171516418,0.6149308085441589,0.7625870108604431,-0.38854628801345825,0.4048689305782318,0.5275975465774536,0.7139532566070557,-1.248907446861267,0.7514039278030396,0.5470711588859558,0.7544146180152893,-0.6000214219093323,0.46633657813072205
General1,37,1,0.5753181576728821,0.20460674166679382,-0.24912331998348236,0.999783456325531,0.5875365734100342,0.1951434314250946,-0.20465554296970367,0.9994871616363525,0.5948928594589233,0.19510865211486816,-0.20479385554790497,0.9995428323745728,0.6023471355438232,0.19486668705940247,-0.20473703742027283,0.9994445443153381,0.5656275749206543,0.1939511001110077,-0.2086026817560196,0.9998119473457336,0.5579328536987305,0.19369366765022278,-0.2086380571126938,0.9997977614402771,0.5503354072570801,0.19338157773017883,-0.20887379348278046,0.9998000264167786,0.6050532460212708,0.19641947746276855,-0.001679992419667542,0.9986963868141174,0.534980058670044,0.19857275485992432,-0.027946388348937035,0.9998372793197632,0.587716817855835,0.21604175865650177,-0.1756744384765625,0.9988325238227844,0.559563159942627,0.21595913171768188,-0.18259598314762115,0.999593198299408,0.6527100801467896,0.2431664764881134,-0.0886792466044426,0.9996675252914429,0.47754228115081787,0.28836607933044434,0.11067835986614227,0.9999160766601562,0.5994223952293396,0.18096542358398438,-0.4197983145713806,0.9745049476623535,0.4790942966938019,0.39921867847442627,0.12409891188144684,0.9049151539802551,0.5856984257698059,0.07854783535003662,-0.7171918153762817,0.9624583721160889,0.4839561879634857,0.507034957408905,-0.018362300470471382,0.8508843183517456,0.5807457566261292,0.0494866669178009,-0.8058475852012634,0.9385142922401428,0.47230738401412964,0.5410298705101013,-0.03806785121560097,0.7871127724647522,0.5786030292510986,0.04814225435256958,-0.8052219152450562,0.9313012957572937,0.4882015585899353,0.5402645468711853,-0.08638789504766464,0.797355592250824,0.5779613256454468,0.05659797787666321,-0.7316814661026001,0.9304357767105103,0.4955749809741974,0.5282460451126099,-0.03876087814569473,0.7814317345619202,0.7105685472488403,0.4566464424133301,-0.072932168841362,0.9998583793640137,0.5732853412628174,0.4690888822078705,0.0729445219039917,0.9997215867042542,0.627758800983429,0.542924702167511,-0.7155892252922058,0.7979826331138611,0.5720983743667603,0.6010227203369141,-0.1462574005126953,0.511873185634613,0.5611706972122192,0.6874985694885254,-1.0081112384796143,0.6527434587478638,0.5873813033103943,0.7192057371139526,-0.21905222535133362,0.3494398295879364,0.552478015422821,0.7231314778327942,-1.0408128499984741,0.7498716711997986,0.6161620616912842,0.7613534927368164,-0.23740524053573608,0.41486698389053345,0.5265336036682129,0.7046277523040771,-1.2781174182891846,0.7961664795875549,0.5542141795158386,0.7545721530914307,-0.4362965524196625,0.4682779610157013
General1,38,1,0.5954249501228333,0.1723071038722992,-0.215328648686409,0.9998471736907959,0.6078552007675171,0.16528812050819397,-0.17590446770191193,0.9996528625488281,0.615090548992157,0.16596603393554688,-0.17608514428138733,0.9996836185455322,0.6219307780265808,0.1663297414779663,-0.17604930698871613,0.9995905756950378,0.5863988995552063,0.16413640975952148,-0.1703592836856842,0.999815046787262,0.5785514116287231,0.1644449532032013,-0.1704249083995819,0.9998098015785217,0.5724180936813354,0.1646525263786316,-0.1708158403635025,0.9998242259025574,0.6228529810905457,0.17332518100738525,0.003310662694275379,0.9985602498054504,0.5542393326759338,0.1705709993839264,0.01981452852487564,0.9998136162757874,0.6067292094230652,0.18578040599822998,-0.15122516453266144,0.9991193413734436,0.5790281295776367,0.185658797621727,-0.14631547033786774,0.9996359348297119,0.66621994972229,0.2493223249912262,-0.05679154023528099,0.998711347579956,0.48157864809036255,0.2771351933479309,0.11409946531057358,0.9998615980148315,0.6152923703193665,0.27186569571495056,-0.3993466794490814,0.9368391036987305,0.47193077206611633,0.3906288743019104,0.13199234008789062,0.9247015714645386,0.571468710899353,0.18345285952091217,-0.7377079725265503,0.957378625869751,0.4499584436416626,0.49804744124412537,0.005064369644969702,0.9174041748046875,0.5662404298782349,0.1562633514404297,-0.8145464062690735,0.9416760206222534,0.43033644556999207,0.5329714417457581,-0.014122509397566319,0.866568922996521,0.5886822938919067,0.14244723320007324,-0.8053655028343201,0.9382043480873108,0.4382442533969879,0.5335679650306702,-0.059140678495168686,0.8713833689689636,0.5834083557128906,0.15429502725601196,-0.745904266834259,0.9211484789848328,0.4487192928791046,0.5223758816719055,-0.014158567413687706,0.8708339929580688,0.688203752040863,0.45383962988853455,-0.07405689358711243,0.9992449283599854,0.5557693839073181,0.468034029006958,0.07386234402656555,0.9990500807762146,0.6361607909202576,0.5739898681640625,-0.5578683614730835,0.7930304408073425,0.5386003851890564,0.61115962266922,-0.17946994304656982,0.38194528222084045,0.5833514928817749,0.7344257831573486,-0.6205463409423828,0.5937548875808716,0.5924348831176758,0.7564147114753723,-0.18182048201560974,0.31020575761795044,0.5790943503379822,0.7676805257797241,-0.6333774924278259,0.5900023579597473,0.6188573241233826,0.7943093776702881,-0.19369779527187347,0.3414396345615387,0.5155526399612427,0.773288369178772,-0.8516398668289185,0.738490641117096,0.5517507791519165,0.8082377910614014,-0.40390142798423767,0.4166376292705536
General1,39,1,0.5929397940635681,0.16909897327423096,-0.2059408277273178,0.9998657703399658,0.6060473322868347,0.161840558052063,-0.16587238013744354,0.9997000694274902,0.6134624481201172,0.1626010239124298,-0.16606290638446808,0.9997134804725647,0.6205418705940247,0.16312873363494873,-0.16600795090198517,0.9996418952941895,0.5844586491584778,0.15845203399658203,-0.1602226197719574,0.9998438358306885,0.5771192908287048,0.158860445022583,-0.16030259430408478,0.999832034111023,0.571442723274231,0.15896138548851013,-0.16072647273540497,0.9998512268066406,0.6227881908416748,0.1710255742073059,0.013057200238108635,0.9986565113067627,0.5566303730010986,0.16862592101097107,0.02874850668013096,0.999841570854187,0.6046432852745056,0.18315580487251282,-0.1425805389881134,0.9992002844810486,0.5774710178375244,0.18301796913146973,-0.13779185712337494,0.9996814727783203,0.6665165424346924,0.24848751723766327,-0.040654104202985764,0.9986526966094971,0.47972047328948975,0.2766018211841583,0.10775440186262131,0.9998950958251953,0.6147837042808533,0.2703424096107483,-0.37474948167800903,0.926673173904419,0.4713219404220581,0.39046913385391235,0.11535915732383728,0.9258485436439514,0.571232795715332,0.17523330450057983,-0.7056278586387634,0.9505009651184082,0.4479142427444458,0.49879637360572815,-0.015565522946417332,0.9102365374565125,0.5664240121841431,0.1479702591896057,-0.7819263935089111,0.932188868522644,0.4294161796569824,0.5332726240158081,-0.0368306003510952,0.8568083643913269,0.5822221636772156,0.1407093107700348,-0.7747405767440796,0.9286961555480957,0.43742212653160095,0.5341796875,-0.08294442296028137,0.8625451922416687,0.5884349942207336,0.141708105802536,-0.7148506045341492,0.9116068482398987,0.4475647807121277,0.5234024524688721,-0.035338498651981354,0.8633937835693359,0.6886225938796997,0.45574846863746643,-0.058658868074417114,0.9992642998695374,0.5544446706771851,0.46886396408081055,0.058514803647994995,0.999139666557312,0.6358578205108643,0.5719201564788818,-0.579427182674408,0.6844326853752136,0.5623382925987244,0.607647716999054,-0.19554507732391357,0.329941987991333,0.5814011693000793,0.7337144613265991,-0.6783870458602905,0.433117151260376,0.5889506936073303,0.7551666498184204,-0.2111005336046219,0.2234128713607788,0.5715279579162598,0.7653759717941284,-0.6943832635879517,0.49879732728004456,0.6112393736839294,0.7955259084701538,-0.2240620255470276,0.2664916515350342,0.5651631951332092,0.760271430015564,-0.9139339327812195,0.6329004764556885,0.5609328150749207,0.8074898719787598,-0.43297022581100464,0.32128092646598816
General1,40,1,0.6293057203292847,0.21012648940086365,-0.28927674889564514,0.9999895095825195,0.6437151432037354,0.20052021741867065,-0.2525642514228821,0.999981164932251,0.6507712602615356,0.20231151580810547,-0.25284239649772644,0.9999822378158569,0.6575539708137512,0.2039979100227356,-0.25304681062698364,0.9999829530715942,0.6243360042572021,0.19389870762825012,-0.2593323588371277,0.9999710321426392,0.6156994700431824,0.1906907856464386,-0.2592151165008545,0.9999582767486572,0.6065526604652405,0.1870303452014923,-0.2591509222984314,0.999953031539917,0.658419668674469,0.20767799019813538,-0.000419487216277048,0.9999814033508301,0.5803313255310059,0.1866312325000763,-0.03435136377811432,0.9999574422836304,0.6306835412979126,0.22514116764068604,-0.18943610787391663,0.9999860525131226,0.6010159254074097,0.21650183200836182,-0.19934938848018646,0.9999786615371704,0.6664806604385376,0.25825610756874084,0.010189966298639774,0.9999978542327881,0.5075859427452087,0.26282280683517456,0.22633370757102966,0.9998904466629028,0.6605073809623718,0.3438238501548767,-0.23971374332904816,0.9839831590652466,0.4891645312309265,0.34566569328308105,0.3550652265548706,0.8260024189949036,0.6289689540863037,0.352131724357605,-0.7944017052650452,0.9956808090209961,0.4242130517959595,0.3822253346443176,0.12632498145103455,0.9557567238807678,0.6080290675163269,0.353373259305954,-0.9188709259033203,0.9945963025093079,0.3986383378505707,0.39851534366607666,0.06737157702445984,0.9460243582725525,0.5996865630149841,0.3363321125507355,-0.9548676609992981,0.994691789150238,0.3969293236732483,0.39384618401527405,-0.012362638488411903,0.9523006677627563,0.6035555005073547,0.33452922105789185,-0.819594144821167,0.9917505383491516,0.407446950674057,0.38905417919158936,0.08723677694797516,0.9453880786895752,0.6544262766838074,0.47589096426963806,-0.07829219847917557,0.9999282360076904,0.5245667695999146,0.4818737506866455,0.0788530483841896,0.999584972858429,0.6298835873603821,0.6412457227706909,-0.28413063287734985,0.9872674345970154,0.5249829292297363,0.6448911428451538,0.04632255434989929,0.9222332835197449,0.6200000643730164,0.8041801452636719,-0.22125743329524994,0.97723788022995,0.6074846982955933,0.7670518755912781,0.3636426627635956,0.8948875665664673,0.6203860640525818,0.8394348621368408,-0.22714480757713318,0.8093710541725159,0.6331126093864441,0.7821581363677979,0.38379016518592834,0.7502303719520569,0.5785060524940491,0.8603469729423523,-0.4848438799381256,0.9704290628433228,0.5623729228973389,0.831872284412384,0.22415052354335785,0.9011420607566833
General1,41,1,0.660049319267273,0.23147711157798767,-0.11144344508647919,0.9999947547912598,0.6724455952644348,0.22092384099960327,-0.08038070052862167,0.9999886751174927,0.677803635597229,0.22250422835350037,-0.0805286169052124,0.9999905824661255,0.683398962020874,0.22410300374031067,-0.08068838715553284,0.9999929666519165,0.6525778770446777,0.21422117948532104,-0.09604831784963608,0.9999769926071167,0.6436487436294556,0.2111300826072693,-0.09600553661584854,0.9999716281890869,0.6347657442092896,0.20798754692077637,-0.09585925936698914,0.999963641166687,0.6716838479042053,0.22680315375328064,0.11413014680147171,0.9999922513961792,0.6129179000854492,0.20703759789466858,0.03120015561580658,0.9999470710754395,0.6507521271705627,0.24701562523841858,-0.035392533987760544,0.9999933242797852,0.6294916272163391,0.23914048075675964,-0.06047037988901138,0.9999806880950928,0.6718864440917969,0.30454835295677185,0.10411190986633301,0.9999990463256836,0.5187280178070068,0.2512482702732086,0.1618485301733017,0.999860405921936,0.6946167945861816,0.4130418598651886,0.12630191445350647,0.9901797771453857,0.47992223501205444,0.2224837839603424,-0.040799494832754135,0.9520395398139954,0.6601198315620422,0.505793035030365,-0.04350031167268753,0.9900799989700317,0.4700786769390106,0.20302098989486694,-0.3297542631626129,0.9428625106811523,0.643854558467865,0.535372257232666,-0.08426264673471451,0.9836698770523071,0.453136146068573,0.19047027826309204,-0.40929991006851196,0.8961734175682068,0.6254414916038513,0.5212051868438721,-0.1409236192703247,0.9848013520240784,0.463367223739624,0.19228485226631165,-0.4053853750228882,0.8995274305343628,0.628006100654602,0.5110175013542175,-0.06163372844457626,0.9784811735153198,0.47056373953819275,0.19794893264770508,-0.3445694148540497,0.8986819982528687,0.6156147718429565,0.505505383014679,-0.017795803025364876,0.9998693466186523,0.48684000968933105,0.5032212138175964,0.017740465700626373,0.9994274377822876,0.6055090427398682,0.6869134306907654,-0.10866217315196991,0.9875606894493103,0.5164012908935547,0.6710643768310547,0.04423697292804718,0.9006825685501099,0.6233677268028259,0.8772985935211182,-0.23561957478523254,0.9626227021217346,0.5961502194404602,0.7873020768165588,0.38512182235717773,0.6389749050140381,0.6211552619934082,0.8973615169525146,-0.25865790247917175,0.5255793333053589,0.606998085975647,0.8050289750099182,0.41778385639190674,0.34546318650245667,0.5989457368850708,0.9426892995834351,-0.5299913883209229,0.9392707347869873,0.5978869199752808,0.8554565906524658,0.31578564643859863,0.6984401941299438
General1,42,1,0.6609712839126587,0.23233675956726074,-0.10739197582006454,0.9999948740005493,0.673367440700531,0.22160786390304565,-0.07437732070684433,0.9999889135360718,0.6787943840026855,0.22320279479026794,-0.07451514899730682,0.9999905824661255,0.6843579411506653,0.22479140758514404,-0.07467115670442581,0.9999929666519165,0.653333842754364,0.21485233306884766,-0.09215415269136429,0.9999775886535645,0.6441798210144043,0.21175706386566162,-0.09211760014295578,0.9999721050262451,0.6350023746490479,0.2085619568824768,-0.09196728467941284,0.9999651908874512,0.6721085906028748,0.2271498739719391,0.12772810459136963,0.9999916553497314,0.6122374534606934,0.20733311772346497,0.03496726229786873,0.9999499320983887,0.6517606973648071,0.2477383315563202,-0.02869350090622902,0.9999929666519165,0.6307423114776611,0.23990821838378906,-0.05661236122250557,0.9999796152114868,0.6735750436782837,0.3052811622619629,0.12729883193969727,0.9999990463256836,0.5176418423652649,0.2524734437465668,0.15750530362129211,0.9998728036880493,0.6956269145011902,0.4152607321739197,0.1556282788515091,0.9859849214553833,0.4827267527580261,0.2237577736377716,-0.04764186590909958,0.957333505153656,0.6596983075141907,0.5069614052772522,-0.024685820564627647,0.9876924157142639,0.47189977765083313,0.20303049683570862,-0.3328835070133209,0.9454082250595093,0.6427752375602722,0.5352996587753296,-0.06537102162837982,0.9806469678878784,0.45386549830436707,0.18980959057807922,-0.4148365259170532,0.8990032076835632,0.6248803734779358,0.5205804109573364,-0.12443160265684128,0.9821550846099854,0.46354377269744873,0.1920764446258545,-0.40878477692604065,0.9023250937461853,0.6277831196784973,0.5108241438865662,-0.04436466097831726,0.9748746156692505,0.47114691138267517,0.19798335433006287,-0.34669163823127747,0.9010666608810425,0.6190442442893982,0.5057047009468079,-0.011436253786087036,0.9998902082443237,0.4877505302429199,0.50303715467453,0.011359631083905697,0.9995452761650085,0.6056702136993408,0.6869972348213196,-0.10816381126642227,0.9866739511489868,0.51345294713974,0.6720904111862183,0.009252696298062801,0.9114008545875549,0.6238131523132324,0.8759701251983643,-0.23973315954208374,0.9622358679771423,0.5954888463020325,0.7753339409828186,0.3765983581542969,0.6199383735656738,0.6205003261566162,0.8968063592910767,-0.2623673975467682,0.519932210445404,0.6107906699180603,0.7989037036895752,0.4129066467285156,0.31830042600631714,0.6029151678085327,0.9438350200653076,-0.5341775417327881,0.9403288960456848,0.6063660979270935,0.8552833795547485,0.316177099943161,0.6784553527832031
General1,43,1,0.6599485874176025,0.23199310898780823,-0.1150301843881607,0.9999935626983643,0.6722767353057861,0.22120290994644165,-0.08422493189573288,0.9999862909317017,0.6775829792022705,0.2227758765220642,-0.08436243236064911,0.9999885559082031,0.6831381320953369,0.22435042262077332,-0.08451977372169495,0.9999912977218628,0.6524813175201416,0.21449357271194458,-0.10025329142808914,0.9999728202819824,0.6434203386306763,0.21145254373550415,-0.10021241009235382,0.9999666213989258,0.6342839598655701,0.20831626653671265,-0.1000603511929512,0.9999575614929199,0.6713213324546814,0.22677886486053467,0.11150164902210236,0.9999903440475464,0.6118465662002563,0.20714518427848816,0.026951290667057037,0.9999396800994873,0.6510235071182251,0.2473430335521698,-0.03819945082068443,0.9999924898147583,0.6300356388092041,0.2396220862865448,-0.06374646723270416,0.9999781847000122,0.6733778119087219,0.30509138107299805,0.10960731655359268,0.999998927116394,0.5185678005218506,0.2521152198314667,0.154733806848526,0.9998645782470703,0.6963077783584595,0.41529664397239685,0.1384814977645874,0.9879624247550964,0.485066682100296,0.22489991784095764,-0.05413682386279106,0.9532454013824463,0.6592426300048828,0.5065050721168518,-0.02982974797487259,0.9885584115982056,0.47312867641448975,0.20380204916000366,-0.35119864344596863,0.9434031844139099,0.6416447162628174,0.5350885391235352,-0.06771188229322433,0.9816174507141113,0.4551945626735687,0.19047033786773682,-0.43174687027931213,0.8977200984954834,0.6241417527198792,0.5207823514938354,-0.12491971999406815,0.9829119443893433,0.4644102156162262,0.19266009330749512,-0.42572706937789917,0.900597095489502,0.6269607543945312,0.5109010934829712,-0.048020392656326294,0.9759465456008911,0.4719175100326538,0.198591947555542,-0.365095853805542,0.8989153504371643,0.6188299655914307,0.5067532062530518,-0.012267014011740685,0.9998834133148193,0.488852858543396,0.503541111946106,0.012222050689160824,0.9994779229164124,0.6063147783279419,0.6884341239929199,-0.0945088118314743,0.988062858581543,0.5155399441719055,0.67237389087677,0.04915820434689522,0.9051846861839294,0.6240364909172058,0.8768508434295654,-0.2188398838043213,0.9642270803451538,0.595927894115448,0.773817241191864,0.41986432671546936,0.6121007204055786,0.622215747833252,0.8972722291946411,-0.24119232594966888,0.5348210334777832,0.610152542591095,0.7969921827316284,0.45604684948921204,0.31685686111450195,0.5998275279998779,0.9434337615966797,-0.5128508806228638,0.9411547183990479,0.606141209602356,0.8547197580337524,0.3579672574996948,0.6762926578521729
General1,44,1,0.6633660197257996,0.23189473152160645,-0.09464365243911743,0.9999954700469971,0.6727853417396545,0.22128981351852417,-0.059003058820962906,0.9999903440475464,0.6769577264785767,0.22269615530967712,-0.059121329337358475,0.9999912977218628,0.6813790202140808,0.2240702509880066,-0.05927925556898117,0.9999939203262329,0.653676450252533,0.21513786911964417,-0.078226238489151,0.9999805688858032,0.6439695358276367,0.21250128746032715,-0.07819928228855133,0.9999752044677734,0.6340327858924866,0.2097325623035431,-0.07805109024047852,0.9999711513519287,0.6654229164123535,0.2258138358592987,0.1534191220998764,0.9999926090240479,0.6092824935913086,0.20805662870407104,0.054061274975538254,0.999962329864502,0.6525834798812866,0.24651622772216797,-0.01253336202353239,0.9999935626983643,0.632722020149231,0.2405000925064087,-0.04239582270383835,0.9999833106994629,0.6765938401222229,0.3053334355354309,0.16382287442684174,0.999998927116394,0.5146211981773376,0.2541366219520569,0.16546569764614105,0.9999098777770996,0.6964544653892517,0.4174509048461914,0.18818245828151703,0.9798243045806885,0.463506817817688,0.2079448401927948,-0.04279021918773651,0.9757105708122253,0.664463460445404,0.5069747567176819,-0.027209725230932236,0.9835972189903259,0.4671418368816376,0.1972154974937439,-0.31460344791412354,0.9495810866355896,0.6474994421005249,0.5356665849685669,-0.07475568354129791,0.9767357707023621,0.4480333626270294,0.18649286031723022,-0.40428513288497925,0.8967181444168091,0.6317439079284668,0.5206981301307678,-0.1429774910211563,0.9788790941238403,0.46221935749053955,0.19059529900550842,-0.3939996063709259,0.9011648297309875,0.6329274773597717,0.5103901028633118,-0.052436139434576035,0.9703064560890198,0.4693213105201721,0.19559821486473083,-0.32785671949386597,0.9022836685180664,0.6214215755462646,0.5050627589225769,-0.0064895558170974255,0.9999094009399414,0.4875437617301941,0.503625750541687,0.006457260809838772,0.9996572732925415,0.6075198650360107,0.688068151473999,-0.11318556219339371,0.9879088997840881,0.5143289566040039,0.6741903424263,0.00341959111392498,0.9266093969345093,0.6229764819145203,0.877644419670105,-0.2551115155220032,0.9650789499282837,0.5991703271865845,0.7895596027374268,0.3734442889690399,0.6531853079795837,0.6196434497833252,0.8992186784744263,-0.2785840928554535,0.5171208381652832,0.6145731210708618,0.8006288409233093,0.4102795124053955,0.33992308378219604,0.6017155647277832,0.9460301399230957,-0.5595999956130981,0.9473403692245483,0.6130529642105103,0.8749852180480957,0.31136712431907654,0.7137073874473572
General1,45,1,0.6648286581039429,0.2322080135345459,-0.08252418041229248,0.9999948740005493,0.6738417744636536,0.22118130326271057,-0.04851704090833664,0.9999896287918091,0.6780331134796143,0.22251394391059875,-0.04864775016903877,0.9999909400939941,0.6823970079421997,0.22382354736328125,-0.04882535710930824,0.9999936819076538,0.654961884021759,0.21526026725769043,-0.06589710712432861,0.9999788999557495,0.6450205445289612,0.21261534094810486,-0.06584402918815613,0.9999728202819824,0.634939432144165,0.20982655882835388,-0.0656733438372612,0.9999681711196899,0.6656043529510498,0.22552308440208435,0.1530277281999588,0.9999934434890747,0.6094592213630676,0.20789000391960144,0.06234437972307205,0.99996018409729,0.6539451479911804,0.2467420995235443,-0.004686557222157717,0.9999939203262329,0.6345706582069397,0.24108633399009705,-0.03200070187449455,0.9999837875366211,0.6760143637657166,0.30417096614837646,0.1422269642353058,0.9999992847442627,0.515106737613678,0.2536708116531372,0.1921030879020691,0.999894380569458,0.6975817680358887,0.4151199162006378,0.16412192583084106,0.9852620959281921,0.4745577573776245,0.2102527618408203,0.03587176278233528,0.9656945466995239,0.6651618480682373,0.5051703453063965,-0.03249439224600792,0.9874995350837708,0.4698059856891632,0.1977887749671936,-0.16673552989959717,0.9387480020523071,0.64867103099823,0.5335171818733215,-0.08095160126686096,0.9818134307861328,0.4539563059806824,0.188475102186203,-0.2441217452287674,0.8763682842254639,0.6324062347412109,0.5185457468032837,-0.14238956570625305,0.9833764433860779,0.4633328914642334,0.19159841537475586,-0.23863618075847626,0.8811225891113281,0.6338528394699097,0.5091386437416077,-0.05455949902534485,0.9762949347496033,0.4702402353286743,0.19643869996070862,-0.18041719496250153,0.8847375512123108,0.6202788949012756,0.5057251453399658,-0.01927615888416767,0.9998973608016968,0.4877345860004425,0.5027693510055542,0.019292321056127548,0.9995203018188477,0.6096742749214172,0.68874591588974,-0.12266585230827332,0.9876430034637451,0.5171046257019043,0.6748661398887634,0.04859546571969986,0.8987135887145996,0.6242679357528687,0.8826143145561218,-0.257363885641098,0.9634634256362915,0.6021243333816528,0.7927324771881104,0.3889463245868683,0.6240997910499573,0.6214153170585632,0.905293345451355,-0.28078946471214294,0.4951401650905609,0.6156649589538574,0.809228777885437,0.4218594431877136,0.329827219247818,0.5928325057029724,0.9463517665863037,-0.5683073401451111,0.9403876662254333,0.6123059988021851,0.8833186626434326,0.31316494941711426,0.6850378513336182
General1,46,1,0.6649652719497681,0.2557486295700073,-0.19659779965877533,0.9999828338623047,0.6797040104866028,0.2430976927280426,-0.16122083365917206,0.9999659061431885,0.6851481199264526,0.2456628978252411,-0.16119782626628876,0.9999663829803467,0.6903533339500427,0.24827536940574646,-0.16136488318443298,0.9999727010726929,0.6575498580932617,0.23369506001472473,-0.18043391406536102,0.9999291896820068,0.6476067900657654,0.22981759905815125,-0.1804467886686325,0.9999186992645264,0.6389772891998291,0.22638413310050964,-0.18022586405277252,0.9999037981033325,0.6823614835739136,0.250646710395813,0.04113218933343887,0.9999390840530396,0.6120345592498779,0.22259989380836487,-0.05012930929660797,0.9998297691345215,0.6575658917427063,0.27153250575065613,-0.11700616776943207,0.9999825954437256,0.6314384341239929,0.26247328519821167,-0.14441920816898346,0.9999449253082275,0.6954805254936218,0.33098405599594116,0.11356987059116364,0.9999923706054688,0.5111355185508728,0.2533649206161499,-0.0014319514157250524,0.9997459053993225,0.7191998958587646,0.45564189553260803,0.1512754261493683,0.993039608001709,0.5019575953483582,0.18421828746795654,-0.24654056131839752,0.9963490962982178,0.6620718240737915,0.5563998222351074,0.04072444140911102,0.9908605813980103,0.5319209098815918,0.09550666809082031,-0.5561203360557556,0.9934908747673035,0.6493827104568481,0.5876940488815308,0.02351185493171215,0.97563236951828,0.5240486860275269,0.07051786780357361,-0.6594487428665161,0.9812109470367432,0.6304908394813538,0.5792360901832581,-0.043668270111083984,0.9768347144126892,0.5375482439994812,0.06841880083084106,-0.6289331912994385,0.9800011515617371,0.6304426193237305,0.5683285593986511,0.017025066539645195,0.9729034304618835,0.5412783622741699,0.0788499116897583,-0.56277996301651,0.9787399768829346,0.6089792251586914,0.5162289142608643,0.019360044971108437,0.9998784065246582,0.46450138092041016,0.5081191062927246,-0.019626475870609283,0.9995635151863098,0.5849040150642395,0.7036736011505127,-0.04908120259642601,0.9889050722122192,0.47800886631011963,0.6772556304931641,-0.07450518757104874,0.964422345161438,0.6022074818611145,0.8697713613510132,-0.14531831443309784,0.9742117524147034,0.5679004788398743,0.7423480749130249,0.4377826750278473,0.541983425617218,0.590516209602356,0.8865576386451721,-0.1627350151538849,0.6547647714614868,0.5872855186462402,0.7350670099258423,0.4920341968536377,0.2890327572822571,0.5825477242469788,0.9480620622634888,-0.4103664457798004,0.9551875591278076,0.6060059070587158,0.8218516111373901,0.45854103565216064,0.6081494688987732
General1,47,1,0.7060261964797974,0.35964879393577576,-0.8548543453216553,0.9986818432807922,0.7216743230819702,0.34615835547447205,-0.8450750708580017,0.997817873954773,0.7238552570343018,0.3456825613975525,-0.8450443148612976,0.997871994972229,0.7268000841140747,0.3449075222015381,-0.8456081748008728,0.9979100823402405,0.7095072269439697,0.34089964628219604,-0.8685880899429321,0.9957608580589294,0.7025148868560791,0.3370687961578369,-0.8689762353897095,0.9948378205299377,0.6907769441604614,0.33118781447410583,-0.8690441250801086,0.9936093091964722,0.7111311554908752,0.33154717087745667,-0.6447327733039856,0.9983916878700256,0.654917299747467,0.31496089696884155,-0.7432394027709961,0.9939572811126709,0.6969541907310486,0.37102729082107544,-0.7632449865341187,0.9980306029319763,0.6818313598632812,0.36395615339279175,-0.7937828302383423,0.9960533380508423,0.7214247584342957,0.3755607604980469,-0.44855988025665283,0.9999021291732788,0.5561336874961853,0.2957174777984619,-0.6030112504959106,0.9993807077407837,0.6638924479484558,0.4467097818851471,-0.24868126213550568,0.8773283362388611,0.5491949915885925,0.20696762204170227,-0.9114686250686646,0.995949387550354,0.6716838479042053,0.5246001482009888,-0.11206848919391632,0.875685453414917,0.5615598559379578,0.09384140372276306,-1.2067620754241943,0.9948856234550476,0.6827201843261719,0.5532023310661316,-0.0694970116019249,0.8106117844581604,0.5591508150100708,0.059337735176086426,-1.2777436971664429,0.98595130443573,0.682820737361908,0.5542157292366028,-0.13538311421871185,0.8225453495979309,0.5744896531105042,0.05611279606819153,-1.2954003810882568,0.9866287708282471,0.673058032989502,0.5435857176780701,-0.13134030997753143,0.8216645121574402,0.576854944229126,0.06812125444412231,-1.2304792404174805,0.9870249032974243,0.5695105791091919,0.5176112055778503,0.034786876291036606,0.9998633861541748,0.4252576529979706,0.49828219413757324,-0.035060856491327286,0.9996067881584167,0.5846157073974609,0.6852827072143555,-0.25299766659736633,0.9955014586448669,0.39903897047042847,0.68915855884552,0.028636634349822998,0.9779176712036133,0.5845222473144531,0.8560888767242432,-0.24871839582920074,0.9911311268806458,0.43392032384872437,0.7615898847579956,0.6967832446098328,0.7193344831466675,0.5776430368423462,0.8717840909957886,-0.25758397579193115,0.7568774223327637,0.4533085823059082,0.7718293070793152,0.7631269693374634,0.36763542890548706,0.5691771507263184,0.9274698495864868,-0.5382238626480103,0.976956307888031,0.422011137008667,0.834248960018158,0.696679949760437,0.6878078579902649
General1,48,1,0.7264314293861389,0.3793408274650574,-0.8202785849571228,0.9951862692832947,0.7387598156929016,0.3676828444004059,-0.8149358630180359,0.9947051405906677,0.7404857873916626,0.3667634129524231,-0.8150315284729004,0.9944646954536438,0.7424182891845703,0.36540544033050537,-0.815338671207428,0.9951285123825073,0.7304344773292542,0.3654869794845581,-0.8825114369392395,0.9946413040161133,0.7252336144447327,0.3626851439476013,-0.882792055606842,0.9935498833656311,0.7192405462265015,0.35914966464042664,-0.8829559683799744,0.9913561344146729,0.7247960567474365,0.3505339026451111,-0.6267932057380676,0.9960350394248962,0.6868093013763428,0.3413599729537964,-0.9348449110984802,0.9891903400421143,0.7106248736381531,0.38606494665145874,-0.7283764481544495,0.9952526092529297,0.6950521469116211,0.3825899362564087,-0.8198451995849609,0.9913280606269836,0.7076295018196106,0.3604584336280823,-0.393777072429657,0.9998447895050049,0.5487491488456726,0.3302150070667267,-0.8008509874343872,0.993296205997467,0.6707475781440735,0.4319591820240021,-0.12534543871879578,0.4171535074710846,0.5340099930763245,0.37298208475112915,-1.1345552206039429,0.8567515015602112,0.6761453747749329,0.501396656036377,-0.05401590093970299,0.6120681166648865,0.584099531173706,0.34602659940719604,-1.4429826736450195,0.88721764087677,0.699529767036438,0.5213878750801086,-0.030791833996772766,0.5853641629219055,0.5721142888069153,0.32931241393089294,-1.5252420902252197,0.8766254782676697,0.7022562623023987,0.5247681736946106,-0.10352285951375961,0.6165674328804016,0.5710434317588806,0.3286675214767456,-1.516950011253357,0.8808117508888245,0.6872115731239319,0.5184392929077148,-0.07644596695899963,0.5984155535697937,0.5824723243713379,0.33318448066711426,-1.4465562105178833,0.8431746363639832,0.5570163130760193,0.5141947269439697,0.08160305768251419,0.9998158812522888,0.4205271601676941,0.49663272500038147,-0.08140083402395248,0.9989362359046936,0.5638779401779175,0.6785533428192139,-0.1540973037481308,0.9959571957588196,0.3906165361404419,0.6588568687438965,-0.011295290663838387,0.9217641949653625,0.5810414552688599,0.8554741144180298,-0.01187349297106266,0.9882975220680237,0.400856077671051,0.7784487009048462,0.5183894038200378,0.8036969900131226,0.5689613223075867,0.870276153087616,-0.009487834759056568,0.6803874969482422,0.4088980555534363,0.7969304323196411,0.566683292388916,0.3690359890460968,0.5612520575523376,0.9181816577911377,-0.28513389825820923,0.9734609723091125,0.38936546444892883,0.8254083395004272,0.406047523021698,0.774306058883667
General1,49,1,0.7276875972747803,0.3800162374973297,-0.8943412899971008,0.9912006258964539,0.7398421764373779,0.367992103099823,-0.8938137292861938,0.9900282025337219,0.7415540218353271,0.3669452369213104,-0.8939179182052612,0.9893791079521179,0.7434296607971191,0.3654724359512329,-0.8942221999168396,0.9911394715309143,0.7316005229949951,0.36614981293678284,-0.9612743258476257,0.9900475740432739,0.7265642881393433,0.36350327730178833,-0.9615581631660461,0.9875624179840088,0.7208106517791748,0.36017417907714844,-0.9617332220077515,0.9836686253547668,0.7261965870857239,0.35051560401916504,-0.7105779647827148,0.9931275844573975,0.6876825094223022,0.342652827501297,-1.0177090167999268,0.9783890843391418,0.7129651308059692,0.3866632580757141,-0.8025142550468445,0.9932249188423157,0.6977262496948242,0.38368695974349976,-0.8937438726425171,0.9870616793632507,0.7116484642028809,0.3580496907234192,-0.471891313791275,0.9998413324356079,0.5471444129943848,0.33116745948791504,-0.8698449730873108,0.9902359843254089,0.6868747472763062,0.4260038137435913,-0.21320492029190063,0.4838341474533081,0.5457800626754761,0.3742845952510834,-1.221007227897644,0.8498516082763672,0.6766345500946045,0.5013887286186218,-0.1599871814250946,0.662736177444458,0.5972239971160889,0.34420138597488403,-1.5505445003509521,0.884939968585968,0.6998769044876099,0.5215474367141724,-0.14459557831287384,0.6300617456436157,0.5883183479309082,0.3328589200973511,-1.6394959688186646,0.8789528012275696,0.7028311491012573,0.5249152779579163,-0.2169414907693863,0.6574669480323792,0.5854111909866333,0.33179086446762085,-1.6331267356872559,0.8820682764053345,0.6919654011726379,0.5118931531906128,-0.18266521394252777,0.640787661075592,0.5857803225517273,0.33314770460128784,-1.5557502508163452,0.8448459506034851,0.5570957064628601,0.5132058262825012,0.08170028775930405,0.9998027682304382,0.4197343587875366,0.4962226152420044,-0.08153779059648514,0.998852014541626,0.566757321357727,0.6769930124282837,-0.14432291686534882,0.9951325058937073,0.3897172212600708,0.6593723297119141,-0.0019958619959652424,0.9121180176734924,0.5810092091560364,0.8563306331634521,0.02434645965695381,0.9871922731399536,0.40420225262641907,0.7820468544960022,0.5319625735282898,0.806861400604248,0.5707275867462158,0.8708325028419495,0.028907882049679756,0.6439934372901917,0.41127288341522217,0.8008706569671631,0.5796354413032532,0.36300790309906006,0.5563555359840393,0.917648434638977,-0.25411421060562134,0.9716933369636536,0.3922773599624634,0.8279262781143188,0.40685316920280457,0.7748942375183105
General1,50,1,0.7249182462692261,0.37930652499198914,-0.8184541463851929,0.9979016780853271,0.7370609641075134,0.36797136068344116,-0.8133741617202759,0.9974918365478516,0.7383596897125244,0.36715298891067505,-0.8134459257125854,0.9973872303962708,0.7400375604629517,0.365861713886261,-0.8137044906616211,0.9975676536560059,0.7304894328117371,0.36588233709335327,-0.8775566816329956,0.9972646236419678,0.7266206741333008,0.36340904235839844,-0.8778292536735535,0.9968408346176147,0.7222651839256287,0.3602711856365204,-0.8779594302177429,0.9956586360931396,0.7246779203414917,0.3511120080947876,-0.6206763386726379,0.9982815980911255,0.6914121508598328,0.3427014648914337,-0.9119404554367065,0.9949524402618408,0.7094398736953735,0.3859439492225647,-0.7240606546401978,0.9980186223983765,0.6958068013191223,0.38269180059432983,-0.8106645345687866,0.995855987071991,0.7159997224807739,0.3558136522769928,-0.3716617822647095,0.9999500513076782,0.5498608350753784,0.32864147424697876,-0.7688864469528198,0.9974319338798523,0.6744097471237183,0.4354014992713928,-0.06234559416770935,0.5349467396736145,0.5409907102584839,0.37760820984840393,-1.0550744533538818,0.9080408811569214,0.6725424528121948,0.5042560696601868,0.034218668937683105,0.7291554808616638,0.5898810625076294,0.3492455780506134,-1.3348509073257446,0.9398133158683777,0.6940935254096985,0.5246129035949707,0.06689389050006866,0.6961175799369812,0.5808336734771729,0.33631250262260437,-1.4091979265213013,0.9297149777412415,0.6971977949142456,0.5277689695358276,-0.01025412231683731,0.7209123373031616,0.5800683498382568,0.33395498991012573,-1.406057596206665,0.9325144290924072,0.6832262873649597,0.5207427740097046,0.012205325067043304,0.7001557350158691,0.6025093793869019,0.34259241819381714,-1.3390284776687622,0.9068052768707275,0.5607459545135498,0.5135930180549622,0.07519687712192535,0.9999029636383057,0.4258795976638794,0.4981185495853424,-0.07501920312643051,0.9994121789932251,0.5671525597572327,0.6765868663787842,-0.1770707368850708,0.9969802498817444,0.38857197761535645,0.6594632863998413,-0.0273837149143219,0.9420282244682312,0.5784590244293213,0.8517646789550781,-0.012524805963039398,0.9910139441490173,0.4008834958076477,0.7802066206932068,0.49472299218177795,0.8694983720779419,0.5634472370147705,0.8633859753608704,-0.00819540023803711,0.715131402015686,0.4135820269584656,0.8018695712089539,0.5422766804695129,0.4863054156303406,0.5606145858764648,0.9205302000045776,-0.28044068813323975,0.9806249141693115,0.36803603172302246,0.8504320383071899,0.3836473524570465,0.8574731945991516
General1,51,1,0.7247750163078308,0.3792843818664551,-0.7434781193733215,0.9996734857559204,0.737255334854126,0.3676431477069855,-0.739942193031311,0.9997066855430603,0.7384366989135742,0.3666728734970093,-0.7399961352348328,0.9997146725654602,0.7399388551712036,0.3654029667377472,-0.7402505874633789,0.9997312426567078,0.7308027744293213,0.36576712131500244,-0.8049356937408447,0.9995989203453064,0.7268613576889038,0.3634624481201172,-0.8051760792732239,0.9995229244232178,0.7225655317306519,0.36055558919906616,-0.8051779866218567,0.9993051290512085,0.7242802977561951,0.35086411237716675,-0.5645909309387207,0.9998070597648621,0.688031792640686,0.34233009815216064,-0.8595442771911621,0.9993767142295837,0.7089897394180298,0.3855099678039551,-0.6558722853660583,0.9997411370277405,0.6953751444816589,0.3824697434902191,-0.7434750199317932,0.9993327260017395,0.7133464217185974,0.3565288484096527,-0.3216879963874817,0.9999896287918091,0.5415294170379639,0.3332299590110779,-0.6940057873725891,0.9985383749008179,0.6534989476203918,0.4180873930454254,0.04683822765946388,0.5957396626472473,0.5394045114517212,0.3866880238056183,-0.7705287337303162,0.8738940954208374,0.6729375720024109,0.5051514506340027,0.19691313803195953,0.814132034778595,0.5953733325004578,0.34814590215682983,-0.7878846526145935,0.9037891030311584,0.6943520307540894,0.5251392126083374,0.24491888284683228,0.7807924747467041,0.6044328808784485,0.33798375725746155,-0.812669038772583,0.8845487236976624,0.6980276703834534,0.5285195708274841,0.1684003621339798,0.8002379536628723,0.5909344553947449,0.323967307806015,-0.8144118189811707,0.8866358399391174,0.6841835975646973,0.5213944911956787,0.17771078646183014,0.7744641900062561,0.6073682308197021,0.33759182691574097,-0.7856034636497498,0.8546352982521057,0.559536337852478,0.5130612254142761,0.07237312197685242,0.9999470710754395,0.4229733645915985,0.5004181861877441,-0.07210685312747955,0.9995813965797424,0.567084550857544,0.676583468914032,-0.16241247951984406,0.9972375631332397,0.3881274461746216,0.663008451461792,-0.047188278287649155,0.955565333366394,0.5802595019340515,0.8529369831085205,-0.01936216652393341,0.9929153919219971,0.40567636489868164,0.784976065158844,0.450442373752594,0.8862387537956238,0.5645960569381714,0.8667629957199097,-0.017293984070420265,0.7538363337516785,0.4204918444156647,0.8049716949462891,0.4955505430698395,0.5041214823722839,0.5638387203216553,0.9238458275794983,-0.2849775552749634,0.9851873517036438,0.3711472451686859,0.8600178956985474,0.3403044044971466,0.8884688019752502
General1,52,1,0.7265514135360718,0.3919636905193329,-0.9271042943000793,0.9997783303260803,0.7414608597755432,0.3777315318584442,-0.9113319516181946,0.9994388222694397,0.7441995143890381,0.37622779607772827,-0.9115370512008667,0.9991840720176697,0.7470310926437378,0.37466487288475037,-0.9120333194732666,0.9994757771492004,0.7256546020507812,0.3782855272293091,-0.9616196751594543,0.9997637867927551,0.7173944711685181,0.37702876329421997,-0.961845338344574,0.9996659755706787,0.7083621025085449,0.3754695653915405,-0.9619829654693604,0.9997789263725281,0.7232865691184998,0.3631759285926819,-0.7343287467956543,0.9984513521194458,0.6740511059761047,0.361389696598053,-0.9524048566818237,0.9996591806411743,0.7109763026237488,0.39622053503990173,-0.8450472354888916,0.9996823072433472,0.6957233548164368,0.39414748549461365,-0.9099183082580566,0.9998219609260559,0.7053035497665405,0.36577004194259644,-0.4846535325050354,0.9997866749763489,0.5441908240318298,0.3865162134170532,-0.8846525549888611,0.9998668432235718,0.685787558555603,0.44648703932762146,-0.3033779263496399,0.34676337242126465,0.5180972814559937,0.5180971622467041,-0.9298729300498962,0.9915391802787781,0.6713501811027527,0.4813188314437866,-0.2783597409725189,0.25528448820114136,0.5250496864318848,0.645381510257721,-0.8981512188911438,0.9593552350997925,0.6720901727676392,0.4876346290111542,-0.28963083028793335,0.21518930792808533,0.515410840511322,0.6799266338348389,-0.9829349517822266,0.9280467629432678,0.6676808595657349,0.4904283285140991,-0.3419249653816223,0.21956102550029755,0.5334272384643555,0.685865044593811,-0.988335907459259,0.9323076605796814,0.6596150994300842,0.49055686593055725,-0.2964697778224945,0.22412864863872528,0.537361204624176,0.6747417449951172,-0.9022284150123596,0.9132813811302185,0.5276256203651428,0.4832906126976013,0.10041217505931854,0.9993933439254761,0.39419957995414734,0.486704558134079,-0.10042304545640945,0.9993791580200195,0.5453931093215942,0.6732833385467529,-0.24077804386615753,0.9814519286155701,0.37617772817611694,0.657872200012207,-0.12762273848056793,0.969683825969696,0.5662026405334473,0.8593871593475342,-0.20994216203689575,0.9746487736701965,0.34929603338241577,0.7823442220687866,0.284780353307724,0.8905787467956543,0.5315452814102173,0.9037346839904785,-0.21583928167819977,0.8555083274841309,0.3445659577846527,0.8045938014984131,0.3211115598678589,0.6182355880737305,0.5790188312530518,0.9197402000427246,-0.4406035840511322,0.9641962051391602,0.3276292681694031,0.8240535259246826,0.20551912486553192,0.891262412071228
General1,53,1,0.7380462884902954,0.40157246589660645,-1.018038272857666,0.9940656423568726,0.7518203258514404,0.3844890594482422,-0.9919710159301758,0.988908588886261,0.7540735006332397,0.3822943866252899,-0.9922963976860046,0.9883804321289062,0.7562050819396973,0.3798534572124481,-0.9928371906280518,0.9926006197929382,0.7395994663238525,0.38514912128448486,-1.0647587776184082,0.9919447302818298,0.7328028678894043,0.383510947227478,-1.0650593042373657,0.9900054335594177,0.7254853844642639,0.38155126571655273,-1.065285563468933,0.9917192459106445,0.7304468154907227,0.36538127064704895,-0.781459391117096,0.9791439175605774,0.6869152784347534,0.3662675619125366,-1.1050716638565063,0.9865661263465881,0.720224142074585,0.4060734212398529,-0.9244257211685181,0.9936619997024536,0.7068824172019958,0.4043782949447632,-1.0197069644927979,0.9946197271347046,0.6785420179367065,0.3791508972644806,-0.4915381968021393,0.9987050294876099,0.5295997858047485,0.38505929708480835,-1.029457926750183,0.9978858828544617,0.6389135718345642,0.4857718348503113,-0.326668918132782,0.250480979681015,0.5255200862884521,0.5175614356994629,-1.0405584573745728,0.9802370667457581,0.5820552110671997,0.5782403945922852,-0.43697381019592285,0.1536933332681656,0.559174120426178,0.6315130591392517,-0.9668282866477966,0.9490606188774109,0.5753883719444275,0.601972758769989,-0.45675593614578247,0.13328976929187775,0.5635793209075928,0.659238874912262,-1.0492815971374512,0.9210721254348755,0.5687750577926636,0.6057248115539551,-0.5369997024536133,0.14148996770381927,0.5801011919975281,0.6579681634902954,-1.049404263496399,0.9199259877204895,0.5613878965377808,0.5968917608261108,-0.47207364439964294,0.1498466581106186,0.5781949162483215,0.6517190337181091,-0.9665178060531616,0.8595374226570129,0.5031242370605469,0.491728812456131,0.13244031369686127,0.9966367483139038,0.3753543496131897,0.48090389370918274,-0.13226862251758575,0.99588543176651,0.5393692851066589,0.6679996848106384,-0.2743721902370453,0.9141080975532532,0.36787980794906616,0.646243691444397,-0.325639933347702,0.9268250465393066,0.5493267178535461,0.8323236703872681,-0.03899313509464264,0.8715571165084839,0.3172861635684967,0.7806326150894165,0.13630476593971252,0.8460167646408081,0.5057034492492676,0.8415600061416626,-0.023938404396176338,0.6943550705909729,0.3011133372783661,0.7999520897865295,0.17136172950267792,0.5745323896408081,0.5649343132972717,0.8961114287376404,-0.2384812831878662,0.8688341975212097,0.31821197271347046,0.8550074696540833,-0.02605629712343216,0.8065052032470703
General1,54,1,0.7507164478302002,0.41174212098121643,-0.8613612651824951,0.9901111721992493,0.7593046426773071,0.39915767312049866,-0.8765385746955872,0.9906867146492004,0.7631253004074097,0.39601534605026245,-0.8767451047897339,0.9916431903839111,0.7654237151145935,0.3929778039455414,-0.877078115940094,0.9930389523506165,0.7471054792404175,0.4019754230976105,-0.9228489995002747,0.9935674071311951,0.7405000925064087,0.4016706347465515,-0.9231105446815491,0.9919689297676086,0.7327980995178223,0.40102270245552063,-0.9232711791992188,0.9914917349815369,0.7425514459609985,0.3748009204864502,-0.7938417792320251,0.9869785308837891,0.6947968006134033,0.387850284576416,-0.9941229820251465,0.9878815412521362,0.7369505167007446,0.41481199860572815,-0.8064244389533997,0.9804474115371704,0.724830150604248,0.4168294072151184,-0.8667797446250916,0.9782122373580933,0.6906489729881287,0.32594507932662964,-0.5715062618255615,0.9969016313552856,0.5594474673271179,0.4119226336479187,-0.8228943347930908,0.9929710030555725,0.6427408456802368,0.24688255786895752,-0.27647659182548523,0.8650251030921936,0.515207052230835,0.4952133893966675,-0.5721638202667236,0.7625495195388794,0.6007015109062195,0.15528446435928345,0.002728154184296727,0.8419157862663269,0.5928840637207031,0.48530885577201843,-0.18343275785446167,0.5967651009559631,0.5991418361663818,0.1340116560459137,0.019036918878555298,0.7659472823143005,0.6199076175689697,0.4880685806274414,-0.15962004661560059,0.5959398746490479,0.6043545007705688,0.1356608271598816,0.008578380569815636,0.7802056670188904,0.626367449760437,0.4763920307159424,-0.17189733684062958,0.6284940242767334,0.6046277284622192,0.14446988701820374,0.006830977275967598,0.7315816283226013,0.6187548041343689,0.47381722927093506,-0.1722968965768814,0.5717964768409729,0.4967229664325714,0.47971218824386597,0.12787026166915894,0.9992572665214539,0.37356024980545044,0.4717906713485718,-0.12806366384029388,0.9993047714233398,0.5193755626678467,0.6677926778793335,-0.24977797269821167,0.9488523602485657,0.35659047961235046,0.657457172870636,-0.169282928109169,0.9657641649246216,0.552564799785614,0.8377448320388794,-0.06764394044876099,0.9484906792640686,0.3104352056980133,0.7870666980743408,0.1697068214416504,0.9201172590255737,0.5247246026992798,0.8793584108352661,-0.04822839796543121,0.8801705241203308,0.29397234320640564,0.8036367893218994,0.2037302404642105,0.7995954155921936,0.5693104863166809,0.9017364978790283,-0.21083489060401917,0.9472116827964783,0.3242145776748657,0.8319534063339233,0.05616384372115135,0.898055911064148
General1,55,1,0.7486517429351807,0.4122043251991272,-0.7319114804267883,0.9844343066215515,0.7576644420623779,0.3997034430503845,-0.7542890906333923,0.9853307008743286,0.7604185342788696,0.3971661627292633,-0.7545311450958252,0.9878113865852356,0.7654677629470825,0.3931483328342438,-0.7548432350158691,0.9898011088371277,0.743849515914917,0.4031963646411896,-0.7989612221717834,0.98917156457901,0.7369515895843506,0.40307629108428955,-0.7992277145385742,0.9858740568161011,0.7294652462005615,0.4027896523475647,-0.79938143491745,0.9842936396598816,0.7442578077316284,0.3766568899154663,-0.7037038803100586,0.9847171902656555,0.6925230622291565,0.3886376619338989,-0.8966690301895142,0.9764888882637024,0.7365792989730835,0.41473400592803955,-0.687904953956604,0.9699071645736694,0.7232649922370911,0.41717398166656494,-0.7462489008903503,0.9590641260147095,0.7018977403640747,0.3273145854473114,-0.5271590352058411,0.9975588321685791,0.5596585273742676,0.40876370668411255,-0.7458305358886719,0.9918067455291748,0.6358983516693115,0.23804312944412231,-0.2859289050102234,0.8777546286582947,0.5216769576072693,0.4928061068058014,-0.6255093216896057,0.6194953322410583,0.5961809158325195,0.1544998288154602,-0.06223297119140625,0.836366593837738,0.6009013652801514,0.4824831187725067,-0.42236754298210144,0.493434876203537,0.5945017337799072,0.13363969326019287,-0.05454964190721512,0.745402991771698,0.6270782947540283,0.48184889554977417,-0.41920411586761475,0.5282829999923706,0.6001753211021423,0.13548675179481506,-0.06037745252251625,0.7598724961280823,0.6329393982887268,0.4675871431827545,-0.425723671913147,0.5507482886314392,0.6003148555755615,0.14437666535377502,-0.05740350857377052,0.7090756893157959,0.6287403106689453,0.46539127826690674,-0.41383832693099976,0.4790823757648468,0.5005013346672058,0.481450617313385,0.12125207483768463,0.9987233281135559,0.37528902292251587,0.4696239233016968,-0.12146647274494171,0.9989117383956909,0.5192594528198242,0.6669480204582214,-0.24945563077926636,0.9127048254013062,0.36423054337501526,0.6532295942306519,-0.16470229625701904,0.9401548504829407,0.5466653108596802,0.8383973836898804,-0.13839055597782135,0.9305875301361084,0.3085477352142334,0.7849637269973755,0.13130691647529602,0.8665734529495239,0.536849856376648,0.868679404258728,-0.12907618284225464,0.8285336494445801,0.2916605472564697,0.8083616495132446,0.1598484069108963,0.7017331719398499,0.5593195557594299,0.9005016684532166,-0.31402429938316345,0.9251455068588257,0.31683409214019775,0.8353011608123779,0.003312092972919345,0.8440565466880798
General1,56,1,0.6993153095245361,0.4203566312789917,-0.826169490814209,0.9931255578994751,0.7071437239646912,0.4095032215118408,-0.8746275305747986,0.9945693016052246,0.7107048034667969,0.4043819010257721,-0.8747446537017822,0.9959757924079895,0.7127290368080139,0.39973562955856323,-0.8748228549957275,0.9959114789962769,0.695766806602478,0.4146502614021301,-0.876998782157898,0.9924216866493225,0.6898093223571777,0.4143543541431427,-0.8772784471511841,0.9918346405029297,0.6819422245025635,0.41449540853500366,-0.8774704337120056,0.9905430674552917,0.6960203647613525,0.37951189279556274,-0.8789958357810974,0.9949561953544617,0.6616314649581909,0.4028756618499756,-0.8923668265342712,0.9905951023101807,0.6887003183364868,0.41183167695999146,-0.8004253506660461,0.9946191310882568,0.679556131362915,0.4194621741771698,-0.8068946599960327,0.9937865734100342,0.6769556999206543,0.2991263270378113,-0.7787331342697144,0.9988402724266052,0.595434308052063,0.406169593334198,-0.6489185690879822,0.9944619536399841,0.6111865639686584,0.1733350157737732,-0.7472825646400452,0.9900325536727905,0.6516373157501221,0.3707185387611389,-0.5976249575614929,0.45439061522483826,0.5571720600128174,0.056508392095565796,-0.768096923828125,0.9836514592170715,0.6786671280860901,0.2708635926246643,-0.5896707773208618,0.31409886479377747,0.5512977838516235,0.01921352744102478,-0.8090580105781555,0.96924889087677,0.7022307515144348,0.2594066858291626,-0.610222339630127,0.36004579067230225,0.5648361444473267,0.01969316601753235,-0.7977603673934937,0.9698578715324402,0.6809443831443787,0.23522523045539856,-0.652221143245697,0.3934885561466217,0.5645871162414551,0.034212708473205566,-0.759872555732727,0.9635764956474304,0.6768501996994019,0.23716425895690918,-0.6078417301177979,0.4188099801540375,0.45005032420158386,0.45794999599456787,0.06255589425563812,0.9996030926704407,0.4072740077972412,0.4768606722354889,-0.06284131854772568,0.9997149109840393,0.4563060402870178,0.6466355919837952,-0.1028955727815628,0.6505169868469238,0.38697612285614014,0.6489111185073853,-0.004702483303844929,0.9586994647979736,0.515801191329956,0.8265033960342407,-0.04650871455669403,0.8065052032470703,0.32357072830200195,0.8001060485839844,0.001774735632352531,0.9394592046737671,0.48201635479927063,0.8541417717933655,-0.04269859939813614,0.8249365091323853,0.351915180683136,0.8453691601753235,-0.003908810671418905,0.9276241064071655,0.5375657081604004,0.8862719535827637,-0.21571342647075653,0.8445509672164917,0.3605819642543793,0.8878406286239624,-0.16454088687896729,0.9433006048202515
General1,57,1,0.7006982564926147,0.4216045141220093,-0.792322039604187,0.9957225322723389,0.708349347114563,0.411523699760437,-0.8437909483909607,0.9967124462127686,0.7115336656570435,0.40670061111450195,-0.8439123034477234,0.9975046515464783,0.7132840156555176,0.40205585956573486,-0.8439891934394836,0.9974326491355896,0.6992520093917847,0.4178636074066162,-0.8430064916610718,0.9954215884208679,0.6919088363647461,0.4180537462234497,-0.8432984352111816,0.995164155960083,0.6858091354370117,0.41771966218948364,-0.8434927463531494,0.9943413734436035,0.6958897709846497,0.3811921775341034,-0.8599095344543457,0.9969918727874756,0.6614494323730469,0.40456709265708923,-0.8593057990074158,0.9950220584869385,0.6924937963485718,0.41547393798828125,-0.7714531421661377,0.9975401163101196,0.680266261100769,0.42083653807640076,-0.7739993333816528,0.9972209930419922,0.6755001544952393,0.29752272367477417,-0.7607083916664124,0.9993422627449036,0.6059801578521729,0.4147733747959137,-0.6287632584571838,0.9964148998260498,0.6104294657707214,0.17175927758216858,-0.7295779585838318,0.9939826130867004,0.6554290056228638,0.3929024636745453,-0.6033958792686462,0.516680896282196,0.5569767951965332,0.0569612979888916,-0.7663559913635254,0.9907886385917664,0.690972089767456,0.30882126092910767,-0.6386591792106628,0.33010900020599365,0.5510711669921875,0.01912018656730652,-0.8071205615997314,0.9818514585494995,0.7117803692817688,0.3027341961860657,-0.6680997610092163,0.3796345889568329,0.5651583671569824,0.01910698413848877,-0.8015584945678711,0.9821683764457703,0.6938397884368896,0.27713799476623535,-0.7027762532234192,0.4106050729751587,0.5643346309661865,0.03371119499206543,-0.7600024938583374,0.9773953557014465,0.6908990144729614,0.2768296003341675,-0.6546640992164612,0.43684592843055725,0.4467044472694397,0.4560864269733429,0.06393715739250183,0.9997074007987976,0.41579389572143555,0.4978557229042053,-0.06415244936943054,0.999769389629364,0.45253947377204895,0.6459218859672546,-0.08199167996644974,0.6427310109138489,0.39117076992988586,0.6483713388442993,0.016385871917009354,0.9675661325454712,0.4910106062889099,0.8241322040557861,-0.03506236523389816,0.7977529168128967,0.4055783748626709,0.8160480856895447,0.007701716385781765,0.9404048919677734,0.44329124689102173,0.8610209226608276,-0.03139830380678177,0.8435368537902832,0.40462952852249146,0.855204701423645,0.001514401170425117,0.9444825649261475,0.5099809765815735,0.8775966167449951,-0.20618300139904022,0.8522451519966125,0.42012569308280945,0.8985735774040222,-0.1493668407201767,0.9491907358169556
General1,58,1,0.6979401111602783,0.41013962030410767,-0.5790124535560608,0.9991746544837952,0.7016503810882568,0.3999312222003937,-0.6344320774078369,0.9989388585090637,0.7041877508163452,0.39250221848487854,-0.6348580718040466,0.9991428852081299,0.7070878744125366,0.3873659372329712,-0.634996771812439,0.9991820454597473,0.6886316537857056,0.40397340059280396,-0.636090099811554,0.9989925026893616,0.6806849837303162,0.4041377007961273,-0.636197030544281,0.9988235831260681,0.6743426322937012,0.4034753739833832,-0.6364404559135437,0.9983538389205933,0.6949977874755859,0.35850751399993896,-0.6925790905952454,0.9990537762641907,0.6524572372436523,0.3943043351173401,-0.6951579451560974,0.9987548589706421,0.688713550567627,0.40265852212905884,-0.5774332880973816,0.9994783997535706,0.6696498394012451,0.4090519845485687,-0.5808655023574829,0.9993382096290588,0.6768102645874023,0.27817392349243164,-0.6126750111579895,0.9998729228973389,0.5547583699226379,0.4405903220176697,-0.5411033034324646,0.9994626641273499,0.5994887351989746,0.1515834629535675,-0.5873024463653564,0.9957996010780334,0.5615598559379578,0.5416194796562195,-0.5160107612609863,0.7798179984092712,0.5504539012908936,0.042076826095581055,-0.5819299221038818,0.9951163530349731,0.5276857018470764,0.553057074546814,-0.4972139298915863,0.44092708826065063,0.5434356927871704,0.011144191026687622,-0.626705527305603,0.9894882440567017,0.5151183009147644,0.5619542002677917,-0.5329968929290771,0.39692848920822144,0.547012448310852,0.009950399398803711,-0.6187043190002441,0.990199089050293,0.5022384524345398,0.5446617007255554,-0.574716329574585,0.4187408983707428,0.546068549156189,0.02980715036392212,-0.5772635340690613,0.9840180277824402,0.5160415768623352,0.539360761642456,-0.5166950225830078,0.46491920948028564,0.47262340784072876,0.4446764588356018,0.0911380872130394,0.9999279975891113,0.3702508509159088,0.4627174139022827,-0.09131749719381332,0.9999523162841797,0.4757721424102783,0.6350239515304565,-0.027894441038370132,0.847751259803772,0.3777087926864624,0.638620138168335,-0.011382023803889751,0.9875281453132629,0.5193297266960144,0.8106482625007629,0.09001058340072632,0.9385269284248352,0.32205644249916077,0.7967606782913208,0.06027853861451149,0.9864402413368225,0.5069596767425537,0.8319125175476074,0.09761305153369904,0.9151852130889893,0.3156723082065582,0.8220804333686829,0.06131904944777489,0.9709895849227905,0.5473467707633972,0.8752847909927368,-0.05846088007092476,0.9229400157928467,0.31042033433914185,0.8754483461380005,-0.08092523366212845,0.9792791604995728
General1,59,1,0.6827308535575867,0.4073117971420288,-0.6783877611160278,0.998374342918396,0.6924316883087158,0.39563536643981934,-0.7352871894836426,0.9982821941375732,0.6951199769973755,0.39170682430267334,-0.7356266975402832,0.9984606504440308,0.7003120183944702,0.38539212942123413,-0.7357305884361267,0.9986540079116821,0.6787645816802979,0.4007696807384491,-0.7358343005180359,0.9981896281242371,0.6725810766220093,0.40006184577941895,-0.736000120639801,0.9975137710571289,0.6663444638252258,0.3993329703807831,-0.736280620098114,0.9969990253448486,0.6854101419448853,0.36068737506866455,-0.7784863710403442,0.9982216954231262,0.6432909965515137,0.3896291255950928,-0.7809247970581055,0.9973922967910767,0.6828345060348511,0.39993664622306824,-0.6695815324783325,0.9989445805549622,0.6637299656867981,0.406071275472641,-0.6727973818778992,0.9988742470741272,0.6757401823997498,0.2771758437156677,-0.6897158622741699,0.9997032284736633,0.5762063264846802,0.4187045097351074,-0.5981420278549194,0.9993020296096802,0.5990723371505737,0.15051299333572388,-0.6745997667312622,0.9898138642311096,0.588273823261261,0.4663652181625366,-0.5400962233543396,0.755453884601593,0.5475735664367676,0.03837794065475464,-0.6784955263137817,0.9928145408630371,0.5450016856193542,0.4218999743461609,-0.5423926711082458,0.530941367149353,0.540300726890564,0.006445705890655518,-0.7302543520927429,0.9866721630096436,0.536373496055603,0.4188215136528015,-0.5768736600875854,0.5157490372657776,0.5450130701065063,0.005243480205535889,-0.7259876132011414,0.9872963428497314,0.5208902955055237,0.39787429571151733,-0.6224778890609741,0.5544772744178772,0.5436995029449463,0.02536749839782715,-0.6756723523139954,0.980968177318573,0.5300165414810181,0.3984200954437256,-0.5643652081489563,0.5773335695266724,0.47311851382255554,0.4440491795539856,0.08740934729576111,0.9997929930686951,0.370041161775589,0.45815509557724,-0.08779308199882507,0.999901533126831,0.47549811005592346,0.6353635191917419,-0.012169970199465752,0.7691182494163513,0.37822452187538147,0.639355480670929,-0.02048085816204548,0.9769807457923889,0.5168346166610718,0.8127160668373108,0.1254112869501114,0.8827534317970276,0.31773266196250916,0.8010648488998413,0.07398408651351929,0.977388858795166,0.5072584748268127,0.8324885368347168,0.1340375542640686,0.8345814943313599,0.3164440393447876,0.8260606527328491,0.07563941925764084,0.9463604092597961,0.5351781845092773,0.881372332572937,-0.014261017553508282,0.907340407371521,0.3076067864894867,0.8857210278511047,-0.07856253534555435,0.9739546179771423
General1,60,1,0.6677422523498535,0.3891618251800537,-0.7905214428901672,0.9633648991584778,0.6708037853240967,0.3801882863044739,-0.8533179759979248,0.9708552956581116,0.6755528450012207,0.37660980224609375,-0.8536422252655029,0.9822854995727539,0.6855354309082031,0.3700067400932312,-0.853876531124115,0.9817165732383728,0.6489883661270142,0.3877204656600952,-0.8589408993721008,0.9667826890945435,0.6414660215377808,0.387443482875824,-0.8592163324356079,0.9661354422569275,0.6350367069244385,0.3871491551399231,-0.8595277667045593,0.9489597678184509,0.6699209213256836,0.3524976968765259,-0.8920891880989075,0.981555163860321,0.6156789064407349,0.3794163167476654,-0.917667031288147,0.9460910558700562,0.6693050861358643,0.38702136278152466,-0.7720677852630615,0.9645209908485413,0.6440024375915527,0.3944706916809082,-0.7826043367385864,0.9498286247253418,0.6727801561355591,0.28146302700042725,-0.749520480632782,0.9953984618186951,0.5710199475288391,0.400520384311676,-0.6712827086448669,0.9873188138008118,0.5991635918617249,0.15107685327529907,-0.6668081283569336,0.9814620018005371,0.6234978437423706,0.4143739342689514,-0.564757227897644,0.4885083734989166,0.5200205445289612,0.03426408767700195,-0.6645137667655945,0.986461341381073,0.6780555248260498,0.3238676190376282,-0.508613646030426,0.34355810284614563,0.5046963691711426,-0.002642989158630371,-0.6957622170448303,0.9761648178100586,0.7011561989784241,0.3158191442489624,-0.5118849277496338,0.38766998052597046,0.5075080990791321,-0.004802048206329346,-0.6773293614387512,0.9777839779853821,0.6833117008209229,0.28337281942367554,-0.5447603464126587,0.41016092896461487,0.514075517654419,0.014109015464782715,-0.6498895883560181,0.9661135077476501,0.6809431314468384,0.2832053601741791,-0.5191948413848877,0.4168662130832672,0.4905443787574768,0.43478143215179443,0.10704417526721954,0.9992467164993286,0.3698003888130188,0.44011223316192627,-0.10704650729894638,0.9996658563613892,0.4883728325366974,0.6224621534347534,-0.03561465069651604,0.5822475552558899,0.36929550766944885,0.6242316961288452,-0.09736024588346481,0.9681844115257263,0.5099875330924988,0.8006108999252319,0.09872845560312271,0.7869057655334473,0.3262467682361603,0.8058810234069824,-0.05347162112593651,0.9721296429634094,0.49862951040267944,0.8143529295921326,0.10862540453672409,0.8183035254478455,0.31904876232147217,0.8317683935165405,-0.05818283185362816,0.9466843605041504,0.5450551509857178,0.8750243186950684,-0.04255221039056778,0.8408408164978027,0.3585331439971924,0.8538557291030884,-0.2679400146007538,0.9660187363624573
General1,61,1,0.6292740106582642,0.37258607149124146,-0.8140125274658203,0.9965822100639343,0.6414415836334229,0.36138832569122314,-0.8602818846702576,0.9973682761192322,0.648890495300293,0.3583128750324249,-0.8605673313140869,0.997816801071167,0.6543995141983032,0.35629719495773315,-0.8608686327934265,0.9984493255615234,0.6151134967803955,0.3625030815601349,-0.8639728426933289,0.9975833892822266,0.607110857963562,0.36221545934677124,-0.864162802696228,0.9964817762374878,0.5986871719360352,0.361234575510025,-0.8643999695777893,0.9958401918411255,0.6547631025314331,0.3396364450454712,-0.8184629082679749,0.9985277652740479,0.572737991809845,0.34457916021347046,-0.8288678526878357,0.9954677820205688,0.6358968019485474,0.37011462450027466,-0.7661908268928528,0.9979217648506165,0.6113794445991516,0.3746024966239929,-0.7716841101646423,0.9957818984985352,0.676727294921875,0.2827050983905792,-0.6341298818588257,0.9996424913406372,0.5458683967590332,0.3585089445114136,-0.6152358055114746,0.998993456363678,0.5945700407028198,0.17671146988868713,-0.6300067901611328,0.7255757451057434,0.5892534852027893,0.4505552351474762,-0.798772394657135,0.8776243925094604,0.5663942098617554,0.10355207324028015,-0.6899386048316956,0.8364728093147278,0.7117652893066406,0.38228508830070496,-1.0913716554641724,0.7311417460441589,0.4942370355129242,0.033582717180252075,-0.7267950177192688,0.8071465492248535,0.7448099851608276,0.3713778853416443,-1.160519003868103,0.7145729064941406,0.56086266040802,0.07838752865791321,-0.7180959582328796,0.8156590461730957,0.738025426864624,0.3593168258666992,-1.1447832584381104,0.71384596824646,0.5026919841766357,0.048039644956588745,-0.6831591129302979,0.7750521302223206,0.7273855805397034,0.35990455746650696,-1.0939055681228638,0.6585626602172852,0.49746954441070557,0.4441037178039551,0.08099443465471268,0.999464213848114,0.3638165593147278,0.42609602212905884,-0.08123892545700073,0.9997121691703796,0.5000082850456238,0.6310805678367615,-0.13491681218147278,0.6572957634925842,0.37500882148742676,0.6083371043205261,-0.182435542345047,0.920625627040863,0.4973817467689514,0.7956968545913696,0.035928282886743546,0.7139618992805481,0.3335220515727997,0.7966023683547974,-0.0928092747926712,0.9141372442245483,0.49089282751083374,0.81459641456604,0.04768935590982437,0.5679033398628235,0.31447598338127136,0.8098440170288086,-0.09157406538724899,0.7990397214889526,0.5104029178619385,0.8681923747062683,-0.12420149147510529,0.7850921154022217,0.36869001388549805,0.8746968507766724,-0.27847856283187866,0.9203161597251892
General1,62,1,0.622161328792572,0.3740695118904114,-0.647359311580658,0.9978918433189392,0.6353777050971985,0.36403724551200867,-0.6951531767845154,0.9984400868415833,0.6416302919387817,0.36233609914779663,-0.6953871846199036,0.9986754059791565,0.650215208530426,0.35914790630340576,-0.6956942081451416,0.9990965127944946,0.6096991300582886,0.36390453577041626,-0.6996133327484131,0.9980559349060059,0.6028755903244019,0.3630453646183014,-0.6996429562568665,0.9969401359558105,0.5960717797279358,0.3615882396697998,-0.6997900605201721,0.9966649413108826,0.6556639671325684,0.34286463260650635,-0.6927893757820129,0.9988634586334229,0.5756399631500244,0.344429612159729,-0.704708456993103,0.9953832030296326,0.6310657858848572,0.37069234251976013,-0.616835355758667,0.9987825751304626,0.6066516637802124,0.3739986717700958,-0.6223154664039612,0.9975903034210205,0.679867684841156,0.29333603382110596,-0.5532094836235046,0.999721348285675,0.5560256838798523,0.3463267683982849,-0.5349530577659607,0.9986169338226318,0.5910687446594238,0.1796366572380066,-0.5165454745292664,0.7511318922042847,0.6039997935295105,0.43448543548583984,-0.6310257315635681,0.8652155995368958,0.622247040271759,0.14075759053230286,-0.5830407738685608,0.8439382910728455,0.6991250514984131,0.3528503179550171,-0.8337442874908447,0.7806497812271118,0.6186688542366028,0.11506760120391846,-0.6194353103637695,0.8132985830307007,0.719336748123169,0.2990420460700989,-0.8947623372077942,0.7518060207366943,0.635905385017395,0.11979031562805176,-0.6265485286712646,0.8265053629875183,0.7049504518508911,0.2743946313858032,-0.8923777937889099,0.7623815536499023,0.6363341808319092,0.13039731979370117,-0.5847949385643005,0.8028225898742676,0.7008939981460571,0.27981191873550415,-0.8422707319259644,0.7254668474197388,0.49975699186325073,0.4461323916912079,0.06553443521261215,0.9991359114646912,0.36839208006858826,0.42478662729263306,-0.0656551867723465,0.9994900226593018,0.49767225980758667,0.6317641735076904,-0.09025202691555023,0.6449709534645081,0.3756293058395386,0.6090231537818909,-0.13936200737953186,0.8768777251243591,0.4976217746734619,0.7923004627227783,0.11355175822973251,0.7346718311309814,0.33490902185440063,0.7929721474647522,-0.0032280629966408014,0.9023812413215637,0.48453497886657715,0.8015834093093872,0.12979330122470856,0.5926526188850403,0.3208121955394745,0.8044084310531616,0.002467164769768715,0.7754496335983276,0.5018855333328247,0.8629662990570068,-0.009889703243970871,0.7823188900947571,0.3731001019477844,0.8658215403556824,-0.16377688944339752,0.9075404405593872
General1,63,1,0.6364890336990356,0.35187581181526184,-0.8622021675109863,0.9990656971931458,0.646294891834259,0.336605429649353,-0.8894414305686951,0.998737633228302,0.6497118473052979,0.33444881439208984,-0.889744758605957,0.9987865090370178,0.653964638710022,0.33116668462753296,-0.8899346590042114,0.9990656971931458,0.6235215663909912,0.33809977769851685,-0.9021120667457581,0.9992567896842957,0.6136605739593506,0.33747389912605286,-0.9024075865745544,0.9990794658660889,0.5999839305877686,0.33608901500701904,-0.9026982188224792,0.9989836812019348,0.6343370676040649,0.3145824372768402,-0.8092101812362671,0.9992479681968689,0.5553701519966125,0.32329386472702026,-0.8604223132133484,0.9992461204528809,0.6334314942359924,0.35656076669692993,-0.8066503405570984,0.9994885921478271,0.6041788458824158,0.35966914892196655,-0.8244286775588989,0.9994103908538818,0.6459780931472778,0.27446117997169495,-0.6434932947158813,0.9997996687889099,0.46342703700065613,0.36587536334991455,-0.7137730717658997,0.999736487865448,0.5715361833572388,0.14411866664886475,-0.6932673454284668,0.9631341695785522,0.5480666756629944,0.46417751908302307,-1.0046104192733765,0.97991943359375,0.46891161799430847,0.029376715421676636,-0.7810821533203125,0.976044774055481,0.7298188209533691,0.43375033140182495,-1.3693060874938965,0.9311495423316956,0.44262728095054626,0.011671692132949829,-0.8505187630653381,0.9586765766143799,0.7721941471099854,0.43341007828712463,-1.4678378105163574,0.9000800848007202,0.44057828187942505,0.00641670823097229,-0.8273856043815613,0.9560409188270569,0.7714241147041321,0.41985777020454407,-1.4475529193878174,0.8909951448440552,0.44774019718170166,0.015978366136550903,-0.772632360458374,0.9419491291046143,0.7613993883132935,0.41953030228614807,-1.3712881803512573,0.8636119365692139,0.49859553575515747,0.4445209801197052,0.1023578941822052,0.9996858835220337,0.3587159514427185,0.4374748468399048,-0.10270459204912186,0.999889612197876,0.5333735942840576,0.6247294545173645,-0.039011355489492416,0.8743085265159607,0.38694730401039124,0.6101373434066772,-0.2699662446975708,0.9868547916412354,0.5064049959182739,0.8004074096679688,0.1253402829170227,0.8976736664772034,0.3410516679286957,0.8023603558540344,-0.2749354839324951,0.9796015024185181,0.48362696170806885,0.817192554473877,0.13185447454452515,0.7494421005249023,0.3208365738391876,0.8151718378067017,-0.28364527225494385,0.9115004539489746,0.5248624086380005,0.8763792514801025,-0.07273109257221222,0.9087451100349426,0.39443811774253845,0.8869765400886536,-0.5225433707237244,0.9796851277351379
General1,64,1,0.6387203931808472,0.35432422161102295,-0.7660760879516602,0.9991281628608704,0.6458992958068848,0.3388339877128601,-0.7915934920310974,0.9988353848457336,0.649567186832428,0.33648109436035156,-0.7919058203697205,0.9988956451416016,0.6527519226074219,0.3341637849807739,-0.7920913100242615,0.9991574287414551,0.6272658705711365,0.34082722663879395,-0.8053433299064636,0.9992517828941345,0.6137032508850098,0.3393285274505615,-0.8055905103683472,0.999060332775116,0.6002767086029053,0.3378353714942932,-0.8058599829673767,0.9989457726478577,0.6358597874641418,0.31670379638671875,-0.7212628126144409,0.9993340373039246,0.5557460188865662,0.3239414095878601,-0.7767835259437561,0.9992173910140991,0.6321269869804382,0.35787510871887207,-0.7161209583282471,0.9995344877243042,0.603221595287323,0.361186683177948,-0.7349571585655212,0.999411940574646,0.6443877220153809,0.27615076303482056,-0.5770711302757263,0.9998112320899963,0.4655441343784332,0.3670346140861511,-0.6529994010925293,0.9996957778930664,0.5708040595054626,0.14188191294670105,-0.6216038465499878,0.9650484919548035,0.5489525198936462,0.4655551016330719,-0.9119976758956909,0.9801319241523743,0.46636977791786194,0.025931745767593384,-0.7021057605743408,0.9752503633499146,0.7309396266937256,0.43442657589912415,-1.2177523374557495,0.9212243556976318,0.44290345907211304,0.006367534399032593,-0.7680544853210449,0.9561142325401306,0.7728500366210938,0.4331287741661072,-1.3086611032485962,0.8820522427558899,0.4431619942188263,-0.0015403032302856445,-0.7447934746742249,0.9541751742362976,0.7717987298965454,0.419874370098114,-1.2895773649215698,0.8735929131507874,0.44671016931533813,0.012305259704589844,-0.6942872405052185,0.940144419670105,0.7498517036437988,0.41515523195266724,-1.2189769744873047,0.8442215323448181,0.497897207736969,0.4449903070926666,0.10052430629730225,0.9996256828308105,0.3595452308654785,0.4382475018501282,-0.10082337260246277,0.9998728036880493,0.5372902154922485,0.6247736215591431,-0.030902599915862083,0.8855599164962769,0.38715896010398865,0.6099793314933777,-0.24253341555595398,0.9890430569648743,0.5092289447784424,0.7983857989311218,0.1202416941523552,0.9040175676345825,0.3437894284725189,0.7998961806297302,-0.25496530532836914,0.9818046689033508,0.4862402081489563,0.810685932636261,0.12614063918590546,0.7459290623664856,0.32466840744018555,0.8116649389266968,-0.26415976881980896,0.9186939001083374,0.5332388877868652,0.8726688623428345,-0.06408823281526566,0.9078397154808044,0.3980371057987213,0.8836017847061157,-0.48735594749450684,0.980292022228241
General1,65,1,0.5989947319030762,0.33582109212875366,-1.0535200834274292,0.998742401599884,0.6050012707710266,0.315774142742157,-1.065537929534912,0.9978678226470947,0.6155648827552795,0.3138098120689392,-1.0657782554626465,0.9979673027992249,0.6206570863723755,0.311617374420166,-1.066084384918213,0.998343825340271,0.5835951566696167,0.3184936046600342,-1.0851553678512573,0.9991705417633057,0.5707736015319824,0.31732726097106934,-1.0853215456008911,0.9991083741188049,0.5565508604049683,0.3158276677131653,-1.0855686664581299,0.9991662502288818,0.6131263971328735,0.2935827970504761,-0.9167372584342957,0.9979643821716309,0.5229844450950623,0.3084307312965393,-0.994616687297821,0.9995887875556946,0.5986860394477844,0.34489837288856506,-0.9714084267616272,0.9991129040718079,0.5684666037559509,0.3452269732952118,-0.9966527223587036,0.9993925094604492,0.6162521839141846,0.252885639667511,-0.6540589928627014,0.9998892545700073,0.4421483278274536,0.3617702126502991,-0.7952188849449158,0.9998984336853027,0.5625126361846924,0.13449817895889282,-0.6420844793319702,0.9058344960212708,0.535312831401825,0.48277196288108826,-0.6789636015892029,0.9885891675949097,0.4602925479412079,0.017942100763320923,-0.6210495233535767,0.9353974461555481,0.6945767402648926,0.5333626866340637,-0.5004342198371887,0.845390260219574,0.4421628713607788,-0.005001068115234375,-0.6743143200874329,0.8867201805114746,0.7322432994842529,0.549143373966217,-0.5241013765335083,0.7909780144691467,0.4499676525592804,-0.014490664005279541,-0.6580493450164795,0.879615843296051,0.7433466911315918,0.5379443168640137,-0.5317100286483765,0.7867879271507263,0.45206356048583984,0.0021648406982421875,-0.6178687810897827,0.8627429008483887,0.726559042930603,0.5311951637268066,-0.49746260046958923,0.7512596249580383,0.49859511852264404,0.43494713306427,0.08996705710887909,0.9997292160987854,0.35756638646125793,0.4338032603263855,-0.09043645113706589,0.9999207258224487,0.5214875340461731,0.6019212603569031,-0.08114354312419891,0.9157705903053284,0.3777688145637512,0.614220917224884,-0.4109366536140442,0.9871171116828918,0.5066582560539246,0.7993218898773193,0.1476708948612213,0.9299588203430176,0.3518522381782532,0.8214247226715088,-0.4330258071422577,0.9870827198028564,0.4923231601715088,0.8128935098648071,0.1638413667678833,0.7180677056312561,0.3459250032901764,0.8368648290634155,-0.4441128671169281,0.9242606163024902,0.5135165452957153,0.8743278980255127,-0.08748771250247955,0.9422382712364197,0.40313851833343506,0.9030675888061523,-0.7503277659416199,0.9877201914787292
General1,66,1,0.6021379232406616,0.33474594354629517,-0.9657753109931946,0.998941957950592,0.6113369464874268,0.31661492586135864,-0.982044517993927,0.9982972741127014,0.6169630289077759,0.3141006827354431,-0.982248842716217,0.9983924031257629,0.6219260096549988,0.31184834241867065,-0.9825366139411926,0.9986612796783447,0.5854771733283997,0.3175623416900635,-1.0001251697540283,0.9993247985839844,0.5725013017654419,0.31641989946365356,-1.0003457069396973,0.9992703795433044,0.5573617815971375,0.3147847056388855,-1.000610589981079,0.9993447661399841,0.6152533292770386,0.2954499125480652,-0.8530265092849731,0.9984326958656311,0.5219323039054871,0.3079273998737335,-0.9220415353775024,0.9996935129165649,0.6018508076667786,0.34443092346191406,-0.8896756768226624,0.9991075396537781,0.5712893605232239,0.34412848949432373,-0.9121606945991516,0.9993451237678528,0.6197763681411743,0.25808268785476685,-0.5925142765045166,0.9998843669891357,0.4364545941352844,0.3633500337600708,-0.7424562573432922,0.9999107122421265,0.5615244507789612,0.1314455270767212,-0.5681831240653992,0.8598765134811401,0.5287118554115295,0.4834892749786377,-0.5584723353385925,0.9800590872764587,0.4601699113845825,0.018769264221191406,-0.5318817496299744,0.8898248076438904,0.6910974979400635,0.5325913429260254,-0.27790069580078125,0.752690851688385,0.4433322548866272,-0.002450227737426758,-0.5778763294219971,0.8240971565246582,0.7257858514785767,0.5503676533699036,-0.2819221615791321,0.6799481511116028,0.449215829372406,-0.011585354804992676,-0.5625375509262085,0.8189998269081116,0.7384189367294312,0.5384826064109802,-0.29011955857276917,0.6781349778175354,0.4508475363254547,0.0022346973419189453,-0.5291128754615784,0.7984647154808044,0.7240701913833618,0.5306215286254883,-0.2712405323982239,0.6556682586669922,0.4984731078147888,0.43189823627471924,0.09128162264823914,0.9997575879096985,0.3568389117717743,0.4325602650642395,-0.0915602594614029,0.9999358654022217,0.5217057466506958,0.6024975776672363,-0.10282863676548004,0.8827590942382812,0.37921658158302307,0.6060406565666199,-0.4292966425418854,0.9840203523635864,0.5025149583816528,0.7986843585968018,0.11116188019514084,0.9099259376525879,0.35296472907066345,0.8238626718521118,-0.47916311025619507,0.9861488342285156,0.49254491925239563,0.8132646083831787,0.1260974258184433,0.6885609030723572,0.3405379354953766,0.84150230884552,-0.49343857169151306,0.9270523190498352,0.5160712003707886,0.875176191329956,-0.11817401647567749,0.9309569001197815,0.40358835458755493,0.9058464169502258,-0.8036190867424011,0.9867244362831116
General1,67,1,0.6013590097427368,0.3334382176399231,-1.024813175201416,0.9989197254180908,0.6107414960861206,0.31501504778862,-1.0385501384735107,0.9980015158653259,0.6164301633834839,0.3125815987586975,-1.0387846231460571,0.998167872428894,0.6216849088668823,0.31022870540618896,-1.03909432888031,0.9984059929847717,0.5843828916549683,0.3160897493362427,-1.0582115650177002,0.9991934895515442,0.5713715553283691,0.3150511085987091,-1.0583938360214233,0.9991822838783264,0.5578380823135376,0.3138761520385742,-1.0586334466934204,0.9992257356643677,0.6129541397094727,0.2929888963699341,-0.8918030261993408,0.9982576966285706,0.5213876366615295,0.3069114089012146,-0.9681286215782166,0.999702513217926,0.6025064587593079,0.34317493438720703,-0.9427222013473511,0.9991708993911743,0.571164608001709,0.34313464164733887,-0.9672940373420715,0.9994401335716248,0.6216404438018799,0.2580419182777405,-0.6195708513259888,0.9999090433120728,0.4365571439266205,0.36130577325820923,-0.7856482267379761,0.9999181032180786,0.5584794282913208,0.12665393948554993,-0.6045233607292175,0.8396151065826416,0.526321530342102,0.47979736328125,-0.6698635816574097,0.9856410622596741,0.45797088742256165,0.01545572280883789,-0.590074896812439,0.870719313621521,0.6942901611328125,0.5319666266441345,-0.4766477942466736,0.7906076908111572,0.44368886947631836,-0.013196945190429688,-0.6463033556938171,0.798222541809082,0.7293838858604431,0.5502113103866577,-0.500189483165741,0.7229589819908142,0.4505123198032379,-0.018726646900177002,-0.6301741003990173,0.789591908454895,0.7419175505638123,0.5397413969039917,-0.5115966200828552,0.7190278768539429,0.45408639311790466,-0.0006039142608642578,-0.5892148017883301,0.7750137448310852,0.7275028824806213,0.531856894493103,-0.47512686252593994,0.6915101408958435,0.4974936246871948,0.43393567204475403,0.09674721956253052,0.9998273849487305,0.3546323776245117,0.4349425733089447,-0.09703075885772705,0.9999309778213501,0.522138774394989,0.6044529676437378,-0.10224039852619171,0.9227717518806458,0.37714236974716187,0.610579252243042,-0.3938058912754059,0.9878106117248535,0.5064927339553833,0.7990966439247131,0.11828773468732834,0.9395895004272461,0.3529678285121918,0.8194923400878906,-0.3745858371257782,0.9864213466644287,0.4927211403846741,0.8143519759178162,0.13247139751911163,0.7246090769767761,0.3405102491378784,0.8335365653038025,-0.3808249235153198,0.9140980839729309,0.5135712623596191,0.8786228895187378,-0.13067439198493958,0.9460459351539612,0.40731990337371826,0.9013539552688599,-0.689420223236084,0.9868842363357544
General1,68,1,0.57991623878479,0.32081568241119385,-1.1078232526779175,0.9997344613075256,0.5891413688659668,0.30034318566322327,-1.1137866973876953,0.999494194984436,0.5967850685119629,0.29706621170043945,-1.1139612197875977,0.999527096748352,0.6026043891906738,0.2946889400482178,-1.1143215894699097,0.9995458722114563,0.5592349767684937,0.3013309836387634,-1.125693440437317,0.9997895359992981,0.5452118515968323,0.29978296160697937,-1.125769019126892,0.9997839331626892,0.532477617263794,0.2983369529247284,-1.1259006261825562,0.9997596144676208,0.6033385992050171,0.2786635458469391,-0.9396421909332275,0.9996010661125183,0.5020638704299927,0.29248499870300293,-0.9825844168663025,0.9999011754989624,0.5844420194625854,0.33156952261924744,-1.0204555988311768,0.9998675584793091,0.5493022799491882,0.3301304578781128,-1.034844994544983,0.9999082088470459,0.6198853850364685,0.26791369915008545,-0.6857754588127136,0.9999501705169678,0.4300006330013275,0.36554086208343506,-0.8100950717926025,0.9999699592590332,0.5582444667816162,0.12278285622596741,-0.7102742791175842,0.9487350583076477,0.5106009840965271,0.49249616265296936,-0.8485190868377686,0.988919198513031,0.4662274718284607,-0.004286527633666992,-0.7483139634132385,0.941245973110199,0.6249627470970154,0.5772955417633057,-0.86663818359375,0.7870610356330872,0.4862026572227478,-0.027653872966766357,-0.8273937702178955,0.8740406036376953,0.6550518274307251,0.5988372564315796,-0.9317976236343384,0.6875119805335999,0.5043584704399109,-0.031981825828552246,-0.8148555755615234,0.8672835230827332,0.6694064140319824,0.5893476009368896,-0.9494228363037109,0.6866968274116516,0.5177724361419678,-0.013303577899932861,-0.7526247501373291,0.8794152140617371,0.657291054725647,0.5806981325149536,-0.8769751787185669,0.6736581325531006,0.5053485631942749,0.43457233905792236,0.09152242541313171,0.9998401403427124,0.35750970244407654,0.44364044070243835,-0.09197890758514404,0.9999579191207886,0.5248997807502747,0.6086204051971436,0.016412219032645226,0.9212930202484131,0.3624590337276459,0.6341637969017029,-0.2602773904800415,0.9909356236457825,0.5082124471664429,0.8007150888442993,0.22896446287631989,0.9298809766769409,0.3553032875061035,0.8414075374603271,-0.30504176020622253,0.9902036190032959,0.4868012070655823,0.8150697946548462,0.24412038922309875,0.8079732656478882,0.3486414849758148,0.8588156700134277,-0.3195909559726715,0.9463510513305664,0.5297388434410095,0.87297523021698,0.002719424432143569,0.9375768899917603,0.4009047746658325,0.9191735982894897,-0.6305974721908569,0.9890696406364441
General1,69,1,0.5520361065864563,0.30533844232559204,-1.1893322467803955,0.9999834299087524,0.5643568634986877,0.28691989183425903,-1.1983041763305664,0.9999427795410156,0.5739046335220337,0.2837241291999817,-1.1982922554016113,0.9999420642852783,0.5838699340820312,0.280956506729126,-1.1985108852386475,0.9999340772628784,0.5333960652351379,0.2880898118019104,-1.2009565830230713,0.9999815225601196,0.523460328578949,0.28757789731025696,-1.2011545896530151,0.9999834299087524,0.5122169852256775,0.28665733337402344,-1.2013641595840454,0.9999833106994629,0.5914063453674316,0.26471033692359924,-1.0223803520202637,0.9999496936798096,0.4856414198875427,0.28049635887145996,-1.0285937786102295,0.999993085861206,0.5628448724746704,0.3164377212524414,-1.1023763418197632,0.9999899864196777,0.5253844261169434,0.3190354108810425,-1.1058015823364258,0.9999957084655762,0.6256350874900818,0.2720789611339569,-0.752571165561676,0.9999634027481079,0.42475056648254395,0.3607245087623596,-0.8516336679458618,0.9999966621398926,0.5564403533935547,0.1261153519153595,-0.7517663240432739,0.9888808727264404,0.4360947608947754,0.5128461718559265,-0.9088281393051147,0.9982314705848694,0.4822770357131958,-0.010758817195892334,-0.7255518436431885,0.983326256275177,0.5102115869522095,0.640265703201294,-0.9603980779647827,0.9647153615951538,0.4754073917865753,-0.0330260694026947,-0.8075989484786987,0.948016345500946,0.5198520421981812,0.6835446357727051,-1.0257066488265991,0.9180280566215515,0.4767507016658783,-0.03395923972129822,-0.7791892886161804,0.942597508430481,0.5444688200950623,0.6779150366783142,-1.055687665939331,0.9177665114402771,0.48156511783599854,-0.023404985666275024,-0.7245683073997498,0.9513505697250366,0.5411715507507324,0.6621869802474976,-0.9745457172393799,0.9167622327804565,0.5122145414352417,0.45953428745269775,0.09043638408184052,0.9998708963394165,0.366302490234375,0.46626219153404236,-0.0909099206328392,0.9999767541885376,0.5633466243743896,0.6376128196716309,-0.04960545524954796,0.9511604905128479,0.349369615316391,0.660194993019104,-0.23275145888328552,0.9939268231391907,0.5091777443885803,0.7934036254882812,0.24975700676441193,0.9447673559188843,0.3387810289859772,0.8806725740432739,-0.23524124920368195,0.9940807223320007,0.48387759923934937,0.8096816539764404,0.27247437834739685,0.871810257434845,0.3367977738380432,0.8968417644500732,-0.24589240550994873,0.9623913168907166,0.5208799242973328,0.8714213371276855,0.06152604892849922,0.9562628269195557,0.3779506981372833,0.9626970887184143,-0.5524060726165771,0.9927777647972107
General1,70,1,0.5349158048629761,0.281741738319397,-1.1284620761871338,0.9999161958694458,0.5504215359687805,0.2640111446380615,-1.128186821937561,0.9996590614318848,0.5611627101898193,0.26242753863334656,-1.1278856992721558,0.9995971322059631,0.5709574222564697,0.26039156317710876,-1.1279207468032837,0.9993708729743958,0.5142547488212585,0.2660275399684906,-1.1283235549926758,0.9999200105667114,0.5006869435310364,0.2661166787147522,-1.1284517049789429,0.9999467134475708,0.4882280230522156,0.26597169041633606,-1.1287286281585693,0.9999523162841797,0.5849412679672241,0.2536311149597168,-0.9236057996749878,0.9992989301681519,0.46855875849723816,0.26385512948036194,-0.9348366260528564,0.9999743700027466,0.5550882816314697,0.294414758682251,-1.033105492591858,0.9997878670692444,0.5103303790092468,0.29823529720306396,-1.0363506078720093,0.9999659061431885,0.6300793886184692,0.2620043158531189,-0.6619082689285278,0.9991641044616699,0.40663573145866394,0.35538971424102783,-0.7311232089996338,0.9999752044677734,0.5732339024543762,0.13717350363731384,-0.48525699973106384,0.9615141153335571,0.35289278626441956,0.5230888724327087,-0.761233389377594,0.9822454452514648,0.5249788761138916,0.01628589630126953,-0.20864926278591156,0.9385914206504822,0.3680853843688965,0.6707937717437744,-0.8333547711372375,0.9119107723236084,0.5199074745178223,-0.021351933479309082,-0.2222815603017807,0.8309723138809204,0.3679797947406769,0.7132810354232788,-0.8464341163635254,0.8179636001586914,0.5178070068359375,-0.02574712038040161,-0.17914436757564545,0.812520444393158,0.3953095078468323,0.7111876010894775,-0.882400631904602,0.8211574554443359,0.5165215730667114,0.0004565715789794922,-0.19589751958847046,0.848474383354187,0.40069833397865295,0.7011005878448486,-0.8418156504631042,0.8293893337249756,0.5451852679252625,0.498689740896225,0.055729690939188004,0.9997974038124084,0.4007524847984314,0.49670612812042236,-0.05678604170680046,0.9999700784683228,0.5850834846496582,0.6781483292579651,0.09490443021059036,0.9708622694015503,0.37696462869644165,0.7034830451011658,-0.03689166158437729,0.9850871562957764,0.5097912549972534,0.7767347097396851,0.785451352596283,0.9210190176963806,0.3358246386051178,0.8812969326972961,0.12066015601158142,0.986846387386322,0.480446994304657,0.7805932760238647,0.8547056317329407,0.7967453002929688,0.3156188130378723,0.8974708318710327,0.13249973952770233,0.8780039548873901,0.5283440351486206,0.8658522367477417,0.7774142622947693,0.8982706069946289,0.4066290259361267,0.9540940523147583,-0.1233489066362381,0.9754515290260315
General1,71,1,0.5351192951202393,0.28183603286743164,-1.0738599300384521,0.9999327659606934,0.5500124096870422,0.2637248635292053,-1.075147032737732,0.9997316002845764,0.5605180263519287,0.26203635334968567,-1.0748497247695923,0.9996904134750366,0.5700588822364807,0.26001423597335815,-1.074899673461914,0.9995148181915283,0.5147787928581238,0.2660161852836609,-1.074677586555481,0.9999343156814575,0.5013766884803772,0.2662496268749237,-1.0747827291488647,0.9999561309814453,0.48919546604156494,0.2662625312805176,-1.0750452280044556,0.9999599456787109,0.5831332802772522,0.2535269558429718,-0.8828564882278442,0.9994863271713257,0.4689313769340515,0.26449981331825256,-0.8905100226402283,0.9999796152114868,0.5547816157341003,0.29448267817497253,-0.9835180640220642,0.9998366832733154,0.5114076733589172,0.2984536290168762,-0.9855762720108032,0.9999719858169556,0.6296089887619019,0.2629818022251129,-0.6297897100448608,0.9992054104804993,0.4061262607574463,0.35532933473587036,-0.6989408135414124,0.9999760389328003,0.5725099444389343,0.14373725652694702,-0.4592928886413574,0.9616478681564331,0.3521438241004944,0.5211814641952515,-0.722652792930603,0.9845380783081055,0.5233946442604065,0.018723666667938232,-0.1852228194475174,0.9419347643852234,0.3675638437271118,0.6703764796257019,-0.7833803296089172,0.9262171387672424,0.5170875191688538,-0.019018232822418213,-0.1991618573665619,0.8394942879676819,0.3669377565383911,0.7125198841094971,-0.7937846183776855,0.842555820941925,0.5144444108009338,-0.007921218872070312,-0.15457521378993988,0.8227752447128296,0.3948926329612732,0.7107006311416626,-0.8289622068405151,0.8456589579582214,0.5141039490699768,0.0028981566429138184,-0.1724095493555069,0.8563306927680969,0.4002513587474823,0.7005511522293091,-0.7916243672370911,0.8542433381080627,0.5426790118217468,0.5000495314598083,0.058289919048547745,0.9998038411140442,0.3983783423900604,0.4967901110649109,-0.05934406444430351,0.9999691247940063,0.5846268534660339,0.6789060235023499,0.08389735966920853,0.9710925221443176,0.3755241632461548,0.7045325040817261,-0.029866931959986687,0.9855653643608093,0.5094320178031921,0.7787047624588013,0.7319284081459045,0.9285680055618286,0.3384299576282501,0.8774871230125427,0.12998433411121368,0.987084686756134,0.47938215732574463,0.782987117767334,0.7966757416725159,0.8194464445114136,0.32036757469177246,0.8943796157836914,0.14231644570827484,0.8855559825897217,0.5331064462661743,0.8677757978439331,0.7223953008651733,0.905427098274231,0.3996701240539551,0.9504283666610718,-0.10431686788797379,0.9756842255592346
General1,72,1,0.5343869924545288,0.2655402421951294,-1.182100534439087,0.9999450445175171,0.547834575176239,0.24710556864738464,-1.1549395322799683,0.9997954964637756,0.5575037598609924,0.24566668272018433,-1.1546211242675781,0.9997712969779968,0.5683234333992004,0.24391698837280273,-1.1545597314834595,0.9995906949043274,0.5142236351966858,0.24893340468406677,-1.1602429151535034,0.9999392032623291,0.5007930994033813,0.24910375475883484,-1.1604598760604858,0.9999611377716064,0.48718464374542236,0.24924883246421814,-1.1606792211532593,0.9999630451202393,0.5807294249534607,0.24280056357383728,-0.8756679892539978,0.9996047616004944,0.46139073371887207,0.2523607015609741,-0.913998544216156,0.9999743700027466,0.5528921484947205,0.28150779008865356,-1.068019151687622,0.9997944235801697,0.5110813975334167,0.2833632528781891,-1.0789247751235962,0.9999655485153198,0.62856125831604,0.2760181725025177,-0.6464227437973022,0.9994494318962097,0.4083994925022125,0.33278560638427734,-0.7000361680984497,0.9999748468399048,0.6175372004508972,0.15543407201766968,-0.5566624402999878,0.988771378993988,0.33196958899497986,0.4845811128616333,-0.7318164706230164,0.9919130802154541,0.5783255100250244,0.03690832853317261,-0.37698835134506226,0.9819658398628235,0.2695356011390686,0.6422725915908813,-0.8461294174194336,0.9627493023872375,0.5691817998886108,0.013627707958221436,-0.3978745639324188,0.9319155216217041,0.24363279342651367,0.6799306869506836,-0.8664954900741577,0.9075631499290466,0.556484580039978,0.012123286724090576,-0.3600751459598541,0.9201230406761169,0.26689907908439636,0.6875196695327759,-0.9131097197532654,0.9085707068443298,0.5593984723091125,0.026140868663787842,-0.3679719567298889,0.9362550973892212,0.28318777680397034,0.6734209060668945,-0.8619459867477417,0.9101475477218628,0.5538359880447388,0.5250592827796936,0.045201823115348816,0.999796450138092,0.4060245752334595,0.5228707194328308,-0.04635494947433472,0.9999698400497437,0.5977488160133362,0.6881735324859619,-0.03532306104898453,0.9872469902038574,0.3584546744823456,0.7000564336776733,-0.2861900329589844,0.9960018992424011,0.5199127197265625,0.7650949954986572,0.8019377589225769,0.9463194608688354,0.34251081943511963,0.8815444111824036,-0.0788271576166153,0.9952795505523682,0.48275265097618103,0.7653669118881226,0.882256805896759,0.8387492299079895,0.32864058017730713,0.9002165198326111,-0.06622854620218277,0.9273297190666199,0.5378373861312866,0.8631536364555359,0.7784368395805359,0.9346533417701721,0.40235549211502075,0.9566128253936768,-0.3752206265926361,0.9902224540710449
General1,73,1,0.5332485437393188,0.2708689272403717,-1.1930298805236816,0.9999538660049438,0.547361433506012,0.2515200972557068,-1.1691787242889404,0.9998359680175781,0.557070791721344,0.25016412138938904,-1.1688661575317383,0.9998120665550232,0.5680130124092102,0.2484557330608368,-1.1688286066055298,0.9996671676635742,0.5126761794090271,0.25299957394599915,-1.1740680932998657,0.9999521970748901,0.49905601143836975,0.25288060307502747,-1.1742417812347412,0.9999692440032959,0.4857024848461151,0.2527293562889099,-1.174447774887085,0.9999706745147705,0.5808598399162292,0.2458048164844513,-0.8895012736320496,0.9996646642684937,0.46116408705711365,0.2546086311340332,-0.9257107973098755,0.9999796152114868,0.5519084334373474,0.28596043586730957,-1.0766719579696655,0.9998296499252319,0.5091550350189209,0.2879509925842285,-1.0869969129562378,0.9999724626541138,0.6279996037483215,0.27629852294921875,-0.637872040271759,0.999461829662323,0.40717053413391113,0.3371824026107788,-0.7046779990196228,0.999976634979248,0.6128271222114563,0.15622034668922424,-0.5035825967788696,0.98550945520401,0.33030831813812256,0.4899512827396393,-0.7306296229362488,0.9903329014778137,0.5768471360206604,0.03493702411651611,-0.29992228746414185,0.9772218465805054,0.26893025636672974,0.6440137028694153,-0.8503848314285278,0.9585742354393005,0.5674145221710205,0.004933655261993408,-0.31531450152397156,0.9204227924346924,0.2441788613796234,0.6809592843055725,-0.8705896139144897,0.9035689830780029,0.5558656454086304,0.007077038288116455,-0.2819305956363678,0.9079993367195129,0.26786795258522034,0.6872047781944275,-0.9190278053283691,0.9049443602561951,0.5579571723937988,0.017170250415802002,-0.2913459241390228,0.9252409338951111,0.28439611196517944,0.6741893291473389,-0.866484522819519,0.9041181206703186,0.5523312091827393,0.5246409177780151,0.053705599159002304,0.999830961227417,0.4055532217025757,0.5245092511177063,-0.0548834428191185,0.9999748468399048,0.5964025855064392,0.6882161498069763,0.07372730225324631,0.9857434630393982,0.36206966638565063,0.705070436000824,-0.1735684871673584,0.9956308603286743,0.5231414437294006,0.7664508819580078,0.9462035298347473,0.9431333541870117,0.3425697088241577,0.8879892826080322,0.023911315947771072,0.9947993755340576,0.4875261187553406,0.7673406004905701,1.032218098640442,0.8366658091545105,0.3295813202857971,0.9040883779525757,0.03702922165393829,0.9222257733345032,0.5405073165893555,0.8571029901504517,0.9504731893539429,0.9308946132659912,0.4059200584888458,0.9600803256034851,-0.258017361164093,0.9885285496711731
General1,74,1,0.5466285347938538,0.232913076877594,-1.301688313484192,0.9999858140945435,0.5595669150352478,0.212421715259552,-1.2657065391540527,0.9999427795410156,0.5698155164718628,0.21072188019752502,-1.2653621435165405,0.9999345541000366,0.5799807906150818,0.208690345287323,-1.2653887271881104,0.9998750686645508,0.5223985314369202,0.21637365221977234,-1.2775696516036987,0.9999791383743286,0.5064727067947388,0.21730956435203552,-1.2778023481369019,0.9999865293502808,0.4924986958503723,0.2184591293334961,-1.2780232429504395,0.9999877214431763,0.5917021632194519,0.20957627892494202,-0.9238826036453247,0.9999109506607056,0.47096794843673706,0.22367265820503235,-0.9813754558563232,0.9999943971633911,0.5651775598526001,0.2496306598186493,-1.1615843772888184,0.9999560117721558,0.525790274143219,0.2549106180667877,-1.1785167455673218,0.9999908208847046,0.6383686661720276,0.254338800907135,-0.5980036854743958,0.9998133778572083,0.40612125396728516,0.31369590759277344,-0.7136722803115845,0.999976396560669,0.6493673920631409,0.16702839732170105,-0.30383506417274475,0.9458107948303223,0.28368479013442993,0.45061391592025757,-0.6656169891357422,0.993961751461029,0.6532133221626282,0.07206037640571594,-0.039011649787425995,0.9199386835098267,0.1595953404903412,0.5721840858459473,-0.7539676427841187,0.9799256920814514,0.6581940650939941,0.048737287521362305,-0.016979044303297997,0.8108481764793396,0.10942322015762329,0.6068316698074341,-0.7698705792427063,0.9509931802749634,0.6565947532653809,0.04654586315155029,-0.03085997700691223,0.7964878082275391,0.12192243337631226,0.6092154383659363,-0.8434692025184631,0.952621340751648,0.6537132859230042,0.055115073919296265,-0.045510612428188324,0.8320614695549011,0.14259877800941467,0.5986688733100891,-0.7823628783226013,0.9514523148536682,0.5621387362480164,0.5060246586799622,0.03511413559317589,0.9998828172683716,0.39971327781677246,0.50246661901474,-0.036229975521564484,0.9999505281448364,0.6035910248756409,0.6977332830429077,-0.11775181442499161,0.9911376237869263,0.3850070536136627,0.7085132598876953,-0.11436046659946442,0.9893373250961304,0.5300004482269287,0.7777400016784668,0.8090657591819763,0.9344474673271179,0.3561782240867615,0.8832694292068481,0.27475452423095703,0.9861819744110107,0.5029637813568115,0.7749887704849243,0.8959977030754089,0.6757631897926331,0.34739047288894653,0.8979498147964478,0.30582359433174133,0.8173505663871765,0.526608943939209,0.8738930225372314,0.7111564874649048,0.9175260066986084,0.40841639041900635,0.9537046551704407,-0.032570671290159225,0.9770169854164124
General1,75,1,0.5621870160102844,0.2028685212135315,-1.2428253889083862,0.9999964237213135,0.5728782415390015,0.18311098217964172,-1.189424753189087,0.9999804496765137,0.5826027393341064,0.1811927855014801,-1.1892751455307007,0.9999780654907227,0.5924638509750366,0.17910847067832947,-1.1891731023788452,0.9999485015869141,0.5350844860076904,0.1860848069190979,-1.2119804620742798,0.9999896287918091,0.5209791660308838,0.1865418553352356,-1.2121206521987915,0.999991774559021,0.5079684853553772,0.18677055835723877,-1.2122236490249634,0.9999898672103882,0.6033399701118469,0.17918166518211365,-0.7802688479423523,0.9999505281448364,0.4894888997077942,0.1912255585193634,-0.8820704817771912,0.9999959468841553,0.5829534530639648,0.21844661235809326,-1.0785351991653442,0.9999734163284302,0.5413320660591125,0.22316420078277588,-1.1083420515060425,0.9999934434890747,0.6487315893173218,0.22849395871162415,-0.4036639630794525,0.9998877048492432,0.4138653576374054,0.28538307547569275,-0.623431921005249,0.9999271631240845,0.6875224709510803,0.15460607409477234,-0.24276351928710938,0.8415243029594421,0.2733221650123596,0.4064505994319916,-0.5372612476348877,0.995747983455658,0.7301248908042908,0.08945244550704956,-0.33319443464279175,0.9272007942199707,0.10276630520820618,0.5005797147750854,-0.6076706051826477,0.9906046986579895,0.7433487772941589,0.07140180468559265,-0.360513299703598,0.8740338683128357,0.04887700080871582,0.5292484164237976,-0.6345546841621399,0.9756999015808105,0.7355245351791382,0.06859827041625977,-0.42354100942611694,0.870121955871582,0.05349549651145935,0.5287694931030273,-0.7418233752250671,0.9776660203933716,0.7298637628555298,0.07632255554199219,-0.36733707785606384,0.8816458582878113,0.0711391270160675,0.5221282839775085,-0.6499148607254028,0.9764302372932434,0.5804353356361389,0.5072452425956726,0.06483627110719681,0.999910831451416,0.41232478618621826,0.5057492256164551,-0.0651416927576065,0.9998811483383179,0.6140926480293274,0.7016116380691528,-0.026600686833262444,0.9910023808479309,0.3929999768733978,0.7191386818885803,-0.04718373715877533,0.9863059520721436,0.5411543846130371,0.7927071452140808,0.951840341091156,0.9117963910102844,0.36826783418655396,0.8824544548988342,0.523114800453186,0.9820215702056885,0.5143186450004578,0.7906570434570312,1.0399408340454102,0.6972643733024597,0.3616279363632202,0.8960282802581787,0.5686554312705994,0.8006176352500916,0.530292272567749,0.886330246925354,0.8263012766838074,0.917585015296936,0.4231070280075073,0.9486521482467651,0.21495261788368225,0.9678690433502197
General1,76,1,0.5634781122207642,0.20318663120269775,-1.2467138767242432,0.9999957084655762,0.5737329125404358,0.18355706334114075,-1.1928224563598633,0.9999758005142212,0.5832821130752563,0.18151304125785828,-1.1926764249801636,0.9999725818634033,0.5931337475776672,0.17929819226264954,-1.1925827264785767,0.9999369382858276,0.5360013246536255,0.18653574585914612,-1.216201901435852,0.9999876022338867,0.5217694044113159,0.1870022416114807,-1.2163397073745728,0.9999902248382568,0.5086580514907837,0.18725654482841492,-1.2164479494094849,0.9999880790710449,0.6035907864570618,0.17912304401397705,-0.782213568687439,0.9999397993087769,0.48967015743255615,0.19168159365653992,-0.8880569338798523,0.9999949932098389,0.5837539434432983,0.21850422024726868,-1.081876277923584,0.9999667406082153,0.5425978899002075,0.22359371185302734,-1.1128931045532227,0.999991774559021,0.6481778621673584,0.2276703417301178,-0.39890849590301514,0.9998836517333984,0.4153863787651062,0.28585880994796753,-0.6311440467834473,0.9999188184738159,0.6880385875701904,0.15299507975578308,-0.19010385870933533,0.8332826495170593,0.27207350730895996,0.4064311683177948,-0.5502790212631226,0.9954788684844971,0.728927731513977,0.08971831202507019,-0.22529466450214386,0.9209895730018616,0.10289111733436584,0.5010544061660767,-0.6275163292884827,0.9900305271148682,0.7427194714546204,0.07230943441390991,-0.24295301735401154,0.8623484969139099,0.048501938581466675,0.5295982956886292,-0.6557454466819763,0.9741065502166748,0.7344315052032471,0.07217881083488464,-0.3087400794029236,0.8585225939750671,0.05317443609237671,0.5292220711708069,-0.7627785205841064,0.976233184337616,0.7288718223571777,0.07735365629196167,-0.25895458459854126,0.8719987869262695,0.07060456275939941,0.5225566625595093,-0.669832706451416,0.9748110771179199,0.5804755091667175,0.5066244602203369,0.06830515712499619,0.999908447265625,0.41261184215545654,0.5054441690444946,-0.06862378865480423,0.9998742341995239,0.6150947213172913,0.6999800205230713,-0.01054403930902481,0.9899922013282776,0.39363351464271545,0.7175543904304504,-0.04360618814826012,0.9839537143707275,0.5424173474311829,0.7924023270606995,0.9696848392486572,0.9043349027633667,0.3696165382862091,0.8820122480392456,0.5298238396644592,0.9802467823028564,0.5148859620094299,0.7900905013084412,1.0580559968948364,0.684453010559082,0.3632904291152954,0.8946825265884399,0.5759202837944031,0.7971494793891907,0.5302314758300781,0.8860446214675903,0.8432389497756958,0.9130517244338989,0.4270419478416443,0.9483574032783508,0.2217690795660019,0.9662216901779175
