video_id,frame_id,target_detected,landmark_0_x,landmark_0_y,landmark_0_z,landmark_0_visibility,landmark_1_x,landmark_1_y,landmark_1_z,landmark_1_visibility,landmark_2_x,landmark_2_y,landmark_2_z,landmark_2_visibility,landmark_3_x,landmark_3_y,landmark_3_z,landmark_3_visibility,landmark_4_x,landmark_4_y,landmark_4_z,landmark_4_visibility,landmark_5_x,landmark_5_y,landmark_5_z,landmark_5_visibility,landmark_6_x,landmark_6_y,landmark_6_z,landmark_6_visibility,landmark_7_x,landmark_7_y,landmark_7_z,landmark_7_visibility,landmark_8_x,landmark_8_y,landmark_8_z,landmark_8_visibility,landmark_9_x,landmark_9_y,landmark_9_z,landmark_9_visibility,landmark_10_x,landmark_10_y,landmark_10_z,landmark_10_visibility,landmark_11_x,landmark_11_y,landmark_11_z,landmark_11_visibility,landmark_12_x,landmark_12_y,landmark_12_z,landmark_12_visibility,landmark_13_x,landmark_13_y,landmark_13_z,landmark_13_visibility,landmark_14_x,landmark_14_y,landmark_14_z,landmark_14_visibility,landmark_15_x,landmark_15_y,landmark_15_z,landmark_15_visibility,landmark_16_x,landmark_16_y,landmark_16_z,landmark_16_visibility,landmark_17_x,landmark_17_y,landmark_17_z,landmark_17_visibility,landmark_18_x,landmark_18_y,landmark_18_z,landmark_18_visibility,landmark_19_x,landmark_19_y,landmark_19_z,landmark_19_visibility,landmark_20_x,landmark_20_y,landmark_20_z,landmark_20_visibility,landmark_21_x,landmark_21_y,landmark_21_z,landmark_21_visibility,landmark_22_x,landmark_22_y,landmark_22_z,landmark_22_visibility,landmark_23_x,landmark_23_y,landmark_23_z,landmark_23_visibility,landmark_24_x,landmark_24_y,landmark_24_z,landmark_24_visibility,landmark_25_x,landmark_25_y,landmark_25_z,landmark_25_visibility,landmark_26_x,landmark_26_y,landmark_26_z,landmark_26_visibility,landmark_27_x,landmark_27_y,landmark_27_z,landmark_27_visibility,landmark_28_x,landmark_28_y,landmark_28_z,landmark_28_visibility,landmark_29_x,landmark_29_y,landmark_29_z,landmark_29_visibility,landmark_30_x,landmark_30_y,landmark_30_z,landmark_30_visibility,landmark_31_x,landmark_31_y,landmark_31_z,landmark_31_visibility,landmark_32_x,landmark_32_y,landmark_32_z,landmark_32_visibility
General2,1,1,0.4680892825126648,0.262897253036499,-0.004160396754741669,0.9999884366989136,0.4566701650619507,0.2579992413520813,0.016631759703159332,0.9999884366989136,0.45485594868659973,0.258076548576355,0.016542229801416397,0.9999825954437256,0.4528917074203491,0.2581595778465271,0.016391655430197716,0.999987006187439,0.4565291106700897,0.25824353098869324,-0.04304462671279907,0.9999881982803345,0.454719603061676,0.25852417945861816,-0.043041858822107315,0.9999880790710449,0.4527182877063751,0.25881749391555786,-0.04300461709499359,0.9999889135360718,0.4330555498600006,0.2639683485031128,0.13107188045978546,0.9999516010284424,0.4343158006668091,0.26507633924484253,-0.14070403575897217,0.9999910593032837,0.46733587980270386,0.2707900404930115,0.04330623894929886,0.9999442100524902,0.46643146872520447,0.27135011553764343,-0.03621911630034447,0.9999542236328125,0.4292319416999817,0.30542534589767456,0.3307979702949524,0.9997662901878357,0.44611942768096924,0.3010585308074951,-0.2735430896282196,0.9998905658721924,0.5538694262504578,0.31560617685317993,0.4404321014881134,0.36934441328048706,0.575543999671936,0.3138800859451294,-0.23379993438720703,0.9604212045669556,0.5395960211753845,0.2686852812767029,0.42042210698127747,0.5221056342124939,0.5392649173736572,0.26365184783935547,0.05592554435133934,0.931124746799469,0.5342762470245361,0.25488775968551636,0.44003555178642273,0.4797119200229645,0.5402987003326416,0.24964222311973572,0.0532187893986702,0.9068358540534973,0.5235177874565125,0.25462281703948975,0.43830060958862305,0.4699121117591858,0.520088791847229,0.2505398690700531,0.0574149489402771,0.8973302841186523,0.5213079452514648,0.25959616899490356,0.41736119985580444,0.4649259150028229,0.5183824896812439,0.25570160150527954,0.06704641878604889,0.8604040145874023,0.48826947808265686,0.40937572717666626,0.18647465109825134,0.9999884366989136,0.47927287220954895,0.4124874472618103,-0.18654373288154602,0.9999644756317139,0.6350817680358887,0.4326399564743042,0.2623733580112457,0.9355180859565735,0.4485760033130646,0.49341946840286255,-0.3494229018688202,0.998325765132904,0.5983089208602905,0.5075845122337341,0.37138956785202026,0.9932321310043335,0.2568711042404175,0.4692310094833374,-0.2345970869064331,0.9976946711540222,0.5757395029067993,0.5224179029464722,0.38324958086013794,0.9898778796195984,0.23704111576080322,0.45762142539024353,-0.21454200148582458,0.99155592918396,0.6674953699111938,0.5256358981132507,0.39291203022003174,0.9903828501701355,0.19878417253494263,0.4919145703315735,-0.17603285610675812,0.9947333335876465
General2,2,1,0.475098192691803,0.2638067603111267,-0.050221819430589676,0.9999618530273438,0.4645543098449707,0.25743114948272705,-0.03229878842830658,0.9999626874923706,0.46266674995422363,0.2574623227119446,-0.03238987177610397,0.999943733215332,0.46063172817230225,0.25741833448410034,-0.03256341069936752,0.9999556541442871,0.4639153480529785,0.2576213479042053,-0.08806268125772476,0.9999616146087646,0.46173328161239624,0.2578642964363098,-0.08805113285779953,0.9999614953994751,0.4594327211380005,0.2580571174621582,-0.08801175653934479,0.9999629259109497,0.44150352478027344,0.2619330883026123,0.07254108786582947,0.9998354911804199,0.44267258048057556,0.26329198479652405,-0.1829851269721985,0.9999649524688721,0.47462403774261475,0.27154427766799927,-0.0058843218721449375,0.9998216032981873,0.472784161567688,0.27210739254951477,-0.08058621734380722,0.9998347759246826,0.42153891921043396,0.30386728048324585,0.2733219563961029,0.999518871307373,0.4569714069366455,0.29970982670783997,-0.3034229278564453,0.9998304843902588,0.5349209308624268,0.3134593963623047,0.4554330110549927,0.26407861709594727,0.5778099298477173,0.3150556683540344,-0.28746020793914795,0.9755654335021973,0.5364049673080444,0.2665671110153198,0.507223904132843,0.5168718099594116,0.5550878047943115,0.2699142098426819,-0.06122511997818947,0.9634923934936523,0.5308994054794312,0.25295042991638184,0.537200391292572,0.4986966848373413,0.5567275881767273,0.25616759061813354,-0.07227729260921478,0.9457576870918274,0.5252466201782227,0.25236618518829346,0.5256535410881042,0.49587368965148926,0.5383545160293579,0.25567400455474854,-0.07111064344644547,0.9417663812637329,0.5222989916801453,0.2547759413719177,0.5019403696060181,0.4965643286705017,0.5349898934364319,0.2607001066207886,-0.053429700434207916,0.9130172729492188,0.4880940318107605,0.4081440269947052,0.178952157497406,0.9999847412109375,0.48339277505874634,0.410367876291275,-0.17908933758735657,0.9999347925186157,0.6281703114509583,0.4377727210521698,0.2758316993713379,0.9389022588729858,0.4649884104728699,0.4884072542190552,-0.30364856123924255,0.9981999397277832,0.603171706199646,0.5154941082000732,0.39023423194885254,0.992871105670929,0.25268447399139404,0.4605788588523865,-0.1304132491350174,0.9961875081062317,0.5818345546722412,0.5335825681686401,0.40082642436027527,0.9858835339546204,0.22733446955680847,0.4532829225063324,-0.10542940348386765,0.9871620535850525,0.6788550019264221,0.5295135378837585,0.4052152633666992,0.9897323250770569,0.2274148166179657,0.47379469871520996,-0.054275479167699814,0.9922242164611816
General2,3,1,0.4774470031261444,0.2629702091217041,-0.08323677629232407,0.9999501705169678,0.46669337153434753,0.25649353861808777,-0.06539315730333328,0.9999505281448364,0.464930921792984,0.25661391019821167,-0.06549252569675446,0.9999247789382935,0.46300312876701355,0.2566615343093872,-0.06566789746284485,0.9999377727508545,0.4655568301677704,0.2566491365432739,-0.12046963721513748,0.9999486207962036,0.46316763758659363,0.25692570209503174,-0.12044858187437057,0.9999475479125977,0.460701584815979,0.25716087222099304,-0.12040182948112488,0.999948263168335,0.44291919469833374,0.2616937756538391,0.04351593554019928,0.9997683167457581,0.4435041546821594,0.26268529891967773,-0.20958195626735687,0.9999510049819946,0.47690990567207336,0.2710280120372772,-0.03727693483233452,0.9997950196266174,0.4748576581478119,0.27155107259750366,-0.11120869964361191,0.9998118281364441,0.4258604347705841,0.3033185303211212,0.2451009601354599,0.9994290471076965,0.4530472159385681,0.2999768853187561,-0.31899186968803406,0.9997863173484802,0.5352311730384827,0.31263867020606995,0.4195907711982727,0.2581566274166107,0.5778506994247437,0.31609976291656494,-0.3056091368198395,0.9674355983734131,0.5380352139472961,0.2665020227432251,0.456632524728775,0.4876410961151123,0.5522251725196838,0.26978832483291626,-0.08970426023006439,0.9504139423370361,0.5320744514465332,0.2525950074195862,0.48353496193885803,0.469944566488266,0.5545508861541748,0.25713488459587097,-0.10258273780345917,0.9291189312934875,0.524959921836853,0.25214844942092896,0.47355660796165466,0.468021035194397,0.5347945094108582,0.2546181380748749,-0.10196569561958313,0.9240967035293579,0.5243786573410034,0.25716453790664673,0.451504647731781,0.4670789837837219,0.5319243669509888,0.2598000168800354,-0.08255371451377869,0.8887225985527039,0.49195975065231323,0.408355712890625,0.17515906691551208,0.9999860525131226,0.48306530714035034,0.41116487979888916,-0.1752721667289734,0.9999418258666992,0.6295982599258423,0.43688255548477173,0.2944408059120178,0.9427723288536072,0.45758554339408875,0.4888046979904175,-0.28564453125,0.99828040599823,0.6042810082435608,0.5153360366821289,0.4197072386741638,0.993184506893158,0.2553119659423828,0.4589514136314392,-0.09605555981397629,0.9962456822395325,0.5840563178062439,0.5330760478973389,0.43143925070762634,0.9854899644851685,0.2600630521774292,0.44627517461776733,-0.06997380405664444,0.9868348240852356,0.6805890202522278,0.5290530920028687,0.43318450450897217,0.9905146360397339,0.23034068942070007,0.4728016257286072,-0.02430645562708378,0.9924658536911011
General2,4,1,0.4785137474536896,0.2629346549510956,-0.06887555122375488,0.999932050704956,0.4669725298881531,0.2564433217048645,-0.05051315948367119,0.9999338388442993,0.4650524854660034,0.25656870007514954,-0.05061421915888786,0.9999010562896729,0.4629521369934082,0.25664618611335754,-0.05080194026231766,0.9999173879623413,0.4663306474685669,0.2565406560897827,-0.10611889511346817,0.9999279975891113,0.46413174271583557,0.25680240988731384,-0.10609407722949982,0.9999279975891113,0.46183186769485474,0.2570182681083679,-0.1060514748096466,0.9999293088912964,0.44308385252952576,0.26162171363830566,0.05811087414622307,0.9996891021728516,0.4448280334472656,0.26232653856277466,-0.19659791886806488,0.9999327659606934,0.47792762517929077,0.2709035575389862,-0.023131581023335457,0.9997097849845886,0.4766377806663513,0.2713671922683716,-0.09759341925382614,0.9997251629829407,0.42739391326904297,0.3027499318122864,0.26467040181159973,0.9993269443511963,0.45165643095970154,0.29904288053512573,-0.31108662486076355,0.9997662901878357,0.5355166792869568,0.31565403938293457,0.4403834939002991,0.22138899564743042,0.5820206999778748,0.31666257977485657,-0.2913198471069336,0.9654979109764099,0.5421504974365234,0.2706143260002136,0.49116912484169006,0.4543807804584503,0.5550341606140137,0.269944429397583,-0.06299065798521042,0.9536817073822021,0.5358551740646362,0.2567439675331116,0.5232390761375427,0.43728241324424744,0.5566584467887878,0.25721657276153564,-0.07162345945835114,0.9333682656288147,0.5269415974617004,0.25384587049484253,0.5153692364692688,0.4317462146282196,0.5404162406921387,0.25697070360183716,-0.06838822364807129,0.9279427528381348,0.5262787342071533,0.2591969072818756,0.48748335242271423,0.43088769912719727,0.5367580652236938,0.26201331615448,-0.054093874990940094,0.8917835354804993,0.4906425178050995,0.4068050980567932,0.17718835175037384,0.9999799728393555,0.4795966148376465,0.4083591103553772,-0.1772862672805786,0.9999136924743652,0.6295680403709412,0.43741917610168457,0.2695753276348114,0.921374499797821,0.45599034428596497,0.4872361123561859,-0.3085307478904724,0.9974919557571411,0.6056454181671143,0.5157902240753174,0.3771823048591614,0.9913631677627563,0.2519180476665497,0.4600740671157837,-0.13879473507404327,0.9948371648788452,0.5855459570884705,0.5332624912261963,0.3872874677181244,0.9839444756507874,0.22856706380844116,0.45388656854629517,-0.1139795333147049,0.9848816394805908,0.683337926864624,0.5305260419845581,0.3908938765525818,0.9879111051559448,0.2276618778705597,0.47243377566337585,-0.06605499237775803,0.989856481552124
General2,5,1,0.4820854663848877,0.2639749050140381,-0.0822950005531311,0.9999383687973022,0.4709749221801758,0.2572222352027893,-0.06488078087568283,0.9999427795410156,0.46937692165374756,0.2572252154350281,-0.06497331708669662,0.9999096393585205,0.4676555097103119,0.2571740746498108,-0.06517275422811508,0.9999301433563232,0.47016143798828125,0.25748997926712036,-0.11838242411613464,0.9999425411224365,0.46791142225265503,0.2577190101146698,-0.11836495250463486,0.9999380111694336,0.4653872549533844,0.25792279839515686,-0.1183336153626442,0.9999436140060425,0.4498880207538605,0.2615346312522888,0.04258791729807854,0.9997561573982239,0.44859302043914795,0.26307249069213867,-0.20260368287563324,0.9999465942382812,0.48082348704338074,0.2715917229652405,-0.03645915538072586,0.9997462630271912,0.4795331060886383,0.2721053957939148,-0.10805285722017288,0.9997699856758118,0.42905962467193604,0.30121907591819763,0.2504613697528839,0.998939573764801,0.4624814987182617,0.2969646155834198,-0.31522107124328613,0.9996206760406494,0.5378483533859253,0.3125266432762146,0.4441683292388916,0.18079204857349396,0.5894714593887329,0.3162568211555481,-0.29227739572525024,0.9616992473602295,0.5432584285736084,0.267811119556427,0.5249694585800171,0.34150657057762146,0.5592570900917053,0.2697010636329651,-0.0709669291973114,0.9410263299942017,0.5344520211219788,0.25288626551628113,0.5607730746269226,0.33970117568969727,0.5608203411102295,0.25577884912490845,-0.08266659826040268,0.9181699156761169,0.5291484594345093,0.251977801322937,0.5483235120773315,0.3377339243888855,0.5435878038406372,0.25472503900527954,-0.08456777781248093,0.9134080410003662,0.527039647102356,0.25607502460479736,0.5199015736579895,0.3463202118873596,0.5395326018333435,0.258440762758255,-0.06501630693674088,0.8783273100852966,0.48886632919311523,0.4051789343357086,0.17488038539886475,0.999974250793457,0.4921891391277313,0.4068295657634735,-0.17490220069885254,0.9998294115066528,0.6280220150947571,0.4414103627204895,0.23046834766864777,0.9316738843917847,0.47892114520072937,0.48456841707229614,-0.2675172686576843,0.9965634942054749,0.6078625917434692,0.5205533504486084,0.31333115696907043,0.9916973114013672,0.2902812361717224,0.45037734508514404,-0.054419100284576416,0.992021918296814,0.5857098698616028,0.5381624698638916,0.32011693716049194,0.9820356965065002,0.2703610062599182,0.4435287415981293,-0.02678515762090683,0.9761931300163269,0.6866579651832581,0.5354519486427307,0.31721270084381104,0.9888917803764343,0.2502545714378357,0.463417112827301,0.026753602549433708,0.985732913017273
General2,6,1,0.48190969228744507,0.26422354578971863,-0.0869419202208519,0.9999537467956543,0.47126632928848267,0.2574716806411743,-0.0684807151556015,0.999956488609314,0.46970248222351074,0.257450670003891,-0.06856746971607208,0.9999312162399292,0.4680412709712982,0.25739359855651855,-0.06877145171165466,0.999945878982544,0.4703158438205719,0.2577805817127228,-0.12186262011528015,0.9999566078186035,0.46798694133758545,0.25801190733909607,-0.12183526158332825,0.9999536275863647,0.4653560221195221,0.25821447372436523,-0.12179362773895264,0.9999569654464722,0.4503543972969055,0.2616857588291168,0.04296523705124855,0.999812662601471,0.44820210337638855,0.2632741332054138,-0.20143970847129822,0.9999581575393677,0.4804016053676605,0.2718049883842468,-0.03972429782152176,0.9997877478599548,0.47910892963409424,0.27232611179351807,-0.11112150549888611,0.9998015761375427,0.4300502836704254,0.3012077808380127,0.25500860810279846,0.9990002512931824,0.46257904171943665,0.2970729470252991,-0.31406667828559875,0.9996247291564941,0.5382095575332642,0.31279483437538147,0.4590252935886383,0.19161604344844818,0.5892423391342163,0.31618574261665344,-0.29457104206085205,0.9648422002792358,0.5408350229263306,0.26758918166160583,0.556853711605072,0.36703330278396606,0.5595036745071411,0.2693789005279541,-0.07782281190156937,0.9472019672393799,0.5328987836837769,0.25256532430648804,0.5960819125175476,0.3565528690814972,0.5604707598686218,0.25526076555252075,-0.0897098034620285,0.9242022633552551,0.5273916125297546,0.25166356563568115,0.5847616195678711,0.3535352945327759,0.5428805947303772,0.25411665439605713,-0.09123184531927109,0.9193979501724243,0.5258623361587524,0.25597083568573,0.5528558492660522,0.3609989881515503,0.539148211479187,0.2579125165939331,-0.07178592681884766,0.8849429488182068,0.4892726242542267,0.4051594138145447,0.17620056867599487,0.999976634979248,0.4921572208404541,0.4067569673061371,-0.17622551321983337,0.9998341798782349,0.6284176707267761,0.44154679775238037,0.2232338935136795,0.9361751675605774,0.477863073348999,0.48447930812835693,-0.27050238847732544,0.9967555403709412,0.607731282711029,0.5213804244995117,0.3016967177391052,0.9923871755599976,0.2897961735725403,0.45012617111206055,-0.057358745485544205,0.992279052734375,0.5855103731155396,0.5387008190155029,0.30813702940940857,0.9833495616912842,0.26976847648620605,0.4431629180908203,-0.029581839218735695,0.9768050312995911,0.6899917125701904,0.5373822450637817,0.304546594619751,0.9896891117095947,0.24917419254779816,0.46376556158065796,0.02567116729915142,0.9862387776374817
General2,7,1,0.48893216252326965,0.26071804761886597,-0.05299101397395134,0.9999697208404541,0.47725486755371094,0.2554749548435211,-0.029852749779820442,0.9999692440032959,0.47597751021385193,0.25557446479797363,-0.029928935691714287,0.9999532699584961,0.474706768989563,0.2556779980659485,-0.030078202486038208,0.9999659061431885,0.4765812158584595,0.2556779980659485,-0.08537298440933228,0.9999746084213257,0.4748242497444153,0.25591275095939636,-0.0854090005159378,0.9999735355377197,0.473077654838562,0.25614428520202637,-0.08541403710842133,0.999975323677063,0.4594837725162506,0.26022982597351074,0.09346324950456619,0.9998942613601685,0.46082961559295654,0.2606821060180664,-0.16031059622764587,0.9999833106994629,0.48835012316703796,0.26757118105888367,-0.0020282056648284197,0.999854564666748,0.4873151183128357,0.26807036995887756,-0.07605154812335968,0.9998466968536377,0.4481271505355835,0.2986058294773102,0.30949434638023376,0.9995507597923279,0.4724859893321991,0.29543647170066833,-0.284069299697876,0.9997429251670837,0.5595071315765381,0.3119271695613861,0.5026261210441589,0.22582443058490753,0.5944072008132935,0.3128003180027008,-0.25353315472602844,0.9652169942855835,0.5473275780677795,0.267442524433136,0.5866873264312744,0.4312453269958496,0.5556132793426514,0.26677387952804565,-0.018517453223466873,0.9404350519180298,0.5414328575134277,0.2539690136909485,0.6214933395385742,0.37569087743759155,0.5532605648040771,0.2524096965789795,-0.029718711972236633,0.9206929802894592,0.5349724888801575,0.25179338455200195,0.6128371357917786,0.37750452756881714,0.5382250547409058,0.2520415782928467,-0.03474755957722664,0.9152857065200806,0.5326443314552307,0.25699174404144287,0.5831819772720337,0.38043537735939026,0.5354226231575012,0.2570100724697113,-0.013222533278167248,0.8815637230873108,0.4921655058860779,0.40146002173423767,0.19336625933647156,0.9999886751174927,0.4968676269054413,0.4014943242073059,-0.19340334832668304,0.9998767375946045,0.619422435760498,0.44982612133026123,0.14186596870422363,0.9070515036582947,0.49837544560432434,0.47831985354423523,-0.294023722410202,0.9978891015052795,0.6162549257278442,0.5284298062324524,0.15025092661380768,0.9934964179992676,0.35868752002716064,0.43442243337631226,-0.04753849655389786,0.9916688203811646,0.5932862162590027,0.5452892184257507,0.14722251892089844,0.9847131371498108,0.34245502948760986,0.421585351228714,-0.016533881425857544,0.9672260284423828,0.6918536424636841,0.5426148176193237,0.11086590588092804,0.9923813939094543,0.29140254855155945,0.4532093405723572,0.035138342529535294,0.9862868189811707
General2,8,1,0.4895566701889038,0.2605569660663605,-0.05265156924724579,0.9999659061431885,0.4776914119720459,0.25525832176208496,-0.029605263844132423,0.9999661445617676,0.47633811831474304,0.2553447186946869,-0.02968275360763073,0.9999493360519409,0.47498759627342224,0.25543248653411865,-0.029831958934664726,0.9999628067016602,0.4769786596298218,0.255429208278656,-0.0851430669426918,0.9999706745147705,0.4751410186290741,0.2556281089782715,-0.08517645299434662,0.9999698400497437,0.4733165502548218,0.2558148503303528,-0.08518349379301071,0.9999722242355347,0.4594397246837616,0.26003485918045044,0.09482251852750778,0.9998825788497925,0.4606352746486664,0.260273277759552,-0.1589207947254181,0.9999814033508301,0.4888012111186981,0.2675701975822449,-0.0011207208735868335,0.9998435974121094,0.4877469539642334,0.2680443823337555,-0.07520034164190292,0.9998385906219482,0.44956597685813904,0.2992614507675171,0.3118860423564911,0.9995367527008057,0.4709510803222656,0.2953222990036011,-0.2772725224494934,0.999731719493866,0.5573218464851379,0.313106507062912,0.49805012345314026,0.20863762497901917,0.5934629440307617,0.31264355778694153,-0.24228446185588837,0.9584150314331055,0.5489145517349243,0.271071195602417,0.5680999159812927,0.41465243697166443,0.5548297166824341,0.26630887389183044,-0.008903133682906628,0.9338626265525818,0.5424807071685791,0.2556438446044922,0.6009280681610107,0.36681419610977173,0.5515568256378174,0.251548707485199,-0.020298941060900688,0.915256142616272,0.5360913872718811,0.25485897064208984,0.591787576675415,0.3691819906234741,0.5365549325942993,0.2511311173439026,-0.023994745686650276,0.909058153629303,0.5333256125450134,0.25848549604415894,0.5642203688621521,0.36909642815589905,0.5340533256530762,0.2561274766921997,-0.003081639064475894,0.8727573752403259,0.4935443103313446,0.40188658237457275,0.19104835391044617,0.999987006187439,0.49784934520721436,0.4012438654899597,-0.19106929004192352,0.9998680353164673,0.6183249950408936,0.45011430978775024,0.14165204763412476,0.8909909725189209,0.4975954592227936,0.4781147837638855,-0.30265021324157715,0.997613787651062,0.6146746873855591,0.5281453132629395,0.15418891608715057,0.9929277300834656,0.34102922677993774,0.44236859679222107,-0.0753118172287941,0.9914751052856445,0.5932217836380005,0.5450616478919983,0.151607483625412,0.9844859838485718,0.33371996879577637,0.42390260100364685,-0.04645877704024315,0.9675003290176392,0.6907618045806885,0.5428758859634399,0.11372287571430206,0.9916894435882568,0.285786896944046,0.4562564492225647,-0.0004888570983894169,0.9856928586959839
General2,9,1,0.4921680986881256,0.2602904438972473,-0.040127161890268326,0.9999762773513794,0.47985318303108215,0.25528913736343384,-0.017991049215197563,0.9999741315841675,0.4782998561859131,0.25536060333251953,-0.018064148724079132,0.999962329864502,0.47677505016326904,0.2554335594177246,-0.018211541697382927,0.9999732971191406,0.479043185710907,0.2555345892906189,-0.07412535697221756,0.9999768733978271,0.47693130373954773,0.2557682394981384,-0.07415126264095306,0.9999765157699585,0.4748687148094177,0.255994975566864,-0.07414713501930237,0.9999784231185913,0.4597013592720032,0.260141521692276,0.10351484268903732,0.99991774559021,0.460751473903656,0.260747492313385,-0.1527826488018036,0.9999854564666748,0.4908140301704407,0.2670334577560425,0.010811598040163517,0.9998905658721924,0.48976099491119385,0.2676282227039337,-0.06402793526649475,0.9998874664306641,0.44966498017311096,0.2998543381690979,0.3194429576396942,0.9997057318687439,0.46858444809913635,0.29569491744041443,-0.27101007103919983,0.9998192191123962,0.5607573986053467,0.3134062886238098,0.504781186580658,0.28295257687568665,0.5942946076393127,0.31249645352363586,-0.24117989838123322,0.9654518961906433,0.5492652058601379,0.2706180810928345,0.5785279273986816,0.4933626055717468,0.5556970238685608,0.2656250298023224,-0.015460820868611336,0.9484511017799377,0.54658043384552,0.2550200819969177,0.6119646430015564,0.42352402210235596,0.5528961420059204,0.25077083706855774,-0.02784981206059456,0.9313806295394897,0.5354244709014893,0.25428932905197144,0.6047664880752563,0.42168185114860535,0.5370219349861145,0.2504986524581909,-0.031233234331011772,0.9253392815589905,0.5345606803894043,0.2581227421760559,0.5755975842475891,0.4230659008026123,0.5343731045722961,0.255418062210083,-0.00976345781236887,0.8935145735740662,0.49025222659111023,0.4013962745666504,0.1940077394247055,0.9999860525131226,0.4979076683521271,0.40049394965171814,-0.1940322071313858,0.9998681545257568,0.6144505739212036,0.45042672753334045,0.14006096124649048,0.8815624713897705,0.4999596178531647,0.47827184200286865,-0.32322531938552856,0.9979962706565857,0.6163322925567627,0.5287743806838989,0.15604200959205627,0.992660403251648,0.34505021572113037,0.44576340913772583,-0.13401205837726593,0.9941450953483582,0.595076322555542,0.5457817912101746,0.1537027806043625,0.9841720461845398,0.3357504606246948,0.4230014383792877,-0.10952646285295486,0.9758140444755554,0.6935634016990662,0.542347252368927,0.11744479835033417,0.9919567108154297,0.29307523369789124,0.4545228183269501,-0.07395200431346893,0.990166425704956
General2,10,1,0.4902401566505432,0.2591474950313568,-0.08200324326753616,0.9999971389770508,0.47837477922439575,0.2542881965637207,-0.05718851462006569,0.9999970197677612,0.47733232378959656,0.2542954683303833,-0.05722932890057564,0.9999953508377075,0.47635525465011597,0.2542393207550049,-0.05737153813242912,0.999996542930603,0.4776707589626312,0.254627525806427,-0.11565623432397842,0.9999973773956299,0.47606074810028076,0.25494033098220825,-0.11568069458007812,0.9999971389770508,0.47444218397140503,0.2552347183227539,-0.11560632288455963,0.9999972581863403,0.4614008963108063,0.2590795159339905,0.07715371996164322,0.9999909400939941,0.4608440101146698,0.2605213522911072,-0.1902381181716919,0.9999983310699463,0.49064478278160095,0.26589369773864746,-0.02619735524058342,0.9999829530715942,0.4894998371601105,0.26673030853271484,-0.10408588498830795,0.9999828338623047,0.4547417163848877,0.29796117544174194,0.30633091926574707,0.9999061822891235,0.4787328839302063,0.29667776823043823,-0.30021342635154724,0.9999071359634399,0.552767276763916,0.30789440870285034,0.5181618928909302,0.325928658246994,0.5936172604560852,0.30932846665382385,-0.2524697780609131,0.96173495054245,0.5481389760971069,0.26743215322494507,0.6193372011184692,0.5822681784629822,0.5500125885009766,0.2633618116378784,0.015237696468830109,0.9358704090118408,0.5395653247833252,0.2524476647377014,0.656804084777832,0.502267599105835,0.548305332660675,0.2496826946735382,0.009085969999432564,0.913914680480957,0.5342271327972412,0.2511734962463379,0.6464223265647888,0.4976217448711395,0.5332900881767273,0.24880793690681458,0.003420452354475856,0.905881941318512,0.5321825742721558,0.25660279393196106,0.6153013706207275,0.4984315037727356,0.5303354859352112,0.2541659474372864,0.021473752334713936,0.8766682744026184,0.488483726978302,0.4025692045688629,0.19792306423187256,0.9999899864196777,0.5018908381462097,0.4032441973686218,-0.1979130506515503,0.9999001026153564,0.6151012182235718,0.45538100600242615,0.135550394654274,0.8562924265861511,0.5212758183479309,0.47952401638031006,-0.3760358989238739,0.9969232678413391,0.616773784160614,0.5354955196380615,0.14542774856090546,0.9874871969223022,0.3679984211921692,0.44309794902801514,-0.18020687997341156,0.9830379486083984,0.5919361710548401,0.5512892603874207,0.14296148717403412,0.9761632084846497,0.3468504250049591,0.4315757155418396,-0.1540558785200119,0.9555144906044006,0.6890796422958374,0.548693060874939,0.11960390210151672,0.9860105514526367,0.31501805782318115,0.44353652000427246,-0.09846699237823486,0.9753559231758118
General2,11,1,0.4919794201850891,0.25998228788375854,-0.07221364229917526,0.9999972581863403,0.4797787666320801,0.254737913608551,-0.04704508185386658,0.9999970197677612,0.47843682765960693,0.25470608472824097,-0.04709785431623459,0.9999954700469971,0.4773118793964386,0.254616916179657,-0.04724843427538872,0.999996542930603,0.4792502224445343,0.2550930082798004,-0.10469130426645279,0.9999972581863403,0.4774600863456726,0.25537580251693726,-0.10470899939537048,0.9999971389770508,0.47582003474235535,0.2556436061859131,-0.10464473813772202,0.9999971389770508,0.4620475769042969,0.25920674204826355,0.08848628401756287,0.999990701675415,0.46185681223869324,0.26060569286346436,-0.17543527483940125,0.9999983310699463,0.49177297949790955,0.2666550278663635,-0.01608855649828911,0.9999833106994629,0.4908170700073242,0.2674684524536133,-0.0930662676692009,0.9999827146530151,0.4535489082336426,0.29842182993888855,0.3183247148990631,0.9998842477798462,0.47886377573013306,0.29648929834365845,-0.28321385383605957,0.9998997449874878,0.5494906306266785,0.3094825744628906,0.5401544570922852,0.3268612325191498,0.5899592638015747,0.3083879053592682,-0.24092046916484833,0.9648889899253845,0.5480867028236389,0.2678624987602234,0.6548315286636353,0.600579023361206,0.553045928478241,0.26337993144989014,0.002983716083690524,0.9467397928237915,0.5405181646347046,0.25304895639419556,0.6968979835510254,0.522423267364502,0.5494584441184998,0.24969206750392914,-0.005667462479323149,0.9272518157958984,0.5358791351318359,0.25181999802589417,0.6844088435173035,0.5176668763160706,0.5350667834281921,0.24856115877628326,-0.01027706265449524,0.9195039868354797,0.5338807702064514,0.25719350576400757,0.65062016248703,0.5191753506660461,0.5321417450904846,0.25377920269966125,0.0089848218485713,0.8915407061576843,0.4906066358089447,0.40204450488090515,0.19672372937202454,0.999990701675415,0.5012413859367371,0.40162867307662964,-0.19670292735099792,0.9998946189880371,0.6150241494178772,0.45614057779312134,0.14002981781959534,0.8853386044502258,0.5199376344680786,0.47925835847854614,-0.3838886618614197,0.9977300763130188,0.6177486181259155,0.5359917283058167,0.14914129674434662,0.9914804697036743,0.3650650084018707,0.4372641146183014,-0.1637929081916809,0.9845083951950073,0.5907275676727295,0.5517322421073914,0.14653247594833374,0.9826991558074951,0.3456001579761505,0.42521417140960693,-0.13487425446510315,0.9602898359298706,0.6896612048149109,0.5503296852111816,0.12081622332334518,0.9894043207168579,0.31221461296081543,0.44040966033935547,-0.07382387667894363,0.9755448698997498
General2,12,1,0.4942299425601959,0.26051992177963257,-0.07051873952150345,0.999996542930603,0.48209089040756226,0.2548341751098633,-0.04729688540101051,0.9999961853027344,0.4806130528450012,0.25476861000061035,-0.04735285043716431,0.9999940395355225,0.47912999987602234,0.2546347379684448,-0.04751322418451309,0.9999955892562866,0.48138004541397095,0.2551136910915375,-0.10433467477560043,0.9999966621398926,0.4793922007083893,0.2553076148033142,-0.10435116291046143,0.9999964237213135,0.477361261844635,0.25547611713409424,-0.10428684949874878,0.999996542930603,0.46303796768188477,0.25881609320640564,0.08177576214075089,0.9999876022338867,0.4625968337059021,0.26009291410446167,-0.17947320640087128,0.9999978542327881,0.4924716651439667,0.26728904247283936,-0.01633603684604168,0.99997878074646,0.4913954436779022,0.26806512475013733,-0.09254994988441467,0.9999792575836182,0.4471953809261322,0.29802265763282776,0.3097864091396332,0.9998672008514404,0.4786883592605591,0.29623886942863464,-0.28881004452705383,0.9998960494995117,0.5494107604026794,0.30704358220100403,0.532400906085968,0.2900409400463104,0.593920111656189,0.3087273836135864,-0.24993978440761566,0.9636857509613037,0.5484355092048645,0.2674325704574585,0.6438326835632324,0.5367099642753601,0.5549190640449524,0.26433759927749634,-0.002159419469535351,0.9372584223747253,0.5449645519256592,0.2529144287109375,0.6844677329063416,0.4676712453365326,0.5512699484825134,0.2506951689720154,-0.00966894906014204,0.9158396124839783,0.5361624956130981,0.2515318989753723,0.6722977757453918,0.4617260694503784,0.5364924073219299,0.24953524768352509,-0.014530554413795471,0.9071521162986755,0.5364882946014404,0.25693947076797485,0.6394672989845276,0.468144029378891,0.5333995819091797,0.25482600927352905,0.003968869801610708,0.8763745427131653,0.4880203604698181,0.4017569124698639,0.19565190374851227,0.9999887943267822,0.5040624737739563,0.40134814381599426,-0.19565598666667938,0.9998784065246582,0.6094667911529541,0.4556702971458435,0.14548787474632263,0.8932578563690186,0.5219188332557678,0.48029083013534546,-0.3756248652935028,0.9979332685470581,0.6176113486289978,0.5353891849517822,0.15989117324352264,0.9916459918022156,0.3637714684009552,0.4379369914531708,-0.16938303411006927,0.9888432025909424,0.5931646823883057,0.5513969659805298,0.15760456025600433,0.9822356700897217,0.3432604968547821,0.4262828826904297,-0.14216981828212738,0.9658679962158203,0.6916766166687012,0.5483136177062988,0.13394087553024292,0.9896922707557678,0.3080122768878937,0.44039595127105713,-0.08583229780197144,0.9814440011978149
General2,13,1,0.4951989948749542,0.2616453766822815,-0.20452497899532318,0.9999200105667114,0.48595982789993286,0.2557533383369446,-0.18106625974178314,0.9999043941497803,0.48477083444595337,0.2557511329650879,-0.18115116655826569,0.9998705387115479,0.48374754190444946,0.25564825534820557,-0.18126428127288818,0.9998905658721924,0.4839154779911041,0.25614941120147705,-0.2374783605337143,0.9999332427978516,0.48160025477409363,0.25642043352127075,-0.2374742180109024,0.9999351501464844,0.4792262315750122,0.2566344141960144,-0.2373993992805481,0.9999362230300903,0.4673258066177368,0.2594826817512512,-0.035872992128133774,0.9997790455818176,0.46175745129585266,0.2615469694137573,-0.287272572517395,0.9999328851699829,0.493993878364563,0.2688150703907013,-0.14169500768184662,0.9997804760932922,0.4917219877243042,0.26979565620422363,-0.21461068093776703,0.9997738003730774,0.4464327394962311,0.29709604382514954,0.20951730012893677,0.9997410178184509,0.4812796711921692,0.2960187494754791,-0.37076616287231445,0.9998375177383423,0.5405574440956116,0.30595603585243225,0.36257538199424744,0.21290546655654907,0.6116985082626343,0.30715206265449524,-0.31326696276664734,0.9265120625495911,0.5456394553184509,0.2632557153701782,0.3354116380214691,0.3204590976238251,0.5614081025123596,0.2614871859550476,-0.033532917499542236,0.8713580369949341,0.5386853218078613,0.24987992644309998,0.3448711931705475,0.29922783374786377,0.555632472038269,0.24743244051933289,-0.035826653242111206,0.8437341451644897,0.5335769057273865,0.24880176782608032,0.34202104806900024,0.29607874155044556,0.5428153872489929,0.24664099514484406,-0.04799153283238411,0.8355016112327576,0.5331758260726929,0.25450706481933594,0.3298126459121704,0.291914701461792,0.5397511124610901,0.25084468722343445,-0.028502153232693672,0.8067223429679871,0.4832283854484558,0.40430647134780884,0.18377640843391418,0.9999655485153198,0.5049065351486206,0.40459179878234863,-0.1841159164905548,0.9999616146087646,0.5374211072921753,0.4603765308856964,0.3252015709877014,0.6626062989234924,0.5946300029754639,0.4697470963001251,-0.11522980034351349,0.9715526700019836,0.45408424735069275,0.4597315192222595,0.4827825129032135,0.7392186522483826,0.6258254051208496,0.5311725735664368,-0.015831375494599342,0.9879053831100464,0.4378838837146759,0.45785313844680786,0.5008049607276917,0.8515415191650391,0.5939583778381348,0.5221042037010193,-0.003255428047850728,0.9894459843635559,0.4513597786426544,0.4603401720523834,0.5173043012619019,0.7067848443984985,0.6520029902458191,0.5307109951972961,-0.034063611179590225,0.9788523316383362
General2,14,1,0.49835383892059326,0.2610897719860077,-0.13756531476974487,0.9997400641441345,0.48805612325668335,0.255384624004364,-0.11828775703907013,0.9996862411499023,0.4863792359828949,0.25537991523742676,-0.11839789897203445,0.9996294975280762,0.4845036268234253,0.25531911849975586,-0.11850663274526596,0.9997120499610901,0.48770272731781006,0.2556753158569336,-0.1791759878396988,0.9997555613517761,0.48525846004486084,0.2559089958667755,-0.17916792631149292,0.9997742772102356,0.4831983149051666,0.256070613861084,-0.17914336919784546,0.9997746348381042,0.4680819809436798,0.259305477142334,0.007355011999607086,0.9994786381721497,0.4655020833015442,0.2608690559864044,-0.26400062441825867,0.9997677206993103,0.4961690604686737,0.2683756947517395,-0.08133519440889359,0.9995953440666199,0.4952731728553772,0.26921138167381287,-0.16033722460269928,0.9995619654655457,0.44939929246902466,0.2978781759738922,0.22944140434265137,0.9996707439422607,0.48027318716049194,0.29696857929229736,-0.35107964277267456,0.9997976422309875,0.5477913618087769,0.3087504208087921,0.3827616274356842,0.24776211380958557,0.6115366220474243,0.3075599670410156,-0.287882924079895,0.9128323793411255,0.5487571954727173,0.26251888275146484,0.36248862743377686,0.3440217971801758,0.5602493286132812,0.2590125501155853,-0.007638125214725733,0.9004346132278442,0.543432891368866,0.2500147521495819,0.3716913163661957,0.3176705539226532,0.5529365539550781,0.24543581902980804,-0.011583158746361732,0.8854493498802185,0.5335186123847961,0.24915853142738342,0.369413822889328,0.3127586245536804,0.5408363342285156,0.24506576359272003,-0.022907424718141556,0.8777488470077515,0.5357468128204346,0.2539268732070923,0.3575582206249237,0.31409651041030884,0.5398752689361572,0.25006556510925293,-0.0022527272813022137,0.8485496044158936,0.48341280221939087,0.40447431802749634,0.17928501963615417,0.9999585151672363,0.5040146708488464,0.4044828712940216,-0.17947815358638763,0.9999624490737915,0.5387916564941406,0.4610770344734192,0.3214363753795624,0.752757728099823,0.5958985090255737,0.4683980941772461,-0.09612992405891418,0.9735183715820312,0.4470619857311249,0.4583361744880676,0.5485063195228577,0.6856026649475098,0.6269956231117249,0.5343335866928101,0.028930438682436943,0.9880223274230957,0.42923882603645325,0.4559134244918823,0.5746166110038757,0.8436593413352966,0.6057556867599487,0.5326442122459412,0.043618131428956985,0.990356981754303,0.44024422764778137,0.45826631784439087,0.594610869884491,0.5756269693374634,0.6817311644554138,0.5463275909423828,-0.005181826185435057,0.9708277583122253
General2,15,1,0.510209858417511,0.2633028030395508,-0.1051669791340828,0.9988330006599426,0.501370906829834,0.25756654143333435,-0.0854744017124176,0.9986475110054016,0.5004714131355286,0.2575613260269165,-0.0856080949306488,0.9982378482818604,0.49966228008270264,0.25753337144851685,-0.08573209494352341,0.9988875985145569,0.4989193081855774,0.25843119621276855,-0.14696301519870758,0.9989650249481201,0.4962140917778015,0.2590928077697754,-0.14698252081871033,0.998893678188324,0.4935687780380249,0.259727418422699,-0.1469734162092209,0.9991956353187561,0.4799535572528839,0.2631116509437561,0.020900947973132133,0.9984884262084961,0.47638386487960815,0.2655518651008606,-0.2550082802772522,0.9988895058631897,0.5078534483909607,0.2697701156139374,-0.05787777900695801,0.9982049465179443,0.5051173567771912,0.2712640166282654,-0.13805675506591797,0.9981377124786377,0.45115071535110474,0.30178868770599365,0.21220695972442627,0.9978038668632507,0.48166680335998535,0.29958227276802063,-0.3655022382736206,0.9993839263916016,0.5334524512290955,0.29363757371902466,0.38595888018608093,0.23499728739261627,0.606682538986206,0.29997116327285767,-0.35942238569259644,0.9593206644058228,0.5220418572425842,0.2532203793525696,0.4281003773212433,0.2825055420398712,0.5553346276283264,0.25334715843200684,-0.12319745868444443,0.949041485786438,0.5030872225761414,0.24459226429462433,0.4475127160549164,0.2714817225933075,0.5489259958267212,0.2410258799791336,-0.14420200884342194,0.9373164176940918,0.499187171459198,0.2458251416683197,0.43967971205711365,0.2704450488090515,0.5369341373443604,0.24211715161800385,-0.15057949721813202,0.9360768795013428,0.5092255473136902,0.24757222831249237,0.42125168442726135,0.28632602095603943,0.5349801778793335,0.24712714552879333,-0.11995526403188705,0.9152910113334656,0.4921671748161316,0.4143370985984802,0.18400204181671143,0.9995495676994324,0.5127017498016357,0.41460496187210083,-0.18395203351974487,0.999548614025116,0.5781185626983643,0.4698263704776764,0.34029829502105713,0.37370792031288147,0.6118746399879456,0.47915565967559814,-0.06366801261901855,0.930548906326294,0.5120525360107422,0.5030023455619812,0.5096872448921204,0.4427160620689392,0.6769271492958069,0.5490920543670654,0.06933426111936569,0.9649498462677002,0.494926780462265,0.5077519416809082,0.5251327753067017,0.590181291103363,0.6685978770256042,0.5615056753158569,0.08082101494073868,0.9652070999145508,0.5256468653678894,0.508429765701294,0.5110534429550171,0.5755332112312317,0.7355575561523438,0.5634365081787109,0.0009508207440376282,0.9584102034568787
General2,16,1,0.509560227394104,0.2623690962791443,-0.09349649399518967,0.9993492960929871,0.50029057264328,0.2568540573120117,-0.07436858862638474,0.9992415904998779,0.499275803565979,0.2568606436252594,-0.07450013607740402,0.9989977478981018,0.49833589792251587,0.2568376064300537,-0.0746375173330307,0.9993891716003418,0.4981354773044586,0.25775769352912903,-0.13281311094760895,0.999459445476532,0.4954755902290344,0.2584749460220337,-0.13282540440559387,0.9994058609008789,0.4928309917449951,0.2591831684112549,-0.13278433680534363,0.9995511174201965,0.4783940315246582,0.26232093572616577,0.028026793152093887,0.999196469783783,0.47587913274765015,0.2649814486503601,-0.23401805758476257,0.999363362789154,0.5076978802680969,0.26900193095207214,-0.04804107919335365,0.9988104104995728,0.5052517652511597,0.27059435844421387,-0.12405701726675034,0.9987010955810547,0.44652456045150757,0.3014588952064514,0.21414852142333984,0.9985085129737854,0.4853062629699707,0.2989727258682251,-0.3511611819267273,0.9994756579399109,0.5183084011077881,0.28983283042907715,0.4162469804286957,0.25449278950691223,0.6079480648040771,0.29893016815185547,-0.3405873775482178,0.9666945338249207,0.5059756636619568,0.2527676820755005,0.5011471509933472,0.26802167296409607,0.5582300424575806,0.2538122534751892,-0.10509344190359116,0.9427276253700256,0.49876007437705994,0.24401813745498657,0.5264294147491455,0.26599279046058655,0.5531485676765442,0.24230138957500458,-0.12444455176591873,0.9284319281578064,0.4972241222858429,0.24520094692707062,0.5125843286514282,0.26748719811439514,0.5405710935592651,0.24225130677223206,-0.13250812888145447,0.9283294081687927,0.4973410964012146,0.2475389689207077,0.4932717978954315,0.2838568389415741,0.5385030508041382,0.24717150628566742,-0.10243284702301025,0.9064391255378723,0.48890221118927,0.4122724235057831,0.18355920910835266,0.9997565150260925,0.5146651864051819,0.4137019217014313,-0.18359340727329254,0.9996587038040161,0.5755836963653564,0.46870577335357666,0.32070910930633545,0.3377625346183777,0.6089779734611511,0.4787997901439667,-0.06474150717258453,0.9095630645751953,0.4929579198360443,0.4974665939807892,0.45611584186553955,0.4868621826171875,0.6540096402168274,0.5381576418876648,0.11537772417068481,0.9544622302055359,0.4734167754650116,0.5010812878608704,0.46837177872657776,0.6300762891769409,0.6409593224525452,0.5463694930076599,0.13373903930187225,0.9598972201347351,0.503449022769928,0.5039738416671753,0.45984262228012085,0.6367374062538147,0.7055447697639465,0.5487405061721802,0.08809326589107513,0.957747757434845
General2,17,1,0.508894145488739,0.2626165747642517,-0.09345623105764389,0.9993141889572144,0.4996670186519623,0.2570415139198303,-0.07543052732944489,0.9992300271987915,0.4986502230167389,0.2570371627807617,-0.07556626945734024,0.999011754989624,0.49769729375839233,0.25700807571411133,-0.07569718360900879,0.9993841648101807,0.49751514196395874,0.2579597234725952,-0.13377538323402405,0.9994669556617737,0.4948928952217102,0.2586764395236969,-0.13379047811031342,0.9994269609451294,0.49229931831359863,0.25938454270362854,-0.13375340402126312,0.9995556473731995,0.4783044159412384,0.26260197162628174,0.02414255030453205,0.9992260932922363,0.47583311796188354,0.2653160095214844,-0.2370954006910324,0.999394416809082,0.507021427154541,0.26913657784461975,-0.04872475191950798,0.9989442229270935,0.5046510696411133,0.2707307040691376,-0.12456542253494263,0.9988762736320496,0.44668418169021606,0.30135226249694824,0.20735135674476624,0.9985629916191101,0.4846719205379486,0.29935482144355774,-0.35167714953422546,0.9995653033256531,0.5193105936050415,0.28944116830825806,0.40079885721206665,0.2613815367221832,0.607403576374054,0.2989155352115631,-0.33590251207351685,0.9655001163482666,0.5072168111801147,0.2525826096534729,0.47189825773239136,0.27444228529930115,0.5573817491531372,0.2542707324028015,-0.09657634794712067,0.9450485110282898,0.5000273585319519,0.24385102093219757,0.493904709815979,0.276747465133667,0.5525035858154297,0.24265283346176147,-0.11339634656906128,0.933314859867096,0.49817126989364624,0.2428617775440216,0.48101603984832764,0.27667590975761414,0.5400053858757019,0.24255239963531494,-0.12370403110980988,0.9330964684486389,0.4986775517463684,0.24748513102531433,0.4640849530696869,0.29149600863456726,0.5380219221115112,0.24750182032585144,-0.09423062205314636,0.9126562476158142,0.4883313477039337,0.4110168516635895,0.1794682741165161,0.9997677206993103,0.5134161710739136,0.4115431606769562,-0.17953239381313324,0.9997496008872986,0.5693449974060059,0.46846988797187805,0.3381327986717224,0.4655783474445343,0.6065992712974548,0.4784518778324127,-0.05406157299876213,0.9335415959358215,0.4707408547401428,0.4856647849082947,0.49470576643943787,0.5296393632888794,0.6558052897453308,0.541813850402832,0.09969612956047058,0.9707518219947815,0.4495792090892792,0.48750069737434387,0.5098356008529663,0.686779260635376,0.6431161165237427,0.5511413216590881,0.11541381478309631,0.9749436378479004,0.47350093722343445,0.4909036457538605,0.5124173164367676,0.6320937275886536,0.7108514308929443,0.5513066053390503,0.06227479502558708,0.9669231176376343
General2,18,1,0.5080273151397705,0.26269227266311646,-0.09723801165819168,0.9996243715286255,0.4990505874156952,0.2571091949939728,-0.07787775248289108,0.9995785355567932,0.49820226430892944,0.25708773732185364,-0.07800057530403137,0.9994421601295471,0.49652254581451416,0.25709083676338196,-0.07811479270458221,0.999649167060852,0.4962954521179199,0.2578463554382324,-0.13604742288589478,0.9997116923332214,0.49331384897232056,0.25838935375213623,-0.13607585430145264,0.9996829032897949,0.49002766609191895,0.2589302361011505,-0.13603606820106506,0.9997559189796448,0.4779217839241028,0.2619813084602356,0.03014058619737625,0.9995055198669434,0.4727717339992523,0.26438769698143005,-0.23032152652740479,0.9996821880340576,0.5069722533226013,0.2692334055900574,-0.04940566420555115,0.9993557333946228,0.5035125017166138,0.27053576707839966,-0.12494989484548569,0.9993287324905396,0.44848108291625977,0.3013361990451813,0.21892067790031433,0.9990237951278687,0.48257285356521606,0.2986195683479309,-0.35224035382270813,0.9997269511222839,0.5058850049972534,0.2912585437297821,0.4041306674480438,0.35130664706230164,0.6059405207633972,0.29776430130004883,-0.33698248863220215,0.9763357043266296,0.5063561797142029,0.2536996304988861,0.46602335572242737,0.30365192890167236,0.5560770630836487,0.25421711802482605,-0.0924466997385025,0.951260507106781,0.499487042427063,0.24430932104587555,0.48573678731918335,0.287044495344162,0.5509636998176575,0.24229420721530914,-0.10820137709379196,0.9358121752738953,0.4970360994338989,0.2454851269721985,0.47238871455192566,0.2885549068450928,0.5387907028198242,0.2425028532743454,-0.11977427452802658,0.9360380172729492,0.4962572455406189,0.24757598340511322,0.4571515917778015,0.30736422538757324,0.5358606576919556,0.24752730131149292,-0.09015730768442154,0.917228102684021,0.4931913912296295,0.4103035628795624,0.18797558546066284,0.999871015548706,0.5099320411682129,0.41073155403137207,-0.18809713423252106,0.9998502731323242,0.5749778151512146,0.4665834605693817,0.3117188811302185,0.5482608675956726,0.6038708686828613,0.48059532046318054,-0.07924807071685791,0.9594663977622986,0.47945070266723633,0.48594778776168823,0.45347297191619873,0.6484375596046448,0.652043342590332,0.5356489419937134,0.10213921219110489,0.977375864982605,0.45831170678138733,0.4876250624656677,0.4672447443008423,0.7554203867912292,0.6402283906936646,0.5427873730659485,0.12113532423973083,0.9769405126571655,0.4852048456668854,0.4914964437484741,0.47261762619018555,0.7467002272605896,0.7031987905502319,0.5461410284042358,0.0862593799829483,0.9768039584159851
General2,19,1,0.5145901441574097,0.26335054636001587,-0.12721675634384155,0.9999183416366577,0.5049518942832947,0.258048415184021,-0.10332126915454865,0.9998712539672852,0.5037526488304138,0.25793737173080444,-0.1033962145447731,0.9998077750205994,0.5026338696479797,0.2578001618385315,-0.10354121029376984,0.9998546838760376,0.5030457377433777,0.2589152455329895,-0.1550862044095993,0.9998993873596191,0.500250518321991,0.25948357582092285,-0.15508972108364105,0.9998916387557983,0.497058629989624,0.2600950598716736,-0.1550048440694809,0.9999039173126221,0.48308274149894714,0.2625446021556854,0.02237694524228573,0.9996830224990845,0.47922685742378235,0.2650570869445801,-0.21044212579727173,0.9998823404312134,0.511806070804596,0.2702205181121826,-0.07357393950223923,0.9991681575775146,0.5090525150299072,0.2713169455528259,-0.1412619650363922,0.9988818764686584,0.4556826651096344,0.30254146456718445,0.23252442479133606,0.9988609552383423,0.4938853085041046,0.300167441368103,-0.31816133856773376,0.99920254945755,0.5127971768379211,0.29444625973701477,0.48503178358078003,0.11128676682710648,0.6058238744735718,0.2937695384025574,-0.31980401277542114,0.9720391035079956,0.493885338306427,0.26268965005874634,0.6104729771614075,0.21157576143741608,0.5555899739265442,0.2510650157928467,-0.09401003271341324,0.9383586049079895,0.48465055227279663,0.25616365671157837,0.6462886929512024,0.2193431407213211,0.547764003276825,0.23741415143013,-0.10926635563373566,0.9196047782897949,0.48478591442108154,0.2547404170036316,0.6295492053031921,0.22878487408161163,0.5366766452789307,0.23915523290634155,-0.11984062194824219,0.918764054775238,0.4900665283203125,0.2577720880508423,0.6035740971565247,0.24982783198356628,0.5340366363525391,0.24446208775043488,-0.09143125265836716,0.8933403491973877,0.4894861876964569,0.41203463077545166,0.18218892812728882,0.9998992681503296,0.5160148739814758,0.41089531779289246,-0.18230833113193512,0.9994720816612244,0.5821250677108765,0.475257933139801,0.1750570386648178,0.5485595464706421,0.6095618605613708,0.47285446524620056,-0.17561757564544678,0.9656434059143066,0.6347454786300659,0.547364354133606,0.19776298105716705,0.8532502055168152,0.5291122198104858,0.4902663230895996,0.06712047755718231,0.8852686882019043,0.6187118291854858,0.5610625743865967,0.1954881101846695,0.7830755710601807,0.5036609768867493,0.48964810371398926,0.09386520087718964,0.8252051472663879,0.698292076587677,0.5498942136764526,0.15724627673625946,0.8760586977005005,0.5368856191635132,0.5035518407821655,0.1201106458902359,0.8924694657325745
General2,20,1,0.5125579833984375,0.2629500925540924,-0.1565283089876175,0.9999663829803467,0.5032401084899902,0.2576093077659607,-0.12951064109802246,0.9999493360519409,0.502177357673645,0.25749480724334717,-0.12955249845981598,0.9999244213104248,0.5012496709823608,0.2573333978652954,-0.1296786665916443,0.9999388456344604,0.5013986825942993,0.25853943824768066,-0.17956648766994476,0.999962568283081,0.49842607975006104,0.25916093587875366,-0.1795630156993866,0.9999613761901855,0.49587658047676086,0.2597558796405792,-0.17946651577949524,0.9999662637710571,0.48304253816604614,0.26198285818099976,0.008545942604541779,0.9998934268951416,0.4777728319168091,0.26514101028442383,-0.21481935679912567,0.9999556541442871,0.5106590390205383,0.2700543999671936,-0.0981990322470665,0.9995313882827759,0.507782518863678,0.27116942405700684,-0.16302382946014404,0.9994254112243652,0.45190858840942383,0.3007388114929199,0.23220476508140564,0.999127209186554,0.494331955909729,0.2986510396003723,-0.30976998805999756,0.9994580149650574,0.5120252966880798,0.2930152118206024,0.47160643339157104,0.19203783571720123,0.6058355569839478,0.2945440411567688,-0.3097160756587982,0.9636147022247314,0.48703733086586,0.25637710094451904,0.592163622379303,0.33697882294654846,0.5578605532646179,0.2515093982219696,-0.08815676718950272,0.9368298649787903,0.4734659790992737,0.2477066069841385,0.6269235610961914,0.32516244053840637,0.5504767894744873,0.2374810129404068,-0.10316142439842224,0.9154926538467407,0.47502169013023376,0.2466094046831131,0.6166419386863708,0.330452024936676,0.5386598110198975,0.23926813900470734,-0.11038412898778915,0.9132544994354248,0.48199576139450073,0.2506336569786072,0.5879177451133728,0.34664443135261536,0.5363043546676636,0.24288778007030487,-0.08455400913953781,0.8880327939987183,0.4885949492454529,0.41205674409866333,0.18127834796905518,0.9998589754104614,0.51690673828125,0.41015997529029846,-0.18150833249092102,0.999545156955719,0.5815557837486267,0.4755382537841797,0.22073869407176971,0.4245279133319855,0.6168694496154785,0.47312140464782715,-0.15309728682041168,0.9547991752624512,0.6282255053520203,0.5470679998397827,0.24279510974884033,0.7628082036972046,0.5764399766921997,0.5078494548797607,0.016844483092427254,0.9113321304321289,0.6132184267044067,0.561303973197937,0.240475594997406,0.6992814540863037,0.5515483021736145,0.5121206045150757,0.03579337149858475,0.8501415848731995,0.6803408265113831,0.5440604090690613,0.20659013092517853,0.8088406920433044,0.6023629903793335,0.5208808183670044,0.04544087499380112,0.9142925143241882
General2,21,1,0.5285592079162598,0.26673027873039246,-0.035663358867168427,0.9989938139915466,0.5179439783096313,0.2605726718902588,-0.022636188194155693,0.9984570741653442,0.5157617330551147,0.26059192419052124,-0.022747589275240898,0.998199462890625,0.5137437582015991,0.2605738639831543,-0.022832436487078667,0.9986076951026917,0.51827073097229,0.2609192132949829,-0.07907528430223465,0.9986283779144287,0.5164394378662109,0.26121610403060913,-0.07905393838882446,0.9986718893051147,0.5141241550445557,0.26146382093429565,-0.07900895178318024,0.9987918734550476,0.49427270889282227,0.2651841640472412,0.06151309609413147,0.9975258708000183,0.49620115756988525,0.26601701974868774,-0.18991854786872864,0.9976449608802795,0.5252974033355713,0.27376770973205566,0.006601179949939251,0.9953965544700623,0.5247858166694641,0.27437931299209595,-0.06705381721258163,0.993910551071167,0.457032173871994,0.304577499628067,0.24722132086753845,0.9979687333106995,0.5093702077865601,0.30097633600234985,-0.30173927545547485,0.9991971850395203,0.5347384214401245,0.3199850618839264,0.5690731406211853,0.07473251223564148,0.6252316236495972,0.2978699505329132,-0.25365951657295227,0.9752058982849121,0.5868245959281921,0.29063183069229126,0.7321540117263794,0.20707115530967712,0.575100302696228,0.2511540949344635,0.02077835611999035,0.9856542944908142,0.5912668108940125,0.2820950746536255,0.7803515791893005,0.2799035608768463,0.5655159950256348,0.2354217916727066,0.00758719677105546,0.9805787205696106,0.590943455696106,0.27847641706466675,0.7407490015029907,0.29414108395576477,0.5552296042442322,0.23550957441329956,0.004599997773766518,0.9791361689567566,0.5919830203056335,0.2819947898387909,0.7187703847885132,0.329067587852478,0.5540002584457397,0.24229544401168823,0.026532182469964027,0.9667997360229492,0.5017296671867371,0.4198388457298279,0.17217150330543518,0.9996718168258667,0.5367830991744995,0.41678258776664734,-0.17250990867614746,0.9994465708732605,0.5963842272758484,0.47980985045433044,0.2830010652542114,0.24028001725673676,0.6307331919670105,0.47372496128082275,-0.021744508296251297,0.8610358238220215,0.6461451649665833,0.5501701831817627,0.38496267795562744,0.3824438750743866,0.6631068587303162,0.5540081858634949,0.1280585080385208,0.9209651350975037,0.6252771615982056,0.5681769847869873,0.3942245543003082,0.5656699538230896,0.6373434066772461,0.5702642798423767,0.1432713270187378,0.9043876528739929,0.6966512203216553,0.5573738217353821,0.3634488880634308,0.455543577671051,0.7167433500289917,0.5615256428718567,0.09554418176412582,0.8709613084793091
General2,22,1,0.5283442735671997,0.2652057409286499,-0.04334405064582825,0.9991320967674255,0.5174504518508911,0.2594454288482666,-0.028789693489670753,0.9986252784729004,0.515340268611908,0.2594839334487915,-0.02889750525355339,0.9984184503555298,0.5133392810821533,0.2594713866710663,-0.028980139642953873,0.9988020658493042,0.517473578453064,0.25985825061798096,-0.08714684844017029,0.9987789988517761,0.5155518651008606,0.26024454832077026,-0.08713632822036743,0.9988386034965515,0.513208270072937,0.26058298349380493,-0.08708569407463074,0.9989326596260071,0.4935986399650574,0.26388993859291077,0.06303975731134415,0.9977585077285767,0.49594444036483765,0.2654929757118225,-0.1967901587486267,0.9981075525283813,0.5250592827796936,0.27231669425964355,0.0016010772669687867,0.9956021308898926,0.5243005752563477,0.2730810046195984,-0.07434120029211044,0.9945729374885559,0.4586203694343567,0.3046052157878876,0.25572648644447327,0.9984087347984314,0.5070854425430298,0.2996963858604431,-0.3108546733856201,0.9992266893386841,0.5482950806617737,0.31319859623908997,0.5578743815422058,0.10072667896747589,0.627518892288208,0.29555413126945496,-0.2726980745792389,0.9783918261528015,0.5945242047309875,0.291684627532959,0.7082459330558777,0.2062675654888153,0.5749292373657227,0.2510724663734436,-0.009090566076338291,0.9854157567024231,0.5983521342277527,0.28287777304649353,0.7557393908500671,0.2658461630344391,0.5651100873947144,0.23556238412857056,-0.0256645530462265,0.9796140193939209,0.5978777408599854,0.2794976234436035,0.7156012654304504,0.279975563287735,0.5546870231628418,0.23563630878925323,-0.02597673051059246,0.9780310988426208,0.5988191962242126,0.2829720973968506,0.6942107677459717,0.31766277551651,0.5535858273506165,0.2422044277191162,-0.0029218958225101233,0.9654667973518372,0.5012425184249878,0.4184466302394867,0.1764957755804062,0.9997484087944031,0.5346077680587769,0.41614025831222534,-0.17682544887065887,0.9994816184043884,0.596712052822113,0.4800227880477905,0.29900893568992615,0.21137742698192596,0.6297832727432251,0.4734761714935303,-0.01946217007935047,0.8560282588005066,0.6471880674362183,0.5510692000389099,0.3734908401966095,0.43890872597694397,0.6436485052108765,0.5515380501747131,0.12360435724258423,0.928147554397583,0.6223078966140747,0.5682333111763,0.3795631229877472,0.59211266040802,0.6277911067008972,0.565019965171814,0.138369619846344,0.9013381600379944,0.6979743242263794,0.5582661628723145,0.3479309678077698,0.5693604350090027,0.7046495079994202,0.5628246068954468,0.09999324381351471,0.9056782126426697
General2,23,1,0.5281032919883728,0.267193078994751,-0.07457069307565689,0.9993714690208435,0.5170027613639832,0.26106977462768555,-0.059231895953416824,0.9989853501319885,0.5148617625236511,0.2610732316970825,-0.05933520570397377,0.9987861514091492,0.5124385356903076,0.2610272169113159,-0.05943255126476288,0.9990084767341614,0.5176693201065063,0.261507123708725,-0.11287780106067657,0.9991394281387329,0.5159263610839844,0.2618548572063446,-0.1128416657447815,0.9991673231124878,0.5136261582374573,0.2621711194515228,-0.11274652183055878,0.9992021918296814,0.4941941201686859,0.26553580164909363,0.03546387702226639,0.9981702566146851,0.4970000982284546,0.26671385765075684,-0.20316313207149506,0.9984732270240784,0.5242750644683838,0.27394112944602966,-0.02862289734184742,0.9962931275367737,0.523982584476471,0.274713933467865,-0.09846770763397217,0.9948546886444092,0.4550795555114746,0.3035258948802948,0.22818858921527863,0.998571515083313,0.5102410912513733,0.3016176223754883,-0.3098886013031006,0.9992187023162842,0.5365009307861328,0.3172643184661865,0.5486001968383789,0.07264324277639389,0.6227064728736877,0.2966298460960388,-0.2637979984283447,0.9737755656242371,0.5957105159759521,0.28962618112564087,0.7086531519889832,0.20491528511047363,0.5728685259819031,0.2501335144042969,0.006531553342938423,0.983360767364502,0.603144109249115,0.2813475728034973,0.7562346458435059,0.28244006633758545,0.5634730458259583,0.2341318279504776,-0.007429456803947687,0.9780770540237427,0.6022022366523743,0.27841901779174805,0.7153284549713135,0.29786351323127747,0.5544040203094482,0.23603390157222748,-0.009721964597702026,0.9766607880592346,0.6020341515541077,0.2822344899177551,0.6950180530548096,0.3336794078350067,0.553002655506134,0.24247975647449493,0.012365260161459446,0.9632992148399353,0.4999123215675354,0.418773889541626,0.1714927703142166,0.9997902512550354,0.5414581298828125,0.41586941480636597,-0.17192892730236053,0.9995585083961487,0.596185564994812,0.4793485999107361,0.30951744318008423,0.2647694945335388,0.6301672458648682,0.4706297814846039,0.0163111574947834,0.8671622276306152,0.6464727520942688,0.549899697303772,0.3810320794582367,0.44551578164100647,0.6394501328468323,0.5471762418746948,0.17784810066223145,0.931589663028717,0.6218318939208984,0.5653202533721924,0.38765615224838257,0.613545835018158,0.6234510540962219,0.5603320002555847,0.19572453200817108,0.9067273736000061,0.695209264755249,0.5550727844238281,0.3600783348083496,0.5066840648651123,0.6984847784042358,0.5584126114845276,0.16873952746391296,0.889190137386322
General2,24,1,0.5376991629600525,0.2692091166973114,-0.014216030016541481,0.9999675750732422,0.5272179841995239,0.2634274661540985,-0.0030616025906056166,0.9999428987503052,0.5235912799835205,0.2634277939796448,-0.003083998104557395,0.9999328851699829,0.5198097825050354,0.26342564821243286,-0.0030915827956050634,0.9999364614486694,0.5319899916648865,0.26350605487823486,-0.05081209912896156,0.9999616146087646,0.531722903251648,0.26355046033859253,-0.05081133544445038,0.9999674558639526,0.5312241911888123,0.2636474370956421,-0.05065691098570824,0.9999657869338989,0.5014726519584656,0.26747262477874756,0.06508459150791168,0.9999299049377441,0.5159597992897034,0.26798462867736816,-0.15331044793128967,0.9999397993087769,0.5284519195556641,0.2752482295036316,0.02103026956319809,0.999687910079956,0.5331733822822571,0.2754676938056946,-0.04282411187887192,0.9996119141578674,0.4448363780975342,0.30231571197509766,0.22971701622009277,0.9996236562728882,0.5387281775474548,0.2993323802947998,-0.265402615070343,0.9999264478683472,0.45772308111190796,0.2880210876464844,0.5883361101150513,0.43099910020828247,0.6269301772117615,0.28347641229629517,-0.28794118762016296,0.9786077737808228,0.43967726826667786,0.26124176383018494,0.8826033473014832,0.5938889980316162,0.5780177116394043,0.24459420144557953,-0.1043076291680336,0.983230471611023,0.4224560260772705,0.2545199990272522,0.9489732384681702,0.6110799312591553,0.5735092163085938,0.22839607298374176,-0.11757198721170425,0.9785048961639404,0.4197145700454712,0.2531253397464752,0.9223752021789551,0.6158528327941895,0.560344398021698,0.23002488911151886,-0.11259149014949799,0.9778305888175964,0.42311835289001465,0.2562970221042633,0.8802257776260376,0.6266313791275024,0.5590192079544067,0.23697496950626373,-0.0962035208940506,0.9653842449188232,0.48695647716522217,0.4160936176776886,0.18139280378818512,0.9999743700027466,0.5431418418884277,0.40967848896980286,-0.18241208791732788,0.999958872795105,0.5583696365356445,0.47881603240966797,0.403333842754364,0.6872817277908325,0.6282909512519836,0.46851131319999695,-0.10192512720823288,0.9840302467346191,0.6121602058410645,0.5528109669685364,0.32320016622543335,0.9172003269195557,0.6218141913414001,0.5289353728294373,-0.1954158991575241,0.9924283623695374,0.565765380859375,0.5523706674575806,0.31482580304145813,0.9601216912269592,0.5985050201416016,0.5345314741134644,-0.1994217187166214,0.9887595176696777,0.6274396777153015,0.5610524415969849,0.30581504106521606,0.8333399891853333,0.6587270498275757,0.5564934015274048,-0.21225754916667938,0.9806424975395203
General2,25,1,0.5416035056114197,0.2689654231071472,-0.005552356597036123,0.9999656677246094,0.531446635723114,0.26280662417411804,0.007511517498642206,0.9999371767044067,0.5278685688972473,0.26278531551361084,0.007481297478079796,0.9999309778213501,0.5240850448608398,0.2627415060997009,0.007493522949516773,0.9999336004257202,0.5359277129173279,0.2628761827945709,-0.041317615658044815,0.9999560117721558,0.535210132598877,0.26290225982666016,-0.0413225032389164,0.9999645948410034,0.5344438552856445,0.26294848322868347,-0.0411619171500206,0.9999607801437378,0.5050164461135864,0.26666703820228577,0.08090663701295853,0.9999279975891113,0.5185128450393677,0.2672463655471802,-0.14224666357040405,0.9999295473098755,0.5325649380683899,0.275199830532074,0.031213732436299324,0.999663233757019,0.5367188453674316,0.2753891944885254,-0.03412645682692528,0.9995790123939514,0.4491768777370453,0.3018456697463989,0.24190938472747803,0.9996522665023804,0.5392981767654419,0.2995966076850891,-0.25564491748809814,0.9999226331710815,0.45956987142562866,0.28680330514907837,0.5886602401733398,0.5121961236000061,0.6281581521034241,0.2839213013648987,-0.2815532684326172,0.9798579216003418,0.437872052192688,0.2616228461265564,0.8831177353858948,0.6597879528999329,0.5792228579521179,0.2450261265039444,-0.09816537797451019,0.9837513566017151,0.41868501901626587,0.25472262501716614,0.9497048258781433,0.6648103594779968,0.5741569399833679,0.2283613383769989,-0.11305010318756104,0.9788811206817627,0.4078480303287506,0.2527446150779724,0.9235473871231079,0.669041633605957,0.5609534382820129,0.23001596331596375,-0.1071341335773468,0.9780646562576294,0.43786686658859253,0.25796735286712646,0.8809434771537781,0.6721642017364502,0.5596340298652649,0.23705224692821503,-0.09004344046115875,0.9650813937187195,0.48829853534698486,0.4159197509288788,0.18756626546382904,0.9999758005142212,0.5445224046707153,0.40974918007850647,-0.18856137990951538,0.9999639987945557,0.560023844242096,0.47950246930122375,0.3973757028579712,0.6687726378440857,0.6306140422821045,0.4684204161167145,-0.13060006499290466,0.9909393787384033,0.6127251982688904,0.5542804598808289,0.30861765146255493,0.9200579524040222,0.6415266394615173,0.5460273027420044,-0.24456976354122162,0.9960817694664001,0.5659096837043762,0.5530626177787781,0.2988332211971283,0.9608304500579834,0.5939234495162964,0.5438532829284668,-0.2509363293647766,0.993339478969574,0.6292122602462769,0.5608105659484863,0.28668710589408875,0.8532947301864624,0.6585445404052734,0.56524658203125,-0.2693656086921692,0.9888339638710022
General2,26,1,0.5489278435707092,0.2739797830581665,-0.20479847490787506,0.9994027614593506,0.5444334745407104,0.2686258554458618,-0.1775795966386795,0.9989705085754395,0.5446163415908813,0.2685931921005249,-0.17765453457832336,0.9987528324127197,0.5446470975875854,0.2685267925262451,-0.17764951288700104,0.9990419745445251,0.5385816693305969,0.2685067355632782,-0.21532244980335236,0.9990599751472473,0.5356531739234924,0.2684754431247711,-0.2153526097536087,0.9989101886749268,0.532562255859375,0.26847922801971436,-0.21539224684238434,0.9990750551223755,0.5317965745925903,0.27168703079223633,-0.03975941985845566,0.998480498790741,0.516562819480896,0.2721145749092102,-0.21472196280956268,0.997995138168335,0.5484299063682556,0.28054699301719666,-0.14833621680736542,0.9988539218902588,0.5398114919662476,0.2808155119419098,-0.1995004117488861,0.9987251162528992,0.5524801015853882,0.3050053119659424,0.05314677208662033,0.9985412359237671,0.47929108142852783,0.30387526750564575,-0.25174614787101746,0.9982947707176208,0.6229126453399658,0.27823397517204285,0.018640603870153427,0.9495871067047119,0.5309630036354065,0.27707961201667786,-0.4168958067893982,0.9419251084327698,0.5621424913406372,0.23809990286827087,-0.08677111566066742,0.93353670835495,0.5509722232818604,0.24093429744243622,-0.43708476424217224,0.797332763671875,0.551598846912384,0.22477596998214722,-0.11795523762702942,0.8731799125671387,0.5564426183700562,0.22253713011741638,-0.49617666006088257,0.7271510362625122,0.5387560725212097,0.2253865748643875,-0.10285554081201553,0.8632218837738037,0.5508603453636169,0.22586414217948914,-0.4895888864994049,0.7033348679542542,0.5473650693893433,0.2322949320077896,-0.08562131971120834,0.8457674384117126,0.5485553741455078,0.23151658475399017,-0.43993422389030457,0.6710535287857056,0.5374717712402344,0.4263904094696045,0.12258488684892654,0.9997815489768982,0.5174736380577087,0.42604339122772217,-0.12297921627759933,0.9998664855957031,0.5450947284698486,0.4867090880870819,0.38146358728408813,0.5047541856765747,0.5795494318008423,0.48737549781799316,-0.1034904420375824,0.9627012610435486,0.5644431710243225,0.5570145845413208,0.5964240431785583,0.7121630311012268,0.6167926788330078,0.558777928352356,-0.06385847926139832,0.9803604483604431,0.5520963072776794,0.5720635652542114,0.6139531135559082,0.7872288227081299,0.6107320189476013,0.5736706256866455,-0.06845788657665253,0.9747314453125,0.5866318345069885,0.5706217885017395,0.5201523303985596,0.7943477630615234,0.676401674747467,0.5752188563346863,-0.23337048292160034,0.9694725871086121
General2,27,1,0.5482290983200073,0.2736201286315918,-0.20774836838245392,0.9992914199829102,0.5438092350959778,0.2683192491531372,-0.17857933044433594,0.9987803101539612,0.544225811958313,0.26828885078430176,-0.17865976691246033,0.9984995126724243,0.5444583892822266,0.26822444796562195,-0.1786525845527649,0.9988551139831543,0.5372051000595093,0.26818394660949707,-0.21618026494979858,0.9988629817962646,0.5339457988739014,0.26814961433410645,-0.21620303392410278,0.9986610412597656,0.5305559039115906,0.2681570053100586,-0.21626408398151398,0.9988887906074524,0.5309872031211853,0.2711692452430725,-0.03552616760134697,0.9979720711708069,0.5139744281768799,0.271975040435791,-0.2096870094537735,0.9975805282592773,0.5482696294784546,0.28012073040008545,-0.14997035264968872,0.9986391663551331,0.539032518863678,0.27995169162750244,-0.20080621540546417,0.9985297918319702,0.5551049113273621,0.3052639365196228,0.055810462683439255,0.9984098672866821,0.4682694673538208,0.30470824241638184,-0.25321778655052185,0.9980560541152954,0.6326799392700195,0.2805395722389221,0.00462315883487463,0.953689694404602,0.5264925360679626,0.2783311903476715,-0.40571847558021545,0.9548631310462952,0.5634123682975769,0.23814688622951508,-0.1205986738204956,0.933830201625824,0.5517960786819458,0.24114519357681274,-0.3947139084339142,0.8269667029380798,0.5518893599510193,0.22486475110054016,-0.1572578251361847,0.8663414716720581,0.5641579031944275,0.2249201238155365,-0.451229065656662,0.7500673532485962,0.5391809344291687,0.22553621232509613,-0.14021815359592438,0.8556103110313416,0.5510500073432922,0.22594889998435974,-0.44729548692703247,0.728032648563385,0.5482099056243896,0.2323930561542511,-0.11984477937221527,0.8394337892532349,0.5490185618400574,0.2317470908164978,-0.39756256341934204,0.6977616548538208,0.540008544921875,0.423465758562088,0.12308426946401596,0.9997387528419495,0.5148962736129761,0.4263625741004944,-0.12340562790632248,0.9998424053192139,0.547376811504364,0.4866199493408203,0.3584023714065552,0.5192725658416748,0.5772691965103149,0.4873417913913727,-0.1313048154115677,0.9639183282852173,0.5653269290924072,0.5572293996810913,0.5907900929450989,0.724246621131897,0.6160399317741394,0.5587825775146484,-0.06711585074663162,0.9798016548156738,0.5676916241645813,0.5718112587928772,0.6095442771911621,0.7818331122398376,0.610473096370697,0.5735076069831848,-0.06951805204153061,0.9702715873718262,0.590854823589325,0.573444128036499,0.5100983381271362,0.8079975843429565,0.6770129203796387,0.5754325985908508,-0.23971880972385406,0.9699694514274597
General2,28,1,0.5489762425422668,0.27401137351989746,-0.14020347595214844,0.9994038343429565,0.5426384210586548,0.26848289370536804,-0.13189740478992462,0.9990869760513306,0.5419432520866394,0.2683451771736145,-0.13195674121379852,0.9989047050476074,0.5411819219589233,0.26818639039993286,-0.1319466382265091,0.9991185069084167,0.5400798916816711,0.26874011754989624,-0.17252422869205475,0.9992679953575134,0.5377905368804932,0.26882821321487427,-0.17253506183624268,0.9992167949676514,0.5344030857086182,0.26895493268966675,-0.17255555093288422,0.999293327331543,0.52703458070755,0.2713733911514282,-0.05969912186264992,0.9989457726478577,0.5180811285972595,0.27240127325057983,-0.24919435381889343,0.9987019300460815,0.5475283861160278,0.2804791331291199,-0.10386158525943756,0.9989738464355469,0.5430076122283936,0.28113964200019836,-0.15962852537631989,0.9987615346908569,0.5085805058479309,0.30375197529792786,0.038623176515102386,0.9974603652954102,0.5247879028320312,0.3089020252227783,-0.2968452274799347,0.9977715611457825,0.6008426547050476,0.2783382534980774,0.14578354358673096,0.8081130385398865,0.5797327160835266,0.27418869733810425,-0.382533460855484,0.899075984954834,0.5513792037963867,0.23956981301307678,0.1387920081615448,0.8468958139419556,0.5680052042007446,0.2371184378862381,-0.32660654187202454,0.7947089076042175,0.5359613299369812,0.227243110537529,0.13346397876739502,0.8045055270195007,0.5716224908828735,0.22080104053020477,-0.3765087127685547,0.7549906969070435,0.5363397598266602,0.22655431926250458,0.12921060621738434,0.7983906269073486,0.5591073632240295,0.2216416746377945,-0.3752073347568512,0.7364614605903625,0.5486575961112976,0.22905172407627106,0.1355208456516266,0.7815602421760559,0.5556904673576355,0.23050881922245026,-0.32857081294059753,0.6938484907150269,0.5211986303329468,0.4285546839237213,0.1223391592502594,0.999874472618103,0.5297057032585144,0.42785200476646423,-0.12290208041667938,0.9998472929000854,0.5484408736228943,0.4950721263885498,0.3915941119194031,0.6772713661193848,0.5798130035400391,0.48758387565612793,0.07183385640382767,0.9618092775344849,0.5640143156051636,0.5592855215072632,0.6248396039009094,0.7853195071220398,0.6180650591850281,0.5587447881698608,0.23267820477485657,0.9825242161750793,0.5691117644309998,0.572874903678894,0.6469530463218689,0.86716228723526,0.613359272480011,0.5740557909011841,0.24368895590305328,0.9853013157844543,0.5853697061538696,0.575691819190979,0.5764139294624329,0.776282787322998,0.6819254755973816,0.5761144161224365,0.12420471012592316,0.9555279016494751
General2,29,1,0.5584731101989746,0.2790783643722534,0.10956498980522156,0.9997041821479797,0.5513032078742981,0.27446219325065613,0.09887424856424332,0.9996336698532104,0.5492753386497498,0.27422916889190674,0.09892819076776505,0.9995217323303223,0.5473865866661072,0.2739507555961609,0.09892845153808594,0.999594509601593,0.5536779761314392,0.2749735116958618,0.05785871297121048,0.9996985197067261,0.5533508658409119,0.2751023769378662,0.057799626141786575,0.9996932744979858,0.5531768202781677,0.2751927971839905,0.05779986456036568,0.9996944665908813,0.5329363942146301,0.27585625648498535,0.0803205594420433,0.9995157718658447,0.5439077019691467,0.2773491144180298,-0.1085132509469986,0.9995089769363403,0.5532403588294983,0.2839124798774719,0.11490725725889206,0.9991577863693237,0.555108368396759,0.2843923568725586,0.05949331447482109,0.9989325404167175,0.4726821184158325,0.3032703399658203,0.19646227359771729,0.999021053314209,0.5697863698005676,0.30163121223449707,-0.22598008811473846,0.9996665716171265,0.452127605676651,0.2761908769607544,0.5863526463508606,0.2783828675746918,0.6351629495620728,0.27087801694869995,-0.19134379923343658,0.951604962348938,0.4551578760147095,0.2549092173576355,0.9074221849441528,0.4557346701622009,0.5843884348869324,0.22725780308246613,0.09895969927310944,0.9595155715942383,0.4213089942932129,0.2541302740573883,0.9838914275169373,0.5053633451461792,0.5831850171089172,0.21429593861103058,0.11577720940113068,0.951746940612793,0.4335751235485077,0.2532035708427429,0.9461975693702698,0.5134580731391907,0.5715182423591614,0.21369868516921997,0.12293506413698196,0.9487965106964111,0.4412805736064911,0.25834929943084717,0.9035136103630066,0.5104983448982239,0.5689694285392761,0.21828462183475494,0.11396334320306778,0.9304202795028687,0.49507400393486023,0.42516353726387024,0.15855899453163147,0.9999604225158691,0.5499096512794495,0.42016565799713135,-0.15972521901130676,0.9999148845672607,0.5383398532867432,0.4929370582103729,0.2888737916946411,0.7810391187667847,0.6391313672065735,0.47484251856803894,-0.03036295622587204,0.967628538608551,0.5568860173225403,0.5605806112289429,0.17531481385231018,0.9486233592033386,0.5254736542701721,0.5052633881568909,0.015040263533592224,0.9785017967224121,0.5484480261802673,0.5721989870071411,0.16437287628650665,0.9618593454360962,0.47473108768463135,0.48077577352523804,0.028301643207669258,0.9759294986724854,0.6086223125457764,0.580181896686554,0.15329670906066895,0.9125927090644836,0.5248734354972839,0.5302080512046814,0.06606143712997437,0.9600011110305786
General2,30,1,0.5599014163017273,0.27811914682388306,0.06166297569870949,0.9996283054351807,0.5524155497550964,0.27353113889694214,0.05880860611796379,0.9994993209838867,0.5503196716308594,0.2733359932899475,0.058840312063694,0.9994020462036133,0.5483196377754211,0.2730998992919922,0.05879254266619682,0.9994367957115173,0.5545043349266052,0.2740131616592407,0.014967023395001888,0.9995811581611633,0.5539562702178955,0.2741560637950897,0.014950135722756386,0.999609649181366,0.5535478591918945,0.27426767349243164,0.015017366968095303,0.9996095299720764,0.5324133038520813,0.27534711360931396,0.0692523866891861,0.9994794726371765,0.5431088805198669,0.27662473917007446,-0.13048619031906128,0.9993118047714233,0.5544244050979614,0.2830313444137573,0.07749655842781067,0.9987865090370178,0.5559957027435303,0.2835389971733093,0.01930084079504013,0.9985548853874207,0.4721181094646454,0.30377519130706787,0.20807422697544098,0.9986937642097473,0.5655137300491333,0.299235463142395,-0.24527162313461304,0.9996845722198486,0.4535309672355652,0.27567777037620544,0.6029054522514343,0.3348938822746277,0.6335340738296509,0.27050870656967163,-0.2760346531867981,0.945530891418457,0.4458906948566437,0.26540225744247437,0.958740770816803,0.34335288405418396,0.5815317630767822,0.22801628708839417,-0.10957609117031097,0.9689071178436279,0.4255911409854889,0.25710028409957886,1.0384465456008911,0.36473631858825684,0.5809347629547119,0.21495120227336884,-0.11124005168676376,0.9640822410583496,0.43924906849861145,0.25616025924682617,1.007004737854004,0.36766159534454346,0.5699057579040527,0.2144688367843628,-0.09818488359451294,0.9624274373054504,0.44652581214904785,0.2608506977558136,0.9576189517974854,0.3896715044975281,0.567282497882843,0.22085575759410858,-0.09635680913925171,0.9474183917045593,0.4940350651741028,0.42587780952453613,0.16509725153446198,0.9999313354492188,0.5481049418449402,0.420963317155838,-0.1662144958972931,0.9998922348022461,0.5402738451957703,0.4918108880519867,0.4228290021419525,0.6233473420143127,0.6564779877662659,0.47753554582595825,0.01839355193078518,0.9497938752174377,0.5174738168716431,0.5555570721626282,0.3454703688621521,0.9177797436714172,0.586812436580658,0.5218738913536072,0.01475580781698227,0.9818341135978699,0.5035432577133179,0.5660609006881714,0.3381393551826477,0.9466618299484253,0.5552082061767578,0.5259597897529602,0.022541575133800507,0.979331374168396,0.5708063840866089,0.5778119564056396,0.34953761100769043,0.8693287968635559,0.6116997003555298,0.5459933280944824,0.05272674188017845,0.969906747341156
General2,31,1,0.5589314103126526,0.27872318029403687,0.09823253750801086,0.9997872710227966,0.5519610047340393,0.27421122789382935,0.09105905145406723,0.9997349381446838,0.5502223968505859,0.27401021122932434,0.09108401089906693,0.9996620416641235,0.54861980676651,0.2737727463245392,0.09104663878679276,0.999704897403717,0.553429126739502,0.2746790945529938,0.04858223348855972,0.9997807145118713,0.5527588129043579,0.2748074531555176,0.048549242317676544,0.9997826218605042,0.552256166934967,0.2749069631099701,0.04858721047639847,0.9997798800468445,0.5342078804969788,0.27593541145324707,0.08564287424087524,0.9996904134750366,0.5423646569252014,0.27714842557907104,-0.10843182355165482,0.9996689558029175,0.5542119145393372,0.28360652923583984,0.10840784758329391,0.9993523955345154,0.5550285577774048,0.2840160131454468,0.05147498846054077,0.9991816878318787,0.47390222549438477,0.30426329374313354,0.214522585272789,0.9991138577461243,0.5663038492202759,0.3015378713607788,-0.22962172329425812,0.9996973276138306,0.45427024364471436,0.2759852409362793,0.6259929537773132,0.2963375151157379,0.6333184242248535,0.27131378650665283,-0.21651548147201538,0.9489545226097107,0.44280391931533813,0.26364049315452576,0.9899104833602905,0.39750075340270996,0.583384096622467,0.22773538529872894,0.026657359674572945,0.9627799391746521,0.4223518669605255,0.2545139193534851,1.0712398290634155,0.4330736994743347,0.5825155973434448,0.2146511971950531,0.03613850846886635,0.9564482569694519,0.43504899740219116,0.2537609338760376,1.0355783700942993,0.439630925655365,0.5709995031356812,0.21406517922878265,0.04240948334336281,0.9542829394340515,0.442696213722229,0.25881969928741455,0.9873731732368469,0.4506097137928009,0.568371593952179,0.21863891184329987,0.039854928851127625,0.9374345541000366,0.4945260286331177,0.4263031482696533,0.1623694747686386,0.9999642372131348,0.5461164712905884,0.4202542006969452,-0.1634323000907898,0.9999154806137085,0.540947675704956,0.49236536026000977,0.30184322595596313,0.7566977143287659,0.6464848518371582,0.47447314858436584,-0.04164525493979454,0.9677872061729431,0.5574257373809814,0.5601488947868347,0.187189981341362,0.9399869441986084,0.5316532850265503,0.504594624042511,0.008136697113513947,0.9771437644958496,0.5474179983139038,0.5718937516212463,0.17585690319538116,0.9547129273414612,0.47632044553756714,0.4804519712924957,0.02268236316740513,0.9753586053848267,0.6128113269805908,0.5801902413368225,0.17043045163154602,0.9022535085678101,0.5346547961235046,0.5300701856613159,0.06959043443202972,0.9619318246841431
General2,32,1,0.5259634852409363,0.286344051361084,0.024677718058228493,0.9998786449432373,0.5240215063095093,0.27864348888397217,0.008670049719512463,0.9998966455459595,0.5231858491897583,0.2783653140068054,0.008612808771431446,0.9998607635498047,0.5223550796508789,0.2780717611312866,0.00858526211231947,0.9998860359191895,0.5270596742630005,0.2787940502166748,0.008286134339869022,0.999925971031189,0.5281801819801331,0.2786623239517212,0.008214530535042286,0.999909520149231,0.5291305184364319,0.27849555015563965,0.008111055009067059,0.999930739402771,0.5243217945098877,0.2805543839931488,-0.02603781968355179,0.9998534917831421,0.5309131741523743,0.2801283001899719,-0.03350595384836197,0.9998953342437744,0.5248594284057617,0.2917695641517639,0.019573956727981567,0.999750554561615,0.5261883735656738,0.2919551432132721,0.016606144607067108,0.9998019337654114,0.5263822674751282,0.31647780537605286,-0.010646642185747623,0.9986870884895325,0.5279405117034912,0.313618540763855,-0.09609302878379822,0.9998067021369934,0.6003251671791077,0.2762792706489563,-0.07876531779766083,0.9610224962234497,0.5380614995956421,0.268856942653656,-0.21862199902534485,0.8619845509529114,0.5844313502311707,0.22105400264263153,-0.14181847870349884,0.9610165953636169,0.5202263593673706,0.23968811333179474,-0.34009575843811035,0.7933226227760315,0.5792507529258728,0.20844168961048126,-0.15613453090190887,0.9371926188468933,0.514643669128418,0.2334071844816208,-0.39449742436408997,0.7361419200897217,0.577944815158844,0.20825384557247162,-0.16527380049228668,0.9322349429130554,0.5138064622879028,0.23433774709701538,-0.39024069905281067,0.7231245040893555,0.5773985385894775,0.2124127447605133,-0.14725926518440247,0.9094894528388977,0.5155471563339233,0.23721247911453247,-0.34759828448295593,0.6865300536155701,0.5150707364082336,0.43270477652549744,0.08122901618480682,0.9998725652694702,0.5176634192466736,0.431977778673172,-0.0815306082367897,0.9999834299087524,0.5311107635498047,0.48341748118400574,0.13818533718585968,0.9310547709465027,0.5755891799926758,0.4867473840713501,-0.44837915897369385,0.9984748959541321,0.48584598302841187,0.5244590044021606,0.3191651701927185,0.8527848720550537,0.6194993853569031,0.5739973187446594,-0.644132137298584,0.9968066215515137,0.4721881151199341,0.5112993717193604,0.3333629369735718,0.8456012606620789,0.6172061562538147,0.5892118215560913,-0.670059084892273,0.9878895878791809,0.48600131273269653,0.5391474962234497,0.2642868757247925,0.8705260753631592,0.6563477516174316,0.5915332436561584,-0.8347214460372925,0.9925427436828613
General2,33,1,0.5292897820472717,0.28643113374710083,-0.016433659940958023,0.9999240636825562,0.5287382006645203,0.2791289985179901,-0.026766864582896233,0.9999347925186157,0.5283437371253967,0.2789110243320465,-0.026827048510313034,0.9999145269393921,0.5279551148414612,0.27867406606674194,-0.026851870119571686,0.9999274015426636,0.5302679538726807,0.27915915846824646,-0.028473716229200363,0.9999539852142334,0.5307933688163757,0.2790106534957886,-0.02855062484741211,0.999944806098938,0.5311927795410156,0.2788441777229309,-0.02864570915699005,0.9999555349349976,0.5312564373016357,0.2810285687446594,-0.03440532088279724,0.9999128580093384,0.5317739248275757,0.2804647982120514,-0.048790156841278076,0.999935507774353,0.5279319882392883,0.291797399520874,-0.012364779599010944,0.9998544454574585,0.5279157757759094,0.29186755418777466,-0.01736113242805004,0.9998886585235596,0.5421925187110901,0.3108430504798889,-0.010890890844166279,0.9990724325180054,0.5207533240318298,0.3136913776397705,-0.11226338893175125,0.9998562335968018,0.6029638051986694,0.2734616994857788,-0.09469189494848251,0.9714232683181763,0.5234782695770264,0.2694166302680969,-0.2908378839492798,0.8929756879806519,0.5848709940910339,0.22084365785121918,-0.1695016473531723,0.969889223575592,0.5154074430465698,0.24262556433677673,-0.4744761884212494,0.8286586999893188,0.579380452632904,0.20858769118785858,-0.18775500357151031,0.9491192102432251,0.5111686587333679,0.23703105747699738,-0.5395774245262146,0.7768054008483887,0.577101469039917,0.20847566425800323,-0.19739994406700134,0.9448248147964478,0.5125679969787598,0.237849161028862,-0.5307765603065491,0.7646541595458984,0.5766441822052002,0.21268172562122345,-0.17552174627780914,0.925603985786438,0.514309823513031,0.2405395209789276,-0.48169732093811035,0.7276104688644409,0.5172724723815918,0.4314691126346588,0.09391751885414124,0.9998871088027954,0.5144639015197754,0.4316105544567108,-0.09414162486791611,0.9999865293502808,0.5366767048835754,0.48144522309303284,0.13479095697402954,0.9517649412155151,0.5778178572654724,0.48627161979675293,-0.5013929605484009,0.9992077946662903,0.4768604338169098,0.5224206447601318,0.3767830431461334,0.8942310214042664,0.6185800433158875,0.5726355314254761,-0.6353806853294373,0.9981696605682373,0.47033336758613586,0.5110707879066467,0.396294504404068,0.8793004155158997,0.6169595718383789,0.5883204936981201,-0.6558486819267273,0.9917369484901428,0.4759233891963959,0.5364968776702881,0.3258676826953888,0.9004454016685486,0.6761197447776794,0.5913631319999695,-0.8274223804473877,0.9953118562698364
General2,34,1,0.5256298184394836,0.2862870395183563,-0.020993772894144058,0.9999121427536011,0.5250001549720764,0.27875614166259766,-0.031039992347359657,0.9999315738677979,0.5246750712394714,0.2784997820854187,-0.03109995648264885,0.9999103546142578,0.5243880152702332,0.2782241106033325,-0.031119802966713905,0.9999265670776367,0.5270400047302246,0.2788704037666321,-0.02557539939880371,0.9999499320983887,0.5279814004898071,0.2787424921989441,-0.025646958500146866,0.999937891960144,0.5287956595420837,0.2785786986351013,-0.02573298290371895,0.9999533891677856,0.5297486186027527,0.28069809079170227,-0.04011179134249687,0.999907374382019,0.5309235453605652,0.28023070096969604,-0.020501993596553802,0.9999309778213501,0.5253227949142456,0.29157817363739014,-0.017783809453248978,0.9998297691345215,0.5258131623268127,0.29181450605392456,-0.012876142747700214,0.9998687505722046,0.5433058738708496,0.31051769852638245,-0.031782425940036774,0.9992232322692871,0.521680474281311,0.3132181167602539,-0.06381619721651077,0.9998761415481567,0.6024119257926941,0.2726130485534668,-0.1623016744852066,0.9757133722305298,0.5258680582046509,0.2701171934604645,-0.18702222406864166,0.8734445571899414,0.5864550471305847,0.22062848508358002,-0.261643648147583,0.972945511341095,0.5140978097915649,0.2423665076494217,-0.32265061140060425,0.7858567833900452,0.582362711429596,0.20805029571056366,-0.28306353092193604,0.9532269835472107,0.5087425708770752,0.235737144947052,-0.3744075298309326,0.7259225249290466,0.5779280662536621,0.2081308662891388,-0.2867709696292877,0.9487391114234924,0.5098941326141357,0.23712140321731567,-0.369522362947464,0.7122001647949219,0.5774720907211304,0.2121659219264984,-0.26542744040489197,0.9278481006622314,0.5124518871307373,0.24012471735477448,-0.33004888892173767,0.6743230223655701,0.518386721611023,0.4319220781326294,0.0709320455789566,0.9999088048934937,0.5170304179191589,0.43148502707481384,-0.07121118903160095,0.9999873638153076,0.5224206447601318,0.4850068688392639,0.07768448442220688,0.9465687870979309,0.5773482918739319,0.4862828850746155,-0.4685083329677582,0.9988164901733398,0.47535601258277893,0.5273289680480957,0.2434193342924118,0.8802846074104309,0.6204366087913513,0.5718467831611633,-0.6971315741539001,0.9969090819358826,0.46419212222099304,0.5330079197883606,0.25592464208602905,0.8636821508407593,0.6191883087158203,0.5898773074150085,-0.7275016903877258,0.9864511489868164,0.4726192355155945,0.5409358143806458,0.17204195261001587,0.9064215421676636,0.6760725975036621,0.5901721119880676,-0.9049175381660461,0.9937357306480408
General2,35,1,0.556205153465271,0.28546857833862305,0.19845668971538544,0.9997696280479431,0.5490948557853699,0.2808345854282379,0.173910453915596,0.9998748302459717,0.5435346961021423,0.2803448438644409,0.1738865077495575,0.9998728036880493,0.5393996238708496,0.2799198627471924,0.173886239528656,0.9998821020126343,0.5560608506202698,0.2818028926849365,0.14989197254180908,0.9998599290847778,0.5574867129325867,0.2820981740951538,0.14999078214168549,0.9998600482940674,0.5587225556373596,0.2822701632976532,0.14985179901123047,0.999872088432312,0.5216471552848816,0.28424543142318726,0.09845057129859924,0.9998947381973267,0.5503495931625366,0.28567636013031006,-0.011892339214682579,0.9998329877853394,0.5503968596458435,0.2904828190803528,0.18281356990337372,0.999468982219696,0.5580084919929504,0.29128438234329224,0.14934773743152618,0.9990812540054321,0.4818834066390991,0.3147943615913391,0.17741091549396515,0.998281717300415,0.5648674368858337,0.3123466968536377,-0.1337420791387558,0.9992042183876038,0.5282279253005981,0.2776082754135132,0.30677080154418945,0.4456360340118408,0.621823787689209,0.2700669765472412,-0.10475728660821915,0.876322329044342,0.5900972485542297,0.2266569584608078,0.3569786548614502,0.6036161184310913,0.6066898703575134,0.2225889414548874,0.0925832986831665,0.8804419636726379,0.5916387438774109,0.21466514468193054,0.3813081383705139,0.5946428179740906,0.6103422045707703,0.21035146713256836,0.0864839181303978,0.851733386516571,0.5865556001663208,0.2140142321586609,0.3620738983154297,0.5810059905052185,0.5952353477478027,0.21010100841522217,0.0938086286187172,0.8390600681304932,0.58488929271698,0.21974721550941467,0.3504751920700073,0.554215669631958,0.5928316712379456,0.21356850862503052,0.1010948121547699,0.7915106415748596,0.4783151149749756,0.43016743659973145,0.11749214679002762,0.9996222257614136,0.5165092349052429,0.42624858021736145,-0.11819919943809509,0.9996127486228943,0.5087926387786865,0.46370506286621094,0.05665674805641174,0.9653893709182739,0.6019856929779053,0.46506962180137634,-0.24162016808986664,0.9960371851921082,0.4724332392215729,0.5304080843925476,0.045766431838274,0.8512002229690552,0.5766177177429199,0.548464834690094,-0.28478923439979553,0.9752659797668457,0.45064014196395874,0.5343721508979797,0.04415612295269966,0.8744195103645325,0.5569700002670288,0.5628207325935364,-0.28560036420822144,0.954413652420044,0.47759121656417847,0.5454805493354797,0.019225170835852623,0.7400346398353577,0.6291818022727966,0.5645830631256104,-0.31729528307914734,0.9212471842765808
General2,36,1,0.5569586753845215,0.2857823371887207,0.34607619047164917,0.9998763799667358,0.5474261045455933,0.280930757522583,0.3223809003829956,0.9999449253082275,0.5436919927597046,0.2805930972099304,0.32235953211784363,0.9999390840530396,0.5393360257148743,0.28022444248199463,0.32234686613082886,0.9999473094940186,0.5570917129516602,0.2817777395248413,0.2997114062309265,0.9999386072158813,0.558858335018158,0.28197818994522095,0.2997679114341736,0.9999340772628784,0.5605213642120361,0.2820696234703064,0.29959794878959656,0.9999455213546753,0.5217086672782898,0.2842057943344116,0.23479843139648438,0.9999336004257202,0.5533802509307861,0.28497523069381714,0.13257573544979095,0.9999179840087891,0.5507856607437134,0.29033374786376953,0.3256596624851227,0.9995431900024414,0.5592425465583801,0.2912638187408447,0.294420063495636,0.9992712140083313,0.4774320423603058,0.31604811549186707,0.2985517382621765,0.9988139867782593,0.5684816837310791,0.3104104697704315,-0.016338760033249855,0.9996829032897949,0.5255213379859924,0.2888217866420746,0.405814528465271,0.3876742124557495,0.6310505867004395,0.2687687873840332,0.037583086639642715,0.8839170336723328,0.5778355598449707,0.2556513547897339,0.4438733160495758,0.6269842386245728,0.6079977750778198,0.22005845606327057,0.27237629890441895,0.8992440700531006,0.5824457406997681,0.24677467346191406,0.47399383783340454,0.6200543642044067,0.6079084277153015,0.2089204490184784,0.2786908745765686,0.8715742826461792,0.5875119566917419,0.2470821738243103,0.4577561914920807,0.6113619804382324,0.5950220823287964,0.20956438779830933,0.2830849587917328,0.861430287361145,0.5874146223068237,0.2522648572921753,0.43961745500564575,0.5731711387634277,0.5933073163032532,0.21304041147232056,0.2813733220100403,0.8273279070854187,0.47261980175971985,0.4290638267993927,0.1229136660695076,0.9997997879981995,0.531019926071167,0.42626863718032837,-0.12391140311956406,0.9998788833618164,0.5005503296852112,0.4585884213447571,0.11496132612228394,0.9421393275260925,0.6575178503990173,0.4643547236919403,-0.2593589127063751,0.995474636554718,0.47937798500061035,0.5259596705436707,0.01737501099705696,0.8039532899856567,0.6059361696243286,0.5684465169906616,-0.4508744180202484,0.9765400290489197,0.46928030252456665,0.5380833148956299,0.007298283278942108,0.8566279411315918,0.5863573551177979,0.5814405083656311,-0.4656590521335602,0.9593056440353394,0.4888635575771332,0.5394485592842102,-0.004511201288551092,0.7206879258155823,0.6565998196601868,0.5847187042236328,-0.5021147131919861,0.9312883019447327
General2,37,1,0.5826616287231445,0.2958989143371582,0.22093167901039124,0.9999940395355225,0.5822198987007141,0.29217493534088135,0.25930076837539673,0.9999953508377075,0.5832796096801758,0.2925567030906677,0.2592979073524475,0.9999934434890747,0.5846354365348816,0.29279768466949463,0.25912877917289734,0.9999954700469971,0.5758758187294006,0.29068368673324585,0.2222178727388382,0.999995231628418,0.5728952884674072,0.29009926319122314,0.22229672968387604,0.9999939203262329,0.5696508288383484,0.28942787647247314,0.2223169505596161,0.9999957084655762,0.5702098608016968,0.2948002815246582,0.39612850546836853,0.9999947547912598,0.5462825894355774,0.2894667387008667,0.22813627123832703,0.9999945163726807,0.5805516242980957,0.3020291328430176,0.27177202701568604,0.9999723434448242,0.5708907842636108,0.2998490333557129,0.2212618589401245,0.9999697208404541,0.5712445974349976,0.33212828636169434,0.48289912939071655,0.9995892643928528,0.47944921255111694,0.30138030648231506,0.08687973022460938,0.9999686479568481,0.6227811574935913,0.34690654277801514,0.6941543221473694,0.6648979187011719,0.5457021594047546,0.26963362097740173,-0.024974098429083824,0.9967697858810425,0.6851651668548584,0.3287692666053772,0.8693064451217651,0.8772115111351013,0.627707839012146,0.22201204299926758,0.12302003800868988,0.9959313273429871,0.697655200958252,0.32156726717948914,0.9136973023414612,0.8096886277198792,0.6286458969116211,0.20928190648555756,0.12206179648637772,0.9869023561477661,0.6947475075721741,0.32090556621551514,0.9042630791664124,0.8080686926841736,0.6180258989334106,0.20750373601913452,0.1346469521522522,0.9847091436386108,0.691569447517395,0.3220755457878113,0.8672118186950684,0.7994406819343567,0.616241455078125,0.21173949539661407,0.1309870481491089,0.9796129465103149,0.5271403789520264,0.4252265393733978,0.10932186990976334,0.9998946189880371,0.4466278553009033,0.42263224720954895,-0.10903055220842361,0.9999759197235107,0.6859195828437805,0.4607532322406769,-0.07885165512561798,0.9758310914039612,0.433093786239624,0.4862852692604065,-0.5498160719871521,0.997963547706604,0.5595320463180542,0.5326094031333923,-0.07141055166721344,0.9544320106506348,0.45663362741470337,0.5786903500556946,-0.7153311371803284,0.9956127405166626,0.5245642066001892,0.5384293794631958,-0.07636146247386932,0.9433682560920715,0.45315977931022644,0.5938012599945068,-0.734550952911377,0.9808958768844604,0.6018445491790771,0.5749390125274658,-0.1663278341293335,0.9535700082778931,0.4890883266925812,0.6074390411376953,-0.9061086773872375,0.9923906922340393
General2,38,1,0.5823109149932861,0.29399242997169495,0.2511390447616577,0.9999927282333374,0.5823084115982056,0.2907060980796814,0.2939109206199646,0.9999947547912598,0.583567202091217,0.2912229299545288,0.2939356565475464,0.9999924898147583,0.5850948691368103,0.2916106879711151,0.2937646806240082,0.9999947547912598,0.5752787590026855,0.28896546363830566,0.2584255635738373,0.9999945163726807,0.5720862150192261,0.28833359479904175,0.25849130749702454,0.999993085861206,0.5686224102973938,0.28765806555747986,0.25847354531288147,0.9999953508377075,0.5710106492042542,0.2938775420188904,0.44501417875289917,0.9999946355819702,0.5449715256690979,0.2881324589252472,0.28534436225891113,0.9999942779541016,0.5807409286499023,0.3002094626426697,0.3067968487739563,0.9999662637710571,0.5706607699394226,0.29720520973205566,0.2587589621543884,0.9999649524688721,0.5816380977630615,0.3328167200088501,0.5256945490837097,0.9996695518493652,0.47695788741111755,0.2999878525733948,0.14028598368167877,0.9999725818634033,0.637797474861145,0.346708744764328,0.7173746824264526,0.7895463705062866,0.5316756963729858,0.26751232147216797,0.023441927507519722,0.9973059892654419,0.6870751976966858,0.3240947723388672,0.9151747822761536,0.9180479645729065,0.6279287934303284,0.22150853276252747,0.18285419046878815,0.996660590171814,0.6949722766876221,0.31432074308395386,0.9558641314506531,0.8487224578857422,0.6264861822128296,0.20843324065208435,0.18207386136054993,0.9867312908172607,0.6918853521347046,0.3145591616630554,0.9546979665756226,0.844183623790741,0.6180790662765503,0.20695611834526062,0.19668364524841309,0.9843437671661377,0.6902711987495422,0.31617069244384766,0.9161325693130493,0.8396456241607666,0.6165112853050232,0.2111184298992157,0.1912592500448227,0.9798650741577148,0.5321424007415771,0.42401236295700073,0.10018131136894226,0.9999232292175293,0.44846510887145996,0.4200711250305176,-0.09980650991201401,0.9999769926071167,0.6925516128540039,0.45669230818748474,-0.11424402892589569,0.9807173609733582,0.42557835578918457,0.4831331968307495,-0.5028285384178162,0.9955055713653564,0.5659518837928772,0.534710168838501,-0.08977988362312317,0.9462159276008606,0.4146447777748108,0.5762208700180054,-0.6497483849525452,0.9908561706542969,0.5378889441490173,0.53868168592453,-0.09301409870386124,0.9266644716262817,0.3728622794151306,0.5837624073028564,-0.6676443815231323,0.9584900140762329,0.619875431060791,0.5719963908195496,-0.1986827850341797,0.9371001124382019,0.43577101826667786,0.6049449443817139,-0.855212926864624,0.9842392206192017
General2,39,1,0.5828210115432739,0.2953668236732483,0.24813681840896606,0.9999955892562866,0.5830693244934082,0.2916697561740875,0.2871600091457367,0.999996542930603,0.5843874216079712,0.29211103916168213,0.2871766686439514,0.999995231628418,0.5859763622283936,0.2924116849899292,0.2870043218135834,0.9999967813491821,0.5770306587219238,0.2900470495223999,0.25157588720321655,0.999996542930603,0.5726791620254517,0.28935545682907104,0.2516363263130188,0.9999957084655762,0.5690293908119202,0.2886243462562561,0.25163915753364563,0.9999970197677612,0.5726228952407837,0.29446226358413696,0.42585304379463196,0.9999961853027344,0.5457202792167664,0.2886925935745239,0.26518115401268005,0.9999960660934448,0.58104407787323,0.301533967256546,0.299635112285614,0.9999778270721436,0.5708563327789307,0.2991446256637573,0.2511451244354248,0.9999771118164062,0.5805417895317078,0.33298829197883606,0.5113337635993958,0.9996435642242432,0.48077017068862915,0.30044621229171753,0.1281076967716217,0.9999721050262451,0.624487042427063,0.3470301032066345,0.7271859645843506,0.7343468070030212,0.5415876507759094,0.2663750648498535,0.045393604785203934,0.9970978498458862,0.6848230361938477,0.3288075625896454,0.9391251802444458,0.8985124826431274,0.6277903914451599,0.22147540748119354,0.22993429005146027,0.9958022236824036,0.6961719393730164,0.32102102041244507,0.9858807921409607,0.8300895690917969,0.6262253522872925,0.20824120938777924,0.23394270241260529,0.9849590063095093,0.6920639276504517,0.3152821660041809,0.9813553094863892,0.8221689462661743,0.6174721717834473,0.2067343145608902,0.24702836573123932,0.9821624159812927,0.6904008984565735,0.3217320442199707,0.9395452737808228,0.8154484629631042,0.615947961807251,0.2109542191028595,0.23821653425693512,0.9775260090827942,0.5307319760322571,0.42513880133628845,0.10685668885707855,0.9999160766601562,0.44926804304122925,0.42191213369369507,-0.10656815767288208,0.9999792575836182,0.6894997358322144,0.46121564507484436,-0.08497588336467743,0.9760422706604004,0.44423413276672363,0.48632723093032837,-0.5363517999649048,0.997480571269989,0.5605195760726929,0.5332195162773132,-0.08706159144639969,0.947826087474823,0.47035008668899536,0.5791791677474976,-0.7253977060317993,0.9946478009223938,0.5298778414726257,0.5386003255844116,-0.09243461489677429,0.9340349435806274,0.4671230614185333,0.5951075553894043,-0.7465969920158386,0.9784008264541626,0.6007309556007385,0.5766421556472778,-0.18085646629333496,0.9529374241828918,0.5060352683067322,0.6070129871368408,-0.9182253479957581,0.9917884469032288
General2,40,1,0.5885200500488281,0.30433109402656555,0.27408909797668457,0.9999560117721558,0.5824524760246277,0.2981005907058716,0.2661758065223694,0.999962568283081,0.5790449380874634,0.29775869846343994,0.26619893312454224,0.9999502897262573,0.5753381848335266,0.29730021953582764,0.26625555753707886,0.9999607801437378,0.5879032015800476,0.2983317971229553,0.22945667803287506,0.9999570846557617,0.5885193943977356,0.29821303486824036,0.2293975055217743,0.99994957447052,0.589191734790802,0.29805099964141846,0.22940441966056824,0.9999585151672363,0.5545101761817932,0.29747211933135986,0.23829151690006256,0.99994957447052,0.5766186714172363,0.29979950189590454,0.06933163106441498,0.9999364614486694,0.5793577432632446,0.30985701084136963,0.2742021381855011,0.9998660087585449,0.5848639011383057,0.31000685691833496,0.22405901551246643,0.9998175501823425,0.4817597568035126,0.31829553842544556,0.3104611039161682,0.9997739195823669,0.5883875489234924,0.31951838731765747,-0.06902646273374557,0.999975323677063,0.4826562702655792,0.30281031131744385,0.5994652509689331,0.20965902507305145,0.6339387893676758,0.27163589000701904,-0.07715123146772385,0.9906628131866455,0.4916834831237793,0.28286102414131165,0.7326824069023132,0.5791846513748169,0.6494287252426147,0.22054006159305573,0.17825376987457275,0.9936718940734863,0.49749505519866943,0.2766602039337158,0.7914595007896423,0.6566471457481384,0.6526141166687012,0.2082553505897522,0.18643803894519806,0.9912588000297546,0.5174679160118103,0.27928417921066284,0.7444332838058472,0.6589699983596802,0.6408426761627197,0.20648448169231415,0.21217089891433716,0.9895241856575012,0.5144453644752502,0.27957797050476074,0.7198291420936584,0.6546792387962341,0.6370059251785278,0.20965753495693207,0.19867759943008423,0.9844306111335754,0.48955079913139343,0.44004493951797485,0.14979276061058044,0.9999194145202637,0.5540090799331665,0.4365781247615814,-0.1505080759525299,0.9999600648880005,0.5648722052574158,0.4877479374408722,0.21379931271076202,0.7974143624305725,0.6880728006362915,0.4729723334312439,-0.13919495046138763,0.9952621459960938,0.6012024879455566,0.5584174394607544,0.07378724217414856,0.9266437292098999,0.6809578537940979,0.5688350200653076,-0.2745612561702728,0.993749737739563,0.5782971382141113,0.5731138586997986,0.058812983334064484,0.9547976851463318,0.6678522229194641,0.5820915699005127,-0.2855742573738098,0.990484356880188,0.644875168800354,0.5831013917922974,0.04040245711803436,0.913085401058197,0.7295550107955933,0.5921534299850464,-0.3197997510433197,0.9838132858276367
General2,41,1,0.5880771279335022,0.3053155541419983,0.2742767930030823,0.9999352693557739,0.5815860629081726,0.299069344997406,0.2654043436050415,0.9999440908432007,0.5781539678573608,0.2986956834793091,0.2654217481613159,0.9999290704727173,0.5747448801994324,0.2982531189918518,0.2654709815979004,0.9999442100524902,0.5871042013168335,0.29943376779556274,0.23110537230968475,0.999931812286377,0.5877522826194763,0.2993623614311218,0.23105117678642273,0.9999223947525024,0.5884729623794556,0.299264132976532,0.23104868829250336,0.9999340772628784,0.5551716089248657,0.29899442195892334,0.23305347561836243,0.9999324083328247,0.5762598514556885,0.3009818196296692,0.0750751793384552,0.9998964071273804,0.5790835618972778,0.3105626106262207,0.2727101445198059,0.9998030066490173,0.5843099355697632,0.31099066138267517,0.22564224898815155,0.9997066855430603,0.4780495762825012,0.3202900290489197,0.3052951693534851,0.9997478127479553,0.5916931629180908,0.3202947974205017,-0.059931110590696335,0.9999672174453735,0.47209811210632324,0.30279332399368286,0.6167294383049011,0.21086415648460388,0.6361955404281616,0.2717630863189697,-0.0677884891629219,0.9889300465583801,0.49425008893013,0.2832587957382202,0.7951456308364868,0.48783421516418457,0.6492018699645996,0.220658078789711,0.18095175921916962,0.9907565712928772,0.4983154833316803,0.2803537845611572,0.8587044477462769,0.5753429532051086,0.6516115665435791,0.20825506746768951,0.1912546455860138,0.9870555400848389,0.4999890625476837,0.27773621678352356,0.8139404654502869,0.5790387392044067,0.6404582262039185,0.20654253661632538,0.21313920617103577,0.984679639339447,0.4995349049568176,0.2819780707359314,0.7846775650978088,0.5772504806518555,0.6365981698036194,0.20987053215503693,0.19991986453533173,0.9776326417922974,0.4841204583644867,0.4404148757457733,0.148371621966362,0.9999001026153564,0.5529295206069946,0.436372309923172,-0.1491905003786087,0.9999406337738037,0.5605300664901733,0.49106642603874207,0.1905541718006134,0.7971144318580627,0.6900866031646729,0.4723049998283386,-0.1502561867237091,0.9947555065155029,0.581956148147583,0.564409077167511,0.03995070978999138,0.927949845790863,0.6780725121498108,0.5657681226730347,-0.2907751202583313,0.9918630123138428,0.5725864171981812,0.5765083432197571,0.02398202195763588,0.9536512494087219,0.6618688702583313,0.5777304172515869,-0.3017157316207886,0.9875404238700867,0.6552720665931702,0.5902953743934631,0.006661190651357174,0.9005282521247864,0.7258477210998535,0.5909574031829834,-0.3273313045501709,0.9783088564872742
General2,42,1,0.5885941386222839,0.3044528365135193,0.24734154343605042,0.999968409538269,0.582565188407898,0.2979389429092407,0.23925815522670746,0.9999711513519287,0.5791776180267334,0.29757440090179443,0.23929914832115173,0.9999620914459229,0.575541615486145,0.2971123456954956,0.23934534192085266,0.9999685287475586,0.5878689289093018,0.298248827457428,0.19873660802841187,0.9999666213989258,0.5883978605270386,0.29815441370010376,0.19869016110897064,0.9999622106552124,0.5889714956283569,0.298016756772995,0.1987028270959854,0.9999650716781616,0.5541560649871826,0.2971964478492737,0.21354597806930542,0.9999644756317139,0.5746394395828247,0.29952096939086914,0.02600712701678276,0.999951958656311,0.5794839859008789,0.3098471760749817,0.24818143248558044,0.999901533126831,0.5845071077346802,0.3101341724395752,0.19270236790180206,0.9998687505722046,0.4819689989089966,0.31970709562301636,0.29093697667121887,0.9998756647109985,0.5842504501342773,0.31959068775177,-0.11049075424671173,0.9999802112579346,0.47735098004341125,0.3040247857570648,0.6111703515052795,0.2540353238582611,0.632576584815979,0.27273663878440857,-0.12141220271587372,0.99257892370224,0.49201256036758423,0.2824348211288452,0.7648618221282959,0.5692275166511536,0.6501113176345825,0.22103959321975708,0.162506565451622,0.9936683773994446,0.497888445854187,0.27623653411865234,0.8248350024223328,0.6492390036582947,0.6529194116592407,0.20871153473854065,0.17588135600090027,0.9898689985275269,0.49960413575172424,0.27680909633636475,0.7790899276733398,0.6541489958763123,0.6405794620513916,0.20690590143203735,0.20248359441757202,0.9879484176635742,0.5152038335800171,0.27910709381103516,0.7527803182601929,0.6536903381347656,0.6372233629226685,0.20979943871498108,0.18445366621017456,0.9821422696113586,0.4925474524497986,0.43881043791770935,0.1543453186750412,0.9999629259109497,0.5482513904571533,0.43722987174987793,-0.15516267716884613,0.9999713897705078,0.5758302807807922,0.4956502318382263,0.21311280131340027,0.8287398815155029,0.6867049932479858,0.47146710753440857,-0.13572970032691956,0.9939262270927429,0.6064877510070801,0.5693368911743164,0.10509463399648666,0.9348260164260864,0.6219229102134705,0.5503212809562683,-0.20490829646587372,0.9902085065841675,0.5965579152107239,0.5820252299308777,0.09380780160427094,0.9566780924797058,0.604122519493103,0.5568310618400574,-0.2086435705423355,0.9843824505805969,0.6729899048805237,0.5905917286872864,0.08565118908882141,0.9019714593887329,0.6902368664741516,0.5784023404121399,-0.21555055677890778,0.9741486310958862
General2,43,1,0.6145653128623962,0.3118661940097809,0.2522520124912262,0.9994557499885559,0.606036901473999,0.30540797114372253,0.2500952482223511,0.9994864463806152,0.6037932634353638,0.30517545342445374,0.2500889003276825,0.9993801116943359,0.6012254953384399,0.3049526810646057,0.2501022517681122,0.9995311498641968,0.6078779697418213,0.3054516315460205,0.21187612414360046,0.9994206428527832,0.6071425676345825,0.30521512031555176,0.21186786890029907,0.9994062185287476,0.606198787689209,0.3050638437271118,0.21181908249855042,0.9994432330131531,0.5794644355773926,0.30628228187561035,0.24173475801944733,0.9992668032646179,0.5884182453155518,0.30679768323898315,0.06791471689939499,0.9990167617797852,0.6099277138710022,0.3175448775291443,0.2594332993030548,0.9985997080802917,0.6113128066062927,0.31704390048980713,0.20723414421081543,0.9973878264427185,0.5175281167030334,0.3339325189590454,0.34901726245880127,0.9994171857833862,0.5983701944351196,0.3242685794830322,-0.07107728719711304,0.9998379945755005,0.5232803821563721,0.3199373781681061,0.6847407221794128,0.10754923522472382,0.658233106136322,0.2780984044075012,-0.057459209114313126,0.9853569865226746,0.56650710105896,0.3062002658843994,0.8572794795036316,0.40886473655700684,0.6687607169151306,0.22586166858673096,0.2258150279521942,0.9875878691673279,0.5714236497879028,0.30277031660079956,0.9245122671127319,0.5104780197143555,0.6744735240936279,0.2123732715845108,0.24452194571495056,0.9842007756233215,0.574367344379425,0.3010515868663788,0.8827013969421387,0.519079864025116,0.6617979407310486,0.21167366206645966,0.2570066750049591,0.9814479947090149,0.5734432935714722,0.30392301082611084,0.8485556244850159,0.5081612467765808,0.6575040221214294,0.21582798659801483,0.24303752183914185,0.9733225703239441,0.5049026608467102,0.45233121514320374,0.15591539442539215,0.9999457597732544,0.5655543804168701,0.44095638394355774,-0.15714934468269348,0.9999274015426636,0.5740330815315247,0.5177539587020874,0.18743480741977692,0.7749112248420715,0.6921135783195496,0.4730024039745331,-0.15125194191932678,0.993424654006958,0.6192270517349243,0.5907115936279297,0.05998910963535309,0.9247552156448364,0.652163565158844,0.5569180250167847,-0.21724137663841248,0.9868373870849609,0.6171442270278931,0.6055813431739807,0.04577400162816048,0.9399339556694031,0.6353517174720764,0.5665250420570374,-0.21822315454483032,0.9803743958473206,0.6917018294334412,0.6139693260192871,0.030751297250390053,0.916146457195282,0.7078495621681213,0.5832538604736328,-0.21278077363967896,0.9771565794944763
General2,44,1,0.6121214628219604,0.31142643094062805,0.29000529646873474,0.9997459053993225,0.6025856733322144,0.30518609285354614,0.2904769480228424,0.99977046251297,0.6001622080802917,0.3050066828727722,0.29048818349838257,0.999715268611908,0.5965643525123596,0.3047971725463867,0.290505588054657,0.9997982382774353,0.6046608686447144,0.30506619811058044,0.2532046437263489,0.9997507929801941,0.6039918661117554,0.3047674298286438,0.2531951069831848,0.9997392296791077,0.6031595468521118,0.3045506775379181,0.25315478444099426,0.9997603297233582,0.5748693346977234,0.306100457906723,0.28672587871551514,0.9996606111526489,0.5858123898506165,0.30592313408851624,0.11710473150014877,0.9995620846748352,0.6079099178314209,0.31684398651123047,0.2982587218284607,0.9991716146469116,0.6093786954879761,0.31613296270370483,0.24726785719394684,0.9984336495399475,0.5190513134002686,0.3339568078517914,0.38903144001960754,0.9995113611221313,0.5972288250923157,0.32245081663131714,-0.029056640341877937,0.9998791217803955,0.534965455532074,0.3220311999320984,0.708919882774353,0.0964888483285904,0.6587669849395752,0.27610838413238525,-0.0077706994488835335,0.9873485565185547,0.5787614583969116,0.3068799376487732,0.8699421882629395,0.43788936734199524,0.6685259342193604,0.2256961464881897,0.29718947410583496,0.9874559044837952,0.5843566656112671,0.30290284752845764,0.9384585022926331,0.54071044921875,0.6737102270126343,0.21218325197696686,0.32023584842681885,0.9833563566207886,0.5870983004570007,0.3010908365249634,0.8978394269943237,0.5504175424575806,0.6612820029258728,0.21148896217346191,0.33424466848373413,0.9800654053688049,0.5859351754188538,0.3041612505912781,0.8613939881324768,0.5318710803985596,0.6576005816459656,0.21561916172504425,0.315253883600235,0.971274197101593,0.50605708360672,0.45143017172813416,0.1564124971628189,0.9999673366546631,0.5667498111724854,0.44044312834739685,-0.15769131481647491,0.9999585151672363,0.5732824802398682,0.5175927877426147,0.18192195892333984,0.830659031867981,0.6925789713859558,0.47238805890083313,-0.1632218211889267,0.9953886270523071,0.6175116300582886,0.5882563591003418,0.03401440382003784,0.9455347061157227,0.6516474485397339,0.5570912957191467,-0.24710197746753693,0.990574061870575,0.6154080629348755,0.6010400056838989,0.018202461302280426,0.9554036259651184,0.6347383856773376,0.5666109919548035,-0.2500659227371216,0.9845784902572632,0.6822017431259155,0.6104704141616821,0.004140325356274843,0.9400989413261414,0.7039086818695068,0.5841445922851562,-0.24994681775569916,0.9828552007675171
General2,45,1,0.6117785573005676,0.3193342685699463,0.4508984386920929,0.9999231100082397,0.602800726890564,0.3140139579772949,0.44233423471450806,0.9999202489852905,0.5998803973197937,0.3137950301170349,0.44233304262161255,0.9999216794967651,0.5968480706214905,0.3135066628456116,0.44232749938964844,0.9999351501464844,0.6081959009170532,0.31397563219070435,0.4058406949043274,0.9999289512634277,0.6088000535964966,0.3138144016265869,0.4058649241924286,0.9999406337738037,0.6093510389328003,0.313621461391449,0.405804306268692,0.9999406337738037,0.581348180770874,0.31451085209846497,0.39729422330856323,0.9999219179153442,0.5995659232139587,0.3146992027759552,0.23251549899578094,0.9999003410339355,0.6064032316207886,0.3241516351699829,0.44536760449409485,0.9996323585510254,0.6114157438278198,0.32392460107803345,0.39475953578948975,0.9992159605026245,0.5091016292572021,0.34210526943206787,0.4610423743724823,0.9996482133865356,0.6106036901473999,0.33048027753829956,0.04703974351286888,0.999948263168335,0.49659520387649536,0.3272862434387207,0.8156660795211792,0.3043844699859619,0.6676508188247681,0.2871541678905487,0.050432391464710236,0.9889149069786072,0.5123385190963745,0.299837201833725,1.0881747007369995,0.613258421421051,0.6838850378990173,0.23656877875328064,0.26194241642951965,0.9925138354301453,0.48605507612228394,0.2969117760658264,1.1683553457260132,0.660031259059906,0.6931770443916321,0.22353316843509674,0.2699117362499237,0.9923978447914124,0.5007780194282532,0.2968248128890991,1.1409757137298584,0.6639567017555237,0.6807621717453003,0.2224540263414383,0.28259485960006714,0.9910921454429626,0.5033285617828369,0.29806822538375854,1.0892833471298218,0.6640430688858032,0.6745584011077881,0.22653335332870483,0.2787396013736725,0.9836664199829102,0.5135170221328735,0.45662131905555725,0.16151636838912964,0.9999790191650391,0.5744288563728333,0.4458037316799164,-0.16253112256526947,0.9999672174453735,0.57550448179245,0.5260235667228699,0.11076139658689499,0.9861205220222473,0.7056881189346313,0.48346129059791565,-0.16904447972774506,0.9993067979812622,0.6205081939697266,0.6041504144668579,-0.08933078497648239,0.969910204410553,0.688239574432373,0.5681208968162537,-0.33451974391937256,0.9963307976722717,0.6193127036094666,0.6186241507530212,-0.11079994589090347,0.9865664839744568,0.6742762923240662,0.5816953182220459,-0.34682896733283997,0.995394766330719,0.6251837015151978,0.6185493469238281,-0.12618249654769897,0.8596948385238647,0.7770668864250183,0.5792503952980042,-0.34538835287094116,0.9779108166694641
General2,46,1,0.613457202911377,0.31806331872940063,0.40035688877105713,0.9999130964279175,0.6041952967643738,0.3130856156349182,0.39449211955070496,0.9999120235443115,0.6011395454406738,0.3128681480884552,0.39449188113212585,0.999909520149231,0.5980064272880554,0.3125607371330261,0.39447346329689026,0.9999226331710815,0.610040009021759,0.3130328059196472,0.35656729340553284,0.9999215602874756,0.6107104420661926,0.31288060545921326,0.3565918207168579,0.9999321699142456,0.6113048791885376,0.3126811385154724,0.35652631521224976,0.9999324083328247,0.5824965834617615,0.3135814070701599,0.36580127477645874,0.9999053478240967,0.601167619228363,0.31370967626571655,0.1946958303451538,0.9998829364776611,0.6085422039031982,0.3229526877403259,0.4012547433376312,0.9995644688606262,0.6143550276756287,0.32275933027267456,0.34894198179244995,0.9990743398666382,0.5149848461151123,0.34191960096359253,0.4450281262397766,0.9995063543319702,0.6105064749717712,0.3291032314300537,0.018004843965172768,0.999915599822998,0.5114976167678833,0.32949739694595337,0.7995696067810059,0.1958562582731247,0.6666946411132812,0.28670287132263184,0.0070920540019869804,0.985837996006012,0.5321440100669861,0.305910587310791,1.0578972101211548,0.5081111788749695,0.683967113494873,0.23579251766204834,0.20892301201820374,0.9911653399467468,0.5044226050376892,0.30048608779907227,1.139343023300171,0.580439567565918,0.6932612061500549,0.22266632318496704,0.2137143313884735,0.9907110333442688,0.5229264497756958,0.30111199617385864,1.1070022583007812,0.5860456228256226,0.6815811991691589,0.22118590772151947,0.22861124575138092,0.9892227649688721,0.5406827926635742,0.30175966024398804,1.0567841529846191,0.5926856398582458,0.6754753589630127,0.2255859225988388,0.22582760453224182,0.9807242155075073,0.5153260827064514,0.45691031217575073,0.16038739681243896,0.9999688863754272,0.577675998210907,0.44647908210754395,-0.16136415302753448,0.999946117401123,0.5758175253868103,0.5259963274002075,0.10536742955446243,0.9857949018478394,0.7041001915931702,0.48590564727783203,-0.14908555150032043,0.9991961121559143,0.6209205389022827,0.6049151420593262,-0.06911572813987732,0.9722790718078613,0.688902735710144,0.5684216022491455,-0.271354079246521,0.9962676167488098,0.619698166847229,0.6192101836204529,-0.08743157237768173,0.9866618514060974,0.675814688205719,0.5815790891647339,-0.278834730386734,0.9950971007347107,0.6256331205368042,0.6190886497497559,-0.10299544781446457,0.8649997711181641,0.7696317434310913,0.5803433656692505,-0.275755912065506,0.9758592247962952
General2,47,1,0.6141604781150818,0.31848201155662537,0.3916932940483093,0.999914288520813,0.6046544909477234,0.31324678659439087,0.38743311166763306,0.9999136924743652,0.6016862392425537,0.3129923939704895,0.3874300718307495,0.9999114274978638,0.5986611843109131,0.3126317858695984,0.3874141275882721,0.9999250173568726,0.6100854277610779,0.3131703734397888,0.3479561507701874,0.9999237060546875,0.6105585694313049,0.3129856586456299,0.34797143936157227,0.9999349117279053,0.6109659671783447,0.31273534893989563,0.34791046380996704,0.9999361038208008,0.5835029482841492,0.31405502557754517,0.3642254173755646,0.999908447265625,0.6005170941352844,0.3135802149772644,0.18597006797790527,0.9998873472213745,0.6093733310699463,0.32341402769088745,0.39433300495147705,0.9995809197425842,0.6145742535591125,0.3232104778289795,0.33992496132850647,0.9991391897201538,0.5157566666603088,0.34257370233535767,0.44449061155319214,0.9995137453079224,0.6092292070388794,0.32904571294784546,0.010840358212590218,0.9999250173568726,0.5133345127105713,0.33202195167541504,0.8041974902153015,0.16820205748081207,0.6677606105804443,0.2862958312034607,-0.005153459031134844,0.9857383966445923,0.5358530879020691,0.30846843123435974,1.0671168565750122,0.470398873090744,0.6837208271026611,0.23626789450645447,0.19260558485984802,0.9919907450675964,0.5047134160995483,0.3007095456123352,1.1494807004928589,0.5509243607521057,0.6933417320251465,0.22298626601696014,0.1957942396402359,0.9916794896125793,0.5240867137908936,0.3011589050292969,1.116318702697754,0.5566823482513428,0.6815221905708313,0.22159656882286072,0.211867094039917,0.9902888536453247,0.5446672439575195,0.30414262413978577,1.0656566619873047,0.56809401512146,0.6752616167068481,0.2256975620985031,0.20975525677204132,0.9823958277702332,0.5147978067398071,0.45779335498809814,0.16072027385234833,0.9999692440032959,0.5761944055557251,0.4469321370124817,-0.16165295243263245,0.9999489784240723,0.5759878158569336,0.5263857245445251,0.10444954037666321,0.9838751554489136,0.7038075923919678,0.48510947823524475,-0.16025115549564362,0.9991468191146851,0.6208289861679077,0.6054807901382446,-0.07960803061723709,0.9682514071464539,0.6879690885543823,0.5683137774467468,-0.2916177809238434,0.9960693120956421,0.6190109252929688,0.6197314858436584,-0.0990925133228302,0.9847102761268616,0.6745577454566956,0.5818774700164795,-0.30062878131866455,0.9948943853378296,0.6357282996177673,0.6185922622680664,-0.11688651144504547,0.858487606048584,0.7774510383605957,0.5797549486160278,-0.3010648190975189,0.9763180017471313
General2,48,1,0.6306276917457581,0.3274343013763428,0.4092160761356354,0.9998182654380798,0.618049681186676,0.3220711648464203,0.40515807271003723,0.9998001456260681,0.6148666739463806,0.3219156563282013,0.40511590242385864,0.9997988343238831,0.6115317940711975,0.321785569190979,0.40510156750679016,0.9998435974121094,0.6229420900344849,0.3219791650772095,0.36186647415161133,0.9998370409011841,0.6224649548530579,0.32177507877349854,0.36186403036117554,0.9998534917831421,0.6220743656158447,0.32161498069763184,0.3617713451385498,0.9998657703399658,0.5905721187591553,0.32370856404304504,0.38454413414001465,0.9998025298118591,0.6072813868522644,0.3235752582550049,0.18930070102214813,0.9997575879096985,0.6252120733261108,0.3326137065887451,0.41347336769104004,0.9993523955345154,0.6279581189155579,0.33232834935188293,0.3542117476463318,0.9989396929740906,0.5314135551452637,0.34878215193748474,0.4541715979576111,0.999631404876709,0.6210945844650269,0.34171155095100403,0.010552511550486088,0.9999388456344604,0.5072330236434937,0.32579267024993896,0.80961674451828,0.33847689628601074,0.6871011257171631,0.2968152165412903,-0.005465167108923197,0.9921684861183167,0.499467670917511,0.30667930841445923,1.074032187461853,0.6878189444541931,0.7073201537132263,0.24265851080417633,0.18984048068523407,0.9946604371070862,0.4918920397758484,0.30037540197372437,1.1423910856246948,0.7367326021194458,0.7178688049316406,0.22902530431747437,0.1859097182750702,0.9944782257080078,0.49731871485710144,0.2997105121612549,1.1172168254852295,0.737365186214447,0.7082139253616333,0.22790470719337463,0.19430945813655853,0.9932460188865662,0.5011197924613953,0.30095285177230835,1.0733044147491455,0.7387462854385376,0.6996809840202332,0.2324659377336502,0.2030593454837799,0.987102210521698,0.5253727436065674,0.4628430902957916,0.1678944230079651,0.9999821186065674,0.5820704102516174,0.4549170136451721,-0.16847553849220276,0.9999765157699585,0.591675877571106,0.5286582112312317,0.10062799602746964,0.9815106987953186,0.7074224352836609,0.4837002754211426,-0.23411817848682404,0.9983187913894653,0.6018317937850952,0.611642599105835,0.00770626962184906,0.9623942971229553,0.7283679842948914,0.5727328062057495,-0.3443302810192108,0.9943654537200928,0.5980322360992432,0.6245364546775818,-0.0035374672152101994,0.9812062382698059,0.7126511335372925,0.590269923210144,-0.3545580506324768,0.9941739439964294,0.6035077571868896,0.6243479251861572,-0.043234940618276596,0.8825451135635376,0.8055019378662109,0.5781711339950562,-0.399989515542984,0.9790072441101074
General2,49,1,0.6257399320602417,0.32757216691970825,0.4786854386329651,0.9997926354408264,0.6133690476417542,0.3220876455307007,0.47144922614097595,0.9997568726539612,0.6104767322540283,0.32191717624664307,0.4714123010635376,0.9997889399528503,0.6076221466064453,0.3217485845088959,0.4714125692844391,0.999808132648468,0.6166561841964722,0.32187575101852417,0.429879754781723,0.9997997879981995,0.6161964535713196,0.3215996026992798,0.42989179491996765,0.9998437166213989,0.6156870722770691,0.3213585615158081,0.42980048060417175,0.9998339414596558,0.5882030725479126,0.3232906758785248,0.4355568587779999,0.999790370464325,0.6050717234611511,0.32303720712661743,0.2482544630765915,0.9997588992118835,0.6189574003219604,0.3324365019798279,0.477668434381485,0.9992103576660156,0.6216571927070618,0.33222848176956177,0.4205349087715149,0.9986648559570312,0.533225417137146,0.34906303882598877,0.49336913228034973,0.9996844530105591,0.6212877631187439,0.3431800305843353,0.05670950189232826,0.9999436140060425,0.4990297853946686,0.3270849287509918,0.8372571468353271,0.4114001989364624,0.6879885196685791,0.2967270612716675,0.04836390167474747,0.9925726652145386,0.49964648485183716,0.30729249119758606,1.0921918153762817,0.7686256766319275,0.707066535949707,0.24292366206645966,0.2552526891231537,0.9957347512245178,0.48533815145492554,0.30102530121803284,1.1621556282043457,0.8064431548118591,0.719854474067688,0.2291877418756485,0.2562788724899292,0.9958428740501404,0.49392566084861755,0.2965279817581177,1.140444040298462,0.8067155480384827,0.7103610038757324,0.22844645380973816,0.2669161260128021,0.9949472546577454,0.5013565421104431,0.3022458851337433,1.0937689542770386,0.8016500473022461,0.7021263837814331,0.23253297805786133,0.27057889103889465,0.990064799785614,0.5256590843200684,0.4630739688873291,0.16473506391048431,0.9999865293502808,0.5847348570823669,0.45391228795051575,-0.1654544472694397,0.999981164932251,0.5669137239456177,0.5254525542259216,0.11551057547330856,0.9937160611152649,0.7098262310028076,0.4862307012081146,-0.18833166360855103,0.9991235136985779,0.6014186143875122,0.6106594800949097,-0.026947733014822006,0.9800287485122681,0.7317716479301453,0.571548342704773,-0.32613810896873474,0.9965652823448181,0.5970253348350525,0.6236376762390137,-0.04290315508842468,0.9926053285598755,0.7149884700775146,0.5890561938285828,-0.33841848373413086,0.9971523284912109,0.6037262678146362,0.6240395307540894,-0.07938742637634277,0.8953333497047424,0.8059552311897278,0.5790042281150818,-0.3741995692253113,0.9799702167510986
General2,50,1,0.6175950765609741,0.32683712244033813,0.44282352924346924,0.99982088804245,0.6072924137115479,0.3214060068130493,0.4321841597557068,0.9997977614402771,0.6038732528686523,0.3213385045528412,0.4321324825286865,0.9998074173927307,0.6006771326065063,0.3213135004043579,0.43210771679878235,0.9998422861099243,0.6126962900161743,0.3212050199508667,0.39377766847610474,0.9998213648796082,0.6130239367485046,0.32101601362228394,0.39377012848854065,0.9998480081558228,0.6133095026016235,0.3208664655685425,0.3936631381511688,0.9998564720153809,0.5827401280403137,0.3237202763557434,0.38612693548202515,0.9998144507408142,0.6022898554801941,0.3231387138366699,0.2132336050271988,0.9997575879096985,0.6121298670768738,0.3321593701839447,0.43802785873413086,0.9994105100631714,0.6165711283683777,0.3321133255958557,0.3851889967918396,0.9990400671958923,0.5287854671478271,0.35097819566726685,0.450117826461792,0.9995905756950378,0.6235867738723755,0.34283900260925293,0.024046210572123528,0.9999442100524902,0.4975180923938751,0.3259678781032562,0.8053934574127197,0.38960424065589905,0.6835789084434509,0.29889848828315735,0.016497716307640076,0.9930371642112732,0.5011847019195557,0.3070327639579773,1.0760000944137573,0.7233368754386902,0.7070156335830688,0.24413566291332245,0.21339035034179688,0.994648277759552,0.48523586988449097,0.30017900466918945,1.1466178894042969,0.7672049403190613,0.7180203795433044,0.22969016432762146,0.21066012978553772,0.9943205118179321,0.4910658001899719,0.299784779548645,1.1202698945999146,0.7694146633148193,0.7085791826248169,0.2286253124475479,0.22000734508037567,0.9931451082229614,0.5027441382408142,0.30162814259529114,1.0757906436920166,0.7654990553855896,0.7009629011154175,0.2329460233449936,0.2269955426454544,0.9872007369995117,0.522654116153717,0.4637690484523773,0.16516874730587006,0.9999810457229614,0.5830582976341248,0.45634421706199646,-0.16577868163585663,0.9999779462814331,0.5874117612838745,0.5265461802482605,0.12218629568815231,0.9828544855117798,0.7076904773712158,0.4861394762992859,-0.20680853724479675,0.9986724853515625,0.5977417826652527,0.6104062795639038,0.037446316331624985,0.9660123586654663,0.7300348281860352,0.5722624063491821,-0.31548288464546204,0.9955878257751465,0.5911068320274353,0.6239527463912964,0.02728131040930748,0.9841241240501404,0.7125285863876343,0.5905987620353699,-0.32541030645370483,0.9952998161315918,0.605226457118988,0.6213570833206177,-0.00529523566365242,0.8814430236816406,0.8032568693161011,0.5789546966552734,-0.3666161298751831,0.9800536036491394
General2,51,1,0.6243051886558533,0.33395522832870483,0.233021080493927,0.9998375177383423,0.61676025390625,0.32682162523269653,0.22689759731292725,0.9998745918273926,0.6134276986122131,0.32604286074638367,0.22684814035892487,0.9998632669448853,0.6104847192764282,0.32537174224853516,0.22681470215320587,0.9998834133148193,0.6225119829177856,0.32765036821365356,0.18843460083007812,0.9998863935470581,0.6232241988182068,0.32748842239379883,0.1883992701768875,0.9998944997787476,0.6239869594573975,0.32738932967185974,0.1882912963628769,0.9999017715454102,0.5953578948974609,0.32616114616394043,0.2095896452665329,0.9998433589935303,0.614303469657898,0.3286728858947754,0.037113502621650696,0.9998069405555725,0.6162295937538147,0.3381463289260864,0.23814509809017181,0.9996005892753601,0.6210178732872009,0.3391967713832855,0.18591898679733276,0.9993928670883179,0.5329298973083496,0.3504728376865387,0.3183940052986145,0.9989594221115112,0.6195212006568909,0.35144752264022827,-0.11709495633840561,0.9999128580093384,0.5225521922111511,0.3418278396129608,0.7013601064682007,0.17525212466716766,0.7011511921882629,0.31258130073547363,-0.1216903030872345,0.9951523542404175,0.5575246810913086,0.31709370017051697,0.9197177886962891,0.3953154981136322,0.7360434532165527,0.2594488859176636,0.08966204524040222,0.9942663311958313,0.556790828704834,0.3120812177658081,0.9864864945411682,0.48598915338516235,0.7512632012367249,0.2445404827594757,0.08521346002817154,0.9914118051528931,0.5591192245483398,0.30846482515335083,0.9425581693649292,0.496638685464859,0.7381032109260559,0.24085593223571777,0.09351886063814163,0.9900701642036438,0.5617114901542664,0.31167492270469666,0.9109533429145813,0.4976862370967865,0.7297577261924744,0.24526914954185486,0.10303337126970291,0.9842138290405273,0.5204498767852783,0.46578240394592285,0.16735577583312988,0.9999071359634399,0.5757855772972107,0.4622997045516968,-0.16801492869853973,0.9999129772186279,0.5672745108604431,0.533430814743042,0.09920895099639893,0.972274124622345,0.7154747247695923,0.500598669052124,-0.09989331662654877,0.9989483952522278,0.5759921073913574,0.6131287813186646,0.09254160523414612,0.9625200033187866,0.771877110004425,0.5805510878562927,-0.09798132628202438,0.997403085231781,0.5687528848648071,0.6248241066932678,0.09279270470142365,0.9721674919128418,0.7650401592254639,0.5966018438339233,-0.09709742665290833,0.9961428046226501,0.6027930974960327,0.622937798500061,0.06628291308879852,0.8857491612434387,0.8623061776161194,0.5756890177726746,-0.1348399817943573,0.9843688011169434
General2,52,1,0.624696671962738,0.3321143388748169,0.25492212176322937,0.999909520149231,0.6160300374031067,0.32541853189468384,0.2500392496585846,0.9999309778213501,0.6128107309341431,0.3247436285018921,0.24999870359897614,0.9999250173568726,0.6089990735054016,0.324083149433136,0.24996866285800934,0.9999364614486694,0.621319591999054,0.32621538639068604,0.21200773119926453,0.9999371767044067,0.6217743754386902,0.3261086344718933,0.2119635045528412,0.9999415874481201,0.6223072409629822,0.32607293128967285,0.21185962855815887,0.999946117401123,0.5946795344352722,0.3257278800010681,0.2341478019952774,0.9999121427536011,0.6111478209495544,0.3279573321342468,0.06381581723690033,0.9998898506164551,0.6169381737709045,0.3364204466342926,0.2602005898952484,0.9997319579124451,0.621497631072998,0.33735644817352295,0.2085840255022049,0.9995875954627991,0.5329526662826538,0.35087889432907104,0.34005680680274963,0.9991112351417542,0.6191486716270447,0.35144567489624023,-0.09635192155838013,0.9999208450317383,0.5179997682571411,0.3403306007385254,0.7302734851837158,0.19020259380340576,0.7037659883499146,0.3124603033065796,-0.0974644348025322,0.9956820011138916,0.5349384546279907,0.31805041432380676,0.967644453048706,0.40815645456314087,0.7362018823623657,0.2585955858230591,0.12355522066354752,0.994023859500885,0.5308097004890442,0.31341055035591125,1.0372328758239746,0.4952804148197174,0.7511599063873291,0.24329924583435059,0.12066548317670822,0.9907776117324829,0.5352863073348999,0.3129385709762573,0.9938775897026062,0.5066222548484802,0.7379245758056641,0.23963969945907593,0.1290285885334015,0.9892880916595459,0.5367827415466309,0.31327247619628906,0.9595889449119568,0.5075038075447083,0.7297329902648926,0.24386635422706604,0.13712038099765778,0.9830803871154785,0.5210503935813904,0.4647802412509918,0.16895832121372223,0.9999254941940308,0.5754255056381226,0.4610665738582611,-0.1695900559425354,0.9999231100082397,0.566734790802002,0.533106803894043,0.07571015506982803,0.9747030138969421,0.7161858081817627,0.5002946257591248,-0.10315755754709244,0.9990253448486328,0.5731640458106995,0.6134700775146484,0.05070626735687256,0.9667539596557617,0.7716213464736938,0.5801002979278564,-0.10667145997285843,0.9974961876869202,0.5683625340461731,0.6254858374595642,0.04915733262896538,0.9751071333885193,0.7649929523468018,0.5959155559539795,-0.10668867081403732,0.9961573481559753,0.6048867702484131,0.622617244720459,0.01947443187236786,0.898730456829071,0.8617300987243652,0.5755271315574646,-0.14584612846374512,0.9846871495246887
General2,53,1,0.6224855184555054,0.3314172029495239,0.3105509877204895,0.9999374151229858,0.6128320693969727,0.3248140215873718,0.299479603767395,0.9999521970748901,0.6087015271186829,0.32412850856781006,0.2994422912597656,0.9999507665634155,0.6057623624801636,0.32363447546958923,0.2994118928909302,0.9999555349349976,0.6183398365974426,0.3256257176399231,0.26586857438087463,0.9999551773071289,0.6188008189201355,0.3255579471588135,0.265811026096344,0.9999616146087646,0.6194149255752563,0.325549453496933,0.26569637656211853,0.9999631643295288,0.5901347398757935,0.32542574405670166,0.25791627168655396,0.9999417066574097,0.6091082096099854,0.32749536633491516,0.1069159209728241,0.9999305009841919,0.6145009398460388,0.33558231592178345,0.30675381422042847,0.9998144507408142,0.6192323565483093,0.3364909291267395,0.2606033384799957,0.9997106194496155,0.532829225063324,0.35081589221954346,0.3550943434238434,0.9992750287055969,0.6207185387611389,0.3499715328216553,-0.06151086837053299,0.999948263168335,0.5033706426620483,0.3293575346469879,0.7572774887084961,0.22938744723796844,0.7016353011131287,0.31305357813835144,-0.043020837008953094,0.9949983358383179,0.5172925591468811,0.31626611948013306,1.026077151298523,0.506331205368042,0.7367542386054993,0.2596030831336975,0.18836292624473572,0.994125485420227,0.5125900506973267,0.3114813268184662,1.1002049446105957,0.5918287634849548,0.7497519254684448,0.24397917091846466,0.18969349563121796,0.9915374517440796,0.5163864493370056,0.3111153244972229,1.0576549768447876,0.6012489795684814,0.7382503747940063,0.24071168899536133,0.19697199761867523,0.9901993870735168,0.5187275409698486,0.3119857609272003,1.0198427438735962,0.5894482731819153,0.7306264042854309,0.2451571226119995,0.2020745575428009,0.9843825697898865,0.5196791887283325,0.46489059925079346,0.16640415787696838,0.9999544620513916,0.5782746076583862,0.46128419041633606,-0.16709835827350616,0.9999593496322632,0.5627442002296448,0.5335112810134888,0.09711023420095444,0.9868677854537964,0.7161943912506104,0.5003405213356018,-0.10771873593330383,0.9994819760322571,0.5757840871810913,0.6132658123970032,0.08270879834890366,0.977780282497406,0.7719180583953857,0.580234169960022,-0.11766859889030457,0.998278021812439,0.570874035358429,0.6255132555961609,0.082953080534935,0.9836860299110413,0.7653740048408508,0.5960164666175842,-0.11721184104681015,0.9972240924835205,0.5977943539619446,0.6235754489898682,0.0581127293407917,0.9081153869628906,0.8615084886550903,0.5750993490219116,-0.1535734087228775,0.9862748384475708
General2,54,1,0.6280447840690613,0.33999085426330566,0.2631241977214813,0.999812662601471,0.6188381314277649,0.3330739736557007,0.2431461662054062,0.9998674392700195,0.6154048442840576,0.3324499726295471,0.24311979115009308,0.9998736381530762,0.6121029257774353,0.33200132846832275,0.24305689334869385,0.9998657703399658,0.6268069744110107,0.33409789204597473,0.2189788520336151,0.9998685121536255,0.6281270980834961,0.3340848982334137,0.2190065085887909,0.9998761415481567,0.629638671875,0.33408769965171814,0.21894530951976776,0.999866247177124,0.5972729921340942,0.33402979373931885,0.1913813352584839,0.999850869178772,0.6227134466171265,0.33551424741744995,0.08453666418790817,0.9997802376747131,0.6189595460891724,0.34288832545280457,0.25876277685165405,0.9995554089546204,0.6271010041236877,0.34438055753707886,0.22606727480888367,0.9992738366127014,0.5277730822563171,0.35333383083343506,0.27244776487350464,0.9997627139091492,0.6417984366416931,0.3571981191635132,-0.05403794348239899,0.9999414682388306,0.4984612762928009,0.3374446928501129,0.6008007526397705,0.640106737613678,0.7342369556427002,0.3204483687877655,-0.055398087948560715,0.998977541923523,0.5384650826454163,0.33150535821914673,0.8010072112083435,0.44740092754364014,0.7704965472221375,0.27107733488082886,0.09981998056173325,0.9960221648216248,0.5541223287582397,0.32547727227211,0.8536770343780518,0.4842623174190521,0.7784607410430908,0.2566536068916321,0.08567868173122406,0.9921396374702454,0.5610830187797546,0.32268500328063965,0.8156071901321411,0.49154946208000183,0.7661375999450684,0.2532198429107666,0.09682352840900421,0.9910378456115723,0.5618828535079956,0.32530921697616577,0.7949932217597961,0.4958079755306244,0.7611802816390991,0.25880491733551025,0.11194150894880295,0.9856491088867188,0.5209886431694031,0.46594083309173584,0.13273391127586365,0.999964714050293,0.5831836462020874,0.4633266031742096,-0.13335204124450684,0.9999512434005737,0.5558881759643555,0.537368655204773,0.03859700262546539,0.9891293048858643,0.7162843942642212,0.5077995657920837,-0.02377397008240223,0.9981427192687988,0.5391396284103394,0.6141826510429382,0.02779535762965679,0.9773882031440735,0.7963487505912781,0.5826745629310608,0.017623955383896828,0.9967784285545349,0.5360395312309265,0.6267639398574829,0.029734976589679718,0.9839979410171509,0.7937595844268799,0.5975660681724548,0.023539898917078972,0.996479332447052,0.547527551651001,0.6290902495384216,-0.0010332859819754958,0.8988712430000305,0.8841671943664551,0.567639172077179,8.243163028964773e-05,0.9799041748046875
General2,55,1,0.6321939826011658,0.34060871601104736,0.2620558738708496,0.9998226761817932,0.624315619468689,0.3336949050426483,0.24471911787986755,0.9998729228973389,0.6194484829902649,0.33292365074157715,0.24468471109867096,0.9998792409896851,0.6161683797836304,0.3324012756347656,0.24461659789085388,0.9998701810836792,0.6302882432937622,0.3345733880996704,0.21892210841178894,0.9998756647109985,0.631183385848999,0.33451327681541443,0.2189527004957199,0.9998830556869507,0.6322060227394104,0.3344636559486389,0.2189047485589981,0.9998743534088135,0.5993392467498779,0.33397603034973145,0.20076005160808563,0.9998576641082764,0.6235302686691284,0.335710734128952,0.08673305809497833,0.9997870326042175,0.6225418448448181,0.34361645579338074,0.26016929745674133,0.9995527863502502,0.6301411390304565,0.3449898362159729,0.22535280883312225,0.9992703795433044,0.5273518562316895,0.3535231351852417,0.27876269817352295,0.9997400641441345,0.6411657333374023,0.3571554124355316,-0.04906238242983818,0.9999349117279053,0.49880221486091614,0.3375137746334076,0.6132086515426636,0.5984836220741272,0.7324326634407043,0.32035595178604126,-0.051542386412620544,0.9987504482269287,0.5369130373001099,0.3317040801048279,0.8205987215042114,0.4349328279495239,0.7702025175094604,0.27095097303390503,0.10842027515172958,0.995613694190979,0.5519034266471863,0.32431256771087646,0.8745856881141663,0.47445690631866455,0.775879979133606,0.2565457820892334,0.09581496566534042,0.9918251037597656,0.5581055879592896,0.32150325179100037,0.8380146622657776,0.48087137937545776,0.7657121419906616,0.25331515073776245,0.10749733448028564,0.9907221794128418,0.5535283088684082,0.32573428750038147,0.8152753114700317,0.48766541481018066,0.7609266042709351,0.258914053440094,0.12115903198719025,0.9850929379463196,0.5213887691497803,0.4657532870769501,0.1309349238872528,0.9999617338180542,0.5828379988670349,0.46301907300949097,-0.13155989348888397,0.9999480247497559,0.5559077858924866,0.5370650887489319,0.04413079470396042,0.9881836771965027,0.7157658338546753,0.5077084302902222,-0.02428768016397953,0.9979314804077148,0.5402953028678894,0.6134408116340637,0.03743559867143631,0.9765045642852783,0.7966217994689941,0.5825322866439819,0.018475797027349472,0.9965423941612244,0.534616231918335,0.625796914100647,0.03984248638153076,0.9834384322166443,0.7949999570846558,0.5975006818771362,0.024956777691841125,0.9963274598121643,0.5479363203048706,0.6293163299560547,0.009459307417273521,0.8937917351722717,0.884151816368103,0.5672581791877747,0.002073173178359866,0.9779765009880066
General2,56,1,0.6371558904647827,0.34176552295684814,0.3364596366882324,0.9999356269836426,0.6289209127426147,0.33523112535476685,0.31476902961730957,0.9999520778656006,0.625463604927063,0.33484598994255066,0.3147137761116028,0.9999505281448364,0.6207332015037537,0.3346100449562073,0.3146178424358368,0.9999555349349976,0.6363334059715271,0.33591651916503906,0.29089605808258057,0.9999535083770752,0.63768470287323,0.3358933925628662,0.2909132242202759,0.9999561309814453,0.6392053365707397,0.33595365285873413,0.2908421754837036,0.9999620914459229,0.6079282164573669,0.3382476568222046,0.23737332224845886,0.9999260902404785,0.6320265531539917,0.33850517868995667,0.1310797780752182,0.9999051094055176,0.6288525462150574,0.3463364839553833,0.3208620846271515,0.9997857213020325,0.6356969475746155,0.3469400405883789,0.2884933352470398,0.9996581077575684,0.526320219039917,0.3617895245552063,0.30706071853637695,0.9995889067649841,0.656772792339325,0.36146852374076843,-0.01580880954861641,0.999934196472168,0.5161125659942627,0.37114575505256653,0.6327369809150696,0.4257441759109497,0.7597742080688477,0.33602216839790344,0.0004845577641390264,0.9969882369041443,0.5612680315971375,0.3533160090446472,0.8788212537765503,0.3790130615234375,0.8038384914398193,0.28658634424209595,0.15827445685863495,0.993256688117981,0.5613272190093994,0.3494480848312378,0.9427819848060608,0.39758044481277466,0.8127530217170715,0.2725124955177307,0.14804677665233612,0.9888687133789062,0.571327269077301,0.34627532958984375,0.9139524102210999,0.4000251889228821,0.7960370182991028,0.2674984335899353,0.15626756846904755,0.988103449344635,0.5738531351089478,0.3492344319820404,0.8790914416313171,0.40013882517814636,0.7913019061088562,0.27270543575286865,0.16839748620986938,0.981453537940979,0.5248933434486389,0.4778924286365509,0.12351708859205246,0.9999628067016602,0.5969849228858948,0.47326552867889404,-0.12431927770376205,0.9999700784683228,0.5315684676170349,0.5415968298912048,0.1978471428155899,0.9942564368247986,0.7134724855422974,0.5165522694587708,-0.009513959288597107,0.9986199140548706,0.4984155297279358,0.613397479057312,0.24717488884925842,0.9940417408943176,0.8200573921203613,0.5813050866127014,-0.058411139994859695,0.9983812570571899,0.4970049262046814,0.6247994899749756,0.25737088918685913,0.9936483502388,0.8260650038719177,0.5962010622024536,-0.05960991606116295,0.9970173835754395,0.4958503842353821,0.6242251396179199,0.25077611207962036,0.9705427885055542,0.8983008861541748,0.5641757249832153,-0.07869496941566467,0.9908645749092102
General2,57,1,0.6409670114517212,0.34219276905059814,0.32123953104019165,0.9999291896820068,0.6326199769973755,0.33509689569473267,0.3064958155155182,0.999946117401123,0.6292859315872192,0.3347086012363434,0.30642661452293396,0.9999457597732544,0.6241146922111511,0.3343660533428192,0.30631881952285767,0.9999531507492065,0.6392991542816162,0.3356270492076874,0.2760154902935028,0.9999464750289917,0.6404092311859131,0.3355294466018677,0.27602753043174744,0.9999510049819946,0.6416123509407043,0.3354949653148651,0.2759362757205963,0.9999573230743408,0.6110517978668213,0.33804208040237427,0.2547469437122345,0.9999250173568726,0.6336687207221985,0.33802980184555054,0.11839886009693146,0.999893307685852,0.6334146857261658,0.34668979048728943,0.31421297788619995,0.9997746348381042,0.6390275359153748,0.3470853567123413,0.27301743626594543,0.9996421337127686,0.5294007658958435,0.36227190494537354,0.3318156599998474,0.9995736479759216,0.6536089777946472,0.36219558119773865,-0.02737492136657238,0.9999406337738037,0.5229961276054382,0.37096714973449707,0.671043336391449,0.3842150866985321,0.7583856582641602,0.3363151252269745,-0.040577054023742676,0.996441662311554,0.5622987151145935,0.35395678877830505,0.9311701655387878,0.347682923078537,0.8048417568206787,0.28656747937202454,0.0929497703909874,0.9936677813529968,0.5589122772216797,0.3494418263435364,1.0003409385681152,0.3742799460887909,0.8142402172088623,0.2718124985694885,0.07665298879146576,0.9898019433021545,0.5679851770401001,0.34622323513031006,0.9688147902488708,0.37649455666542053,0.7971028089523315,0.26666194200515747,0.08958616852760315,0.9887405037879944,0.5721873641014099,0.34924930334091187,0.9304542541503906,0.3846466541290283,0.7921611070632935,0.2720743417739868,0.10425085574388504,0.9820554852485657,0.5280759334564209,0.47808149456977844,0.13163313269615173,0.9999529123306274,0.592750072479248,0.47327661514282227,-0.13235034048557281,0.9999650716781616,0.5395819544792175,0.5403980016708374,0.21595890820026398,0.9883325695991516,0.7160489559173584,0.517368733882904,-0.04389820247888565,0.9983184337615967,0.4992362856864929,0.6112600564956665,0.3052186369895935,0.9894089698791504,0.8247381448745728,0.5803765058517456,-0.09084411710500717,0.9979650974273682,0.493520587682724,0.6219784617424011,0.31906718015670776,0.989225447177887,0.8297309875488281,0.5963453650474548,-0.09240428358316422,0.9969460368156433,0.4963896572589874,0.630806028842926,0.312459260225296,0.9573518633842468,0.9072350263595581,0.5641481876373291,-0.12262807041406631,0.9895616173744202
General2,58,1,0.6375597715377808,0.3442557752132416,0.33827951550483704,0.9998511075973511,0.6300212740898132,0.3371639549732208,0.3204928934574127,0.9998894929885864,0.6267265677452087,0.3366386294364929,0.3203970491886139,0.999886155128479,0.6227108240127563,0.336272656917572,0.3202803432941437,0.9999004602432251,0.6373448967933655,0.3379531502723694,0.29449254274368286,0.9998877048492432,0.6389623880386353,0.3378620743751526,0.29451584815979004,0.999890923500061,0.6407442688941956,0.3378443419933319,0.2944260835647583,0.9999058246612549,0.6114641427993774,0.33909279108047485,0.25865858793258667,0.9998348951339722,0.6340327858924866,0.3397766947746277,0.14221805334091187,0.9997642636299133,0.6287258863449097,0.34828394651412964,0.32798388600349426,0.9995704293251038,0.6358537673950195,0.3490053713321686,0.2925945818424225,0.9993323683738708,0.5271956920623779,0.35954493284225464,0.3274346590042114,0.9996498823165894,0.6565760374069214,0.362772673368454,-0.0019146081758663058,0.9999334812164307,0.5136754512786865,0.36532527208328247,0.6450302600860596,0.38540858030319214,0.7603918313980103,0.3356836438179016,-0.0024344611447304487,0.9961391091346741,0.5545525550842285,0.3476946949958801,0.8784894347190857,0.4348756968975067,0.8030219674110413,0.28620389103889465,0.14203962683677673,0.9916352033615112,0.5541478991508484,0.3437168002128601,0.938429594039917,0.46458515524864197,0.8160653114318848,0.27151456475257874,0.1284993439912796,0.9865812063217163,0.56357342004776,0.3403469920158386,0.908754825592041,0.46652284264564514,0.7985799908638,0.26658815145492554,0.1356302797794342,0.9854545593261719,0.5661101341247559,0.3433108925819397,0.8774750828742981,0.4552232325077057,0.7929261326789856,0.2719306945800781,0.1511811912059784,0.9779938459396362,0.5258632898330688,0.47654223442077637,0.1301918774843216,0.9999532699584961,0.5926045179367065,0.4720841646194458,-0.13096247613430023,0.9999659061431885,0.5390456914901733,0.5396100878715515,0.19934405386447906,0.9872188568115234,0.7158147096633911,0.5178278684616089,-0.08247141540050507,0.9981775283813477,0.49927783012390137,0.6114805936813354,0.2674303948879242,0.9885348677635193,0.8242847919464111,0.5833508968353271,-0.15790240466594696,0.997694194316864,0.49652034044265747,0.6228713393211365,0.27821850776672363,0.9874076843261719,0.8276395201683044,0.5988097190856934,-0.16217002272605896,0.9959985017776489,0.4952313303947449,0.6307107210159302,0.2667486369609833,0.9575726985931396,0.8995838165283203,0.5733737945556641,-0.19914981722831726,0.9889041781425476
General2,59,1,0.6308538913726807,0.3413451313972473,0.3650254011154175,0.9999464750289917,0.6239261031150818,0.3351828455924988,0.3444444537162781,0.9999589920043945,0.6201586127281189,0.33539438247680664,0.34439003467559814,0.9999618530273438,0.6163544654846191,0.3357528746128082,0.3442040979862213,0.999964714050293,0.6334071159362793,0.33514437079429626,0.3201635181903839,0.9999593496322632,0.6361240744590759,0.3352315425872803,0.3202013075351715,0.9999629259109497,0.6406736373901367,0.3355022668838501,0.32007333636283875,0.9999663829803467,0.6023394465446472,0.3416155278682709,0.27128347754478455,0.9999489784240723,0.6384113430976868,0.34028536081314087,0.1623019576072693,0.9999233484268188,0.6251784563064575,0.3478047847747803,0.35081416368484497,0.9998205304145813,0.6344404220581055,0.3478204607963562,0.31776338815689087,0.999708354473114,0.5386855602264404,0.3681918680667877,0.3515406847000122,0.9995185136795044,0.6617804765701294,0.3650773763656616,0.00821547582745552,0.9998990297317505,0.5468603372573853,0.368746280670166,0.6893385648727417,0.3021324872970581,0.771020233631134,0.3503899574279785,0.010954774916172028,0.9876604080200195,0.5977669954299927,0.34608203172683716,0.9774214625358582,0.34078893065452576,0.8228223323822021,0.3071950078010559,0.1359439641237259,0.9731745719909668,0.5980166792869568,0.3409762978553772,1.0474146604537964,0.3770085573196411,0.8349637389183044,0.29297491908073425,0.11832454800605774,0.963926374912262,0.6078253984451294,0.33773189783096313,1.016424536705017,0.37948983907699585,0.8226405382156372,0.28858447074890137,0.1314866840839386,0.961498498916626,0.611544132232666,0.3408830165863037,0.9777225852012634,0.38405972719192505,0.8168187141418457,0.2934475839138031,0.1464710831642151,0.9426950812339783,0.5295863747596741,0.4802953898906708,0.13010050356388092,0.9999727010726929,0.5978662967681885,0.47814905643463135,-0.1310189813375473,0.9999785423278809,0.5189003944396973,0.5426498651504517,0.31257039308547974,0.9925832748413086,0.7178647518157959,0.5286040306091309,0.04188765212893486,0.9977839589118958,0.46721965074539185,0.6083129644393921,0.42381560802459717,0.992337167263031,0.8413236141204834,0.5790452361106873,0.023308852687478065,0.9980108141899109,0.4570639431476593,0.6182817220687866,0.44186675548553467,0.9935145378112793,0.850829005241394,0.5936744213104248,0.02724999561905861,0.9972149133682251,0.4629848897457123,0.6203623414039612,0.45033833384513855,0.9571751356124878,0.908737301826477,0.5696018934249878,0.009508664719760418,0.9874410629272461
General2,60,1,0.6314587593078613,0.3412649631500244,0.35588666796684265,0.9999470710754395,0.6246166229248047,0.33518463373184204,0.334553986787796,0.9999608993530273,0.6209111213684082,0.3354306221008301,0.33449727296829224,0.9999642372131348,0.6171671748161316,0.33582812547683716,0.33430689573287964,0.9999659061431885,0.6337386965751648,0.3350135385990143,0.3109597861766815,0.9999624490737915,0.6362391710281372,0.33505743741989136,0.3110039532184601,0.9999668598175049,0.6408112049102783,0.3352961540222168,0.31088197231292725,0.9999691247940063,0.6029383540153503,0.3416915535926819,0.2591644525527954,0.9999556541442871,0.6382076144218445,0.3399087190628052,0.1537025421857834,0.9999336004257202,0.6255735158920288,0.34768879413604736,0.3412598967552185,0.9998235106468201,0.6346389055252075,0.34750300645828247,0.3090992271900177,0.9997051358222961,0.5417627096176147,0.3694416582584381,0.3425854742527008,0.9994495511054993,0.6622647643089294,0.36455923318862915,0.0013375956332311034,0.9998846054077148,0.5583059787750244,0.36824831366539,0.6717708706855774,0.28330671787261963,0.7726550698280334,0.349819540977478,0.00956729706376791,0.9884423613548279,0.6028465628623962,0.3427133858203888,0.9391254782676697,0.3774392604827881,0.8241168856620789,0.30691564083099365,0.13829968869686127,0.9762884378433228,0.6015670299530029,0.337217777967453,1.0067415237426758,0.42014262080192566,0.8363526463508606,0.2926502227783203,0.12042626738548279,0.967804491519928,0.6106370687484741,0.33366405963897705,0.9774802327156067,0.4211373031139374,0.8249132633209229,0.28836265206336975,0.13371510803699493,0.9654321670532227,0.6149601936340332,0.3370501399040222,0.9398667812347412,0.4164395332336426,0.8185825943946838,0.29303407669067383,0.14919812977313995,0.9475858807563782,0.5307581424713135,0.480234295129776,0.12714025378227234,0.9999758005142212,0.5985090136528015,0.47817498445510864,-0.12811069190502167,0.999976634979248,0.5201049447059631,0.5427823662757874,0.278644323348999,0.9953879714012146,0.7192034721374512,0.5288094282150269,0.07126396149396896,0.9980304837226868,0.4673956036567688,0.6085982918739319,0.3714398443698883,0.9925110340118408,0.8426270484924316,0.5792539119720459,0.08178289979696274,0.9979331493377686,0.4586130976676941,0.6185423135757446,0.388245165348053,0.9943769574165344,0.8517583608627319,0.5943087339401245,0.08929639309644699,0.9973256587982178,0.4573040008544922,0.6208468675613403,0.39322954416275024,0.9481605887413025,0.9128198027610779,0.5637306571006775,0.0763840302824974,0.9841082096099854
General2,61,1,0.6369577646255493,0.3412624001502991,0.35952526330947876,0.999909520149231,0.628411054611206,0.33463871479034424,0.34506741166114807,0.9999328851699829,0.6259479522705078,0.33481326699256897,0.3449682295322418,0.9999350309371948,0.6234581470489502,0.3351317346096039,0.34475985169410706,0.9999452829360962,0.6351929306983948,0.3347463607788086,0.315213680267334,0.9999350309371948,0.6366769671440125,0.33486634492874146,0.3152221739292145,0.9999401569366455,0.6385133266448975,0.33509600162506104,0.31506651639938354,0.9999500513076782,0.607958972454071,0.34077244997024536,0.289910227060318,0.9999172687530518,0.6335809230804443,0.33949726819992065,0.1562417447566986,0.9998815059661865,0.6313052177429199,0.34742558002471924,0.3503088355064392,0.9997445940971375,0.6374250054359436,0.3475700616836548,0.31008169054985046,0.9996060729026794,0.54497230052948,0.36965346336364746,0.37851592898368835,0.9992082715034485,0.653127908706665,0.3648660480976105,-0.0008255456341430545,0.9998509883880615,0.5766342878341675,0.36569637060165405,0.698563277721405,0.1830746978521347,0.766526460647583,0.35014769434928894,-0.021001119166612625,0.9757236242294312,0.6186350584030151,0.3440401554107666,0.9627752304077148,0.328603059053421,0.8237915635108948,0.3074374496936798,0.0823340117931366,0.959048330783844,0.6167656779289246,0.3391094207763672,1.027604103088379,0.3794671893119812,0.8352910876274109,0.29252928495407104,0.05738914757966995,0.9512040019035339,0.623565673828125,0.3358776569366455,0.9971485733985901,0.3809964656829834,0.8238467574119568,0.28842592239379883,0.06571216136217117,0.9472683668136597,0.6278226375579834,0.3388324975967407,0.9613553285598755,0.3819591701030731,0.8179387450218201,0.2930516004562378,0.08977778255939484,0.9239705801010132,0.5332168340682983,0.4794192314147949,0.13861103355884552,0.9999650716781616,0.597175657749176,0.47723400592803955,-0.13933603465557098,0.9999743700027466,0.5228286981582642,0.5443848967552185,0.29293110966682434,0.9894445538520813,0.7146323919296265,0.525868833065033,-0.05492420494556427,0.997614860534668,0.460784912109375,0.6099740266799927,0.40560364723205566,0.9905845522880554,0.8444268703460693,0.5789943337440491,-0.10891604423522949,0.9978469610214233,0.45661264657974243,0.6195518374443054,0.4213862419128418,0.9910032749176025,0.8540584444999695,0.5933823585510254,-0.11079157888889313,0.996702253818512,0.46515291929244995,0.6230884790420532,0.40741392970085144,0.9603354334831238,0.912510097026825,0.5621906518936157,-0.1606156975030899,0.9889664053916931
General2,62,1,0.647220253944397,0.341627836227417,0.2743396759033203,0.9991600513458252,0.6425437331199646,0.33490946888923645,0.24176280200481415,0.9995715022087097,0.6395226120948792,0.33488449454307556,0.2416267693042755,0.9995504021644592,0.6364948749542236,0.33503180742263794,0.24141180515289307,0.9996552467346191,0.6492445468902588,0.33540230989456177,0.2187705636024475,0.9994723200798035,0.6507741808891296,0.335551917552948,0.21869832277297974,0.999451220035553,0.6524800062179565,0.33590343594551086,0.2185211032629013,0.9995617270469666,0.622963547706604,0.3393591344356537,0.13158030807971954,0.9995152950286865,0.6526625156402588,0.34036171436309814,0.02715708501636982,0.9991700649261475,0.6403871774673462,0.3475027084350586,0.24488389492034912,0.9991937279701233,0.6465069055557251,0.3477708399295807,0.21438129246234894,0.999047577381134,0.544758677482605,0.3720064163208008,0.19895637035369873,0.9971530437469482,0.6848613023757935,0.36757612228393555,-0.14024698734283447,0.9997000694274902,0.5160848498344421,0.41671350598335266,0.3809358477592468,0.48720863461494446,0.8005257844924927,0.36420923471450806,-0.26956304907798767,0.9927646517753601,0.4997573494911194,0.42700907588005066,0.5452693700790405,0.13916362822055817,0.8503732681274414,0.34136855602264404,-0.34718814492225647,0.9701225757598877,0.49214303493499756,0.43193188309669495,0.5884466767311096,0.14271293580532074,0.864091694355011,0.32428234815597534,-0.40304526686668396,0.9523868560791016,0.5031287670135498,0.4300253093242645,0.5456570982933044,0.1449332982301712,0.8547065854072571,0.323600172996521,-0.37875667214393616,0.952009379863739,0.5101242661476135,0.42859214544296265,0.5362096428871155,0.1426413506269455,0.8465763330459595,0.33259934186935425,-0.3418087363243103,0.9310760498046875,0.5217145085334778,0.4745889902114868,0.13459476828575134,0.9995983242988586,0.596716582775116,0.4794231951236725,-0.13481375575065613,0.999763548374176,0.5146157145500183,0.5521659255027771,0.2760756015777588,0.9765224456787109,0.7230384349822998,0.5355435609817505,-0.04207734763622284,0.9968146681785583,0.4263927638530731,0.60748291015625,0.3920784592628479,0.988439679145813,0.858837902545929,0.5841382741928101,-0.08552362024784088,0.9969425797462463,0.4158063530921936,0.6171474456787109,0.4043734073638916,0.9824902415275574,0.8731918334960938,0.5982815623283386,-0.08865025639533997,0.9941284656524658,0.42334866523742676,0.6206145286560059,0.36538445949554443,0.9807277917861938,0.9190142750740051,0.5692025423049927,-0.15068745613098145,0.9941639304161072
General2,63,1,0.6488738059997559,0.3418990969657898,0.27163487672805786,0.9993089437484741,0.6441736221313477,0.33538419008255005,0.24263016879558563,0.9996525049209595,0.6411169767379761,0.33533355593681335,0.24249225854873657,0.9996323585510254,0.6380513906478882,0.3354540467262268,0.24229396879673004,0.9997188448905945,0.650822639465332,0.3358842432498932,0.21710817515850067,0.99955815076828,0.6522993445396423,0.3360223174095154,0.21702754497528076,0.999529242515564,0.6539562344551086,0.33636078238487244,0.21686232089996338,0.9996121525764465,0.623320460319519,0.339530348777771,0.14457060396671295,0.9995788931846619,0.6535729169845581,0.34058666229248047,0.029030080884695053,0.9992819428443909,0.6415435075759888,0.3475591242313385,0.24649062752723694,0.9992929697036743,0.6477906107902527,0.34781867265701294,0.21280980110168457,0.9991555213928223,0.5443392992019653,0.37151598930358887,0.21373343467712402,0.9974385499954224,0.6851043701171875,0.3672719895839691,-0.14015021920204163,0.9996790885925293,0.5163728594779968,0.41683340072631836,0.3654656708240509,0.5511025786399841,0.8009997606277466,0.3639867603778839,-0.26347240805625916,0.9925341606140137,0.4937615394592285,0.433831125497818,0.49316057562828064,0.17505282163619995,0.8475484848022461,0.34018611907958984,-0.31299006938934326,0.9654008150100708,0.4856407046318054,0.43917742371559143,0.5311405062675476,0.17279337346553802,0.863296389579773,0.32364583015441895,-0.36666783690452576,0.9432717561721802,0.495302677154541,0.43782293796539307,0.48744869232177734,0.17535372078418732,0.8540776968002319,0.3231191635131836,-0.33975738286972046,0.9421939253807068,0.5019282102584839,0.43619102239608765,0.48217931389808655,0.1696043610572815,0.8439025282859802,0.3311726152896881,-0.3062410056591034,0.9209343791007996,0.5219507217407227,0.47487083077430725,0.13943371176719666,0.9996740818023682,0.5960091352462769,0.47922420501708984,-0.13967493176460266,0.9997896552085876,0.5161091685295105,0.551673412322998,0.25266265869140625,0.9779992699623108,0.7234598994255066,0.5359649062156677,-0.05071215331554413,0.9970388412475586,0.42929917573928833,0.6046351194381714,0.35799747705459595,0.9893619418144226,0.858740508556366,0.5860439538955688,-0.09841901808977127,0.9971328973770142,0.4169521927833557,0.6161033511161804,0.36930859088897705,0.9835565090179443,0.8715890645980835,0.6023428440093994,-0.10220807790756226,0.9945882558822632,0.42102134227752686,0.6195660829544067,0.32547712326049805,0.9825776219367981,0.925184965133667,0.5718491673469543,-0.1667133867740631,0.9944695234298706
General2,64,1,0.6446945667266846,0.34058189392089844,0.2781553864479065,0.9991734623908997,0.6416091322898865,0.3340708017349243,0.2502857744693756,0.9995891451835632,0.6394084692001343,0.3342030346393585,0.25014206767082214,0.9995800852775574,0.6372786164283752,0.3345019817352295,0.2499215006828308,0.9996727705001831,0.6467140316963196,0.33446013927459717,0.22413240373134613,0.9994431138038635,0.6478918194770813,0.334687739610672,0.22406084835529327,0.9994022846221924,0.649239182472229,0.3350944519042969,0.2238893359899521,0.9994933605194092,0.6260421276092529,0.3395015597343445,0.1538400650024414,0.9995718598365784,0.6489288806915283,0.33965936303138733,0.03411513939499855,0.9991151690483093,0.6392531991004944,0.34682849049568176,0.2529858648777008,0.9991790652275085,0.6440166234970093,0.3469877243041992,0.21794578433036804,0.998944103717804,0.5451707243919373,0.37238529324531555,0.21793514490127563,0.9971471428871155,0.681804895401001,0.36726588010787964,-0.14339348673820496,0.9995648264884949,0.5116431713104248,0.4211568832397461,0.3463057279586792,0.5507620573043823,0.7964706420898438,0.3652949929237366,-0.33516329526901245,0.9918760061264038,0.4838673770427704,0.4544224143028259,0.4587261378765106,0.21642149984836578,0.8606841564178467,0.34625327587127686,-0.47482797503471375,0.9672247767448425,0.4736020565032959,0.4521346688270569,0.49259114265441895,0.2081747204065323,0.8671919107437134,0.3309417963027954,-0.5411478877067566,0.9483397006988525,0.4822956621646881,0.45105090737342834,0.451276957988739,0.20846308767795563,0.8587754368782043,0.3254823684692383,-0.5095334053039551,0.9477725625038147,0.48908692598342896,0.4484700560569763,0.44810909032821655,0.19674095511436462,0.8616914749145508,0.33720266819000244,-0.4687242805957794,0.9240920543670654,0.5244420766830444,0.4752795994281769,0.14013835787773132,0.9996076226234436,0.5987001657485962,0.47961220145225525,-0.14038866758346558,0.9996949434280396,0.5136323571205139,0.5535820722579956,0.2488754540681839,0.9818601012229919,0.7251385450363159,0.5343487858772278,-0.011041739024221897,0.9963447451591492,0.4256671369075775,0.6089369058609009,0.3847702145576477,0.9879601001739502,0.8596398830413818,0.5840938091278076,0.010019466280937195,0.9962853193283081,0.41903921961784363,0.6186560988426208,0.3988252580165863,0.9839995503425598,0.8724144101142883,0.6014824509620667,0.013282595202326775,0.993448793888092,0.41156136989593506,0.6219749450683594,0.3475154638290405,0.9744924306869507,0.9231740236282349,0.5669795274734497,-0.050984226167201996,0.9909294247627258
General2,65,1,0.6595597863197327,0.34814760088920593,0.2357669621706009,0.9997333884239197,0.6574280858039856,0.34288743138313293,0.20990826189517975,0.999861478805542,0.6552298665046692,0.34276407957077026,0.2097962498664856,0.9998536109924316,0.6515545845031738,0.34239649772644043,0.20968613028526306,0.9998581409454346,0.6622158885002136,0.343000590801239,0.18235929310321808,0.9997854828834534,0.6630790829658508,0.34279534220695496,0.1822250485420227,0.999758780002594,0.6646629571914673,0.34285256266593933,0.18202854692935944,0.9997259974479675,0.6429382562637329,0.34542346000671387,0.12620249390602112,0.9997699856758118,0.6621048450469971,0.3446558713912964,-0.007422683760523796,0.9996531009674072,0.6520850658416748,0.3530510365962982,0.2134668380022049,0.9998044371604919,0.6599160432815552,0.3530195653438568,0.17483115196228027,0.9998248219490051,0.5584774017333984,0.37597978115081787,0.15542440116405487,0.999231219291687,0.6878437995910645,0.37209299206733704,-0.16722340881824493,0.9998409748077393,0.49361109733581543,0.4193909466266632,0.14713449776172638,0.831705629825592,0.7982105016708374,0.370183527469635,-0.4316284656524658,0.9863463044166565,0.4185352027416229,0.45955291390419006,0.11173048615455627,0.7246460318565369,0.8341621160507202,0.36008894443511963,-0.6221515536308289,0.9471138119697571,0.38588422536849976,0.4690561592578888,0.11477640271186829,0.673518180847168,0.8477193117141724,0.3591700792312622,-0.6935619711875916,0.9140880703926086,0.38487324118614197,0.4681882858276367,0.07028976082801819,0.6686581373214722,0.8423794507980347,0.35181593894958496,-0.6517927646636963,0.9094775319099426,0.39882975816726685,0.46582624316215515,0.0948294922709465,0.6112574934959412,0.8373225927352905,0.35929521918296814,-0.613372802734375,0.8822498321533203,0.5362542271614075,0.4764518439769745,0.1381353735923767,0.999924898147583,0.5993525385856628,0.48133641481399536,-0.1384541094303131,0.9999631643295288,0.4959346354007721,0.5533393621444702,0.2759741246700287,0.9934707880020142,0.7102579474449158,0.5295288562774658,-0.19942818582057953,0.9988232254981995,0.393782377243042,0.6007561683654785,0.44348248839378357,0.9967141151428223,0.856722891330719,0.5904557704925537,-0.2278033345937729,0.9986244440078735,0.37785395979881287,0.6080571413040161,0.4586142599582672,0.994276225566864,0.8675678372383118,0.6071036458015442,-0.23304502665996552,0.9965492486953735,0.37027037143707275,0.6159935593605042,0.37523746490478516,0.9881750345230103,0.9205490350723267,0.5693544149398804,-0.35808882117271423,0.9951901435852051
General2,66,1,0.6564556956291199,0.3476518392562866,0.2329258769750595,0.999679446220398,0.6540375351905823,0.3424188792705536,0.20541726052761078,0.9998294115066528,0.6504080295562744,0.34198838472366333,0.20530511438846588,0.9998157620429993,0.6487296223640442,0.34213435649871826,0.20518867671489716,0.9998230338096619,0.6588001251220703,0.34240490198135376,0.17924648523330688,0.999738872051239,0.6597400903701782,0.3421807289123535,0.17910398542881012,0.9996979236602783,0.660580575466156,0.34200865030288696,0.17889566719532013,0.9996651411056519,0.634965181350708,0.34425926208496094,0.11510083079338074,0.9997010231018066,0.6591673493385315,0.3440963625907898,-0.012644418515264988,0.9995675683021545,0.6491633653640747,0.3526275157928467,0.20819880068302155,0.9997746348381042,0.6570922136306763,0.35237637162208557,0.17137426137924194,0.9998031258583069,0.5578199028968811,0.37583839893341064,0.14083223044872284,0.9991917014122009,0.6863648891448975,0.37239208817481995,-0.17266304790973663,0.9998437166213989,0.49357616901397705,0.4192850589752197,0.12161240726709366,0.8222519755363464,0.7982208728790283,0.3704824149608612,-0.4451856017112732,0.9851809740066528,0.41883790493011475,0.4595169126987457,0.08154242485761642,0.7135835289955139,0.8321525454521179,0.359514981508255,-0.6504403352737427,0.9443081021308899,0.3858424425125122,0.4690183699131012,0.08291158080101013,0.6643919944763184,0.8452288508415222,0.3581562936306,-0.7248556017875671,0.9127647876739502,0.38464245200157166,0.4679701626300812,0.039621297270059586,0.6593513488769531,0.8424092531204224,0.3575795888900757,-0.6825441718101501,0.9078274369239807,0.3986716866493225,0.4655875861644745,0.06485047936439514,0.6033706068992615,0.8347560167312622,0.3584386110305786,-0.642254114151001,0.8798304796218872,0.5369217991828918,0.47604766488075256,0.13874411582946777,0.9999135732650757,0.5979942679405212,0.48135271668434143,-0.139012411236763,0.999964714050293,0.495929092168808,0.5532394647598267,0.3006972670555115,0.9906848073005676,0.7100629806518555,0.5290574431419373,-0.21805374324321747,0.9986489415168762,0.3936504125595093,0.6003525853157043,0.4848431944847107,0.9962621331214905,0.8553595542907715,0.5912860035896301,-0.2458193451166153,0.9986562728881836,0.3772108554840088,0.6077073812484741,0.5016335248947144,0.9932889342308044,0.8664135932922363,0.6079109311103821,-0.25129443407058716,0.9965083003044128,0.36884745955467224,0.6143370866775513,0.4207042455673218,0.9883639812469482,0.9207819700241089,0.5705687999725342,-0.38085120916366577,0.9957212209701538
General2,67,1,0.6526475548744202,0.3461664319038391,0.18693587183952332,0.9996151924133301,0.6492556929588318,0.3408094048500061,0.15965083241462708,0.9997193217277527,0.6470162272453308,0.34091663360595703,0.15946064889431,0.999757707118988,0.6447057127952576,0.34108325839042664,0.1593421995639801,0.9997811913490295,0.6559033393859863,0.34110915660858154,0.12882354855537415,0.9996249675750732,0.6578992009162903,0.3413897454738617,0.12878403067588806,0.9996415376663208,0.6602252125740051,0.34177783131599426,0.12864327430725098,0.9996410608291626,0.6332043409347534,0.3454843759536743,0.07911081612110138,0.9996004700660706,0.6621482968330383,0.34686851501464844,-0.06429950892925262,0.9994244575500488,0.646753191947937,0.3532581925392151,0.1673220694065094,0.9995829463005066,0.6537996530532837,0.3531321883201599,0.12590903043746948,0.999502420425415,0.5658062100410461,0.37894225120544434,0.12276705354452133,0.999502420425415,0.6946483850479126,0.37846866250038147,-0.20693019032478333,0.999821126461029,0.47115713357925415,0.4161282777786255,0.13171333074569702,0.9738280177116394,0.8150980472564697,0.39899539947509766,-0.35441750288009644,0.9986585378646851,0.38533997535705566,0.4387763738632202,0.06902994960546494,0.8689549565315247,0.8845376968383789,0.3695772588253021,-0.4309108257293701,0.9882820248603821,0.3552975654602051,0.44500958919525146,0.05948998034000397,0.8031184077262878,0.9144474267959595,0.3658421039581299,-0.49267593026161194,0.9743219614028931,0.3532964587211609,0.4420221745967865,0.035671036690473557,0.7978441119194031,0.9076676964759827,0.35770702362060547,-0.46823766827583313,0.9740210175514221,0.36529335379600525,0.4415976405143738,0.060176242142915726,0.7189237475395203,0.8944306373596191,0.35866019129753113,-0.4246271550655365,0.9577763080596924,0.564984917640686,0.4826168417930603,0.14295156300067902,0.9995643496513367,0.6106060743331909,0.4868062138557434,-0.14333972334861755,0.9996488094329834,0.500708281993866,0.5525144338607788,0.28318068385124207,0.9879792928695679,0.7341575026512146,0.539695680141449,-0.02578163333237171,0.9970178604125977,0.3733128607273102,0.5942066311836243,0.45926934480667114,0.9911200404167175,0.855789065361023,0.596691370010376,0.044830095022916794,0.9957002401351929,0.35843002796173096,0.6036863327026367,0.478114515542984,0.9920095205307007,0.867556095123291,0.6093584895133972,0.05307112634181976,0.9946022629737854,0.3710539638996124,0.6130783557891846,0.4333378076553345,0.9734563231468201,0.9309356808662415,0.5788899660110474,-0.012452943250536919,0.9871426820755005
General2,68,1,0.6523451209068298,0.3463006913661957,0.16159452497959137,0.9997050166130066,0.6497896909713745,0.34095051884651184,0.1307019591331482,0.9997841715812683,0.6480085849761963,0.3409998416900635,0.130517840385437,0.999817430973053,0.6461791396141052,0.3411142826080322,0.13042530417442322,0.9998276233673096,0.65533447265625,0.34141767024993896,0.10353261232376099,0.9997133612632751,0.6569399237632751,0.34172511100769043,0.10351219773292542,0.9997275471687317,0.6588146686553955,0.3421328663825989,0.10339673608541489,0.9997263550758362,0.6355061531066895,0.3454645276069641,0.04431796446442604,0.999721348285675,0.6592376232147217,0.3472537398338318,-0.08320076018571854,0.9995600581169128,0.6463501453399658,0.3532065153121948,0.1406325250864029,0.999700665473938,0.651760995388031,0.35315200686454773,0.10383324325084686,0.9996210336685181,0.5693485736846924,0.3782566487789154,0.087392158806324,0.9996067881584167,0.6961001753807068,0.38031232357025146,-0.216805100440979,0.9998452663421631,0.4703129529953003,0.41646111011505127,0.08821562677621841,0.9792985916137695,0.814995288848877,0.40020331740379333,-0.38355618715286255,0.9988312125205994,0.3859497010707855,0.4387379288673401,0.01851033791899681,0.8833745718002319,0.8905887603759766,0.37126970291137695,-0.5011581778526306,0.9878963232040405,0.35536062717437744,0.44422250986099243,0.007304099388420582,0.8163245320320129,0.9228264093399048,0.36844930052757263,-0.5682700872421265,0.9739701151847839,0.35318416357040405,0.4411871135234833,-0.01815124601125717,0.8120379447937012,0.910426139831543,0.358658105134964,-0.5412325859069824,0.9732491970062256,0.35962975025177,0.4407093822956085,0.009753530845046043,0.7364031076431274,0.8958327770233154,0.3594123125076294,-0.49463334679603577,0.9558348059654236,0.565974235534668,0.4819517731666565,0.14092384278774261,0.9992808699607849,0.606853723526001,0.4878212511539459,-0.1411828100681305,0.9995530247688293,0.4783135652542114,0.5428692698478699,0.2491985261440277,0.9804816842079163,0.7319085001945496,0.5384031534194946,-0.04604721814393997,0.9975835084915161,0.37465885281562805,0.5927907228469849,0.3952045142650604,0.9878688454627991,0.8553851246833801,0.5997568368911743,0.001848123618401587,0.9963852167129517,0.360120952129364,0.6021268367767334,0.41059282422065735,0.9896306395530701,0.864933967590332,0.6134815216064453,0.006586946081370115,0.994604766368866,0.3830995261669159,0.6109983325004578,0.37001821398735046,0.9722883105278015,0.9282894730567932,0.5831153988838196,-0.0577717199921608,0.9894283413887024
General2,69,1,0.6544255614280701,0.3448649048805237,0.12832431495189667,0.9998390674591064,0.6496984362602234,0.3396225571632385,0.09562588483095169,0.9998807907104492,0.6464606523513794,0.33961784839630127,0.09542998671531677,0.9998959302902222,0.6431633830070496,0.339657187461853,0.09532040357589722,0.9999011754989624,0.6592391729354858,0.34048932790756226,0.06736241281032562,0.9998503923416138,0.6620034575462341,0.34100422263145447,0.06725512444972992,0.9998615980148315,0.6649827361106873,0.34159958362579346,0.06708221882581711,0.9998573064804077,0.6312514543533325,0.34458908438682556,0.008191680535674095,0.9997995495796204,0.6658177971839905,0.34721440076828003,-0.12407355010509491,0.9997580647468567,0.6458166241645813,0.3518174886703491,0.10830216854810715,0.9998238682746887,0.656019926071167,0.3521830439567566,0.06988424062728882,0.9997891783714294,0.5612562894821167,0.3790273070335388,0.07534275949001312,0.999545156955719,0.6973717212677002,0.3803032338619232,-0.2489539235830307,0.9998705387115479,0.475181519985199,0.4169914424419403,0.12334489077329636,0.9400635361671448,0.8118048906326294,0.40072721242904663,-0.38125166296958923,0.9963435530662537,0.3918375074863434,0.4383459985256195,0.06544165313243866,0.8598712086677551,0.8772993683815002,0.3674294948577881,-0.4308968186378479,0.9878532886505127,0.3556210994720459,0.4446982443332672,0.0558355450630188,0.8242689371109009,0.908836305141449,0.3625929355621338,-0.48652589321136475,0.9780529737472534,0.35314565896987915,0.4419553875923157,0.02648373506963253,0.8208221793174744,0.8969961404800415,0.3563289940357208,-0.46820148825645447,0.9781078696250916,0.36526674032211304,0.4410707354545593,0.05490624159574509,0.7419539093971252,0.8881542682647705,0.35791873931884766,-0.4256046712398529,0.9638796448707581,0.5585715770721436,0.48523926734924316,0.13668206334114075,0.9997684359550476,0.6193309426307678,0.490292489528656,-0.13730591535568237,0.9998713731765747,0.5011890530586243,0.5515732765197754,0.39275071024894714,0.9944599866867065,0.7391695976257324,0.5389687418937683,0.03030896559357643,0.9976345300674438,0.3741316497325897,0.5927056074142456,0.6540776491165161,0.9937974810600281,0.8573209047317505,0.5966715812683105,0.13936950266361237,0.9963175058364868,0.36065489053726196,0.6045870780944824,0.6825854182243347,0.9945107698440552,0.8670190572738647,0.6098653078079224,0.15247103571891785,0.9956218600273132,0.3663496971130371,0.6124668717384338,0.6403589248657227,0.9757978320121765,0.9322677850723267,0.5786668658256531,0.08170314133167267,0.9883544445037842
General2,70,1,0.6617527604103088,0.3477867841720581,0.1537913978099823,0.9998449087142944,0.6578148603439331,0.34214460849761963,0.11825689673423767,0.9998784065246582,0.6534335613250732,0.341946542263031,0.11804623901844025,0.9998857975006104,0.6501005291938782,0.34191301465034485,0.11796540021896362,0.9999037981033325,0.6673661470413208,0.34300512075424194,0.09428849071264267,0.9998562335968018,0.6700161099433899,0.34345221519470215,0.0942034050822258,0.9998511075973511,0.6739792823791504,0.3441150188446045,0.09402639418840408,0.9998444318771362,0.6391909718513489,0.3458806872367859,0.01104543637484312,0.9998040795326233,0.6760151982307434,0.34952425956726074,-0.10376416146755219,0.999697208404541,0.6520287990570068,0.35460811853408813,0.12494122982025146,0.9998190999031067,0.6642082929611206,0.35517340898513794,0.09155885875225067,0.9997759461402893,0.56794673204422,0.3809239864349365,0.03530936315655708,0.9996927976608276,0.704956591129303,0.3878673017024994,-0.22187820076942444,0.9997143149375916,0.4670093059539795,0.40742942690849304,0.01823035441339016,0.9898433685302734,0.8036786317825317,0.41937240958213806,-0.41422179341316223,0.9951817393302917,0.3510700762271881,0.4129411578178406,-0.08772201836109161,0.9815652966499329,0.8810213804244995,0.3947267532348633,-0.5521841049194336,0.970173716545105,0.30789127945899963,0.41327834129333496,-0.10923652350902557,0.9689396023750305,0.9117355346679688,0.39931419491767883,-0.6135296821594238,0.9483413100242615,0.3118549585342407,0.4098277688026428,-0.13182510435581207,0.9679874181747437,0.9049258232116699,0.39031893014907837,-0.5856369733810425,0.9477299451828003,0.32883450388908386,0.4105548560619354,-0.09543485939502716,0.9385393857955933,0.8931910991668701,0.3909439146518707,-0.5452502965927124,0.9185651540756226,0.5646381974220276,0.48164892196655273,0.13593144714832306,0.9995864033699036,0.6305190920829773,0.4881598949432373,-0.13668124377727509,0.9997778534889221,0.49864834547042847,0.5485745072364807,0.2914254665374756,0.994722843170166,0.7335588932037354,0.5406749844551086,-0.08419284224510193,0.997972309589386,0.3560066223144531,0.5928454995155334,0.48346132040023804,0.995776891708374,0.8376674652099609,0.6065552234649658,-0.06110888719558716,0.9972008466720581,0.3365821838378906,0.5984386801719666,0.5027531981468201,0.9947994947433472,0.8416240811347961,0.6193928718566895,-0.060007624328136444,0.9950419664382935,0.36039191484451294,0.6190916299819946,0.44681230187416077,0.9803493022918701,0.9290269613265991,0.5991870164871216,-0.13627131283283234,0.9888455271720886
General2,71,1,0.661711573600769,0.34748315811157227,0.15598583221435547,0.9998574256896973,0.6580579876899719,0.34185662865638733,0.11961596459150314,0.9998915195465088,0.6538794040679932,0.3416598439216614,0.11940798163414001,0.9998990297317505,0.6506513357162476,0.3416280150413513,0.11932634562253952,0.9999134540557861,0.6673251986503601,0.34274229407310486,0.09636387228965759,0.9998712539672852,0.6699463725090027,0.3431987166404724,0.09627629071474075,0.9998675584793091,0.6738539934158325,0.34386804699897766,0.09610486775636673,0.9998599290847778,0.6397998332977295,0.34572356939315796,0.009881393052637577,0.9998273253440857,0.6759661436080933,0.3493380546569824,-0.10172656178474426,0.9997308850288391,0.6522115468978882,0.3543001413345337,0.12644782662391663,0.9998317956924438,0.664063036441803,0.3549008369445801,0.09397866576910019,0.9997900128364563,0.5675657987594604,0.3807032108306885,0.03295716643333435,0.9997130036354065,0.7053630352020264,0.3878120183944702,-0.21680055558681488,0.9997239708900452,0.46787187457084656,0.40725618600845337,0.016298746690154076,0.9896115064620972,0.803768515586853,0.41924190521240234,-0.40349140763282776,0.9950423240661621,0.35121822357177734,0.4131621718406677,-0.09177130460739136,0.9818521738052368,0.8839921951293945,0.39123785495758057,-0.5351533889770508,0.9711797833442688,0.30830156803131104,0.41333985328674316,-0.11295070499181747,0.9694960117340088,0.9126040935516357,0.3970574736595154,-0.5951863527297974,0.9497649669647217,0.3116416335105896,0.4099307358264923,-0.13613997399806976,0.9685924053192139,0.905447781085968,0.38798096776008606,-0.5669196248054504,0.9491668939590454,0.3283357620239258,0.4107750952243805,-0.09950719028711319,0.939594030380249,0.8933948278427124,0.38872432708740234,-0.5278198719024658,0.9205061197280884,0.5639147162437439,0.48167872428894043,0.1334124207496643,0.999613344669342,0.6308276057243347,0.4879346489906311,-0.134176105260849,0.9997997879981995,0.49896499514579773,0.5483943223953247,0.2938089668750763,0.995254635810852,0.7334020137786865,0.5407940745353699,-0.08551326394081116,0.9980831146240234,0.3564949035644531,0.5925576090812683,0.4893694519996643,0.9959112405776978,0.8377326130867004,0.6066442728042603,-0.0627046674489975,0.9972487092018127,0.33723631501197815,0.5983673334121704,0.5090692639350891,0.9949181079864502,0.8421958088874817,0.6194804310798645,-0.06158529594540596,0.9950062036514282,0.360931396484375,0.6188026666641235,0.4540863633155823,0.9800549745559692,0.9282317161560059,0.5987381339073181,-0.13714516162872314,0.9887661337852478
General2,72,1,0.6597586274147034,0.3481599688529968,0.17135396599769592,0.9998599290847778,0.6546075344085693,0.3423883616924286,0.1353166103363037,0.999893307685852,0.6513928771018982,0.34231677651405334,0.13511349260807037,0.9999024868011475,0.6479920744895935,0.34228789806365967,0.1350361853837967,0.9999140501022339,0.6653746366500854,0.3432983160018921,0.11157958209514618,0.9998738765716553,0.6683711409568787,0.34372201561927795,0.11149628460407257,0.9998724460601807,0.671285092830658,0.3441801965236664,0.11133281886577606,0.9998607635498047,0.6381591558456421,0.3462775945663452,0.025302747264504433,0.9998424053192139,0.6759558320045471,0.3495730459690094,-0.08866434544324875,0.9997497200965881,0.649943470954895,0.3549562394618988,0.14158053696155548,0.9998366832733154,0.6627048850059509,0.35542991757392883,0.10844846814870834,0.9997938275337219,0.5668805241584778,0.38161057233810425,0.04611622914671898,0.9997416138648987,0.7092052102088928,0.3872465193271637,-0.20714308321475983,0.9997431635856628,0.4708661735057831,0.4073844254016876,0.027920937165617943,0.988146960735321,0.8069577217102051,0.41718152165412903,-0.39646288752555847,0.9952400922775269,0.35486531257629395,0.4143868088722229,-0.07478230446577072,0.9800592064857483,0.8825250864028931,0.39095860719680786,-0.5269248485565186,0.9749922156333923,0.31221112608909607,0.41416287422180176,-0.09589101374149323,0.9668136835098267,0.9125786423683167,0.394732266664505,-0.5868064165115356,0.9557219743728638,0.3153297007083893,0.4101058542728424,-0.11839644610881805,0.9658534526824951,0.8914318084716797,0.3803192973136902,-0.5592970848083496,0.9551629424095154,0.33209943771362305,0.4114401638507843,-0.08254053443670273,0.9352033138275146,0.8865525126457214,0.38124552369117737,-0.5200696587562561,0.9287755489349365,0.5636208057403564,0.4820687174797058,0.13215118646621704,0.9996862411499023,0.6308680772781372,0.4877767860889435,-0.13291755318641663,0.999812662601471,0.5013895034790039,0.547684371471405,0.2788534462451935,0.996208667755127,0.733722448348999,0.5409807562828064,-0.06822332739830017,0.9981169700622559,0.3555982708930969,0.5913819074630737,0.46635928750038147,0.9961481094360352,0.8362966775894165,0.605571448802948,-0.028545459732413292,0.997316300868988,0.3355470895767212,0.5981043577194214,0.4851941168308258,0.9954859614372253,0.8411121368408203,0.6187440752983093,-0.025973793119192123,0.9952681660652161,0.36073973774909973,0.6190425157546997,0.4312078356742859,0.9789569973945618,0.9246577620506287,0.5981594324111938,-0.09690263122320175,0.9881247282028198
General2,73,1,0.672232449054718,0.3536894917488098,0.0005963837611488998,0.9996463060379028,0.674680769443512,0.3472267985343933,-0.022076135501265526,0.9997010231018066,0.675499677658081,0.3473763167858124,-0.02222566492855549,0.9996891021728516,0.6763498783111572,0.3475242853164673,-0.022172780707478523,0.9997745156288147,0.6744343638420105,0.3475725054740906,-0.043629713356494904,0.9997217059135437,0.6732008457183838,0.3477103114128113,-0.04377688840031624,0.9996274709701538,0.6719386577606201,0.347919225692749,-0.04391860216856003,0.9996989965438843,0.66713547706604,0.3502565026283264,-0.07295098155736923,0.9994951486587524,0.665557324886322,0.3520791232585907,-0.17298613488674164,0.9993245601654053,0.6678533554077148,0.3605559468269348,-0.011767655611038208,0.9996846914291382,0.6665952205657959,0.3612651228904724,-0.03998304903507233,0.9997180104255676,0.6076961755752563,0.38182303309440613,-0.051303766667842865,0.9996639490127563,0.6795122027397156,0.39406365156173706,-0.2388778179883957,0.9999269247055054,0.47544899582862854,0.39493441581726074,-0.1322583258152008,0.9871149063110352,0.6349777579307556,0.4200391173362732,-0.3265657424926758,0.9786429405212402,0.36407196521759033,0.3850384056568146,-0.27306726574897766,0.9618188738822937,0.5749481916427612,0.41906559467315674,-0.43509915471076965,0.9512327909469604,0.32671719789505005,0.3868040144443512,-0.3150867819786072,0.9344847798347473,0.5559712052345276,0.41798773407936096,-0.48399490118026733,0.9377281069755554,0.325484961271286,0.3811868131160736,-0.3295762538909912,0.9311620593070984,0.5496309399604797,0.41516008973121643,-0.48914065957069397,0.9401933550834656,0.33768874406814575,0.38215383887290955,-0.2818271815776825,0.8939894437789917,0.5566180348396301,0.41675713658332825,-0.44068193435668945,0.925805389881134,0.5873387455940247,0.4826466739177704,0.14731311798095703,0.9990543723106384,0.6075125932693481,0.4869471788406372,-0.1473359614610672,0.9997957348823547,0.501978874206543,0.5465457439422607,0.24569107592105865,0.8887627124786377,0.734499454498291,0.5417456030845642,-0.16011498868465424,0.9961585402488708,0.34581220149993896,0.5803868174552917,0.3245376944541931,0.9794960618019104,0.8219636678695679,0.6071088910102844,-0.21101871132850647,0.9957231283187866,0.3166312575340271,0.5786908268928528,0.33125585317611694,0.9825348258018494,0.8178547024726868,0.6201580762863159,-0.21684172749519348,0.9910659193992615,0.3343312740325928,0.603371798992157,0.2723742723464966,0.9712344408035278,0.9143105149269104,0.6170417666435242,-0.29889601469039917,0.9909322261810303
General2,74,1,0.6798728704452515,0.3542848825454712,0.1076975017786026,0.9993709921836853,0.6813445091247559,0.34815120697021484,0.08026199787855148,0.9994316697120667,0.6809872984886169,0.3481594920158386,0.0800655260682106,0.9993752837181091,0.6772395372390747,0.3474917411804199,0.08008965849876404,0.9995362758636475,0.6818112730979919,0.34885573387145996,0.055845167487859726,0.9993938207626343,0.6814691424369812,0.3493809998035431,0.05569317936897278,0.9991874098777771,0.6829086542129517,0.35009026527404785,0.055481892079114914,0.9993002414703369,0.6731565594673157,0.3511263132095337,0.004811961203813553,0.9985944628715515,0.676525354385376,0.353394478559494,-0.10822604596614838,0.9981864094734192,0.6745951771736145,0.3603096902370453,0.08670499175786972,0.9992740750312805,0.6768389344215393,0.36129969358444214,0.05440575256943703,0.999302864074707,0.5924093723297119,0.3807137906551361,0.025987310335040092,0.9995864033699036,0.7026554346084595,0.39583343267440796,-0.22260604798793793,0.9997159838676453,0.46330052614212036,0.39221712946891785,-0.04706594720482826,0.9966339468955994,0.7427212595939636,0.43682926893234253,-0.3130244016647339,0.9606314897537231,0.3464761972427368,0.38201966881752014,-0.1793147772550583,0.9900714159011841,0.747278094291687,0.43976569175720215,-0.32182201743125916,0.7803162336349487,0.3062106668949127,0.38285183906555176,-0.21496747434139252,0.9797044992446899,0.7477360367774963,0.4431951344013214,-0.3552882969379425,0.7484203577041626,0.31225430965423584,0.3782106637954712,-0.2222169041633606,0.9784054756164551,0.7454445958137512,0.43833982944488525,-0.3423122763633728,0.748507559299469,0.32548490166664124,0.37929660081863403,-0.18446430563926697,0.9573230147361755,0.7447031736373901,0.4370788335800171,-0.31564462184906006,0.7140538096427917,0.5836962461471558,0.4840241074562073,0.15621432662010193,0.9994040727615356,0.6156906485557556,0.4887121319770813,-0.15652935206890106,0.9997864365577698,0.508531928062439,0.5477831959724426,0.2768406867980957,0.9420591592788696,0.7380495667457581,0.5427189469337463,-0.16293784976005554,0.9973636269569397,0.3443473279476166,0.58211350440979,0.3663943409919739,0.9896979928016663,0.8279299736022949,0.6087309122085571,-0.22841836512088776,0.9972238540649414,0.3153599798679352,0.5811099410057068,0.3749178349971771,0.9901012182235718,0.8266184329986572,0.6224016547203064,-0.2351071983575821,0.9947882890701294,0.32921499013900757,0.6088657975196838,0.31386786699295044,0.9832659959793091,0.9226233959197998,0.6173132061958313,-0.32218486070632935,0.9933940768241882
General2,75,1,0.6818222999572754,0.35408294200897217,0.05555299296975136,0.9992402791976929,0.6816070079803467,0.34772586822509766,0.029875686392188072,0.999372661113739,0.6817717552185059,0.3476511836051941,0.029691938310861588,0.9992953538894653,0.6778919696807861,0.3469175696372986,0.029719660058617592,0.9994508624076843,0.6806665658950806,0.34829527139663696,0.007616932969540358,0.9993652701377869,0.6798208355903625,0.3485930562019348,0.007438728120177984,0.9991673231124878,0.6790698766708374,0.3489137291908264,0.0072250752709805965,0.9993172883987427,0.6745408773422241,0.3507700264453888,-0.03529052436351776,0.9984789490699768,0.672953188419342,0.352703332901001,-0.13814935088157654,0.9983513355255127,0.6750590801239014,0.35990244150161743,0.037978172302246094,0.999248206615448,0.6756764054298401,0.36094510555267334,0.008732176385819912,0.9993681311607361,0.5892099738121033,0.37780827283859253,-0.00983570609241724,0.9995169639587402,0.6996663212776184,0.3945775032043457,-0.23433220386505127,0.9998422861099243,0.4627949595451355,0.3929120600223541,-0.08506137877702713,0.9927085041999817,0.6975319981575012,0.4297313690185547,-0.31399062275886536,0.9737295508384705,0.3571205139160156,0.383838415145874,-0.21653388440608978,0.9795690178871155,0.6751151084899902,0.42943063378334045,-0.34417781233787537,0.8985456824302673,0.31440436840057373,0.3847306966781616,-0.2532014846801758,0.9616997838020325,0.6642712354660034,0.42995211482048035,-0.3787915110588074,0.877062201499939,0.31156498193740845,0.3788641095161438,-0.26161426305770874,0.9591139554977417,0.6593145132064819,0.42604774236679077,-0.3753061592578888,0.8790429830551147,0.3250877261161804,0.38008707761764526,-0.22271698713302612,0.9263052344322205,0.6622967720031738,0.42658090591430664,-0.34340646862983704,0.8595619797706604,0.584577202796936,0.483772337436676,0.15198597311973572,0.9994414448738098,0.6154205799102783,0.4884234666824341,-0.15224319696426392,0.9998362064361572,0.5007489919662476,0.5468053817749023,0.2924179434776306,0.9480926394462585,0.7362303733825684,0.5436755418777466,-0.17891661822795868,0.997748076915741,0.34423550963401794,0.5818449258804321,0.39323386549949646,0.9902477860450745,0.824121356010437,0.608741283416748,-0.2409585416316986,0.9970057606697083,0.3150388300418854,0.5809820294380188,0.40252000093460083,0.9905191659927368,0.8210903406143188,0.6226544380187988,-0.2473285049200058,0.9945515990257263,0.3300539553165436,0.6080044507980347,0.3419354557991028,0.9847036004066467,0.922325611114502,0.6155754923820496,-0.33658677339553833,0.993916928768158
General2,76,1,0.693705677986145,0.35632389783859253,0.14520780742168427,0.9991903901100159,0.6943652629852295,0.3501317799091339,0.12050456553697586,0.9992689490318298,0.6939820051193237,0.3501031994819641,0.12031246721744537,0.9991447925567627,0.6937909126281738,0.35020720958709717,0.12034039199352264,0.999315619468689,0.6949667930603027,0.35047435760498047,0.09485415369272232,0.9993202686309814,0.6952215433120728,0.35069307684898376,0.09467804431915283,0.9991631507873535,0.695093035697937,0.3509176969528198,0.09441317617893219,0.9993447661399841,0.685662031173706,0.3541434407234192,0.04748907685279846,0.9976873397827148,0.6880078315734863,0.35490095615386963,-0.06884156912565231,0.9985989928245544,0.6875205039978027,0.36329400539398193,0.1253563016653061,0.9988791346549988,0.6870845556259155,0.36317309737205505,0.09175877273082733,0.9992409944534302,0.6019576191902161,0.37932634353637695,0.0744653046131134,0.9992751479148865,0.7069103717803955,0.3951058089733124,-0.19203627109527588,0.9998137354850769,0.4793405532836914,0.3762282133102417,0.05274596065282822,0.9931814074516296,0.7311958074569702,0.4375947415828705,-0.15425819158554077,0.9547414183616638,0.3715861439704895,0.3599245250225067,0.0020844934042543173,0.9747766256332397,0.76380455493927,0.4426189064979553,0.0843564048409462,0.5689366459846497,0.3424157500267029,0.3603282570838928,-0.014399442821741104,0.9530839920043945,0.7651357650756836,0.4461463987827301,0.0896877646446228,0.491510272026062,0.3461707532405853,0.35775113105773926,-0.01698707416653633,0.9506940841674805,0.7635281682014465,0.44355109333992004,0.1026046872138977,0.4895022511482239,0.35451099276542664,0.3580164909362793,-0.0007072234875522554,0.9019907712936401,0.7625880241394043,0.44235387444496155,0.09718155860900879,0.4840131402015686,0.5814669728279114,0.4832770824432373,0.15138258039951324,0.9996229410171509,0.6208011507987976,0.4860927164554596,-0.1519814133644104,0.9998725652694702,0.5103802680969238,0.5473613739013672,0.27694234251976013,0.9742286205291748,0.7342144250869751,0.5424094200134277,-0.1582389920949936,0.9982251524925232,0.35920095443725586,0.5737382173538208,0.41793835163116455,0.9930900931358337,0.8194701671600342,0.6079813241958618,-0.1825210303068161,0.9981056451797485,0.32876887917518616,0.5701805353164673,0.4336569011211395,0.9907196760177612,0.8125810623168945,0.6216124892234802,-0.1843702793121338,0.9961591958999634,0.33690980076789856,0.6034426689147949,0.3842812478542328,0.984463095664978,0.9145594835281372,0.6187795996665955,-0.26253342628479004,0.9941248297691345
General2,77,1,0.7001145482063293,0.3564331829547882,0.17781321704387665,0.9994144439697266,0.698170006275177,0.34982749819755554,0.15455681085586548,0.9994639754295349,0.697044849395752,0.3496248722076416,0.1543635129928589,0.999359667301178,0.6961223483085632,0.3495365381240845,0.15438100695610046,0.9995088577270508,0.701896607875824,0.3509995937347412,0.1271895468235016,0.9995133876800537,0.70221346616745,0.3513501286506653,0.12703262269496918,0.9993904829025269,0.7027428150177002,0.3517898619174957,0.12677904963493347,0.9995419979095459,0.6848869323730469,0.35319072008132935,0.08325899392366409,0.9982573390007019,0.6953597664833069,0.35589513182640076,-0.04036737233400345,0.9989774227142334,0.6929200291633606,0.3627967834472656,0.15897701680660248,0.9992004036903381,0.6951295137405396,0.36324411630630493,0.1231299489736557,0.9994359612464905,0.6012296080589294,0.37865546345710754,0.11539354175329208,0.9993215799331665,0.7084819078445435,0.39595508575439453,-0.1738201230764389,0.9998165965080261,0.4799819588661194,0.3763749599456787,0.11260905861854553,0.9920070171356201,0.736018180847168,0.4410519599914551,-0.15844710171222687,0.9699965715408325,0.37258487939834595,0.3594687581062317,0.06909545511007309,0.9708051681518555,0.7818307280540466,0.45011699199676514,0.05595409497618675,0.6661555767059326,0.34570062160491943,0.36066269874572754,0.05540405586361885,0.9484748244285583,0.7870369553565979,0.4546039402484894,0.05556533858180046,0.5905360579490662,0.34657081961631775,0.35698771476745605,0.05205082148313522,0.9461608529090881,0.7868781089782715,0.4514131247997284,0.07111309468746185,0.5915279388427734,0.3544158339500427,0.3578817844390869,0.06645236909389496,0.8933577537536621,0.7844801545143127,0.44967371225357056,0.06936707347631454,0.5666822195053101,0.5765955448150635,0.4827166199684143,0.1524001657962799,0.9995576739311218,0.6225881576538086,0.4879339933395386,-0.15303374826908112,0.9998326301574707,0.5118852257728577,0.5460947751998901,0.2698194980621338,0.9779880046844482,0.7391767501831055,0.5471474528312683,-0.12327463179826736,0.9981441497802734,0.3634258508682251,0.5731998682022095,0.41598787903785706,0.9922536015510559,0.8269001841545105,0.6092393398284912,-0.12814979255199432,0.9979556798934937,0.3290770649909973,0.5729593634605408,0.43261295557022095,0.9901241660118103,0.8206173181533813,0.6233881711959839,-0.12793979048728943,0.9960600733757019,0.3402063846588135,0.6026880145072937,0.3882409334182739,0.9826372265815735,0.9193077087402344,0.6164748072624207,-0.1975744664669037,0.9939122200012207
General2,78,1,0.698775589466095,0.35772281885147095,0.35117974877357483,0.9982631802558899,0.6962501406669617,0.35262084007263184,0.30917441844940186,0.9988547563552856,0.6945641040802002,0.352383553981781,0.308961421251297,0.9987764954566956,0.6904825568199158,0.35177454352378845,0.3089383840560913,0.9988633394241333,0.703361988067627,0.35460972785949707,0.30142298340797424,0.9987086057662964,0.7048333883285522,0.3553725481033325,0.3012789189815521,0.9984797835350037,0.70701664686203,0.3561895489692688,0.3010353744029999,0.9984716773033142,0.6832987070083618,0.3548792600631714,0.1621917486190796,0.9981489181518555,0.7080300450325012,0.3603518307209015,0.12485158443450928,0.9976068735122681,0.6951098442077637,0.3632386028766632,0.3051742911338806,0.9980615973472595,0.7044281959533691,0.3651462495326996,0.29430583119392395,0.9977710247039795,0.6192739605903625,0.3732025623321533,0.1247563362121582,0.999128520488739,0.7295709848403931,0.39703989028930664,-0.0009505692287348211,0.9993888139724731,0.5129095911979675,0.3604618310928345,0.04701293259859085,0.9910922646522522,0.7122727632522583,0.4318179786205292,-0.09055756777524948,0.5772701501846313,0.4185527563095093,0.33792364597320557,-0.02970886416733265,0.9893497228622437,0.6761196255683899,0.42953020334243774,-0.1142721176147461,0.4176744222640991,0.3847293257713318,0.3355671763420105,-0.05259815976023674,0.98240065574646,0.6597739458084106,0.42914360761642456,-0.13957051932811737,0.4049501419067383,0.38523879647254944,0.3330150246620178,-0.05442275106906891,0.9812237024307251,0.6558673977851868,0.4267224371433258,-0.1207033172249794,0.3841172456741333,0.39518457651138306,0.33450955152511597,-0.0322406031191349,0.964610755443573,0.6610984206199646,0.42603686451911926,-0.1079675480723381,0.40452712774276733,0.5768004059791565,0.47811952233314514,0.12161814421415329,0.9998577833175659,0.6344883441925049,0.48489707708358765,-0.12205834686756134,0.9998992681503296,0.514243483543396,0.5445584654808044,0.18189120292663574,0.9889819025993347,0.7233235836029053,0.543117105960846,-0.04517032951116562,0.9973975419998169,0.3601335883140564,0.5691136121749878,0.24745571613311768,0.9937552213668823,0.8053917288780212,0.6061444878578186,-0.028523264452815056,0.9969602227210999,0.3310200572013855,0.5663610696792603,0.25689026713371277,0.9956757426261902,0.801511824131012,0.6207113862037659,-0.024212434887886047,0.996234118938446,0.3323882818222046,0.6021708846092224,0.20365816354751587,0.9698418378829956,0.9015964269638062,0.6159542202949524,-0.08236583322286606,0.9841878414154053
General2,79,1,0.6958506107330322,0.35777050256729126,0.4061835706233978,0.9988217949867249,0.693356454372406,0.3525216579437256,0.3637672960758209,0.9991902709007263,0.6894832253456116,0.3519558906555176,0.36355823278427124,0.999148964881897,0.6877597570419312,0.35183846950531006,0.36354154348373413,0.9991853833198547,0.6984374523162842,0.3539857864379883,0.3573751449584961,0.9990972280502319,0.7025918364524841,0.35516369342803955,0.35722586512565613,0.9989474415779114,0.7049769759178162,0.35595375299453735,0.35697636008262634,0.9989112615585327,0.6816093921661377,0.3551066815853119,0.2085336446762085,0.998641312122345,0.7069354057312012,0.35998398065567017,0.17697639763355255,0.9982732534408569,0.6916178464889526,0.36343589425086975,0.35655397176742554,0.9984402060508728,0.7017205953598022,0.3651963174343109,0.34730982780456543,0.9982757568359375,0.6201208829879761,0.37426769733428955,0.15350520610809326,0.9993571639060974,0.7295343279838562,0.3957381844520569,0.04424052685499191,0.9995379447937012,0.5141038298606873,0.3604128360748291,0.063500314950943,0.9913334250450134,0.7176844477653503,0.4290071725845337,-0.046304721385240555,0.5182980298995972,0.4194212555885315,0.33787673711776733,-0.01778808794915676,0.9919233918190002,0.6674284934997559,0.4288124740123749,-0.07705058157444,0.39707455039024353,0.3815944492816925,0.33475461602211,-0.043240126222372055,0.9863914251327515,0.649655282497406,0.42867937684059143,-0.10308679193258286,0.3867434561252594,0.3859986662864685,0.33286041021347046,-0.043862923979759216,0.9854551553726196,0.6453042030334473,0.42665717005729675,-0.08646068722009659,0.3638012409210205,0.39638471603393555,0.33430740237236023,-0.020040836185216904,0.9726887941360474,0.6510279774665833,0.42583969235420227,-0.07194176316261292,0.39270633459091187,0.5776647329330444,0.47766247391700745,0.11860663443803787,0.9998995065689087,0.6354807615280151,0.48453864455223083,-0.11902955919504166,0.9999384880065918,0.5150176286697388,0.5443463325500488,0.19701850414276123,0.9886525273323059,0.7223258018493652,0.5430226922035217,-0.0683036744594574,0.9978137016296387,0.3620108366012573,0.5684554576873779,0.2628413736820221,0.9935877323150635,0.8069276809692383,0.6058579683303833,-0.07421635091304779,0.9973764419555664,0.3315110504627228,0.5648989677429199,0.2720092236995697,0.9956493973731995,0.8025109171867371,0.6204119920730591,-0.07256077975034714,0.9966546297073364,0.3332926332950592,0.6017369031906128,0.21724830567836761,0.9675110578536987,0.8978554010391235,0.6157881021499634,-0.14112919569015503,0.9852645993232727
General2,80,1,0.701200008392334,0.3586153984069824,0.3472007215023041,0.9985287189483643,0.6999481916427612,0.3535413146018982,0.307313472032547,0.9987651109695435,0.698830783367157,0.35344380140304565,0.3071173131465912,0.9986808896064758,0.6943203806877136,0.3527482748031616,0.30714988708496094,0.9987314343452454,0.7064146399497986,0.35519516468048096,0.2989441454410553,0.9987503290176392,0.7076573371887207,0.35583052039146423,0.2987914979457855,0.9985812902450562,0.709588348865509,0.356503963470459,0.29853448271751404,0.9986448884010315,0.6887058019638062,0.3558529317378998,0.16581600904464722,0.9970433115959167,0.7103446125984192,0.3601757884025574,0.12568055093288422,0.997761607170105,0.698710560798645,0.3642899990081787,0.3026585280895233,0.9976832866668701,0.7066347599029541,0.36564919352531433,0.2908669114112854,0.9979463219642639,0.6217843294143677,0.37591317296028137,0.13098222017288208,0.9986787438392639,0.7285156846046448,0.3959890604019165,-0.0029159614350646734,0.9995850920677185,0.5149694085121155,0.3611595034599304,0.043855536729097366,0.9859617352485657,0.7283798456192017,0.4271310567855835,-0.0043482366017997265,0.6760047674179077,0.41964709758758545,0.33793556690216064,-0.05353143811225891,0.9881773591041565,0.6870418787002563,0.42214637994766235,0.09790696203708649,0.4508465528488159,0.38293349742889404,0.3344171941280365,-0.07664699852466583,0.9821029901504517,0.6733681559562683,0.4207525849342346,0.08738253265619278,0.4285529553890228,0.38423579931259155,0.3322505056858063,-0.07983498275279999,0.9808963537216187,0.6683012247085571,0.4181649088859558,0.10057614743709564,0.40692123770713806,0.3944242000579834,0.3336985111236572,-0.05741878226399422,0.9641605019569397,0.6712458729743958,0.41813281178474426,0.10537876188755035,0.4323234558105469,0.5794061422348022,0.47826603055000305,0.12671001255512238,0.9998137354850769,0.6290070414543152,0.48372772336006165,-0.12716113030910492,0.9999070167541504,0.5169095396995544,0.544217586517334,0.20178888738155365,0.9736809730529785,0.7221030592918396,0.5422636270523071,-0.08673271536827087,0.9978030323982239,0.36134177446365356,0.5688617825508118,0.26314297318458557,0.9913901090621948,0.7998172044754028,0.6053304672241211,-0.11095432192087173,0.9971686005592346,0.3303431272506714,0.5647701621055603,0.27187395095825195,0.9949222207069397,0.8009587526321411,0.6192460656166077,-0.11158604174852371,0.9967988729476929,0.3364643156528473,0.6001875996589661,0.22201363742351532,0.9707753658294678,0.888184130191803,0.6186178922653198,-0.18091796338558197,0.986338198184967
General2,81,1,0.710981011390686,0.3646259903907776,-0.2281496524810791,0.9943905472755432,0.7235318422317505,0.3614572584629059,-0.21905328333377838,0.9883335828781128,0.7281237840652466,0.36258894205093384,-0.21918758749961853,0.9887779355049133,0.7320848703384399,0.3634718954563141,-0.21925689280033112,0.987345278263092,0.7143691182136536,0.3586873412132263,-0.22662879526615143,0.9871612191200256,0.7123141288757324,0.3578551709651947,-0.22681769728660583,0.9870238304138184,0.7100901007652283,0.35694724321365356,-0.22697097063064575,0.9882100820541382,0.7372562885284424,0.3668399453163147,-0.09554889798164368,0.9738605618476868,0.7048549652099609,0.35781776905059814,-0.1310126632452011,0.9893060326576233,0.7119250893592834,0.37134307622909546,-0.1738617718219757,0.9880325794219971,0.7012627124786377,0.36771610379219055,-0.18407560884952545,0.9950479865074158,0.7324941158294678,0.39063599705696106,0.037405792623758316,0.9986876845359802,0.664452075958252,0.36503109335899353,-0.1157810315489769,0.999936580657959,0.7173768877983093,0.3801315724849701,0.027129201218485832,0.553485095500946,0.579243004322052,0.3374100923538208,-0.14704200625419617,0.9721925258636475,0.7177581787109375,0.37522074580192566,-0.0830102190375328,0.5147348642349243,0.48064643144607544,0.3126930594444275,-0.2138242870569229,0.9019635319709778,0.7170300483703613,0.37570178508758545,-0.09977822750806808,0.4792834222316742,0.4436558485031128,0.3075367510318756,-0.24130962789058685,0.8336661458015442,0.720465362071991,0.3748934268951416,-0.13244473934173584,0.47391006350517273,0.44179725646972656,0.30779629945755005,-0.26552513241767883,0.8472167253494263,0.7197633385658264,0.3757004141807556,-0.10291573405265808,0.4795420467853546,0.45214810967445374,0.311105877161026,-0.22933244705200195,0.8652864694595337,0.6019071340560913,0.4726199507713318,0.1342417448759079,0.9993674159049988,0.5851832628250122,0.47120487689971924,-0.1341318041086197,0.9998782873153687,0.5297968983650208,0.5440781116485596,0.21947570145130157,0.955776572227478,0.7076215744018555,0.5312708020210266,-0.37842172384262085,0.9987910389900208,0.37378841638565063,0.5617682933807373,0.32020434737205505,0.9887322187423706,0.7561246752738953,0.6033621430397034,-0.44469642639160156,0.998153030872345,0.3412310779094696,0.557396650314331,0.3273027837276459,0.980697512626648,0.7517291903495789,0.6167831420898438,-0.4524802267551422,0.9916626214981079,0.363198459148407,0.5975618362426758,0.24113981425762177,0.985518217086792,0.8379964232444763,0.6191127300262451,-0.5769214630126953,0.9969537258148193
General2,82,1,0.7143124938011169,0.3648523986339569,-0.228537917137146,0.9821568131446838,0.7260883450508118,0.3612360954284668,-0.2227613776922226,0.9718495607376099,0.7304580211639404,0.36215460300445557,-0.22291946411132812,0.9717798829078674,0.7339973449707031,0.3628097474575043,-0.22296366095542908,0.970572292804718,0.7186279296875,0.3592241704463959,-0.22766344249248505,0.9658426642417908,0.7152186632156372,0.35815227031707764,-0.22789596021175385,0.9614471197128296,0.7131812572479248,0.35730409622192383,-0.22810108959674835,0.9688771367073059,0.7387944459915161,0.36589330434799194,-0.11338424682617188,0.9285985231399536,0.7081131935119629,0.35777637362480164,-0.13569112122058868,0.9624757170677185,0.7151570916175842,0.3709835708141327,-0.1796276718378067,0.9720682501792908,0.7047048807144165,0.3681540787220001,-0.18636874854564667,0.9878344535827637,0.7339082360267639,0.39001917839050293,-0.006559706758707762,0.9964243769645691,0.6672841310501099,0.3660528063774109,-0.11747267097234726,0.999855637550354,0.6784093379974365,0.3661445379257202,-0.0490570142865181,0.5501291751861572,0.5864205956459045,0.33783257007598877,-0.1414225995540619,0.9561778903007507,0.6429980397224426,0.3561582863330841,-0.1558864414691925,0.47103989124298096,0.47849470376968384,0.31265637278556824,-0.20148178935050964,0.8843464255332947,0.635028064250946,0.3542959988117218,-0.17791405320167542,0.4548662602901459,0.44501182436943054,0.3081531524658203,-0.23197323083877563,0.8242640495300293,0.6348430514335632,0.3554014563560486,-0.2015042006969452,0.4409564733505249,0.4426564574241638,0.30805301666259766,-0.25722819566726685,0.8396762013435364,0.6353996396064758,0.3570483922958374,-0.170118510723114,0.42831143736839294,0.4505542516708374,0.3106220066547394,-0.2168840616941452,0.8554012775421143,0.601487934589386,0.47250235080718994,0.13192136585712433,0.9980592131614685,0.5860158801078796,0.47125670313835144,-0.1318696290254593,0.9997197985649109,0.5367462635040283,0.5448539853096008,0.21614862978458405,0.9288597106933594,0.7062796354293823,0.5300965309143066,-0.4296688139438629,0.9978467226028442,0.37657687067985535,0.5624805688858032,0.3449501395225525,0.9825343489646912,0.7564480900764465,0.602917492389679,-0.5018624067306519,0.997463583946228,0.34504565596580505,0.5594195127487183,0.3543749749660492,0.9680965542793274,0.7465730309486389,0.6153407096862793,-0.5104237198829651,0.9897938966751099,0.3633790612220764,0.5982129573822021,0.26862582564353943,0.9784497618675232,0.8335224986076355,0.6202447414398193,-0.6432359218597412,0.9961334466934204
General2,83,1,0.7230187058448792,0.36441510915756226,-0.15862901508808136,0.9632785320281982,0.7332315444946289,0.3602604866027832,-0.159452423453331,0.9567878842353821,0.7372269630432129,0.36108848452568054,-0.15964384377002716,0.9549977779388428,0.7393876314163208,0.36141979694366455,-0.1596398651599884,0.9544808864593506,0.7295498251914978,0.3590826392173767,-0.17616897821426392,0.9489968419075012,0.7288413643836975,0.358485609292984,-0.17644093930721283,0.9404879808425903,0.7282254099845886,0.3578021228313446,-0.17669592797756195,0.9525473117828369,0.7421586513519287,0.36377590894699097,-0.0848063975572586,0.8894721865653992,0.7204645276069641,0.35751253366470337,-0.1603701412677765,0.9342266321182251,0.7240335941314697,0.36913466453552246,-0.12172501534223557,0.9525715708732605,0.7162579298019409,0.36711356043815613,-0.14396122097969055,0.9788976907730103,0.7105932235717773,0.37926921248435974,-0.00043456690036691725,0.9869549870491028,0.6963282823562622,0.37555140256881714,-0.1631680279970169,0.9996387958526611,0.5919236540794373,0.3510475754737854,-0.041940923780202866,0.40537193417549133,0.6221868395805359,0.3488610088825226,-0.18030546605587006,0.9267997145652771,0.4853067398071289,0.3165704607963562,-0.12745128571987152,0.28356045484542847,0.4963299632072449,0.3201500177383423,-0.18439607322216034,0.8889726996421814,0.4525589346885681,0.3157583475112915,-0.15100544691085815,0.28742101788520813,0.4643092155456543,0.31275004148483276,-0.21341300010681152,0.860722541809082,0.45096006989479065,0.3125177323818207,-0.16754592955112457,0.27735698223114014,0.4579021632671356,0.3136385679244995,-0.22908072173595428,0.8703787922859192,0.469055712223053,0.31614017486572266,-0.1375669687986374,0.26483556628227234,0.4646768271923065,0.314944863319397,-0.1921021193265915,0.8675279021263123,0.5969431400299072,0.4703673720359802,0.1402822732925415,0.9961605072021484,0.5888167023658752,0.4716632664203644,-0.14028747379779816,0.9993700385093689,0.536937415599823,0.544491708278656,0.23588106036186218,0.8884248733520508,0.7037128806114197,0.532577395439148,-0.37755316495895386,0.9947448968887329,0.3749348521232605,0.5632810592651367,0.362900048494339,0.9709118008613586,0.7559863924980164,0.6032859683036804,-0.4453188478946686,0.9955343008041382,0.34394097328186035,0.5596215128898621,0.3718070089817047,0.956278920173645,0.7517256736755371,0.6171324849128723,-0.45386654138565063,0.9876173138618469,0.36355096101760864,0.5989299416542053,0.2956468462944031,0.9677078127861023,0.8397639989852905,0.6194340586662292,-0.5764124393463135,0.9941867589950562
General2,84,1,0.7601276636123657,0.36809709668159485,-0.08923119306564331,0.9989984631538391,0.7641525864601135,0.3618644177913666,-0.07860853523015976,0.9989100694656372,0.7651335597038269,0.3618842363357544,-0.07877597212791443,0.9987610578536987,0.766889214515686,0.36167389154434204,-0.07874645292758942,0.9988114833831787,0.7575216293334961,0.35936689376831055,-0.09917494654655457,0.9988625049591064,0.7508508563041687,0.36101973056793213,-0.09936194121837616,0.9986141920089722,0.7493892312049866,0.3600749671459198,-0.09947662055492401,0.9988383650779724,0.7583358287811279,0.3629884421825409,0.02800307236611843,0.9979308843612671,0.736112117767334,0.35777613520622253,-0.06924253702163696,0.9985660910606384,0.7540854811668396,0.3731209635734558,-0.04324210435152054,0.9990015625953674,0.7497059106826782,0.371386855840683,-0.07179363816976547,0.9995678067207336,0.7224442958831787,0.39307940006256104,0.11594399809837341,0.9992702603340149,0.6903902888298035,0.36991772055625916,-0.12360615283250809,0.9999330043792725,0.6353846788406372,0.364205539226532,0.04533912241458893,0.9510210752487183,0.6250240802764893,0.35297638177871704,-0.41366302967071533,0.9153528809547424,0.6046880483627319,0.33542507886886597,-0.11277644336223602,0.9497326612472534,0.6217824816703796,0.3490692973136902,-0.765736997127533,0.9204939007759094,0.5886957049369812,0.32866668701171875,-0.15395762026309967,0.938320517539978,0.6109342575073242,0.3466016948223114,-0.8498265743255615,0.9118025302886963,0.5959961414337158,0.32506489753723145,-0.17416910827159882,0.9357939958572388,0.6249807476997375,0.3483346700668335,-0.8278974890708923,0.9088568687438965,0.6006137132644653,0.32814285159111023,-0.12525387108325958,0.9092415571212769,0.6283689737319946,0.3508685231208801,-0.7653036117553711,0.8977256417274475,0.5791828632354736,0.4670059084892273,0.15064148604869843,0.9995324611663818,0.5728582739830017,0.4633226990699768,-0.15064170956611633,0.999874472618103,0.5518460273742676,0.5370970368385315,0.18332402408123016,0.9480140805244446,0.6776394248008728,0.529424250125885,-0.32420629262924194,0.9978237152099609,0.3974498510360718,0.5582883358001709,0.28252112865448,0.9804337620735168,0.7139710187911987,0.6038894653320312,-0.3344882130622864,0.9983870983123779,0.3659355640411377,0.5542991161346436,0.2877750098705292,0.9695258140563965,0.7060970664024353,0.6141033172607422,-0.33683401346206665,0.9950533509254456,0.3824161887168884,0.5925347805023193,0.21430057287216187,0.9728490710258484,0.7723245620727539,0.616737961769104,-0.4477817118167877,0.9971736669540405
General2,85,1,0.7618048787117004,0.3680627644062042,-0.0940956175327301,0.9983481168746948,0.7615218758583069,0.36446985602378845,-0.08418815582990646,0.9979841709136963,0.7628976106643677,0.3644152581691742,-0.08434229344129562,0.9978922009468079,0.7647733688354492,0.3642234802246094,-0.08430808782577515,0.9979432225227356,0.7528892159461975,0.3619309067726135,-0.09777117520570755,0.9975985884666443,0.7508166432380676,0.36118388175964355,-0.0979481115937233,0.9970669150352478,0.7456861734390259,0.3592377305030823,-0.0980871245265007,0.9974620342254639,0.759911060333252,0.36297574639320374,0.017556779086589813,0.9959333539009094,0.7347813844680786,0.3575098514556885,-0.04824494570493698,0.99671471118927,0.7551970481872559,0.3730839490890503,-0.050497353076934814,0.9981949925422668,0.7458552122116089,0.37004512548446655,-0.06993546336889267,0.9990978240966797,0.7259721755981445,0.3937006890773773,0.09281837940216064,0.9990732669830322,0.6868910193443298,0.36954253911972046,-0.09303555637598038,0.999902606010437,0.6405572891235352,0.36848726868629456,-0.01712283119559288,0.8852003216743469,0.6217841506004333,0.3534354567527771,-0.3456867039203644,0.8807139992713928,0.6171520948410034,0.3380955159664154,-0.20765991508960724,0.9234035611152649,0.6193116307258606,0.3461395502090454,-0.6529693007469177,0.874890148639679,0.6027845144271851,0.33124834299087524,-0.2513314187526703,0.9192448854446411,0.6102781891822815,0.3435513973236084,-0.7284308075904846,0.868043839931488,0.6114628911018372,0.3286703824996948,-0.26821836829185486,0.9150136113166809,0.6228222846984863,0.3442550301551819,-0.7106513381004333,0.8650028109550476,0.6150646805763245,0.3318523168563843,-0.2188907265663147,0.8859764933586121,0.6243182420730591,0.34670817852020264,-0.6540438532829285,0.8544445037841797,0.5840848684310913,0.46642187237739563,0.14598701894283295,0.9993094205856323,0.571427047252655,0.463722825050354,-0.14604726433753967,0.9998384714126587,0.5538511872291565,0.5358763933181763,0.19102276861667633,0.9340247511863708,0.6798490285873413,0.5300028324127197,-0.3391447365283966,0.9981726408004761,0.39778459072113037,0.557820200920105,0.27251046895980835,0.9821254014968872,0.7125385403633118,0.6040437817573547,-0.3572863042354584,0.9983867406845093,0.3655799925327301,0.5542187690734863,0.27686017751693726,0.9731311202049255,0.7071508169174194,0.6156207323074341,-0.3597869277000427,0.9942033886909485,0.38324007391929626,0.5926478505134583,0.20818929374217987,0.9755493998527527,0.7702867984771729,0.6179647445678711,-0.4635050296783447,0.9969903230667114
General2,86,1,0.7535628080368042,0.36615291237831116,-0.1159776970744133,0.9988738894462585,0.7632565498352051,0.36219272017478943,-0.10284009575843811,0.9985658526420593,0.7647803425788879,0.3624081313610077,-0.10298977047204971,0.9985184073448181,0.7670712471008301,0.3623547852039337,-0.10296344757080078,0.9985222220420837,0.7511609196662903,0.3587968945503235,-0.10996754467487335,0.9982537627220154,0.7468777894973755,0.3575754165649414,-0.11014315485954285,0.997859537601471,0.7426202893257141,0.3563970923423767,-0.11026004701852798,0.9982372522354126,0.7590445280075073,0.3636975586414337,0.014884142205119133,0.9968225955963135,0.7328194379806519,0.3570478558540344,-0.02187320962548256,0.9977899789810181,0.7524822354316711,0.3734627664089203,-0.06724853068590164,0.9986419081687927,0.743398129940033,0.3699171543121338,-0.0782582089304924,0.9994152784347534,0.7314515113830566,0.39233189821243286,0.08779462426900864,0.9991717338562012,0.6835635900497437,0.36812353134155273,-0.05320378765463829,0.9999414682388306,0.6585273742675781,0.37982988357543945,-0.072916679084301,0.8249784708023071,0.6089349985122681,0.3521857261657715,-0.29652729630470276,0.928740918636322,0.6396178603172302,0.34997618198394775,-0.3113425672054291,0.9260623455047607,0.6088979840278625,0.3446902632713318,-0.6036772727966309,0.9034083485603333,0.6278589367866516,0.3441290855407715,-0.36219900846481323,0.9279764294624329,0.6002243161201477,0.3424379229545593,-0.6783932447433472,0.8915762901306152,0.634974479675293,0.3416505455970764,-0.3738318979740143,0.9232684969902039,0.6152094602584839,0.3430789113044739,-0.6642776131629944,0.890088677406311,0.6362913846969604,0.344216525554657,-0.3211199641227722,0.8975752592086792,0.6158260703086853,0.34559714794158936,-0.6063469052314758,0.8828830122947693,0.5850380063056946,0.4670396149158478,0.13903376460075378,0.9991825222969055,0.5659984946250916,0.46235519647598267,-0.13901714980602264,0.9998663663864136,0.5535688996315002,0.5362300872802734,0.18632657825946808,0.9356037974357605,0.6775500178337097,0.5286880731582642,-0.39027509093284607,0.9985766410827637,0.3969254493713379,0.5580207705497742,0.2977498471736908,0.9831857681274414,0.7121267914772034,0.6046068072319031,-0.42363202571868896,0.9987136125564575,0.36606457829475403,0.5540404915809631,0.30564069747924805,0.9755616784095764,0.7043132185935974,0.6169546842575073,-0.4279960095882416,0.9946579337120056,0.38325726985931396,0.5930730700492859,0.23685425519943237,0.9777751564979553,0.7708839774131775,0.6188709735870361,-0.5454932451248169,0.997502863407135
General2,87,1,0.7736528515815735,0.34564992785453796,0.04144277423620224,0.999568521976471,0.7753156423568726,0.33742913603782654,0.05089397355914116,0.9995307922363281,0.7759501338005066,0.3381919860839844,0.05070505663752556,0.9994051456451416,0.7763967514038086,0.33880263566970825,0.05071843042969704,0.9995286464691162,0.7727900743484497,0.33635640144348145,0.017977429553866386,0.9994162321090698,0.7714780569076538,0.3364097476005554,0.017832523211836815,0.9992412328720093,0.7701089382171631,0.3363913297653198,0.017738068476319313,0.9994044303894043,0.7697622179985046,0.34456875920295715,0.12255822122097015,0.9991704225540161,0.7549081444740295,0.3389267027378082,-0.027108483016490936,0.9990710020065308,0.7693237066268921,0.35125961899757385,0.0728018581867218,0.9996163845062256,0.7669190764427185,0.3493628203868866,0.02937164157629013,0.9996745586395264,0.733741819858551,0.3787112832069397,0.18304762244224548,0.9978392720222473,0.7164125442504883,0.3558719754219055,-0.1241489127278328,0.9997394680976868,0.6568022966384888,0.3827597498893738,0.059488605707883835,0.46255016326904297,0.6877509951591492,0.32573240995407104,-0.32302412390708923,0.9709743857383728,0.5704942345619202,0.3657264709472656,-0.21960726380348206,0.7772921919822693,0.6225389838218689,0.2725948691368103,-0.4975389540195465,0.983871579170227,0.5461982488632202,0.3656870126724243,-0.2604319751262665,0.7916129231452942,0.5951415300369263,0.26075392961502075,-0.5688608288764954,0.9762519598007202,0.5505602955818176,0.3582414388656616,-0.28629112243652344,0.7974874973297119,0.5973693132400513,0.25992175936698914,-0.5677511096000671,0.9755285382270813,0.5684713125228882,0.35848522186279297,-0.23764200508594513,0.7469280958175659,0.6033094525337219,0.2648235857486725,-0.5043947696685791,0.9693155288696289,0.5750846862792969,0.4600536525249481,0.16594159603118896,0.9996808767318726,0.5702358484268188,0.45231878757476807,-0.16581706702709198,0.9998594522476196,0.5636211633682251,0.5310061573982239,0.16751223802566528,0.8741535544395447,0.6477086544036865,0.5195147395133972,-0.3141610026359558,0.9978806972503662,0.4116930365562439,0.5590079426765442,0.23806476593017578,0.9776416420936584,0.6830891966819763,0.6012841463088989,-0.31524887681007385,0.9982789754867554,0.37911444902420044,0.5567378401756287,0.23965302109718323,0.9771208763122559,0.6753119826316833,0.6140040159225464,-0.31850823760032654,0.994763970375061,0.4100760221481323,0.5952885150909424,0.147673100233078,0.9645991921424866,0.7398546934127808,0.6156789064407349,-0.45100659132003784,0.9960306286811829
General2,88,1,0.7785818576812744,0.3451426029205322,0.016555923968553543,0.9991700649261475,0.7781872153282166,0.3374382257461548,0.03066876530647278,0.9990220069885254,0.7787176370620728,0.3381592333316803,0.03046698123216629,0.9987521171569824,0.7789843082427979,0.3387625217437744,0.030467219650745392,0.9991022348403931,0.7752715349197388,0.3362947106361389,-0.011068162508308887,0.9989645481109619,0.7736260890960693,0.33624976873397827,-0.011202104389667511,0.9987300038337708,0.7718633413314819,0.3361581563949585,-0.01132018119096756,0.9990062117576599,0.7642823457717896,0.3415461778640747,0.11852207779884338,0.9984138011932373,0.7555736899375916,0.3382225036621094,-0.07144632935523987,0.998140811920166,0.7716652154922485,0.3516813814640045,0.05381643399596214,0.9992664456367493,0.7691488265991211,0.3495897054672241,-0.0014319760957732797,0.999394416809082,0.7277416586875916,0.376748263835907,0.20165278017520905,0.9965689182281494,0.7159790992736816,0.35510265827178955,-0.17523984611034393,0.9996111989021301,0.6525865197181702,0.3873997628688812,0.16972233355045319,0.5282153487205505,0.6845473051071167,0.3273056149482727,-0.4245791435241699,0.9675933718681335,0.5705967545509338,0.3745691478252411,-0.013179176487028599,0.7738698124885559,0.6239479184150696,0.2731415629386902,-0.6568938493728638,0.9830033779144287,0.5419800281524658,0.3686424493789673,-0.033936694264411926,0.7718223333358765,0.5956615209579468,0.2616428732872009,-0.7368068099021912,0.9753909707069397,0.5419148206710815,0.36613214015960693,-0.06384949386119843,0.7784479260444641,0.5950625538825989,0.26221174001693726,-0.7343287467956543,0.9740931987762451,0.5546737909317017,0.3676464557647705,-0.03013581410050392,0.7244968414306641,0.6035068035125732,0.26592105627059937,-0.6645026206970215,0.9669113755226135,0.5749819874763489,0.45971497893333435,0.17918427288532257,0.9995793700218201,0.5691211819648743,0.4515133798122406,-0.179062157869339,0.9997872710227966,0.5647518634796143,0.5299699306488037,0.18757373094558716,0.8559821844100952,0.6462611556053162,0.5190160274505615,-0.30010852217674255,0.9977090358734131,0.4135015904903412,0.558213472366333,0.24142782390117645,0.9716477394104004,0.6821330785751343,0.6015607118606567,-0.3205966651439667,0.9980243444442749,0.378048300743103,0.5560011863708496,0.24164173007011414,0.9712130427360535,0.6700161695480347,0.6154539585113525,-0.32631146907806396,0.9952515363693237,0.4141872227191925,0.5931429862976074,0.14800329506397247,0.9600035548210144,0.7409093379974365,0.6155398488044739,-0.4647226333618164,0.9956426620483398
General2,89,1,0.7756689786911011,0.3849540650844574,-0.18641281127929688,0.9811304211616516,0.7818255424499512,0.3778902590274811,-0.17561016976833344,0.9838760495185852,0.7815441489219666,0.377572625875473,-0.17576389014720917,0.9855035543441772,0.7815129160881042,0.37736889719963074,-0.17578598856925964,0.9848743081092834,0.7761385440826416,0.37411296367645264,-0.22693489491939545,0.9764568209648132,0.7749267220497131,0.3732171058654785,-0.22704482078552246,0.9788870811462402,0.7757065892219543,0.3695518970489502,-0.22710247337818146,0.978141725063324,0.7650513648986816,0.372371643781662,-0.08303601294755936,0.9792622327804565,0.7572664618492126,0.36526817083358765,-0.31794223189353943,0.9736460447311401,0.7611571550369263,0.37989550828933716,-0.14237980544567108,0.9739538431167603,0.7601692080497742,0.37867388129234314,-0.21144206821918488,0.9769376516342163,0.6897356510162354,0.37227940559387207,0.05715283006429672,0.9855561852455139,0.7058682441711426,0.3714427351951599,-0.37755298614501953,0.9973823428153992,0.6773150563240051,0.3370552062988281,0.20856231451034546,0.19428473711013794,0.735451340675354,0.3199038505554199,-0.5257919430732727,0.987269401550293,0.675106406211853,0.31630033254623413,0.122677743434906,0.31041088700294495,0.7237401008605957,0.2659408450126648,-0.5344292521476746,0.9879555702209473,0.668897807598114,0.3111962378025055,0.11921410262584686,0.35972166061401367,0.72379469871521,0.24658803641796112,-0.5843465328216553,0.9829356670379639,0.6719224452972412,0.3094925880432129,0.07644139230251312,0.3646021783351898,0.7218057513237,0.2458282858133316,-0.5719758868217468,0.9815301299095154,0.6737391948699951,0.31174561381340027,0.10027696192264557,0.38206779956817627,0.7179861068725586,0.25251448154449463,-0.5280212163925171,0.9743194580078125,0.5562564730644226,0.451821893453598,0.17647212743759155,0.9977974891662598,0.5547858476638794,0.4531599283218384,-0.1763845831155777,0.9990142583847046,0.5707737803459167,0.5242170691490173,0.20794159173965454,0.8958910703659058,0.6064916849136353,0.522217333316803,-0.20357410609722137,0.9986224174499512,0.42984992265701294,0.5589288473129272,0.3805660903453827,0.9538937211036682,0.6542887091636658,0.6019608974456787,-0.16044053435325623,0.9987215399742126,0.3982045650482178,0.559317409992218,0.3923197090625763,0.9309533834457397,0.6506388187408447,0.6153233051300049,-0.16121011972427368,0.9969653487205505,0.43323883414268494,0.5920226573944092,0.3169061243534088,0.9426784515380859,0.7338322997093201,0.6177455186843872,-0.28608718514442444,0.996670663356781
General2,90,1,0.7697485089302063,0.37906503677368164,-0.21094752848148346,0.9794475436210632,0.7762601375579834,0.372283399105072,-0.19686932861804962,0.9833747148513794,0.7759217023849487,0.37220633029937744,-0.19702443480491638,0.9849478602409363,0.775590181350708,0.3721039593219757,-0.1970866173505783,0.9847532510757446,0.7749708294868469,0.3711468279361725,-0.2459200769662857,0.973311185836792,0.7736209630966187,0.37039631605148315,-0.2460317611694336,0.9762415289878845,0.774641215801239,0.3668367862701416,-0.24606385827064514,0.9744199514389038,0.7583991885185242,0.36818617582321167,-0.09181475639343262,0.9799661040306091,0.7561781406402588,0.3634892404079437,-0.31597352027893066,0.9695898294448853,0.7609978914260864,0.3772764503955841,-0.16262215375900269,0.9711513519287109,0.7600547671318054,0.375988632440567,-0.22838804125785828,0.9704709053039551,0.6912746429443359,0.37836164236068726,0.05971352383494377,0.9908478260040283,0.6990529298782349,0.368071585893631,-0.36854201555252075,0.9967231154441833,0.689176082611084,0.35275188088417053,0.210757315158844,0.18914227187633514,0.7357702255249023,0.31832456588745117,-0.5145601034164429,0.9872768521308899,0.6863706111907959,0.342306524515152,0.12313847243785858,0.3341177999973297,0.7252435684204102,0.26596599817276,-0.5039392113685608,0.9848219752311707,0.6811262369155884,0.34084928035736084,0.12505067884922028,0.37334996461868286,0.7256959676742554,0.2471907138824463,-0.5488388538360596,0.9762135744094849,0.6822513341903687,0.33792153000831604,0.07980434596538544,0.3807726204395294,0.7216432690620422,0.24563974142074585,-0.5358440279960632,0.9742040634155273,0.6838192343711853,0.3393174409866333,0.10080769658088684,0.39349129796028137,0.7207476496696472,0.25345146656036377,-0.4980829656124115,0.9670670032501221,0.5589578151702881,0.45010024309158325,0.17306408286094666,0.9980308413505554,0.556357204914093,0.4498928189277649,-0.17292264103889465,0.9991090893745422,0.5680327415466309,0.5211189985275269,0.19613468647003174,0.8883814811706543,0.6065495610237122,0.5216623544692993,-0.22796601057052612,0.9987940788269043,0.4302845001220703,0.5595659017562866,0.35854440927505493,0.952532172203064,0.6547932624816895,0.6024603843688965,-0.2202635556459427,0.9987109899520874,0.3994830846786499,0.5595093369483948,0.368987500667572,0.9259889721870422,0.656247079372406,0.6166844367980957,-0.22416600584983826,0.9969061017036438,0.4414101541042328,0.5944899916648865,0.28916412591934204,0.9439687132835388,0.74518883228302,0.6192164421081543,-0.35054633021354675,0.9969732761383057
General2,91,1,0.7698318362236023,0.37630772590637207,-0.20611700415611267,0.981836199760437,0.776465892791748,0.37068691849708557,-0.19229117035865784,0.985088050365448,0.7763419151306152,0.370582640171051,-0.19244837760925293,0.9862998127937317,0.7764257788658142,0.3702467381954193,-0.19250304996967316,0.9865220189094543,0.7751104235649109,0.36952662467956543,-0.24203497171401978,0.9764840006828308,0.7739644050598145,0.36868399381637573,-0.2421472817659378,0.9789703488349915,0.7728663682937622,0.36771878600120544,-0.24219144880771637,0.9785289764404297,0.7604745626449585,0.36569270491600037,-0.08776968717575073,0.9817012548446655,0.7544386982917786,0.3633427619934082,-0.31524336338043213,0.9729132652282715,0.756964921951294,0.3780541718006134,-0.15799860656261444,0.9737933874130249,0.7559695243835449,0.3767029941082001,-0.2248336523771286,0.9744817614555359,0.6926913261413574,0.3722360134124756,0.06170876696705818,0.9883006811141968,0.6970697641372681,0.36816906929016113,-0.3708159327507019,0.9968194961547852,0.6801513433456421,0.345842182636261,0.22587552666664124,0.18745824694633484,0.7338495254516602,0.31818899512290955,-0.523783802986145,0.9873048663139343,0.6762353777885437,0.32961973547935486,0.15619592368602753,0.34016573429107666,0.723004937171936,0.26559096574783325,-0.5318958163261414,0.9863454699516296,0.6702992916107178,0.32663166522979736,0.1587984412908554,0.38472336530685425,0.7231835126876831,0.24658691883087158,-0.5805165767669678,0.9790786504745483,0.6718622446060181,0.3238329589366913,0.11441110074520111,0.38975486159324646,0.7213969826698303,0.24587737023830414,-0.5686885714530945,0.977146327495575,0.6738966703414917,0.3254886865615845,0.13444733619689941,0.3995915949344635,0.7173537015914917,0.25234436988830566,-0.5264416933059692,0.9693700075149536,0.56001216173172,0.4499282240867615,0.17480850219726562,0.9979462027549744,0.5545814633369446,0.4484550356864929,-0.17468129098415375,0.9990109205245972,0.567953884601593,0.5209765434265137,0.17638131976127625,0.8901211619377136,0.6073445081710815,0.5197772979736328,-0.23829461634159088,0.9988334774971008,0.4301851987838745,0.5590309500694275,0.32395920157432556,0.9551109075546265,0.6531037092208862,0.6011732816696167,-0.23056544363498688,0.9988158941268921,0.39840173721313477,0.5591089129447937,0.33246415853500366,0.9302145838737488,0.6575648784637451,0.6131563186645508,-0.23465998470783234,0.9971025586128235,0.4406161308288574,0.5939453840255737,0.24708403646945953,0.9471732974052429,0.7274185419082642,0.6161075830459595,-0.3647805154323578,0.9971711039543152
General2,92,1,0.7724877595901489,0.38444268703460693,0.05967501550912857,0.9726866483688354,0.7807968854904175,0.3769926428794861,0.06984920054674149,0.9817425012588501,0.7799510955810547,0.3761351406574249,0.06970144063234329,0.9788025617599487,0.7790336012840271,0.37474700808525085,0.06958165019750595,0.9810193181037903,0.7815338969230652,0.37629833817481995,0.0187375545501709,0.9709270596504211,0.7812769412994385,0.37506377696990967,0.018633492290973663,0.9684599041938782,0.7808887958526611,0.3734818994998932,0.018551554530858994,0.9726885557174683,0.7550449371337891,0.3690694570541382,0.1305183470249176,0.9709180593490601,0.7663781046867371,0.3666696846485138,-0.09968721121549606,0.970246434211731,0.7599663138389587,0.38634809851646423,0.09161186218261719,0.9772261381149292,0.7612558603286743,0.3851702809333801,0.02401270903646946,0.9774851202964783,0.673386812210083,0.37014609575271606,0.2591364085674286,0.9920706152915955,0.7276320457458496,0.3648795783519745,-0.20855338871479034,0.9992423057556152,0.6286750435829163,0.3882642984390259,0.3809460997581482,0.04815613105893135,0.7735453248023987,0.32208096981048584,-0.38478660583496094,0.9914201498031616,0.6103620529174805,0.39771008491516113,0.2426675260066986,0.11371985822916031,0.8198000192642212,0.2686322033405304,-0.40938425064086914,0.9962989687919617,0.6014715433120728,0.3995337188243866,0.256287157535553,0.16402743756771088,0.835659384727478,0.2561018168926239,-0.4642754793167114,0.9937080144882202,0.6131060123443604,0.39643359184265137,0.19653576612472534,0.1739722043275833,0.8358025550842285,0.25494062900543213,-0.4253489375114441,0.9930300116539001,0.6165919899940491,0.39696377515792847,0.21583497524261475,0.18679876625537872,0.830116868019104,0.26044684648513794,-0.39507368206977844,0.9903454184532166,0.539284348487854,0.44219231605529785,0.17703430354595184,0.9984381794929504,0.5516743659973145,0.4432773292064667,-0.17665885388851166,0.9991650581359863,0.5587603449821472,0.513098418712616,0.18629442155361176,0.6140157580375671,0.5934658646583557,0.524138867855072,-0.13970856368541718,0.9970711469650269,0.45407596230506897,0.5544528961181641,0.2882201075553894,0.8629189729690552,0.6197249889373779,0.6033636331558228,-0.10457329452037811,0.9969903230667114,0.4241211712360382,0.5548447966575623,0.2927949130535126,0.8544603586196899,0.6100453734397888,0.6135486364364624,-0.10451050847768784,0.9943248629570007,0.4757324457168579,0.5895780920982361,0.2296442836523056,0.8404381275177002,0.703028678894043,0.61843341588974,-0.18895235657691956,0.9929654598236084
General2,93,1,0.7606716752052307,0.37533992528915405,-0.03261755779385567,0.9768165946006775,0.7660269737243652,0.3676825761795044,-0.013452492654323578,0.9813544750213623,0.7654075622558594,0.3671914041042328,-0.013645379804074764,0.9789016842842102,0.7597008943557739,0.3697294294834137,-0.013748511672019958,0.9810094833374023,0.7599309682846069,0.362199604511261,-0.05722275376319885,0.9705326557159424,0.7593353390693665,0.36114656925201416,-0.05730690062046051,0.9703176021575928,0.7585282325744629,0.35989564657211304,-0.05732787400484085,0.9731763601303101,0.7486358284950256,0.36494290828704834,0.09694048762321472,0.9716066718101501,0.7418383359909058,0.3539677858352661,-0.09912259131669998,0.9709741473197937,0.7495027780532837,0.3782322406768799,0.017165152356028557,0.9780771732330322,0.7441698908805847,0.37253811955451965,-0.04064219444990158,0.9756551384925842,0.6813851594924927,0.374977171421051,0.25021353363990784,0.9894892573356628,0.7042961716651917,0.3533064126968384,-0.19181044399738312,0.9990543723106384,0.64549320936203,0.39649835228919983,0.3646884262561798,0.03335970640182495,0.7690895795822144,0.3163469433784485,-0.37439629435539246,0.9931198358535767,0.6144170165061951,0.4045182466506958,0.22974388301372528,0.07304218411445618,0.8106255531311035,0.26851600408554077,-0.3871750235557556,0.9924042820930481,0.5994574427604675,0.4078124463558197,0.24152426421642303,0.11502242833375931,0.8263993859291077,0.25718793272972107,-0.4367366135120392,0.9863662719726562,0.6090399026870728,0.40310418605804443,0.1905364692211151,0.12215939909219742,0.8280813097953796,0.25626125931739807,-0.4018758535385132,0.9846631288528442,0.6136258244514465,0.40256404876708984,0.20652826130390167,0.12647338211536407,0.8202216625213623,0.26146751642227173,-0.374185711145401,0.9808436036109924,0.5510707497596741,0.4420529305934906,0.17049050331115723,0.9977700710296631,0.5459887385368347,0.4413225054740906,-0.17013676464557648,0.9991023540496826,0.5653437376022339,0.5142167210578918,0.16602498292922974,0.5529228448867798,0.5907648205757141,0.5237842202186584,-0.17975541949272156,0.9968910813331604,0.4507734179496765,0.553818941116333,0.28514158725738525,0.84686279296875,0.6236942410469055,0.6063641905784607,-0.18864288926124573,0.996806263923645,0.4204629361629486,0.5529251098632812,0.29143497347831726,0.8330698609352112,0.6060289740562439,0.6201440095901489,-0.1942756623029709,0.9944304823875427,0.46950310468673706,0.58906489610672,0.217535138130188,0.8454352617263794,0.7022513151168823,0.620836615562439,-0.3007236421108246,0.9930699467658997
General2,94,1,0.7557032108306885,0.382956326007843,-0.047511324286460876,0.9815763235092163,0.7626766562461853,0.37590569257736206,-0.027068639174103737,0.984771192073822,0.7621853947639465,0.3756827712059021,-0.02723449468612671,0.9840986132621765,0.7616554498672485,0.3749915063381195,-0.02731965482234955,0.9832950234413147,0.7632209658622742,0.37374866008758545,-0.06988771259784698,0.9763086438179016,0.7630226016044617,0.3722321689128876,-0.06998369842767715,0.9780635833740234,0.7653579115867615,0.3679579496383667,-0.07000905275344849,0.97853684425354,0.7505837678909302,0.372883677482605,0.0899452418088913,0.9755958318710327,0.7519711256027222,0.36068087816238403,-0.10294314473867416,0.9797884821891785,0.7487978935241699,0.3827446699142456,0.003443928435444832,0.9798499345779419,0.7496558427810669,0.3801705539226532,-0.053528301417827606,0.9817172288894653,0.6847039461135864,0.3806785047054291,0.22194108366966248,0.9916525483131409,0.705949068069458,0.353444367647171,-0.17551575601100922,0.9994505047798157,0.6518256664276123,0.4004881978034973,0.2628207802772522,0.04827941209077835,0.77092045545578,0.31445303559303284,-0.34206244349479675,0.9939380884170532,0.627446174621582,0.4023536145687103,0.06359433382749557,0.12816238403320312,0.8119869232177734,0.26590293645858765,-0.3358074724674225,0.9914717078208923,0.6130362749099731,0.40418460965156555,0.059740372002124786,0.19069164991378784,0.828109860420227,0.25712454319000244,-0.3837437331676483,0.9826471209526062,0.6241552829742432,0.3987463116645813,0.0157487615942955,0.20170113444328308,0.8298213481903076,0.2564008831977844,-0.3517780601978302,0.9807000160217285,0.6286048889160156,0.39877092838287354,0.04099441319704056,0.20257136225700378,0.8207229375839233,0.26050084829330444,-0.32451364398002625,0.9759905934333801,0.552639901638031,0.443045973777771,0.16023480892181396,0.9981436729431152,0.5486863255500793,0.4393552541732788,-0.15993419289588928,0.9993544220924377,0.564825713634491,0.515451967716217,0.1868361085653305,0.675202488899231,0.5910804867744446,0.5226232409477234,-0.19970852136611938,0.9981971383094788,0.4483056366443634,0.5545352697372437,0.2853156626224518,0.902298629283905,0.6232872605323792,0.6057204008102417,-0.24699467420578003,0.9977311491966248,0.4202083945274353,0.5540174245834351,0.290022075176239,0.8905290961265564,0.6133246421813965,0.6166814565658569,-0.25585997104644775,0.9953481554985046,0.4679079055786133,0.5884367227554321,0.2137298583984375,0.9013552665710449,0.7025652527809143,0.6202969551086426,-0.3655867278575897,0.9946118593215942
General2,95,0,,,,,,,,,,,,,,,,,,,,,,,,,,,,,,,,,,,,,,,,,,,,,,,,,,,,,,,,,,,,,,,,,,,,,,,,,,,,,,,,,,,,,,,,,,,,,,,,,,,,,,,,,,,,,,,,,,,,,,,,,,,,,,,,,,,,
General2,96,1,0.7228213548660278,0.3796621561050415,-0.35859549045562744,0.9925334453582764,0.7323591709136963,0.37309667468070984,-0.348178505897522,0.9897127151489258,0.7337733507156372,0.372908353805542,-0.3482886552810669,0.9880619049072266,0.7351989150047302,0.37276822328567505,-0.3484261631965637,0.9887887835502625,0.7264555096626282,0.3716335892677307,-0.39293473958969116,0.9937739372253418,0.7229704260826111,0.3701419234275818,-0.3930162787437439,0.9932550191879272,0.719506561756134,0.36868107318878174,-0.3931344151496887,0.99347984790802,0.7252740859985352,0.36530596017837524,-0.22186677157878876,0.9872089624404907,0.7026469111442566,0.3597469925880432,-0.429038941860199,0.9889286160469055,0.712034285068512,0.38023611903190613,-0.2976468503475189,0.9851539731025696,0.7191406488418579,0.3735562562942505,-0.359020471572876,0.9910367727279663,0.6816937923431396,0.3632276952266693,-0.04721496254205704,0.9866493344306946,0.6367180347442627,0.35560715198516846,-0.4476322829723358,0.998112678527832,0.7032089829444885,0.3692759871482849,0.1360960602760315,0.11544442176818848,0.6554700136184692,0.3458198308944702,-0.6873776316642761,0.7605276703834534,0.763336718082428,0.3647729158401489,0.14922937750816345,0.18499384820461273,0.6972097158432007,0.33042728900909424,-0.8828312158584595,0.5726550817489624,0.77547287940979,0.3636064827442169,0.15545566380023956,0.2233780473470688,0.703392744064331,0.32707080245018005,-0.9580579996109009,0.5727943778038025,0.7810654044151306,0.36085209250450134,0.11127255111932755,0.24130351841449738,0.7077365517616272,0.32490769028663635,-0.9426471590995789,0.5720002055168152,0.7764651775360107,0.3624267578125,0.1293703019618988,0.2441006898880005,0.704369306564331,0.32663217186927795,-0.883171796798706,0.49159565567970276,0.5655615925788879,0.4514760375022888,0.1543601155281067,0.997525155544281,0.5399672389030457,0.4495077431201935,-0.15441346168518066,0.9994595646858215,0.5773820877075195,0.5088533759117126,0.3644813001155853,0.7369387745857239,0.5692550539970398,0.5222530364990234,-0.17743228375911713,0.9900596141815186,0.47753506898880005,0.5528066754341125,0.6828562617301941,0.680537223815918,0.5785226821899414,0.5971453189849854,-0.10259436815977097,0.993378221988678,0.44851505756378174,0.5559275150299072,0.7108325362205505,0.715512216091156,0.5739700198173523,0.6084280014038086,-0.10277678817510605,0.9900111556053162,0.4836151599884033,0.5736610293388367,0.631618082523346,0.6135943531990051,0.6217666864395142,0.6219040155410767,-0.2825021743774414,0.9815318584442139
General2,97,1,0.7078350186347961,0.3657569885253906,-0.4030565023422241,0.9859758019447327,0.7175883054733276,0.35953113436698914,-0.3851533830165863,0.9736751914024353,0.7203513383865356,0.35970431566238403,-0.38524675369262695,0.9712692499160767,0.7231080532073975,0.35992759466171265,-0.3853546679019928,0.9711834788322449,0.7082623839378357,0.3576618731021881,-0.4173561632633209,0.9861473441123962,0.7039487361907959,0.35630834102630615,-0.41753292083740234,0.9850537180900574,0.6996606588363647,0.3549756407737732,-0.417796790599823,0.9864615797996521,0.7176787257194519,0.3555580973625183,-0.2229001522064209,0.9602442979812622,0.6834190487861633,0.34863486886024475,-0.37558770179748535,0.9848780035972595,0.7015184164047241,0.3686017692089081,-0.33163121342658997,0.9702110886573792,0.6904504299163818,0.36615824699401855,-0.3771582543849945,0.9900056719779968,0.6920465230941772,0.3648469150066376,-0.06713797152042389,0.99164879322052,0.6019466519355774,0.3502252995967865,-0.3360704481601715,0.9993289709091187,0.7209333181381226,0.36783865094184875,0.012781280092895031,0.40126916766166687,0.5123613476753235,0.3561416566371918,-0.5257651805877686,0.68536376953125,0.7848529815673828,0.3487725257873535,-0.04963061213493347,0.5068935751914978,0.5298242568969727,0.36001056432724,-0.7428001761436462,0.45735031366348267,0.8019263744354248,0.3445049524307251,-0.0614183247089386,0.49292027950286865,0.5276402235031128,0.36348849534988403,-0.8022857308387756,0.43517574667930603,0.8047812581062317,0.34107697010040283,-0.09144043922424316,0.5061042904853821,0.5455961227416992,0.3605664074420929,-0.7946235537528992,0.44304215908050537,0.7978458404541016,0.3433955907821655,-0.06669639050960541,0.4933210015296936,0.5450037121772766,0.3598756194114685,-0.7447255253791809,0.39522525668144226,0.574329674243927,0.4537842273712158,0.1264120638370514,0.9957459568977356,0.5323561429977417,0.44756409525871277,-0.12630635499954224,0.9995492100715637,0.5862300395965576,0.5118380188941956,0.2964935004711151,0.7697370052337646,0.573145866394043,0.5163576006889343,-0.2869383990764618,0.9856945872306824,0.4826236367225647,0.5513485074043274,0.6869467496871948,0.6277638077735901,0.5790166258811951,0.5952388644218445,-0.1864088922739029,0.9889296889305115,0.4548168480396271,0.5542414784431458,0.7217068076133728,0.6892102360725403,0.5753738880157471,0.6068679094314575,-0.1836143583059311,0.979330837726593,0.4868527054786682,0.5752003192901611,0.6274808049201965,0.5221940875053406,0.6192420125007629,0.6190694570541382,-0.3936435282230377,0.9692448973655701
General2,98,1,0.8389847874641418,0.401216983795166,-0.6312271952629089,0.9993613362312317,0.8318063020706177,0.39286693930625916,-0.6684697270393372,0.999637246131897,0.8307638168334961,0.38804891705513,-0.6684317588806152,0.9995409250259399,0.8316410183906555,0.3870936334133148,-0.6685407161712646,0.9996510744094849,0.822943925857544,0.4015648365020752,-0.6802671551704407,0.9997219443321228,0.8218876123428345,0.4033893942832947,-0.6805528402328491,0.9996681213378906,0.8257997035980225,0.4078253507614136,-0.6806762218475342,0.9997923970222473,0.8065609931945801,0.38396450877189636,-0.6723479628562927,0.9992237091064453,0.7936237454414368,0.41198134422302246,-0.732225775718689,0.9995055198669434,0.8155597448348999,0.3955038785934448,-0.6123387813568115,0.9993423819541931,0.8140335083007812,0.40458279848098755,-0.6305274367332458,0.9995847344398499,0.7771916389465332,0.3654386103153229,-0.4543733298778534,0.9963377714157104,0.7064182758331299,0.44891151785850525,-0.6518065929412842,0.9990000128746033,0.8535617589950562,0.3475009500980377,-0.21121469140052795,0.4880010485649109,0.7784059047698975,0.4684116542339325,-0.516239583492279,0.8624871969223022,0.9589539766311646,0.3516181707382202,-0.1330721229314804,0.7058277726173401,0.8876229524612427,0.45803102850914,-0.39773234724998474,0.7019076943397522,0.96488356590271,0.33651697635650635,-0.15110541880130768,0.6987907290458679,0.9062230587005615,0.46175873279571533,-0.4596683084964752,0.7059119343757629,0.9688594341278076,0.3424091637134552,-0.2087203860282898,0.7053741216659546,0.907997727394104,0.4495231807231903,-0.48772361874580383,0.7214140295982361,0.9561846852302551,0.34382250905036926,-0.15321408212184906,0.6707386374473572,0.9007939100265503,0.445821613073349,-0.40826672315597534,0.696901261806488,0.5463802218437195,0.3977530598640442,0.10846877098083496,0.9997738003730774,0.5143494009971619,0.4307761490345001,-0.10831929743289948,0.9999314546585083,0.5894221663475037,0.4495777487754822,0.3012297451496124,0.33195605874061584,0.5510848164558411,0.516804575920105,-0.0035759026650339365,0.9504836797714233,0.5248945355415344,0.4928308427333832,0.8277158141136169,0.5195483565330505,0.5449315309524536,0.5914856195449829,0.3022964596748352,0.9707305431365967,0.5110162496566772,0.5017839670181274,0.8843936324119568,0.47835952043533325,0.5300371646881104,0.6063946485519409,0.3318246603012085,0.9254334568977356,0.5427310466766357,0.5049831867218018,0.8308714032173157,0.5102373957633972,0.6143763661384583,0.6125903725624084,0.22602984309196472,0.9202459454536438
General2,99,1,0.8000121116638184,0.3888356685638428,-0.5761955380439758,0.9993245601654053,0.8063527345657349,0.3857867121696472,-0.5995128750801086,0.9996931552886963,0.8056292533874512,0.38313668966293335,-0.5995444059371948,0.9996373653411865,0.8054230213165283,0.3820739984512329,-0.5997233390808105,0.9997268319129944,0.8055041432380676,0.38971301913261414,-0.6249216198921204,0.9997747540473938,0.8051164150238037,0.39333903789520264,-0.625188410282135,0.9997357726097107,0.8011189103126526,0.3956175446510315,-0.6253575086593628,0.9998083710670471,0.7911912798881531,0.37851572036743164,-0.5739384889602661,0.9993570446968079,0.7854771614074707,0.40028101205825806,-0.6958619952201843,0.9996137022972107,0.7918326258659363,0.38826510310173035,-0.5506365895271301,0.999393105506897,0.7851840257644653,0.3953837454319,-0.5871158838272095,0.9996144771575928,0.7510079145431519,0.3624323010444641,-0.35435950756073,0.9968792200088501,0.6819319725036621,0.4373849630355835,-0.6499204039573669,0.9986060261726379,0.8439091444015503,0.34615981578826904,-0.13358649611473083,0.8050870895385742,0.7578368782997131,0.4630047082901001,-0.5886451601982117,0.9655241370201111,0.9415713548660278,0.3327643871307373,-0.10510078817605972,0.9321359395980835,0.8616417646408081,0.46784719824790955,-0.5034400224685669,0.8537673950195312,0.9591538906097412,0.3278648257255554,-0.114290252327919,0.9161321520805359,0.8977248668670654,0.46979835629463196,-0.5631343722343445,0.8205453157424927,0.9621486663818359,0.335041344165802,-0.17222145199775696,0.9179001450538635,0.8976578712463379,0.46060076355934143,-0.5789138078689575,0.8258465528488159,0.9523420333862305,0.3369483947753906,-0.1259656548500061,0.8856891989707947,0.8776954412460327,0.4590926170349121,-0.5084714293479919,0.7926106452941895,0.5231693983078003,0.3901900053024292,0.13105075061321259,0.9996757507324219,0.49907800555229187,0.42632248997688293,-0.13088631629943848,0.9998096823692322,0.60066819190979,0.45036154985427856,0.13952374458312988,0.6681177616119385,0.5344610810279846,0.5081420540809631,-0.16019585728645325,0.9817945957183838,0.5530553460121155,0.48526766896247864,0.48646265268325806,0.7825030088424683,0.5413420796394348,0.5873486995697021,-0.006355998106300831,0.9900364875793457,0.5416780710220337,0.4938744902610779,0.5188552737236023,0.6945722103118896,0.524796724319458,0.6056686639785767,0.0032805560622364283,0.9675728678703308,0.5819306373596191,0.4886417090892792,0.41219332814216614,0.7314551472663879,0.592413604259491,0.6076165437698364,-0.15766656398773193,0.9702523946762085
General2,100,0,,,,,,,,,,,,,,,,,,,,,,,,,,,,,,,,,,,,,,,,,,,,,,,,,,,,,,,,,,,,,,,,,,,,,,,,,,,,,,,,,,,,,,,,,,,,,,,,,,,,,,,,,,,,,,,,,,,,,,,,,,,,,,,,,,,,
General2,101,1,0.7654040455818176,0.37708786129951477,-0.3622996211051941,0.9726485013961792,0.7750883102416992,0.37593042850494385,-0.3305407166481018,0.9718393087387085,0.7754263877868652,0.37705767154693604,-0.3307184875011444,0.9675559997558594,0.776221513748169,0.378096342086792,-0.3309386968612671,0.9711076021194458,0.7725934386253357,0.37064942717552185,-0.36873766779899597,0.9807222485542297,0.7719969749450684,0.3688889145851135,-0.3688666522502899,0.9793874025344849,0.7693997621536255,0.36512720584869385,-0.3690614700317383,0.9832313060760498,0.7703883647918701,0.37553277611732483,-0.14503531157970428,0.9494178295135498,0.7588638067245483,0.3594842851161957,-0.3214995861053467,0.9792312383651733,0.7501091957092285,0.3788798749446869,-0.28846219182014465,0.9580652117729187,0.7507185935974121,0.37493109703063965,-0.34050431847572327,0.9826288223266602,0.7343686819076538,0.3852178156375885,0.040138933807611465,0.9897499680519104,0.668556809425354,0.3569473624229431,-0.2945442795753479,0.9982722997665405,0.7496411800384521,0.41057324409484863,0.18251296877861023,0.2683694362640381,0.6008133292198181,0.35603785514831543,-0.45609843730926514,0.9082390666007996,0.751049816608429,0.41508740186691284,0.109315425157547,0.4381183385848999,0.5861994028091431,0.3524077534675598,-0.6753391623497009,0.8768048882484436,0.7505224347114563,0.4193122088909149,0.1086944043636322,0.45151641964912415,0.5768965482711792,0.34965580701828003,-0.738950788974762,0.8723428845405579,0.7512638568878174,0.4142630100250244,0.06495121866464615,0.45902496576309204,0.58991539478302,0.34933242201805115,-0.7455147504806519,0.8734154105186462,0.7495644092559814,0.4128818213939667,0.08990728855133057,0.4440726041793823,0.5935173034667969,0.3515489101409912,-0.6833983063697815,0.8218607902526855,0.5874520540237427,0.43893760442733765,0.14171823859214783,0.9894179701805115,0.5268586874008179,0.43003082275390625,-0.14146903157234192,0.9928609728813171,0.6373583078384399,0.4986531138420105,0.022715790197253227,0.867949903011322,0.5133559107780457,0.5042273998260498,-0.29595792293548584,0.9904500842094421,0.5420336723327637,0.5562233328819275,0.10568719357252121,0.8574761748313904,0.516433835029602,0.5851290822029114,-0.2908768057823181,0.9930734038352966,0.5162786245346069,0.568805992603302,0.10526389628648758,0.8188473582267761,0.50430828332901,0.5973883867263794,-0.3014388084411621,0.9754623174667358,0.5798121094703674,0.5840331315994263,-0.018557339906692505,0.868075430393219,0.5572064518928528,0.6021403670310974,-0.49810993671417236,0.984639048576355
General2,102,1,0.7590302228927612,0.3751930594444275,-0.3843725323677063,0.862629234790802,0.7708820104598999,0.3747641146183014,-0.35512638092041016,0.8432111144065857,0.7722854018211365,0.376983106136322,-0.35529497265815735,0.8434915542602539,0.772784411907196,0.378412127494812,-0.3554980754852295,0.8488732576370239,0.7700376510620117,0.3694443702697754,-0.3903735876083374,0.8721758127212524,0.769406795501709,0.3652941882610321,-0.3905194103717804,0.8688860535621643,0.7684952020645142,0.3628711998462677,-0.3907470703125,0.8869422674179077,0.7688592672348022,0.3769860863685608,-0.17602626979351044,0.729841411113739,0.7590441107749939,0.35882821679115295,-0.33726072311401367,0.8575322031974792,0.7478296756744385,0.3774716854095459,-0.3125893771648407,0.7915548086166382,0.7470605373382568,0.3715985119342804,-0.36004582047462463,0.8969188928604126,0.7286518812179565,0.388516366481781,0.01214680727571249,0.971733033657074,0.671468198299408,0.35560306906700134,-0.29452967643737793,0.9973474740982056,0.7193858623504639,0.4176051616668701,0.13740523159503937,0.12418534606695175,0.5987012982368469,0.3487927317619324,-0.35632839798927307,0.9254416823387146,0.7141941785812378,0.42938557267189026,0.027619320899248123,0.2144433706998825,0.5678549408912659,0.34243178367614746,-0.4650161862373352,0.8881259560585022,0.7128094434738159,0.43569740653038025,0.02625580132007599,0.24205997586250305,0.5557909607887268,0.3381120562553406,-0.5124177932739258,0.8696407675743103,0.7168832421302795,0.43214014172554016,-0.02423597313463688,0.2496545910835266,0.563780665397644,0.3382914960384369,-0.5233485102653503,0.8735395073890686,0.7155250310897827,0.4296902120113373,0.004449764732271433,0.2535609006881714,0.5679036974906921,0.3411486744880676,-0.47289738059043884,0.833798885345459,0.5836259722709656,0.43839746713638306,0.13501082360744476,0.9724932312965393,0.5269269943237305,0.42997875809669495,-0.13473880290985107,0.9859629273414612,0.637055516242981,0.49921905994415283,0.02017480507493019,0.823881208896637,0.5172125101089478,0.5016214847564697,-0.2824728488922119,0.9920005798339844,0.5423644185066223,0.5565088987350464,0.09807025641202927,0.8309287428855896,0.5211207866668701,0.5813721418380737,-0.2663476765155792,0.9919543862342834,0.523203432559967,0.5703303217887878,0.09793946146965027,0.7806617617607117,0.5050279498100281,0.5921462178230286,-0.2754819691181183,0.9688030481338501,0.5845450758934021,0.5878470540046692,-0.022478286176919937,0.8464728593826294,0.5633569955825806,0.5994850397109985,-0.4634433090686798,0.9813439846038818
General2,103,1,0.7809467315673828,0.4131253957748413,-0.132149338722229,0.9437580108642578,0.7981739640235901,0.40166252851486206,-0.12692676484584808,0.9612587690353394,0.7986130714416504,0.40169811248779297,-0.12709783017635345,0.9661766886711121,0.7996522188186646,0.40205109119415283,-0.12728342413902283,0.9652688503265381,0.7954103946685791,0.4089617133140564,-0.17680752277374268,0.9667237401008606,0.794448971748352,0.40771007537841797,-0.17693419754505157,0.9682198166847229,0.7934591770172119,0.4064933657646179,-0.17712929844856262,0.9685247540473938,0.7930053472518921,0.39631566405296326,-0.06356503814458847,0.9150413870811462,0.7854160070419312,0.39731067419052124,-0.29335179924964905,0.9383525252342224,0.7658594846725464,0.41082891821861267,-0.09693395346403122,0.8979241847991943,0.7639084458351135,0.40991753339767456,-0.16548098623752594,0.9106485843658447,0.7460891008377075,0.3882221281528473,0.10468219220638275,0.9545881748199463,0.7213730216026306,0.3892948031425476,-0.3857308626174927,0.9893227219581604,0.7931386232376099,0.4254392683506012,0.23662082850933075,0.08731751143932343,0.767558753490448,0.4337419867515564,-0.4368895888328552,0.8094010949134827,0.8358441591262817,0.4587530195713043,0.1576557606458664,0.1628093719482422,0.8186142444610596,0.45641422271728516,-0.2358071506023407,0.5352544188499451,0.8483575582504272,0.4647488296031952,0.1794581264257431,0.18651185929775238,0.8287539482116699,0.4625769853591919,-0.25856029987335205,0.5059157013893127,0.8459919691085815,0.4652690887451172,0.12418197095394135,0.19851063191890717,0.8280028104782104,0.46007776260375977,-0.22597961127758026,0.4912058413028717,0.8384407162666321,0.4640125036239624,0.13321509957313538,0.20148393511772156,0.8219427466392517,0.4575861990451813,-0.2171761840581894,0.43323883414268494,0.5303927063941956,0.4145200848579407,0.1895853728055954,0.9872918128967285,0.49910110235214233,0.41358470916748047,-0.18953834474086761,0.9969243407249451,0.6340992450714111,0.48643022775650024,0.3242027461528778,0.5087236762046814,0.5044166445732117,0.49590039253234863,-0.2036283016204834,0.9952404499053955,0.5381463766098022,0.561482310295105,0.5347627401351929,0.7263515591621399,0.49472227692604065,0.5873876810073853,-0.25645911693573,0.9977444410324097,0.5006408095359802,0.5770808458328247,0.551026463508606,0.5979270339012146,0.46983253955841064,0.6020168662071228,-0.2679184377193451,0.9912688732147217,0.5591859221458435,0.5906789898872375,0.4808039963245392,0.7573084235191345,0.5596768856048584,0.6118374466896057,-0.41629916429519653,0.9946401715278625
General2,104,1,0.7926698923110962,0.4206879734992981,-0.330768883228302,0.9769271612167358,0.8108198642730713,0.41706016659736633,-0.3258242607116699,0.9830247163772583,0.8114869594573975,0.41637617349624634,-0.32597479224205017,0.9850476980209351,0.8121021389961243,0.41568973660469055,-0.326171338558197,0.9842976927757263,0.8088135123252869,0.4163018465042114,-0.38006120920181274,0.9848544597625732,0.8080788850784302,0.41482245922088623,-0.3802151381969452,0.9866437315940857,0.8073094487190247,0.41337406635284424,-0.3803333640098572,0.9857481122016907,0.8094041347503662,0.4046442210674286,-0.23631544411182404,0.9649975895881653,0.8021459579467773,0.4021851122379303,-0.48740077018737793,0.9763839840888977,0.7776327133178711,0.4171225130558014,-0.2844807505607605,0.9653007388114929,0.7761129140853882,0.4159271717071533,-0.35923948884010315,0.9734062552452087,0.7928674817085266,0.38975125551223755,-0.03035605512559414,0.9863264560699463,0.7300012111663818,0.38954219222068787,-0.5261111259460449,0.994448184967041,0.8143488168716431,0.4239412546157837,0.1716233193874359,0.14050498604774475,0.7494322061538696,0.4360317289829254,-0.5284498333930969,0.7694529294967651,0.8421464562416077,0.45157817006111145,0.14412802457809448,0.2037471979856491,0.7785080671310425,0.4471818804740906,-0.27845054864883423,0.43514546751976013,0.8522579073905945,0.4571722149848938,0.16259147226810455,0.22129784524440765,0.7834968566894531,0.44957929849624634,-0.2988521456718445,0.4283522963523865,0.8464946150779724,0.4552444517612457,0.10495910793542862,0.234677255153656,0.7817598581314087,0.446879506111145,-0.2871971130371094,0.42581707239151,0.8387095928192139,0.4540684223175049,0.11938821524381638,0.23129163682460785,0.7778979539871216,0.4460718035697937,-0.2659499943256378,0.38007745146751404,0.5674830079078674,0.41500920057296753,0.1844015270471573,0.9927979111671448,0.5119633078575134,0.41410520672798157,-0.18420685827732086,0.9978895783424377,0.6459825038909912,0.4853905737400055,0.32432472705841064,0.6680855751037598,0.5139721632003784,0.49446937441825867,-0.22460907697677612,0.996096670627594,0.5411845445632935,0.560443639755249,0.5511152148246765,0.828934371471405,0.49348583817481995,0.5882294178009033,-0.27817094326019287,0.9979099631309509,0.5051822662353516,0.574031412601471,0.567703366279602,0.6816985011100769,0.4662262201309204,0.6029555201530457,-0.29051151871681213,0.9914758205413818,0.6003491282463074,0.5875372886657715,0.4766417145729065,0.8553094863891602,0.5595712661743164,0.6125974059104919,-0.4618680477142334,0.9954889416694641
General2,105,1,0.7600544691085815,0.4147000014781952,-0.18169376254081726,0.9475936889648438,0.7873751521110535,0.405375212430954,-0.1779078096151352,0.9637799859046936,0.7879277467727661,0.40529876947402954,-0.1780427247285843,0.9661064743995667,0.7887543439865112,0.40550169348716736,-0.17823657393455505,0.9662367105484009,0.7774218320846558,0.4113258123397827,-0.2294464409351349,0.9697892069816589,0.7771455645561218,0.4100031852722168,-0.22960062325000763,0.9705004692077637,0.7768365144729614,0.4087163209915161,-0.2297971248626709,0.9723411798477173,0.7771384716033936,0.39965564012527466,-0.11070821434259415,0.9239584803581238,0.7727128267288208,0.39865127205848694,-0.3494234085083008,0.951443076133728,0.7574091553688049,0.40693485736846924,-0.14421610534191132,0.9257816076278687,0.7452906370162964,0.4102404713630676,-0.21546053886413574,0.9444876909255981,0.7323393225669861,0.3874383866786957,0.06344687193632126,0.9466245174407959,0.7129707932472229,0.3841310739517212,-0.4236276149749756,0.9924190044403076,0.7604822516441345,0.4201711118221283,0.22269192337989807,0.08152739703655243,0.7358097434043884,0.42290744185447693,-0.4648085832595825,0.8493505120277405,0.8142321705818176,0.44826826453208923,0.154484823346138,0.1899375468492508,0.7885743975639343,0.44611382484436035,-0.2675866484642029,0.6811434626579285,0.8289757370948792,0.45289120078086853,0.17602747678756714,0.2308545559644699,0.7971847057342529,0.4522359371185303,-0.2906733453273773,0.6662675738334656,0.8324779272079468,0.4537958800792694,0.11658518016338348,0.24200691282749176,0.8019258975982666,0.45007458329200745,-0.2562505602836609,0.6525744199752808,0.8244222402572632,0.45281168818473816,0.12856028974056244,0.24473728239536285,0.796654224395752,0.4478515684604645,-0.247441366314888,0.5861715078353882,0.5242123603820801,0.4110812842845917,0.18198783695697784,0.9848148822784424,0.4944787621498108,0.41187888383865356,-0.18172314763069153,0.9966641068458557,0.6325627565383911,0.48638176918029785,0.28234148025512695,0.5946312546730042,0.5103806853294373,0.4971355199813843,-0.22524167597293854,0.9962600469589233,0.5358206629753113,0.5607951879501343,0.48482006788253784,0.7421594858169556,0.4930410087108612,0.5865433812141418,-0.27710193395614624,0.9978221654891968,0.4973898231983185,0.5740228295326233,0.5001649260520935,0.6075366139411926,0.4687180519104004,0.6007599830627441,-0.28734615445137024,0.9912739396095276,0.5537262558937073,0.5885282158851624,0.4209212064743042,0.7495387196540833,0.5638834238052368,0.6098794341087341,-0.4423598349094391,0.9943690896034241
General2,106,1,0.7729784250259399,0.39196640253067017,0.01282196119427681,0.9995602965354919,0.7763307094573975,0.3776857256889343,0.039586976170539856,0.9996615648269653,0.7762957215309143,0.37769460678100586,0.039476774632930756,0.9996929168701172,0.776595950126648,0.3779803216457367,0.039297111332416534,0.999718964099884,0.7739876508712769,0.37716320157051086,-0.01683107018470764,0.9997628331184387,0.7723983526229858,0.3767048120498657,-0.016977425664663315,0.9997884631156921,0.7714225053787231,0.3765520453453064,-0.017127137631177902,0.9998182654380798,0.7683720588684082,0.37351083755493164,0.14950227737426758,0.9994231462478638,0.7580028176307678,0.36833763122558594,-0.10504865646362305,0.9997217059135437,0.758905291557312,0.3915262222290039,0.05707256868481636,0.9988828301429749,0.7559913992881775,0.3908641040325165,-0.018079858273267746,0.999140739440918,0.7222141623497009,0.38436296582221985,0.29893404245376587,0.9994891881942749,0.6941949129104614,0.37590426206588745,-0.2617531418800354,0.9999154806137085,0.7563238143920898,0.42791712284088135,0.41963061690330505,0.3015105426311493,0.629145622253418,0.41492441296577454,-0.30048081278800964,0.9253236651420593,0.8106666207313538,0.45900845527648926,0.37480661273002625,0.6195321083068848,0.6393991708755493,0.4499279260635376,-0.10066761076450348,0.637734591960907,0.8196767568588257,0.46627047657966614,0.390945702791214,0.5621793270111084,0.6522423028945923,0.4625774919986725,-0.11150804162025452,0.5558226108551025,0.8224095106124878,0.46242499351501465,0.34952712059020996,0.584379255771637,0.6586414575576782,0.46428683400154114,-0.10361509770154953,0.5470448732376099,0.8181514739990234,0.46084195375442505,0.353217214345932,0.5515717267990112,0.6593661308288574,0.46131157875061035,-0.08914290368556976,0.48886096477508545,0.530110776424408,0.40400248765945435,0.18859471380710602,0.9992770552635193,0.5150100588798523,0.400020956993103,-0.18816564977169037,0.999764621257782,0.6301815509796143,0.48224103450775146,0.22911551594734192,0.5263965725898743,0.5019106864929199,0.4969915747642517,-0.29391372203826904,0.9937533736228943,0.6011666655540466,0.5546192526817322,0.31760281324386597,0.7087625861167908,0.47033071517944336,0.5889273881912231,-0.4254225790500641,0.9958177208900452,0.562560498714447,0.5728085041046143,0.32047662138938904,0.6444463729858398,0.43684664368629456,0.5994038581848145,-0.44244417548179626,0.9893887639045715,0.6578717231750488,0.5746287107467651,0.2500818967819214,0.77338707447052,0.5264462828636169,0.61134272813797,-0.5840536952018738,0.9902177453041077
General2,107,1,0.7790617942810059,0.3971234858036041,-0.42866817116737366,0.9996222257614136,0.7690592408180237,0.3749038577079773,-0.40629953145980835,0.9997125267982483,0.7691925764083862,0.3753421902656555,-0.4063803553581238,0.9997318387031555,0.7697814702987671,0.3762275278568268,-0.40669068694114685,0.9997808337211609,0.7682008743286133,0.3730252981185913,-0.46943601965904236,0.9997835755348206,0.7676534056663513,0.3720848262310028,-0.4696148931980133,0.9997939467430115,0.7675309181213379,0.37181025743484497,-0.4697156250476837,0.9998127818107605,0.7646475434303284,0.37344110012054443,-0.255668044090271,0.9995484948158264,0.7658137679100037,0.37595251202583313,-0.5410474538803101,0.9996960163116455,0.7629824280738831,0.3967829942703247,-0.36190107464790344,0.9994611144065857,0.7601680159568787,0.3954090178012848,-0.4462415874004364,0.999592125415802,0.7260043025016785,0.3882397413253784,0.007366805337369442,0.9992344379425049,0.6908719539642334,0.37828731536865234,-0.5913743376731873,0.9996460676193237,0.6863014698028564,0.4301636219024658,0.2585695683956146,0.3143374025821686,0.5997340083122253,0.408929705619812,-0.6217511296272278,0.9585749506950378,0.7002221941947937,0.4561379849910736,0.24321354925632477,0.5133336782455444,0.626937210559845,0.4523559510707855,-0.5085155963897705,0.8400858044624329,0.7001451849937439,0.4617237150669098,0.26860511302948,0.4655885100364685,0.6382166147232056,0.46403953433036804,-0.5597759485244751,0.7872106432914734,0.7082276940345764,0.45961248874664307,0.19182521104812622,0.49841928482055664,0.6570438146591187,0.461925208568573,-0.5458274483680725,0.7835863828659058,0.7065228223800659,0.45897528529167175,0.21184460818767548,0.46824121475219727,0.6536371111869812,0.45931243896484375,-0.49888044595718384,0.6934635639190674,0.5362253785133362,0.40189334750175476,0.19506125152111053,0.9951964020729065,0.49423086643218994,0.39519694447517395,-0.19441941380500793,0.99769127368927,0.5934665203094482,0.48090824484825134,0.21355009078979492,0.6213513016700745,0.48864492774009705,0.49167463183403015,-0.26093581318855286,0.9954503178596497,0.5844147205352783,0.5566681623458862,0.36647242307662964,0.7074435949325562,0.46723854541778564,0.5903397798538208,-0.31103256344795227,0.9961982369422913,0.5663052797317505,0.5656659007072449,0.37560608983039856,0.6019141674041748,0.435528963804245,0.6013950109481812,-0.3243422508239746,0.9886314272880554,0.6486214399337769,0.5798647403717041,0.28000569343566895,0.7646653652191162,0.5342863202095032,0.6126163005828857,-0.5002686977386475,0.9913061261177063
General2,108,1,0.7812288999557495,0.39586713910102844,-0.30482110381126404,0.9996389150619507,0.7836822867393494,0.37996962666511536,-0.28580763936042786,0.9997342228889465,0.7834743857383728,0.37983599305152893,-0.28589653968811035,0.9997636675834656,0.7838965654373169,0.3799341917037964,-0.2861565053462982,0.9997943043708801,0.7774316072463989,0.38020020723342896,-0.3462323546409607,0.99981290102005,0.7758053541183472,0.3796561062335968,-0.3464485704898834,0.9998326301574707,0.7747817039489746,0.37944555282592773,-0.3465792238712311,0.9998524188995361,0.7701540589332581,0.37432047724723816,-0.16533216834068298,0.9995868802070618,0.7609046101570129,0.37224674224853516,-0.4375244677066803,0.9997901320457458,0.7636202573776245,0.3894042372703552,-0.25141191482543945,0.9993419051170349,0.7625675797462463,0.39480340480804443,-0.33177170157432556,0.9995204210281372,0.7511003613471985,0.3879537582397461,0.05250203236937523,0.9995519518852234,0.6851541996002197,0.37705057859420776,-0.5316007137298584,0.9998672008514404,0.7538337111473083,0.4335302710533142,0.2327262908220291,0.43810272216796875,0.6032329201698303,0.41562655568122864,-0.5153465867042542,0.927814245223999,0.7926768660545349,0.46479201316833496,0.1958632916212082,0.7019230127334595,0.6385737061500549,0.4507710039615631,-0.2925563454627991,0.711563229560852,0.7983800172805786,0.47257861495018005,0.21161195635795593,0.6250060200691223,0.6394959092140198,0.46260368824005127,-0.3148666322231293,0.6407220959663391,0.7991395592689514,0.46830934286117554,0.1534905880689621,0.6530218720436096,0.6575419902801514,0.4606751799583435,-0.3123486638069153,0.6370233297348022,0.7950530052185059,0.4662978947162628,0.16963103413581848,0.6222302317619324,0.6550926566123962,0.45850735902786255,-0.28276604413986206,0.57232266664505,0.5495176315307617,0.4052618443965912,0.19550971686840057,0.9988609552383423,0.5133113265037537,0.3983515799045563,-0.19488342106342316,0.9995986819267273,0.6324495077133179,0.4845156669616699,0.23223695158958435,0.5833316445350647,0.5027840733528137,0.4959469139575958,-0.283882737159729,0.9925042390823364,0.6006438732147217,0.5564878582954407,0.35847651958465576,0.709845781326294,0.47089099884033203,0.5912259817123413,-0.37478092312812805,0.9953169822692871,0.5685777068138123,0.5778688192367554,0.3647957444190979,0.6171478629112244,0.43639713525772095,0.6010884046554565,-0.39066675305366516,0.9876688122749329,0.6685277819633484,0.5753844380378723,0.27237334847450256,0.7704718708992004,0.5340518355369568,0.6130868792533875,-0.562665581703186,0.9898923635482788
General2,109,1,0.7667280435562134,0.43443524837493896,-0.20795539021492004,0.9993219375610352,0.7814700603485107,0.4295939803123474,-0.1961444616317749,0.9995073080062866,0.7824922204017639,0.42911869287490845,-0.19622455537319183,0.9995249509811401,0.7834010124206543,0.42867887020111084,-0.19638927280902863,0.9995953440666199,0.7787570953369141,0.4274953305721283,-0.24798624217510223,0.9995924830436707,0.7780494689941406,0.42555421590805054,-0.24814221262931824,0.9995040893554688,0.7773678302764893,0.42363831400871277,-0.2482174187898636,0.999552309513092,0.784731388092041,0.4182504117488861,-0.09130632132291794,0.9992281198501587,0.7764900922775269,0.4106455445289612,-0.3254493176937103,0.9994463324546814,0.7560567855834961,0.4311613142490387,-0.15747664868831635,0.9990721940994263,0.7535231113433838,0.4293859899044037,-0.22666816413402557,0.9993209838867188,0.7396743893623352,0.41977280378341675,0.07466548681259155,0.998817503452301,0.7157959938049316,0.3948512673377991,-0.39525002241134644,0.9996378421783447,0.7022238373756409,0.46485209465026855,0.15289950370788574,0.31592032313346863,0.6029544472694397,0.40042057633399963,-0.47218167781829834,0.9373230338096619,0.7047508955001831,0.5111468434333801,0.0440891869366169,0.5714454054832458,0.5765599608421326,0.45169582962989807,-0.42265647649765015,0.7953531742095947,0.7089246511459351,0.5217803716659546,0.055173471570014954,0.5378730893135071,0.5586182475090027,0.45992448925971985,-0.46681109070777893,0.7144596576690674,0.7143442034721375,0.5224272012710571,-0.011486858129501343,0.5596933364868164,0.5719661712646484,0.46211984753608704,-0.4382683038711548,0.7019951939582825,0.7088449001312256,0.5192081332206726,0.013869303278625011,0.5511484742164612,0.576704740524292,0.4590419828891754,-0.40944698452949524,0.6403000354766846,0.49810972809791565,0.41070637106895447,0.163312166929245,0.9970109462738037,0.46802881360054016,0.4031299352645874,-0.16271688044071198,0.9988303780555725,0.5373303890228271,0.488842636346817,0.18365125358104706,0.6497716307640076,0.48910796642303467,0.4883803427219391,-0.2737804353237152,0.9951274394989014,0.4641232490539551,0.5713181495666504,0.2660028636455536,0.7888414859771729,0.43760958313941956,0.5885599851608276,-0.38513779640197754,0.9928597807884216,0.4593258202075958,0.5720417499542236,0.2687431871891022,0.7079383730888367,0.4114847481250763,0.594741702079773,-0.40299737453460693,0.9750465154647827,0.5348055362701416,0.5846723318099976,0.1944073736667633,0.8273410797119141,0.5208135843276978,0.6131502389907837,-0.5518427491188049,0.9846401214599609
General2,110,1,0.7751158475875854,0.4419039487838745,-0.2119148075580597,0.9996260404586792,0.8097288012504578,0.433815062046051,-0.19392935931682587,0.9997255206108093,0.8085589408874512,0.4335477650165558,-0.19396543502807617,0.999721348285675,0.8070783615112305,0.4330534338951111,-0.194133922457695,0.9997764229774475,0.8100918531417847,0.4339093863964081,-0.25482621788978577,0.9997735619544983,0.7885863780975342,0.4329685866832733,-0.25493958592414856,0.9997119307518005,0.7879230976104736,0.43127501010894775,-0.25493064522743225,0.9997438788414001,0.7883949279785156,0.41830331087112427,-0.08455981314182281,0.999527096748352,0.781031608581543,0.41615408658981323,-0.36147958040237427,0.9996359348297119,0.7593863010406494,0.4364625811576843,-0.16267801821231842,0.9994750618934631,0.7573699951171875,0.43587246537208557,-0.24411505460739136,0.9995610117912292,0.7245275378227234,0.4153593182563782,0.07459712773561478,0.9986843466758728,0.7016110420227051,0.39717718958854675,-0.44325271248817444,0.9994495511054993,0.6976203918457031,0.4645977020263672,0.18149858713150024,0.34667545557022095,0.6221101880073547,0.40128272771835327,-0.5046877861022949,0.9248186349868774,0.7013128399848938,0.5074456930160522,0.08815120905637741,0.568587064743042,0.5996254682540894,0.44717299938201904,-0.37955519556999207,0.7609322667121887,0.7054248452186584,0.5172978043556213,0.10042836517095566,0.5234441161155701,0.5814269781112671,0.46401163935661316,-0.4183771014213562,0.6750078201293945,0.7111766338348389,0.5166195631027222,0.03535863012075424,0.54457688331604,0.5950078368186951,0.46653491258621216,-0.38476258516311646,0.6575881838798523,0.7050329446792603,0.5142537355422974,0.057929929345846176,0.5414246916770935,0.5985627174377441,0.4624565839767456,-0.3629932999610901,0.5968839526176453,0.5009226202964783,0.409257173538208,0.16676945984363556,0.9906855225563049,0.4609289765357971,0.40241751074790955,-0.1661219298839569,0.995831310749054,0.5727671384811401,0.4902817904949188,0.17111217975616455,0.5389814972877502,0.4862526059150696,0.4820234775543213,-0.2797148525714874,0.9901712536811829,0.5346142053604126,0.5671127438545227,0.24450190365314484,0.6875544190406799,0.43942224979400635,0.587669312953949,-0.34666740894317627,0.9881232380867004,0.5580126643180847,0.573145866394043,0.2451135218143463,0.592048168182373,0.4119420349597931,0.5988128781318665,-0.3593979775905609,0.9628916382789612,0.5928319096565247,0.59283447265625,0.16242951154708862,0.7432342171669006,0.5090323686599731,0.6144298315048218,-0.5116328001022339,0.9770283102989197
General2,111,1,0.7832484841346741,0.38144373893737793,-0.2888835072517395,0.9986231327056885,0.7910915613174438,0.3770686388015747,-0.2702207565307617,0.9971760511398315,0.7911608219146729,0.3766618072986603,-0.27031081914901733,0.9972772002220154,0.7915188074111938,0.37634173035621643,-0.27043503522872925,0.9971990585327148,0.7886862754821777,0.3765742778778076,-0.3200127184391022,0.9981348514556885,0.7874266505241394,0.3756064772605896,-0.32007551193237305,0.9978172779083252,0.7862083911895752,0.374733030796051,-0.32021716237068176,0.9976582527160645,0.7810754179954529,0.3715287744998932,-0.15895402431488037,0.9957029223442078,0.7729357481002808,0.36887118220329285,-0.3847200572490692,0.9974427223205566,0.7710074782371521,0.38146042823791504,-0.24163879454135895,0.9969117045402527,0.768082857131958,0.3800186514854431,-0.308161199092865,0.9979346990585327,0.7361198663711548,0.3757907450199127,0.0015704479301348329,0.9988669157028198,0.6844376921653748,0.36758917570114136,-0.4426003396511078,0.9999009370803833,0.7282004356384277,0.4172423481941223,0.15019959211349487,0.36831772327423096,0.5860595107078552,0.386194109916687,-0.5186508297920227,0.9651062488555908,0.7310277223587036,0.4455870985984802,0.11712490022182465,0.5438202023506165,0.5399147868156433,0.4281851649284363,-0.4833267629146576,0.9038757681846619,0.738594651222229,0.4520219564437866,0.133825421333313,0.49397724866867065,0.5210299491882324,0.43516165018081665,-0.519123375415802,0.8621561527252197,0.7421130537986755,0.45295581221580505,0.08017019927501678,0.5110841989517212,0.5363826155662537,0.4391469657421112,-0.5124892592430115,0.8536046743392944,0.7362713813781738,0.4521046280860901,0.09240240603685379,0.5226659178733826,0.5471605062484741,0.43482688069343567,-0.47991496324539185,0.8037105202674866,0.5937469601631165,0.4331803321838379,0.15733768045902252,0.9975830316543579,0.5373845100402832,0.42994675040245056,-0.15729790925979614,0.999225378036499,0.6614821553230286,0.4811023771762848,0.10463568568229675,0.6283791661262512,0.4770965576171875,0.498794823884964,-0.20216530561447144,0.9931849837303162,0.6615604162216187,0.5568878054618835,0.17545358836650848,0.7434256076812744,0.41924166679382324,0.5769170522689819,-0.15641959011554718,0.9924846291542053,0.6520047187805176,0.5706264972686768,0.17582546174526215,0.7725382447242737,0.3944122791290283,0.587221086025238,-0.1623317450284958,0.9748318195343018,0.7434415817260742,0.5654731392860413,0.09837084263563156,0.8256094455718994,0.44939863681793213,0.60650634765625,-0.3204135000705719,0.9826564788818359
General2,112,1,0.7866741418838501,0.38097435235977173,-0.2820364832878113,0.9990531802177429,0.7939633131027222,0.37605172395706177,-0.2626550495624542,0.9981985688209534,0.7940937876701355,0.37544167041778564,-0.2627461850643158,0.9982653260231018,0.794439435005188,0.37494537234306335,-0.26287463307380676,0.9982074499130249,0.7919216156005859,0.3757339417934418,-0.3149571418762207,0.9987854361534119,0.7905043959617615,0.37488046288490295,-0.3150216042995453,0.9985925555229187,0.7891417741775513,0.37409672141075134,-0.3151516616344452,0.9984752535820007,0.7830286622047424,0.3703427016735077,-0.14981487393379211,0.9976509213447571,0.775416374206543,0.36844900250434875,-0.38674691319465637,0.9985299110412598,0.7751865386962891,0.3810376524925232,-0.2343667894601822,0.9981817007064819,0.7722532749176025,0.3800828158855438,-0.3042033016681671,0.998683512210846,0.732792854309082,0.3747783601284027,0.013779856264591217,0.9992746710777283,0.6831669807434082,0.3689897358417511,-0.45352524518966675,0.9999206066131592,0.7364398241043091,0.4145086109638214,0.16859376430511475,0.4375612735748291,0.5838624835014343,0.3887515366077423,-0.5261086821556091,0.9647523760795593,0.7479985952377319,0.44033730030059814,0.1557389348745346,0.6100742220878601,0.546543538570404,0.4291350841522217,-0.4702572524547577,0.8970077037811279,0.7574543952941895,0.4449397325515747,0.17626310884952545,0.5489634871482849,0.5260598659515381,0.43941766023635864,-0.5032398104667664,0.8558542132377625,0.7608627080917358,0.4452821910381317,0.12684211134910583,0.5625768899917603,0.544487714767456,0.4380480647087097,-0.4991063177585602,0.8465595841407776,0.7543569803237915,0.4452012777328491,0.13297519087791443,0.5744077563285828,0.5495284199714661,0.4360000491142273,-0.46753209829330444,0.7971689701080322,0.5905821919441223,0.4341582655906677,0.1626538336277008,0.99814772605896,0.5367345809936523,0.43180420994758606,-0.16260090470314026,0.999355137348175,0.662941575050354,0.48121222853660583,0.12542688846588135,0.6337136030197144,0.47013431787490845,0.500683069229126,-0.20099568367004395,0.9936192631721497,0.659131646156311,0.5562897324562073,0.19861093163490295,0.751558780670166,0.41553837060928345,0.5781890749931335,-0.15219850838184357,0.9941249489784241,0.6479744911193848,0.5697104930877686,0.19918040931224823,0.782974362373352,0.3908815383911133,0.5860561728477478,-0.15785543620586395,0.9802190661430359,0.7382580637931824,0.5631711483001709,0.1276683807373047,0.8361420035362244,0.4444052577018738,0.6078740954399109,-0.313747376203537,0.9864192605018616
General2,113,1,0.7882863283157349,0.3836309611797333,-0.2373155653476715,0.9967275857925415,0.7943561673164368,0.37721920013427734,-0.22803570330142975,0.9947447776794434,0.7939738035202026,0.37612178921699524,-0.22819049656391144,0.9954965114593506,0.7938979864120483,0.37504640221595764,-0.22829771041870117,0.9954071044921875,0.7931841611862183,0.37839803099632263,-0.2805728614330292,0.9957820177078247,0.7923718690872192,0.3779113292694092,-0.28059932589530945,0.9950239658355713,0.7916656732559204,0.3774681091308594,-0.2807425260543823,0.994248628616333,0.7832605242729187,0.36980581283569336,-0.15466751158237457,0.993141233921051,0.7804479002952576,0.37257370352745056,-0.3918462097644806,0.9932572841644287,0.7750625610351562,0.38225579261779785,-0.2018478363752365,0.9946169257164001,0.7737331390380859,0.38287353515625,-0.2718891501426697,0.9946364760398865,0.7255032062530518,0.36010122299194336,0.0035906166303902864,0.9989230036735535,0.7066395282745361,0.3802199363708496,-0.47897985577583313,0.9998010993003845,0.6858210563659668,0.39923059940338135,0.12258175015449524,0.2087586671113968,0.6133676171302795,0.3985482454299927,-0.5511251091957092,0.9359392523765564,0.6782437562942505,0.42592546343803406,0.0793747678399086,0.3195331394672394,0.5511913895606995,0.4301852285861969,-0.47060176730155945,0.8285102844238281,0.6777957677841187,0.43093395233154297,0.09838387370109558,0.31379806995391846,0.5327187180519104,0.4379662871360779,-0.5103370547294617,0.7890182137489319,0.6817358136177063,0.43395134806632996,0.04355332627892494,0.3192000389099121,0.5477981567382812,0.442065954208374,-0.4952815771102905,0.7772746682167053,0.6791531443595886,0.43414634466171265,0.055394478142261505,0.32325905561447144,0.559332549571991,0.4381486177444458,-0.4641086161136627,0.7207873463630676,0.5759296417236328,0.4235084056854248,0.1721699982881546,0.9976909160614014,0.5458235144615173,0.4321724474430084,-0.1721523404121399,0.9990606904029846,0.6648814678192139,0.48054343461990356,0.0945240780711174,0.6435935497283936,0.48002880811691284,0.5006871223449707,-0.17558994889259338,0.9925472140312195,0.6670193076133728,0.5572307705879211,0.14570753276348114,0.7996499538421631,0.4196261465549469,0.5785866975784302,-0.10821527242660522,0.9930661916732788,0.6539705991744995,0.5724431872367859,0.143767848610878,0.8241086006164551,0.39015862345695496,0.5866385102272034,-0.11077547073364258,0.9811738729476929,0.7420176267623901,0.5619087815284729,0.06409411877393723,0.8675810098648071,0.4553038775920868,0.6089131832122803,-0.2526434063911438,0.9852750301361084
General2,114,1,0.7929168939590454,0.3876643180847168,-0.06275369971990585,0.9999617338180542,0.8001304864883423,0.38166385889053345,-0.03911580145359039,0.9998831748962402,0.7998778223991394,0.3813384771347046,-0.03924506902694702,0.999930739402771,0.7997143268585205,0.38109296560287476,-0.03930708393454552,0.9998683929443359,0.7993525266647339,0.38043439388275146,-0.08230610936880112,0.9999086856842041,0.7984107732772827,0.37911513447761536,-0.08231400698423386,0.9999217987060547,0.7973225116729736,0.3778265118598938,-0.08235509693622589,0.9998683929443359,0.7883918285369873,0.37514400482177734,0.06967613846063614,0.9998699426651001,0.7826995253562927,0.3708917498588562,-0.1272282749414444,0.9999330043792725,0.7800559401512146,0.3889167904853821,-0.021120700985193253,0.999854564666748,0.7792999148368835,0.38686850666999817,-0.07865596562623978,0.9998855590820312,0.7190079689025879,0.391731858253479,0.20657141506671906,0.9999059438705444,0.7016727328300476,0.37360137701034546,-0.22858977317810059,0.9999974966049194,0.6969314217567444,0.4360239505767822,0.2660095691680908,0.20510822534561157,0.5976457595825195,0.3726985454559326,-0.3347353935241699,0.9780910015106201,0.7061724066734314,0.48265039920806885,0.143428236246109,0.453961044549942,0.5100154280662537,0.40234851837158203,-0.35539889335632324,0.9455528259277344,0.7000834345817566,0.4958324730396271,0.15898732841014862,0.4158214330673218,0.48613300919532776,0.4006953537464142,-0.38983026146888733,0.9106292128562927,0.7021437287330627,0.4970567226409912,0.0991397574543953,0.441812664270401,0.49306079745292664,0.4070962071418762,-0.38627123832702637,0.9041230082511902,0.6997988224029541,0.49285557866096497,0.11322898417711258,0.4703783094882965,0.49733272194862366,0.4069354832172394,-0.3569023311138153,0.8914317488670349,0.5722557902336121,0.4378935396671295,0.160647451877594,0.9992976188659668,0.5366610884666443,0.43259769678115845,-0.16031907498836517,0.9999269247055054,0.6566488742828369,0.48328641057014465,0.23786818981170654,0.6733907461166382,0.46993762254714966,0.49664756655693054,-0.24761877954006195,0.9989935755729675,0.6873087882995605,0.5575975775718689,0.34161731600761414,0.8596561551094055,0.3921581208705902,0.5690861344337463,-0.28373876214027405,0.9978504180908203,0.6779385805130005,0.5719523429870605,0.3440307378768921,0.9086710214614868,0.36619633436203003,0.5781905651092529,-0.2951618432998657,0.9908059239387512,0.760097324848175,0.5534631013870239,0.30218350887298584,0.921023964881897,0.41088879108428955,0.6077665686607361,-0.4390628933906555,0.9949749708175659
General2,115,1,0.7940465211868286,0.386810839176178,-0.0733446553349495,0.9999665021896362,0.8011013865470886,0.3813899755477905,-0.05019228160381317,0.9998891353607178,0.8009622693061829,0.3812427818775177,-0.05030669644474983,0.9999359846115112,0.8008412718772888,0.38114064931869507,-0.05035509169101715,0.9998712539672852,0.7996827960014343,0.37985867261886597,-0.09032826125621796,0.9999189376831055,0.7984853982925415,0.37853845953941345,-0.0903310552239418,0.999932050704956,0.7971107959747314,0.37720149755477905,-0.09037946909666061,0.9998774528503418,0.7895545959472656,0.3758699297904968,0.059184711426496506,0.9998838901519775,0.7827046513557434,0.3707353174686432,-0.124088354408741,0.9999382495880127,0.7819035053253174,0.388857901096344,-0.03179474547505379,0.99988853931427,0.7802258729934692,0.38633814454078674,-0.08543110638856888,0.9999104738235474,0.724465012550354,0.39465463161468506,0.19539226591587067,0.9999308586120605,0.711246132850647,0.36855778098106384,-0.22461028397083282,0.9999983310699463,0.7036073207855225,0.43958958983421326,0.2556755840778351,0.3281991481781006,0.6027194857597351,0.3764466345310211,-0.32779762148857117,0.9823548197746277,0.7021458148956299,0.48726969957351685,0.1213742196559906,0.5778334140777588,0.5159738063812256,0.40784546732902527,-0.35243847966194153,0.9521802663803101,0.7016417384147644,0.49794653058052063,0.13385260105133057,0.5205777883529663,0.48828521370887756,0.41492852568626404,-0.388597309589386,0.9171475172042847,0.7034928202629089,0.49938416481018066,0.07327009737491608,0.5467947721481323,0.4918367266654968,0.417387455701828,-0.3831949234008789,0.9091756343841553,0.7006401419639587,0.49530482292175293,0.09117283672094345,0.5699326395988464,0.4975704252719879,0.41713500022888184,-0.352997750043869,0.895405650138855,0.5812196731567383,0.4387623965740204,0.16005708277225494,0.9993621706962585,0.541208028793335,0.4303852915763855,-0.15975551307201385,0.9999433755874634,0.6608718633651733,0.4854736328125,0.2426214963197708,0.6712490320205688,0.46848809719085693,0.49806317687034607,-0.2672410309314728,0.9990468621253967,0.6868638396263123,0.5574941635131836,0.3504652678966522,0.8495199084281921,0.39239656925201416,0.5718908905982971,-0.31863152980804443,0.9978036284446716,0.6775921583175659,0.5716930627822876,0.35353362560272217,0.9044399261474609,0.36634236574172974,0.5796376466751099,-0.331402063369751,0.9908344745635986,0.7590578198432922,0.5540910363197327,0.3099779784679413,0.9114872813224792,0.4102485775947571,0.6081501841545105,-0.48086225986480713,0.9944679737091064
General2,116,1,0.8033735752105713,0.38561445474624634,-0.23776152729988098,0.9999806880950928,0.8070763349533081,0.3800354599952698,-0.2165832221508026,0.9999480247497559,0.8066519498825073,0.37976759672164917,-0.2166355848312378,0.9999717473983765,0.8058550953865051,0.37906354665756226,-0.21666370332241058,0.9999462366104126,0.805117130279541,0.3795308768749237,-0.2614246904850006,0.9999513626098633,0.8030495643615723,0.37858742475509644,-0.2614443302154541,0.9999579191207886,0.8011517524719238,0.37789636850357056,-0.26144444942474365,0.9999204874038696,0.7897728085517883,0.37314218282699585,-0.09806440770626068,0.9999587535858154,0.784060537815094,0.3721393346786499,-0.30350586771965027,0.9999560117721558,0.7903305292129517,0.38742172718048096,-0.19074852764606476,0.9999340772628784,0.7879197597503662,0.38633856177330017,-0.2508693039417267,0.9999388456344604,0.731198251247406,0.3880807161331177,0.05499283969402313,0.9999229907989502,0.7158737778663635,0.37695300579071045,-0.3745621144771576,0.9999970197677612,0.6730844974517822,0.43018102645874023,0.13091649115085602,0.27386781573295593,0.60515958070755,0.38078799843788147,-0.4507092237472534,0.9874159693717957,0.6315282583236694,0.4719172716140747,0.03200139105319977,0.48685210943222046,0.5022301077842712,0.4059774875640869,-0.447550892829895,0.9586554169654846,0.6447080969810486,0.48350587487220764,0.04732125997543335,0.4452162981033325,0.47284290194511414,0.40875697135925293,-0.4828532636165619,0.9253050088882446,0.6434705257415771,0.48334091901779175,-0.01045516412705183,0.4643397033214569,0.4737236797809601,0.408748060464859,-0.4729538857936859,0.9192372560501099,0.6446371674537659,0.4809083938598633,0.004409400746226311,0.49608975648880005,0.48388534784317017,0.41023439168930054,-0.44565409421920776,0.9080988764762878,0.5854276418685913,0.4313734471797943,0.15969426929950714,0.9995836615562439,0.5501435399055481,0.4287159740924835,-0.15942880511283875,0.9999477863311768,0.6602782011032104,0.4853575527667999,0.1893160194158554,0.6507113575935364,0.4828261733055115,0.4924004375934601,-0.25464534759521484,0.9988704323768616,0.7029120326042175,0.5581345558166504,0.2559945285320282,0.8868997097015381,0.3652171492576599,0.5622900128364563,-0.29756075143814087,0.9978983402252197,0.6974800825119019,0.5720338225364685,0.25660786032676697,0.9099300503730774,0.337111234664917,0.5647505521774292,-0.30773502588272095,0.9895657300949097,0.7691949605941772,0.5753982067108154,0.2043018639087677,0.9350343346595764,0.37134575843811035,0.6040996313095093,-0.45735982060432434,0.9945681095123291
General2,117,1,0.8018633127212524,0.38450923562049866,-0.3311119079589844,0.9999693632125854,0.8066797256469727,0.3799014389514923,-0.311409592628479,0.9999085664749146,0.8062136173248291,0.3793470561504364,-0.3114399313926697,0.9999457597732544,0.805995762348175,0.3791325092315674,-0.3115059435367584,0.9999070167541504,0.8042410016059875,0.3792078495025635,-0.3541244566440582,0.9999254941940308,0.8021776676177979,0.37831512093544006,-0.3541491627693176,0.9999308586120605,0.8002257943153381,0.377616822719574,-0.35414832830429077,0.999873161315918,0.7914210557937622,0.3731541335582733,-0.1892048865556717,0.9999290704727173,0.7844867706298828,0.37221014499664307,-0.3843924403190613,0.9999140501022339,0.7893551588058472,0.38670554757118225,-0.28209707140922546,0.9999061822891235,0.7861422300338745,0.38542312383651733,-0.3392326831817627,0.9999139308929443,0.737352728843689,0.38973096013069153,-0.03130156919360161,0.9999305009841919,0.7105496525764465,0.3779333233833313,-0.4310535490512848,0.9999963045120239,0.6842907071113586,0.4381454885005951,0.05205424129962921,0.44713839888572693,0.602275550365448,0.38156500458717346,-0.5034277439117432,0.9871169924736023,0.6682792901992798,0.48584499955177307,-0.04465664550662041,0.6537557244300842,0.5009417533874512,0.4063590168952942,-0.504375696182251,0.9573508501052856,0.6660282611846924,0.49316978454589844,-0.031286533921957016,0.58121657371521,0.4718582332134247,0.4092521667480469,-0.5389030575752258,0.9249354004859924,0.6642634868621826,0.49324318766593933,-0.09176605939865112,0.6057617664337158,0.47337135672569275,0.41336414217948914,-0.5362570881843567,0.9205187559127808,0.6604252457618713,0.4923892915248871,-0.07366838306188583,0.6409928202629089,0.4849664866924286,0.4105147421360016,-0.5057594180107117,0.9091439843177795,0.5909286141395569,0.42970603704452515,0.1534087210893631,0.9994826316833496,0.5496354699134827,0.4275398552417755,-0.15324558317661285,0.9999337196350098,0.6604793667793274,0.4861442744731903,0.1971084177494049,0.6324337124824524,0.4766041040420532,0.4937766492366791,-0.2456541210412979,0.9987205862998962,0.7047240138053894,0.5598210692405701,0.28174418210983276,0.8563084006309509,0.3639388978481293,0.5629271864891052,-0.2853887379169464,0.9977484345436096,0.6982585191726685,0.5735296010971069,0.2845219075679779,0.8782023191452026,0.3372873067855835,0.5655708312988281,-0.29635223746299744,0.9886780381202698,0.7619795799255371,0.5787462592124939,0.23313744366168976,0.9129765033721924,0.37176328897476196,0.6018357872962952,-0.4479345977306366,0.9939145445823669
General2,118,1,0.8034296035766602,0.3874651789665222,-0.29807984828948975,0.9999662637710571,0.8072379231452942,0.38139137625694275,-0.2790050208568573,0.9999096393585205,0.8069789409637451,0.38099682331085205,-0.27904966473579407,0.9999523162841797,0.8067365288734436,0.3806579113006592,-0.2790926396846771,0.9999055862426758,0.8050141930580139,0.3810963034629822,-0.32432422041893005,0.9999158382415771,0.803266704082489,0.38045012950897217,-0.32436105608940125,0.9999285936355591,0.8015117645263672,0.3798251748085022,-0.32436835765838623,0.9998605251312256,0.7925412654876709,0.3748624324798584,-0.15945890545845032,0.999931812286377,0.7852767705917358,0.37360644340515137,-0.3668496906757355,0.9999246597290039,0.7897915840148926,0.38894107937812805,-0.24969390034675598,0.999893069267273,0.7870630621910095,0.3875252902507782,-0.31037017703056335,0.9999051094055176,0.7323656678199768,0.38532498478889465,0.0021167274098843336,0.9999209642410278,0.7130223512649536,0.3775947391986847,-0.42467373609542847,0.9999961853027344,0.6804465055465698,0.43385186791419983,0.08457808196544647,0.30327022075653076,0.6020368933677673,0.38144317269325256,-0.497175008058548,0.9873671531677246,0.6631805896759033,0.4778898060321808,-0.018170028924942017,0.5390533208847046,0.4993210434913635,0.4072369337081909,-0.49025899171829224,0.9594407081604004,0.6473190784454346,0.48395097255706787,-0.003709831740707159,0.4969688057899475,0.4729447364807129,0.4104936122894287,-0.525723397731781,0.928578794002533,0.6540767550468445,0.4889357388019562,-0.06261291354894638,0.5155094265937805,0.4747595489025116,0.41084030270576477,-0.516369640827179,0.922967791557312,0.6479254364967346,0.4816000759601593,-0.04598601534962654,0.5452418327331543,0.48494288325309753,0.4120580852031708,-0.48822715878486633,0.9112022519111633,0.5851826667785645,0.43136969208717346,0.1611364185810089,0.9994974136352539,0.5475333333015442,0.4301557242870331,-0.16092340648174286,0.9999276399612427,0.6636444330215454,0.48501116037368774,0.18825215101242065,0.6803269982337952,0.4711860418319702,0.496860533952713,-0.24600224196910858,0.9988646507263184,0.7029106616973877,0.5586612820625305,0.25874921679496765,0.8871706128120422,0.3613649606704712,0.5658606290817261,-0.27738142013549805,0.9978105425834656,0.6978486180305481,0.5725932717323303,0.25946909189224243,0.907182514667511,0.33555692434310913,0.5683980584144592,-0.28695112466812134,0.9900130033493042,0.7776020169258118,0.5571180582046509,0.20645998418331146,0.9325148463249207,0.3749825358390808,0.6058060526847839,-0.43696683645248413,0.9944239258766174
General2,119,1,0.393960177898407,0.36387762427330017,-0.39002525806427,0.9990506768226624,0.3858356177806854,0.3670915961265564,-0.3973562717437744,0.9991303086280823,0.3862929940223694,0.36749231815338135,-0.39726805686950684,0.9986129999160767,0.38686373829841614,0.36796829104423523,-0.3974358141422272,0.9990267753601074,0.3853625953197479,0.3676043748855591,-0.4314238429069519,0.9994572997093201,0.38556575775146484,0.36837679147720337,-0.43135499954223633,0.9993374943733215,0.3857259154319763,0.3691342771053314,-0.4314914643764496,0.9994340538978577,0.39139923453330994,0.3720972239971161,-0.32434308528900146,0.9991829991340637,0.3895106315612793,0.3735399842262268,-0.4809496998786926,0.9995875954627991,0.38578206300735474,0.35786792635917664,-0.34955599904060364,0.9992806315422058,0.3867855370044708,0.3585452437400818,-0.39477014541625977,0.9991934895515442,0.41200244426727295,0.37038496136665344,-0.1302967518568039,0.999649167060852,0.4475058317184448,0.3820456862449646,-0.47148793935775757,0.9999727010726929,0.38146859407424927,0.3708430230617523,0.17803549766540527,0.08783844858407974,0.5712823271751404,0.37742388248443604,-0.541322648525238,0.9899554252624512,0.35619643330574036,0.3750344216823578,0.39680927991867065,0.3167179822921753,0.6847875118255615,0.3722473382949829,-0.5581849217414856,0.9381126761436462,0.3418499529361725,0.3788815140724182,0.434343159198761,0.3312666714191437,0.7267305254936218,0.36716556549072266,-0.6117345690727234,0.8982277512550354,0.343300461769104,0.37519514560699463,0.41003549098968506,0.3581553101539612,0.7190799713134766,0.3630150854587555,-0.5940346121788025,0.900833249092102,0.3525691628456116,0.37350642681121826,0.39382660388946533,0.3283826410770416,0.7076388001441956,0.3637062907218933,-0.5509172677993774,0.8516955971717834,0.5750561356544495,0.4476042091846466,0.11596035212278366,0.9999803304672241,0.547996461391449,0.44789859652519226,-0.11632957309484482,0.99997878074646,0.659895122051239,0.4791039824485779,0.48076331615448,0.6995500326156616,0.4731758236885071,0.5052887797355652,0.16727133095264435,0.9731228351593018,0.7143570184707642,0.5540262460708618,0.8764896392822266,0.9468505382537842,0.3551527261734009,0.5609374642372131,0.4249761998653412,0.9659312963485718,0.721662163734436,0.5715861320495605,0.9182262420654297,0.9077319502830505,0.33467406034469604,0.5695468783378601,0.4611046314239502,0.8943526148796082,0.7862820625305176,0.5489795207977295,0.9062442779541016,0.9413113594055176,0.3255600929260254,0.5834144353866577,0.453995943069458,0.9521105289459229
General2,120,1,0.39500659704208374,0.3620804250240326,-0.29160618782043457,0.9969859719276428,0.38697582483291626,0.36656197905540466,-0.2993718683719635,0.9971032738685608,0.38704824447631836,0.3672568202018738,-0.29930007457733154,0.9957921504974365,0.38723471760749817,0.36802905797958374,-0.29944130778312683,0.9971305727958679,0.38792312145233154,0.3663991391658783,-0.3365621864795685,0.9980630278587341,0.38856229186058044,0.3670612573623657,-0.33648309111595154,0.9977288842201233,0.38915789127349854,0.367703914642334,-0.33664262294769287,0.9981114864349365,0.3915328085422516,0.3728378117084503,-0.24241678416728973,0.9976213574409485,0.393654465675354,0.3723234534263611,-0.41545069217681885,0.9988346695899963,0.38715028762817383,0.3582330346107483,-0.25820133090019226,0.9980744123458862,0.4068433344364166,0.3614247739315033,-0.30805933475494385,0.997616171836853,0.4127503037452698,0.36947470903396606,-0.07009348273277283,0.9995822310447693,0.4517676830291748,0.3781248927116394,-0.4277716875076294,0.9999665021896362,0.3731837868690491,0.3661258816719055,0.21457307040691376,0.07672979682683945,0.5722118020057678,0.3780047595500946,-0.50895756483078,0.9868122935295105,0.34238898754119873,0.3719726800918579,0.4237990975379944,0.27712276577949524,0.687262773513794,0.37216848134994507,-0.5394978523254395,0.9038399457931519,0.32621923089027405,0.37719494104385376,0.46201199293136597,0.28502607345581055,0.7290263772010803,0.36919018626213074,-0.5943222045898438,0.8605130314826965,0.32957923412323,0.37249481678009033,0.4386577904224396,0.30252185463905334,0.721856415271759,0.3644530475139618,-0.5731422901153564,0.8575916290283203,0.33927708864212036,0.37038087844848633,0.4206595718860626,0.279564768075943,0.7093957662582397,0.36496201157569885,-0.5308037400245667,0.7944919466972351,0.5805197954177856,0.44797977805137634,0.1217130795121193,0.9999760389328003,0.5560747385025024,0.44555169343948364,-0.12209023535251617,0.9999781847000122,0.6502041220664978,0.4791085124015808,0.5035256743431091,0.6538594961166382,0.47499731183052063,0.5076230764389038,0.13516287505626678,0.9773746132850647,0.7139570713043213,0.5543529391288757,0.9111430644989014,0.9418080449104309,0.363979697227478,0.561484158039093,0.38032010197639465,0.9642585515975952,0.7207460403442383,0.5715759992599487,0.9531667828559875,0.9043304324150085,0.3422187566757202,0.5684790015220642,0.41542142629623413,0.8862428665161133,0.7868563532829285,0.5479443669319153,0.934908390045166,0.9286167025566101,0.3255367875099182,0.5826385021209717,0.3989410102367401,0.9433125853538513
General2,121,1,0.8046339750289917,0.3881935775279999,-0.07279691100120544,0.9992175102233887,0.8096777200698853,0.3800111413002014,-0.07169853150844574,0.9981462955474854,0.8085005879402161,0.37885403633117676,-0.07188135385513306,0.9991812109947205,0.8072397708892822,0.37773701548576355,-0.07192159444093704,0.9981158971786499,0.8091767430305481,0.38124504685401917,-0.12114691734313965,0.9972986578941345,0.8076602816581726,0.38094499707221985,-0.12110139429569244,0.9978992938995361,0.806038498878479,0.38058069348335266,-0.12118732184171677,0.9950361847877502,0.7897919416427612,0.3711022436618805,-0.03418663889169693,0.9982261061668396,0.7890638113021851,0.3748941421508789,-0.2580473721027374,0.9976898431777954,0.7884602546691895,0.38817843794822693,-0.05051692947745323,0.9956241250038147,0.7881588935852051,0.3891780376434326,-0.11643948405981064,0.9950112104415894,0.7071818113327026,0.3708093762397766,0.0923207551240921,0.9996590614318848,0.7280975580215454,0.3928467035293579,-0.3822551667690277,0.9999656677246094,0.5855046510696411,0.37018656730651855,0.22472456097602844,0.21889600157737732,0.6505798101425171,0.4338683485984802,-0.37741026282310486,0.9577000737190247,0.578157365322113,0.39296984672546387,0.28269436955451965,0.06018402427434921,0.595799446105957,0.44545918703079224,-0.18756838142871857,0.731362521648407,0.5755647420883179,0.39620766043663025,0.31450143456459045,0.06005094572901726,0.5868545770645142,0.44432103633880615,-0.19765610992908478,0.6478685140609741,0.5855468511581421,0.4012037217617035,0.2800077199935913,0.05947788059711456,0.5831873416900635,0.44306623935699463,-0.16967599093914032,0.630158007144928,0.5857894420623779,0.40138283371925354,0.2693463861942291,0.06787700951099396,0.5842006206512451,0.44366517663002014,-0.17184631526470184,0.6250153183937073,0.5788803100585938,0.4400951564311981,0.1684405654668808,0.9996938705444336,0.5542795658111572,0.4477696716785431,-0.16862019896507263,0.99991774559021,0.683171272277832,0.4844602644443512,0.1907062530517578,0.8687009215354919,0.4652051627635956,0.5001813769340515,-0.12898975610733032,0.997344434261322,0.7218288779258728,0.5620090961456299,0.3052353262901306,0.9679181575775146,0.33683937788009644,0.5452393293380737,-0.024160241708159447,0.9963766932487488,0.724136471748352,0.5752420425415039,0.31168800592422485,0.9693248271942139,0.30902689695358276,0.545531690120697,-0.014721297658979893,0.9884264469146729,0.7941952347755432,0.5554118156433105,0.2910551130771637,0.9738867878913879,0.3323404788970947,0.5870718359947205,-0.09512893855571747,0.9927451014518738
General2,122,1,0.3967925012111664,0.3218439817428589,-0.10173764079809189,0.9991742968559265,0.38045763969421387,0.32462796568870544,-0.09060102701187134,0.9993495345115662,0.38048064708709717,0.3251425325870514,-0.0906161293387413,0.9989755153656006,0.38045644760131836,0.32573485374450684,-0.09071438014507294,0.9990665316581726,0.3825228214263916,0.32473552227020264,-0.12858815491199493,0.9995397329330444,0.38365438580513,0.3252711892127991,-0.12859340012073517,0.9994889497756958,0.38427016139030457,0.325933575630188,-0.1286921501159668,0.9995855689048767,0.38468703627586365,0.3306233286857605,-0.006398760713636875,0.9988947510719299,0.3769158720970154,0.33404797315597534,-0.17953690886497498,0.9997490048408508,0.4098939299583435,0.32757413387298584,-0.06344453990459442,0.9982622265815735,0.4132387936115265,0.327767014503479,-0.11352352797985077,0.9988897442817688,0.40948641300201416,0.3554660379886627,0.14066985249519348,0.9994764924049377,0.4458940029144287,0.34674370288848877,-0.2562478482723236,0.9999055862426758,0.38164421916007996,0.3728666305541992,0.2921394109725952,0.06133976951241493,0.5526137351989746,0.37581515312194824,-0.30702489614486694,0.9567240476608276,0.370950311422348,0.37049567699432373,0.3458574712276459,0.267204612493515,0.6541345715522766,0.3711113929748535,-0.21935831010341644,0.6961839199066162,0.3646043539047241,0.37120306491851807,0.3641033172607422,0.31510618329048157,0.6828728914260864,0.36530792713165283,-0.23599296808242798,0.6338582038879395,0.3641356825828552,0.3658379912376404,0.3400951325893402,0.3225117623806,0.6775818467140198,0.3603774607181549,-0.22211022675037384,0.630506694316864,0.370221883058548,0.3656877279281616,0.33662933111190796,0.28629451990127563,0.6663001775741577,0.36265817284584045,-0.20721617341041565,0.5842261910438538,0.5909174680709839,0.43418723344802856,0.1268351674079895,0.9998396635055542,0.5800526738166809,0.42543256282806396,-0.12722644209861755,0.9998264908790588,0.659157395362854,0.47616806626319885,0.27150586247444153,0.7753656506538391,0.5388078093528748,0.47878023982048035,-0.10237281024456024,0.9708089828491211,0.7252641320228577,0.5535119771957397,0.46100175380706787,0.8792304992675781,0.37514829635620117,0.5422059297561646,-0.0771033987402916,0.9730218052864075,0.7314102053642273,0.5710350275039673,0.47491949796676636,0.8542654514312744,0.3443024754524231,0.5539295077323914,-0.06634548306465149,0.9475653171539307,0.7891325950622559,0.5555222630500793,0.4424610435962677,0.8384414911270142,0.2987198233604431,0.5611845254898071,-0.08925776183605194,0.9618908762931824
General2,123,1,0.37034323811531067,0.33114656805992126,0.023431653156876564,0.9990466237068176,0.3398800492286682,0.33451539278030396,0.032234299927949905,0.9992291927337646,0.34156090021133423,0.3343580961227417,0.03217984735965729,0.9987941980361938,0.3426351249217987,0.3342958092689514,0.0321037694811821,0.9989551305770874,0.35287830233573914,0.3321329355239868,-0.0028020308818668127,0.9993985891342163,0.35120660066604614,0.33315950632095337,-0.0028041230980306864,0.9992947578430176,0.3495270013809204,0.33415502309799194,-0.002945921616628766,0.9994408488273621,0.35714828968048096,0.339103639125824,0.10508149862289429,0.9987832903862,0.34613335132598877,0.3426503539085388,-0.05607545003294945,0.9996709823608398,0.37841272354125977,0.33583056926727295,0.05693827569484711,0.9978602528572083,0.37732136249542236,0.33728456497192383,0.010257973335683346,0.9985789060592651,0.37668925523757935,0.36361056566238403,0.21984970569610596,0.9996442794799805,0.40707096457481384,0.3569328188896179,-0.1546173244714737,0.9998923540115356,0.3436219096183777,0.3730813264846802,0.31721606850624084,0.1332084834575653,0.5035238862037659,0.3760654032230377,-0.21174383163452148,0.9341486096382141,0.3297080397605896,0.36106616258621216,0.3372243344783783,0.4380495250225067,0.5849129557609558,0.36827316880226135,-0.11150585114955902,0.5508391857147217,0.3224759101867676,0.35838380455970764,0.3465666174888611,0.45649197697639465,0.6077669858932495,0.3654465079307556,-0.11861315369606018,0.4887180030345917,0.32065480947494507,0.3531752824783325,0.3287058174610138,0.458126425743103,0.6010295152664185,0.361041784286499,-0.10249630361795425,0.4739728271961212,0.32590970396995544,0.3543938398361206,0.3279832899570465,0.41503992676734924,0.5926316380500793,0.3634253442287445,-0.09811849147081375,0.4399597942829132,0.5646165609359741,0.4427328109741211,0.12830336391925812,0.9998817443847656,0.5462493896484375,0.4322522282600403,-0.12878043949604034,0.9998296499252319,0.6535563468933105,0.47791868448257446,0.2366119623184204,0.8576967716217041,0.5319556593894958,0.4760061800479889,-0.14010804891586304,0.9866647720336914,0.727706253528595,0.5532093644142151,0.3747531473636627,0.919095516204834,0.3708799481391907,0.5421380400657654,-0.13399191200733185,0.9872971773147583,0.7313512563705444,0.5699392557144165,0.383462518453598,0.9057119488716125,0.3370899558067322,0.5539687275886536,-0.12353674322366714,0.9735616445541382,0.7878091335296631,0.5584132671356201,0.3487755060195923,0.8890273571014404,0.2998582124710083,0.5604924559593201,-0.14089888334274292,0.977977991104126
General2,124,1,0.3391008973121643,0.3358056843280792,-0.13030025362968445,0.9985430240631104,0.32457950711250305,0.3328605592250824,-0.11510025709867477,0.9987119436264038,0.3247818350791931,0.333093523979187,-0.11516968160867691,0.9981905817985535,0.3131859600543976,0.3373374342918396,-0.11526502668857574,0.9986035227775574,0.3127111494541168,0.3381817936897278,-0.15658214688301086,0.9992328882217407,0.328604519367218,0.34062445163726807,-0.15658079087734222,0.999052107334137,0.3273985981941223,0.3420809507369995,-0.15664514899253845,0.9991996884346008,0.3244388699531555,0.34566518664360046,-0.011525091715157032,0.9978386759757996,0.32865601778030396,0.35340195894241333,-0.19757235050201416,0.999213695526123,0.3506883382797241,0.33881837129592896,-0.08658479899168015,0.9981252551078796,0.3515433073043823,0.33981069922447205,-0.13990139961242676,0.9986568689346313,0.3874748945236206,0.36760908365249634,0.12464110553264618,0.9980716109275818,0.40879496932029724,0.3721124231815338,-0.2828003168106079,0.9994444251060486,0.41161245107650757,0.3697320818901062,0.17173266410827637,0.10058186203241348,0.5291746854782104,0.38321030139923096,-0.3283870816230774,0.8167234063148499,0.4235698878765106,0.3578031659126282,0.09158175438642502,0.20704248547554016,0.5948891639709473,0.3646961450576782,-0.22275826334953308,0.4180404543876648,0.42287081480026245,0.3554639518260956,0.07854659855365753,0.2357935905456543,0.6086791753768921,0.36132434010505676,-0.24799296259880066,0.3710009753704071,0.4182020425796509,0.35286542773246765,0.051520343869924545,0.2362859547138214,0.6003581285476685,0.35922127962112427,-0.23227696120738983,0.35413092374801636,0.4224327802658081,0.3535599410533905,0.07482082396745682,0.21595506370067596,0.5938504934310913,0.36136332154273987,-0.21286728978157043,0.34052905440330505,0.5510554313659668,0.45468419790267944,0.14424198865890503,0.9993991851806641,0.543380856513977,0.4494604170322418,-0.1446560174226761,0.9993569254875183,0.6306548118591309,0.4734199345111847,0.2515803873538971,0.8500832319259644,0.5509582161903381,0.4535490870475769,-0.19643186032772064,0.9756354093551636,0.7148855328559875,0.5444250702857971,0.3871592879295349,0.9704243540763855,0.4684179127216339,0.5292618870735168,-0.1297021061182022,0.9883339405059814,0.6685521006584167,0.5535317659378052,0.3984962999820709,0.9505611658096313,0.44978421926498413,0.5415894389152527,-0.11515489965677261,0.9704952836036682,0.7171049118041992,0.5565211772918701,0.3645414113998413,0.950685441493988,0.45154666900634766,0.5477485060691833,-0.16041284799575806,0.9749563336372375
General2,125,1,0.37061312794685364,0.34621837735176086,-0.2101542353630066,0.9975454211235046,0.3227583169937134,0.33957672119140625,-0.19199024140834808,0.9979641437530518,0.3359721302986145,0.3354712128639221,-0.19200827181339264,0.9972746968269348,0.3372599482536316,0.33533450961112976,-0.1921384632587433,0.9977130889892578,0.34971582889556885,0.34804826974868774,-0.2285880595445633,0.9982534050941467,0.3469345271587372,0.34971803426742554,-0.22859950363636017,0.9977754950523376,0.34420159459114075,0.3513405919075012,-0.2286425530910492,0.9978585839271545,0.3556525409221649,0.3522534966468811,-0.06450027227401733,0.99648118019104,0.3393208384513855,0.36150747537612915,-0.23027418553829193,0.9974395036697388,0.3676398694515228,0.3480885624885559,-0.1561400443315506,0.9949632883071899,0.37656140327453613,0.35408514738082886,-0.20392930507659912,0.9956403970718384,0.40351566672325134,0.37400245666503906,0.0673196092247963,0.9961736798286438,0.3834311366081238,0.38155198097229004,-0.28146475553512573,0.9948464632034302,0.4280686676502228,0.36911821365356445,0.13938401639461517,0.23965100944042206,0.4157971441745758,0.37764039635658264,-0.3627670109272003,0.7528250813484192,0.42876896262168884,0.3507578372955322,0.07828859984874725,0.3709001839160919,0.4167215824127197,0.33114370703697205,-0.31690698862075806,0.5637469291687012,0.42912325263023376,0.3484240174293518,0.0702141746878624,0.362693190574646,0.42101961374282837,0.3202170729637146,-0.3422735035419464,0.5019143223762512,0.4192756414413452,0.34508442878723145,0.04031085595488548,0.35917985439300537,0.40652889013290405,0.31851786375045776,-0.32116466760635376,0.4873628318309784,0.42191216349601746,0.3453175127506256,0.0616723857820034,0.36336714029312134,0.40309736132621765,0.3235263228416443,-0.30631327629089355,0.4619078040122986,0.5481835603713989,0.45947733521461487,0.12049227952957153,0.9989987015724182,0.5196254253387451,0.4556809067726135,-0.12076172977685928,0.9980890154838562,0.6544612050056458,0.4718756675720215,0.1436748206615448,0.9156320691108704,0.5253210663795471,0.45627912878990173,-0.20050516724586487,0.9690491557121277,0.7280186414718628,0.5514377951622009,0.23239898681640625,0.9762577414512634,0.4221734404563904,0.5201889276504517,-0.172568216919899,0.9875785708427429,0.7277791500091553,0.5667203068733215,0.23606184124946594,0.9561504125595093,0.40259772539138794,0.5293140411376953,-0.1637679785490036,0.9662402272224426,0.78148353099823,0.561553955078125,0.16842758655548096,0.9519264101982117,0.3996506929397583,0.540452241897583,-0.22929872572422028,0.9723562598228455
General2,126,1,0.3475230038166046,0.3288082480430603,-0.11403648555278778,0.9983060359954834,0.3255159854888916,0.3326093256473541,-0.09610994905233383,0.9987772107124329,0.32553988695144653,0.3329821825027466,-0.09622354060411453,0.9980934262275696,0.32541942596435547,0.33339667320251465,-0.09634476900100708,0.9986945986747742,0.32643502950668335,0.3333757519721985,-0.14162380993366241,0.9992592930793762,0.3269350826740265,0.33432120084762573,-0.14161553978919983,0.9989809393882751,0.32712849974632263,0.33527204394340515,-0.14167295396327972,0.9991999268531799,0.32452964782714844,0.3447378873825073,0.0055875033140182495,0.9979948997497559,0.3329125642776489,0.34995752573013306,-0.1957133263349533,0.9991304278373718,0.3612000346183777,0.33436769247055054,-0.07155618071556091,0.998229444026947,0.36252355575561523,0.3348364531993866,-0.12935671210289001,0.9987053871154785,0.3808142840862274,0.37207162380218506,0.141738623380661,0.9983727931976318,0.418812096118927,0.37025052309036255,-0.2983000576496124,0.9994780421257019,0.4216274321079254,0.3807234764099121,0.16128391027450562,0.07454442977905273,0.5349796414375305,0.3790203630924225,-0.3442031443119049,0.8553067445755005,0.45765745639801025,0.372077077627182,0.023405378684401512,0.1426384150981903,0.611571729183197,0.3622986674308777,-0.2134387195110321,0.4888092577457428,0.4625973701477051,0.36946362257003784,0.0033914523664861917,0.179049551486969,0.6270613670349121,0.3587418794631958,-0.23799465596675873,0.42904943227767944,0.45918771624565125,0.366887629032135,-0.023123472929000854,0.18046517670154572,0.6200515627861023,0.35657039284706116,-0.2192152440547943,0.41433170437812805,0.4616120457649231,0.3678584098815918,0.004842899739742279,0.16629093885421753,0.6125756502151489,0.35929322242736816,-0.20213890075683594,0.39834049344062805,0.5428361892700195,0.4554835557937622,0.14578045904636383,0.999434769153595,0.5490216612815857,0.4496641159057617,-0.14616158604621887,0.9993969202041626,0.6084281206130981,0.4728262722492218,0.23639866709709167,0.7841827273368835,0.5766613483428955,0.45598724484443665,-0.12739607691764832,0.9407942295074463,0.6022979021072388,0.5469149351119995,0.37890926003456116,0.9038378000259399,0.5025624632835388,0.5326898097991943,-0.058620259165763855,0.9772637486457825,0.5901835560798645,0.5565874576568604,0.3921166956424713,0.8789064884185791,0.4839617908000946,0.5478011965751648,-0.04556562379002571,0.9671348929405212,0.6265031099319458,0.5659181475639343,0.3719140589237213,0.8691537380218506,0.48423975706100464,0.5462871193885803,-0.08465679734945297,0.9611023664474487
General2,127,1,0.35684433579444885,0.3416556119918823,-0.2018541544675827,0.9985716342926025,0.3210543394088745,0.34007465839385986,-0.18912892043590546,0.9985389709472656,0.3162500262260437,0.3376023769378662,-0.1891832947731018,0.9980656504631042,0.3167751133441925,0.3374748229980469,-0.18927474319934845,0.9983365535736084,0.32056838274002075,0.3411639332771301,-0.23100683093070984,0.9988313317298889,0.33229127526283264,0.3441552221775055,-0.23107850551605225,0.9985342025756836,0.3295782208442688,0.3457218408584595,-0.2311173975467682,0.9986602067947388,0.33097630739212036,0.3486967086791992,-0.07830964028835297,0.9960422515869141,0.3204111158847809,0.356914758682251,-0.270343154668808,0.9986349940299988,0.3575068712234497,0.343366414308548,-0.15305213630199432,0.9969044327735901,0.3615122437477112,0.35126253962516785,-0.2082573026418686,0.9979469180107117,0.36921751499176025,0.37674131989479065,0.05492783710360527,0.9969690442085266,0.36791539192199707,0.38175174593925476,-0.3199891149997711,0.9979312419891357,0.3939589560031891,0.3747270703315735,0.10704397410154343,0.206321120262146,0.43177780508995056,0.3771418333053589,-0.3532007038593292,0.8026899695396423,0.41835543513298035,0.3604695498943329,-0.016641918569803238,0.27893364429473877,0.46370840072631836,0.33992403745651245,-0.21701085567474365,0.5270367860794067,0.4240383505821228,0.3575243651866913,-0.038266878575086594,0.2968388497829437,0.4739223122596741,0.3316996693611145,-0.23455724120140076,0.4593105912208557,0.41587644815444946,0.35643836855888367,-0.07139851152896881,0.29574599862098694,0.46216872334480286,0.33006227016448975,-0.21469512581825256,0.4449298679828644,0.4175136983394623,0.35736075043678284,-0.036905884742736816,0.29021015763282776,0.4569423198699951,0.33458369970321655,-0.20366929471492767,0.4310894310474396,0.5331459045410156,0.46242618560791016,0.12717850506305695,0.9988685846328735,0.5119273662567139,0.4595859944820404,-0.12745609879493713,0.9984574317932129,0.664375364780426,0.48229819536209106,0.1962771713733673,0.9625813961029053,0.5084261298179626,0.4501291513442993,-0.2567118704319,0.9905428290367126,0.7291808128356934,0.5514664053916931,0.30994734168052673,0.9949578642845154,0.4474925994873047,0.48497968912124634,-0.15225693583488464,0.9947001934051514,0.7347694635391235,0.5700659155845642,0.31631243228912354,0.9849318265914917,0.44230538606643677,0.4903227388858795,-0.1358213573694229,0.9824585318565369,0.7934956550598145,0.5488100647926331,0.25559261441230774,0.98792564868927,0.4226555824279785,0.49422767758369446,-0.1776442676782608,0.9866691827774048
General2,128,1,0.2940466105937958,0.3575758934020996,-0.413094699382782,0.9769307374954224,0.28561460971832275,0.3603648841381073,-0.4224494397640228,0.9791026711463928,0.2842799425125122,0.36162301898002625,-0.42247241735458374,0.9802023768424988,0.2830590605735779,0.36290407180786133,-0.4224807918071747,0.9844376444816589,0.28950995206832886,0.3594866991043091,-0.46464377641677856,0.9861637949943542,0.2909509539604187,0.3600040674209595,-0.46469154953956604,0.9851202368736267,0.2923775613307953,0.36050212383270264,-0.4649072289466858,0.9835042953491211,0.2861022353172302,0.3742533028125763,-0.3792997896671295,0.9842474460601807,0.30114662647247314,0.3704495429992676,-0.5714247822761536,0.975315511226654,0.30159392952919006,0.3635435104370117,-0.3820190727710724,0.983061671257019,0.30518868565559387,0.36207151412963867,-0.4387035369873047,0.9813227653503418,0.3031514883041382,0.39545777440071106,-0.25504615902900696,0.9946874380111694,0.3513663411140442,0.38647526502609253,-0.5362858772277832,0.9973784685134888,0.24786606431007385,0.39516302943229675,-0.10968629270792007,0.464368611574173,0.31909990310668945,0.37631285190582275,-0.628563642501831,0.7676831483840942,0.20175811648368835,0.3703184127807617,-0.14064347743988037,0.6839722990989685,0.27225178480148315,0.3474796414375305,-0.7050775289535522,0.6364086866378784,0.18263691663742065,0.3685683310031891,-0.14871150255203247,0.6922494173049927,0.2650664746761322,0.3406426012516022,-0.7672250866889954,0.6136608719825745,0.1828744113445282,0.36190706491470337,-0.18924014270305634,0.6989489793777466,0.253745973110199,0.34245532751083374,-0.754846453666687,0.5976638793945312,0.1928195059299469,0.3612692058086395,-0.15718787908554077,0.671032726764679,0.2535550594329834,0.34574660658836365,-0.7015285491943359,0.5388465523719788,0.5045693516731262,0.4490063190460205,0.09898466616868973,0.9997805953025818,0.5411336421966553,0.44639015197753906,-0.09937452524900436,0.9999129772186279,0.5418100953102112,0.451325386762619,0.2655155658721924,0.5687229037284851,0.6431242823600769,0.47224241495132446,0.0657850056886673,0.9861701726913452,0.361728698015213,0.4701995253562927,0.4904227554798126,0.7784156799316406,0.735226035118103,0.5501470565795898,0.20033696293830872,0.9943828582763672,0.32717299461364746,0.47350600361824036,0.5157806277275085,0.8267885446548462,0.7392926812171936,0.5598630309104919,0.2153322845697403,0.9916531443595886,0.3285122513771057,0.4783685803413391,0.5023502111434937,0.8174328804016113,0.7836303114891052,0.558874249458313,0.149395152926445,0.9878978133201599
General2,129,1,0.2674121558666229,0.35006457567214966,-0.31457245349884033,0.9957734942436218,0.25514090061187744,0.3534402847290039,-0.3177042603492737,0.9968053102493286,0.2539501488208771,0.354446679353714,-0.31779196858406067,0.9968805313110352,0.2528533935546875,0.3554871082305908,-0.3178780674934387,0.9973658919334412,0.258777916431427,0.35327428579330444,-0.35992327332496643,0.9977555871009827,0.2599530816078186,0.3542429208755493,-0.36007386445999146,0.9978652596473694,0.26118946075439453,0.3551748991012573,-0.36030998826026917,0.9979881048202515,0.2557389438152313,0.36847585439682007,-0.25921010971069336,0.9965667724609375,0.2700984477996826,0.36719101667404175,-0.4529680907726288,0.9978044629096985,0.2775459885597229,0.35635533928871155,-0.27992090582847595,0.9968472123146057,0.28064072132110596,0.3560912311077118,-0.33651480078697205,0.9974504113197327,0.28005197644233704,0.39283323287963867,-0.12774838507175446,0.9961636066436768,0.3401912450790405,0.3835409879684448,-0.42670542001724243,0.9978334307670593,0.2638947367668152,0.39189469814300537,-0.007108788006007671,0.4520038664340973,0.33656415343284607,0.3792923390865326,-0.47459107637405396,0.7849053144454956,0.22981742024421692,0.36541637778282166,-0.0677073523402214,0.6639975905418396,0.2891993820667267,0.3520723581314087,-0.44367551803588867,0.6889399886131287,0.2138160765171051,0.3617117404937744,-0.07608535140752792,0.6761617064476013,0.2828935980796814,0.34541139006614685,-0.47575128078460693,0.6395997405052185,0.21239137649536133,0.35710421204566956,-0.10749246180057526,0.676082968711853,0.2650085389614105,0.3476870059967041,-0.4720407724380493,0.6311363577842712,0.22048228979110718,0.3571229875087738,-0.08176234364509583,0.6479864120483398,0.2640058994293213,0.3511121869087219,-0.4386557340621948,0.6009134650230408,0.5076524019241333,0.4517686069011688,0.09899044036865234,0.9997603297233582,0.5409850478172302,0.44085174798965454,-0.0992768183350563,0.9998001456260681,0.5766119956970215,0.47769424319267273,0.19272874295711517,0.9705925583839417,0.6473033428192139,0.43031078577041626,0.0062947659753263,0.9854714870452881,0.4496324062347412,0.5246338844299316,0.2898612916469574,0.9914702773094177,0.681005597114563,0.41080519556999207,0.037363532930612564,0.9929810762405396,0.4254720211029053,0.5274065732955933,0.29820382595062256,0.9882579445838928,0.6828310489654541,0.4089764952659607,0.04052530974149704,0.9897146821022034,0.4296130836009979,0.547785758972168,0.25225406885147095,0.9813326597213745,0.7003037929534912,0.40822833776474,-0.006264140363782644,0.9842283725738525
General2,130,1,0.3053990602493286,0.3748724162578583,-0.4548017084598541,0.9944837689399719,0.2960614562034607,0.37797561287879944,-0.46036723256111145,0.9950200319290161,0.2951124906539917,0.3781188130378723,-0.46034348011016846,0.9943390488624573,0.2943165600299835,0.37830665707588196,-0.4603760540485382,0.9956450462341309,0.2982793152332306,0.37952566146850586,-0.49931418895721436,0.9964446425437927,0.29902946949005127,0.38059619069099426,-0.4993757903575897,0.9950167536735535,0.2997538447380066,0.3816382586956024,-0.4995766282081604,0.9947739243507385,0.29454705119132996,0.3834797739982605,-0.3926725685596466,0.9957808256149292,0.3018040060997009,0.38812148571014404,-0.5662415623664856,0.993236243724823,0.3112024664878845,0.37556833028793335,-0.41433122754096985,0.9932432770729065,0.3141091465950012,0.3764464259147644,-0.4655468463897705,0.9920056462287903,0.3156256675720215,0.38439029455184937,-0.2703937590122223,0.9983330368995667,0.3373017907142639,0.39506077766418457,-0.5172481536865234,0.999261200428009,0.26781564950942993,0.38036394119262695,-0.18696531653404236,0.5174024701118469,0.31298890709877014,0.3873530924320221,-0.5691332221031189,0.8138720989227295,0.21043506264686584,0.3647717535495758,-0.2530096471309662,0.7429779767990112,0.2608144283294678,0.3655903935432434,-0.5970146656036377,0.714756965637207,0.19073668122291565,0.36450135707855225,-0.26026493310928345,0.7179622650146484,0.24909986555576324,0.36080053448677063,-0.6435273885726929,0.6495841145515442,0.18848192691802979,0.36180439591407776,-0.29023027420043945,0.7198246121406555,0.2405298352241516,0.3628361225128174,-0.6334272623062134,0.6379755735397339,0.19738930463790894,0.36095574498176575,-0.2663848102092743,0.696051836013794,0.2430674135684967,0.36472946405410767,-0.5937517285346985,0.6063719391822815,0.5191947221755981,0.4422406852245331,0.075839564204216,0.9998348951339722,0.5295180082321167,0.4500158727169037,-0.07642967253923416,0.9999468326568604,0.6268913745880127,0.41548311710357666,0.16215254366397858,0.6607127785682678,0.6594584584236145,0.48619046807289124,-0.007847178727388382,0.9836110472679138,0.5026413202285767,0.39064106345176697,0.32136598229408264,0.7459154725074768,0.7206909656524658,0.5578052997589111,0.05509224534034729,0.9928104281425476,0.474933385848999,0.3876795172691345,0.3380506634712219,0.7514797449111938,0.7148122787475586,0.5662570595741272,0.062124818563461304,0.9827136993408203,0.4744179844856262,0.39373183250427246,0.33461737632751465,0.76076740026474,0.7382644414901733,0.5716159343719482,0.0018655135063454509,0.9845102429389954
General2,131,1,0.29247844219207764,0.37602028250694275,-0.32401543855667114,0.9948843121528625,0.28010493516921997,0.37885692715644836,-0.3172350525856018,0.9959074258804321,0.2795722484588623,0.378720223903656,-0.31722867488861084,0.9947892427444458,0.2791709303855896,0.37863045930862427,-0.31726351380348206,0.9963083863258362,0.2808506488800049,0.3816032409667969,-0.3586987853050232,0.9973202347755432,0.28104665875434875,0.38319945335388184,-0.3587105870246887,0.9959459900856018,0.2812359631061554,0.3847658038139343,-0.3588546812534332,0.9961588382720947,0.2807100713253021,0.38481348752975464,-0.22387826442718506,0.9961399435997009,0.28401532769203186,0.39301595091819763,-0.4077695310115814,0.9955462217330933,0.3017916977405548,0.37684717774391174,-0.27789467573165894,0.9930475354194641,0.30332738161087036,0.3792969286441803,-0.3316280245780945,0.992468535900116,0.3180359899997711,0.3878411054611206,-0.09774022549390793,0.9978232383728027,0.33066046237945557,0.40138089656829834,-0.4129185378551483,0.9987679123878479,0.26888877153396606,0.3752371668815613,-0.05653535574674606,0.44394898414611816,0.31199824810028076,0.4021691083908081,-0.48226308822631836,0.7130430936813354,0.20024850964546204,0.357474684715271,-0.15064246952533722,0.6332287788391113,0.26147639751434326,0.380670428276062,-0.4796712100505829,0.5478466153144836,0.17772835493087769,0.3555631637573242,-0.158445805311203,0.6218187212944031,0.24785488843917847,0.3756830096244812,-0.5187254548072815,0.49658337235450745,0.17345204949378967,0.3540392518043518,-0.18212193250656128,0.6140100955963135,0.23893967270851135,0.3767821788787842,-0.5029388666152954,0.4801924228668213,0.1832790970802307,0.3537852466106415,-0.16466248035430908,0.5922712683677673,0.2420063614845276,0.37886103987693787,-0.4737667143344879,0.46011021733283997,0.5161455869674683,0.4478718042373657,0.11172356456518173,0.9996848106384277,0.5247840285301208,0.4537552297115326,-0.11216790229082108,0.9998570680618286,0.6182704567909241,0.428805410861969,0.19452644884586334,0.6812365651130676,0.6573418378829956,0.48164796829223633,-0.06979895383119583,0.9874617457389832,0.4579768776893616,0.42690467834472656,0.3123551309108734,0.815744936466217,0.7081937789916992,0.5516878962516785,-0.019556773826479912,0.9946158528327942,0.4211900234222412,0.4269552230834961,0.3241960406303406,0.811468243598938,0.6826342344284058,0.5545001029968262,-0.011415569111704826,0.986849308013916,0.430245041847229,0.4364106059074402,0.3184937834739685,0.8110314607620239,0.7215946912765503,0.5683339834213257,-0.0568891242146492,0.9883663058280945
General2,132,1,0.29416942596435547,0.3677559494972229,-0.37420910596847534,0.9972679615020752,0.28299495577812195,0.3707543611526489,-0.37358731031417847,0.9976416826248169,0.2823682725429535,0.3708636164665222,-0.37360623478889465,0.9969497323036194,0.28187263011932373,0.3710269331932068,-0.37364643812179565,0.9978718757629395,0.28406965732574463,0.3728046417236328,-0.41778865456581116,0.9983219504356384,0.28431546688079834,0.3742164075374603,-0.4178454577922821,0.9974441528320312,0.28452247381210327,0.37559837102890015,-0.41800904273986816,0.9976291060447693,0.28186339139938354,0.3775129020214081,-0.291921466588974,0.9977892637252808,0.28559237718582153,0.3839656114578247,-0.49067336320877075,0.9971344470977783,0.30188924074172974,0.36927565932273865,-0.33067217469215393,0.9965644478797913,0.30360716581344604,0.37077608704566956,-0.38886743783950806,0.9960812926292419,0.3094881772994995,0.38110241293907166,-0.16840901970863342,0.9989025592803955,0.3282005190849304,0.3956816494464874,-0.48130133748054504,0.9993565678596497,0.26160573959350586,0.37426698207855225,-0.10804954171180725,0.5016822814941406,0.32571956515312195,0.39435142278671265,-0.5835052132606506,0.7775111198425293,0.19406583905220032,0.35838866233825684,-0.19518105685710907,0.6837942600250244,0.27505114674568176,0.3711800277233124,-0.6592615842819214,0.684341549873352,0.17293277382850647,0.3577222228050232,-0.20724117755889893,0.6685686111450195,0.2634246349334717,0.36641329526901245,-0.7131425738334656,0.6342930197715759,0.16783717274665833,0.3560824394226074,-0.23540231585502625,0.6670549511909485,0.2511276602745056,0.3668452799320221,-0.6985131502151489,0.6242011189460754,0.1770523190498352,0.35521256923675537,-0.20962928235530853,0.6453574895858765,0.2536610960960388,0.36856481432914734,-0.655487060546875,0.5840862989425659,0.5181829333305359,0.4409932792186737,0.11082622408866882,0.9998063445091248,0.5215099453926086,0.45015019178390503,-0.11123812198638916,0.9999039173126221,0.6425586938858032,0.4207584857940674,0.18560278415679932,0.7500746846199036,0.6450247764587402,0.485289067029953,-0.06250675022602081,0.9854714870452881,0.5514589548110962,0.40834513306617737,0.31675663590431213,0.8404135704040527,0.6960172057151794,0.5475662350654602,0.01726454682648182,0.992445170879364,0.5278923511505127,0.40797317028045654,0.32859790325164795,0.8154614567756653,0.67979896068573,0.5558835864067078,0.026858778670430183,0.9802737236022949,0.5348853468894958,0.41010820865631104,0.3144119083881378,0.8298177719116211,0.7007145881652832,0.5679324269294739,-0.022120531648397446,0.9845253825187683
General2,133,1,0.8165841698646545,0.3968575596809387,-0.05167100578546524,0.9992836117744446,0.8229551911354065,0.39166146516799927,-0.030320754274725914,0.9989190101623535,0.8230065703392029,0.39137959480285645,-0.030440406873822212,0.9987409710884094,0.822918176651001,0.3909420371055603,-0.030573770403862,0.9984058737754822,0.8198219537734985,0.3902680575847626,-0.07968026399612427,0.9987597465515137,0.8178843855857849,0.38904857635498047,-0.07973895967006683,0.9986926913261414,0.8157939910888672,0.38764792680740356,-0.07986543327569962,0.9985905289649963,0.8104244470596313,0.3862919807434082,0.07379917055368423,0.9982276558876038,0.7988002300262451,0.3816707730293274,-0.15599887073040009,0.9990563988685608,0.8049935102462769,0.39838021993637085,-0.009789671748876572,0.9956609606742859,0.8028011322021484,0.39626142382621765,-0.07718953490257263,0.9972144961357117,0.7561178803443909,0.40105772018432617,0.1915266364812851,0.998883068561554,0.7387378811836243,0.37340879440307617,-0.2460973560810089,0.9999740123748779,0.678078293800354,0.43363362550735474,0.33549028635025024,0.04183967411518097,0.6627841591835022,0.3435889780521393,-0.38656291365623474,0.991950273513794,0.6456724405288696,0.44355642795562744,0.3021308481693268,0.12252001464366913,0.6197248697280884,0.30467039346694946,-0.45717695355415344,0.990548312664032,0.6330482959747314,0.4466717839241028,0.3212617039680481,0.12845191359519958,0.6065031886100769,0.2919943630695343,-0.5019488334655762,0.9767385721206665,0.6368560791015625,0.4455692172050476,0.2712688148021698,0.1395275741815567,0.6085180640220642,0.2909456491470337,-0.4934808909893036,0.9779267907142639,0.6420838236808777,0.44560015201568604,0.27788740396499634,0.16910479962825775,0.6089683175086975,0.29443588852882385,-0.4587107300758362,0.9702869653701782,0.6174192428588867,0.45650798082351685,0.16106648743152618,0.9996280670166016,0.5757454633712769,0.4478570222854614,-0.16110800206661224,0.999933123588562,0.6985074877738953,0.4934607744216919,0.24731893837451935,0.8900554776191711,0.48983263969421387,0.501895546913147,-0.2523587644100189,0.9992254972457886,0.6940975785255432,0.5591012835502625,0.39164891839027405,0.9625244140625,0.32357221841812134,0.4733445942401886,-0.19519828259944916,0.9994066953659058,0.6814013123512268,0.5709276795387268,0.40084633231163025,0.9323837161064148,0.30769550800323486,0.46129098534584045,-0.1901969462633133,0.9882776141166687,0.7555911540985107,0.5751708745956421,0.3531893789768219,0.9535783529281616,0.25126057863235474,0.4909471273422241,-0.31728920340538025,0.9976142644882202
General2,134,1,0.8177913427352905,0.3947950601577759,-0.021181514486670494,0.9996582269668579,0.8229584693908691,0.3890664875507355,-0.0009386633755639195,0.9994977712631226,0.8230898976325989,0.38847577571868896,-0.0010253445943817496,0.9993993043899536,0.8230668306350708,0.38776829838752747,-0.0011183564784005284,0.999161958694458,0.8194911479949951,0.38839882612228394,-0.055316388607025146,0.9995761513710022,0.8174581527709961,0.38743430376052856,-0.055409353226423264,0.9995961785316467,0.8153461217880249,0.3863794803619385,-0.05562330409884453,0.9995703101158142,0.8096821904182434,0.3822054862976074,0.09014202654361725,0.9995802044868469,0.7987617254257202,0.38087230920791626,-0.16390523314476013,0.999768078327179,0.8076344132423401,0.39567965269088745,0.015463367104530334,0.9978402853012085,0.8046413660049438,0.394491046667099,-0.059510238468647,0.9984946250915527,0.7596299052238464,0.3893349766731262,0.19943569600582123,0.9994224309921265,0.7363725900650024,0.3765239715576172,-0.2725358307361603,0.9999780654907227,0.7700327634811401,0.37719547748565674,0.525309145450592,0.18035505712032318,0.6666187047958374,0.3411004841327667,-0.48456960916519165,0.9787642955780029,0.758910059928894,0.3559207618236542,0.772957980632782,0.4499877989292145,0.6202090978622437,0.3076476454734802,-0.6196306943893433,0.9886229634284973,0.7512719631195068,0.3489137887954712,0.8384759426116943,0.3868069052696228,0.6082432866096497,0.29655182361602783,-0.6662120223045349,0.9786085486412048,0.7565246820449829,0.3476680815219879,0.8049012422561646,0.3992901146411896,0.6070173382759094,0.29331228137016296,-0.6619628667831421,0.9795548319816589,0.7624277472496033,0.3527241349220276,0.7631532549858093,0.46876662969589233,0.6114977598190308,0.2983950972557068,-0.6213377714157104,0.9670509696006775,0.6109235286712646,0.45471665263175964,0.16688483953475952,0.9999163150787354,0.5813410878181458,0.44906365871429443,-0.16707627475261688,0.9999767541885376,0.6993010640144348,0.49262547492980957,0.24423937499523163,0.9298762679100037,0.4843025803565979,0.49894797801971436,-0.24787259101867676,0.9991668462753296,0.697312593460083,0.5586820244789124,0.3810056149959564,0.9736267328262329,0.3244995176792145,0.4723111093044281,-0.18961049616336823,0.9995419979095459,0.6814731359481812,0.5729557275772095,0.38870108127593994,0.9624156355857849,0.3164166510105133,0.4617452919483185,-0.1842888444662094,0.9925642609596252,0.7582332491874695,0.5758585333824158,0.3364833891391754,0.9590862989425659,0.24479639530181885,0.4911082983016968,-0.3129647970199585,0.9978194236755371
General2,135,1,0.8066118359565735,0.3958478569984436,-0.05731359124183655,0.9992743134498596,0.8141084909439087,0.39085152745246887,-0.035375937819480896,0.9986357092857361,0.8142006397247314,0.39085644483566284,-0.03549410402774811,0.9986758828163147,0.814307451248169,0.3907352089881897,-0.03563142940402031,0.998239278793335,0.811748743057251,0.38866138458251953,-0.08472535014152527,0.9983213543891907,0.8101813793182373,0.38697588443756104,-0.08479315787553787,0.9984254837036133,0.8086806535720825,0.3851751685142517,-0.08491566777229309,0.9980419874191284,0.8048415780067444,0.3861587345600128,0.07490373402833939,0.9978439807891846,0.7958235144615173,0.37872815132141113,-0.15376237034797668,0.9990193843841553,0.7963826060295105,0.3973934054374695,-0.011813952587544918,0.9927294850349426,0.794338583946228,0.3946196436882019,-0.07878082990646362,0.9951756000518799,0.7484183311462402,0.3976321518421173,0.20260463654994965,0.9990370273590088,0.7392762303352356,0.368548184633255,-0.23578253388404846,0.9999748468399048,0.6795728802680969,0.4272788166999817,0.3192097246646881,0.036092691123485565,0.6679545640945435,0.3421207666397095,-0.364101767539978,0.9935692548751831,0.613527238368988,0.44285663962364197,0.2674179673194885,0.0992383137345314,0.626471996307373,0.30310356616973877,-0.41424164175987244,0.9913787841796875,0.5996581315994263,0.44625407457351685,0.2858850657939911,0.10320188105106354,0.6167126297950745,0.290198415517807,-0.45654892921447754,0.975960373878479,0.5999583005905151,0.44708171486854553,0.23480796813964844,0.1118987649679184,0.618033230304718,0.2887311577796936,-0.44250234961509705,0.9770447015762329,0.6049760580062866,0.44690942764282227,0.24322447180747986,0.13310006260871887,0.6195113062858582,0.2940983474254608,-0.4127815067768097,0.9718592762947083,0.603255569934845,0.4511469006538391,0.1566898226737976,0.9997567534446716,0.5814710855484009,0.4443635940551758,-0.15677325427532196,0.9999370574951172,0.6872246265411377,0.49502432346343994,0.18711204826831818,0.9090355038642883,0.49995535612106323,0.5054582357406616,-0.2346263974905014,0.9990021586418152,0.683384358882904,0.5548569560050964,0.30187126994132996,0.9703473448753357,0.35044610500335693,0.46241438388824463,-0.10117881000041962,0.9985290765762329,0.6669783592224121,0.5701901316642761,0.3090288043022156,0.9428912401199341,0.33873796463012695,0.44654253125190735,-0.08536354452371597,0.9808192849159241,0.7372449040412903,0.5742909908294678,0.26502561569213867,0.9651682376861572,0.26646873354911804,0.47453996539115906,-0.16664795577526093,0.9955019354820251
General2,136,1,0.806847095489502,0.39700815081596375,-0.07644239068031311,0.9991849064826965,0.813784658908844,0.3916502296924591,-0.05437549203634262,0.998528242111206,0.8138288259506226,0.3914732336997986,-0.05448440834879875,0.9985137581825256,0.8139249682426453,0.3912256956100464,-0.054627008736133575,0.9980514049530029,0.8115781545639038,0.38975414633750916,-0.10290145874023438,0.9982649683952332,0.8101901412010193,0.3882431983947754,-0.10296767204999924,0.998369038105011,0.8088785409927368,0.38665246963500977,-0.10308939963579178,0.9980447292327881,0.8035829067230225,0.3859902620315552,0.05819510295987129,0.9977993369102478,0.7953678369522095,0.3797803521156311,-0.1670534908771515,0.9989959597587585,0.7964694499969482,0.3983711302280426,-0.030310720205307007,0.9925486445426941,0.7949697971343994,0.39561399817466736,-0.09632265567779541,0.9951209425926208,0.7470009326934814,0.3971754312515259,0.18786823749542236,0.9989645481109619,0.7389394044876099,0.36930951476097107,-0.24444220960140228,0.9999743700027466,0.6784424781799316,0.4303833246231079,0.3278815746307373,0.03055671788752079,0.6673619747161865,0.3420611619949341,-0.3796439468860626,0.9928684830665588,0.6213213205337524,0.44331106543540955,0.3064632713794708,0.08266952633857727,0.626110315322876,0.3028857111930847,-0.4379393756389618,0.9893558621406555,0.6074926257133484,0.44647565484046936,0.331108957529068,0.08835414052009583,0.6171307563781738,0.28988876938819885,-0.48089346289634705,0.9711138010025024,0.6088805794715881,0.44681134819984436,0.28058570623397827,0.09635347872972488,0.6189388632774353,0.2883768081665039,-0.46818768978118896,0.9725937843322754,0.6140353083610535,0.4468156695365906,0.2836666405200958,0.11602623760700226,0.6185647249221802,0.29241013526916504,-0.4373962879180908,0.966605007648468,0.599594235420227,0.4507371783256531,0.15486177802085876,0.9997411370277405,0.5828331708908081,0.4440164566040039,-0.1549171358346939,0.9999290704727173,0.6874884366989136,0.49514293670654297,0.18036942183971405,0.8930659890174866,0.49994948506355286,0.505539059638977,-0.22621910274028778,0.9988099336624146,0.6777147650718689,0.5576692223548889,0.292014479637146,0.9674443006515503,0.3521038293838501,0.46286216378211975,-0.09433942288160324,0.9985495209693909,0.6671611070632935,0.5697714686393738,0.29866063594818115,0.9396775960922241,0.3403296172618866,0.4465053975582123,-0.07904638350009918,0.9818599820137024,0.7379038333892822,0.5740156173706055,0.25135892629623413,0.9624871611595154,0.2672399878501892,0.4734713137149811,-0.16278958320617676,0.9955644607543945
General2,137,1,0.804923415184021,0.396895170211792,-0.11957107484340668,0.997490644454956,0.8125386238098145,0.39114993810653687,-0.0973418653011322,0.9959427714347839,0.8131067752838135,0.39089280366897583,-0.09745928645133972,0.9953868985176086,0.8138430118560791,0.39056396484375,-0.09762021899223328,0.9946997165679932,0.8092751502990723,0.38923755288124084,-0.14546045660972595,0.995341420173645,0.8077034950256348,0.38767415285110474,-0.14553430676460266,0.9951815009117126,0.8059046268463135,0.3855438232421875,-0.14567002654075623,0.9949246644973755,0.8047603368759155,0.3852866291999817,0.020614901557564735,0.9934158325195312,0.7940030097961426,0.37895140051841736,-0.20257510244846344,0.9966565370559692,0.795042872428894,0.39853063225746155,-0.07109865546226501,0.9813884496688843,0.7920233607292175,0.39574140310287476,-0.13646216690540314,0.9877696633338928,0.7524204254150391,0.39576753973960876,0.1549099087715149,0.9980829954147339,0.7344239354133606,0.36902546882629395,-0.27066951990127563,0.9999351501464844,0.6905207633972168,0.42904213070869446,0.30837365984916687,0.03252984955906868,0.6658724546432495,0.3421320915222168,-0.39819130301475525,0.9909151196479797,0.6327868103981018,0.4409048855304718,0.2934752106666565,0.10000132769346237,0.6237156987190247,0.3008273243904114,-0.4589897096157074,0.9875685572624207,0.6196560263633728,0.44420477747917175,0.31597644090652466,0.10594761371612549,0.6160809993743896,0.2890987992286682,-0.5014769434928894,0.9688478112220764,0.6217745542526245,0.4433176517486572,0.2675200402736664,0.11556174606084824,0.6188721060752869,0.2876424789428711,-0.4937756061553955,0.9708693027496338,0.6268159747123718,0.4433637261390686,0.2714483439922333,0.1378084272146225,0.6187766790390015,0.29161667823791504,-0.4604850113391876,0.9632912278175354,0.6053513884544373,0.45202648639678955,0.15383480489253998,0.9994624257087708,0.5756357908248901,0.44429898262023926,-0.15387649834156036,0.9998517036437988,0.6893211603164673,0.4945695698261261,0.20787428319454193,0.862255334854126,0.4982546269893646,0.5061918497085571,-0.21571972966194153,0.9983384609222412,0.6790313720703125,0.5571608543395996,0.3402966260910034,0.9461321234703064,0.34997618198394775,0.46326950192451477,-0.0700182244181633,0.9982619881629944,0.6687374114990234,0.5691971778869629,0.34982001781463623,0.9076972007751465,0.338296115398407,0.4479016363620758,-0.05388594791293144,0.9762319922447205,0.7390859127044678,0.5745048522949219,0.3093712031841278,0.9388003945350647,0.26887649297714233,0.47425222396850586,-0.14318493008613586,0.9941864013671875
General2,138,1,0.25550171732902527,0.4111790060997009,-0.20431247353553772,0.9927185773849487,0.24683061242103577,0.411563903093338,-0.18211694061756134,0.9933426976203918,0.24600443243980408,0.4109354317188263,-0.18227700889110565,0.992184579372406,0.23524612188339233,0.4089195728302002,-0.18243883550167084,0.9933109283447266,0.23990827798843384,0.4177563786506653,-0.22616808116436005,0.9952003955841064,0.2397347092628479,0.41914787888526917,-0.22625887393951416,0.9944316744804382,0.23972076177597046,0.4203350245952606,-0.2263316661119461,0.9960156083106995,0.24533578753471375,0.4149690270423889,-0.035238005220890045,0.9837493896484375,0.24457359313964844,0.43030837178230286,-0.23192329704761505,0.9940134882926941,0.2710363268852234,0.4131039083003998,-0.14165879786014557,0.986622154712677,0.2708563208580017,0.41668474674224854,-0.19861695170402527,0.9936326146125793,0.30760788917541504,0.41904157400131226,0.12812255322933197,0.9968354105949402,0.29967087507247925,0.45504894852638245,-0.29405704140663147,0.9974570870399475,0.3440589904785156,0.40481042861938477,0.18634280562400818,0.20657221972942352,0.3964375853538513,0.46990054845809937,-0.366489976644516,0.8124516606330872,0.3379380702972412,0.38911622762680054,0.060621827840805054,0.34183546900749207,0.4548206925392151,0.45001697540283203,-0.3363967835903168,0.5385976433753967,0.33903276920318604,0.3855871558189392,0.055218346416950226,0.38612374663352966,0.47472554445266724,0.44715455174446106,-0.3636162281036377,0.5096983909606934,0.3304137587547302,0.385505735874176,0.023888837546110153,0.38652950525283813,0.44474849104881287,0.44245073199272156,-0.35193780064582825,0.5021496415138245,0.3324016332626343,0.38671934604644775,0.04259459301829338,0.3594907522201538,0.4570055902004242,0.4450114071369171,-0.32760950922966003,0.4460255801677704,0.5172219276428223,0.47695326805114746,0.14313510060310364,0.9972524046897888,0.5010880827903748,0.49174731969833374,-0.14287130534648895,0.9964892864227295,0.6768960952758789,0.4699956178665161,0.08669152855873108,0.9391782879829407,0.6112644076347351,0.441602885723114,-0.23003751039505005,0.9825279116630554,0.6604642271995544,0.5533239841461182,0.13946588337421417,0.9596865773200989,0.69183349609375,0.37226247787475586,-0.2721383571624756,0.9905016422271729,0.6430929899215698,0.5639885067939758,0.1445201188325882,0.9613907337188721,0.7108992338180542,0.3674459457397461,-0.2745472490787506,0.9840379953384399,0.700485110282898,0.5762803554534912,0.08031726628541946,0.9535526037216187,0.6963649988174438,0.3385070860385895,-0.37326568365097046,0.9879738092422485
General2,139,1,0.29439255595207214,0.4047355055809021,-0.12907414138317108,0.9928262233734131,0.2692455053329468,0.40801891684532166,-0.11056028306484222,0.9953871369361877,0.2689180374145508,0.40739065408706665,-0.110742948949337,0.9945770502090454,0.269176721572876,0.40659916400909424,-0.11092408001422882,0.9958224296569824,0.2699251174926758,0.41035979986190796,-0.1525624394416809,0.9958827495574951,0.2700459063053131,0.41136595606803894,-0.1526324301958084,0.994682252407074,0.2868949770927429,0.41084277629852295,-0.15266939997673035,0.9963142275810242,0.27893128991127014,0.40922820568084717,0.01732710935175419,0.9914847016334534,0.2777651846408844,0.42239657044410706,-0.17626789212226868,0.994282603263855,0.3172838091850281,0.4066691994667053,-0.07323143631219864,0.9900934100151062,0.31675925850868225,0.41116446256637573,-0.1295607089996338,0.9950580596923828,0.32587969303131104,0.41229215264320374,0.13441617786884308,0.9972284436225891,0.31406232714653015,0.45096176862716675,-0.20842482149600983,0.9967363476753235,0.3496834337711334,0.39579764008522034,0.15752601623535156,0.26952293515205383,0.3774312734603882,0.46521392464637756,-0.3188580572605133,0.7042168378829956,0.3286820352077484,0.38276413083076477,0.03417915478348732,0.336599737405777,0.4167965054512024,0.45120927691459656,-0.34890174865722656,0.3690728545188904,0.32483184337615967,0.37899667024612427,0.029765194281935692,0.3617003262042999,0.4319692850112915,0.4492996633052826,-0.3764286935329437,0.35685792565345764,0.31768763065338135,0.38033831119537354,0.008914776146411896,0.3524376451969147,0.42276716232299805,0.44661906361579895,-0.36006417870521545,0.3504124581813812,0.32066604495048523,0.38191449642181396,0.021891620010137558,0.33111196756362915,0.4182542860507965,0.4470551609992981,-0.34052029252052307,0.3079073429107666,0.5304136872291565,0.46913063526153564,0.11781855672597885,0.9981258511543274,0.5108320116996765,0.4879688322544098,-0.11723897606134415,0.9985719919204712,0.6778587698936462,0.4560707211494446,0.1024540513753891,0.9535972476005554,0.5887962579727173,0.43512892723083496,-0.4128854274749756,0.9929781556129456,0.6602208614349365,0.5518292188644409,0.12953193485736847,0.9584289193153381,0.6465046405792236,0.35000133514404297,-0.6130867004394531,0.9957045912742615,0.6723284125328064,0.551133394241333,0.1319415122270584,0.9661030173301697,0.6632400751113892,0.34275439381599426,-0.6300657987594604,0.9935623407363892,0.7201206684112549,0.569473385810852,0.056986358016729355,0.9582991003990173,0.6297924518585205,0.3061264455318451,-0.7640309929847717,0.9952982068061829
General2,140,1,0.3257259726524353,0.3959273397922516,-0.12937675416469574,0.9951496720314026,0.2857973277568817,0.4014096260070801,-0.11419790983200073,0.9975423812866211,0.3042888343334198,0.39642396569252014,-0.11436953395605087,0.9970903396606445,0.30263668298721313,0.396242618560791,-0.11452867835760117,0.997972309589386,0.3070734143257141,0.39948827028274536,-0.16306670010089874,0.9974162578582764,0.30560237169265747,0.4015592336654663,-0.16312502324581146,0.9963282942771912,0.30415138602256775,0.40362218022346497,-0.16318687796592712,0.9974797368049622,0.28937917947769165,0.4047699570655823,-0.003204567125067115,0.9959596991539001,0.2919739782810211,0.41539230942726135,-0.2264975607395172,0.9964817762374878,0.3302293121814728,0.4009048044681549,-0.07911186665296555,0.9944825172424316,0.33149516582489014,0.40413931012153625,-0.14422649145126343,0.996116042137146,0.32877588272094727,0.41147056221961975,0.13515427708625793,0.9981305003166199,0.32695233821868896,0.4441421926021576,-0.2831970155239105,0.9979264736175537,0.35154908895492554,0.40243542194366455,0.18726465106010437,0.1564525067806244,0.39190012216567993,0.45715606212615967,-0.3999177813529968,0.7859665751457214,0.34437504410743713,0.38601306080818176,0.04107334092259407,0.31585803627967834,0.413364052772522,0.4392453134059906,-0.4295147955417633,0.5279723405838013,0.34322217106819153,0.3807295560836792,0.03324861451983452,0.37249690294265747,0.42222434282302856,0.436103492975235,-0.4675349295139313,0.5408322811126709,0.3355170488357544,0.3820996880531311,0.00029177634860388935,0.367287278175354,0.40922075510025024,0.43231627345085144,-0.44744938611984253,0.5271207690238953,0.3376723527908325,0.3845773935317993,0.023153724148869514,0.3603687286376953,0.40715697407722473,0.4333188533782959,-0.41942787170410156,0.4678245186805725,0.5275752544403076,0.46526002883911133,0.1515367031097412,0.9990150928497314,0.5191402435302734,0.4823141396045685,-0.1509661078453064,0.9991156458854675,0.6606866717338562,0.44291621446609497,0.07362789660692215,0.8962091207504272,0.622353196144104,0.4383939206600189,-0.3186647593975067,0.9919049739837646,0.7063685059547424,0.5098476409912109,0.07633872330188751,0.9447728395462036,0.7209988832473755,0.36726462841033936,-0.5120512247085571,0.9951249957084656,0.7011040449142456,0.518841028213501,0.07556772232055664,0.9478951692581177,0.7413092851638794,0.36220675706863403,-0.5305575728416443,0.9887985587120056,0.7370364665985107,0.5232895612716675,0.0031870652455836535,0.9418274760246277,0.7252267003059387,0.32823407649993896,-0.6506859660148621,0.9922997355461121
General2,141,0,,,,,,,,,,,,,,,,,,,,,,,,,,,,,,,,,,,,,,,,,,,,,,,,,,,,,,,,,,,,,,,,,,,,,,,,,,,,,,,,,,,,,,,,,,,,,,,,,,,,,,,,,,,,,,,,,,,,,,,,,,,,,,,,,,,,
General2,142,0,,,,,,,,,,,,,,,,,,,,,,,,,,,,,,,,,,,,,,,,,,,,,,,,,,,,,,,,,,,,,,,,,,,,,,,,,,,,,,,,,,,,,,,,,,,,,,,,,,,,,,,,,,,,,,,,,,,,,,,,,,,,,,,,,,,,
General2,143,0,,,,,,,,,,,,,,,,,,,,,,,,,,,,,,,,,,,,,,,,,,,,,,,,,,,,,,,,,,,,,,,,,,,,,,,,,,,,,,,,,,,,,,,,,,,,,,,,,,,,,,,,,,,,,,,,,,,,,,,,,,,,,,,,,,,,
General2,144,1,0.7894909977912903,0.39899787306785583,0.06600853055715561,0.9763437509536743,0.7949293255805969,0.39316093921661377,0.05254996567964554,0.9743358492851257,0.7944363355636597,0.3919542729854584,0.0524047426879406,0.9731181263923645,0.7932742238044739,0.39030036330223083,0.05239046365022659,0.9669344425201416,0.7957781553268433,0.3945518434047699,0.02380024828016758,0.9621680378913879,0.7958805561065674,0.39435356855392456,0.023647312074899673,0.9541171193122864,0.7961227297782898,0.39408987760543823,0.02340332232415676,0.9427539706230164,0.7845215797424316,0.3857017159461975,0.01735520176589489,0.9398645758628845,0.7903454303741455,0.39031553268432617,-0.11638975143432617,0.9353145360946655,0.7781223058700562,0.3969286382198334,0.06068701669573784,0.9460148811340332,0.7799253463745117,0.3989359736442566,0.02073146402835846,0.9458907246589661,0.7126644253730774,0.37425681948661804,0.04404965415596962,0.9949945211410522,0.7508330345153809,0.39737698435783386,-0.1944684088230133,0.9985966086387634,0.6734585762023926,0.34280917048454285,0.11190493404865265,0.7297610640525818,0.7072535157203674,0.35601624846458435,-0.19239553809165955,0.7259710431098938,0.6380615234375,0.3054463267326355,0.12755846977233887,0.7365251779556274,0.6945187449455261,0.3188636898994446,-0.11551399528980255,0.8315883278846741,0.6264126300811768,0.295649915933609,0.13306181132793427,0.6867348551750183,0.6946723461151123,0.3081941306591034,-0.13461166620254517,0.8231196999549866,0.6355341672897339,0.2928326427936554,0.10716494917869568,0.6910650730133057,0.6900933980941772,0.30756503343582153,-0.11843603104352951,0.8181689977645874,0.6380527019500732,0.29785043001174927,0.11690272390842438,0.6725626587867737,0.6880404949188232,0.3115272521972656,-0.10681401193141937,0.7739734649658203,0.5668463110923767,0.4375371038913727,0.13000723719596863,0.9990609288215637,0.5862250328063965,0.44816169142723083,-0.13040941953659058,0.9993391633033752,0.6138343811035156,0.5023688077926636,0.12985573709011078,0.8082342147827148,0.5296453237533569,0.49586912989616394,-0.15057796239852905,0.9889587163925171,0.6111078858375549,0.5559341311454773,0.19923368096351624,0.9138140082359314,0.4476412534713745,0.44331443309783936,-0.030652830377221107,0.9845007658004761,0.5937227010726929,0.5689075589179993,0.20378173887729645,0.8680925369262695,0.4313915967941284,0.4337502717971802,-0.016678715124726295,0.9435304999351501,0.6638913154602051,0.5703842043876648,0.15707047283649445,0.8238457441329956,0.4313179850578308,0.4409601092338562,-0.06267029047012329,0.9489097595214844
General2,145,1,0.7912377715110779,0.40052804350852966,0.13029061257839203,0.9766626358032227,0.7966890335083008,0.3947944939136505,0.10947331041097641,0.9815073013305664,0.7961045503616333,0.39341700077056885,0.10933344811201096,0.9802566170692444,0.7957053780555725,0.3920459747314453,0.10933784395456314,0.981467068195343,0.7982875108718872,0.3966276943683624,0.08329570293426514,0.9779847860336304,0.7985803484916687,0.39642366766929626,0.08317521214485168,0.9736512303352356,0.7990704774856567,0.39614778757095337,0.08301539719104767,0.9744531512260437,0.786358654499054,0.3858172595500946,0.04828784987330437,0.9726160168647766,0.7929089069366455,0.3913511037826538,-0.07402093708515167,0.9530338644981384,0.7813848257064819,0.39811384677886963,0.11694587022066116,0.9754739999771118,0.7830777764320374,0.39996349811553955,0.08065886795520782,0.974675178527832,0.7162462472915649,0.3678208887577057,0.0585884191095829,0.995415449142456,0.7638031244277954,0.40164685249328613,-0.14534659683704376,0.9979761242866516,0.6729525327682495,0.33308255672454834,0.13325470685958862,0.8822209239006042,0.7125447392463684,0.3819462060928345,-0.2557060420513153,0.45654118061065674,0.6423080563545227,0.30296987295150757,0.17684537172317505,0.8281934261322021,0.700409471988678,0.3521122932434082,-0.31634393334388733,0.6249294281005859,0.6323179006576538,0.2921881079673767,0.18582704663276672,0.8074017763137817,0.697263777256012,0.3431548774242401,-0.34846022725105286,0.6545201539993286,0.6381712555885315,0.29109328985214233,0.16416193544864655,0.8062962889671326,0.6957932710647583,0.3408834934234619,-0.3275154232978821,0.654900848865509,0.6436929106712341,0.2952585220336914,0.1700870543718338,0.7653585076332092,0.6954479813575745,0.3441764712333679,-0.3095439374446869,0.6123740077018738,0.5621837973594666,0.4338323473930359,0.13567356765270233,0.9991033673286438,0.5986645221710205,0.45086732506752014,-0.13598494231700897,0.9994557499885559,0.5670565366744995,0.4778774380683899,0.23100832104682922,0.5745391845703125,0.6108699440956116,0.4998060166835785,-0.03415732830762863,0.9700929522514343,0.4827415645122528,0.4919022023677826,0.2479119747877121,0.8731895685195923,0.6043321490287781,0.5550878643989563,-0.023976657539606094,0.9868864417076111,0.4675622582435608,0.491769015789032,0.24868114292621613,0.8918771743774414,0.5774129629135132,0.5606940984725952,-0.020217452198266983,0.9764475226402283,0.46807727217674255,0.5049932599067688,0.21970947086811066,0.8505964875221252,0.6256049871444702,0.5633751153945923,-0.05471299961209297,0.9735441207885742
General2,146,1,0.7949075102806091,0.39919963479042053,0.14411528408527374,0.9888972640037537,0.8001292943954468,0.3936288058757782,0.12153088301420212,0.9908319115638733,0.7994745969772339,0.39223068952560425,0.1213834211230278,0.9917683601379395,0.7989605069160461,0.39088132977485657,0.12140372395515442,0.9917117357254028,0.8018000721931458,0.3957991600036621,0.09643801301717758,0.9895513653755188,0.802157461643219,0.39579641819000244,0.09631384909152985,0.9886004328727722,0.8025931119918823,0.3957116901874542,0.0961417406797409,0.9882198572158813,0.7895208597183228,0.38533860445022583,0.04963229224085808,0.9874251484870911,0.7957397699356079,0.39134329557418823,-0.06715577840805054,0.9783802628517151,0.784930944442749,0.3963683247566223,0.12677057087421417,0.9869315028190613,0.7868150472640991,0.398792028427124,0.09203822165727615,0.987071692943573,0.7178356647491455,0.3677196502685547,0.0425131618976593,0.994345486164093,0.7618622779846191,0.40204888582229614,-0.13217265903949738,0.9977834820747375,0.6676717400550842,0.3373333811759949,0.10077709704637527,0.9035512804985046,0.7040095329284668,0.37446707487106323,-0.1886364072561264,0.562045693397522,0.6416746377944946,0.3043418824672699,0.11939609050750732,0.8221370577812195,0.6949741840362549,0.3418412208557129,-0.19429463148117065,0.7119153738021851,0.6319686770439148,0.2936335802078247,0.12134052813053131,0.8026414513587952,0.6952359080314636,0.3331443667411804,-0.2197241336107254,0.7171536087989807,0.6427303552627563,0.2939595878124237,0.09870222955942154,0.799284040927887,0.6913843154907227,0.3295425772666931,-0.2050548493862152,0.7189908623695374,0.6425744891166687,0.29660269618034363,0.1109866052865982,0.7689871788024902,0.6893755793571472,0.3326777219772339,-0.1890994757413864,0.6773273348808289,0.5617848634719849,0.43412867188453674,0.1253623068332672,0.9986974596977234,0.5975391864776611,0.4522993564605713,-0.12560781836509705,0.9993911981582642,0.5498671531677246,0.467134952545166,0.212312713265419,0.802125096321106,0.616080641746521,0.5035771131515503,-0.03476318344473839,0.9897985458374023,0.4551033675670624,0.4683838188648224,0.23571211099624634,0.9308902621269226,0.6084965467453003,0.5570813417434692,-0.019083019345998764,0.993458092212677,0.4404522776603699,0.4670191705226898,0.2383085936307907,0.9373974800109863,0.5900993943214417,0.5675790309906006,-0.014754249714314938,0.988095760345459,0.43266811966896057,0.47437143325805664,0.20314297080039978,0.9020799994468689,0.643869161605835,0.5653015971183777,-0.059772562235593796,0.9850594997406006
General2,147,1,0.8055773973464966,0.40169286727905273,0.04428933188319206,0.9969980716705322,0.8084278106689453,0.3950367569923401,0.032071929425001144,0.9982666969299316,0.8069504499435425,0.39369773864746094,0.031918369233608246,0.9982203841209412,0.8054722547531128,0.3921820819377899,0.031882185488939285,0.9980072379112244,0.8096622228622437,0.3962706923484802,-0.001277275732718408,0.9981672763824463,0.8089876770973206,0.3959512710571289,-0.0014064919669181108,0.9982649683952332,0.8083687424659729,0.39556387066841125,-0.001558449468575418,0.9979344606399536,0.7925879955291748,0.3855259418487549,0.014240172691643238,0.9985881447792053,0.7964648008346558,0.39036646485328674,-0.13924795389175415,0.9977266192436218,0.7925577163696289,0.40097466111183167,0.0483342707157135,0.9959226846694946,0.7944550514221191,0.4020698368549347,0.0021744791883975267,0.9946427345275879,0.718685507774353,0.37136608362197876,0.10555435717105865,0.9987648725509644,0.7609516382217407,0.39736488461494446,-0.2546187937259674,0.9994750618934631,0.6868194341659546,0.3340592384338379,0.3102175295352936,0.9448047876358032,0.7207604050636292,0.4060182571411133,-0.5081645250320435,0.4587109088897705,0.6777609586715698,0.3131459653377533,0.48144301772117615,0.876174807548523,0.7297254800796509,0.3991910219192505,-0.6759994626045227,0.512410044670105,0.6683608889579773,0.3029945492744446,0.5178143382072449,0.8444572687149048,0.7246437072753906,0.3968980312347412,-0.7341862916946411,0.5582224726676941,0.6738265752792358,0.3037067651748657,0.4880174398422241,0.8532062768936157,0.7332541942596436,0.39631161093711853,-0.6988602876663208,0.5571533441543579,0.6774111986160278,0.30932724475860596,0.4757082760334015,0.8013176918029785,0.7342711687088013,0.3972872793674469,-0.6648860573768616,0.5057783722877502,0.5667011141777039,0.43372705578804016,0.16244807839393616,0.9998120665550232,0.5777581334114075,0.44183582067489624,-0.1628413051366806,0.9998599290847778,0.6116730570793152,0.49022233486175537,0.3000841438770294,0.6704258322715759,0.6097099184989929,0.4945984184741974,0.0135237667709589,0.9886595010757446,0.5917693972587585,0.5437774658203125,0.479600191116333,0.737555742263794,0.5859207510948181,0.5503536462783813,0.20936715602874756,0.9862486720085144,0.574571430683136,0.5533658266067505,0.4966832995414734,0.8003601431846619,0.5592147707939148,0.5569922924041748,0.23269522190093994,0.9786490797996521,0.6141277551651001,0.5532896518707275,0.47234517335891724,0.5935695767402649,0.6256400942802429,0.5615167617797852,0.2100679576396942,0.9542683959007263
General2,148,1,0.8063773512840271,0.4020420014858246,0.028352126479148865,0.9936671853065491,0.8091766834259033,0.39553967118263245,0.02260013297200203,0.9959922432899475,0.8078621625900269,0.3942551910877228,0.022440694272518158,0.9957577586174011,0.8067808151245117,0.3929349184036255,0.02240772172808647,0.9954313039779663,0.810041069984436,0.3967060446739197,-0.0142659991979599,0.9960010647773743,0.8093109130859375,0.3964043855667114,-0.014379939995706081,0.996067225933075,0.808619499206543,0.3960278630256653,-0.014538625255227089,0.9957302212715149,0.7939016222953796,0.3861446976661682,0.027255721390247345,0.9960386753082275,0.7962226271629333,0.39044156670570374,-0.14244043827056885,0.9943209886550903,0.7936010360717773,0.401471346616745,0.03972160443663597,0.9892375469207764,0.7951673269271851,0.4026010036468506,-0.010999057441949844,0.988394021987915,0.7206270098686218,0.3704577088356018,0.11347127705812454,0.9980025887489319,0.7613152861595154,0.3971141278743744,-0.2507968246936798,0.9992554783821106,0.6947003602981567,0.3322991132736206,0.2910214960575104,0.9301393032073975,0.7163891792297363,0.40688830614089966,-0.5131744742393494,0.47042882442474365,0.6847081780433655,0.3085247278213501,0.44961294531822205,0.8797041177749634,0.717793881893158,0.4053105115890503,-0.7017322778701782,0.5163848400115967,0.6756538152694702,0.2974255681037903,0.4806413948535919,0.849990725517273,0.7115705013275146,0.40400606393814087,-0.7643605470657349,0.555339515209198,0.6709777116775513,0.2991022765636444,0.45262420177459717,0.8575781583786011,0.7199668884277344,0.40359246730804443,-0.7325234413146973,0.5535813570022583,0.684857964515686,0.30493253469467163,0.44339898228645325,0.8086193203926086,0.7211935520172119,0.4042382836341858,-0.6925060153007507,0.49711790680885315,0.5657244920730591,0.4322539269924164,0.16123561561107635,0.999640941619873,0.5796467065811157,0.4415143132209778,-0.16160356998443604,0.9997269511222839,0.6134400963783264,0.48445823788642883,0.2858670651912689,0.5505577325820923,0.603356122970581,0.49739396572113037,-0.024652300402522087,0.9798036813735962,0.5871949195861816,0.5355860590934753,0.4559054970741272,0.6784625053405762,0.5824548006057739,0.5482832193374634,0.15047138929367065,0.9796914458274841,0.5407692790031433,0.5338519215583801,0.4709780216217041,0.7434121966362,0.5452754497528076,0.5395118594169617,0.17140159010887146,0.9656862020492554,0.5722522735595703,0.5423119068145752,0.4478755295276642,0.5604226589202881,0.5894491672515869,0.5515058636665344,0.14667201042175293,0.9447643756866455
General2,149,1,0.8052190542221069,0.4031298756599426,0.11076438426971436,0.9997830986976624,0.8071575164794922,0.3959510624408722,0.0902397632598877,0.9998643398284912,0.8058412671089172,0.39439666271209717,0.09009893238544464,0.9998515844345093,0.8045834302902222,0.3928779363632202,0.0900963619351387,0.9998254179954529,0.807878315448761,0.39807623624801636,0.05828065052628517,0.9998782873153687,0.8070919513702393,0.39798128604888916,0.05810047686100006,0.9998812675476074,0.8063409924507141,0.39786380529403687,0.057982247322797775,0.9998745918273926,0.7923295497894287,0.3862355351448059,0.04766681417822838,0.9998441934585571,0.7961082458496094,0.39203566312789917,-0.10077996551990509,0.9998397827148438,0.7926499247550964,0.4006902277469635,0.10679153352975845,0.9995088577270508,0.7934392690658569,0.40311115980148315,0.06237559765577316,0.9995632767677307,0.7195917367935181,0.3698351979255676,0.14290423691272736,0.9994353652000427,0.7579629421234131,0.40014493465423584,-0.2326761931180954,0.9999313354492188,0.6655024886131287,0.3347100615501404,0.3346748948097229,0.964725136756897,0.6861557960510254,0.40706804394721985,-0.5056312680244446,0.4810905158519745,0.650324821472168,0.3075202703475952,0.4818343222141266,0.893668532371521,0.6777822375297546,0.3926950693130493,-0.7712008953094482,0.7423834800720215,0.6348960995674133,0.30122655630111694,0.5119739770889282,0.862822413444519,0.6683579087257385,0.3879952132701874,-0.8476239442825317,0.8011462688446045,0.6392557621002197,0.29923707246780396,0.47744759917259216,0.8667108416557312,0.6745123863220215,0.3876032829284668,-0.8208934664726257,0.8061713576316833,0.6447559595108032,0.3034667670726776,0.4738343358039856,0.8383322358131409,0.678953230381012,0.38990217447280884,-0.7664651870727539,0.7692033052444458,0.5340302586555481,0.42383289337158203,0.17710071802139282,0.9998815059661865,0.563452959060669,0.4391794800758362,-0.17718754708766937,0.999970555305481,0.551192581653595,0.47144362330436707,0.4552825391292572,0.7137122750282288,0.6153515577316284,0.49842047691345215,-0.006235245615243912,0.9975292086601257,0.5128227472305298,0.5142166018486023,0.7294267416000366,0.8130218982696533,0.5683033466339111,0.5542760491371155,0.14945952594280243,0.9960688352584839,0.4975165128707886,0.5212481617927551,0.7566710114479065,0.8780330419540405,0.5537631511688232,0.566612184047699,0.16808335483074188,0.9931207299232483,0.5375709533691406,0.5256972312927246,0.7607614994049072,0.6294723749160767,0.629870593547821,0.5705512166023254,0.14705784618854523,0.9833539724349976
General2,150,1,0.7994604110717773,0.4023635983467102,0.12411835044622421,0.9997748732566833,0.8025805354118347,0.3954333961009979,0.10087934136390686,0.9998676776885986,0.8013663291931152,0.393966406583786,0.10073262453079224,0.9998621940612793,0.8001972436904907,0.39250126481056213,0.10069742798805237,0.9998356103897095,0.8034158945083618,0.39746659994125366,0.07083690166473389,0.9998834133148193,0.8027739524841309,0.39738285541534424,0.07065030932426453,0.9998955726623535,0.8021454215049744,0.3972949981689453,0.07049581408500671,0.9998834133148193,0.7893912196159363,0.38585931062698364,0.046809807419776917,0.9998500347137451,0.793218731880188,0.3923450708389282,-0.09180284291505814,0.9998749494552612,0.7874411940574646,0.40029898285865784,0.11602377891540527,0.9996063113212585,0.7882983088493347,0.4023534655570984,0.0742039903998375,0.9996447563171387,0.7179354429244995,0.36884748935699463,0.1399068385362625,0.9996145963668823,0.7576603889465332,0.4021925628185272,-0.23027555644512177,0.9999600648880005,0.6636764407157898,0.33497485518455505,0.34076404571533203,0.9669469594955444,0.6778215169906616,0.4219017028808594,-0.4429313540458679,0.5778010487556458,0.6474751234054565,0.3093205690383911,0.5205603837966919,0.9174104928970337,0.6783145070075989,0.4219222366809845,-0.5911858081817627,0.6665339469909668,0.6361684203147888,0.29929211735725403,0.5613572597503662,0.8898752331733704,0.6708317995071411,0.4203490912914276,-0.6456857323646545,0.7128156423568726,0.642159640789032,0.3000109791755676,0.5298096537590027,0.8928547501564026,0.6817570924758911,0.4193369150161743,-0.6154174208641052,0.7125877737998962,0.6437211036682129,0.30210626125335693,0.5161409378051758,0.8520026206970215,0.6813958883285522,0.419079065322876,-0.5807613730430603,0.6748408675193787,0.5362805724143982,0.42429670691490173,0.16984441876411438,0.9999347925186157,0.5661916732788086,0.4399218261241913,-0.17018713057041168,0.9999834299087524,0.5476641654968262,0.47355368733406067,0.44222134351730347,0.8530869483947754,0.6156546473503113,0.497043251991272,-0.009795060381293297,0.9983745813369751,0.5205938220024109,0.518389880657196,0.6954360008239746,0.8821686506271362,0.571380078792572,0.5533401370048523,0.1328500360250473,0.9966277480125427,0.5066948533058167,0.5263868570327759,0.7227209806442261,0.9306352138519287,0.5518313050270081,0.5659624934196472,0.15193264186382294,0.9939422011375427,0.5469493865966797,0.5296066999435425,0.7345906496047974,0.6387385725975037,0.628171443939209,0.5705413818359375,0.13754057884216309,0.9767382740974426
General2,151,1,0.8074109554290771,0.402310848236084,0.09868636727333069,0.9990398287773132,0.8089290857315063,0.3946099877357483,0.08877929300069809,0.9994677901268005,0.8073875904083252,0.3932493329048157,0.08862077444791794,0.9994571805000305,0.8059003949165344,0.391915500164032,0.08860862255096436,0.9993405938148499,0.8096203207969666,0.3960093557834625,0.051177531480789185,0.9994915723800659,0.8086249828338623,0.3956393003463745,0.05100435018539429,0.9995291233062744,0.8076764345169067,0.39528119564056396,0.05091043561697006,0.9994189739227295,0.7921468019485474,0.3851359486579895,0.07860413193702698,0.99950110912323,0.7960609793663025,0.38997334241867065,-0.09171582758426666,0.999372661113739,0.7939011454582214,0.40117570757865906,0.10464511066675186,0.9982523322105408,0.7949817180633545,0.4026099741458893,0.0539979562163353,0.9982414245605469,0.7124741077423096,0.3720112144947052,0.1804804503917694,0.9983012676239014,0.7593396306037903,0.39730358123779297,-0.23131003975868225,0.9997003078460693,0.6652916073799133,0.3385644555091858,0.3485250174999237,0.9843654632568359,0.7075581550598145,0.38895270228385925,-0.5681729912757874,0.5888315439224243,0.6419246196746826,0.30770638585090637,0.43186154961586,0.9338504672050476,0.6915078163146973,0.36989516019821167,-0.9093769788742065,0.826535165309906,0.6346790194511414,0.2994990646839142,0.4582037925720215,0.9122466444969177,0.6791477799415588,0.36337628960609436,-0.9987316131591797,0.8688272833824158,0.6369730234146118,0.29851865768432617,0.4172925353050232,0.9165505766868591,0.6833076477050781,0.3639737665653229,-0.9620334506034851,0.8680732250213623,0.6407209038734436,0.3021862506866455,0.41949662566185,0.8919671773910522,0.6886469125747681,0.3673887252807617,-0.9027019739151001,0.8354260325431824,0.5383018851280212,0.42661744356155396,0.18277092278003693,0.9996046423912048,0.565094530582428,0.4368758201599121,-0.18258912861347198,0.9997583031654358,0.5800771713256836,0.4894009232521057,0.2713400721549988,0.6191599369049072,0.6147938370704651,0.49699684977531433,-0.07329658418893814,0.9956402778625488,0.5634337067604065,0.550871729850769,0.4229883849620819,0.7384036183357239,0.5691624283790588,0.554629921913147,0.05264601111412048,0.9942638278007507,0.5403341054916382,0.5623595714569092,0.4338923394680023,0.791143000125885,0.5501279830932617,0.5659574270248413,0.06486956030130386,0.9908525347709656,0.6125881671905518,0.5646124482154846,0.40674760937690735,0.6666397452354431,0.6276029348373413,0.568785548210144,0.026294860988855362,0.9843621253967285
General2,152,1,0.8044872283935547,0.40129554271698,0.13020013272762299,0.9887157082557678,0.8087751865386963,0.3941105008125305,0.10523088276386261,0.9938482642173767,0.8077579736709595,0.3927980363368988,0.10503242164850235,0.9941092729568481,0.8067764043807983,0.39148828387260437,0.10502941906452179,0.9928863644599915,0.8093505501747131,0.39538055658340454,0.07418245822191238,0.9929209351539612,0.8086752891540527,0.3949112296104431,0.07401010394096375,0.9935874938964844,0.8080031871795654,0.3943949341773987,0.07384232431650162,0.9920158386230469,0.7935830354690552,0.3844672441482544,0.04381313547492027,0.9951155185699463,0.7965213060379028,0.3882730305194855,-0.10018021613359451,0.9936297535896301,0.7912369966506958,0.3994053900241852,0.11892936378717422,0.991952121257782,0.7923628687858582,0.40066877007484436,0.07595349848270416,0.9909430146217346,0.7113882303237915,0.36416590213775635,0.10903993993997574,0.9986613988876343,0.7632901072502136,0.3943435847759247,-0.23334716260433197,0.9997552037239075,0.6591821312904358,0.33313071727752686,0.23183074593544006,0.9573656320571899,0.7161470055580139,0.3787791430950165,-0.5486167669296265,0.40083587169647217,0.6330645084381104,0.30765682458877563,0.29070845246315,0.8917433023452759,0.6865178346633911,0.3526547849178314,-0.8749132752418518,0.7763929963111877,0.6204825043678284,0.29907602071762085,0.3113178312778473,0.8629445433616638,0.6699340343475342,0.34194687008857727,-0.9645668268203735,0.8202236890792847,0.6239578723907471,0.29833412170410156,0.266047865152359,0.866302490234375,0.6720806360244751,0.3446183502674103,-0.9232351779937744,0.8199818134307861,0.6279602646827698,0.30278128385543823,0.27721869945526123,0.8379157185554504,0.6794436573982239,0.3493075668811798,-0.8669160604476929,0.7906481623649597,0.5414750576019287,0.42084380984306335,0.1801805943250656,0.9998828172683716,0.574971079826355,0.43408647179603577,-0.18025220930576324,0.9999520778656006,0.5457967519760132,0.47019416093826294,0.37042853236198425,0.6143571138381958,0.6146676540374756,0.49115702509880066,-0.023235389962792397,0.9980584979057312,0.5381894111633301,0.5385493040084839,0.5672438144683838,0.7384950518608093,0.5566340684890747,0.5487600564956665,0.12544742226600647,0.9969322681427002,0.5083116292953491,0.5486688017845154,0.5852987170219421,0.8121408820152283,0.5377982258796692,0.5610948801040649,0.14212600886821747,0.9941715598106384,0.562707245349884,0.5417006015777588,0.5688996315002441,0.5997985005378723,0.6135239005088806,0.5697187781333923,0.10396289825439453,0.9861830472946167
General2,153,1,0.8030669689178467,0.4011880159378052,0.15102437138557434,0.9786339998245239,0.8073750734329224,0.39378586411476135,0.12590156495571136,0.9890387058258057,0.8062426447868347,0.39242732524871826,0.12571054697036743,0.9885652661323547,0.805219829082489,0.391102135181427,0.12567389011383057,0.9882544279098511,0.8085868954658508,0.3952234983444214,0.09107095748186111,0.9874862432479858,0.8081644773483276,0.3948012590408325,0.09087652713060379,0.9869957566261292,0.807310163974762,0.3944636583328247,0.0906502902507782,0.9856842756271362,0.7921673655509949,0.3836807608604431,0.056913428008556366,0.9926788806915283,0.796612024307251,0.3884984850883484,-0.10296228528022766,0.9879414439201355,0.7897932529449463,0.3993456959724426,0.1366942673921585,0.9878637194633484,0.7914619445800781,0.40070605278015137,0.08907285332679749,0.9863641858100891,0.7088819742202759,0.362762987613678,0.11613272875547409,0.9970890879631042,0.7642073035240173,0.391681969165802,-0.23909099400043488,0.9995482563972473,0.6588326692581177,0.328585684299469,0.2553698420524597,0.8966943621635437,0.7158732414245605,0.36402609944343567,-0.5331979990005493,0.484414279460907,0.6378957033157349,0.3120969533920288,0.31622251868247986,0.8092947006225586,0.6765549778938293,0.33164557814598083,-0.8220023512840271,0.8454414010047913,0.6240344643592834,0.3022911548614502,0.34187546372413635,0.7768347859382629,0.6580360531806946,0.32002493739128113,-0.9061751961708069,0.8615842461585999,0.6301928162574768,0.30074796080589294,0.2951618432998657,0.7818312644958496,0.6465451121330261,0.31693747639656067,-0.8688255548477173,0.8609887361526489,0.6328128576278687,0.3071032762527466,0.30109816789627075,0.7559967637062073,0.6667420864105225,0.32743018865585327,-0.8149290680885315,0.821571409702301,0.5429555773735046,0.42109137773513794,0.17618219554424286,0.9997435212135315,0.5748602747917175,0.4329881966114044,-0.17609095573425293,0.9998685121536255,0.5607869029045105,0.4802995026111603,0.3199343979358673,0.46558061242103577,0.6156225204467773,0.4895470440387726,-0.024356374517083168,0.994511604309082,0.5470500588417053,0.5438222885131836,0.4959120750427246,0.6613172292709351,0.5594209432601929,0.5460352301597595,0.13040220737457275,0.9933684468269348,0.5230947732925415,0.5550162196159363,0.5093367695808411,0.7602076530456543,0.5417584180831909,0.5595448613166809,0.14453209936618805,0.9893646240234375,0.5841077566146851,0.558849573135376,0.46918919682502747,0.549099326133728,0.6098204851150513,0.5670243501663208,0.0935802012681961,0.9764194488525391
General2,154,1,0.802550196647644,0.3991369307041168,0.11851223558187485,0.9969016313552856,0.8079323768615723,0.39253997802734375,0.09334748238325119,0.998038113117218,0.8071704506874084,0.39132168889045715,0.09318096190690994,0.9982268214225769,0.8065087199211121,0.39014220237731934,0.09321188181638718,0.9976994395256042,0.8079209923744202,0.39375102519989014,0.06488451361656189,0.9978539347648621,0.8070722818374634,0.39333876967430115,0.06472013890743256,0.9981499910354614,0.8062997460365295,0.3928932845592499,0.06457890570163727,0.9976303577423096,0.7941726446151733,0.3836935758590698,0.035541873425245285,0.9979637861251831,0.7955236434936523,0.38736438751220703,-0.09922368824481964,0.9978000521659851,0.7897131443023682,0.3971862494945526,0.10959555208683014,0.9969213008880615,0.7897330522537231,0.3984995484352112,0.06911764293909073,0.9970911741256714,0.7133499979972839,0.362150639295578,0.08865959197282791,0.9993007183074951,0.7631834745407104,0.3943518102169037,-0.20941603183746338,0.9998362064361572,0.6601036190986633,0.33446431159973145,0.19142930209636688,0.9701628088951111,0.7012918591499329,0.38502708077430725,-0.4794304072856903,0.2902827858924866,0.6331873536109924,0.3075549602508545,0.24822625517845154,0.9265808463096619,0.6884045600891113,0.3656545579433441,-0.744077742099762,0.6283098459243774,0.6243181228637695,0.2980602979660034,0.2616824507713318,0.902922511100769,0.6772805452346802,0.35819366574287415,-0.8179437518119812,0.7068194150924683,0.6272647976875305,0.29753392934799194,0.22679470479488373,0.9044846892356873,0.681215763092041,0.35934340953826904,-0.7798677682876587,0.7103677988052368,0.6311287879943848,0.30166304111480713,0.23888267576694489,0.8755261898040771,0.6860148310661316,0.3624405562877655,-0.7353005409240723,0.6778548359870911,0.5431166887283325,0.42030441761016846,0.16823598742485046,0.9998964071273804,0.5772679448127747,0.4346781373023987,-0.168661966919899,0.9999771118164062,0.5395905375480652,0.45735275745391846,0.4993623197078705,0.6747429370880127,0.6147292852401733,0.49123331904411316,0.009566538035869598,0.9974073767662048,0.4951249361038208,0.5020654797554016,0.7083445191383362,0.805975615978241,0.5583580136299133,0.5473796129226685,0.0830901712179184,0.996594250202179,0.4779094457626343,0.5095436573028564,0.7310017943382263,0.8632523417472839,0.5430423617362976,0.5610098242759705,0.09498102962970734,0.9938321113586426,0.5153161883354187,0.5154632329940796,0.7250202894210815,0.6770749688148499,0.6171356439590454,0.5719746947288513,0.05642559006810188,0.9860127568244934
General2,155,1,0.8162844181060791,0.39744943380355835,-0.08258595317602158,0.9985484480857849,0.8216511011123657,0.39088955521583557,-0.06755532324314117,0.9990928173065186,0.8206778764724731,0.3901720941066742,-0.06767091900110245,0.9989222288131714,0.8195013403892517,0.3893791437149048,-0.06769717484712601,0.9989328980445862,0.820605993270874,0.39083385467529297,-0.1151808500289917,0.9990895986557007,0.8191342353820801,0.39015114307403564,-0.1153077557682991,0.9990289211273193,0.81742924451828,0.38936612010002136,-0.11542575061321259,0.9990236759185791,0.8038367033004761,0.38386809825897217,0.020073706284165382,0.9993804693222046,0.8018370866775513,0.3836757242679596,-0.1984972059726715,0.9990272521972656,0.8028689622879028,0.39797669649124146,-0.04459986090660095,0.9972048401832581,0.8020612001419067,0.39766666293144226,-0.10919243842363358,0.9974954724311829,0.730628252029419,0.3789365887641907,0.15309323370456696,0.9978996515274048,0.7392494678497314,0.37918856739997864,-0.2840815484523773,0.9995883107185364,0.6797497272491455,0.36094194650650024,0.4224276542663574,0.6575697660446167,0.6830715537071228,0.353146493434906,-0.5845516920089722,0.9320775270462036,0.6365420818328857,0.34261807799339294,0.6240267753601074,0.7028161287307739,0.6398553252220154,0.3185328543186188,-0.8835817575454712,0.9698318243026733,0.6189529299736023,0.3356550335884094,0.6813644170761108,0.6540265083312988,0.6237055659294128,0.3071456551551819,-0.9602754712104797,0.9600375294685364,0.6216607689857483,0.3119237422943115,0.6479964256286621,0.6634314656257629,0.6205774545669556,0.3059869408607483,-0.9422363042831421,0.961063027381897,0.6318116784095764,0.33804038166999817,0.6177324652671814,0.6493264436721802,0.6252560615539551,0.3110008239746094,-0.8842199444770813,0.937494695186615,0.562842845916748,0.4268151521682739,0.16810943186283112,0.9998358488082886,0.5696524381637573,0.42287275195121765,-0.16818101704120636,0.9997805953025818,0.568967342376709,0.485771119594574,0.226920947432518,0.7064577341079712,0.616539716720581,0.4708871841430664,-0.06530694663524628,0.9914842247962952,0.519513726234436,0.5469034910202026,0.3341853618621826,0.8691820502281189,0.5361243486404419,0.5277940034866333,0.10672525316476822,0.990970253944397,0.49721577763557434,0.557306706905365,0.3387308120727539,0.8486704230308533,0.49605849385261536,0.5225155353546143,0.12074202299118042,0.9642671942710876,0.5605018734931946,0.5645526647567749,0.28112170100212097,0.9015979766845703,0.5495194792747498,0.5420429110527039,0.058591801673173904,0.9845184087753296
General2,156,1,0.8130613565444946,0.39906424283981323,-0.13099190592765808,0.997162401676178,0.8190438747406006,0.39282816648483276,-0.11505013704299927,0.9976894855499268,0.8180499076843262,0.39202144742012024,-0.11514407396316528,0.9974333643913269,0.8169119358062744,0.3911323547363281,-0.11518434435129166,0.9974289536476135,0.8181067705154419,0.39272594451904297,-0.1615123450756073,0.997601330280304,0.8166037797927856,0.3919278681278229,-0.16163887083530426,0.9975065588951111,0.8148761987686157,0.3909960389137268,-0.16174018383026123,0.9976625442504883,0.8022669553756714,0.3847203254699707,-0.01845465786755085,0.9984853863716125,0.8000069856643677,0.384360671043396,-0.2324845790863037,0.9976587295532227,0.7995165586471558,0.39895567297935486,-0.08927882462739944,0.9939159750938416,0.7987664937973022,0.3985614478588104,-0.15234072506427765,0.995189905166626,0.7340608239173889,0.37848588824272156,0.11962471157312393,0.9972183704376221,0.7397834062576294,0.3767998218536377,-0.29746848344802856,0.9995831847190857,0.6882559657096863,0.3760600984096527,0.3712380528450012,0.23714092373847961,0.6770351529121399,0.3493039608001709,-0.5695990920066833,0.9613919258117676,0.6576435565948486,0.3681744337081909,0.5356866121292114,0.3586956560611725,0.6383329629898071,0.3165738582611084,-0.8405932784080505,0.9812483787536621,0.6430146098136902,0.36504581570625305,0.5867228507995605,0.3720656633377075,0.6231871843338013,0.30651938915252686,-0.9120647311210632,0.9752795696258545,0.6509079933166504,0.36365342140197754,0.5487073659896851,0.3858911693096161,0.620816707611084,0.30566999316215515,-0.8971187472343445,0.9765204191207886,0.6567303538322449,0.36628055572509766,0.525908350944519,0.4158952832221985,0.6246470808982849,0.3100547790527344,-0.8423094749450684,0.9637266397476196,0.5720604658126831,0.4293699264526367,0.16172118484973907,0.9993534684181213,0.5683707594871521,0.42371344566345215,-0.16164639592170715,0.9994326233863831,0.578329861164093,0.4818148612976074,0.25988930463790894,0.5184862017631531,0.6103174090385437,0.4732590615749359,-0.07404084503650665,0.9891613125801086,0.5206500291824341,0.5402209162712097,0.3903287649154663,0.7526051998138428,0.5382585525512695,0.5336242914199829,0.08384297788143158,0.9892441034317017,0.49600160121917725,0.5499943494796753,0.39800378680229187,0.7472455501556396,0.5032308101654053,0.5329247713088989,0.09689022600650787,0.9592139720916748,0.5498080849647522,0.5575757622718811,0.35733190178871155,0.8340816497802734,0.5698738098144531,0.5571933388710022,0.035737864673137665,0.9822949171066284
General2,157,1,0.8136007785797119,0.3982858955860138,-0.059379201382398605,0.9967321157455444,0.818437933921814,0.3915644586086273,-0.04942343756556511,0.9980096220970154,0.8173292875289917,0.3906274139881134,-0.049554917961359024,0.9976480603218079,0.8160701990127563,0.38960421085357666,-0.04958129674196243,0.9976969361305237,0.8176530599594116,0.3919302523136139,-0.09688124060630798,0.9977693557739258,0.8161534070968628,0.3913167417049408,-0.09701373428106308,0.9975441098213196,0.8144465684890747,0.3905738592147827,-0.09711667895317078,0.9975717663764954,0.8001676201820374,0.3834131956100464,0.016698788851499557,0.9984482526779175,0.7988569736480713,0.38452738523483276,-0.20132561028003693,0.9972500205039978,0.79962158203125,0.3983363211154938,-0.028441406786441803,0.9938709735870361,0.7992372512817383,0.39849597215652466,-0.09278010576963425,0.9940381050109863,0.7253738641738892,0.3776777386665344,0.12908440828323364,0.9963741898536682,0.7367991805076599,0.3817812502384186,-0.28357717394828796,0.99908447265625,0.6720750331878662,0.3518367409706116,0.3493673801422119,0.754866361618042,0.681644082069397,0.3532496690750122,-0.5449070930480957,0.8530478477478027,0.62192302942276,0.3275052011013031,0.5123331546783447,0.7188695669174194,0.6384098529815674,0.3194994330406189,-0.7897576093673706,0.9377261996269226,0.6047230362892151,0.3179493546485901,0.5569539666175842,0.6579510569572449,0.621871292591095,0.30725473165512085,-0.8588724732398987,0.9283311367034912,0.6195460557937622,0.30474406480789185,0.5264385342597961,0.6639294624328613,0.6196660995483398,0.3066190779209137,-0.8386890292167664,0.9297435283660889,0.6258540749549866,0.31026691198349,0.5055580735206604,0.6449255347251892,0.6243394017219543,0.31208336353302,-0.7879489064216614,0.8937269449234009,0.5658525228500366,0.42753955721855164,0.1675415188074112,0.9995606541633606,0.5762312412261963,0.4268709123134613,-0.16758693754673004,0.9995098114013672,0.5729497671127319,0.48545515537261963,0.217655748128891,0.6647584438323975,0.6122223734855652,0.47360917925834656,-0.10842875391244888,0.9921196699142456,0.523061990737915,0.5463926196098328,0.32414740324020386,0.844925582408905,0.5153771042823792,0.5169362425804138,0.03376918286085129,0.9907711744308472,0.5008618235588074,0.5567774176597595,0.3287465572357178,0.8268471360206604,0.4884275794029236,0.521117091178894,0.04566721245646477,0.9623291492462158,0.567257285118103,0.5636072158813477,0.2794230878353119,0.8625254034996033,0.534722626209259,0.5401577353477478,-0.015422869473695755,0.9817806482315063
General2,158,1,0.8179885149002075,0.3927552103996277,0.006578264757990837,0.9995587468147278,0.819185197353363,0.386788547039032,0.01794402487576008,0.9997060894966125,0.8181538581848145,0.38593927025794983,0.01777937449514866,0.9996261596679688,0.8170942068099976,0.38501742482185364,0.01772403158247471,0.9996743202209473,0.8180116415023804,0.3869937062263489,-0.028338387608528137,0.999752938747406,0.8162572383880615,0.3863444924354553,-0.028475932776927948,0.999748170375824,0.8144519925117493,0.38562095165252686,-0.028622036799788475,0.9997090697288513,0.8007933497428894,0.37952297925949097,0.09038478881120682,0.9997836947441101,0.7988560795783997,0.3802718222141266,-0.12195789813995361,0.9997196793556213,0.8064091801643372,0.3935232162475586,0.03847445175051689,0.9987587928771973,0.8048129081726074,0.3936549127101898,-0.02436113730072975,0.9984939098358154,0.7284618616104126,0.3756052851676941,0.23475347459316254,0.9994797110557556,0.7341827750205994,0.3813692033290863,-0.2509024441242218,0.9998283386230469,0.6677907705307007,0.3466165065765381,0.5560614466667175,0.8941413760185242,0.6835086941719055,0.3643724322319031,-0.6138046979904175,0.7599915862083435,0.6251264214515686,0.31905218958854675,0.8624811768531799,0.9071992039680481,0.6376364231109619,0.3322083353996277,-0.9806724190711975,0.9215335249900818,0.6094205975532532,0.30926069617271423,0.9328334927558899,0.8675338625907898,0.6263859868049622,0.3196420967578888,-1.0646113157272339,0.927662193775177,0.6120355129241943,0.30718764662742615,0.9032570123672485,0.8695651292800903,0.62962406873703,0.3234768807888031,-1.043596625328064,0.9265026450157166,0.6158298254013062,0.3115061819553375,0.8612416386604309,0.8420072197914124,0.6289006471633911,0.3257003426551819,-0.9808728694915771,0.8838298916816711,0.5543176531791687,0.42056047916412354,0.18501991033554077,0.9999920129776001,0.5617590546607971,0.41177240014076233,-0.18530654907226562,0.9999719858169556,0.5502501130104065,0.4776630699634552,0.11004742980003357,0.8667493462562561,0.6349250674247742,0.4546591341495514,-0.17419134080410004,0.9928086996078491,0.5074015259742737,0.5455580353736877,0.15249034762382507,0.9773398041725159,0.508796215057373,0.44181114435195923,0.03297175094485283,0.986049473285675,0.4791799485683441,0.5543863773345947,0.15198342502117157,0.9714231491088867,0.4936279058456421,0.43290436267852783,0.05500070005655289,0.9628310799598694,0.5549085140228271,0.5665267705917358,0.09955655038356781,0.9790123105049133,0.489335298538208,0.459825336933136,0.05626488849520683,0.9800357222557068
General2,159,1,0.8183287978172302,0.393021821975708,0.016745448112487793,0.9996843338012695,0.8196089267730713,0.38708874583244324,0.028243307024240494,0.999804675579071,0.8185354471206665,0.3862486183643341,0.028068412095308304,0.9997491240501404,0.8174352049827576,0.3853400945663452,0.028016993775963783,0.9997863173484802,0.8184813261032104,0.38723647594451904,-0.01743970438838005,0.999824583530426,0.8167086839675903,0.38654616475105286,-0.01758054457604885,0.9998140931129456,0.8148806095123291,0.38577646017074585,-0.01770903542637825,0.9997851252555847,0.8008928298950195,0.37978535890579224,0.10042154788970947,0.9998506307601929,0.7991309762001038,0.38036829233169556,-0.10910085588693619,0.9997895359992981,0.8063013553619385,0.3938177227973938,0.048472773283720016,0.9991194605827332,0.8047342300415039,0.3939068019390106,-0.013491802848875523,0.9988585710525513,0.7273509502410889,0.37568968534469604,0.23985165357589722,0.999578058719635,0.7365940809249878,0.38125714659690857,-0.23787063360214233,0.9998332262039185,0.6664411425590515,0.3468415141105652,0.5347079038619995,0.9202134609222412,0.6842430233955383,0.3646244406700134,-0.593783974647522,0.7112220525741577,0.625500500202179,0.3189907670021057,0.8177291750907898,0.9035094976425171,0.6367124319076538,0.3322190046310425,-0.9437466263771057,0.9015131592750549,0.6088180541992188,0.30808818340301514,0.8825545907020569,0.855645477771759,0.6333790421485901,0.32533198595046997,-1.0237268209457397,0.9107932448387146,0.6115151643753052,0.30621832609176636,0.853981077671051,0.858057975769043,0.6339531540870667,0.3218613266944885,-1.0018115043640137,0.9099843502044678,0.6151098608970642,0.31039169430732727,0.8160910606384277,0.8272172212600708,0.6628869771957397,0.33459028601646423,-0.9428990483283997,0.86397385597229,0.5530309677124023,0.4209473431110382,0.18325506150722504,0.9999934434890747,0.5613317489624023,0.4118044972419739,-0.18357141315937042,0.9999774694442749,0.548784613609314,0.4782111942768097,0.0993192046880722,0.8944988250732422,0.6348766088485718,0.45434021949768066,-0.17163099348545074,0.9941115975379944,0.5062875747680664,0.5458952188491821,0.12664087116718292,0.9793477654457092,0.5085143446922302,0.43994131684303284,0.03242913633584976,0.9862884283065796,0.47723785042762756,0.5548067688941956,0.12469954788684845,0.9723368883132935,0.4872419238090515,0.43239203095436096,0.05465317890048027,0.9622752070426941,0.5560488700866699,0.5666629076004028,0.07053408026695251,0.9800500273704529,0.49070268869400024,0.4592131972312927,0.06078336387872696,0.9807568192481995
General2,160,1,0.8130108118057251,0.3897813856601715,-0.007689489517360926,0.9997666478157043,0.8189452886581421,0.38330212235450745,-0.0008758084150031209,0.999816358089447,0.818111777305603,0.3821563422679901,-0.0009905112674459815,0.9997891783714294,0.8172200918197632,0.38085561990737915,-0.0009551809052936733,0.999777615070343,0.8187499642372131,0.3843279480934143,-0.04340594634413719,0.9998835325241089,0.8178595304489136,0.3840102553367615,-0.04346858710050583,0.9999027252197266,0.8169481754302979,0.3835675120353699,-0.04353427141904831,0.9998481273651123,0.8036742210388184,0.3733315169811249,0.05799265205860138,0.9999240636825562,0.8047409057617188,0.3775385320186615,-0.13724979758262634,0.9999021291732788,0.801677942276001,0.3905215263366699,0.01908087357878685,0.9994572997093201,0.8015395402908325,0.39103952050209045,-0.03863801807165146,0.9993994235992432,0.7203029990196228,0.3684624135494232,0.19395238161087036,0.9995998740196228,0.7392603754997253,0.38147011399269104,-0.2588716447353363,0.9997504353523254,0.6614060997962952,0.34762752056121826,0.45194509625434875,0.9651470184326172,0.6857030391693115,0.3641926050186157,-0.6493027210235596,0.662559449672699,0.6197645664215088,0.3245932161808014,0.6551394462585449,0.9759821891784668,0.6290076971054077,0.3331705331802368,-1.0754674673080444,0.8402383923530579,0.6009006500244141,0.31465864181518555,0.7001926898956299,0.9694534540176392,0.620733916759491,0.32402849197387695,-1.180044412612915,0.8985589742660522,0.6058457493782043,0.31215935945510864,0.6682260632514954,0.9707567691802979,0.622385561466217,0.3254935145378113,-1.1593981981277466,0.8951848745346069,0.6103000044822693,0.31588634848594666,0.6493198871612549,0.9596774578094482,0.6269096732139587,0.3312644064426422,-1.0798718929290771,0.8374459147453308,0.5515615940093994,0.4123431146144867,0.16906164586544037,0.9999957084655762,0.5716438889503479,0.41040459275245667,-0.169219508767128,0.9999654293060303,0.548564612865448,0.4833608865737915,0.14712242782115936,0.8723684549331665,0.6758372783660889,0.45414209365844727,-0.15581014752388,0.9865409731864929,0.4916449189186096,0.5414206981658936,0.23066885769367218,0.9774864912033081,0.5258239507675171,0.44324713945388794,0.04031890258193016,0.9747710824012756,0.4642346501350403,0.5462287664413452,0.23303939402103424,0.980726420879364,0.4994708001613617,0.4360348880290985,0.05848570540547371,0.9647288918495178,0.5343361496925354,0.5646978616714478,0.18352092802524567,0.9793961048126221,0.5084444284439087,0.4559791386127472,0.06333956122398376,0.9708535671234131
General2,161,0,,,,,,,,,,,,,,,,,,,,,,,,,,,,,,,,,,,,,,,,,,,,,,,,,,,,,,,,,,,,,,,,,,,,,,,,,,,,,,,,,,,,,,,,,,,,,,,,,,,,,,,,,,,,,,,,,,,,,,,,,,,,,,,,,,,,
General2,162,0,,,,,,,,,,,,,,,,,,,,,,,,,,,,,,,,,,,,,,,,,,,,,,,,,,,,,,,,,,,,,,,,,,,,,,,,,,,,,,,,,,,,,,,,,,,,,,,,,,,,,,,,,,,,,,,,,,,,,,,,,,,,,,,,,,,,
General2,163,1,0.8210236430168152,0.3880929946899414,-0.04270816594362259,0.9999551773071289,0.828764021396637,0.38184836506843567,-0.022845417261123657,0.9999629259109497,0.8282053470611572,0.38088709115982056,-0.022904623299837112,0.9999451637268066,0.8276015520095825,0.37975212931632996,-0.022861631587147713,0.9999446868896484,0.8279426097869873,0.38206303119659424,-0.06916889548301697,0.9999836683273315,0.826953649520874,0.38132211565971375,-0.06922784447669983,0.999984622001648,0.8259074091911316,0.3804580569267273,-0.06937672197818756,0.9999833106994629,0.8139609098434448,0.37264031171798706,0.08194001019001007,0.9999802112579346,0.8134145140647888,0.3740828037261963,-0.12806908786296844,0.9999898672103882,0.8086304664611816,0.38827192783355713,0.00013943506928626448,0.9998341798782349,0.8079396486282349,0.38822489976882935,-0.06142700836062431,0.9998846054077148,0.7412994503974915,0.37782764434814453,0.26229435205459595,0.999584972858429,0.7480583190917969,0.37258368730545044,-0.24855637550354004,0.9999690055847168,0.6850028038024902,0.35720521211624146,0.5703152418136597,0.38422536849975586,0.6854791641235352,0.3569331467151642,-0.559506356716156,0.9536053538322449,0.6655693054199219,0.3486965596675873,0.797711193561554,0.744289755821228,0.6247707605361938,0.3356817364692688,-0.8600183129310608,0.9859349727630615,0.6592206358909607,0.34546446800231934,0.8543307781219482,0.7825512290000916,0.6113163232803345,0.3299348056316376,-0.9407203793525696,0.9867349863052368,0.6640450358390808,0.3445844352245331,0.8146457076072693,0.7906979918479919,0.612010657787323,0.32840925455093384,-0.9325157403945923,0.9869633316993713,0.6684471964836121,0.34632110595703125,0.7881516814231873,0.761298656463623,0.6152339577674866,0.33154919743537903,-0.8645598292350769,0.9753100872039795,0.5674095153808594,0.4130600690841675,0.1675121784210205,0.999996542930603,0.5736097693443298,0.4064790606498718,-0.16785363852977753,0.9999737739562988,0.5349621176719666,0.4792563319206238,0.08761271834373474,0.9601815938949585,0.6900763511657715,0.4460678994655609,-0.12631334364414215,0.9860413670539856,0.4781780242919922,0.5397462844848633,0.11185171455144882,0.9912334084510803,0.5522343516349792,0.4508048892021179,0.07256445288658142,0.9757004380226135,0.4481983184814453,0.5438485145568848,0.10894163697957993,0.9932466745376587,0.5316492319107056,0.44349125027656555,0.09022301435470581,0.9551624059677124,0.5234071016311646,0.5655457973480225,0.05521247908473015,0.9933620691299438,0.5305583477020264,0.4729190468788147,0.10290230065584183,0.9796682000160217
General2,164,1,0.819883406162262,0.38820868730545044,-0.02518884837627411,0.999950647354126,0.8274600505828857,0.38189706206321716,-0.00630147522315383,0.9999580383300781,0.8269256353378296,0.3809368908405304,-0.006359159480780363,0.9999405145645142,0.8263425827026367,0.3798069953918457,-0.0063170017674565315,0.9999405145645142,0.8267557621002197,0.382129430770874,-0.05232270434498787,0.9999808073043823,0.8258726596832275,0.381414532661438,-0.05238666012883186,0.9999823570251465,0.8249232769012451,0.3805887699127197,-0.05254514515399933,0.9999810457229614,0.8128718137741089,0.3727681040763855,0.09227453172206879,0.99997878074646,0.8125286102294922,0.37445151805877686,-0.11649530380964279,0.9999892711639404,0.807989239692688,0.38840243220329285,0.015290805138647556,0.9998284578323364,0.807367205619812,0.38839805126190186,-0.04593886807560921,0.9998805522918701,0.7405279874801636,0.37775754928588867,0.2635344862937927,0.9996672868728638,0.7485789060592651,0.37336140871047974,-0.23814938962459564,0.9999759197235107,0.6844205856323242,0.3569554090499878,0.5655953288078308,0.4018556475639343,0.6843263506889343,0.35673412680625916,-0.5386024117469788,0.9552862048149109,0.6732495427131653,0.3474538326263428,0.791121244430542,0.766403317451477,0.6195436716079712,0.33412763476371765,-0.8320253491401672,0.9867716431617737,0.6683993935585022,0.3440665006637573,0.8461622595787048,0.7963613271713257,0.6060689687728882,0.3275102972984314,-0.9113186597824097,0.9875176548957825,0.6731281280517578,0.34343579411506653,0.806780993938446,0.8033257722854614,0.6076114177703857,0.328549325466156,-0.9044718742370605,0.9876371622085571,0.6771572828292847,0.3452702462673187,0.7813229560852051,0.7805215120315552,0.6107811331748962,0.33182045817375183,-0.8369364142417908,0.9765384793281555,0.5666165351867676,0.41289272904396057,0.1666334718465805,0.9999964237213135,0.5744585394859314,0.4066917896270752,-0.16694247722625732,0.999975323677063,0.5340665578842163,0.47936272621154785,0.09196104109287262,0.9559987783432007,0.691243588924408,0.4463838040828705,-0.14404921233654022,0.9872711300849915,0.47777286171913147,0.5390891432762146,0.12156139314174652,0.9912545680999756,0.5516994595527649,0.4507448971271515,0.043815068900585175,0.9789528846740723,0.4458807110786438,0.5425617694854736,0.11897920072078705,0.9931858777999878,0.5313042402267456,0.44366392493247986,0.06037525087594986,0.9596914052963257,0.5242457985877991,0.5656988620758057,0.06514641642570496,0.99318528175354,0.5301398038864136,0.47371166944503784,0.06844411045312881,0.9822462797164917
General2,165,1,0.8213971853256226,0.3879913091659546,-0.027117200195789337,0.9999445676803589,0.8281837701797485,0.3821248710155487,-0.009861839935183525,0.9999475479125977,0.8274484276771545,0.3811764121055603,-0.009922366589307785,0.9999306201934814,0.8266470432281494,0.38004982471466064,-0.009871876798570156,0.999927282333374,0.827698826789856,0.38233470916748047,-0.055537182837724686,0.9999749660491943,0.8268164396286011,0.3816412687301636,-0.05560506507754326,0.9999783039093018,0.8258670568466187,0.38081198930740356,-0.05575378239154816,0.9999747276306152,0.8124306797981262,0.37306907773017883,0.08379029482603073,0.9999760389328003,0.8126164078712463,0.37457460165023804,-0.12453823536634445,0.9999861717224121,0.8096789717674255,0.3881572484970093,0.011481146328151226,0.9998133778572083,0.8090531826019287,0.3881675899028778,-0.04961436986923218,0.9998664855957031,0.7408866882324219,0.3746106028556824,0.24844986200332642,0.9997027516365051,0.7511531114578247,0.3757181167602539,-0.24614140391349792,0.9999743700027466,0.6877199411392212,0.354872465133667,0.5415412187576294,0.5076351761817932,0.6852059960365295,0.35856935381889343,-0.5558860301971436,0.9462506771087646,0.6787088513374329,0.33688950538635254,0.7634369730949402,0.8074589371681213,0.623559296131134,0.3356546461582184,-0.8537707328796387,0.9809500575065613,0.6741837859153748,0.33197471499443054,0.8163964152336121,0.826723039150238,0.6115785837173462,0.3299553394317627,-0.9353320598602295,0.9823847413063049,0.678484320640564,0.33211082220077515,0.7784435153007507,0.8333712816238403,0.6098070740699768,0.329179584980011,-0.9255878925323486,0.9823186993598938,0.6826769113540649,0.3346574604511261,0.7538384199142456,0.8094530701637268,0.6121289730072021,0.3322538137435913,-0.8579336404800415,0.967143714427948,0.5632914900779724,0.4122139811515808,0.16569410264492035,0.9999964237213135,0.5752618312835693,0.40632033348083496,-0.16593319177627563,0.999975323677063,0.5342416763305664,0.47859567403793335,0.0902310237288475,0.9497947096824646,0.6905428767204285,0.4468967914581299,-0.13357530534267426,0.9864979982376099,0.4789000451564789,0.5379531383514404,0.11748374998569489,0.989319920539856,0.5502884984016418,0.45056384801864624,0.05533570423722267,0.9772014617919922,0.44976451992988586,0.5430272221565247,0.11427897959947586,0.9919177889823914,0.5296198725700378,0.4434937834739685,0.07144830375909805,0.9601849913597107,0.5256509780883789,0.5651164054870605,0.05891042947769165,0.991544246673584,0.527915894985199,0.4707455337047577,0.07813174277544022,0.979802668094635
General2,166,1,0.8267335891723633,0.3825242519378662,0.01035922672599554,0.9999362230300903,0.831141471862793,0.3760601878166199,0.02835637889802456,0.9999604225158691,0.8301379680633545,0.3752599060535431,0.028262272477149963,0.999953031539917,0.8290775418281555,0.3743416368961334,0.028258560225367546,0.9999617338180542,0.8303343057632446,0.3757038116455078,-0.01960586942732334,0.9999638795852661,0.828924298286438,0.3747624158859253,-0.019665438681840897,0.9999617338180542,0.8274796009063721,0.37370550632476807,-0.019673727452754974,0.9999628067016602,0.8155051469802856,0.3677780032157898,0.1167764887213707,0.9999716281890869,0.814192533493042,0.3675606846809387,-0.10148689150810242,0.999976396560669,0.8117979764938354,0.3827365040779114,0.04686470702290535,0.9998681545257568,0.8105806708335876,0.3819761574268341,-0.0167667418718338,0.9999171495437622,0.738627552986145,0.3726000487804413,0.251444548368454,0.9998482465744019,0.7415215969085693,0.3670617938041687,-0.20564961433410645,0.999974250793457,0.6657313704490662,0.3619011640548706,0.4039668142795563,0.22160431742668152,0.6687202453613281,0.352975070476532,-0.4029711186885834,0.9786195158958435,0.6330559253692627,0.36523741483688354,0.44550463557243347,0.32617390155792236,0.6167449355125427,0.3449004292488098,-0.5403709411621094,0.9814363121986389,0.6218969821929932,0.36507096886634827,0.4631717801094055,0.3413589596748352,0.5995954275131226,0.34101471304893494,-0.5958543419837952,0.9762607216835022,0.6298214197158813,0.36553168296813965,0.4255260229110718,0.3497873842716217,0.6058932542800903,0.34364694356918335,-0.584642231464386,0.975753128528595,0.6330357789993286,0.3660769462585449,0.4302426874637604,0.339868426322937,0.6106895208358765,0.34541746973991394,-0.5382699370384216,0.9590467214584351,0.5785139799118042,0.4109800457954407,0.16474400460720062,0.9999827146530151,0.5712984204292297,0.404294490814209,-0.1648872345685959,0.9999271631240845,0.5503148436546326,0.4817948341369629,0.09393221139907837,0.9618070721626282,0.6984119415283203,0.4375545084476471,-0.19027622044086456,0.9976322650909424,0.46365946531295776,0.5327416658401489,0.1003858670592308,0.9870620369911194,0.5527448058128357,0.4576803743839264,-0.07952968776226044,0.9946132302284241,0.4309641420841217,0.5383814573287964,0.09470386058092117,0.98319411277771,0.5289340615272522,0.45322075486183167,-0.07118374109268188,0.9756318926811218,0.4975793957710266,0.5596635341644287,0.03421686589717865,0.9900578856468201,0.5604933500289917,0.48606717586517334,-0.09334878623485565,0.9936679005622864
General2,167,1,0.8247411251068115,0.38323941826820374,0.015032803639769554,0.9998987913131714,0.8299745321273804,0.3768469989299774,0.032862626016139984,0.9999375343322754,0.8290412425994873,0.37606871128082275,0.032767169177532196,0.9999254941940308,0.8280308246612549,0.3752005696296692,0.032765164971351624,0.9999401569366455,0.8293290734291077,0.37657347321510315,-0.014810207299888134,0.9999438524246216,0.8280735015869141,0.3756871819496155,-0.014866940677165985,0.9999394416809082,0.8267917633056641,0.37468016147613525,-0.014896933920681477,0.9999419450759888,0.8144619464874268,0.36865898966789246,0.11959155648946762,0.9999531507492065,0.8136681318283081,0.36872708797454834,-0.09665892273187637,0.999961256980896,0.8101305365562439,0.38331711292266846,0.05094429478049278,0.9997758269309998,0.8091815710067749,0.3826473355293274,-0.012184682302176952,0.9998518228530884,0.7396004796028137,0.37115034461021423,0.25755226612091064,0.9998217225074768,0.742684543132782,0.3686354160308838,-0.20355510711669922,0.9999656677246094,0.6673712134361267,0.3579736053943634,0.42064428329467773,0.18522000312805176,0.6701207160949707,0.3536563217639923,-0.3929852247238159,0.9726109504699707,0.6362720131874084,0.36437278985977173,0.4707455337047577,0.35817384719848633,0.6157765984535217,0.3445259630680084,-0.5215888619422913,0.9804221987724304,0.6263749599456787,0.3644295930862427,0.4922805428504944,0.3834342062473297,0.6005477905273438,0.3410944938659668,-0.5772537589073181,0.9755303859710693,0.6339088678359985,0.3651626408100128,0.45360568165779114,0.3913494348526001,0.6065648794174194,0.34365445375442505,-0.5665382146835327,0.9749826192855835,0.6367806196212769,0.36562997102737427,0.45554107427597046,0.38072118163108826,0.6103453636169434,0.34590521454811096,-0.5195665955543518,0.9568977952003479,0.5776106119155884,0.4100301265716553,0.16311605274677277,0.9999830722808838,0.5716683864593506,0.4037487208843231,-0.16327649354934692,0.9999207258224487,0.5499086380004883,0.4808768332004547,0.09177205711603165,0.9573158025741577,0.7011542916297913,0.4365004599094391,-0.18407616019248962,0.9968464970588684,0.4633300006389618,0.5339859127998352,0.09554167091846466,0.9853759407997131,0.5543516874313354,0.45600929856300354,-0.06882908940315247,0.9928320646286011,0.4350167214870453,0.538468599319458,0.08949799090623856,0.9814165830612183,0.5290692448616028,0.45237675309181213,-0.06009219214320183,0.9698832035064697,0.49851441383361816,0.561495304107666,0.028507046401500702,0.988878071308136,0.5639087557792664,0.4848473370075226,-0.08059683442115784,0.9920259118080139
General2,168,1,0.8244888782501221,0.38292035460472107,0.012834296561777592,0.999907374382019,0.8297351598739624,0.37659910321235657,0.031099069863557816,0.9999450445175171,0.828904390335083,0.3758038878440857,0.03099844790995121,0.9999366998672485,0.8280168771743774,0.3748735189437866,0.030988164246082306,0.9999489784240723,0.8292561173439026,0.37641406059265137,-0.01756678894162178,0.9999480247497559,0.8281975388526917,0.3755793571472168,-0.017627958208322525,0.9999438524246216,0.8270649313926697,0.37462472915649414,-0.01765497401356697,0.999945878982544,0.8147982954978943,0.3678281903266907,0.11862607300281525,0.99996018409729,0.813331663608551,0.3684709668159485,-0.10215289890766144,0.999962329864502,0.8102714419364929,0.3830881416797638,0.04894717410206795,0.9997997879981995,0.8095717430114746,0.3825467824935913,-0.015448933467268944,0.9998618364334106,0.74123615026474,0.3716541826725006,0.2582702338695526,0.9997860789299011,0.7408490180969238,0.3681359887123108,-0.20955847203731537,0.9999496936798096,0.6693741679191589,0.3631678819656372,0.42072880268096924,0.15827076137065887,0.6634231805801392,0.35397619009017944,-0.39103829860687256,0.972332239151001,0.6377512812614441,0.36680009961128235,0.4646582305431366,0.32645028829574585,0.6198767423629761,0.3431987166404724,-0.5064234137535095,0.9783819913864136,0.627126157283783,0.3670361638069153,0.48617491126060486,0.3552383482456207,0.6036126017570496,0.33845770359039307,-0.5613148212432861,0.9729232788085938,0.6345201730728149,0.3673505187034607,0.44746291637420654,0.3620392978191376,0.6088305711746216,0.3401331901550293,-0.5531119108200073,0.9722697138786316,0.6377137899398804,0.36773741245269775,0.44927355647087097,0.35376861691474915,0.611891508102417,0.3426050543785095,-0.5052635073661804,0.9521875977516174,0.5799009203910828,0.4098367691040039,0.16573096811771393,0.9999809265136719,0.5706320405006409,0.40308862924575806,-0.16583755612373352,0.9999085664749146,0.5559436678886414,0.4814872145652771,0.09295376390218735,0.9597830772399902,0.6989095211029053,0.4373117983341217,-0.1916137933731079,0.9976739287376404,0.4635806679725647,0.5339796543121338,0.0935879647731781,0.9867107272148132,0.5525339245796204,0.4568227231502533,-0.07273521274328232,0.994434654712677,0.43572360277175903,0.5383809804916382,0.0873643308877945,0.9833903908729553,0.5304649472236633,0.45399630069732666,-0.06375601142644882,0.9747665524482727,0.4990076422691345,0.5613335371017456,0.027179671451449394,0.9899123311042786,0.5668213367462158,0.4885852038860321,-0.08648807555437088,0.992960512638092
General2,169,1,0.8265843391418457,0.3768105208873749,0.0030427637975662947,0.9999796152114868,0.8317493796348572,0.3717164993286133,0.022211702540516853,0.9999921321868896,0.8314712643623352,0.3711960017681122,0.02217271365225315,0.9999880790710449,0.8312219381332397,0.37055352330207825,0.022233661264181137,0.9999914169311523,0.8305780291557312,0.37116318941116333,-0.01998237334191799,0.9999942779541016,0.829607367515564,0.37034833431243896,-0.020022256299853325,0.9999938011169434,0.8287345767021179,0.3694639801979065,-0.02010163851082325,0.9999943971633911,0.8184183835983276,0.36491718888282776,0.11271432787179947,0.9999961853027344,0.8164839148521423,0.36405616998672485,-0.08005689084529877,0.9999982118606567,0.816011905670166,0.37764623761177063,0.03987888991832733,0.9999918937683105,0.8142745494842529,0.37699151039123535,-0.016017332673072815,0.9999945163726807,0.7500848770141602,0.37329068779945374,0.23248478770256042,0.9999361038208008,0.7458466291427612,0.3621084988117218,-0.1728898584842682,0.999991774559021,0.6871370077133179,0.38969215750694275,0.31442898511886597,0.19949814677238464,0.6797211170196533,0.3546934127807617,-0.360847145318985,0.9844021797180176,0.6550705432891846,0.4079543352127075,0.2875981032848358,0.3537861406803131,0.6311110258102417,0.35542771220207214,-0.5077416300773621,0.9685436487197876,0.6436712145805359,0.41306138038635254,0.2961179316043854,0.37193477153778076,0.6174984574317932,0.35777410864830017,-0.5580193400382996,0.9608016014099121,0.6489055156707764,0.41051509976387024,0.2644091248512268,0.3744511604309082,0.626660168170929,0.3607742488384247,-0.5478899478912354,0.958406925201416,0.6521665453910828,0.4083734154701233,0.27265870571136475,0.3369174301624298,0.6309906244277954,0.36144211888313293,-0.5071819424629211,0.9357351064682007,0.6061002016067505,0.41334614157676697,0.13280078768730164,0.9999899864196777,0.6039595007896423,0.4002344012260437,-0.13304264843463898,0.9999313354492188,0.5374884605407715,0.45903944969177246,0.04339319467544556,0.9484530091285706,0.7040145397186279,0.42522284388542175,-0.23970095813274384,0.9943516254425049,0.45452678203582764,0.5180895924568176,0.03327379748225212,0.9869373440742493,0.5843786001205444,0.46450507640838623,-0.17986397445201874,0.9961276650428772,0.4419494569301605,0.5170736908912659,0.027018314227461815,0.9885015487670898,0.5563456416130066,0.4654504954814911,-0.17766985297203064,0.989193856716156,0.47787901759147644,0.542885959148407,-0.06372277438640594,0.9904511570930481,0.5922707915306091,0.4882015883922577,-0.23874253034591675,0.9963351488113403
General2,170,1,0.8270047307014465,0.37668269872665405,0.0019496774766594172,0.999988317489624,0.831932783126831,0.3716496229171753,0.020199758931994438,0.9999949932098389,0.8316421508789062,0.371151328086853,0.020168617367744446,0.9999929666519165,0.8313884139060974,0.37054237723350525,0.02023014798760414,0.9999943971633911,0.8306549787521362,0.3711434006690979,-0.021774765104055405,0.999996542930603,0.8295745849609375,0.3703780472278595,-0.02182396501302719,0.999996542930603,0.8285790681838989,0.36955133080482483,-0.02189754880964756,0.9999967813491821,0.8181561231613159,0.36501818895339966,0.10831756889820099,0.9999978542327881,0.8156133890151978,0.3640766739845276,-0.08363093435764313,0.9999990463256836,0.8163455724716187,0.37758612632751465,0.03799260035157204,0.999995231628418,0.8145849704742432,0.376939058303833,-0.017714420333504677,0.9999971389770508,0.7494544386863708,0.372833251953125,0.22950834035873413,0.999943733215332,0.745855450630188,0.36213284730911255,-0.17683786153793335,0.9999935626983643,0.6890711784362793,0.38895878195762634,0.32739508152008057,0.1955244094133377,0.6795046329498291,0.35484176874160767,-0.35813286900520325,0.9867814183235168,0.6612933874130249,0.4066256880760193,0.32030850648880005,0.36649274826049805,0.6313460469245911,0.359062522649765,-0.49181950092315674,0.9739370942115784,0.6549656391143799,0.4040784239768982,0.3315194547176361,0.39128464460372925,0.6167206168174744,0.3586008548736572,-0.5400403738021851,0.9679288864135742,0.6564375758171082,0.4087095260620117,0.2995913624763489,0.3939554989337921,0.6262124180793762,0.36139634251594543,-0.5310010313987732,0.9662930369377136,0.659669041633606,0.4067821800708771,0.30585312843322754,0.3611632287502289,0.6305575370788574,0.3619777262210846,-0.49130508303642273,0.9487637877464294,0.6056374311447144,0.4133507013320923,0.13414254784584045,0.999990701675415,0.603924572467804,0.40073248744010925,-0.1343407779932022,0.9999370574951172,0.5376606583595276,0.45936110615730286,0.05285125598311424,0.9626320004463196,0.7036436796188354,0.4253951609134674,-0.23454329371452332,0.9959487915039062,0.4551926553249359,0.5186100602149963,0.045264218002557755,0.9909806847572327,0.5879411697387695,0.4657394289970398,-0.17171384394168854,0.9974332451820374,0.43963831663131714,0.5154476761817932,0.03921152278780937,0.9926940202713013,0.5623374581336975,0.46770238876342773,-0.16916972398757935,0.992085874080658,0.4660496115684509,0.5389555096626282,-0.04918624833226204,0.9930412769317627,0.5959967374801636,0.49078601598739624,-0.22863274812698364,0.9973453879356384
General2,171,1,0.8265370726585388,0.3763829469680786,-0.01565953716635704,0.9999817609786987,0.8313249349594116,0.3715484142303467,0.0022349939681589603,0.9999915361404419,0.8310390710830688,0.3710678219795227,0.002204862656071782,0.9999876022338867,0.8307490944862366,0.37045878171920776,0.0022680475376546383,0.9999897480010986,0.8301035165786743,0.371026873588562,-0.03923434019088745,0.9999946355819702,0.8290852904319763,0.3702646493911743,-0.039285559207201004,0.9999946355819702,0.8283624053001404,0.3692759871482849,-0.03935988247394562,0.9999949932098389,0.8174583911895752,0.3647753894329071,0.08922079205513,0.9999966621398926,0.8160351514816284,0.3642933964729309,-0.09981268644332886,0.9999986886978149,0.8161711692810059,0.37734103202819824,0.01980295404791832,0.9999934434890747,0.8146605491638184,0.376577764749527,-0.03502613306045532,0.999996542930603,0.7494893670082092,0.37212082743644714,0.21023859083652496,0.9999110698699951,0.7463889122009277,0.36215800046920776,-0.18997272849082947,0.9999920129776001,0.6878230571746826,0.3851531744003296,0.31298574805259705,0.21415142714977264,0.6754831075668335,0.3532370924949646,-0.3664255142211914,0.9881591796875,0.6624404191970825,0.39999163150787354,0.3209969401359558,0.38995489478111267,0.6196364760398865,0.3563041090965271,-0.49678677320480347,0.9770419001579285,0.6589208245277405,0.39910024404525757,0.3316040635108948,0.40763720870018005,0.609632134437561,0.3586888015270233,-0.5455113053321838,0.9704557657241821,0.6665032505989075,0.3951486349105835,0.3012569844722748,0.4119734764099121,0.619407594203949,0.36186450719833374,-0.5380181074142456,0.9689929485321045,0.6669203639030457,0.39472824335098267,0.30730777978897095,0.37499505281448364,0.6241186261177063,0.3623445928096771,-0.4968694746494293,0.9517598748207092,0.6075470447540283,0.41382312774658203,0.1329077184200287,0.9999853372573853,0.6042084693908691,0.4012746810913086,-0.13310056924819946,0.999906063079834,0.53892582654953,0.4597817659378052,0.05475908890366554,0.9628270864486694,0.7015727758407593,0.4252486526966095,-0.23472860455513,0.9949129819869995,0.4643641710281372,0.5111650228500366,0.06593786180019379,0.9892537593841553,0.5855976939201355,0.4642702341079712,-0.15629799664020538,0.9968541264533997,0.4409303367137909,0.513090193271637,0.061458736658096313,0.9911927580833435,0.5592020750045776,0.46543997526168823,-0.15258929133415222,0.9907604455947876,0.4720955491065979,0.540458619594574,-0.024455120787024498,0.9918045997619629,0.5909797549247742,0.48930394649505615,-0.21239860355854034,0.9969332218170166
General2,172,1,0.8394266366958618,0.37290656566619873,0.0030271639116108418,0.9999586343765259,0.8442637920379639,0.3667399287223816,0.02359291911125183,0.9999675750732422,0.8433696627616882,0.3660004436969757,0.02353205904364586,0.999958872795105,0.8423892855644226,0.3651123344898224,0.02351517416536808,0.9999656677246094,0.8432374000549316,0.3663114309310913,-0.023134693503379822,0.999976396560669,0.8418251276016235,0.3653986155986786,-0.023204516619443893,0.9999749660491943,0.8403706550598145,0.3643624782562256,-0.02324390783905983,0.9999799728393555,0.8271802067756653,0.3584151864051819,0.11815059930086136,0.9999715089797974,0.8254858255386353,0.3581732511520386,-0.09222982823848724,0.9999916553497314,0.8261247873306274,0.3744117319583893,0.04280487820506096,0.9999607801437378,0.8251160979270935,0.37368378043174744,-0.018256409093737602,0.9999798536300659,0.759797990322113,0.3701060116291046,0.2664480209350586,0.9998375177383423,0.7597145438194275,0.3598940372467041,-0.2080949991941452,0.9999949932098389,0.6850786209106445,0.38091224431991577,0.34721532464027405,0.10207188129425049,0.68168044090271,0.35508325695991516,-0.37835320830345154,0.9905348420143127,0.6457289457321167,0.39667999744415283,0.2933136224746704,0.12635190784931183,0.6170471906661987,0.3662201762199402,-0.4925001561641693,0.9868910908699036,0.6306943297386169,0.40031784772872925,0.3027579188346863,0.15841937065124512,0.5973928570747375,0.3675258159637451,-0.5471335649490356,0.9802867770195007,0.6396186351776123,0.40048500895500183,0.26005157828330994,0.15849943459033966,0.6041537523269653,0.36991244554519653,-0.5281023383140564,0.9786370992660522,0.6442363262176514,0.3991311192512512,0.27291810512542725,0.15723182260990143,0.6106691360473633,0.3706999719142914,-0.48680293560028076,0.9670217633247375,0.5900953412055969,0.4046284556388855,0.16196906566619873,0.9999791383743286,0.594099760055542,0.39967840909957886,-0.16205677390098572,0.9999388456344604,0.5189312100410461,0.4630281925201416,0.1195857971906662,0.9837303161621094,0.7221115231513977,0.4276190400123596,-0.23557767271995544,0.9989811778068542,0.4340862035751343,0.5176593661308289,0.15602943301200867,0.9952772855758667,0.6162688136100769,0.4756231904029846,-0.13055820763111115,0.9981220364570618,0.4051731526851654,0.5202900171279907,0.15326794981956482,0.9938645958900452,0.5880215167999268,0.4791164994239807,-0.12502902746200562,0.991040050983429,0.4475214183330536,0.5510032176971436,0.08546482771635056,0.995896577835083,0.6594475507736206,0.5054489970207214,-0.17437833547592163,0.9979835748672485
General2,173,1,0.8391550779342651,0.373339980840683,0.009195057675242424,0.999947190284729,0.8442204594612122,0.3671683073043823,0.02926960401237011,0.99996018409729,0.8433157801628113,0.3664218783378601,0.029208768159151077,0.9999485015869141,0.8422924280166626,0.36551225185394287,0.029204096645116806,0.9999568462371826,0.8430860042572021,0.36671656370162964,-0.017896566540002823,0.9999722242355347,0.8415946960449219,0.36578789353370667,-0.017970893532037735,0.999970555305481,0.8400653600692749,0.36474472284317017,-0.018023813143372536,0.9999767541885376,0.8264764547348022,0.35866600275039673,0.12108106911182404,0.9999651908874512,0.8247365355491638,0.35857629776000977,-0.09127271920442581,0.9999904632568359,0.8260847330093384,0.37504249811172485,0.04798542708158493,0.999950647354126,0.8249809145927429,0.37426984310150146,-0.013646301813423634,0.9999755620956421,0.7588706016540527,0.36977535486221313,0.26856833696365356,0.9997900128364563,0.760456383228302,0.36062008142471313,-0.209321528673172,0.9999951124191284,0.6807478070259094,0.37747085094451904,0.3569565415382385,0.10617890954017639,0.6818307638168335,0.35526132583618164,-0.3771292269229889,0.9912703037261963,0.641829252243042,0.39193984866142273,0.31201329827308655,0.13341131806373596,0.6163985133171082,0.3668089807033539,-0.483550488948822,0.9889896512031555,0.6271339654922485,0.39509209990501404,0.32268357276916504,0.16570840775966644,0.597701907157898,0.36801877617836,-0.537229061126709,0.9829919934272766,0.6361291408538818,0.39533868432044983,0.28040218353271484,0.1667974442243576,0.6041720509529114,0.3702906370162964,-0.5183663964271545,0.9816129207611084,0.6407849192619324,0.3941841125488281,0.29194578528404236,0.1651327759027481,0.6107993721961975,0.3710833191871643,-0.4774949848651886,0.9708242416381836,0.5890446305274963,0.40480807423591614,0.16408391296863556,0.9999802112579346,0.5943101048469543,0.39998355507850647,-0.16419148445129395,0.9999440908432007,0.5172574520111084,0.46360722184181213,0.12494567781686783,0.9820031523704529,0.7227954864501953,0.42766323685646057,-0.23088926076889038,0.9989590644836426,0.4340905547142029,0.518407940864563,0.16537806391716003,0.9948239326477051,0.6168637275695801,0.4757207930088043,-0.11854756623506546,0.9980809688568115,0.40535998344421387,0.5206354856491089,0.16309557855129242,0.9940477609634399,0.5928083062171936,0.48054957389831543,-0.11233247816562653,0.9913758635520935,0.4482206702232361,0.5512380599975586,0.09647692739963531,0.9955503940582275,0.6619955897331238,0.5041463971138,-0.1597440391778946,0.9979308843612671
General2,174,1,0.8354986906051636,0.36979663372039795,-0.04617950692772865,0.9991098046302795,0.8412401080131531,0.36390572786331177,-0.027253752574324608,0.9990309476852417,0.840710461139679,0.36314070224761963,-0.027371514588594437,0.9991071820259094,0.8400051593780518,0.3622610867023468,-0.02740040048956871,0.9990505576133728,0.8401870727539062,0.3633395731449127,-0.0791073590517044,0.9987391829490662,0.8389793634414673,0.36227482557296753,-0.07916028052568436,0.9986275434494019,0.8376588821411133,0.3611333668231964,-0.07924318313598633,0.9987748265266418,0.8248092532157898,0.35643041133880615,0.06315625458955765,0.9985474944114685,0.8222754001617432,0.35563772916793823,-0.17129047214984894,0.9990816116333008,0.8243275880813599,0.3707937002182007,-0.007494044490158558,0.998199462890625,0.8228867053985596,0.36991921067237854,-0.07597532123327255,0.9987686276435852,0.7550152540206909,0.3640541136264801,0.2156965583562851,0.9989172220230103,0.7551130652427673,0.35811251401901245,-0.28478801250457764,0.9999613761901855,0.6616429686546326,0.37868624925613403,0.2886344790458679,0.037882693111896515,0.6619260311126709,0.36234986782073975,-0.3172558546066284,0.9476643204689026,0.6290934085845947,0.39572983980178833,0.22010180354118347,0.04871036857366562,0.6181966066360474,0.37599998712539673,-0.20617826282978058,0.8762130737304688,0.6211991310119629,0.3999710977077484,0.22655627131462097,0.06583191454410553,0.6045929193496704,0.37597477436065674,-0.23125171661376953,0.8533501625061035,0.627132773399353,0.4011131227016449,0.19068782031536102,0.06726830452680588,0.6164550185203552,0.3782832622528076,-0.21972252428531647,0.8485228419303894,0.629400372505188,0.3999273478984833,0.19996830821037292,0.07676088064908981,0.6207187175750732,0.37866082787513733,-0.19837422668933868,0.8079506158828735,0.6028977632522583,0.40449345111846924,0.16774947941303253,0.9993439316749573,0.5890570282936096,0.401118665933609,-0.16763143241405487,0.9997921586036682,0.6544074416160583,0.4429631233215332,0.17632938921451569,0.5388538837432861,0.5337195992469788,0.45484021306037903,-0.1778532713651657,0.9952087998390198,0.6275621652603149,0.48931998014450073,0.24761995673179626,0.7689669132232666,0.4236315190792084,0.5131921172142029,-0.09282663464546204,0.9957343935966492,0.6085907816886902,0.4895199239253998,0.2500667870044708,0.793950080871582,0.3944742679595947,0.5181439518928528,-0.08734027296304703,0.9773442149162292,0.6988299489021301,0.5104472637176514,0.2273416966199875,0.8785465955734253,0.4292733073234558,0.5473375916481018,-0.1753087341785431,0.9927037954330444
General2,175,1,0.836480438709259,0.369154155254364,-0.06399382650852203,0.9987624883651733,0.8425558805465698,0.3630993366241455,-0.04548126459121704,0.9986407160758972,0.8420177698135376,0.3623489737510681,-0.04560501128435135,0.9987902045249939,0.8413006067276001,0.3614828586578369,-0.04564560577273369,0.9986705780029297,0.8411756157875061,0.36254388093948364,-0.09810376912355423,0.9981943964958191,0.8398083448410034,0.36146727204322815,-0.09816143661737442,0.9980720281600952,0.8383532762527466,0.3603123128414154,-0.09825465083122253,0.9982648491859436,0.8256605863571167,0.3554655909538269,0.04446224495768547,0.9981157779693604,0.8224138021469116,0.3546983599662781,-0.1934402883052826,0.9987120628356934,0.8251895904541016,0.3704739212989807,-0.025330808013677597,0.9976843595504761,0.8234432935714722,0.3695448935031891,-0.09485229849815369,0.9983453750610352,0.7559325695037842,0.3640080690383911,0.19861511886119843,0.9986419081687927,0.7527052164077759,0.35854801535606384,-0.3027881681919098,0.999950647354126,0.6606886982917786,0.37799280881881714,0.2789437472820282,0.034927189350128174,0.6625151634216309,0.3642599582672119,-0.33073991537094116,0.9445473551750183,0.6258571743965149,0.39442524313926697,0.21607081592082977,0.04869718849658966,0.6192474961280823,0.37815970182418823,-0.21269260346889496,0.8611326217651367,0.6175781488418579,0.39857494831085205,0.22340039908885956,0.06657688319683075,0.6032326817512512,0.3767017126083374,-0.23711837828159332,0.840397298336029,0.6232227683067322,0.39954593777656555,0.18861117959022522,0.06776157766580582,0.6148723363876343,0.37912362813949585,-0.22553429007530212,0.8344647288322449,0.625576913356781,0.39837709069252014,0.19657002389431,0.07717418670654297,0.6188997030258179,0.3793681263923645,-0.2047952115535736,0.7905139327049255,0.6042322516441345,0.40440648794174194,0.16586603224277496,0.999138593673706,0.5867958664894104,0.40042799711227417,-0.1657545417547226,0.9997366070747375,0.6678386330604553,0.44134870171546936,0.17823660373687744,0.556067705154419,0.5289011001586914,0.4562734365463257,-0.16998453438282013,0.995246946811676,0.644172191619873,0.4905076026916504,0.2639775574207306,0.7551085948944092,0.42445099353790283,0.5136801600456238,-0.08241243660449982,0.9955741167068481,0.6082708835601807,0.48975473642349243,0.26809725165367126,0.7739668488502502,0.3938548266887665,0.5203802585601807,-0.07713416963815689,0.975529670715332,0.7026519179344177,0.5102970600128174,0.24941213428974152,0.8682722449302673,0.43299025297164917,0.5481497049331665,-0.16960947215557098,0.9919682145118713
General2,176,1,0.8365895748138428,0.3697828948497772,-0.051785506308078766,0.9986221790313721,0.8428267240524292,0.36371445655822754,-0.03365374729037285,0.9983249306678772,0.8423364162445068,0.3629421591758728,-0.03377582132816315,0.9984971284866333,0.8416633605957031,0.36203986406326294,-0.03381150960922241,0.9983769655227661,0.8417657613754272,0.36320918798446655,-0.0855969712138176,0.9978603720664978,0.8406571745872498,0.3621775209903717,-0.08564424514770508,0.9977520108222961,0.8394131660461426,0.3610582649707794,-0.08574222773313522,0.9979745745658875,0.8274412155151367,0.35574376583099365,0.054520685225725174,0.9976009726524353,0.8250550031661987,0.35542353987693787,-0.18090401589870453,0.9983211159706116,0.8253879547119141,0.3707432150840759,-0.013627815060317516,0.9971851706504822,0.8240469694137573,0.3699139654636383,-0.08249799907207489,0.9979707598686218,0.7547491788864136,0.36340418457984924,0.2084028273820877,0.9983799457550049,0.7577261924743652,0.35719186067581177,-0.2912275493144989,0.9999575614929199,0.6614176034927368,0.37801647186279297,0.29626378417015076,0.03757690265774727,0.6705169081687927,0.3621049225330353,-0.33037349581718445,0.9496749639511108,0.6256506443023682,0.3946128487586975,0.24787114560604095,0.05200773477554321,0.6211653351783752,0.3746401369571686,-0.23749786615371704,0.8934978246688843,0.6163643002510071,0.39885154366493225,0.2607188820838928,0.06974836438894272,0.6033321022987366,0.37614303827285767,-0.2659514844417572,0.8749380707740784,0.622963011264801,0.40016114711761475,0.22371746599674225,0.07082515954971313,0.6154107451438904,0.3785862624645233,-0.25216418504714966,0.8704462647438049,0.6258991956710815,0.3989497721195221,0.22849658131599426,0.08098363131284714,0.6193704605102539,0.37895089387893677,-0.22938820719718933,0.8292021155357361,0.6031241416931152,0.40437284111976624,0.16510502994060516,0.9991369843482971,0.5873950123786926,0.4009963572025299,-0.16501466929912567,0.9997460246086121,0.6696406602859497,0.4395207464694977,0.18883052468299866,0.5658025741577148,0.5305804014205933,0.45555585622787476,-0.16986237466335297,0.9959912896156311,0.6467655897140503,0.4890266954898834,0.2684682309627533,0.7600749135017395,0.42402708530426025,0.5130153894424438,-0.090535469353199,0.9960722923278809,0.6089031100273132,0.4898526072502136,0.2719695270061493,0.7849009037017822,0.3942302465438843,0.5192705392837524,-0.08596330881118774,0.9790763854980469,0.7047693729400635,0.5087299346923828,0.2545584440231323,0.8694711327552795,0.4339148998260498,0.5483538508415222,-0.17579253017902374,0.9928863644599915
General2,177,1,0.8406935930252075,0.3658314347267151,0.006458747200667858,0.9995642304420471,0.844402551651001,0.3596334457397461,0.024328885599970818,0.9993960857391357,0.8435947895050049,0.35895484685897827,0.024209845811128616,0.9994737505912781,0.8425977230072021,0.3581635057926178,0.024194566532969475,0.9994140863418579,0.8438190221786499,0.3589325249195099,-0.02469203993678093,0.9992877840995789,0.8426810503005981,0.3577989637851715,-0.024735936895012856,0.999256432056427,0.8412708044052124,0.35652363300323486,-0.024876460433006287,0.9993120431900024,0.8278685808181763,0.3514711260795593,0.10310551524162292,0.9990394711494446,0.8259791731834412,0.3504430055618286,-0.11866212636232376,0.9993882179260254,0.8278363943099976,0.36693045496940613,0.04039621725678444,0.998878538608551,0.8273050785064697,0.3660089075565338,-0.025043314322829247,0.9990682005882263,0.7610619068145752,0.362893670797348,0.24994437396526337,0.997965931892395,0.7713568806648254,0.3555220067501068,-0.2555873692035675,0.9999861717224121,0.6783356666564941,0.3734392523765564,0.32125744223594666,0.031955376267433167,0.6879243850708008,0.3570460081100464,-0.3220514953136444,0.9729111194610596,0.6201359629631042,0.39504027366638184,0.2611487805843353,0.04559877887368202,0.6204906702041626,0.3815036118030548,-0.27721136808395386,0.9305594563484192,0.6065890192985535,0.3992784917354584,0.2800142765045166,0.06048504635691643,0.5975878834724426,0.3850313425064087,-0.31284841895103455,0.905251681804657,0.6111063957214355,0.4022568464279175,0.23838700354099274,0.061000194400548935,0.6077646017074585,0.3886260390281677,-0.2911532521247864,0.8954986929893494,0.6154087781906128,0.4009312391281128,0.24038037657737732,0.07061096280813217,0.6160975098609924,0.38783419132232666,-0.267304003238678,0.8564134836196899,0.6137576699256897,0.40182608366012573,0.16800667345523834,0.9993448853492737,0.599224328994751,0.39840635657310486,-0.1680043339729309,0.9998898506164551,0.7090567350387573,0.4327338933944702,0.16673783957958221,0.5997642278671265,0.5273649096488953,0.4495408535003662,-0.17366938292980194,0.998836100101471,0.672887921333313,0.49139055609703064,0.23523405194282532,0.8219215869903564,0.40961942076683044,0.5039171576499939,-0.14748559892177582,0.9990310668945312,0.6498609185218811,0.499804824590683,0.23760738968849182,0.850800096988678,0.3819398283958435,0.5056608319282532,-0.14941659569740295,0.9928354620933533,0.7451747059822083,0.5124348998069763,0.21526068449020386,0.9128777384757996,0.4111871123313904,0.5376126170158386,-0.2667524814605713,0.997565746307373
