video_id,frame_id,target_detected,landmark_0_x,landmark_0_y,landmark_0_z,landmark_0_visibility,landmark_1_x,landmark_1_y,landmark_1_z,landmark_1_visibility,landmark_2_x,landmark_2_y,landmark_2_z,landmark_2_visibility,landmark_3_x,landmark_3_y,landmark_3_z,landmark_3_visibility,landmark_4_x,landmark_4_y,landmark_4_z,landmark_4_visibility,landmark_5_x,landmark_5_y,landmark_5_z,landmark_5_visibility,landmark_6_x,landmark_6_y,landmark_6_z,landmark_6_visibility,landmark_7_x,landmark_7_y,landmark_7_z,landmark_7_visibility,landmark_8_x,landmark_8_y,landmark_8_z,landmark_8_visibility,landmark_9_x,landmark_9_y,landmark_9_z,landmark_9_visibility,landmark_10_x,landmark_10_y,landmark_10_z,landmark_10_visibility,landmark_11_x,landmark_11_y,landmark_11_z,landmark_11_visibility,landmark_12_x,landmark_12_y,landmark_12_z,landmark_12_visibility,landmark_13_x,landmark_13_y,landmark_13_z,landmark_13_visibility,landmark_14_x,landmark_14_y,landmark_14_z,landmark_14_visibility,landmark_15_x,landmark_15_y,landmark_15_z,landmark_15_visibility,landmark_16_x,landmark_16_y,landmark_16_z,landmark_16_visibility,landmark_17_x,landmark_17_y,landmark_17_z,landmark_17_visibility,landmark_18_x,landmark_18_y,landmark_18_z,landmark_18_visibility,landmark_19_x,landmark_19_y,landmark_19_z,landmark_19_visibility,landmark_20_x,landmark_20_y,landmark_20_z,landmark_20_visibility,landmark_21_x,landmark_21_y,landmark_21_z,landmark_21_visibility,landmark_22_x,landmark_22_y,landmark_22_z,landmark_22_visibility,landmark_23_x,landmark_23_y,landmark_23_z,landmark_23_visibility,landmark_24_x,landmark_24_y,landmark_24_z,landmark_24_visibility,landmark_25_x,landmark_25_y,landmark_25_z,landmark_25_visibility,landmark_26_x,landmark_26_y,landmark_26_z,landmark_26_visibility,landmark_27_x,landmark_27_y,landmark_27_z,landmark_27_visibility,landmark_28_x,landmark_28_y,landmark_28_z,landmark_28_visibility,landmark_29_x,landmark_29_y,landmark_29_z,landmark_29_visibility,landmark_30_x,landmark_30_y,landmark_30_z,landmark_30_visibility,landmark_31_x,landmark_31_y,landmark_31_z,landmark_31_visibility,landmark_32_x,landmark_32_y,landmark_32_z,landmark_32_visibility
s_v3,1,1,0.23494142293930054,0.48402732610702515,-0.2850029766559601,0.9999260902404785,0.23772510886192322,0.48078227043151855,-0.26840177178382874,0.999792754650116,0.23982344567775726,0.4808955490589142,-0.268368661403656,0.9997159838676453,0.24203482270240784,0.48097530007362366,-0.26834678649902344,0.9996820688247681,0.2308679074048996,0.48038166761398315,-0.27558663487434387,0.9998553991317749,0.22801154851913452,0.48029717803001404,-0.2756430208683014,0.9998672008514404,0.22529655694961548,0.480159193277359,-0.27568575739860535,0.999897837638855,0.24283653497695923,0.48239660263061523,-0.16237832605838776,0.9990547299385071,0.21934165060520172,0.4815772771835327,-0.19915540516376495,0.9998413324356079,0.23858767747879028,0.488045871257782,-0.24390403926372528,0.9996639490127563,0.22901754081249237,0.48748505115509033,-0.2544299066066742,0.99982088804245,0.25513124465942383,0.5006186366081238,-0.09358543157577515,0.999279797077179,0.1930292248725891,0.5027053952217102,-0.10155239701271057,0.9999058246612549,0.25944140553474426,0.5228992700576782,-0.061105433851480484,0.7948969602584839,0.17587563395500183,0.5239756107330322,-0.05775092542171478,0.9911531805992126,0.2545815408229828,0.5370883941650391,-0.16004157066345215,0.8269222974777222,0.1810634285211563,0.5478436946868896,-0.1381218135356903,0.9820994138717651,0.2537807524204254,0.5423488020896912,-0.1840212345123291,0.7679272294044495,0.18001511693000793,0.5543308258056641,-0.15781651437282562,0.9580890536308289,0.2509702146053314,0.54143887758255,-0.20350581407546997,0.779791533946991,0.188463032245636,0.5535845756530762,-0.18003320693969727,0.962664783000946,0.24912002682685852,0.5394526124000549,-0.17001686990261078,0.7282615900039673,0.1901296228170395,0.5509600639343262,-0.14774201810359955,0.9532462358474731,0.25437283515930176,0.5481583476066589,-0.005188968498259783,0.9957644939422607,0.21919235587120056,0.5471958518028259,0.005176422651857138,0.9975658655166626,0.2362881749868393,0.5881001949310303,-0.0447998009622097,0.9563701748847961,0.20375551283359528,0.5890664458274841,-0.057855650782585144,0.9642756581306458,0.2241370528936386,0.6285275816917419,0.0576806478202343,0.9525327086448669,0.20526441931724548,0.6254436373710632,0.04920969158411026,0.949184000492096,0.2219005525112152,0.6324054002761841,0.06252061575651169,0.7935113906860352,0.2060995250940323,0.628385066986084,0.05453578010201454,0.7972173690795898,0.2265855073928833,0.6417544484138489,-0.024372685700654984,0.9438660740852356,0.20344233512878418,0.6404356360435486,-0.03558468818664551,0.9465961456298828
s_v3,2,1,0.2359342873096466,0.48596909642219543,-0.2491699606180191,0.9997209906578064,0.23914875090122223,0.48257976770401,-0.2331831157207489,0.999271810054779,0.24130843579769135,0.4827069044113159,-0.23316910862922668,0.9991389513015747,0.24348725378513336,0.4828011095523834,-0.23315484821796417,0.9990401864051819,0.232060045003891,0.4822155833244324,-0.24187785387039185,0.9993663430213928,0.22916878759860992,0.4820707142353058,-0.2419019192457199,0.9994320273399353,0.2263876348733902,0.4819152355194092,-0.24193443357944489,0.9995152950286865,0.24428538978099823,0.4838961362838745,-0.13377918303012848,0.9973114728927612,0.22001071274280548,0.4833222031593323,-0.17827364802360535,0.9990710020065308,0.23908811807632446,0.4899233281612396,-0.21068643033504486,0.9989075660705566,0.22999787330627441,0.48948147892951965,-0.22336706519126892,0.9993013143539429,0.2545276880264282,0.5012848973274231,-0.07164908200502396,0.9991809725761414,0.19423805177211761,0.5049452781677246,-0.09020325541496277,0.9994003772735596,0.2608221173286438,0.5208083391189575,-0.02986946702003479,0.8242712020874023,0.18082234263420105,0.5288692116737366,-0.05976545438170433,0.9888113737106323,0.25813528895378113,0.5404350757598877,-0.11774706095457077,0.8890413045883179,0.18879860639572144,0.5469083786010742,-0.13944044709205627,0.9742151498794556,0.2603890299797058,0.5477692484855652,-0.14182183146476746,0.8347514271736145,0.18507862091064453,0.5528516173362732,-0.1581510454416275,0.9440667629241943,0.2556883692741394,0.5449986457824707,-0.1593315303325653,0.8440849184989929,0.18809418380260468,0.551395058631897,-0.1776067614555359,0.950760543346405,0.25412577390670776,0.5437905788421631,-0.1267189234495163,0.8074023127555847,0.18883687257766724,0.5496869683265686,-0.1475640833377838,0.9403030276298523,0.2564510703086853,0.5505300760269165,-0.0029873987659811974,0.9953423738479614,0.22097846865653992,0.5506145358085632,0.0030104208271950483,0.9944165945053101,0.23621836304664612,0.5917640328407288,-0.01867896318435669,0.948838472366333,0.2067720592021942,0.5931795239448547,-0.00898757204413414,0.9019737243652344,0.22634610533714294,0.6302697062492371,0.08474978059530258,0.9329279065132141,0.2042372077703476,0.62736576795578,0.09782348573207855,0.8754454851150513,0.2236025184392929,0.6335911750793457,0.09051059931516647,0.7934263348579407,0.20306767523288727,0.6302169561386108,0.10410766303539276,0.6970171332359314,0.22492694854736328,0.6416144967079163,0.008922843262553215,0.9227848649024963,0.2054038643836975,0.6407033801078796,0.017705287784337997,0.8677962422370911
s_v3,3,1,0.23757779598236084,0.4888278543949127,-0.2520698606967926,0.9999353885650635,0.23958978056907654,0.4856628179550171,-0.23793019354343414,0.9998383522033691,0.241461381316185,0.48575225472450256,-0.23791290819644928,0.999790608882904,0.24329134821891785,0.48589375615119934,-0.23790663480758667,0.9997650980949402,0.23356901109218597,0.4855741858482361,-0.24750632047653198,0.9998562335968018,0.2311515212059021,0.4855162501335144,-0.24755531549453735,0.999870777130127,0.2286984920501709,0.4854434132575989,-0.247598335146904,0.9998931884765625,0.24348658323287964,0.4877421259880066,-0.14523428678512573,0.9994814991950989,0.22298471629619598,0.4861834645271301,-0.19281311333179474,0.9998877048492432,0.23978981375694275,0.49249953031539917,-0.21578767895698547,0.9999018907546997,0.23214858770370483,0.4924015998840332,-0.22944539785385132,0.9999490976333618,0.25453728437423706,0.5033256411552429,-0.07617565989494324,0.9998804330825806,0.19533082842826843,0.5079766511917114,-0.1228361502289772,0.9999202489852905,0.2615235447883606,0.5257778167724609,-0.03404836729168892,0.9229768514633179,0.1825721263885498,0.5326777100563049,-0.1040886864066124,0.9957194924354553,0.2586672604084015,0.5438458919525146,-0.11935283243656158,0.9346204996109009,0.20321209728717804,0.5449812412261963,-0.17556236684322357,0.977135419845581,0.2612283229827881,0.5503630638122559,-0.1426893025636673,0.8939066529273987,0.20925693213939667,0.5495802760124207,-0.19926711916923523,0.9445818066596985,0.2562811076641083,0.5484299063682556,-0.16311857104301453,0.9010511636734009,0.21235162019729614,0.5464153289794922,-0.21395251154899597,0.9472855925559998,0.25412923097610474,0.54598069190979,-0.1292513608932495,0.876107931137085,0.2109324336051941,0.5443511605262756,-0.18153567612171173,0.9264357686042786,0.2489336133003235,0.5525610446929932,0.00385709828697145,0.9991458654403687,0.21366208791732788,0.554047703742981,-0.003795119933784008,0.9989010095596313,0.237833172082901,0.5904954671859741,-0.008754865266382694,0.9677467942237854,0.20522931218147278,0.5925301909446716,-0.01975332573056221,0.9573706388473511,0.22870349884033203,0.6259744763374329,0.11648719757795334,0.9601086974143982,0.20526106655597687,0.6277750730514526,0.10250170528888702,0.9451887607574463,0.2250863015651703,0.6302404403686523,0.12452873587608337,0.8689790964126587,0.20775049924850464,0.6303383708000183,0.10979108512401581,0.7607284784317017,0.22801145911216736,0.6386240124702454,0.045723069459199905,0.9539474248886108,0.2058119773864746,0.6398268938064575,0.021100305020809174,0.9345440864562988
s_v3,4,1,0.24111893773078918,0.4908674359321594,0.06931406259536743,0.9999887943267822,0.2452269047498703,0.48726415634155273,0.0906098410487175,0.9999887943267822,0.2472984790802002,0.4874488115310669,0.09065593779087067,0.9999842643737793,0.2491544485092163,0.4876081347465515,0.09071426838636398,0.9999880790710449,0.23760131001472473,0.4866516590118408,0.07538465410470963,0.9999935626983643,0.23516854643821716,0.4864828586578369,0.07531224936246872,0.9999932050704956,0.2323203831911087,0.4862578511238098,0.07528867572546005,0.9999946355819702,0.24767079949378967,0.4893952012062073,0.17616820335388184,0.9999716281890869,0.22709202766418457,0.48885709047317505,0.1034376248717308,0.999995231628418,0.2425898015499115,0.49526482820510864,0.10044074058532715,0.9999624490737915,0.23302781581878662,0.49437886476516724,0.0793212428689003,0.999983549118042,0.24718907475471497,0.5075730085372925,0.16856451332569122,0.9999587535858154,0.199661985039711,0.5125714540481567,0.11362569779157639,0.9999915361404419,0.2504834830760956,0.5315629243850708,0.14304721355438232,0.39851152896881104,0.18294861912727356,0.5340261459350586,0.0644870176911354,0.9828636050224304,0.2635093927383423,0.5485265254974365,0.07379617542028427,0.7294800281524658,0.20241457223892212,0.544197142124176,0.011973720975220203,0.9848676323890686,0.2688651382923126,0.5550395846366882,0.05568736046552658,0.7013550996780396,0.2109275460243225,0.5510693788528442,-0.0010357336141169071,0.9620050191879272,0.26481935381889343,0.553307294845581,0.04740576818585396,0.7023980617523193,0.21635305881500244,0.5487392544746399,0.0012880790745839477,0.9647079110145569,0.26196518540382385,0.5528277158737183,0.06784239411354065,0.6788854598999023,0.2144494652748108,0.5483168959617615,0.01453307457268238,0.950668454170227,0.2812485992908478,0.5463336706161499,-0.0048402100801467896,0.9999630451202393,0.2604265809059143,0.5487591028213501,0.004793960135430098,0.9999445676803589,0.2547544538974762,0.5811775922775269,-0.07891881465911865,0.9802599549293518,0.21040496230125427,0.5748416185379028,-0.08682022243738174,0.9585587382316589,0.24101433157920837,0.6247545480728149,-0.11827404052019119,0.9660096168518066,0.20669741928577423,0.6224530935287476,-0.15558859705924988,0.9531890749931335,0.2394527941942215,0.6311658620834351,-0.12587693333625793,0.927657961845398,0.2083331048488617,0.6284124255180359,-0.1640174686908722,0.9423874020576477,0.2235504388809204,0.6373676657676697,-0.19292591512203217,0.9674592614173889,0.19932961463928223,0.6400159001350403,-0.22858817875385284,0.9653744697570801
s_v3,5,1,0.24022921919822693,0.4951741695404053,-0.2634272277355194,0.9996476173400879,0.24400334060192108,0.4918658435344696,-0.2479006052017212,0.9989368319511414,0.24648158252239227,0.49209079146385193,-0.24787281453609467,0.9986880421638489,0.24876585602760315,0.4922733008861542,-0.24784666299819946,0.9983841180801392,0.2366330921649933,0.49101805686950684,-0.25851452350616455,0.9992300271987915,0.23415085673332214,0.4907074570655823,-0.258576899766922,0.9994100332260132,0.23155327141284943,0.4904557466506958,-0.2586280107498169,0.9995508790016174,0.24875813722610474,0.4937579929828644,-0.14986641705036163,0.9950062036514282,0.2262692153453827,0.4915459156036377,-0.2028077095746994,0.9995501637458801,0.2427811473608017,0.4991420805454254,-0.2246905118227005,0.9984973669052124,0.23350036144256592,0.49891912937164307,-0.239878311753273,0.9995617270469666,0.2569439113140106,0.5090856552124023,-0.07698634266853333,0.9988080263137817,0.20138812065124512,0.5133318901062012,-0.13177308440208435,0.9996998310089111,0.25708210468292236,0.5318331122398376,-0.029618367552757263,0.6196903586387634,0.18973752856254578,0.5396410822868347,-0.1306106299161911,0.9971098303794861,0.2645127773284912,0.5491960048675537,-0.1044544205069542,0.795221745967865,0.2227795422077179,0.5428000688552856,-0.20091910660266876,0.9874897599220276,0.2701178789138794,0.5555372834205627,-0.12411284446716309,0.7466132640838623,0.2368973195552826,0.5452818274497986,-0.22508729994297028,0.9618168473243713,0.267721027135849,0.5533199906349182,-0.14225126802921295,0.7585822343826294,0.23772001266479492,0.5395739078521729,-0.22846417129039764,0.9644042253494263,0.2662195563316345,0.552112340927124,-0.1137792319059372,0.7209833264350891,0.2335735261440277,0.5387935042381287,-0.20160016417503357,0.9503673911094666,0.26392948627471924,0.5550279021263123,0.0009301911341026425,0.9980472326278687,0.23085449635982513,0.5560962557792664,-0.0009021876030601561,0.9978785514831543,0.2443825751543045,0.5931272506713867,-0.009519039653241634,0.9461156129837036,0.20908793807029724,0.5940548777580261,-0.03723977878689766,0.9303033947944641,0.23399174213409424,0.6255390644073486,0.1288752555847168,0.9400484561920166,0.20602962374687195,0.6277039051055908,0.0929194986820221,0.9375494122505188,0.23358730971813202,0.6299907565116882,0.1388520896434784,0.8421276807785034,0.20528393983840942,0.6312183141708374,0.10278324782848358,0.8547042012214661,0.23918600380420685,0.6392424702644348,0.06303342431783676,0.9357361793518066,0.20967815816402435,0.6410871148109436,0.01776302605867386,0.9364054799079895
s_v3,6,1,0.24214543402194977,0.5095559358596802,-0.26324203610420227,0.9999387264251709,0.2460675835609436,0.49698710441589355,-0.2615627944469452,0.9999426603317261,0.24684450030326843,0.49755358695983887,-0.2614578604698181,0.9999072551727295,0.24752314388751984,0.4983453154563904,-0.261413037776947,0.9999282360076904,0.2406921088695526,0.4992564618587494,-0.27461308240890503,0.9999618530273438,0.2378842830657959,0.49751511216163635,-0.27473461627960205,0.9999548196792603,0.23642373085021973,0.4974447786808014,-0.27484843134880066,0.9999654293060303,0.24389588832855225,0.49790751934051514,-0.1969771683216095,0.9999065399169922,0.22784511744976044,0.49962639808654785,-0.25929901003837585,0.999967098236084,0.24114109575748444,0.5113705396652222,-0.23184862732887268,0.9997816681861877,0.23559224605560303,0.5077918767929077,-0.25017115473747253,0.9998552799224854,0.22622770071029663,0.5161744356155396,-0.10520707815885544,0.9998134970664978,0.20381242036819458,0.5210045576095581,-0.2043442279100418,0.9999657869338989,0.21835456788539886,0.5384790897369385,-0.006693678442388773,0.25838449597358704,0.1905369609594345,0.5454292297363281,-0.23094341158866882,0.9604805707931519,0.24705784022808075,0.543118953704834,0.014930603094398975,0.34374818205833435,0.22097626328468323,0.5482789874076843,-0.29658156633377075,0.9622802734375,0.25351908802986145,0.5442707538604736,0.013460530899465084,0.3050897717475891,0.23063133656978607,0.549202561378479,-0.3106282651424408,0.9341314435005188,0.25418150424957275,0.5415569543838501,-0.0017441654345020652,0.3144855499267578,0.23022496700286865,0.5451293587684631,-0.3144700527191162,0.9400227665901184,0.2506662905216217,0.5419870615005493,0.009445770643651485,0.3005097806453705,0.2271936535835266,0.5447266697883606,-0.2960290014743805,0.9197976589202881,0.2880803346633911,0.5548669099807739,0.01298731192946434,0.9999268054962158,0.2704215943813324,0.5604633092880249,-0.013224839232861996,0.9999160766601562,0.2690335810184479,0.5842993259429932,0.008834087289869785,0.9077173471450806,0.22535283863544464,0.5870630145072937,0.05008142068982124,0.9044895768165588,0.2442570924758911,0.6234347224235535,0.12923911213874817,0.9416662454605103,0.20867346227169037,0.6252791285514832,0.1304231584072113,0.9550082087516785,0.2532658278942108,0.6301880478858948,0.13863566517829895,0.8859722018241882,0.21574561297893524,0.627028226852417,0.13889501988887787,0.9323170781135559,0.2476045936346054,0.6398783922195435,0.0792202576994896,0.9419768452644348,0.2148362249135971,0.640601396560669,0.09335163235664368,0.9658495187759399
s_v3,7,1,0.24940823018550873,0.5001994371414185,-0.37027648091316223,0.9998226761817932,0.25414586067199707,0.49559301137924194,-0.3570307791233063,0.9997562766075134,0.2554325461387634,0.4960215985774994,-0.35692623257637024,0.9996669292449951,0.2566852271556854,0.496609628200531,-0.35695549845695496,0.9996408224105835,0.24634003639221191,0.49431100487709045,-0.3783538341522217,0.9998192191123962,0.24465149641036987,0.49403905868530273,-0.37842774391174316,0.9998372793197632,0.2429184764623642,0.49396777153015137,-0.37850114703178406,0.9998668432235718,0.25141867995262146,0.4991607666015625,-0.2511012852191925,0.9995846152305603,0.23186004161834717,0.496167927980423,-0.35173648595809937,0.9998741149902344,0.24891650676727295,0.5072059631347656,-0.32601720094680786,0.9992191791534424,0.24305817484855652,0.5027296543121338,-0.35536566376686096,0.9995792508125305,0.2457411140203476,0.5150268077850342,-0.13762418925762177,0.9987394213676453,0.20259049534797668,0.5239319801330566,-0.2685856819152832,0.9996365308761597,0.2623808979988098,0.5264367461204529,0.021088821813464165,0.19670000672340393,0.18689806759357452,0.5510066747665405,-0.24664346873760223,0.9828463196754456,0.26307201385498047,0.5231043696403503,0.04574515298008919,0.3771209120750427,0.15742501616477966,0.5566511154174805,-0.2698853611946106,0.9773272275924683,0.26357951760292053,0.5222341418266296,0.04971745237708092,0.3498683273792267,0.14658407866954803,0.5585333108901978,-0.2838144600391388,0.9489550590515137,0.26407334208488464,0.5193438529968262,0.032607827335596085,0.3733087182044983,0.14090479910373688,0.5569455623626709,-0.298664927482605,0.9563366174697876,0.26251864433288574,0.5202057957649231,0.03895825892686844,0.3931224048137665,0.1462116688489914,0.558191180229187,-0.27451908588409424,0.9423962235450745,0.2774115800857544,0.5647647380828857,0.028558094054460526,0.9997972846031189,0.24918502569198608,0.575747549533844,-0.02877591736614704,0.999599277973175,0.2814066410064697,0.5914633274078369,0.007757214829325676,0.9477905631065369,0.22776338458061218,0.6024695634841919,0.08835238963365555,0.9019032716751099,0.2423037886619568,0.6256051063537598,0.22425366938114166,0.8791196346282959,0.20841753482818604,0.6295061707496643,0.3001541495323181,0.9046317934989929,0.24857071042060852,0.6287398338317871,0.24608707427978516,0.7826680541038513,0.20253653824329376,0.6321514248847961,0.32183176279067993,0.8528163433074951,0.24800927937030792,0.6412257552146912,0.1881924420595169,0.9287114143371582,0.20761342346668243,0.6391125917434692,0.2667712867259979,0.9307727217674255
s_v3,8,1,0.24988487362861633,0.5002985000610352,-0.4234069585800171,0.9994514584541321,0.25704309344291687,0.49618011713027954,-0.4108724296092987,0.9992542862892151,0.2591840326786041,0.4967571198940277,-0.41077688336372375,0.9991045594215393,0.26293230056762695,0.4965928792953491,-0.41081908345222473,0.9989043474197388,0.2509297728538513,0.4931166172027588,-0.4261840581893921,0.9993281364440918,0.24734391272068024,0.4930618405342102,-0.42620643973350525,0.9993625283241272,0.2451457381248474,0.4918595552444458,-0.42624640464782715,0.999394416809082,0.2612058222293854,0.49772360920906067,-0.2995483875274658,0.9984403252601624,0.2385689616203308,0.49282780289649963,-0.37328317761421204,0.9993323683738708,0.2529503405094147,0.5045783519744873,-0.37675055861473083,0.996189296245575,0.24340739846229553,0.5014750957489014,-0.39804303646087646,0.9980822801589966,0.2575211524963379,0.517199695110321,-0.2031754106283188,0.9985559582710266,0.210399329662323,0.5155271887779236,-0.2704016864299774,0.9990416169166565,0.26559776067733765,0.5244491696357727,-0.16571296751499176,0.4565035104751587,0.20140987634658813,0.5416882038116455,-0.21978715062141418,0.948943018913269,0.2632259428501129,0.5100070834159851,-0.2725938558578491,0.8123087286949158,0.1937858909368515,0.5388308167457581,-0.20993570983409882,0.9727070331573486,0.2640876770019531,0.5061392784118652,-0.3012111186981201,0.781295120716095,0.19436323642730713,0.5380704402923584,-0.22151631116867065,0.9431024789810181,0.26426801085472107,0.5034453272819519,-0.31417179107666016,0.7921133041381836,0.18960942327976227,0.5358627438545227,-0.23791339993476868,0.9487931728363037,0.26204824447631836,0.505395770072937,-0.28241756558418274,0.785956621170044,0.18988388776779175,0.536261796951294,-0.2148231714963913,0.9378293752670288,0.27859818935394287,0.5686511397361755,0.009166083298623562,0.9996784925460815,0.24312180280685425,0.5740628838539124,-0.009196027182042599,0.9992806315422058,0.26003003120422363,0.5966221690177917,0.07671310752630234,0.9426952004432678,0.21895192563533783,0.6036269068717957,0.15020890533924103,0.8263024687767029,0.25273221731185913,0.6282268166542053,0.3425750136375427,0.8731392025947571,0.20358841121196747,0.6258771419525146,0.4144412875175476,0.8636148571968079,0.24827320873737335,0.6318049430847168,0.3695584237575531,0.7877079248428345,0.2039419263601303,0.6300994753837585,0.44178643822669983,0.8264082074165344,0.2523505687713623,0.6431828141212463,0.30861058831214905,0.8893435001373291,0.20289337635040283,0.6400206089019775,0.38120025396347046,0.8708542585372925
s_v3,9,1,0.26133522391319275,0.49243858456611633,-0.23958426713943481,0.9999644756317139,0.26482680439949036,0.4884062111377716,-0.22220416367053986,0.9999562501907349,0.2666757106781006,0.48839229345321655,-0.2221091240644455,0.9999492168426514,0.2687532901763916,0.4886068105697632,-0.22211593389511108,0.9999487400054932,0.25786498188972473,0.4881944954395294,-0.24005575478076935,0.9999635219573975,0.2553170919418335,0.48806801438331604,-0.24004977941513062,0.9999657869338989,0.25250983238220215,0.48784807324409485,-0.24005673825740814,0.9999648332595825,0.2648850977420807,0.4897148013114929,-0.11750155687332153,0.9999407529830933,0.24465925991535187,0.49002009630203247,-0.20177201926708221,0.9999665021896362,0.2625775933265686,0.4966485798358917,-0.1976637840270996,0.9998937845230103,0.25494229793548584,0.49567151069641113,-0.2223074585199356,0.9999294281005859,0.2633756399154663,0.5075439214706421,-0.06115046888589859,0.9996951818466187,0.21449032425880432,0.5141785144805908,-0.14268986880779266,0.9997395873069763,0.28534233570098877,0.5241627097129822,-0.056206490844488144,0.4680369198322296,0.20222310721874237,0.5429964661598206,-0.2244788408279419,0.993160605430603,0.28368499875068665,0.5186491012573242,-0.15144605934619904,0.7857251167297363,0.22865030169487,0.544647753238678,-0.33331143856048584,0.9877912998199463,0.28443634510040283,0.5171619057655334,-0.17256228625774384,0.7540858387947083,0.2366202175617218,0.546071469783783,-0.351328045129776,0.9704182744026184,0.2825391888618469,0.5134863257408142,-0.17730867862701416,0.7672980427742004,0.23801615834236145,0.541853666305542,-0.35043030977249146,0.9718480110168457,0.28152933716773987,0.5146664977073669,-0.15699520707130432,0.7428749203681946,0.23557046055793762,0.5419076681137085,-0.33274033665657043,0.9576859474182129,0.28448787331581116,0.5573429465293884,-0.003734361845999956,0.9998782873153687,0.2535269558429718,0.5626987218856812,0.0037734881043434143,0.9996659755706787,0.26169902086257935,0.5868362784385681,-0.23886801302433014,0.9918003678321838,0.22211280465126038,0.587256908416748,-0.006881223060190678,0.9522541761398315,0.2541833817958832,0.6298555731773376,-0.14531518518924713,0.9786079525947571,0.20558537542819977,0.6250820159912109,0.10921577364206314,0.9410962462425232,0.2511657476425171,0.6338136792182922,-0.13704068958759308,0.916916012763977,0.21144945919513702,0.6306175589561462,0.11952590197324753,0.8895038366317749,0.2541978657245636,0.645893394947052,-0.22318871319293976,0.9779658913612366,0.20761217176914215,0.6405017971992493,0.05697731301188469,0.9373784065246582
s_v3,10,1,0.2660589814186096,0.49059775471687317,-0.2655707895755768,0.9987108707427979,0.26993170380592346,0.48757874965667725,-0.24735262989997864,0.9966496825218201,0.27218809723854065,0.4878857433795929,-0.24729500710964203,0.9951266050338745,0.2743672728538513,0.4881700873374939,-0.24728116393089294,0.9935376048088074,0.2624233365058899,0.4866844415664673,-0.261340856552124,0.9979991316795349,0.2594926357269287,0.4863009750843048,-0.261351615190506,0.9983522891998291,0.2565685510635376,0.4860353469848633,-0.26137757301330566,0.9987685084342957,0.27286428213119507,0.4894861578941345,-0.13534559309482574,0.9824202060699463,0.24994564056396484,0.4872282147407532,-0.20282435417175293,0.9983921647071838,0.2676190137863159,0.49428004026412964,-0.22166708111763,0.9905909895896912,0.25945186614990234,0.4934963583946228,-0.24098162353038788,0.9978283047676086,0.2734346389770508,0.5079268217086792,-0.04939297214150429,0.9946548938751221,0.22418269515037537,0.5073148608207703,-0.1392907202243805,0.9997541308403015,0.27062302827835083,0.5313632488250732,0.022029954940080643,0.29155534505844116,0.21157622337341309,0.536697506904602,-0.1464988738298416,0.996436595916748,0.27665290236473083,0.5370103120803833,-0.04792409390211105,0.6271510720252991,0.24216794967651367,0.5386029481887817,-0.21749913692474365,0.9948320388793945,0.2884579002857208,0.5370343327522278,-0.06626056134700775,0.5873675346374512,0.251249223947525,0.5399004220962524,-0.24165089428424835,0.9839170575141907,0.2895418107509613,0.5339785218238831,-0.08685733377933502,0.602645754814148,0.2587297558784485,0.5364748239517212,-0.24599826335906982,0.9849354028701782,0.2871035635471344,0.5335555076599121,-0.05908247083425522,0.5941373109817505,0.24996474385261536,0.5360229015350342,-0.21847446262836456,0.9783494472503662,0.27735280990600586,0.5559588074684143,0.02160325087606907,0.9962695837020874,0.24330264329910278,0.5557488203048706,-0.02160506695508957,0.9980577826499939,0.26315560936927795,0.5948932766914368,0.019196586683392525,0.9146924614906311,0.22112511098384857,0.5924108624458313,-0.07340821623802185,0.9454271793365479,0.25887757539749146,0.6340880990028381,0.179818794131279,0.8519755005836487,0.20477771759033203,0.6302237510681152,0.03856127709150314,0.9281593561172485,0.2538102865219116,0.6378480792045593,0.1928453892469406,0.6667704582214355,0.20308756828308105,0.6352956295013428,0.04759996756911278,0.8201234936714172,0.26840245723724365,0.6459326148033142,0.12210884690284729,0.8400101661682129,0.20731374621391296,0.6412767767906189,-0.04222802072763443,0.9196438789367676
s_v3,11,1,0.26607900857925415,0.4907436966896057,-0.29297319054603577,0.9999724626541138,0.2700304090976715,0.4876641631126404,-0.270595520734787,0.9999070167541504,0.27245092391967773,0.48783889412879944,-0.2705099284648895,0.9998520612716675,0.2748122811317444,0.4879794716835022,-0.27051782608032227,0.9997621178627014,0.2629604935646057,0.48704585433006287,-0.2814190089702606,0.99996018409729,0.26005542278289795,0.4868406653404236,-0.28142404556274414,0.9999697208404541,0.25705385208129883,0.4866790175437927,-0.2814575135707855,0.999976396560669,0.27441510558128357,0.4893823564052582,-0.14673255383968353,0.9993991851806641,0.2513231039047241,0.48860952258110046,-0.19965071976184845,0.9999830722808838,0.26897260546684265,0.49531060457229614,-0.2460014969110489,0.9996017813682556,0.25951912999153137,0.49416086077690125,-0.26127293705940247,0.9999403953552246,0.2794090807437897,0.5073188543319702,-0.05059124156832695,0.9973305463790894,0.22502928972244263,0.5094757080078125,-0.13476818799972534,0.9998980760574341,0.27884790301322937,0.5134714841842651,0.009753271006047726,0.5566703677177429,0.21313589811325073,0.5359662175178528,-0.1605226844549179,0.9980733394622803,0.28910577297210693,0.4961486756801605,-0.04274462163448334,0.7909678816795349,0.24364906549453735,0.5393416285514832,-0.23409605026245117,0.9947920441627502,0.2921248972415924,0.48980844020843506,-0.0561266727745533,0.7290517091751099,0.2543463110923767,0.5403366088867188,-0.2526783049106598,0.9787157773971558,0.29111984372138977,0.4902634024620056,-0.06802148371934891,0.739983856678009,0.257453978061676,0.5364215970039368,-0.2589380741119385,0.9797500371932983,0.289150208234787,0.49131497740745544,-0.0508933961391449,0.7276769876480103,0.2524963915348053,0.5360810160636902,-0.2354227900505066,0.9718151092529297,0.27772119641304016,0.5538139939308167,0.012158185243606567,0.9994812607765198,0.24544085562229156,0.5544820427894592,-0.012140443548560143,0.9993163347244263,0.26478248834609985,0.5963656902313232,-0.06881875544786453,0.9793543815612793,0.22447599470615387,0.5937002301216125,-0.03087279200553894,0.9416853785514832,0.2609967589378357,0.6364472508430481,0.047140754759311676,0.9460866451263428,0.2069571614265442,0.6250377893447876,0.11050178110599518,0.8803970813751221,0.25755274295806885,0.6422824859619141,0.05466636270284653,0.7824233770370483,0.2052822709083557,0.6307966709136963,0.12153720110654831,0.7154440879821777,0.2652837932109833,0.6492034792900085,-0.031181002035737038,0.9288949370384216,0.2069474756717682,0.6393439769744873,0.04154807701706886,0.8766737580299377
s_v3,12,1,0.2729112505912781,0.4899267256259918,-0.20257210731506348,0.9998798370361328,0.2774827182292938,0.4877956211566925,-0.18511925637722015,0.999749481678009,0.2798243463039398,0.48804324865341187,-0.1850511133670807,0.999595582485199,0.2820107340812683,0.488336443901062,-0.18503974378108978,0.999526858329773,0.2694573998451233,0.48705846071243286,-0.19753235578536987,0.9998582601547241,0.2664729356765747,0.4868182837963104,-0.19754010438919067,0.999863862991333,0.2635597884654999,0.4865811765193939,-0.19755782186985016,0.9999071359634399,0.28023701906204224,0.4902372360229492,-0.08214543014764786,0.9986346364021301,0.2579139471054077,0.4887104332447052,-0.142753466963768,0.9999111890792847,0.2753594219684601,0.494385689496994,-0.1625538468360901,0.9992799162864685,0.2662632167339325,0.49293065071105957,-0.17994113266468048,0.9997840523719788,0.2822781801223755,0.5096620917320251,-0.004974048584699631,0.9982719421386719,0.23076006770133972,0.5092524886131287,-0.1016116812825203,0.9999300241470337,0.2769816219806671,0.5318434238433838,0.07020790874958038,0.22770516574382782,0.2149088978767395,0.5328479409217834,-0.1431734710931778,0.9979547262191772,0.28061726689338684,0.5433739423751831,0.02899852953851223,0.4775521159172058,0.2327752709388733,0.5424854755401611,-0.2385828197002411,0.9958720803260803,0.2847520112991333,0.5478108525276184,0.021430322900414467,0.4735284745693207,0.23923057317733765,0.5455637574195862,-0.2618578374385834,0.9875224232673645,0.28835180401802063,0.5459854602813721,0.0007502599619328976,0.4843234419822693,0.24499545991420746,0.5420439839363098,-0.2623118758201599,0.9881567358970642,0.2877446711063385,0.5437024235725403,0.0194045789539814,0.47171661257743835,0.24263256788253784,0.5407962799072266,-0.2387750744819641,0.9832828044891357,0.2808564603328705,0.5559572577476501,0.022251244634389877,0.9997074007987976,0.25114136934280396,0.5565246939659119,-0.022257693111896515,0.9996234178543091,0.26597580313682556,0.5986126661300659,-0.015008049085736275,0.9818634986877441,0.2355315387248993,0.5962552428245544,-0.004084753803908825,0.958489716053009,0.2625010311603546,0.6333988308906555,0.09810579568147659,0.9520116448402405,0.21223019063472748,0.6160829663276672,0.17424440383911133,0.861365795135498,0.25882524251937866,0.6397832036018372,0.10698175430297852,0.8242565393447876,0.20703469216823578,0.6172772645950317,0.19144974648952484,0.673937976360321,0.2685125172138214,0.6466413736343384,0.042774226516485214,0.943817138671875,0.20860205590724945,0.6333736777305603,0.14196157455444336,0.86760014295578
s_v3,13,0,,,,,,,,,,,,,,,,,,,,,,,,,,,,,,,,,,,,,,,,,,,,,,,,,,,,,,,,,,,,,,,,,,,,,,,,,,,,,,,,,,,,,,,,,,,,,,,,,,,,,,,,,,,,,,,,,,,,,,,,,,,,,,,,,,,,
s_v3,14,1,0.27679672837257385,0.4941858649253845,-0.47159820795059204,0.999742329120636,0.2823061943054199,0.4913044571876526,-0.4609915316104889,0.9996092915534973,0.28362128138542175,0.49150070548057556,-0.46089038252830505,0.9994811415672302,0.28712454438209534,0.4911872148513794,-0.4609111547470093,0.9994539618492126,0.2754228115081787,0.49153217673301697,-0.47235170006752014,0.9997935891151428,0.27405044436454773,0.49142205715179443,-0.47252458333969116,0.9998559951782227,0.27256494760513306,0.49141907691955566,-0.4726124107837677,0.9998947381973267,0.2852475643157959,0.493915319442749,-0.36300477385520935,0.999342143535614,0.2665182948112488,0.4933261275291443,-0.4183709919452667,0.9998849630355835,0.27558815479278564,0.4994545578956604,-0.4311434030532837,0.999198853969574,0.2700072228908539,0.4982054829597473,-0.44729071855545044,0.9997401833534241,0.281381219625473,0.5136035084724426,-0.26239684224128723,0.9994378685951233,0.23623749613761902,0.5141083598136902,-0.30748361349105835,0.9999417066574097,0.27004900574684143,0.536286473274231,-0.14113980531692505,0.5545415282249451,0.2114485204219818,0.5362721681594849,-0.32646146416664124,0.9959908127784729,0.27140748500823975,0.5527176260948181,-0.09578316658735275,0.689964234828949,0.22197368741035461,0.5491983890533447,-0.41090473532676697,0.996272087097168,0.2738344669342041,0.5570253133773804,-0.10069978982210159,0.6773382425308228,0.22033211588859558,0.554440438747406,-0.43327733874320984,0.9899407029151917,0.2721096873283386,0.5559301972389221,-0.11704006791114807,0.6828658580780029,0.22558385133743286,0.5531281232833862,-0.4473620057106018,0.9910151362419128,0.27089670300483704,0.5545016527175903,-0.10052841156721115,0.6473797559738159,0.2268851399421692,0.5519918203353882,-0.4158572256565094,0.9861375689506531,0.3007618188858032,0.5500302314758301,-0.0037609876599162817,0.9998795986175537,0.27344921231269836,0.5529528260231018,0.0036475362721830606,0.9998438358306885,0.2712317407131195,0.5910258293151855,-0.09800757467746735,0.9504601359367371,0.24248984456062317,0.5816447734832764,-0.06836811453104019,0.8106038570404053,0.2720852196216583,0.6317287683486938,0.019580582156777382,0.9370415806770325,0.2263563871383667,0.6177726984024048,0.02193371206521988,0.883623480796814,0.2684313952922821,0.6362802982330322,0.027200818061828613,0.8100184798240662,0.22884055972099304,0.6236100196838379,0.029044918715953827,0.8262201547622681,0.25779086351394653,0.6449651122093201,-0.055276717990636826,0.9242724180221558,0.22377127408981323,0.6322377324104309,-0.0446275919675827,0.9025251269340515
s_v3,15,1,0.284419983625412,0.49410757422447205,-0.329740971326828,0.9998841285705566,0.28810280561447144,0.4910832643508911,-0.31384629011154175,0.9997877478599548,0.2907976508140564,0.4908391237258911,-0.31378528475761414,0.9997054934501648,0.292631596326828,0.49092400074005127,-0.31380605697631836,0.9996858835220337,0.2820802927017212,0.49090325832366943,-0.32945147156715393,0.9999111890792847,0.2783566117286682,0.4912208020687103,-0.32956668734550476,0.9999297857284546,0.27565181255340576,0.4909563660621643,-0.32962727546691895,0.9999414682388306,0.29131168127059937,0.4931747019290924,-0.20455464720726013,0.9996020197868347,0.2702334523200989,0.4928516149520874,-0.27961575984954834,0.9999277591705322,0.2858520448207855,0.49917784333229065,-0.2856459617614746,0.9994004964828491,0.2762509286403656,0.498467355966568,-0.3075340986251831,0.9997236132621765,0.28824418783187866,0.5131150484085083,-0.12140273302793503,0.9994175434112549,0.23914934694766998,0.513704240322113,-0.20070494711399078,0.999942421913147,0.2905576825141907,0.532081127166748,-0.03809887170791626,0.4512617886066437,0.21684370934963226,0.5299619436264038,-0.26974961161613464,0.9934406876564026,0.29611480236053467,0.5494608879089355,-0.04625684395432472,0.7476294636726379,0.22069039940834045,0.5482773780822754,-0.4285159707069397,0.9967932105064392,0.2976643443107605,0.5568153858184814,-0.05698589235544205,0.7030310034751892,0.21436600387096405,0.5539907813072205,-0.46190333366394043,0.9929995536804199,0.2967485189437866,0.555654764175415,-0.07101045548915863,0.7138537168502808,0.2186044454574585,0.5536863803863525,-0.4726995527744293,0.9937937259674072,0.2934858798980713,0.5528099536895752,-0.05205255001783371,0.679262101650238,0.22250720858573914,0.5523538589477539,-0.43451613187789917,0.9901401400566101,0.31470754742622375,0.5577800869941711,0.001139874686487019,0.9995953440666199,0.2894280254840851,0.562712550163269,-0.0013580856611952186,0.9997130036354065,0.28417348861694336,0.5922721028327942,-0.08273173123598099,0.7780775427818298,0.25867414474487305,0.5947510004043579,-0.08244266360998154,0.6946521997451782,0.25223368406295776,0.6313795447349548,0.029976096004247665,0.7310595512390137,0.2398580014705658,0.6296181082725525,0.028802011162042618,0.6988850235939026,0.24696677923202515,0.6359457969665527,0.04006003960967064,0.6819183230400085,0.23554018139839172,0.6331386566162109,0.039772242307662964,0.7464522123336792,0.24296562373638153,0.6413707137107849,-0.019653553143143654,0.7859772443771362,0.23881796002388,0.6444131731987,-0.016006704419851303,0.7893027067184448
s_v3,16,1,0.2898247241973877,0.4951610565185547,-0.26773974299430847,0.9997203946113586,0.2922150790691376,0.4918690621852875,-0.25001829862594604,0.999161958694458,0.29408442974090576,0.4919898509979248,-0.24998241662979126,0.9989972710609436,0.2958432734012604,0.4921170175075531,-0.24996361136436462,0.998755931854248,0.28581079840660095,0.4916711449623108,-0.2626740336418152,0.9994155168533325,0.28329986333847046,0.49162036180496216,-0.26272645592689514,0.9995152950286865,0.2805209457874298,0.4915845990180969,-0.26275435090065,0.999565064907074,0.29479217529296875,0.4938393533229828,-0.13660681247711182,0.9967238306999207,0.27399808168411255,0.4933530390262604,-0.1972164362668991,0.9994162321090698,0.29214704036712646,0.49928203225135803,-0.2231992781162262,0.9990692734718323,0.2844942510128021,0.49882420897483826,-0.24063289165496826,0.9995473027229309,0.30818724632263184,0.5113108158111572,-0.047116704285144806,0.999578058719635,0.2440629005432129,0.5118311643600464,-0.13752706348896027,0.999930739402771,0.3103318214416504,0.5323460102081299,-0.0029382945504039526,0.7625935077667236,0.2131946086883545,0.5266603231430054,-0.1347571164369583,0.997753918170929,0.3080724775791168,0.5463120341300964,-0.10196954756975174,0.9222869873046875,0.21958553791046143,0.548988938331604,-0.2251342087984085,0.9940751791000366,0.3105788826942444,0.5536922812461853,-0.12728102505207062,0.891419529914856,0.21487101912498474,0.5551285147666931,-0.25456905364990234,0.9843406081199646,0.3053508400917053,0.5520156621932983,-0.14773260056972504,0.8987793922424316,0.220274418592453,0.5545771718025208,-0.27001410722732544,0.985692024230957,0.3034774363040924,0.5500445365905762,-0.11276139318943024,0.8739702701568604,0.2241739183664322,0.5526354312896729,-0.23222549259662628,0.9808318018913269,0.2975093126296997,0.5640572309494019,0.030153149738907814,0.9989976286888123,0.26350459456443787,0.5637600421905518,-0.030207589268684387,0.999537467956543,0.27563709020614624,0.5981272459030151,0.06821998208761215,0.860821545124054,0.27134716510772705,0.5983401536941528,-0.08545445650815964,0.9656912088394165,0.26330065727233887,0.631094753742218,0.2667071223258972,0.8405142426490784,0.24691855907440186,0.6300597786903381,0.09608058631420135,0.9204956889152527,0.25654903054237366,0.6344267129898071,0.28445422649383545,0.6695044636726379,0.23939907550811768,0.6326971054077148,0.11256228387355804,0.7660757303237915,0.2647141218185425,0.6404920220375061,0.23043417930603027,0.8752343058586121,0.26456496119499207,0.6444981098175049,0.04133070260286331,0.9284417629241943
s_v3,17,1,0.29328209161758423,0.49459367990493774,-0.23275868594646454,0.9993396401405334,0.2954593300819397,0.49175047874450684,-0.2126329392194748,0.9980204105377197,0.2970822751522064,0.4919218420982361,-0.21262171864509583,0.9978501796722412,0.29859793186187744,0.4921231269836426,-0.21261553466320038,0.9961776733398438,0.28973403573036194,0.491235613822937,-0.227927103638649,0.9989277720451355,0.2870708405971527,0.4910202622413635,-0.22795861959457397,0.9992293119430542,0.28446176648139954,0.4908156991004944,-0.2280110865831375,0.9990874528884888,0.2971704304218292,0.49406734108924866,-0.09445700794458389,0.9923997521400452,0.2777193784713745,0.4918977916240692,-0.16661357879638672,0.9993857145309448,0.29437264800071716,0.49905329942703247,-0.18744497001171112,0.9972694516181946,0.2868063449859619,0.49811819195747375,-0.20828573405742645,0.9993205070495605,0.30832639336586,0.5130289196968079,-8.264349889941514e-05,0.996417760848999,0.2436656951904297,0.5121434330940247,-0.12074296921491623,0.999935507774353,0.30955350399017334,0.5362938642501831,0.0024336029309779406,0.26179376244544983,0.21685054898262024,0.524564266204834,-0.12832649052143097,0.9956138134002686,0.3228721022605896,0.5269344449043274,-0.14824219048023224,0.6630760431289673,0.22021912038326263,0.5487304925918579,-0.2109917849302292,0.9912439584732056,0.32459497451782227,0.5244872570037842,-0.17470043897628784,0.6910308003425598,0.21248525381088257,0.5551251769065857,-0.23393554985523224,0.9783499240875244,0.3269035816192627,0.5208055973052979,-0.18845202028751373,0.7089412808418274,0.2185536026954651,0.5542598366737366,-0.24584491550922394,0.9803773760795593,0.32414892315864563,0.5221498012542725,-0.15943185985088348,0.6723049283027649,0.22287267446517944,0.5524884462356567,-0.21633906662464142,0.9736939668655396,0.29746466875076294,0.5646178126335144,0.045267943292856216,0.9939957857131958,0.2638719975948334,0.5634514689445496,-0.04525022581219673,0.9971008896827698,0.2840580940246582,0.5944551825523376,0.01599409431219101,0.6254850029945374,0.2778361439704895,0.594524085521698,-0.09189580380916595,0.8904886841773987,0.2641054093837738,0.6306644678115845,0.17245672643184662,0.5095665454864502,0.2558038532733917,0.6335793733596802,0.05295640602707863,0.8325608968734741,0.2573571801185608,0.6355286240577698,0.18585775792598724,0.46487489342689514,0.24658069014549255,0.6390960812568665,0.06441576778888702,0.7106760740280151,0.2730374336242676,0.6414980888366699,0.13325393199920654,0.6346883773803711,0.2682381272315979,0.6434680223464966,-0.01522531732916832,0.8451295495033264
s_v3,18,1,0.2905280590057373,0.4910854399204254,-0.3062376081943512,0.9998530149459839,0.29527562856674194,0.4889342188835144,-0.28810590505599976,0.9997183680534363,0.29734286665916443,0.48931920528411865,-0.2880892753601074,0.9996623992919922,0.29930388927459717,0.4897000789642334,-0.2881118059158325,0.9994885921478271,0.28823018074035645,0.4879436194896698,-0.2983691990375519,0.9998145699501038,0.28531762957572937,0.48743367195129395,-0.2983947694301605,0.9998340606689453,0.2826516330242157,0.4873175024986267,-0.29839396476745605,0.9998133778572083,0.3002142012119293,0.49206283688545227,-0.17206257581710815,0.999235987663269,0.27837130427360535,0.4889150559902191,-0.22108280658721924,0.999731719493866,0.2911774516105652,0.49608081579208374,-0.2601425349712372,0.9988681077957153,0.28276526927948,0.4945838451385498,-0.27457770705223083,0.9994345307350159,0.3033190369606018,0.5130957365036011,-0.1068848967552185,0.9977638721466064,0.2475348860025406,0.5123749375343323,-0.12015673518180847,0.9998044371604919,0.29306450486183167,0.5351238250732422,-0.08824709057807922,0.5716854333877563,0.23476603627204895,0.5256993770599365,-0.08715833723545074,0.9575058221817017,0.26804065704345703,0.5406317710876465,-0.17128555476665497,0.7749936580657959,0.22672565281391144,0.5451902151107788,-0.1549975723028183,0.9645107984542847,0.2621629536151886,0.5424889922142029,-0.19743596017360687,0.7448089718818665,0.21909894049167633,0.551891028881073,-0.17280034720897675,0.9323722124099731,0.26255643367767334,0.5374554991722107,-0.20591787993907928,0.7473382949829102,0.22008876502513885,0.5509487986564636,-0.19506993889808655,0.9390467405319214,0.2637377083301544,0.5372020602226257,-0.17775416374206543,0.7084798216819763,0.22323393821716309,0.5491198301315308,-0.1645517647266388,0.9261809587478638,0.318235844373703,0.5552526712417603,-0.002800405491143465,0.9984931945800781,0.29156872630119324,0.5592896938323975,0.0027133943513035774,0.9995423555374146,0.2939116060733795,0.5827987194061279,-0.018736837431788445,0.7011707425117493,0.27413421869277954,0.5901079773902893,-0.07133018970489502,0.8891375064849854,0.24197688698768616,0.5987755060195923,0.1574644148349762,0.4223242402076721,0.2672422528266907,0.6318536400794983,0.01998376101255417,0.9208166003227234,0.23226884007453918,0.599134624004364,0.17464938759803772,0.36237597465515137,0.2729056179523468,0.6408665776252747,0.027950171381235123,0.8931666016578674,0.22853270173072815,0.6102308034896851,0.13450130820274353,0.5404638051986694,0.2714921534061432,0.645224928855896,-0.046682633459568024,0.9240341782569885
s_v3,19,1,0.2956201732158661,0.49038511514663696,-0.08094470947980881,0.9997941851615906,0.300069123506546,0.4879206120967865,-0.06084098294377327,0.9997090697288513,0.3021044433116913,0.4883379340171814,-0.06082130968570709,0.9996412992477417,0.3040148615837097,0.48866450786590576,-0.06080217659473419,0.999602735042572,0.2929072380065918,0.48637259006500244,-0.07621238380670547,0.9998390674591064,0.29022613167762756,0.4859614074230194,-0.076219841837883,0.9998519420623779,0.2874322533607483,0.4855262339115143,-0.07623350620269775,0.9998766183853149,0.3036050796508789,0.49059972167015076,0.04324299097061157,0.9990851879119873,0.2815219759941101,0.4871188700199127,-0.03075540065765381,0.9998183846473694,0.2961862087249756,0.49547475576400757,-0.040806934237480164,0.9978700876235962,0.28814584016799927,0.49371734261512756,-0.0624537356197834,0.9991872906684875,0.30801182985305786,0.5099125504493713,0.09584403038024902,0.9987097978591919,0.2483261674642563,0.5097992420196533,0.0029123665299266577,0.9999716281890869,0.302268922328949,0.532254695892334,0.18282800912857056,0.190725639462471,0.22888898849487305,0.5253823399543762,-0.0042202952317893505,0.9849514365196228,0.28500130772590637,0.5401227474212646,0.19271741807460785,0.5593912601470947,0.22675065696239471,0.5456950664520264,-0.07264627516269684,0.9835312366485596,0.2822759449481964,0.5432885885238647,0.19244667887687683,0.5683596134185791,0.220036581158638,0.5521800518035889,-0.08866013586521149,0.964203953742981,0.28394895792007446,0.5389431118965149,0.17775008082389832,0.5664252042770386,0.22582770884037018,0.5515665411949158,-0.09980794787406921,0.9664736986160278,0.28468984365463257,0.5382648706436157,0.18675148487091064,0.5473706126213074,0.2299732118844986,0.549647331237793,-0.07723673433065414,0.9584181904792786,0.3233509957790375,0.556635856628418,0.03453988581895828,0.9993600249290466,0.287073016166687,0.558872640132904,-0.03468094766139984,0.999866247177124,0.2838638424873352,0.5843293070793152,0.09982656687498093,0.6324544548988342,0.2801085412502289,0.5918278098106384,-0.09759798645973206,0.9452306032180786,0.2503070831298828,0.6057854890823364,0.2099992334842682,0.3782806396484375,0.27156561613082886,0.6353713274002075,-0.0882842019200325,0.921305775642395,0.2401505708694458,0.6101725101470947,0.22188247740268707,0.4325341582298279,0.2648465931415558,0.6417654156684875,-0.08634840697050095,0.8810542225837708,0.25088000297546387,0.6142098903656006,0.1990077793598175,0.5845646262168884,0.2879180312156677,0.646406352519989,-0.156937375664711,0.9302127361297607
s_v3,20,1,0.3009798228740692,0.4906854033470154,-0.20922087132930756,0.9998112320899963,0.30345919728279114,0.4872875511646271,-0.18654082715511322,0.9996978044509888,0.3050936758518219,0.4874515235424042,-0.18649786710739136,0.9996005892753601,0.3065776526927948,0.48758405447006226,-0.18648789823055267,0.9995335340499878,0.2968878149986267,0.48607978224754333,-0.20355214178562164,0.9998533725738525,0.29434525966644287,0.48586881160736084,-0.203596293926239,0.9998712539672852,0.29157203435897827,0.48561352491378784,-0.20361702144145966,0.9998875856399536,0.30470627546310425,0.4892178177833557,-0.0651722401380539,0.9992790818214417,0.28400489687919617,0.48612669110298157,-0.14648567140102386,0.9998375177383423,0.3014048933982849,0.49496179819107056,-0.1621684730052948,0.9983032941818237,0.29384779930114746,0.49342259764671326,-0.18581004440784454,0.9990804195404053,0.31017449498176575,0.5082135200500488,0.015933923423290253,0.9981050491333008,0.24874109029769897,0.5093068480491638,-0.10849162191152573,0.9999203681945801,0.31846046447753906,0.5317674279212952,0.08815969526767731,0.17848505079746246,0.23258593678474426,0.5237862467765808,-0.19540785253047943,0.9858887791633606,0.3116735816001892,0.5385795831680298,0.06619210541248322,0.5684913396835327,0.23276908695697784,0.5460895895957947,-0.36134350299835205,0.9897346496582031,0.3111101984977722,0.5409173965454102,0.06229924038052559,0.559055745601654,0.22522476315498352,0.5528953671455383,-0.3938010036945343,0.978545069694519,0.30894750356674194,0.536278247833252,0.046046771109104156,0.576500415802002,0.22944681346416473,0.5527870655059814,-0.3971826732158661,0.9804888963699341,0.30994004011154175,0.535664439201355,0.05862193554639816,0.5373390316963196,0.23610837757587433,0.5504119992256165,-0.365732878446579,0.9733489155769348,0.3229120969772339,0.5539264678955078,0.03542794659733772,0.9977073669433594,0.2881203293800354,0.5563250184059143,-0.03550203889608383,0.9988672733306885,0.2840535640716553,0.5884199142456055,-0.03591263294219971,0.48487386107444763,0.28297653794288635,0.5914475321769714,-0.13351909816265106,0.7516301274299622,0.2779362201690674,0.6287822723388672,-0.014166653156280518,0.39604640007019043,0.27868515253067017,0.6365380883216858,-0.10571330040693283,0.7317654490470886,0.2721934914588928,0.6346340775489807,-0.013926156796514988,0.399689644575119,0.2743178606033325,0.6432374715805054,-0.10329815745353699,0.7324819564819336,0.2826803922653198,0.6422348618507385,-0.07980123907327652,0.5754637718200684,0.2978270649909973,0.6478514671325684,-0.1841791570186615,0.8043012619018555
s_v3,21,1,0.3017488718032837,0.48629528284072876,-0.33438840508461,0.99979168176651,0.30492860078811646,0.48319724202156067,-0.31173884868621826,0.9992935657501221,0.3072057366371155,0.4832947850227356,-0.3116863965988159,0.9990905523300171,0.3092305064201355,0.4833976924419403,-0.31166723370552063,0.9984307885169983,0.2973134517669678,0.48286202549934387,-0.3278554677963257,0.99969482421875,0.2943307161331177,0.4828813672065735,-0.32787495851516724,0.999752938747406,0.29122212529182434,0.4829079806804657,-0.32787638902664185,0.9997565150260925,0.3085903227329254,0.4852970540523529,-0.17390790581703186,0.9969434142112732,0.2859230637550354,0.48507970571517944,-0.2506542503833771,0.9996987581253052,0.3037396967411041,0.4909757375717163,-0.28056827187538147,0.9978309273719788,0.2945851981639862,0.49044930934906006,-0.30254846811294556,0.9994072914123535,0.32149070501327515,0.5056484341621399,-0.04599430784583092,0.9972261786460876,0.2532263398170471,0.5086596012115479,-0.18073555827140808,0.9999483823776245,0.3291088044643402,0.5260706543922424,0.0553782694041729,0.312090128660202,0.242799311876297,0.5281965136528015,-0.16969673335552216,0.9899980425834656,0.3355948328971863,0.5291808843612671,-0.0023249355144798756,0.4185705780982971,0.23916393518447876,0.5483909249305725,-0.25875556468963623,0.980172336101532,0.33699336647987366,0.5306016802787781,-0.014808540232479572,0.376806378364563,0.2299041897058487,0.5549420118331909,-0.28380775451660156,0.9587154984474182,0.33859261870384216,0.5263715386390686,-0.04024767503142357,0.3960670530796051,0.23483997583389282,0.553047239780426,-0.299527108669281,0.9634261131286621,0.337515652179718,0.5260090231895447,-0.015580080449581146,0.3913832902908325,0.2389114946126938,0.551210343837738,-0.26590150594711304,0.9543665647506714,0.3182404339313507,0.556326687335968,0.048331983387470245,0.9952964186668396,0.28696727752685547,0.559603214263916,-0.04837789386510849,0.9994090795516968,0.2854681611061096,0.5946452617645264,0.16378101706504822,0.4423666298389435,0.2893093228340149,0.5957759022712708,-0.09097806364297867,0.8797266483306885,0.2696686387062073,0.630942165851593,0.3220485746860504,0.5532467365264893,0.2881651222705841,0.642076849937439,-0.0028507744427770376,0.9121462106704712,0.261010080575943,0.6356309056282043,0.3348190486431122,0.49223899841308594,0.28167101740837097,0.6495161056518555,0.0028732898645102978,0.8435764908790588,0.2812376022338867,0.6430584192276001,0.27410784363746643,0.6664597988128662,0.30031225085258484,0.648746132850647,-0.09995797276496887,0.9248502254486084
s_v3,22,1,0.306987464427948,0.4866306185722351,-0.3000306189060211,0.999957799911499,0.30974113941192627,0.48303189873695374,-0.277494877576828,0.9999157190322876,0.3120819330215454,0.48319530487060547,-0.27749425172805786,0.9999077320098877,0.314156711101532,0.48327282071113586,-0.27753007411956787,0.9998514652252197,0.3016975224018097,0.48292475938796997,-0.2923140823841095,0.9999305009841919,0.2982372045516968,0.4828585088253021,-0.29230743646621704,0.999935507774353,0.2947554588317871,0.48273223638534546,-0.2923038899898529,0.9999234676361084,0.3129281997680664,0.4852854013442993,-0.14429086446762085,0.9998047947883606,0.2873518466949463,0.4850657284259796,-0.21437717974185944,0.9999068975448608,0.3090047836303711,0.4907265305519104,-0.24805313348770142,0.9997382760047913,0.29995810985565186,0.4902540445327759,-0.268526166677475,0.9998276233673096,0.32874295115470886,0.5050633549690247,-0.042011454701423645,0.9996200799942017,0.26049938797950745,0.5098618268966675,-0.13152077794075012,0.9999566078186035,0.3333529829978943,0.5257105827331543,0.037867553532123566,0.4536147713661194,0.24645698070526123,0.5300654768943787,-0.069996178150177,0.9825330972671509,0.34257110953330994,0.5353174805641174,-0.05282498896121979,0.6590073704719543,0.24546006321907043,0.5488765239715576,-0.09570483863353729,0.9673587083816528,0.35164207220077515,0.5404921174049377,-0.07011928409337997,0.5899644494056702,0.23737753927707672,0.554639458656311,-0.10778943449258804,0.9323775172233582,0.3468620181083679,0.5358945727348328,-0.09361910074949265,0.6113587021827698,0.24294598400592804,0.5526662468910217,-0.12920862436294556,0.938613772392273,0.34492167830467224,0.5357934236526489,-0.06571575999259949,0.6090155243873596,0.2463778853416443,0.5511496663093567,-0.10348610579967499,0.928223192691803,0.3250150680541992,0.555250883102417,0.023857804015278816,0.9994949102401733,0.29195326566696167,0.5601500272750854,-0.023851539939641953,0.9999053478240967,0.29578664898872375,0.5696017742156982,0.11094269901514053,0.45540493726730347,0.2932426929473877,0.5965719819068909,-0.0036742372903972864,0.9201743006706238,0.2515321969985962,0.586040735244751,0.32881754636764526,0.1979995220899582,0.29804545640945435,0.6379920840263367,0.08292931318283081,0.906606912612915,0.2405107021331787,0.5880903005599976,0.351057231426239,0.30539315938949585,0.30136406421661377,0.6436429023742676,0.0897362232208252,0.8697887659072876,0.25120770931243896,0.5933694839477539,0.3235747814178467,0.38738977909088135,0.3057864308357239,0.6519511938095093,0.005363284610211849,0.9051192402839661
s_v3,23,1,0.30961862206459045,0.4884299635887146,-0.23703739047050476,0.9999352693557739,0.3115682601928711,0.48479992151260376,-0.21694757044315338,0.9998825788497925,0.31374645233154297,0.48499974608421326,-0.21693670749664307,0.9998902082443237,0.315854549407959,0.48519495129585266,-0.2169589400291443,0.9998669624328613,0.30415090918540955,0.4842292368412018,-0.23093301057815552,0.9999066591262817,0.30098414421081543,0.4841282069683075,-0.23096151649951935,0.9999080896377563,0.29791027307510376,0.484077513217926,-0.23096413910388947,0.9998856782913208,0.31606632471084595,0.4872773289680481,-0.09903638064861298,0.9998427629470825,0.29044511914253235,0.48553845286369324,-0.1655525267124176,0.9997767806053162,0.3116200566291809,0.49286505579948425,-0.19108974933624268,0.9997443556785583,0.30309391021728516,0.4924272894859314,-0.21066835522651672,0.9997169375419617,0.3331216275691986,0.505302369594574,-0.03973839432001114,0.9995524287223816,0.26045429706573486,0.5140909552574158,-0.0928921326994896,0.9998053908348083,0.3426346182823181,0.5294413566589355,-0.0259441826492548,0.5503324866294861,0.24950744211673737,0.5378149747848511,-0.13589869439601898,0.9780294895172119,0.33815285563468933,0.5374718904495239,-0.1299535632133484,0.5715633034706116,0.24655930697917938,0.5497699975967407,-0.25626495480537415,0.9566594362258911,0.34532782435417175,0.546416163444519,-0.15163163840770721,0.5423851609230042,0.24135495722293854,0.5544592142105103,-0.27623066306114197,0.9208607077598572,0.34047791361808777,0.5430790781974792,-0.16190046072006226,0.5654720067977905,0.24330058693885803,0.5527093410491943,-0.28588488698005676,0.9258564710617065,0.33669888973236084,0.5377777814865112,-0.13615332543849945,0.5327551364898682,0.24541649222373962,0.5511773824691772,-0.2611686587333679,0.8996682167053223,0.33343082666397095,0.5609366297721863,-0.0007517513586208224,0.9998666048049927,0.2982776165008545,0.5669481754302979,0.0007855951553210616,0.9997319579124451,0.302828848361969,0.5681614279747009,-0.2479146271944046,0.9348273873329163,0.3006359934806824,0.6002261638641357,0.05669940635561943,0.818351686000824,0.2780650854110718,0.5995932221412659,-0.17958632111549377,0.8133519887924194,0.3037903308868408,0.639494001865387,0.20664188265800476,0.8389810919761658,0.27522197365760803,0.6033326983451843,-0.17116495966911316,0.8506109714508057,0.309511661529541,0.6440891027450562,0.21948125958442688,0.8175352215766907,0.24623875319957733,0.6144964694976807,-0.24449771642684937,0.9282050132751465,0.30818644165992737,0.6545976996421814,0.1463947296142578,0.8542367815971375
s_v3,24,1,0.3116718530654907,0.48893043398857117,-0.18456529080867767,0.9992376565933228,0.31563279032707214,0.4855749309062958,-0.1640007346868515,0.9978323578834534,0.31833672523498535,0.48584455251693726,-0.16401425004005432,0.9973400235176086,0.3205673396587372,0.4861083924770355,-0.16403087973594666,0.9966413974761963,0.30651748180389404,0.4848991632461548,-0.17543676495552063,0.9983548521995544,0.3030686676502228,0.48479798436164856,-0.17541281878948212,0.998497724533081,0.29977181553840637,0.4847732186317444,-0.17542459070682526,0.998625636100769,0.3219948709011078,0.4879986643791199,-0.049261339008808136,0.9950351715087891,0.2939560115337372,0.487510085105896,-0.10597649216651917,0.9970036149024963,0.3155031204223633,0.49280422925949097,-0.14057037234306335,0.9973340034484863,0.3047567307949066,0.49282336235046387,-0.15719462931156158,0.9985248446464539,0.3379170298576355,0.506914496421814,-0.0030137018766254187,0.9991143345832825,0.2698611915111542,0.514491617679596,-0.038473572582006454,0.999900221824646,0.34399956464767456,0.529242753982544,0.029369890689849854,0.5853277444839478,0.25768500566482544,0.5384457111358643,-0.09338811784982681,0.9792922735214233,0.34820225834846497,0.546268105506897,-0.05600413307547569,0.7257509827613831,0.2627604305744171,0.5503016710281372,-0.26649999618530273,0.9823756814002991,0.35562005639076233,0.5542327761650085,-0.07629594206809998,0.6511203050613403,0.2691827416419983,0.5563000440597534,-0.30037790536880493,0.9672634601593018,0.3499671518802643,0.5526970028877258,-0.0929979681968689,0.663891613483429,0.2745833098888397,0.5536131262779236,-0.309078186750412,0.9697580933570862,0.34623149037361145,0.550727903842926,-0.06419913470745087,0.6459015607833862,0.272001177072525,0.5511191487312317,-0.27265241742134094,0.9563797116279602,0.3407977223396301,0.5615139603614807,-0.0009779442334547639,0.9994387030601501,0.30520278215408325,0.5645948648452759,0.0010689309565350413,0.9998791217803955,0.3206605017185211,0.583081841468811,-0.08122579008340836,0.5222156643867493,0.2983928918838501,0.5986028909683228,-0.10205665230751038,0.8393044471740723,0.29813581705093384,0.5944641828536987,0.14529339969158173,0.07817503064870834,0.302577942609787,0.6402646899223328,-0.044269271194934845,0.81943279504776,0.2934276759624481,0.5948091745376587,0.16877512633800507,0.15258276462554932,0.3061026632785797,0.6455704569816589,-0.040680862963199615,0.7695837616920471,0.2902975082397461,0.603290855884552,0.1380973607301712,0.19456230103969574,0.30561015009880066,0.6532292366027832,-0.1258874237537384,0.8286156058311462
s_v3,25,1,0.31830260157585144,0.4911213517189026,-0.19655318558216095,0.9996933937072754,0.32029932737350464,0.487432062625885,-0.1767992228269577,0.9990158081054688,0.32260316610336304,0.48746737837791443,-0.17683039605617523,0.9988349080085754,0.32451656460762024,0.4875842332839966,-0.1768437922000885,0.998548686504364,0.3132416307926178,0.4875125586986542,-0.1854838728904724,0.9991171956062317,0.31016677618026733,0.48772165179252625,-0.18548473715782166,0.9991891980171204,0.30723586678504944,0.487985223531723,-0.18549780547618866,0.9992935657501221,0.3251968324184418,0.4896802306175232,-0.0628044530749321,0.9975306391716003,0.3005293607711792,0.48967444896698,-0.10689687728881836,0.9982469081878662,0.3219826817512512,0.49485450983047485,-0.1527412235736847,0.9990493655204773,0.3123733401298523,0.49536818265914917,-0.16566556692123413,0.9995057582855225,0.3424362540245056,0.5078097581863403,-0.020222308114171028,0.9996020197868347,0.27530422806739807,0.513887345790863,-0.03451719135046005,0.9998817443847656,0.35068365931510925,0.532660722732544,-0.012300163507461548,0.8200114965438843,0.26586002111434937,0.5416093468666077,-0.0815543532371521,0.9819201827049255,0.3521641492843628,0.5478140711784363,-0.12337557971477509,0.897551417350769,0.2662053406238556,0.5519219636917114,-0.2546343505382538,0.9875239133834839,0.35914117097854614,0.5560217499732971,-0.15193967521190643,0.8533930778503418,0.2679841220378876,0.5581446290016174,-0.2903316915035248,0.9774392247200012,0.3536302149295807,0.5526754856109619,-0.16802330315113068,0.8590918183326721,0.2739034593105316,0.5546032190322876,-0.30326783657073975,0.9794894456863403,0.34966984391212463,0.5507591366767883,-0.1320648044347763,0.8335739970207214,0.27438297867774963,0.5527104735374451,-0.26266759634017944,0.9706814885139465,0.3453799784183502,0.564464807510376,-0.005946949124336243,0.9997170567512512,0.3086816668510437,0.5680774450302124,0.00601359736174345,0.9999085664749146,0.33595484495162964,0.5936275720596313,-0.12442661821842194,0.8969555497169495,0.29614609479904175,0.5943275690078735,-0.1503782421350479,0.9245724678039551,0.3138342499732971,0.6087908744812012,0.14804653823375702,0.4010491967201233,0.3078579902648926,0.6352341175079346,-0.04400140792131424,0.9406546950340271,0.31200069189071655,0.6079902052879333,0.17542989552021027,0.4157561957836151,0.31582286953926086,0.6376898884773254,-0.03551461175084114,0.8588773012161255,0.31143224239349365,0.6258400678634644,0.13602539896965027,0.5844293832778931,0.309551477432251,0.6516018509864807,-0.12778779864311218,0.9434014558792114
s_v3,26,1,0.32204338908195496,0.488775372505188,-0.22622686624526978,0.9992620348930359,0.3240538239479065,0.4856371581554413,-0.20610666275024414,0.9971638321876526,0.3262202739715576,0.48583075404167175,-0.2061167061328888,0.9967440366744995,0.3282856047153473,0.48603788018226624,-0.20609061419963837,0.9961768388748169,0.3171212375164032,0.4855552017688751,-0.21499179303646088,0.9978653788566589,0.314319908618927,0.48569637537002563,-0.21499000489711761,0.9978297352790833,0.31150203943252563,0.4858534634113312,-0.21501074731349945,0.9980377554893494,0.3282158672809601,0.4886101186275482,-0.09194374829530716,0.9915043711662292,0.3043897747993469,0.4884592890739441,-0.13543815910816193,0.9959267973899841,0.3252049684524536,0.49343395233154297,-0.18269990384578705,0.9948999285697937,0.316799521446228,0.4929451644420624,-0.19522269070148468,0.9971056580543518,0.34809768199920654,0.5092814564704895,-0.03256946802139282,0.9972244501113892,0.28075048327445984,0.5147846341133118,-0.07865822315216064,0.9992567896842957,0.348213791847229,0.5371066331863403,-0.003802067134529352,0.4889186918735504,0.27710843086242676,0.5439952611923218,-0.1164017990231514,0.9870381355285645,0.35220611095428467,0.5508092641830444,-0.10801997780799866,0.633575975894928,0.3026464879512787,0.5522911548614502,-0.2490510195493698,0.9839861392974854,0.3591584861278534,0.5568010210990906,-0.13584299385547638,0.5874106884002686,0.3075014352798462,0.5553913712501526,-0.2793947756290436,0.9669631123542786,0.36147385835647583,0.5541685223579407,-0.15204165875911713,0.6021566390991211,0.3093106150627136,0.5514444708824158,-0.2869719862937927,0.9678614139556885,0.35554349422454834,0.5547799468040466,-0.11813879013061523,0.5670806765556335,0.3088570833206177,0.5504909753799438,-0.25361764430999756,0.9546694755554199,0.3465755581855774,0.5739011168479919,-0.00305591500364244,0.9979749321937561,0.3074653744697571,0.576502799987793,0.0030919837299734354,0.9979503750801086,0.3361128568649292,0.5967733263969421,-0.13659188151359558,0.9141722321510315,0.29825150966644287,0.6019499897956848,-0.015463070943951607,0.8591572642326355,0.3230975866317749,0.6253929138183594,0.04075070843100548,0.7460542321205139,0.3081865608692169,0.6355686783790588,0.17202873528003693,0.7971702218055725,0.3243100047111511,0.6307772397994995,0.05703134834766388,0.6116535067558289,0.3126334846019745,0.6397173404693604,0.18815995752811432,0.6323210597038269,0.32061517238616943,0.643391489982605,-0.020653115585446358,0.8443772792816162,0.3084472119808197,0.6519622802734375,0.10695336014032364,0.8354660272598267
s_v3,27,1,0.3283412456512451,0.48640650510787964,-0.25001901388168335,0.9956492781639099,0.331330806016922,0.48353731632232666,-0.23092512786388397,0.9901711344718933,0.33392632007598877,0.4838355779647827,-0.2309262454509735,0.9879391193389893,0.3364567458629608,0.4841318428516388,-0.23091493546962738,0.9865691661834717,0.32292842864990234,0.4831523895263672,-0.24382877349853516,0.9901483654975891,0.31958258152008057,0.4831496477127075,-0.24380354583263397,0.9891188144683838,0.3162038326263428,0.4831724166870117,-0.2438124418258667,0.9902059435844421,0.33608895540237427,0.4867222011089325,-0.11380521953105927,0.9702660441398621,0.3093158006668091,0.4852452278137207,-0.1761317253112793,0.9802905321121216,0.3316911458969116,0.4914539158344269,-0.20479239523410797,0.9837892055511475,0.32210779190063477,0.4902242422103882,-0.2226676642894745,0.9892311692237854,0.3470420241355896,0.507837176322937,-0.049387138336896896,0.9971787929534912,0.2882297933101654,0.5113381147384644,-0.12995034456253052,0.9974368214607239,0.34830549359321594,0.5352580547332764,-0.04508636146783829,0.4093441665172577,0.2913760244846344,0.5417672991752625,-0.180263951420784,0.9306676983833313,0.35254278779029846,0.5498294830322266,-0.18126517534255981,0.6419628858566284,0.31689488887786865,0.5436938405036926,-0.2886066436767578,0.8843090534210205,0.3570164442062378,0.5558035373687744,-0.21603091061115265,0.6114277839660645,0.3236303925514221,0.544503390789032,-0.3231031000614166,0.8313943147659302,0.3553905487060547,0.5510375499725342,-0.23013071715831757,0.6203992366790771,0.3217649757862091,0.5403748750686646,-0.3295988440513611,0.8352876305580139,0.34611886739730835,0.5521833896636963,-0.1917075663805008,0.5931029319763184,0.3204575777053833,0.5402255058288574,-0.29328590631484985,0.7984821200370789,0.349651575088501,0.5729631781578064,0.018770013004541397,0.9981045722961426,0.30815500020980835,0.5762500166893005,-0.018775053322315216,0.9979127049446106,0.34284788370132446,0.6004515290260315,0.06290151923894882,0.8640639185905457,0.30366969108581543,0.6032400727272034,0.03633865714073181,0.9039396643638611,0.33774539828300476,0.6296035051345825,0.31513479351997375,0.7291155457496643,0.3072786331176758,0.6372537016868591,0.2598536014556885,0.8688293099403381,0.3341069519519806,0.632739782333374,0.33919039368629456,0.5474874973297119,0.3087615370750427,0.6413456797599792,0.2809182107448578,0.6408032178878784,0.3475099802017212,0.6469178199768066,0.2752223610877991,0.792631983757019,0.310230016708374,0.6538082361221313,0.19987666606903076,0.8588166236877441
s_v3,28,1,0.3374255299568176,0.48569703102111816,-0.29314061999320984,0.9951106905937195,0.34042397141456604,0.48298829793930054,-0.2762659192085266,0.9844865202903748,0.34279105067253113,0.483279824256897,-0.2762424945831299,0.9824941754341125,0.3451823890209198,0.48357024788856506,-0.27622517943382263,0.9807680249214172,0.33327797055244446,0.4821377396583557,-0.2862274944782257,0.986107587814331,0.3306720554828644,0.4819532632827759,-0.2862445116043091,0.9872009754180908,0.3279191851615906,0.48180869221687317,-0.2862745225429535,0.9893053770065308,0.34579235315322876,0.48550423979759216,-0.16271403431892395,0.9402112364768982,0.32259443402290344,0.4827621281147003,-0.21093149483203888,0.9818373322486877,0.3404332399368286,0.49001914262771606,-0.2486424297094345,0.9774994254112244,0.33181148767471313,0.4887896776199341,-0.26247575879096985,0.9883813261985779,0.35640808939933777,0.5038381218910217,-0.08201675117015839,0.9948253631591797,0.29783326387405396,0.5062156915664673,-0.1576162576675415,0.9988988637924194,0.35448962450027466,0.529033899307251,-0.07392974942922592,0.5869483351707458,0.29872578382492065,0.5368798971176147,-0.18082286417484283,0.9881088137626648,0.352291077375412,0.5444837212562561,-0.20665223896503448,0.6608845591545105,0.33587321639060974,0.5357756018638611,-0.2558170557022095,0.9519480466842651,0.35906386375427246,0.5501818656921387,-0.24081282317638397,0.5811487436294556,0.34630152583122253,0.537680447101593,-0.2864827811717987,0.8927733302116394,0.3562585711479187,0.545588493347168,-0.2569716274738312,0.5914458632469177,0.3471395969390869,0.5338820815086365,-0.2925913333892822,0.8925938010215759,0.34882456064224243,0.5467524528503418,-0.21759869158267975,0.5574027895927429,0.34342384338378906,0.5334083437919617,-0.25872287154197693,0.8619269728660583,0.3530024290084839,0.5613318085670471,0.02033982425928116,0.9965152740478516,0.31504788994789124,0.5639955401420593,-0.02030641958117485,0.9978539347648621,0.3470730781555176,0.5960973501205444,0.000244882918195799,0.9183622002601624,0.3045210838317871,0.597040593624115,-0.08492765575647354,0.9747816324234009,0.3487328886985779,0.6355376243591309,0.1721208542585373,0.9180299639701843,0.3081926107406616,0.6392945647239685,0.06428385525941849,0.9606395363807678,0.3437647521495819,0.641193687915802,0.18515141308307648,0.7387481331825256,0.3098549544811249,0.6437238454818726,0.07529512047767639,0.7420220375061035,0.3628336489200592,0.6509785652160645,0.0972544252872467,0.9211376309394836,0.31015175580978394,0.654434323310852,-0.029708225280046463,0.9478057622909546
s_v3,29,1,0.344440221786499,0.4832121729850769,-0.2661830186843872,0.9956071972846985,0.34695759415626526,0.4796006977558136,-0.24972030520439148,0.987747073173523,0.3491230607032776,0.4798925220966339,-0.24970269203186035,0.984929621219635,0.35154297947883606,0.4801650941371918,-0.24968568980693817,0.9842886328697205,0.3398627042770386,0.47916293144226074,-0.25876113772392273,0.989793062210083,0.33698785305023193,0.479203462600708,-0.25880250334739685,0.9914052486419678,0.3341253101825714,0.4793108105659485,-0.2588770091533661,0.9936844706535339,0.35252752900123596,0.48191583156585693,-0.14192970097064972,0.9463415145874023,0.3280439078807831,0.48136353492736816,-0.1852779984474182,0.9873952865600586,0.3487389087677002,0.4874989688396454,-0.22371281683444977,0.9755207300186157,0.3391897678375244,0.48696497082710266,-0.23629745841026306,0.9895727038383484,0.36205586791038513,0.5020325183868408,-0.07791286706924438,0.9897903800010681,0.3056471347808838,0.5027160048484802,-0.10972156375646591,0.9983002543449402,0.3537146747112274,0.5294820070266724,-0.0674300417304039,0.5029228329658508,0.3031030297279358,0.5361074805259705,-0.11899291723966599,0.9837123155593872,0.34867870807647705,0.5412496328353882,-0.1852361112833023,0.6598519682884216,0.3369147777557373,0.5332361459732056,-0.20846936106681824,0.9745094776153564,0.34746265411376953,0.5443894267082214,-0.21788695454597473,0.6208142638206482,0.3479204773902893,0.5343887209892273,-0.23437921702861786,0.9410662651062012,0.3486623167991638,0.5404960513114929,-0.233233243227005,0.6313232779502869,0.3469356298446655,0.5311662554740906,-0.24544157087802887,0.943020224571228,0.3472914397716522,0.5394808650016785,-0.19543622434139252,0.581274151802063,0.3436095714569092,0.5309593081474304,-0.21268749237060547,0.922304630279541,0.36517319083213806,0.5557960867881775,-0.008991396054625511,0.9944736361503601,0.3281642496585846,0.5588956475257874,0.009028253145515919,0.9952672719955444,0.3568773865699768,0.5988592505455017,-0.05728914961218834,0.9799204468727112,0.309120774269104,0.5966620445251465,-0.030742106959223747,0.9676411747932434,0.36200159788131714,0.6403499245643616,0.05684201419353485,0.9731699228286743,0.30430522561073303,0.6402403116226196,0.08462847769260406,0.9653967022895813,0.35867950320243835,0.6474141478538513,0.06272769719362259,0.8113304376602173,0.30558422207832336,0.645864725112915,0.09182941168546677,0.853255569934845,0.359233558177948,0.6553133130073547,-0.037149578332901,0.9614734649658203,0.299274742603302,0.6541116237640381,-0.005083997268229723,0.9591659307479858
s_v3,30,1,0.35382604598999023,0.48048490285873413,-0.12038454413414001,0.9986756443977356,0.35580307245254517,0.47702381014823914,-0.1000644788146019,0.9976795315742493,0.357827365398407,0.4770796298980713,-0.1000632494688034,0.9971413016319275,0.35989704728126526,0.47718918323516846,-0.10004664212465286,0.9972090125083923,0.34893956780433655,0.476733922958374,-0.11252643167972565,0.9978582262992859,0.3457079529762268,0.47673362493515015,-0.11255426704883575,0.9980443716049194,0.3423795998096466,0.4768708348274231,-0.11262285709381104,0.9986159801483154,0.3597593307495117,0.47891050577163696,0.00823327898979187,0.9925846457481384,0.3350023031234741,0.4785957336425781,-0.05096103250980377,0.998688280582428,0.3573797941207886,0.48489317297935486,-0.07907377183437347,0.9975895881652832,0.34719184041023254,0.4846934676170349,-0.0960259884595871,0.9988549947738647,0.3720601201057434,0.4998626112937927,0.07135467976331711,0.9991297125816345,0.3102794587612152,0.5023859739303589,-0.02165217697620392,0.9997544884681702,0.37158751487731934,0.5270518660545349,0.06414740532636642,0.35280436277389526,0.30759382247924805,0.5350608825683594,-0.08334595710039139,0.9923782348632812,0.3734320104122162,0.5396323800086975,-0.08363458514213562,0.5626319050788879,0.3464798331260681,0.532008707523346,-0.20252592861652374,0.9868566393852234,0.37337735295295715,0.5418520569801331,-0.11575544625520706,0.5753033757209778,0.35993748903274536,0.5306044816970825,-0.23534731566905975,0.9695959687232971,0.37657636404037476,0.5403682589530945,-0.1301654875278473,0.5968467593193054,0.35905125737190247,0.5264269709587097,-0.2348945587873459,0.9695704579353333,0.3707858622074127,0.5374393463134766,-0.0939229354262352,0.549109697341919,0.35657253861427307,0.5265501141548157,-0.20254479348659515,0.9502003192901611,0.37097427248954773,0.5542681217193604,0.018846992403268814,0.9997065663337708,0.33141207695007324,0.5580310225486755,-0.018612205982208252,0.9990053772926331,0.36419349908828735,0.5965548157691956,-0.14790590107440948,0.9693406224250793,0.3219483494758606,0.5995529890060425,-0.024840345606207848,0.917332649230957,0.37129971385002136,0.6444430947303772,-0.09379708766937256,0.9422079920768738,0.30398988723754883,0.6374224424362183,0.1295282393693924,0.7151650190353394,0.36892375349998474,0.6523284912109375,-0.09288651496171951,0.7388999462127686,0.29966962337493896,0.6397084593772888,0.14023932814598083,0.37330013513565063,0.3675938546657562,0.656182050704956,-0.20392580330371857,0.9320806860923767,0.30811020731925964,0.6504784822463989,0.04791025072336197,0.699061393737793
s_v3,31,1,0.36082926392555237,0.47915494441986084,-0.2276088297367096,0.9994633793830872,0.36283132433891296,0.4761355519294739,-0.20864351093769073,0.9984577894210815,0.36494114995002747,0.47622284293174744,-0.20861615240573883,0.9979256391525269,0.3668217658996582,0.47637438774108887,-0.2086026668548584,0.9975589513778687,0.3562399744987488,0.4759993553161621,-0.22125588357448578,0.9989120960235596,0.3534601926803589,0.4760398864746094,-0.22126327455043793,0.9989462494850159,0.35014107823371887,0.476205974817276,-0.22131872177124023,0.999201238155365,0.3666898310184479,0.47834980487823486,-0.09507106244564056,0.9894691705703735,0.3427005112171173,0.4781220853328705,-0.15415586531162262,0.9993495345115662,0.3639880120754242,0.4832819700241089,-0.18322858214378357,0.9984899759292603,0.3543277978897095,0.483258992433548,-0.2000149041414261,0.9994274377822876,0.3803255259990692,0.49910804629325867,0.008649813011288643,0.9987421631813049,0.3172989785671234,0.5024013519287109,-0.11356829106807709,0.9998248219490051,0.3725292980670929,0.524692952632904,0.06432632356882095,0.2709522545337677,0.3066367506980896,0.5339343547821045,-0.1301686316728592,0.9986017346382141,0.3772353231906891,0.5376340746879578,-0.04052533209323883,0.5274145603179932,0.3468700647354126,0.5360393524169922,-0.21687188744544983,0.9940816760063171,0.38360559940338135,0.5442003607749939,-0.0606919601559639,0.5430999398231506,0.3613901138305664,0.5378708243370056,-0.24639849364757538,0.9822094440460205,0.38392114639282227,0.5418915152549744,-0.08372922986745834,0.5648909211158752,0.36273545026779175,0.5336007475852966,-0.25002220273017883,0.9825177788734436,0.38028955459594727,0.539074182510376,-0.05266574025154114,0.5200106501579285,0.35748961567878723,0.5326383113861084,-0.2174227237701416,0.9728775024414062,0.3721989691257477,0.5537248849868774,0.029016653075814247,0.9999160766601562,0.3339374363422394,0.5561046004295349,-0.02890761010348797,0.9997616410255432,0.3631064295768738,0.5987713932991028,-0.055973153561353683,0.9928792119026184,0.33462217450141907,0.6004859805107117,0.0017526812152937055,0.9792050719261169,0.3696625530719757,0.6446678638458252,0.045701730996370316,0.9910711050033569,0.30746275186538696,0.6217755079269409,0.27542808651924133,0.8720245957374573,0.3612881302833557,0.6511009931564331,0.051630899310112,0.9394111633300781,0.3013712167739868,0.620164155960083,0.3001774549484253,0.653974711894989,0.37225329875946045,0.6580889821052551,-0.040959518402814865,0.9880770444869995,0.31292784214019775,0.6402256488800049,0.24373964965343475,0.8879761695861816
s_v3,32,1,0.3662191927433014,0.47986605763435364,-0.23429229855537415,0.9999984502792358,0.3686482608318329,0.4769449234008789,-0.21616001427173615,0.9999973773956299,0.3707002103328705,0.47697269916534424,-0.21615174412727356,0.9999959468841553,0.3726722300052643,0.47704219818115234,-0.21613849699497223,0.999994158744812,0.361534059047699,0.47683924436569214,-0.22505196928977966,0.9999980926513672,0.3586701452732086,0.4767797589302063,-0.22503435611724854,0.999997615814209,0.3559701144695282,0.47679007053375244,-0.22503498196601868,0.999997615814209,0.373111754655838,0.47915560007095337,-0.10332043468952179,0.9999815225601196,0.3506714105606079,0.47858405113220215,-0.14459356665611267,0.9999986886978149,0.36929041147232056,0.4839804768562317,-0.19074760377407074,0.9999972581863403,0.3611823618412018,0.4835203289985657,-0.20252098143100739,0.9999986886978149,0.38637423515319824,0.5013183355331421,-0.001961678499355912,0.999976396560669,0.3261350691318512,0.5040011405944824,-0.10508275032043457,0.9999833106994629,0.3815321922302246,0.5268282890319824,0.02036074548959732,0.6046018004417419,0.30786803364753723,0.5344836115837097,-0.14728502929210663,0.9979996085166931,0.3903736174106598,0.5410434603691101,-0.10471879690885544,0.8627672791481018,0.34007734060287476,0.5413960218429565,-0.27102577686309814,0.9925752878189087,0.3945889174938202,0.5462796688079834,-0.12805205583572388,0.8732253909111023,0.3494429290294647,0.5437799692153931,-0.30214259028434753,0.9817456007003784,0.3942926228046417,0.5452780723571777,-0.14813461899757385,0.8834673166275024,0.35186904668807983,0.5388889312744141,-0.307657390832901,0.9816733598709106,0.39177924394607544,0.5428292751312256,-0.11567682027816772,0.8477950096130371,0.35034602880477905,0.5376341342926025,-0.27341800928115845,0.9711145758628845,0.3703216016292572,0.5614181160926819,0.030363300815224648,0.9999916553497314,0.33506086468696594,0.5611895322799683,-0.03038562275469303,0.9999579191207886,0.3696133494377136,0.6077433228492737,-0.03403544798493385,0.9957681894302368,0.3393479883670807,0.6046873331069946,-0.01999642327427864,0.992591381072998,0.3703838884830475,0.6471100449562073,0.08075537532567978,0.9948071837425232,0.31574547290802,0.6204736232757568,0.2690090239048004,0.8432629704475403,0.36466896533966064,0.6528050303459167,0.0872168242931366,0.9199411869049072,0.30978870391845703,0.6173425912857056,0.2963877320289612,0.5654294490814209,0.3762190043926239,0.6626407504081726,-0.0005707538221031427,0.9872527718544006,0.3168703317642212,0.641365647315979,0.25333601236343384,0.867546558380127
s_v3,33,1,0.374959260225296,0.48186492919921875,-0.16871732473373413,0.9999227523803711,0.3776664733886719,0.47849148511886597,-0.14962339401245117,0.9997943043708801,0.3799663186073303,0.47869956493377686,-0.14964719116687775,0.9997305274009705,0.3820701539516449,0.47890540957450867,-0.14969021081924438,0.9997395873069763,0.369920551776886,0.477986216545105,-0.15949061512947083,0.9998348951339722,0.36682412028312683,0.47790077328681946,-0.1594623327255249,0.9998158812522888,0.36419257521629333,0.47785648703575134,-0.15948690474033356,0.9998526573181152,0.3834276795387268,0.48096638917922974,-0.03832487016916275,0.998831570148468,0.35947588086128235,0.4805268943309784,-0.08516425639390945,0.9998483657836914,0.37838855385780334,0.4862600266933441,-0.12578700482845306,0.9997525811195374,0.36926108598709106,0.4862620532512665,-0.1391240805387497,0.9998518228530884,0.3978791832923889,0.5035533308982849,0.05202897638082504,0.999845027923584,0.3316952586174011,0.5061573386192322,-0.051281820982694626,0.9998985528945923,0.39605504274368286,0.5270304679870605,0.1329428255558014,0.5125055909156799,0.31382322311401367,0.5337632298469543,-0.06112038344144821,0.9964016675949097,0.3998587131500244,0.5419358611106873,0.07092448323965073,0.8040027618408203,0.33106663823127747,0.546549916267395,-0.15245726704597473,0.9889680743217468,0.4032244086265564,0.5476238131523132,0.055399101227521896,0.7914810180664062,0.3331219255924225,0.5513942837715149,-0.17865410447120667,0.9744252562522888,0.40097349882125854,0.5461612939834595,0.030539531260728836,0.805142343044281,0.3392036259174347,0.5475879907608032,-0.19187642633914948,0.9750761985778809,0.3984069228172302,0.5440607666969299,0.05947128310799599,0.7723292708396912,0.33988940715789795,0.5461794137954712,-0.15780985355377197,0.9683994054794312,0.3845706284046173,0.5636976957321167,0.03263447433710098,0.9999724626541138,0.34528180956840515,0.5635550618171692,-0.032589640468358994,0.9999183416366577,0.37698763608932495,0.612186074256897,-0.027482761070132256,0.9906331300735474,0.34721502661705017,0.6084619760513306,-0.04736499488353729,0.988730251789093,0.36711329221725464,0.6506475210189819,0.11695674806833267,0.9840880632400513,0.3229760229587555,0.6188638210296631,0.26900196075439453,0.8156937956809998,0.3604152500629425,0.6570775508880615,0.12902458012104034,0.9017568826675415,0.3190426528453827,0.6156771183013916,0.300977885723114,0.5446656942367554,0.3739928901195526,0.6651692390441895,0.06116607412695885,0.9796793460845947,0.31936538219451904,0.6410460472106934,0.27778518199920654,0.8442743420600891
s_v3,34,1,0.3788948953151703,0.48147451877593994,-0.2002887725830078,0.9999105930328369,0.3817201554775238,0.47861048579216003,-0.18519853055477142,0.9998036026954651,0.38401517271995544,0.478660523891449,-0.18524177372455597,0.9997840523719788,0.38607490062713623,0.47874975204467773,-0.1852531135082245,0.9997567534446716,0.3745959997177124,0.4787520170211792,-0.18835802376270294,0.9998152852058411,0.37182021141052246,0.47894078493118286,-0.18835633993148804,0.9997569918632507,0.36899763345718384,0.47919732332229614,-0.18840497732162476,0.9997592568397522,0.38842469453811646,0.4807559847831726,-0.08520658314228058,0.9989721775054932,0.36441683769226074,0.4815089702606201,-0.0992225632071495,0.9997373223304749,0.38340330123901367,0.48575878143310547,-0.16168463230133057,0.999863862991333,0.375223308801651,0.4860233962535858,-0.16552352905273438,0.9998968839645386,0.4070752263069153,0.5050902366638184,-0.009404562413692474,0.9999030828475952,0.3398061990737915,0.5059572458267212,-0.044988930225372314,0.9998989105224609,0.40521252155303955,0.531179666519165,-0.015029883943498135,0.7286772131919861,0.3127010762691498,0.5307403802871704,-0.02239767275750637,0.9926953315734863,0.4044560194015503,0.5433153510093689,-0.17935165762901306,0.8367083668708801,0.32808706164360046,0.5490714907646179,-0.10269934684038162,0.966285765171051,0.4081210196018219,0.5478577613830566,-0.2140602469444275,0.8331661224365234,0.3271811008453369,0.5553475022315979,-0.12538336217403412,0.9277650713920593,0.40589994192123413,0.546068549156189,-0.23534829914569855,0.8502850532531738,0.331890344619751,0.553053081035614,-0.1449681967496872,0.9309036135673523,0.40381163358688354,0.5437132716178894,-0.1919562667608261,0.8071094155311584,0.33334511518478394,0.5507888197898865,-0.11067208647727966,0.915429949760437,0.38561391830444336,0.5638150572776794,0.018873270601034164,0.999954104423523,0.3477289378643036,0.5630412101745605,-0.018824679777026176,0.9998626708984375,0.3844936192035675,0.6089140772819519,-0.058271780610084534,0.9882553815841675,0.35145601630210876,0.6064968705177307,-0.009096249006688595,0.984028160572052,0.36706385016441345,0.6505366563796997,0.04201657325029373,0.9857558608055115,0.33368486166000366,0.6247270107269287,0.27360615134239197,0.7713685035705566,0.3595868945121765,0.655342698097229,0.047684695571660995,0.9150643348693848,0.33197879791259766,0.6249806880950928,0.29928308725357056,0.41679996252059937,0.37724757194519043,0.6630626320838928,-0.04440335929393768,0.9807255864143372,0.3298053741455078,0.6429504156112671,0.24947024881839752,0.8107861280441284
s_v3,35,1,0.3848217725753784,0.4829811453819275,-0.24611791968345642,0.999363124370575,0.3870575726032257,0.4794797897338867,-0.2311900109052658,0.9983572363853455,0.389552503824234,0.4795174300670624,-0.2312191128730774,0.9979732632637024,0.39190971851348877,0.47959715127944946,-0.2312413454055786,0.997687578201294,0.3797855079174042,0.4795156717300415,-0.23528598248958588,0.998792290687561,0.37689653038978577,0.47961434721946716,-0.2353072464466095,0.9986125230789185,0.37382176518440247,0.47979626059532166,-0.2353779822587967,0.9988502264022827,0.3933355510234833,0.4813315272331238,-0.126224547624588,0.9925980567932129,0.3686430752277374,0.48184865713119507,-0.1442183554172516,0.9986492991447449,0.3886256814002991,0.4871007800102234,-0.20469450950622559,0.998630166053772,0.38019612431526184,0.4872928857803345,-0.2097044289112091,0.9992485642433167,0.41393929719924927,0.5036758780479431,-0.03228108957409859,0.9989765882492065,0.34514155983924866,0.505690336227417,-0.08336833119392395,0.9998108744621277,0.41527503728866577,0.5313147306442261,0.004002674017101526,0.4975718855857849,0.3151513636112213,0.527707040309906,-0.04417598247528076,0.9931603670120239,0.40977761149406433,0.542351245880127,-0.12522682547569275,0.4145115613937378,0.3263285756111145,0.5485497713088989,-0.102647565305233,0.9520525336265564,0.4148387312889099,0.5489868521690369,-0.153683140873909,0.39039915800094604,0.32484230399131775,0.5554683208465576,-0.12301025539636612,0.8852099776268005,0.4136621952056885,0.5462287068367004,-0.17575706541538239,0.41740864515304565,0.3304223418235779,0.5540590286254883,-0.14267823100090027,0.8888856172561646,0.40905365347862244,0.5426811575889587,-0.13789211213588715,0.3835766613483429,0.3319621980190277,0.5514889359474182,-0.11035463213920593,0.8682559728622437,0.39376264810562134,0.5628147721290588,0.02096092328429222,0.999057948589325,0.3566250205039978,0.5626775026321411,-0.02091742865741253,0.9990503191947937,0.38772791624069214,0.6071768999099731,-0.05031297728419304,0.8601410388946533,0.36553657054901123,0.6062390804290771,-0.033821068704128265,0.9044479131698608,0.3664301633834839,0.6470235586166382,0.08723599463701248,0.8152655363082886,0.35237064957618713,0.6407442092895508,0.18167050182819366,0.6612592339515686,0.35752254724502563,0.6520339846611023,0.09640365839004517,0.6597676277160645,0.35121697187423706,0.6457868814468384,0.19903191924095154,0.3693316578865051,0.37636542320251465,0.6626282334327698,0.0006842245347797871,0.8239172697067261,0.35343363881111145,0.6538634896278381,0.11133550852537155,0.6734771728515625
s_v3,36,1,0.3912571966648102,0.4813773036003113,-0.29021990299224854,0.9983659386634827,0.39284002780914307,0.47787725925445557,-0.2731590270996094,0.9952256679534912,0.3950529098510742,0.4779461920261383,-0.27318158745765686,0.9945650100708008,0.3972517251968384,0.47803598642349243,-0.27319055795669556,0.993224561214447,0.3861648142337799,0.47792160511016846,-0.27834510803222656,0.9970991611480713,0.38332778215408325,0.4780259132385254,-0.27840107679367065,0.9972545504570007,0.38050127029418945,0.478232204914093,-0.27846723794937134,0.9978182315826416,0.39787426590919495,0.4802548885345459,-0.15863977372646332,0.9800298810005188,0.37398242950439453,0.4808127284049988,-0.18221645057201385,0.9971705079078674,0.39543628692626953,0.48586589097976685,-0.24539925158023834,0.9941503405570984,0.38690245151519775,0.48577016592025757,-0.25214725732803345,0.9975426197052002,0.4190516769886017,0.5023399591445923,-0.05230836197733879,0.9971408843994141,0.3501029908657074,0.5039787888526917,-0.12442319840192795,0.9998787641525269,0.4217819273471832,0.531154990196228,-0.008693263866007328,0.4676131010055542,0.3161453902721405,0.5228523015975952,-0.08034627884626389,0.9941887855529785,0.4059630334377289,0.5409011244773865,-0.12213598936796188,0.2670212984085083,0.32461830973625183,0.5463250875473022,-0.12432080507278442,0.933683454990387,0.40661391615867615,0.5489684343338013,-0.14517928659915924,0.23358333110809326,0.3200377821922302,0.5537571907043457,-0.14403295516967773,0.8465505838394165,0.40705224871635437,0.5461104512214661,-0.16586247086524963,0.24983012676239014,0.32855382561683655,0.5530802607536316,-0.15883882343769073,0.8503391742706299,0.4070065915584564,0.5442162156105042,-0.13389812409877777,0.22260995209217072,0.3310645818710327,0.5503817796707153,-0.13026918470859528,0.8250678181648254,0.3975324332714081,0.5620670318603516,0.038153503090143204,0.9964001178741455,0.3606497645378113,0.5602458715438843,-0.03820139914751053,0.9987697005271912,0.39353683590888977,0.6034073233604431,0.04273544251918793,0.6660716533660889,0.38228023052215576,0.6000267863273621,-0.12380408495664597,0.9589653611183167,0.3681577146053314,0.6442384123802185,0.1838376820087433,0.800611674785614,0.3594558835029602,0.6419154405593872,0.024662824347615242,0.9108166098594666,0.35860347747802734,0.6517240405082703,0.19339659810066223,0.6614431142807007,0.3504584729671478,0.6486227512359619,0.035804156213998795,0.6491027474403381,0.38495370745658875,0.6605798602104187,0.11134497821331024,0.8383713364601135,0.371311217546463,0.6574573516845703,-0.06266854703426361,0.914867639541626
s_v3,37,1,0.3955777883529663,0.47782832384109497,-0.2071816474199295,0.999672532081604,0.3975035846233368,0.4744504690170288,-0.18947935104370117,0.999344527721405,0.39984267950057983,0.47446367144584656,-0.18952976167201996,0.9992400407791138,0.40187203884124756,0.47452080249786377,-0.1895410269498825,0.9991406202316284,0.39021560549736023,0.47459137439727783,-0.1929556429386139,0.9995046854019165,0.38717228174209595,0.474765807390213,-0.1929582953453064,0.9994304776191711,0.3842538297176361,0.4750540256500244,-0.19302955269813538,0.9995477795600891,0.4032265841960907,0.47622260451316833,-0.08204738050699234,0.9975118637084961,0.37814974784851074,0.47739237546920776,-0.09740643203258514,0.999645471572876,0.3995749056339264,0.4815952181816101,-0.16642022132873535,0.9994210004806519,0.3913198411464691,0.4821402132511139,-0.1708131730556488,0.9997746348381042,0.42379114031791687,0.5003848671913147,0.002303376328200102,0.9992071986198425,0.354528546333313,0.5006222724914551,-0.04396187514066696,0.9999676942825317,0.4309524595737457,0.5300629734992981,-0.049270547926425934,0.7136150598526001,0.3211166262626648,0.5188205242156982,0.005538635887205601,0.9950541257858276,0.4253893196582794,0.5267099142074585,-0.2552497982978821,0.6636473536491394,0.3257741928100586,0.5449546575546265,-0.03273894637823105,0.9612461924552917,0.42119136452674866,0.5250367522239685,-0.2921009361743927,0.6245934367179871,0.3221815824508667,0.5519663691520691,-0.04701562970876694,0.9072610139846802,0.4221644997596741,0.5220062136650085,-0.3018566966056824,0.6414987444877625,0.3305484652519226,0.551164984703064,-0.0674542486667633,0.9122316837310791,0.42196065187454224,0.5228614807128906,-0.2652812600135803,0.5792654752731323,0.33370235562324524,0.5490481853485107,-0.04038552567362785,0.8992208242416382,0.4024168848991394,0.5614544749259949,0.040183547884225845,0.9937135577201843,0.36618322134017944,0.5571117997169495,-0.04017670825123787,0.9979708790779114,0.395428329706192,0.6040988564491272,0.026586655527353287,0.42058056592941284,0.390997976064682,0.5976029634475708,-0.1521494835615158,0.9467714428901672,0.37723487615585327,0.6477492451667786,0.11812610179185867,0.5983691811561584,0.36987805366516113,0.6426209807395935,-0.07399516552686691,0.858833372592926,0.36749500036239624,0.6545848250389099,0.12156111747026443,0.5329139828681946,0.3628046214580536,0.6505817770957947,-0.07074643671512604,0.6610515713691711,0.3850698471069336,0.6618376970291138,0.03366665542125702,0.638331413269043,0.3782656192779541,0.6587997674942017,-0.17528852820396423,0.8653910756111145
s_v3,38,1,0.3969433307647705,0.47431328892707825,-0.269520103931427,0.9999867677688599,0.4000961184501648,0.4715990722179413,-0.2546820640563965,0.9999780654907227,0.40249890089035034,0.4715832769870758,-0.2547161877155304,0.9999715089797974,0.40477868914604187,0.4716072976589203,-0.2547726333141327,0.9999608993530273,0.3918311893939972,0.4717806279659271,-0.25877687335014343,0.9999839067459106,0.38869166374206543,0.4720538556575775,-0.2587919533252716,0.9999778270721436,0.38612353801727295,0.47237733006477356,-0.25888949632644653,0.9999717473983765,0.408270925283432,0.47385847568511963,-0.16067485511302948,0.9999127388000488,0.38182955980300903,0.47524985671043396,-0.18018144369125366,0.999993085861206,0.40237531065940857,0.47903311252593994,-0.23405875265598297,0.9999974966049194,0.3920203745365143,0.4793316721916199,-0.23982320725917816,0.9999994039535522,0.42898666858673096,0.49877041578292847,-0.09069741517305374,0.999950647354126,0.3609169125556946,0.4989875257015228,-0.11802873760461807,0.9999983310699463,0.43762466311454773,0.5301974415779114,-0.1821093112230301,0.9528784155845642,0.326678067445755,0.5156518816947937,-0.12993454933166504,0.987106442451477,0.4301217496395111,0.5153788328170776,-0.38370028138160706,0.9128039479255676,0.32936787605285645,0.5429628491401672,-0.22643689811229706,0.8793386220932007,0.42600056529045105,0.5104978680610657,-0.4224921762943268,0.8531641960144043,0.32803401350975037,0.5499325394630432,-0.24547672271728516,0.7650742530822754,0.42999786138534546,0.5070391893386841,-0.4185854196548462,0.8611811399459839,0.3341306746006012,0.5484046339988708,-0.25838810205459595,0.7709000110626221,0.4279632568359375,0.5081174969673157,-0.3873474597930908,0.7527515888214111,0.33644920587539673,0.5462911128997803,-0.23231013119220734,0.6925404667854309,0.41176217794418335,0.5455819964408875,0.022411443293094635,0.9976794123649597,0.37544119358062744,0.5451838374137878,-0.022561771795153618,0.9998928308486938,0.4208395183086395,0.5766890048980713,0.015423138625919819,0.3127942979335785,0.3936472535133362,0.5839054584503174,-0.12174901366233826,0.8779819011688232,0.4003963768482208,0.5753512382507324,0.24658162891864777,0.014630847610533237,0.3902876377105713,0.6154435873031616,-0.01163807138800621,0.42348212003707886,0.39644378423690796,0.5744815468788147,0.2677660286426544,0.04266774281859398,0.38813260197639465,0.6202719211578369,-0.005719759501516819,0.20476984977722168,0.3999675214290619,0.5815891623497009,0.21870611608028412,0.04687654227018356,0.3955155611038208,0.6279371976852417,-0.10119970142841339,0.4548899233341217
s_v3,39,1,0.40340423583984375,0.4729729890823364,-0.2353006899356842,0.9999314546585083,0.4056891202926636,0.46980205178260803,-0.21540462970733643,0.9998610019683838,0.4082280993461609,0.4698168635368347,-0.21542856097221375,0.9998428821563721,0.4104573130607605,0.4698772728443146,-0.21542295813560486,0.9998279809951782,0.3983363211154938,0.4697939157485962,-0.22262252867221832,0.9998685121536255,0.39532068371772766,0.4699307680130005,-0.2226548045873642,0.9998461008071899,0.39269959926605225,0.4701271951198578,-0.22271420061588287,0.9998513460159302,0.4110548794269562,0.47156572341918945,-0.09772273898124695,0.9995238780975342,0.3859158754348755,0.47311848402023315,-0.13238461315631866,0.9998674392700195,0.40704068541526794,0.4777888059616089,-0.19080297648906708,0.9998960494995117,0.3988002836704254,0.477841854095459,-0.2008087933063507,0.9999345541000366,0.43337783217430115,0.4946897029876709,-0.013436189852654934,0.9998151659965515,0.3609597086906433,0.49839961528778076,-0.07058253139257431,0.9999643564224243,0.44728848338127136,0.5275470614433289,-0.07100344449281693,0.9538707137107849,0.33141571283340454,0.5172707438468933,-0.028917303308844566,0.9966291785240173,0.43237197399139404,0.5186161994934082,-0.2903631627559662,0.981372594833374,0.33400094509124756,0.5443046689033508,-0.08707787096500397,0.9827353358268738,0.42807599902153015,0.5144301652908325,-0.33053722977638245,0.9656721949577332,0.3316730260848999,0.5518115758895874,-0.10633014142513275,0.9527141451835632,0.4279106855392456,0.511249303817749,-0.34047964215278625,0.9672790765762329,0.3401314616203308,0.5512109994888306,-0.12600089609622955,0.9551164507865906,0.42789193987846375,0.5123677849769592,-0.299787700176239,0.9475364089012146,0.34211859107017517,0.5490414500236511,-0.09502071142196655,0.9433894753456116,0.4228251576423645,0.5547981858253479,0.03979083150625229,0.9936836957931519,0.3851422071456909,0.55378657579422,-0.03985173627734184,0.997002899646759,0.4087843894958496,0.5985824465751648,0.016284413635730743,0.5644789934158325,0.4010063409805298,0.5991159677505493,-0.09852514415979385,0.925409734249115,0.3993561565876007,0.6446804404258728,0.11452720314264297,0.6643462181091309,0.3932465612888336,0.6448090076446533,-0.0025760058779269457,0.8754368424415588,0.39262938499450684,0.6524646878242493,0.11888378113508224,0.5809683799743652,0.3860630989074707,0.6521532535552979,0.0008083141292445362,0.6339324712753296,0.4105950891971588,0.6567676663398743,0.024441329762339592,0.7381343245506287,0.40538936853408813,0.6584116220474243,-0.11440816521644592,0.8755954504013062
s_v3,40,1,0.40978601574897766,0.4713627099990845,-0.11822304874658585,0.999913215637207,0.41156116127967834,0.4682212471961975,-0.09677937626838684,0.9998587369918823,0.4139692783355713,0.4682275652885437,-0.09681429713964462,0.9998304843902588,0.41612914204597473,0.46827369928359985,-0.09681358188390732,0.9998579025268555,0.40391719341278076,0.46858251094818115,-0.10361548513174057,0.9998384714126587,0.4007675051689148,0.46874329447746277,-0.10362723469734192,0.9997949004173279,0.3975012004375458,0.46893760561943054,-0.10365687310695648,0.9998413324356079,0.4157794117927551,0.4711960554122925,0.01836169697344303,0.9994809031486511,0.3896048665046692,0.47113439440727234,-0.01663377694785595,0.9998114705085754,0.4142334759235382,0.4759242832660675,-0.07587131857872009,0.9998688697814941,0.4051467776298523,0.47613346576690674,-0.08585437387228012,0.9998960494995117,0.4386911690235138,0.49381670355796814,0.08086545765399933,0.9998849630355835,0.36602509021759033,0.4975302219390869,0.027079839259386063,0.999948263168335,0.4584416449069977,0.526918888092041,0.015564444474875927,0.9362013936042786,0.34089452028274536,0.5220443606376648,0.060231730341911316,0.9923264980316162,0.43108072876930237,0.5160804986953735,-0.19779744744300842,0.9762263894081116,0.340284138917923,0.5452433824539185,-0.0020500249229371548,0.9690403342247009,0.42231154441833496,0.5135552883148193,-0.2397182583808899,0.9608420133590698,0.33840861916542053,0.5523936152458191,-0.02288217470049858,0.9316385984420776,0.42085951566696167,0.5097514390945435,-0.2484416961669922,0.9621256589889526,0.34301304817199707,0.5514161586761475,-0.043065395206213,0.9349459409713745,0.42260459065437317,0.5105895400047302,-0.20708836615085602,0.944757878780365,0.348220556974411,0.5490660667419434,-0.011124951764941216,0.9266005158424377,0.43101954460144043,0.5539968013763428,0.041112132370471954,0.9981929659843445,0.392816960811615,0.5537106394767761,-0.041091445833444595,0.9986842274665833,0.4109398126602173,0.6054542064666748,0.017741449177265167,0.4285436272621155,0.40378496050834656,0.6028518080711365,-0.10569819808006287,0.8618053197860718,0.4005321264266968,0.6507419347763062,0.0990096852183342,0.5098759531974792,0.3980730473995209,0.6475324034690857,0.003129399148747325,0.6783833503723145,0.39676544070243835,0.6635465621948242,0.10304649919271469,0.5003341436386108,0.39101386070251465,0.6567114591598511,0.00945888552814722,0.42458829283714294,0.4218195378780365,0.6702942848205566,0.01571984961628914,0.5828965902328491,0.4110583961009979,0.6607378125190735,-0.09430574625730515,0.6537159085273743
s_v3,41,1,0.415555864572525,0.4729374647140503,-0.2477937787771225,0.9999074935913086,0.41849464178085327,0.4700920283794403,-0.23041193187236786,0.9997945427894592,0.4210335910320282,0.4701489806175232,-0.23045051097869873,0.9998062252998352,0.4231124818325043,0.4701833128929138,-0.2304847240447998,0.9998107552528381,0.41064658761024475,0.47007009387016296,-0.23133091628551483,0.9997666478157043,0.4073450565338135,0.47015488147735596,-0.23131947219371796,0.9997060894966125,0.4042200446128845,0.47033369541168213,-0.23134663701057434,0.9997029900550842,0.4248725473880768,0.47218057513237,-0.12587705254554749,0.9995478987693787,0.3979418873786926,0.4723113775253296,-0.1304515153169632,0.999586284160614,0.4198881983757019,0.47764894366264343,-0.2085443139076233,0.9998798370361328,0.41125333309173584,0.4776715636253357,-0.209839329123497,0.9998522996902466,0.4490083158016205,0.4955582916736603,-0.07207614928483963,0.9999305009841919,0.3752996623516083,0.5003548264503479,-0.042999520897865295,0.9998515844345093,0.466366171836853,0.5251930356025696,-0.1359376460313797,0.9888155460357666,0.3508729636669159,0.524824857711792,0.019735492765903473,0.9916008710861206,0.43645355105400085,0.5209441184997559,-0.3385498523712158,0.9851601123809814,0.34989815950393677,0.5497007966041565,-0.04579021781682968,0.9700849652290344,0.4236472249031067,0.5216006636619568,-0.38168948888778687,0.9666239023208618,0.34341198205947876,0.5566045641899109,-0.06304430961608887,0.9263086915016174,0.42200490832328796,0.5180482864379883,-0.38558268547058105,0.967807948589325,0.3516394793987274,0.5563236474990845,-0.08665288239717484,0.9303300380706787,0.424311101436615,0.518277108669281,-0.34403643012046814,0.9504570960998535,0.35566943883895874,0.5539447665214539,-0.05579046532511711,0.9197571277618408,0.43838608264923096,0.5563108325004578,0.000615450378973037,0.9978808164596558,0.3981739282608032,0.5568705797195435,-0.0005504844011738896,0.9978727102279663,0.42760521173477173,0.6029540300369263,-0.037115298211574554,0.8768684267997742,0.4087226092815399,0.6034359335899353,-0.04043318331241608,0.8785585761070251,0.41770339012145996,0.6506646275520325,0.09092973172664642,0.8057157397270203,0.4030292332172394,0.6408435106277466,0.13248156011104584,0.6460221409797668,0.41329818964004517,0.6556524634361267,0.09873007237911224,0.5693007111549377,0.40172821283340454,0.6453396677970886,0.14470377564430237,0.33313414454460144,0.4185378849506378,0.6634276509284973,-0.003472285345196724,0.7558440566062927,0.40197432041168213,0.6551294326782227,0.04702994227409363,0.6063328385353088
s_v3,42,1,0.42041659355163574,0.474856436252594,-0.11285025626420975,0.9997666478157043,0.4236956834793091,0.4714406430721283,-0.0940266102552414,0.9994823932647705,0.4265724718570709,0.4714438319206238,-0.09405699372291565,0.9993836879730225,0.4294571876525879,0.4714319705963135,-0.09409267455339432,0.9994730353355408,0.41483092308044434,0.47163546085357666,-0.09429717063903809,0.9995017051696777,0.4113612174987793,0.47173529863357544,-0.09425889700651169,0.99933260679245,0.4077354669570923,0.471813440322876,-0.09428324550390244,0.9995263814926147,0.43156230449676514,0.47450700402259827,0.007684933487325907,0.9979653358459473,0.40145549178123474,0.47446396946907043,0.004317312501370907,0.9989995360374451,0.42478829622268677,0.48018601536750793,-0.07577870041131973,0.9993945360183716,0.4147363603115082,0.4802860617637634,-0.07655412703752518,0.9994519352912903,0.45606327056884766,0.4980669915676117,0.047237738966941833,0.9995943903923035,0.38029181957244873,0.5033310651779175,0.061629559844732285,0.999692440032959,0.4736189842224121,0.5290015935897827,-0.0034815024118870497,0.8599567413330078,0.3590162992477417,0.5307726263999939,0.10428519546985626,0.9801027178764343,0.4454188346862793,0.5328714847564697,-0.18529625236988068,0.7974464297294617,0.3592204749584198,0.5497823357582092,0.03871424123644829,0.9420190453529358,0.43604713678359985,0.5352051258087158,-0.2281462699174881,0.7280604243278503,0.35751640796661377,0.5568443536758423,0.01663924753665924,0.8830162286758423,0.4344044327735901,0.5322211980819702,-0.2355993241071701,0.7337773442268372,0.36455169320106506,0.5550336241722107,-0.004473532550036907,0.8848990201950073,0.43542176485061646,0.531152069568634,-0.1934281587600708,0.6870912313461304,0.3666676878929138,0.5526441335678101,0.028845036402344704,0.8753106594085693,0.44517430663108826,0.5602874159812927,-0.0035957328509539366,0.999638557434082,0.40286320447921753,0.5599386692047119,0.0038889823481440544,0.9992508292198181,0.4449107050895691,0.6151208877563477,-0.11331336945295334,0.8641225695610046,0.41886666417121887,0.613940417766571,-0.014678324572741985,0.7780330777168274,0.4402761459350586,0.6878293752670288,-0.08252202719449997,0.8310932517051697,0.42270994186401367,0.6481486558914185,0.18939869105815887,0.39012542366981506,0.4337308406829834,0.6924071311950684,-0.08383019268512726,0.6725097894668579,0.42381396889686584,0.652174174785614,0.2067071497440338,0.23527026176452637,0.443607360124588,0.7055123448371887,-0.2006751149892807,0.803787350654602,0.4212753474712372,0.6663610339164734,0.129042848944664,0.39421117305755615
s_v3,43,1,0.42720720171928406,0.4785693883895874,-0.1476249098777771,0.9995317459106445,0.4312048852443695,0.47510063648223877,-0.12673211097717285,0.9992107152938843,0.4340697228908539,0.4753730297088623,-0.12680818140506744,0.999103307723999,0.4364764392375946,0.4756319522857666,-0.12687081098556519,0.9992449283599854,0.4225426912307739,0.4747525453567505,-0.132004976272583,0.999030590057373,0.4189574420452118,0.4748190641403198,-0.1320117563009262,0.9988571405410767,0.41515669226646423,0.47493916749954224,-0.13202010095119476,0.9991162419319153,0.4403606653213501,0.47931966185569763,-0.006590612698346376,0.9981186985969543,0.4081449806690216,0.47914281487464905,-0.03274540975689888,0.9983944296836853,0.4324241578578949,0.4838716685771942,-0.10249864310026169,0.9989846348762512,0.42205435037612915,0.4837926924228668,-0.10992656648159027,0.9991177916526794,0.46247053146362305,0.5039344429969788,0.05884609371423721,0.9997139573097229,0.38697195053100586,0.5088567137718201,0.030710455030202866,0.9994087219238281,0.4728171229362488,0.5345708727836609,0.03152032941579819,0.8436903357505798,0.36761724948883057,0.5410642623901367,0.03312721103429794,0.9644808769226074,0.45593154430389404,0.5401436686515808,-0.15619882941246033,0.8229812383651733,0.3741055727005005,0.5529061555862427,-0.10011982172727585,0.9036921262741089,0.4466673731803894,0.5430131554603577,-0.20471130311489105,0.7604939937591553,0.37341809272766113,0.5583608150482178,-0.1353820115327835,0.8436815738677979,0.44580742716789246,0.5403154492378235,-0.21675562858581543,0.7715325951576233,0.3771451711654663,0.5562930107116699,-0.15733163058757782,0.8474497199058533,0.4456421136856079,0.5398776531219482,-0.1664540022611618,0.7169557809829712,0.3786410689353943,0.5539435148239136,-0.1113298088312149,0.823544442653656,0.44899794459342957,0.5683060884475708,0.012360393069684505,0.9983657002449036,0.4080294668674469,0.5686922669410706,-0.012126879766583443,0.9974514842033386,0.44999679923057556,0.6251751780509949,-0.05645519122481346,0.4576394557952881,0.4274277091026306,0.6239582896232605,-0.043744757771492004,0.5298648476600647,0.44567590951919556,0.6878635883331299,0.017977993935346603,0.4974106550216675,0.4360806345939636,0.6808002591133118,0.0665939524769783,0.47249796986579895,0.43888726830482483,0.6985869407653809,0.01956798881292343,0.3470728099346161,0.4349372684955597,0.6878794431686401,0.07172301411628723,0.2733301520347595,0.4538930058479309,0.7057669162750244,-0.1011522114276886,0.5253052711486816,0.4431028962135315,0.694185197353363,-0.049405939877033234,0.45661282539367676
s_v3,44,1,0.4341941475868225,0.4801291823387146,-0.11095907539129257,0.9997801184654236,0.4392092823982239,0.47682109475135803,-0.09177558869123459,0.9995763897895813,0.4420105516910553,0.47729671001434326,-0.09185221046209335,0.9995287656784058,0.44525107741355896,0.4777669906616211,-0.09190679341554642,0.9995467066764832,0.4300917685031891,0.47629842162132263,-0.09576601535081863,0.9995274543762207,0.42679890990257263,0.4763084053993225,-0.09578749537467957,0.9995012283325195,0.42321324348449707,0.4763537049293518,-0.09580353647470474,0.9996080994606018,0.4501150846481323,0.4813807010650635,0.02005254663527012,0.9991614818572998,0.4178498089313507,0.47994470596313477,3.052060128538869e-05,0.9995083808898926,0.43967175483703613,0.48577773571014404,-0.06860485672950745,0.9996298551559448,0.42827939987182617,0.48526397347450256,-0.07421498000621796,0.9997178912162781,0.4712088108062744,0.5061262845993042,0.08049531280994415,0.9998200535774231,0.3939104974269867,0.5113272070884705,0.05750838294625282,0.9998094439506531,0.47910645604133606,0.536425769329071,0.07801837474107742,0.7445317506790161,0.3787802755832672,0.5421767234802246,0.060296062380075455,0.9587812423706055,0.47051358222961426,0.5476236343383789,-0.07155805081129074,0.6952978372573853,0.38763734698295593,0.557186484336853,-0.06516061723232269,0.9181984663009644,0.4690330922603607,0.5523647665977478,-0.11456117033958435,0.6631056070327759,0.3890638053417206,0.5636316537857056,-0.1003301739692688,0.8781300783157349,0.46665626764297485,0.5504536628723145,-0.13445205986499786,0.6818750500679016,0.39569032192230225,0.5614805817604065,-0.12514670193195343,0.8842082023620605,0.4631851613521576,0.5483608841896057,-0.08469194918870926,0.6404440402984619,0.39626383781433105,0.5587745308876038,-0.07767219096422195,0.8658786416053772,0.46040940284729004,0.5765916705131531,0.006923887878656387,0.9993206262588501,0.41539308428764343,0.5780744552612305,-0.006723360624164343,0.999062716960907,0.4592815339565277,0.6375100612640381,-0.05525755509734154,0.8051484227180481,0.4321346879005432,0.6367539167404175,-0.052150145173072815,0.8161611557006836,0.44937652349472046,0.7018432021141052,0.036751437932252884,0.8191323280334473,0.43878698348999023,0.6962199211120605,0.04784838855266571,0.794371485710144,0.4390435814857483,0.7087225914001465,0.03916625306010246,0.5171768069267273,0.4345126748085022,0.7060165405273438,0.05106138810515404,0.43989697098731995,0.4593648314476013,0.7154492735862732,-0.082488052546978,0.7953399419784546,0.4326726496219635,0.7122610807418823,-0.0731717050075531,0.7667668461799622
s_v3,45,1,0.44478118419647217,0.48146072030067444,-0.17430050671100616,0.9997429251670837,0.4472724497318268,0.4782378077507019,-0.1540692299604416,0.9996424913406372,0.44988787174224854,0.4783343970775604,-0.1541561484336853,0.9995661377906799,0.45224449038505554,0.478471577167511,-0.154205784201622,0.9995813965797424,0.43856266140937805,0.47837406396865845,-0.16032955050468445,0.9995381832122803,0.435711532831192,0.4785674214363098,-0.16036096215248108,0.99947589635849,0.43249574303627014,0.47882455587387085,-0.16042546927928925,0.9995805621147156,0.4545830488204956,0.4812180697917938,-0.0399666354060173,0.9989878535270691,0.4272534251213074,0.48157069087028503,-0.07031003385782242,0.9995631575584412,0.45066213607788086,0.4863642752170563,-0.1318545788526535,0.9997426867485046,0.43962135910987854,0.48653140664100647,-0.14044520258903503,0.9998120665550232,0.4774668514728546,0.5060083270072937,0.029794195666909218,0.9996981620788574,0.40280306339263916,0.51274573802948,-0.01681198552250862,0.999601423740387,0.48444536328315735,0.5344929695129395,0.010180803947150707,0.7758105993270874,0.387565553188324,0.5449205636978149,-0.02624976634979248,0.9653816819190979,0.47800368070602417,0.546931803226471,-0.1715167611837387,0.7834923267364502,0.400204598903656,0.5532859563827515,-0.15775136649608612,0.8766589760780334,0.4774361848831177,0.5511882305145264,-0.21400398015975952,0.7541903257369995,0.407791405916214,0.5575833320617676,-0.19241419434547424,0.81429523229599,0.47437363862991333,0.548264741897583,-0.23373256623744965,0.7699930667877197,0.40843796730041504,0.5528490543365479,-0.2136426717042923,0.8236871361732483,0.47308191657066345,0.5472019910812378,-0.18477123975753784,0.7263827919960022,0.4069052040576935,0.5518143177032471,-0.16831378638744354,0.7898684740066528,0.4692626893520355,0.5723880529403687,0.022274846211075783,0.9979410767555237,0.4249030351638794,0.5743476748466492,-0.022182205691933632,0.9970581531524658,0.4709020256996155,0.6238251328468323,-0.027556175366044044,0.6210728287696838,0.4313858151435852,0.6295351982116699,-0.05919073149561882,0.7293811440467834,0.46730077266693115,0.6757428646087646,0.10811880230903625,0.6102209687232971,0.43552860617637634,0.6715680956840515,0.0716102346777916,0.6201750636100769,0.46134689450263977,0.6817786693572998,0.11490123718976974,0.41688308119773865,0.4359484910964966,0.6791872978210449,0.07787313312292099,0.29130682349205017,0.47469818592071533,0.6869282126426697,0.0028846743516623974,0.5992040634155273,0.44064390659332275,0.687678873538971,-0.04962824285030365,0.5965346097946167
s_v3,46,1,0.45145291090011597,0.4808059334754944,-0.24761280417442322,0.9998704195022583,0.45425838232040405,0.47682368755340576,-0.22541378438472748,0.9997047781944275,0.4566480219364166,0.4769400358200073,-0.22543907165527344,0.9996117949485779,0.4598504602909088,0.47714146971702576,-0.22546394169330597,0.9995900988578796,0.4460994005203247,0.47660133242607117,-0.23373721539974213,0.9997519850730896,0.4432373344898224,0.4767057001590729,-0.233761265873909,0.999731719493866,0.4397807717323303,0.4768471419811249,-0.23375946283340454,0.9998186230659485,0.4627763032913208,0.4797338545322418,-0.08829497545957565,0.9990106821060181,0.43368932604789734,0.47970086336135864,-0.125595360994339,0.9997609257698059,0.4559299051761627,0.48583343625068665,-0.19479499757289886,0.9996131062507629,0.4455398619174957,0.4857463836669922,-0.2053121030330658,0.999824583530426,0.485431969165802,0.5074872374534607,0.024518100544810295,0.999634861946106,0.4106043577194214,0.5117200016975403,-0.05980458855628967,0.999841570854187,0.4893663823604584,0.5376158952713013,0.07642380893230438,0.7456775903701782,0.39506420493125916,0.5492294430732727,-0.046064067631959915,0.9942424893379211,0.49245089292526245,0.554388701915741,-0.06866352260112762,0.708135187625885,0.4331536293029785,0.5500078201293945,-0.12982721626758575,0.9868876338005066,0.5048534870147705,0.5621163249015808,-0.10817296802997589,0.6137071251869202,0.44762033224105835,0.5509957075119019,-0.16428746283054352,0.9648509621620178,0.5019435882568359,0.5602540373802185,-0.13666783273220062,0.6339462995529175,0.44803696870803833,0.545768141746521,-0.17835667729377747,0.9647909998893738,0.4981567859649658,0.5576509237289429,-0.0858464241027832,0.6177879571914673,0.4445398449897766,0.5453311204910278,-0.13490140438079834,0.9506776928901672,0.4719352126121521,0.5748112797737122,0.020372558385133743,0.9980823993682861,0.4291115999221802,0.5776163339614868,-0.020211968570947647,0.9983525276184082,0.4731781482696533,0.639716386795044,-0.02917269617319107,0.9012918472290039,0.4394512474536896,0.6427192091941833,-0.0631781741976738,0.926880419254303,0.4665452539920807,0.6979557275772095,0.1205374076962471,0.9198240637779236,0.44361087679862976,0.7010075449943542,0.07184258848428726,0.9281134009361267,0.46280011534690857,0.702955961227417,0.1279991865158081,0.7176012396812439,0.4416877031326294,0.7069730162620544,0.07848960906267166,0.62721848487854,0.4725245535373688,0.7133619785308838,-0.009261935018002987,0.9195581674575806,0.4445051848888397,0.7172911167144775,-0.07012791186571121,0.9095319509506226
s_v3,47,1,0.4598734378814697,0.4807722866535187,-0.18577736616134644,0.9994366765022278,0.46348148584365845,0.47642672061920166,-0.16320925951004028,0.9983219504356384,0.4658927023410797,0.4765622615814209,-0.16325581073760986,0.997978150844574,0.4678831696510315,0.4766792356967926,-0.16331030428409576,0.9978650212287903,0.4556044936180115,0.4762205183506012,-0.17162027955055237,0.9985998272895813,0.4520496726036072,0.47617077827453613,-0.17162933945655823,0.9985185265541077,0.4485083222389221,0.4762327969074249,-0.17164936661720276,0.9989708662033081,0.47083452343940735,0.478753924369812,-0.03127068281173706,0.9962236881256104,0.4429929256439209,0.4785737693309784,-0.06790951639413834,0.9977923631668091,0.46508777141571045,0.48558616638183594,-0.13473376631736755,0.9976434111595154,0.4542204439640045,0.4851180911064148,-0.14524687826633453,0.9987494945526123,0.4913124144077301,0.5036884546279907,0.06778469681739807,0.9986339211463928,0.42012929916381836,0.5095180869102478,-0.020357519388198853,0.9994463324546814,0.4897456765174866,0.5338805913925171,0.12250373512506485,0.5775981545448303,0.4072338938713074,0.545291543006897,-0.06546357274055481,0.9936051964759827,0.5004162788391113,0.5490264892578125,0.010718759149312973,0.558851420879364,0.45028871297836304,0.5434216260910034,-0.1935810148715973,0.9886360168457031,0.5032383799552917,0.5517324209213257,-0.017314130440354347,0.48448726534843445,0.46563854813575745,0.5423091650009155,-0.2287939041852951,0.9716925024986267,0.5051386952400208,0.547453761100769,-0.04407702013850212,0.5068764090538025,0.46622103452682495,0.5367483496665955,-0.230123832821846,0.9715067148208618,0.5025138258934021,0.5469312071800232,-0.004317137412726879,0.49615418910980225,0.4625498652458191,0.5367594957351685,-0.19467702507972717,0.9578480124473572,0.4800865650177002,0.5704420208930969,0.015109479427337646,0.995936393737793,0.4388441741466522,0.5745615363121033,-0.014813249930739403,0.9969810843467712,0.48774802684783936,0.6142151355743408,-0.1861983984708786,0.9180517792701721,0.44199639558792114,0.6368864178657532,-0.10491995513439178,0.8971574902534485,0.4937826991081238,0.6627774238586426,-0.021801400929689407,0.8105625510215759,0.44581782817840576,0.6984910368919373,-0.00014776704483665526,0.9075108170509338,0.48741742968559265,0.6686288118362427,-0.009634040296077728,0.5976613163948059,0.44621962308883667,0.7047653794288635,0.004614728037267923,0.6225769519805908,0.4925573468208313,0.6834918260574341,-0.1232282966375351,0.8594880104064941,0.45006442070007324,0.7134099006652832,-0.1359897404909134,0.8659175038337708
s_v3,48,1,0.4682658612728119,0.4766254425048828,-0.049545641988515854,0.9994605183601379,0.4726468324661255,0.4725779891014099,-0.025375638157129288,0.9988219141960144,0.47528696060180664,0.47273731231689453,-0.02542891539633274,0.9986754059791565,0.4782448709011078,0.4728754758834839,-0.025493687018752098,0.9988032579421997,0.4633982479572296,0.4722323417663574,-0.03193138167262077,0.9989463686943054,0.45986998081207275,0.4722754955291748,-0.03194824606180191,0.9989074468612671,0.45613357424736023,0.4723055958747864,-0.031968507915735245,0.9993057250976562,0.48082390427589417,0.47552818059921265,0.09594425559043884,0.9974632263183594,0.4502137303352356,0.47499603033065796,0.06664201617240906,0.9982967972755432,0.47329458594322205,0.48150771856307983,-0.0036783800460398197,0.9967857599258423,0.4629402756690979,0.481253981590271,-0.012315059080719948,0.9977307915687561,0.4974416196346283,0.50052410364151,0.16776154935359955,0.9981614947319031,0.432959645986557,0.503551721572876,0.0831320658326149,0.999279797077179,0.49382296204566956,0.5315888524055481,0.19404250383377075,0.29197433590888977,0.42556723952293396,0.5391533374786377,-0.003691122867166996,0.9798699617385864,0.5103539228439331,0.5467642545700073,0.10560686886310577,0.2603544294834137,0.4618131220340729,0.5334799885749817,-0.1573942005634308,0.9660210609436035,0.5159793496131897,0.55101078748703,0.08271059393882751,0.26443055272102356,0.47501757740974426,0.5319003462791443,-0.19630534946918488,0.9392073154449463,0.5157511234283447,0.5484891533851624,0.05976853519678116,0.28031763434410095,0.4767366051673889,0.5264935493469238,-0.18828970193862915,0.9376828074455261,0.5122002959251404,0.5467697978019714,0.09271707385778427,0.26383447647094727,0.47290170192718506,0.5259250402450562,-0.15621037781238556,0.9059658050537109,0.48899415135383606,0.5645604729652405,0.006971500813961029,0.9992209672927856,0.4461453855037689,0.5664945840835571,-0.006625401321798563,0.9991832375526428,0.49562960863113403,0.6131056547164917,-0.2164878100156784,0.9605751633644104,0.4453577995300293,0.6263244152069092,-0.09232351183891296,0.9163203835487366,0.5203392505645752,0.6634279489517212,-0.15471702814102173,0.9288622736930847,0.4474359452724457,0.6897737979888916,-0.014648273587226868,0.8921897411346436,0.5196005702018738,0.6697362065315247,-0.15252670645713806,0.6144495606422424,0.4446316063404083,0.6938836574554443,-0.012665973976254463,0.47125887870788574,0.5211570262908936,0.6799072623252869,-0.2848956286907196,0.9319847226142883,0.4442908763885498,0.7102825045585632,-0.1480625718832016,0.828198254108429
s_v3,49,1,0.4771634042263031,0.4751024544239044,-0.013476461172103882,0.999739944934845,0.480983167886734,0.47047072649002075,0.011212201789021492,0.9995589852333069,0.4830555319786072,0.4706087112426758,0.011147121898829937,0.9994913339614868,0.48507165908813477,0.4707479476928711,0.011104647070169449,0.9995884299278259,0.4719327390193939,0.4705280363559723,0.002422028686851263,0.9995644688606262,0.4678632915019989,0.47065699100494385,0.0024176789447665215,0.9995514750480652,0.4640585482120514,0.47086554765701294,0.0023965989239513874,0.9997096657752991,0.48765867948532104,0.47301340103149414,0.12906478345394135,0.9990034699440002,0.4593944847583771,0.4736403226852417,0.08940291404724121,0.9994300007820129,0.4821202754974365,0.47938019037246704,0.030751444399356842,0.998450517654419,0.47124579548835754,0.4797191023826599,0.019116947427392006,0.9987587928771973,0.5071268677711487,0.49755173921585083,0.19659319519996643,0.9995525479316711,0.4395374059677124,0.5020934343338013,0.09338830411434174,0.9996042847633362,0.5063830018043518,0.524337649345398,0.21785497665405273,0.5174527168273926,0.4358958303928375,0.5367347002029419,0.004621954169124365,0.9641085267066956,0.516017735004425,0.5422368049621582,0.13659362494945526,0.5764093995094299,0.4789859652519226,0.5273726582527161,-0.13359691202640533,0.962852954864502,0.5205273628234863,0.547147274017334,0.11314690113067627,0.517532467842102,0.49048686027526855,0.5251497626304626,-0.16919903457164764,0.9375379085540771,0.5173657536506653,0.5439866185188293,0.0961129367351532,0.5280526280403137,0.4894401729106903,0.5197640657424927,-0.16859081387519836,0.9359237551689148,0.5156408548355103,0.5427863597869873,0.12634539604187012,0.5029677748680115,0.4867383539676666,0.520956814289093,-0.13471773266792297,0.9112371802330017,0.4998089671134949,0.5649300217628479,0.02051595225930214,0.9992020726203918,0.45521998405456543,0.5658509135246277,-0.020253077149391174,0.9993422627449036,0.5011475086212158,0.6163219809532166,-0.07974032312631607,0.8932968974113464,0.458221971988678,0.6264029741287231,-0.13629062473773956,0.8877623081207275,0.5249283313751221,0.6650840044021606,-0.041728634387254715,0.8591613173484802,0.44714516401290894,0.6897725462913513,-0.12750187516212463,0.8649371862411499,0.5227746963500977,0.6716829538345337,-0.04366588965058327,0.5338539481163025,0.4465870261192322,0.6971440315246582,-0.13218490779399872,0.46472299098968506,0.5322149395942688,0.6816719174385071,-0.16004082560539246,0.8555772304534912,0.4552661180496216,0.7099254727363586,-0.26438108086586,0.8122347593307495
s_v3,50,1,0.48730579018592834,0.47506073117256165,-0.14615529775619507,0.9975389242172241,0.4910125434398651,0.4707834720611572,-0.12629911303520203,0.9949660897254944,0.49369847774505615,0.4707351624965668,-0.12635377049446106,0.9942933320999146,0.49579644203186035,0.4707745313644409,-0.12639161944389343,0.994847297668457,0.4815358817577362,0.471020370721817,-0.133494034409523,0.9953396320343018,0.47808483242988586,0.47109997272491455,-0.13350948691368103,0.9952614903450012,0.4747259318828583,0.4712512791156769,-0.13352183997631073,0.9967949986457825,0.4982309937477112,0.47280240058898926,-0.004863291047513485,0.987832248210907,0.46799394488334656,0.47369396686553955,-0.036005109548568726,0.9923945665359497,0.49252456426620483,0.47942662239074707,-0.09837234020233154,0.9899982810020447,0.48072686791419983,0.47942060232162476,-0.10758335143327713,0.9939315319061279,0.5191039443016052,0.49667268991470337,0.07198355346918106,0.9978729486465454,0.4477255940437317,0.5011258125305176,0.00791170634329319,0.9988645315170288,0.5113438367843628,0.5303434133529663,0.09196264296770096,0.46036192774772644,0.4447847902774811,0.5365709066390991,-0.035742536187171936,0.9504774808883667,0.4921032190322876,0.5495485067367554,0.002344639040529728,0.3151969015598297,0.4930245280265808,0.5274899005889893,-0.1447325348854065,0.9001373648643494,0.4901702105998993,0.5558381676673889,-0.025669073686003685,0.27263790369033813,0.5031867623329163,0.5295030474662781,-0.1806589514017105,0.8401235938072205,0.48788657784461975,0.5537256598472595,-0.045775849372148514,0.27710390090942383,0.5039226412773132,0.5255521535873413,-0.18150877952575684,0.837823212146759,0.48712578415870667,0.5511162877082825,-0.008809929713606834,0.2584480941295624,0.4995829164981842,0.5247040390968323,-0.14623911678791046,0.7886578440666199,0.5084285140037537,0.5641008019447327,0.007681101560592651,0.9951015114784241,0.46389245986938477,0.5651625990867615,-0.00740401353687048,0.9978576302528381,0.5122501850128174,0.6187880635261536,-0.01832488551735878,0.9413670897483826,0.4567219316959381,0.6200324296951294,-0.1064656600356102,0.9548713564872742,0.5383880734443665,0.6662370562553406,0.11539800465106964,0.9142920970916748,0.4540342390537262,0.6835840344429016,-0.0395013801753521,0.948798656463623,0.5371809601783752,0.6722777485847473,0.12228376418352127,0.5190191268920898,0.4547485113143921,0.690303385257721,-0.03913794457912445,0.6087576746940613,0.5393303036689758,0.6821096539497375,-0.002367472043260932,0.888535737991333,0.4585218131542206,0.7040531039237976,-0.18281865119934082,0.9202418327331543
s_v3,51,1,0.4938655495643616,0.4731398820877075,-0.09722907096147537,0.9989483952522278,0.49780145287513733,0.46926432847976685,-0.07440507411956787,0.9983017444610596,0.5006054639816284,0.46919816732406616,-0.07446890324354172,0.9979252815246582,0.502617597579956,0.4691636562347412,-0.07451486587524414,0.9981057643890381,0.48800551891326904,0.4694875478744507,-0.08381133526563644,0.9983787536621094,0.4838034510612488,0.46970334649086,-0.0838407650589943,0.9983921647071838,0.4805156886577606,0.46998330950737,-0.08387387543916702,0.9989933371543884,0.5058737993240356,0.4709523618221283,0.04757228121161461,0.9963374137878418,0.4751751720905304,0.4721163809299469,0.006391015835106373,0.9981266856193542,0.4998302757740021,0.47839492559432983,-0.05068642273545265,0.9972467422485352,0.4881041944026947,0.4788941740989685,-0.06269077211618423,0.9980908036231995,0.5291849374771118,0.4981105625629425,0.1221446618437767,0.9987555742263794,0.45397767424583435,0.5013716220855713,0.038356490433216095,0.9993517994880676,0.5367918014526367,0.5320441722869873,0.10353019088506699,0.5247889161109924,0.44963979721069336,0.5387930274009705,-0.005706080235540867,0.9641837477684021,0.5309638381004333,0.5372563600540161,-0.04957577586174011,0.4207356870174408,0.48878830671310425,0.5313504934310913,-0.11068051308393478,0.9570000767707825,0.5297815799713135,0.5405675172805786,-0.08522649854421616,0.3718063235282898,0.5020856857299805,0.5303481221199036,-0.14431129395961761,0.9238932728767395,0.5300883650779724,0.5353131294250488,-0.09847905486822128,0.3860199451446533,0.5006313920021057,0.5255405306816101,-0.147222638130188,0.9229919910430908,0.5264952778816223,0.5339518189430237,-0.06024380400776863,0.360304594039917,0.49622035026550293,0.5255705118179321,-0.11220808327198029,0.8904328942298889,0.5186013579368591,0.5643858313560486,0.0051912544295191765,0.9961561560630798,0.4723767340183258,0.5656691789627075,-0.004863492678850889,0.99747234582901,0.5200192928314209,0.6174013018608093,-0.07115764170885086,0.8702062368392944,0.4741058349609375,0.6242945194244385,-0.09012214839458466,0.8465986847877502,0.5398769378662109,0.6658746004104614,0.05542856827378273,0.7959455847740173,0.4640333354473114,0.6822339296340942,-0.0006544582429341972,0.8386090397834778,0.5412265658378601,0.6719215512275696,0.06207229197025299,0.36707156896591187,0.46551018953323364,0.6890248656272888,0.0016328715719282627,0.4475126266479492,0.5420328378677368,0.6842602491378784,-0.06151949614286423,0.7825992107391357,0.46146324276924133,0.7033136487007141,-0.13628321886062622,0.7814655900001526
s_v3,52,1,0.49952787160873413,0.47378337383270264,-0.15437421202659607,0.9995632767677307,0.5032817125320435,0.4699676036834717,-0.13391940295696259,0.9991323351860046,0.5066083073616028,0.47000834345817566,-0.13397403061389923,0.9991027116775513,0.5096032619476318,0.47005194425582886,-0.13400894403457642,0.999081015586853,0.49373531341552734,0.4699835479259491,-0.13835959136486053,0.9990183115005493,0.490998774766922,0.47013527154922485,-0.13838040828704834,0.9989981055259705,0.4884589612483978,0.4702715575695038,-0.13839302957057953,0.9991299510002136,0.5124520659446716,0.47146642208099365,-0.015084218233823776,0.9986827969551086,0.48329076170921326,0.47337114810943604,-0.032814349979162216,0.9983793497085571,0.5057363510131836,0.47913658618927,-0.10942500084638596,0.9995001554489136,0.49354833364486694,0.479200541973114,-0.11462204158306122,0.9994916915893555,0.53999263048172,0.5006852746009827,0.05824030563235283,0.9998440742492676,0.4612535536289215,0.5035518407821655,0.01629985310137272,0.9995575547218323,0.5582787394523621,0.5360971093177795,0.0006353573990054429,0.9412534832954407,0.4541545510292053,0.5407204031944275,-0.054349593818187714,0.962899923324585,0.5464452505111694,0.5403712391853333,-0.20885741710662842,0.9302706122398376,0.4871876537799835,0.5390846729278564,-0.24509763717651367,0.9689026474952698,0.5405247807502747,0.5438233613967896,-0.25912150740623474,0.8841583728790283,0.4964081048965454,0.5398060083389282,-0.2928324341773987,0.9477077722549438,0.5385617613792419,0.5384836792945862,-0.2687903642654419,0.8894160985946655,0.49696120619773865,0.5334240794181824,-0.3010978400707245,0.9478533267974854,0.5389231443405151,0.5368956923484802,-0.2183806449174881,0.851952075958252,0.4953969120979309,0.5330373048782349,-0.2517668902873993,0.9235424399375916,0.5283181667327881,0.5689426064491272,0.005672934930771589,0.9950785636901855,0.4829786419868469,0.5709128975868225,-0.005475120153278112,0.9966825842857361,0.5333442687988281,0.6195281744003296,-0.021320048719644547,0.947547435760498,0.47778791189193726,0.6244555711746216,-0.05996512249112129,0.9088256359100342,0.5437597632408142,0.6686989665031433,0.15098674595355988,0.8692153692245483,0.46656402945518494,0.6832621097564697,0.06617515534162521,0.8843027949333191,0.5446184873580933,0.6732255816459656,0.16137592494487762,0.41891446709632874,0.4676116704940796,0.6893988847732544,0.07169020920991898,0.487215518951416,0.5413011312484741,0.6891303658485413,0.03036455810070038,0.8227702379226685,0.46514302492141724,0.7027333378791809,-0.07198863476514816,0.8238806128501892
s_v3,53,1,0.5055862665176392,0.4717750549316406,-0.2838928997516632,0.9997954964637756,0.5104267001152039,0.46823880076408386,-0.26421207189559937,0.9996455907821655,0.5142555236816406,0.4681987762451172,-0.26426419615745544,0.9996333122253418,0.5164933204650879,0.4682827889919281,-0.26431402564048767,0.9996376037597656,0.5000145435333252,0.46888160705566406,-0.26927995681762695,0.9995930790901184,0.4969475269317627,0.4692685604095459,-0.2693338692188263,0.9995744824409485,0.49330776929855347,0.46973294019699097,-0.26935335993766785,0.9995960593223572,0.5203353762626648,0.47047993540763855,-0.14133095741271973,0.9993176460266113,0.48927342891693115,0.4721975326538086,-0.1631820648908615,0.9992635846138,0.5129104256629944,0.4771649241447449,-0.23740154504776,0.9998540878295898,0.4993894398212433,0.4776909053325653,-0.2437850683927536,0.9998114705085754,0.5502196550369263,0.5003730058670044,-0.062375687062740326,0.9998218417167664,0.4659115672111511,0.5048760771751404,-0.08896082639694214,0.9993963241577148,0.5755115747451782,0.5359076857566833,-0.13287761807441711,0.978867769241333,0.4598689675331116,0.5418919324874878,-0.12680909037590027,0.9584518074989319,0.5485923290252686,0.5343597531318665,-0.369985431432724,0.9509940147399902,0.4792781174182892,0.5423038005828857,-0.31178244948387146,0.9504374265670776,0.5373404622077942,0.535400927066803,-0.4236891567707062,0.9076527953147888,0.48386386036872864,0.5431956648826599,-0.35623642802238464,0.9208138585090637,0.5357014536857605,0.5314961075782776,-0.42796453833580017,0.9113447666168213,0.4851742088794708,0.5378484129905701,-0.3712892234325409,0.9221842288970947,0.53787761926651,0.5308235287666321,-0.3768642544746399,0.8758533596992493,0.4851441979408264,0.5372151732444763,-0.3206116557121277,0.8886544108390808,0.5380022525787354,0.5707247853279114,0.004663373809307814,0.998213529586792,0.4888002276420593,0.5718875527381897,-0.004659624304622412,0.9964648485183716,0.5430727601051331,0.6237690448760986,-0.03790837153792381,0.9573160409927368,0.4883771538734436,0.6245174407958984,0.00791147630661726,0.8635576963424683,0.5441051125526428,0.6738633513450623,0.1305239349603653,0.9198486804962158,0.49597734212875366,0.6694738268852234,0.22962501645088196,0.7603234648704529,0.5417879819869995,0.6798290014266968,0.1405063271522522,0.6061429977416992,0.497832715511322,0.6739503741264343,0.2453615367412567,0.38319090008735657,0.541054904460907,0.6926352381706238,0.008865335956215858,0.8944332599639893,0.4990609586238861,0.6879066228866577,0.12341610342264175,0.7499932050704956
s_v3,54,1,0.5138345956802368,0.46992695331573486,-0.1896418035030365,0.9995381832122803,0.517785906791687,0.46610936522483826,-0.16817764937877655,0.9994192123413086,0.5208218693733215,0.4659932851791382,-0.1682634800672531,0.9993324875831604,0.523991048336029,0.4660792052745819,-0.16834454238414764,0.9994292855262756,0.5077185034751892,0.46665000915527344,-0.17188069224357605,0.9992009997367859,0.5041522979736328,0.4670258164405823,-0.17189927399158478,0.999049723148346,0.5006880760192871,0.46743839979171753,-0.171915203332901,0.9991387128829956,0.5266446471214294,0.46883559226989746,-0.04607579857110977,0.9993114471435547,0.49695438146591187,0.4710272252559662,-0.06152741611003876,0.9988014698028564,0.5208250284194946,0.4753493666648865,-0.1443978250026703,0.9997890591621399,0.5080754160881042,0.47604939341545105,-0.14893800020217896,0.9996497631072998,0.556440532207489,0.4956150949001312,0.017655817791819572,0.9997988343238831,0.4738582670688629,0.5011524558067322,-0.0037329671904444695,0.9987677335739136,0.5881116390228271,0.5272947549819946,-0.07405281066894531,0.9676341414451599,0.4704582989215851,0.5347790718078613,-0.06097501888871193,0.879305899143219,0.5516076683998108,0.5268649458885193,-0.3064275085926056,0.9300036430358887,0.4733552634716034,0.538934051990509,-0.25253304839134216,0.7992362380027771,0.5407535433769226,0.528547465801239,-0.3596079647541046,0.8703333735466003,0.47095394134521484,0.5439329743385315,-0.29807358980178833,0.7431327700614929,0.5391790270805359,0.5252112746238708,-0.36195653676986694,0.8721124529838562,0.47277575731277466,0.5400355458259583,-0.31537240743637085,0.752787172794342,0.5422270894050598,0.5243802666664124,-0.31307172775268555,0.8302015662193298,0.4773433208465576,0.5385886430740356,-0.2643516957759857,0.7088497877120972,0.547018826007843,0.568747878074646,0.011271477676928043,0.9982424974441528,0.4941849112510681,0.5695314407348633,-0.011177871376276016,0.9975121021270752,0.5517591834068298,0.6272627711296082,-0.04528548941016197,0.9679562449455261,0.4937792420387268,0.6241441965103149,-0.04893365129828453,0.9492181539535522,0.5401491522789001,0.672789454460144,0.1747046262025833,0.9019153118133545,0.48672211170196533,0.6766788363456726,0.1360386312007904,0.9187400937080383,0.5346999168395996,0.6781491637229919,0.18989604711532593,0.5966261029243469,0.48928341269493103,0.6820980310440063,0.14743204414844513,0.5048461556434631,0.5432924032211304,0.6917318105697632,0.06329204887151718,0.8600265979766846,0.47510039806365967,0.6991591453552246,0.009587815031409264,0.8687111735343933
s_v3,55,1,0.5174508690834045,0.46622899174690247,-0.1913141906261444,0.9999779462814331,0.5209542512893677,0.4625595808029175,-0.17288674414157867,0.9999523162841797,0.5238404870033264,0.4626964330673218,-0.17295299470424652,0.9999502897262573,0.5264371037483215,0.4627891480922699,-0.1729927361011505,0.9999544620513916,0.5117923617362976,0.46282175183296204,-0.1715497076511383,0.9999326467514038,0.5083924531936646,0.4632434546947479,-0.17153368890285492,0.9999210834503174,0.5051392316818237,0.4637831747531891,-0.1715046614408493,0.9999116659164429,0.5304195284843445,0.4657186269760132,-0.0696193128824234,0.9999220371246338,0.49945560097694397,0.46737873554229736,-0.06148577481508255,0.9998668432235718,0.5238228440284729,0.47095784544944763,-0.15379023551940918,0.9999873638153076,0.5111415386199951,0.4711964726448059,-0.15148459374904633,0.9999676942825317,0.5586304068565369,0.49094000458717346,-0.031205378472805023,0.9999892711639404,0.4787323474884033,0.5002042651176453,-0.0038588091265410185,0.9997751116752625,0.5961498618125916,0.5147412419319153,-0.1428922712802887,0.9818838834762573,0.47315436601638794,0.5319803357124329,-0.033916112035512924,0.8575957417488098,0.5562994480133057,0.5164040923118591,-0.3546563386917114,0.975304901599884,0.45901235938072205,0.5431950688362122,-0.2033410221338272,0.8403337597846985,0.5438252687454224,0.5186442136764526,-0.4007206857204437,0.9551499485969543,0.449695885181427,0.5469101071357727,-0.24102866649627686,0.8200646042823792,0.5399982333183289,0.5154857635498047,-0.4018169343471527,0.9552793502807617,0.45041683316230774,0.5448679327964783,-0.26348376274108887,0.8298803567886353,0.5436918139457703,0.5147831439971924,-0.3591955304145813,0.9340323209762573,0.45391353964805603,0.5441069602966309,-0.21703599393367767,0.8118772506713867,0.5517705678939819,0.5637856125831604,0.0019392470130696893,0.9999587535858154,0.5031840205192566,0.56355881690979,-0.002039463957771659,0.999849796295166,0.5547680258750916,0.6206501722335815,-0.05228949710726738,0.9917736649513245,0.5089373588562012,0.6159576177597046,-0.12564603984355927,0.991179883480072,0.544987678527832,0.6635842323303223,0.14607234299182892,0.9756205677986145,0.5023621320724487,0.6414523720741272,0.1804601401090622,0.8163137435913086,0.5386685729026794,0.6658709049224854,0.16130870580673218,0.7165384292602539,0.5029619932174683,0.6395875215530396,0.20965173840522766,0.4046815037727356,0.5401663780212402,0.6896030902862549,0.06275569647550583,0.9585940837860107,0.5005004405975342,0.6663808822631836,0.15562154352664948,0.8245103359222412
s_v3,56,1,0.5187764763832092,0.46247392892837524,-0.2323976755142212,0.9999740123748779,0.5218644738197327,0.4590252935886383,-0.21323339641094208,0.9999531507492065,0.5249793529510498,0.4589240550994873,-0.21332740783691406,0.9999523162841797,0.5279719233512878,0.4589422941207886,-0.21339087188243866,0.9999533891677856,0.5134450793266296,0.4597965478897095,-0.2120841145515442,0.9999356269836426,0.5102353692054749,0.46028250455856323,-0.21210871636867523,0.9999278783798218,0.5072585940361023,0.46070006489753723,-0.21212436258792877,0.9999231100082397,0.5318419933319092,0.4617422819137573,-0.10559089481830597,0.999954342842102,0.5018699765205383,0.4645231366157532,-0.09658240526914597,0.9999243021011353,0.5259483456611633,0.46764272451400757,-0.1926046460866928,0.9999867677688599,0.5137569904327393,0.4678936004638672,-0.19001975655555725,0.999969482421875,0.5606139898300171,0.48532629013061523,-0.05500566586852074,0.9999806880950928,0.48624515533447266,0.5001160502433777,-0.011948400177061558,0.9995939135551453,0.604343056678772,0.5066170692443848,-0.15993176400661469,0.9894591569900513,0.4770332872867584,0.5357186198234558,-0.0036382765974849463,0.8211925029754639,0.5598998665809631,0.510303258895874,-0.36835187673568726,0.9689406752586365,0.44103172421455383,0.5423039793968201,-0.1586911529302597,0.9058763384819031,0.5472550988197327,0.512661874294281,-0.41296109557151794,0.9295857548713684,0.42760083079338074,0.5427762269973755,-0.19051384925842285,0.8884574174880981,0.5431796908378601,0.5096975564956665,-0.40969234704971313,0.9286505579948425,0.42463403940200806,0.5398825407028198,-0.22128362953662872,0.8999125957489014,0.5452362298965454,0.5091058015823364,-0.37082403898239136,0.8954861760139465,0.4286693334579468,0.5395196080207825,-0.17493318021297455,0.8879253268241882,0.5581091642379761,0.5571119785308838,-0.00972815603017807,0.9996212720870972,0.5116678476333618,0.5579628348350525,0.009723779745399952,0.9993563294410706,0.5574953556060791,0.6154625415802002,-0.08647434413433075,0.8779234886169434,0.5209780931472778,0.605665922164917,-0.1550956517457962,0.8706716895103455,0.5446799397468567,0.6640297174453735,0.04173363372683525,0.8442163467407227,0.5225778818130493,0.6552826166152954,0.011978031136095524,0.801332950592041,0.5408511161804199,0.6706124544143677,0.047118645161390305,0.39285361766815186,0.5284648537635803,0.6603400111198425,0.023865679278969765,0.4928368628025055,0.541440486907959,0.6787571907043457,-0.08069007843732834,0.781990110874176,0.524827778339386,0.6746434569358826,-0.08929388970136642,0.815506637096405
s_v3,57,1,0.5208318829536438,0.45998597145080566,-0.31196489930152893,0.9999563694000244,0.5246089696884155,0.4561029076576233,-0.29225918650627136,0.9998666048049927,0.5283288359642029,0.4558785855770111,-0.29228514432907104,0.9998773336410522,0.5313009023666382,0.4556417763233185,-0.2922862768173218,0.9998724460601807,0.5140390396118164,0.4573274850845337,-0.2899230122566223,0.9998249411582947,0.5107526779174805,0.4577666223049164,-0.2899559438228607,0.9998288154602051,0.5072318315505981,0.4583144187927246,-0.2899385094642639,0.9998395442962646,0.5362746119499207,0.4577418267726898,-0.17371994256973267,0.9997438788414001,0.5039689540863037,0.4623602330684662,-0.15952327847480774,0.9995668530464172,0.5291894674301147,0.4650508165359497,-0.2676636278629303,0.9998800754547119,0.5163074731826782,0.46681100130081177,-0.2634715139865875,0.9997832179069519,0.570716917514801,0.4800172448158264,-0.10423401743173599,0.9998892545700073,0.49236321449279785,0.49812963604927063,-0.04697823524475098,0.9992577433586121,0.6129143238067627,0.5003933906555176,-0.18821856379508972,0.9940136075019836,0.4805351197719574,0.5334138870239258,0.025282323360443115,0.9893339276313782,0.5726087689399719,0.5060498714447021,-0.4110499322414398,0.9892786145210266,0.4304685890674591,0.5386754274368286,-0.07207397371530533,0.9933252334594727,0.5604754686355591,0.5076956748962402,-0.4576927125453949,0.9681344628334045,0.4161641597747803,0.5378400087356567,-0.09879405796527863,0.983086347579956,0.5543450117111206,0.506741464138031,-0.4585846960544586,0.9675481915473938,0.413129061460495,0.533983051776886,-0.12858927249908447,0.9850897789001465,0.5583670139312744,0.5055904984474182,-0.41620180010795593,0.9571306705474854,0.41898736357688904,0.5340253710746765,-0.08688460290431976,0.9816363453865051,0.5725396275520325,0.5552460551261902,-0.020432595163583755,0.9985334873199463,0.5255607962608337,0.5562757849693298,0.02036277763545513,0.9979503750801086,0.5626960396766663,0.6132639646530151,-0.04360503703355789,0.9803833365440369,0.5285049676895142,0.6086618304252625,-0.027608806267380714,0.9779515266418457,0.5541495084762573,0.6602340936660767,0.14190910756587982,0.9753686189651489,0.5331584811210632,0.6570830941200256,0.13973987102508545,0.9702693223953247,0.551616907119751,0.6634218692779541,0.15425263345241547,0.7367775440216064,0.5332024693489075,0.6629721522331238,0.15066426992416382,0.725036084651947,0.547824501991272,0.6840317249298096,0.025352397933602333,0.9679943323135376,0.5361095666885376,0.6828647255897522,0.02604544162750244,0.9630970358848572
s_v3,58,1,0.5252138376235962,0.45947909355163574,-0.3163858950138092,0.999933123588562,0.5289397835731506,0.4552168846130371,-0.2972511351108551,0.9998026490211487,0.5325934290885925,0.45473331212997437,-0.2973328232765198,0.999830961227417,0.5359062552452087,0.4544115960597992,-0.29739299416542053,0.9998210072517395,0.5182515978813171,0.4569660425186157,-0.2944491505622864,0.9997692704200745,0.5146559476852417,0.4576096534729004,-0.2944762110710144,0.99977046251297,0.512406587600708,0.4580424427986145,-0.29452258348464966,0.9997774958610535,0.5423647165298462,0.45689618587493896,-0.18167825043201447,0.9997074007987976,0.5093833208084106,0.46184295415878296,-0.16616585850715637,0.9993889331817627,0.5339298248291016,0.46421942114830017,-0.27244865894317627,0.9998780488967896,0.5203890800476074,0.46626970171928406,-0.26812854409217834,0.9997972846031189,0.5769597291946411,0.47950994968414307,-0.1293046623468399,0.9998658895492554,0.500834047794342,0.4985441565513611,-0.043700676411390305,0.9996616840362549,0.6230946183204651,0.4965013563632965,-0.22720056772232056,0.9911028146743774,0.4830639362335205,0.5324598550796509,0.0450555719435215,0.9732980728149414,0.5777777433395386,0.5065305829048157,-0.44712719321250916,0.9752168655395508,0.4275033473968506,0.5345079898834229,-0.0414506196975708,0.9853743314743042,0.5657303929328918,0.5104636549949646,-0.49416446685791016,0.9414856433868408,0.41149604320526123,0.532647967338562,-0.06483209133148193,0.970735490322113,0.5599465370178223,0.5075954794883728,-0.49369287490844727,0.9414747953414917,0.4087998569011688,0.5293213725090027,-0.09514962136745453,0.9742828011512756,0.5637680888175964,0.5063636302947998,-0.4510561525821686,0.9183585047721863,0.4148164987564087,0.5296093225479126,-0.056250374764204025,0.9685525894165039,0.5827435255050659,0.5556671619415283,-0.030744148418307304,0.999157190322876,0.5354294180870056,0.557813823223114,0.030643558129668236,0.9998356103897095,0.5645421147346497,0.6172740459442139,-0.011072921566665173,0.9174035787582397,0.5348092913627625,0.612739086151123,-0.12790051102638245,0.9468154907226562,0.5607976317405701,0.6400672197341919,0.36251869797706604,0.6062422394752502,0.5540888905525208,0.6635721325874329,0.021987538784742355,0.9549411535263062,0.5578600168228149,0.6394500732421875,0.39778804779052734,0.39597487449645996,0.5596737265586853,0.6715983748435974,0.031655989587306976,0.5747256875038147,0.5555434226989746,0.6599092483520508,0.30459675192832947,0.6970483660697937,0.5556442737579346,0.6859796643257141,-0.11512644588947296,0.9270190000534058
s_v3,59,1,0.5296645760536194,0.45878681540489197,-0.2649948000907898,0.9999434947967529,0.5316810607910156,0.4549153745174408,-0.24320733547210693,0.9998778104782104,0.5349186062812805,0.45461151003837585,-0.24328437447547913,0.999879002571106,0.5383860468864441,0.4543038010597229,-0.243343323469162,0.9998862743377686,0.5223858952522278,0.4563628137111664,-0.2433294951915741,0.9998831748962402,0.5191792845726013,0.4572668671607971,-0.24336837232112885,0.9998757839202881,0.5160033106803894,0.45816853642463684,-0.2433875948190689,0.9999001026153564,0.5431336760520935,0.4566136598587036,-0.12428881227970123,0.9997879862785339,0.5136289596557617,0.4622064232826233,-0.1232566237449646,0.9997010231018066,0.5386757254600525,0.46347251534461975,-0.22112546861171722,0.9998027682304382,0.5263506174087524,0.4656807780265808,-0.2207171618938446,0.9997256398200989,0.579430341720581,0.47821182012557983,-0.07121240347623825,0.999715268611908,0.5080781579017639,0.49988889694213867,-0.01581374555826187,0.9989427924156189,0.6310462951660156,0.49470260739326477,-0.1267976313829422,0.9839668869972229,0.48390284180641174,0.5349127054214478,0.030769871547818184,0.9720174670219421,0.5917845964431763,0.5099605321884155,-0.2877575159072876,0.9586735367774963,0.42278119921684265,0.5287769436836243,-0.09079157561063766,0.9853759407997131,0.5829373002052307,0.5155929327011108,-0.32450777292251587,0.9084699749946594,0.4089702069759369,0.5279319286346436,-0.11749109625816345,0.9698674082756042,0.5750092267990112,0.5134878158569336,-0.3285183012485504,0.9094257950782776,0.40704309940338135,0.5242542624473572,-0.1440885066986084,0.9737076163291931,0.5787563920021057,0.511354923248291,-0.2924821078777313,0.887173593044281,0.4122959077358246,0.5242178440093994,-0.10532533377408981,0.9693844318389893,0.5901472568511963,0.5534651875495911,-0.025541124865412712,0.9963240623474121,0.542971670627594,0.5571613311767578,0.025637775659561157,0.999032735824585,0.5788301229476929,0.6133596897125244,-0.052224189043045044,0.7674604058265686,0.5429669618606567,0.6116301417350769,-0.2093149572610855,0.8487942218780518,0.5633878707885742,0.6582854986190796,0.10038096457719803,0.639452338218689,0.5649124383926392,0.6694794297218323,-0.15503601729869843,0.8788673877716064,0.561657726764679,0.6639896631240845,0.11044759303331375,0.5074197053909302,0.5726243853569031,0.6795709729194641,-0.1556478589773178,0.5300740003585815,0.5726708769798279,0.6777913570404053,-0.002406294224783778,0.6873470544815063,0.5639452338218689,0.6860980987548828,-0.29841458797454834,0.8336132168769836
s_v3,60,1,0.53507000207901,0.4607006013393402,-0.28393304347991943,0.9998656511306763,0.5373543500900269,0.45661479234695435,-0.26450487971305847,0.9997050166130066,0.5404585003852844,0.45633119344711304,-0.2645806074142456,0.9996777772903442,0.5432624816894531,0.4560660123825073,-0.26462405920028687,0.9996814727783203,0.528357982635498,0.45826607942581177,-0.26533448696136475,0.9997225403785706,0.5249625444412231,0.45911484956741333,-0.2654041051864624,0.999695897102356,0.5220433473587036,0.4598780870437622,-0.2654319703578949,0.9997504353523254,0.5482667088508606,0.45854881405830383,-0.14962820708751678,0.9995899796485901,0.5190374851226807,0.4637466371059418,-0.1505078673362732,0.9994986057281494,0.543713390827179,0.46517276763916016,-0.24107849597930908,0.9998053908348083,0.5311985015869141,0.46693921089172363,-0.24107910692691803,0.9997116923332214,0.5840827822685242,0.4794185161590576,-0.07227744907140732,0.9997591376304626,0.5143054723739624,0.5021345019340515,-0.052160151302814484,0.999230146408081,0.6407279968261719,0.49372541904449463,-0.08572769910097122,0.9842612743377686,0.48817238211631775,0.5349500179290771,0.03531186282634735,0.9885433912277222,0.6147183775901794,0.5135256052017212,-0.24602682888507843,0.9693775177001953,0.42525362968444824,0.5239394307136536,-0.030968187376856804,0.9938493371009827,0.6081472635269165,0.5191733837127686,-0.2792454659938812,0.9289296269416809,0.4119873046875,0.5230897665023804,-0.05208653584122658,0.9866058230400085,0.5992000102996826,0.5182190537452698,-0.29998379945755005,0.932102382183075,0.40960514545440674,0.5192251205444336,-0.08293866366147995,0.9886095523834229,0.6005674004554749,0.5156218409538269,-0.25756359100341797,0.9226215481758118,0.4146476984024048,0.5189362168312073,-0.04544005170464516,0.9862251281738281,0.5976783633232117,0.556065022945404,0.0005655661225318909,0.9964454770088196,0.5526666641235352,0.5588775277137756,-0.0005522295832633972,0.9991008043289185,0.5953593850135803,0.6161657571792603,-0.02721448987722397,0.8686323761940002,0.5527183413505554,0.6183311343193054,-0.1356653869152069,0.9558247923851013,0.5785402059555054,0.6577764749526978,0.1825917512178421,0.6305214762687683,0.5846979022026062,0.6758521199226379,-0.060436200350522995,0.9510226845741272,0.576501190662384,0.662656843662262,0.19928410649299622,0.46600016951560974,0.5930638909339905,0.6853362917900085,-0.05902904272079468,0.6599159240722656,0.5952981114387512,0.6793602108955383,0.10585671663284302,0.6945416927337646,0.590554416179657,0.6978985071182251,-0.19521039724349976,0.9125756621360779
s_v3,61,1,0.5422341823577881,0.46402227878570557,-0.3064313232898712,0.9999711513519287,0.5452459454536438,0.4599692225456238,-0.2847630977630615,0.9999243021011353,0.5485528707504272,0.45963945984840393,-0.28481441736221313,0.9999169111251831,0.5514351725578308,0.4593830704689026,-0.2848646342754364,0.9999110698699951,0.5357873439788818,0.4615642726421356,-0.28515100479125977,0.9999246597290039,0.5322449803352356,0.46227288246154785,-0.2852332592010498,0.9999243021011353,0.5290073156356812,0.46295225620269775,-0.2852141261100769,0.9999258518218994,0.5579692125320435,0.4618149399757385,-0.1555045247077942,0.9999085664749146,0.5252087116241455,0.4672086238861084,-0.15611927211284637,0.9998470544815063,0.5512014627456665,0.468431293964386,-0.25836899876594543,0.9999256134033203,0.5384536981582642,0.4703114628791809,-0.2583044767379761,0.9998712539672852,0.5927121043205261,0.48375290632247925,-0.059013642370700836,0.9998867511749268,0.5193606019020081,0.5067502856254578,-0.05233951285481453,0.9992200136184692,0.6494489908218384,0.4954075515270233,-0.010562865994870663,0.9920507073402405,0.48791131377220154,0.5380800366401672,-0.042789723724126816,0.9942948222160339,0.6423669457435608,0.513190507888794,-0.10177899152040482,0.9883883595466614,0.4288213849067688,0.5213814377784729,-0.20465955138206482,0.996415376663208,0.6393357515335083,0.5206982493400574,-0.12526589632034302,0.9611526727676392,0.4162590503692627,0.5190185904502869,-0.23846392333507538,0.990260660648346,0.6319543719291687,0.5193991661071777,-0.14935198426246643,0.9636210203170776,0.4162362217903137,0.514885663986206,-0.2671617865562439,0.9914884567260742,0.6318262815475464,0.5171576142311096,-0.11275205761194229,0.9593566656112671,0.4208875894546509,0.5152106285095215,-0.22125504910945892,0.9894883036613464,0.6062330603599548,0.5629314184188843,-0.0009209634154103696,0.9984049201011658,0.5591004490852356,0.5664045810699463,0.000982318539172411,0.9988322854042053,0.6051338911056519,0.6222461462020874,-0.03179912641644478,0.973159670829773,0.5627351999282837,0.6290736794471741,-0.06616533547639847,0.9795879125595093,0.6059556603431702,0.6746923327445984,0.15171046555042267,0.9560718536376953,0.5813999772071838,0.6865909099578857,0.04622751101851463,0.9736102223396301,0.6004693508148193,0.6802703142166138,0.16326934099197388,0.8245674967765808,0.5837997794151306,0.6932337880134583,0.04998631030321121,0.7486379742622375,0.6204789876937866,0.6957269906997681,0.0377250500023365,0.9582007527351379,0.5916911959648132,0.7087420225143433,-0.09455937147140503,0.9624778032302856
s_v3,62,1,0.5506082773208618,0.46936649084091187,-0.1936863213777542,0.9999840259552002,0.5535882711410522,0.4654300808906555,-0.17272710800170898,0.999941349029541,0.5571200847625732,0.4651610553264618,-0.172790065407753,0.9999350309371948,0.5594180822372437,0.46498167514801025,-0.17282360792160034,0.9999257326126099,0.5433893203735352,0.46676158905029297,-0.1719118356704712,0.9999545812606812,0.5399245023727417,0.4674261808395386,-0.17197264730930328,0.9999568462371826,0.5364212989807129,0.46816176176071167,-0.17196853458881378,0.9999595880508423,0.564435601234436,0.46737655997276306,-0.06132984533905983,0.9999440908432007,0.5337725281715393,0.4728162884712219,-0.05569881200790405,0.9999138116836548,0.5591356158256531,0.4748934507369995,-0.15340732038021088,0.9999619722366333,0.5464158654212952,0.477245569229126,-0.15160344541072845,0.9999402761459351,0.5981466770172119,0.4905257523059845,0.004187901969999075,0.9999442100524902,0.527728796005249,0.5111336708068848,0.0161045603454113,0.9995348453521729,0.6614348292350769,0.49861693382263184,0.05067109689116478,0.9931089878082275,0.4898250102996826,0.5410491824150085,-0.05561055243015289,0.9951606392860413,0.6635408401489258,0.518636167049408,0.010177701711654663,0.9892487525939941,0.43729960918426514,0.5213932394981384,-0.27987879514694214,0.9984741806983948,0.6667670011520386,0.525802731513977,-0.001932959072291851,0.9617915153503418,0.4237016439437866,0.5186018943786621,-0.32105422019958496,0.9955270886421204,0.6578108072280884,0.5260931849479675,-0.0210456270724535,0.9642645716667175,0.4229787290096283,0.5155825018882751,-0.34093356132507324,0.9959499835968018,0.6549963355064392,0.5238754153251648,0.003039638977497816,0.9604400396347046,0.42786484956741333,0.5156936049461365,-0.2943250834941864,0.9946421384811401,0.6136857271194458,0.5713242888450623,-0.003657965688034892,0.999288022518158,0.5671437978744507,0.5759497284889221,0.0037104939110577106,0.999213457107544,0.616679310798645,0.6256843209266663,-0.03577583655714989,0.9804004430770874,0.5720950961112976,0.6328310966491699,-0.04686293005943298,0.9650801420211792,0.6196674704551697,0.681848406791687,0.13290683925151825,0.9695867896080017,0.590846598148346,0.6904420852661133,0.09205341339111328,0.9736859202384949,0.6153719425201416,0.6873955726623535,0.14238373935222626,0.8552052974700928,0.5954448580741882,0.6958718299865723,0.09856557846069336,0.7901871204376221,0.6374058127403259,0.7023845911026001,0.01777970977127552,0.9690908193588257,0.594742476940155,0.707761287689209,-0.03749977424740791,0.9670511484146118
s_v3,63,1,0.5589196085929871,0.4755707383155823,-0.2307770550251007,0.9999874830245972,0.5615867376327515,0.47070077061653137,-0.21154864132404327,0.9999532699584961,0.5649145245552063,0.4704931974411011,-0.21161021292209625,0.9999473094940186,0.5671875476837158,0.4703676998615265,-0.2116469293832779,0.9999371767044067,0.5511423349380493,0.47209393978118896,-0.21076364815235138,0.9999624490737915,0.5472120642662048,0.4730437397956848,-0.21079668402671814,0.9999630451202393,0.5434610843658447,0.47400757670402527,-0.21072982251644135,0.9999641180038452,0.5727320909500122,0.4731423258781433,-0.09737328439950943,0.9999376535415649,0.5399003028869629,0.478904128074646,-0.09161679446697235,0.9999215602874756,0.5669744610786438,0.4808441400527954,-0.18838319182395935,0.9999445676803589,0.553829550743103,0.4834026098251343,-0.18651925027370453,0.9999347925186157,0.6054988503456116,0.49643218517303467,-0.022967522963881493,0.9999397993087769,0.5353134274482727,0.5165967345237732,-0.007208340335637331,0.9996101260185242,0.6685516834259033,0.5039936304092407,-0.0018120120512321591,0.9883477091789246,0.4918239712715149,0.5445904731750488,-0.08422457426786423,0.995309054851532,0.6856734156608582,0.5253388285636902,-0.09638392925262451,0.9773245453834534,0.44435304403305054,0.521708071231842,-0.3227815628051758,0.9982563853263855,0.6910901069641113,0.5326643586158752,-0.11897304654121399,0.9286518692970276,0.434684693813324,0.5176982283592224,-0.36495813727378845,0.994607150554657,0.6851823329925537,0.5337411761283875,-0.1414484828710556,0.9361647367477417,0.43437957763671875,0.5139582753181458,-0.38386961817741394,0.9951500296592712,0.6820781230926514,0.5316066741943359,-0.10730480402708054,0.9345308542251587,0.4387784004211426,0.5148152709007263,-0.33701783418655396,0.9937263131141663,0.619796872138977,0.5754046440124512,-0.007526572328060865,0.9992353916168213,0.5727177262306213,0.5796895623207092,0.0075357467867434025,0.9988324046134949,0.6304088830947876,0.6304950714111328,-0.029288044199347496,0.9863335490226746,0.5797146558761597,0.6383378505706787,-0.004999127238988876,0.9802667498588562,0.6411432027816772,0.6877843141555786,0.10213211923837662,0.9865825772285461,0.5977492928504944,0.6926802396774292,0.12089414149522781,0.9840980172157288,0.6390246748924255,0.6960974931716919,0.10688954591751099,0.8963165879249573,0.6050863265991211,0.7000440359115601,0.12605877220630646,0.8498460650444031,0.6589677929878235,0.7068341374397278,-0.02532707154750824,0.9836474061012268,0.5967410206794739,0.7118921875953674,-0.0012861934956163168,0.979621410369873
s_v3,64,1,0.567609429359436,0.4797010123729706,-0.31499505043029785,0.9999861717224121,0.5707923173904419,0.47521546483039856,-0.29578685760498047,0.9999659061431885,0.573737621307373,0.4750278890132904,-0.2957981824874878,0.9999613761901855,0.5761376023292542,0.4748116135597229,-0.295876681804657,0.9999642372131348,0.5609084963798523,0.4763820171356201,-0.29303014278411865,0.9999666213989258,0.5569056272506714,0.4770950675010681,-0.29308462142944336,0.9999635219573975,0.5532159209251404,0.4778260886669159,-0.29298874735832214,0.9999599456787109,0.5811357498168945,0.4770677387714386,-0.17233486473560333,0.9999710321426392,0.5482181906700134,0.4824851155281067,-0.15876032412052155,0.9999051094055176,0.5756604671478271,0.4851684868335724,-0.2681204378604889,0.9999240636825562,0.5621883869171143,0.4871388077735901,-0.2641727030277252,0.9998457431793213,0.6145119071006775,0.5001175999641418,-0.09439024329185486,0.9999513626098633,0.5419282913208008,0.5205691456794739,-0.0375283882021904,0.9992280006408691,0.6779389381408691,0.5106947422027588,-0.030386988073587418,0.9975146055221558,0.5015414357185364,0.5476094484329224,-0.12288369983434677,0.9947728514671326,0.7145542502403259,0.534121036529541,-0.07331854104995728,0.9943384528160095,0.4556185007095337,0.5223163962364197,-0.38167640566825867,0.9976696372032166,0.7240810394287109,0.5413062572479248,-0.0874381810426712,0.9788378477096558,0.442211389541626,0.5167298316955566,-0.4219360947608948,0.9906970262527466,0.7206354737281799,0.5437729358673096,-0.11457718908786774,0.981583297252655,0.44490674138069153,0.5132687091827393,-0.44210895895957947,0.9913691878318787,0.7151519656181335,0.5416407585144043,-0.08421851694583893,0.9787037968635559,0.45028156042099,0.514328122138977,-0.39788001775741577,0.9899505376815796,0.6256528496742249,0.5768291354179382,-0.03921779245138168,0.9996498823165894,0.5784154534339905,0.5824480652809143,0.039304886013269424,0.9994630217552185,0.640716016292572,0.6339596509933472,-0.12364789843559265,0.9904795289039612,0.5797725319862366,0.641777515411377,0.001268249936401844,0.9708709120750427,0.6624647378921509,0.6964015364646912,-0.05167142674326897,0.9907048344612122,0.6045535206794739,0.6944336891174316,0.11089010536670685,0.9787686467170715,0.6647216081619263,0.7056523561477661,-0.05390313267707825,0.8983750939369202,0.6169543266296387,0.7021392583847046,0.11430823802947998,0.9088911414146423,0.6660332679748535,0.7081882357597351,-0.1959739476442337,0.9867976307868958,0.5870800614356995,0.7132236361503601,0.0030990655068308115,0.9772321581840515
s_v3,65,1,0.5773654580116272,0.48084354400634766,-0.21134521067142487,0.9999939203262329,0.5799214243888855,0.4768258333206177,-0.19260309636592865,0.9999817609786987,0.5828914642333984,0.4767610728740692,-0.1926572620868683,0.9999804496765137,0.5851094126701355,0.47678107023239136,-0.19269530475139618,0.9999825954437256,0.5704711675643921,0.47785866260528564,-0.19039040803909302,0.9999829530715942,0.5669359564781189,0.4785289168357849,-0.19041210412979126,0.999980092048645,0.563637912273407,0.47923150658607483,-0.1903306096792221,0.9999783039093018,0.5889344215393066,0.47970297932624817,-0.08873358368873596,0.9999812841415405,0.5584626793861389,0.4838963449001312,-0.07834240049123764,0.9999409914016724,0.5849736332893372,0.4860262870788574,-0.17329493165016174,0.9999786615371704,0.57218337059021,0.48793748021125793,-0.17021922767162323,0.9999539852142334,0.6218772530555725,0.5036118030548096,-0.049878038465976715,0.9999855756759644,0.5500390529632568,0.5229040384292603,0.020825160667300224,0.9995774626731873,0.6883230209350586,0.5192039608955383,-0.04705179110169411,0.9989504218101501,0.5095816850662231,0.5503564476966858,-0.04720460623502731,0.9904357194900513,0.7343450784683228,0.5411426424980164,-0.16594098508358002,0.9957342743873596,0.46865415573120117,0.5243021845817566,-0.27754032611846924,0.9962903261184692,0.7462016940116882,0.5493366718292236,-0.1933102011680603,0.9841704368591309,0.45604440569877625,0.5176131129264832,-0.3190086781978607,0.9875026345252991,0.739960253238678,0.5508870482444763,-0.22176982462406158,0.9861577749252319,0.45925015211105347,0.5138238072395325,-0.33545351028442383,0.9881744384765625,0.73478102684021,0.5485327839851379,-0.18002553284168243,0.9844285249710083,0.46494200825691223,0.5148892998695374,-0.2919327914714813,0.98541659116745,0.6335976719856262,0.5824280977249146,-0.041967298835515976,0.9998748302459717,0.5862179398536682,0.5880192518234253,0.041968200355768204,0.9996178150177002,0.6509585380554199,0.6383070945739746,-0.12180840224027634,0.9921417236328125,0.5782615542411804,0.6453922390937805,0.050624698400497437,0.9682479500770569,0.6811949610710144,0.6972449421882629,-0.08163914829492569,0.9918925762176514,0.6053438186645508,0.6931248307228088,0.18773749470710754,0.9653053879737854,0.6867629885673523,0.7074645161628723,-0.08651645481586456,0.8794592618942261,0.6178640723228455,0.6996031403541565,0.19432462751865387,0.8760780096054077,0.6786166429519653,0.7098571062088013,-0.22435343265533447,0.9884678721427917,0.584656834602356,0.7122507095336914,0.10093081742525101,0.9701246619224548
s_v3,66,1,0.5896354913711548,0.4812766909599304,-0.2664763927459717,0.999997615814209,0.5919877290725708,0.4772386848926544,-0.24784541130065918,0.9999922513961792,0.5949784517288208,0.47710007429122925,-0.24788367748260498,0.9999920129776001,0.5972071290016174,0.47700583934783936,-0.24791064858436584,0.9999927282333374,0.5820753574371338,0.47857898473739624,-0.24521295726299286,0.9999901056289673,0.5783267021179199,0.4794512987136841,-0.24522919952869415,0.9999884366989136,0.5747202634811401,0.4803219437599182,-0.24511857330799103,0.9999862909317017,0.600216269493103,0.4800017476081848,-0.13544674217700958,0.999993085861206,0.5691285133361816,0.4851991534233093,-0.12266937643289566,0.9999688863754272,0.5973542332649231,0.4867611527442932,-0.22447939217090607,0.9999932050704956,0.5844652056694031,0.48883578181266785,-0.2206670194864273,0.9999814033508301,0.6361770033836365,0.5053116679191589,-0.07294245064258575,0.9999954700469971,0.5597718954086304,0.5234430432319641,-0.009470563381910324,0.9997647404670715,0.6975727081298828,0.524377167224884,-0.049908775836229324,0.9995020627975464,0.5186808109283447,0.5515531301498413,-0.06736315786838531,0.9960522651672363,0.7489303350448608,0.546607255935669,-0.17973776161670685,0.9993510842323303,0.47962290048599243,0.5235284566879272,-0.3108428120613098,0.9986814856529236,0.7647969722747803,0.5548118948936462,-0.20836591720581055,0.996947705745697,0.4663752317428589,0.5157455205917358,-0.3547067940235138,0.9945634007453918,0.7586790323257446,0.5576594471931458,-0.24232681095600128,0.9973861575126648,0.4689897894859314,0.5123328566551208,-0.3734185993671417,0.9947324991226196,0.7528078556060791,0.5545351505279541,-0.1959247589111328,0.996726393699646,0.47465619444847107,0.5140716433525085,-0.3264212906360626,0.9932929277420044,0.641375720500946,0.585643470287323,-0.03193788602948189,0.9999154806137085,0.590038537979126,0.5891109704971313,0.03193684667348862,0.9998043179512024,0.659709095954895,0.6457262635231018,-0.07973957061767578,0.9958615899085999,0.577345073223114,0.6469383239746094,0.036378808319568634,0.993188738822937,0.6903837323188782,0.6976466178894043,0.020183755084872246,0.9939916729927063,0.6030948758125305,0.6918044090270996,0.2401304394006729,0.9848641753196716,0.6966854333877563,0.7059647440910339,0.0204602237790823,0.8886503577232361,0.6144618988037109,0.6972165107727051,0.25364020466804504,0.9123066663742065,0.6929680705070496,0.7108837366104126,-0.13022492825984955,0.9903696179389954,0.5890196561813354,0.7125979661941528,0.15068566799163818,0.9844177961349487
s_v3,67,1,0.6057586669921875,0.48182064294815063,-0.27135878801345825,0.9999951124191284,0.6074693202972412,0.4775860607624054,-0.2503432035446167,0.9999874830245972,0.6102189421653748,0.47749266028404236,-0.25037625432014465,0.9999865293502808,0.6131795644760132,0.4773542284965515,-0.25040626525878906,0.9999880790710449,0.5980873703956604,0.4781348705291748,-0.2499888390302658,0.9999855756759644,0.5941793918609619,0.4786187708377838,-0.25001761317253113,0.9999827146530151,0.5903657674789429,0.47913819551467896,-0.24992477893829346,0.999980092048645,0.6153563261032104,0.480118066072464,-0.13054877519607544,0.9999856948852539,0.583800196647644,0.4831482768058777,-0.1286308914422989,0.9999414682388306,0.6114686131477356,0.487031489610672,-0.2268456518650055,0.9999866485595703,0.599666178226471,0.48822903633117676,-0.22622975707054138,0.9999616146087646,0.6495966911315918,0.5064747333526611,-0.06454651057720184,0.9999924898147583,0.5702934265136719,0.5235397815704346,-0.027187969535589218,0.9996253252029419,0.7062296867370605,0.529203474521637,-0.038996871560811996,0.9990205764770508,0.5271482467651367,0.552682638168335,-0.12100598216056824,0.9958515167236328,0.7554806470870972,0.551801860332489,-0.1529534012079239,0.9981098175048828,0.4925094246864319,0.5200850963592529,-0.3812461197376251,0.998009979724884,0.769706666469574,0.5616711378097534,-0.17715559899806976,0.9921278953552246,0.4832621216773987,0.5128567814826965,-0.42822569608688354,0.9921074509620667,0.7654649019241333,0.5637743473052979,-0.20602938532829285,0.9932048320770264,0.48709750175476074,0.5093827843666077,-0.43949374556541443,0.9920010566711426,0.7593593001365662,0.5605856776237488,-0.16630081832408905,0.9914141297340393,0.4910438656806946,0.5119770765304565,-0.39341655373573303,0.9884496927261353,0.6443423628807068,0.5884708166122437,-0.029497841373085976,0.9999679327011108,0.5944594144821167,0.5906746983528137,0.0295241791754961,0.9998292922973633,0.6643244028091431,0.6469219923019409,-0.16885459423065186,0.9925681352615356,0.5819709300994873,0.6508689522743225,0.0643971711397171,0.9734532833099365,0.6981318593025208,0.697811484336853,-0.11782697588205338,0.9913471341133118,0.5999184250831604,0.6913691759109497,0.29840537905693054,0.9379427433013916,0.7010976672172546,0.7073814272880554,-0.12113764882087708,0.876643180847168,0.6109803318977356,0.6967860460281372,0.315860778093338,0.8078100085258484,0.6967060565948486,0.7128825783729553,-0.27457624673843384,0.9885755181312561,0.5881823897361755,0.7113984823226929,0.22220325469970703,0.9509903788566589
s_v3,68,1,0.6191961765289307,0.4795511066913605,-0.2841012179851532,0.9999939203262329,0.6220529675483704,0.47592562437057495,-0.2656978964805603,0.9999834299087524,0.6255460977554321,0.4759180545806885,-0.26572781801223755,0.999983549118042,0.6287018656730652,0.47585463523864746,-0.2657489776611328,0.9999839067459106,0.6114993691444397,0.47652727365493774,-0.2603349983692169,0.9999781847000122,0.6078791618347168,0.4769514501094818,-0.260376900434494,0.9999760389328003,0.6040892601013184,0.47750359773635864,-0.2602905333042145,0.9999709129333496,0.6310067176818848,0.4782755970954895,-0.1529473513364792,0.9999805688858032,0.5988060832023621,0.48134177923202515,-0.1281469613313675,0.9998941421508789,0.6263846755027771,0.4855024516582489,-0.2420084923505783,0.9999861717224121,0.6126455068588257,0.4863651394844055,-0.2349710464477539,0.9999624490737915,0.6662293672561646,0.5082002282142639,-0.09002277255058289,0.999992847442627,0.5798641443252563,0.5221460461616516,-0.015083163045346737,0.9997207522392273,0.7145021557807922,0.5370588898658752,-0.0652845948934555,0.9990746974945068,0.5298091173171997,0.5507179498672485,-0.11556556820869446,0.9963639378547668,0.7604977488517761,0.5609481334686279,-0.17146660387516022,0.9985988736152649,0.5047926902770996,0.5152016282081604,-0.3977099657058716,0.9983939528465271,0.7770214676856995,0.5700908303260803,-0.19467033445835114,0.9942615032196045,0.49726778268814087,0.5072136521339417,-0.44444283843040466,0.9933899641036987,0.7730485796928406,0.5716193318367004,-0.22361919283866882,0.9950827360153198,0.5012128949165344,0.5040818452835083,-0.4552825391292572,0.9932959675788879,0.7655807733535767,0.5688029527664185,-0.1842217594385147,0.9935764670372009,0.505488395690918,0.5073719024658203,-0.41035667061805725,0.9905909895896912,0.6491972804069519,0.5909465551376343,-0.03698037564754486,0.9999703168869019,0.5988277792930603,0.5924169421195984,0.03697080910205841,0.9998468160629272,0.664064884185791,0.6454078555107117,-0.1381794661283493,0.9961037635803223,0.5910073518753052,0.6509153246879578,0.11543471366167068,0.9731745719909668,0.6974620223045349,0.6987055540084839,-0.04078494757413864,0.9943714737892151,0.6002058982849121,0.6925963163375854,0.3762172758579254,0.9572798609733582,0.7011818289756775,0.708965539932251,-0.03939305618405342,0.8823040127754211,0.6081241369247437,0.6974087953567505,0.3964039385318756,0.8178564310073853,0.6919279098510742,0.7168673276901245,-0.19433510303497314,0.991904616355896,0.5908762812614441,0.7121086716651917,0.2928941547870636,0.9668018221855164
s_v3,69,1,0.6373182535171509,0.4790057837963104,-0.2773323357105255,0.999988317489624,0.6413930058479309,0.47583699226379395,-0.25862812995910645,0.9999732971191406,0.644688069820404,0.4759647846221924,-0.25863751769065857,0.9999725818634033,0.6481156945228577,0.4761101305484772,-0.25867006182670593,0.9999741315841675,0.6299323439598083,0.47626277804374695,-0.2527284324169159,0.9999667406082153,0.626357913017273,0.47669464349746704,-0.25280261039733887,0.9999620914459229,0.6226480603218079,0.4771055579185486,-0.2527448832988739,0.9999581575393677,0.6507801413536072,0.4788798689842224,-0.14847242832183838,0.9999604225158691,0.6177828907966614,0.4810197353363037,-0.12105213105678558,0.9998617172241211,0.6445562839508057,0.48507723212242126,-0.2367192506790161,0.9999722242355347,0.6304107904434204,0.48548102378845215,-0.22888852655887604,0.9999359846115112,0.683141827583313,0.5127116441726685,-0.08196140825748444,0.999984860420227,0.5922442674636841,0.5194766521453857,-0.024271614849567413,0.9997846484184265,0.7187422513961792,0.548345148563385,-0.056423358619213104,0.9977449178695679,0.5307832956314087,0.5453755259513855,-0.13738346099853516,0.9975897073745728,0.7588692307472229,0.5727974772453308,-0.1450851857662201,0.9971712231636047,0.513365626335144,0.5094383358955383,-0.407888799905777,0.9982923865318298,0.7772234082221985,0.5788707137107849,-0.16196191310882568,0.9900658130645752,0.5070104598999023,0.5022475719451904,-0.45308345556259155,0.9925661087036133,0.778862714767456,0.5794453024864197,-0.19090943038463593,0.9914186000823975,0.5109992027282715,0.49966615438461304,-0.4567067325115204,0.9922257661819458,0.7714774012565613,0.5778172612190247,-0.15770117938518524,0.989015519618988,0.5149415731430054,0.5030893683433533,-0.4177541136741638,0.9896076321601868,0.6580526232719421,0.5931315422058105,-0.02943798154592514,0.9999669790267944,0.6013056039810181,0.5914314389228821,0.02938930317759514,0.9998760223388672,0.6650980114936829,0.6544550061225891,-0.1446971446275711,0.9954347014427185,0.5970315337181091,0.6544767618179321,0.08998746424913406,0.9646813869476318,0.6957998275756836,0.7086926698684692,-0.05844179913401604,0.9881048202514648,0.5972167253494263,0.6942704319953918,0.39574724435806274,0.8707752227783203,0.6997997164726257,0.7167716026306152,-0.056830886751413345,0.7864294052124023,0.6002700328826904,0.6997101902961731,0.42244952917099,0.6007855534553528,0.6893815398216248,0.7264368534088135,-0.2071319967508316,0.979304313659668,0.5866327881813049,0.7135684490203857,0.3310021162033081,0.894055962562561
s_v3,70,1,0.6563036441802979,0.4814760684967041,-0.3152892589569092,0.9999812841415405,0.6609084606170654,0.4776073098182678,-0.2957894206047058,0.9999516010284424,0.664298951625824,0.4777151346206665,-0.29583239555358887,0.9999512434005737,0.6677483320236206,0.47803640365600586,-0.2958701252937317,0.9999502897262573,0.6498309969902039,0.4776890277862549,-0.2951149046421051,0.9999266862869263,0.6463037729263306,0.4779631793498993,-0.2951582074165344,0.9999189376831055,0.6422456502914429,0.4783085584640503,-0.29511913657188416,0.9999024868011475,0.6702263355255127,0.4815344214439392,-0.16978265345096588,0.9999089241027832,0.6368286609649658,0.4818446636199951,-0.16952888667583466,0.999771773815155,0.6626875996589661,0.4874993860721588,-0.26784417033195496,0.9999538660049438,0.6476886868476868,0.4874879717826843,-0.2677605152130127,0.9999204874038696,0.6982630491256714,0.5182889699935913,-0.07360181212425232,0.9999724626541138,0.6063913106918335,0.5174051523208618,-0.08808533102273941,0.9997666478157043,0.7176399230957031,0.5572881698608398,-0.031745076179504395,0.9933515191078186,0.5395267605781555,0.5338159203529358,-0.18961922824382782,0.9971418976783752,0.7558647990226746,0.5800602436065674,-0.1524566262960434,0.9962213039398193,0.524619996547699,0.5064138770103455,-0.4574068486690521,0.9973235726356506,0.7720745801925659,0.5859405994415283,-0.17605185508728027,0.9885289072990417,0.5147883296012878,0.49999895691871643,-0.5104919075965881,0.9907211065292358,0.7757081389427185,0.5856638550758362,-0.2163279801607132,0.9904590845108032,0.51922607421875,0.49773135781288147,-0.5194151997566223,0.9910023808479309,0.7699356079101562,0.5842822194099426,-0.17139707505702972,0.9879713654518127,0.5240763425827026,0.500676155090332,-0.4697577953338623,0.9887125492095947,0.664616048336029,0.5950528383255005,0.008576827123761177,0.999879002571106,0.607585072517395,0.5922108292579651,-0.008645930327475071,0.9997100234031677,0.6647489070892334,0.6575969457626343,-0.008581050671637058,0.99234539270401,0.6002258658409119,0.6524345278739929,0.026841789484024048,0.9857813715934753,0.6818116903305054,0.7098180055618286,0.1663314253091812,0.9797828793525696,0.591375470161438,0.6941402554512024,0.31125161051750183,0.9364171028137207,0.6794137954711914,0.7145146727561951,0.17699852585792542,0.8053277730941772,0.5951896905899048,0.6988339424133301,0.3353067934513092,0.626519501209259,0.6868959069252014,0.7300958037376404,0.03407646343111992,0.9725582003593445,0.5918002128601074,0.7127439975738525,0.21909047663211823,0.936162531375885
s_v3,71,1,0.6715818643569946,0.481191486120224,-0.35914552211761475,0.9999829530715942,0.6759274005889893,0.4773325026035309,-0.33866313099861145,0.9999707937240601,0.6794371008872986,0.47753605246543884,-0.33867231011390686,0.9999666213989258,0.6819742321968079,0.4777500033378601,-0.33870914578437805,0.999966025352478,0.6648319959640503,0.4777402877807617,-0.33679085969924927,0.9999514818191528,0.660247802734375,0.47822701930999756,-0.33688002824783325,0.9999402761459351,0.656724214553833,0.47876837849617004,-0.33689627051353455,0.9999254941940308,0.6848471760749817,0.48128238320350647,-0.2072010487318039,0.999937891960144,0.6508393287658691,0.48168668150901794,-0.20121201872825623,0.9998229146003723,0.6781923770904541,0.487561970949173,-0.309447318315506,0.9999617338180542,0.6633485555648804,0.48767518997192383,-0.307860404253006,0.9998989105224609,0.7084758281707764,0.5225063562393188,-0.11316442489624023,0.9999426603317261,0.6269635558128357,0.5125328898429871,-0.1177423894405365,0.9996165037155151,0.7119026184082031,0.5636167526245117,-0.04344794899225235,0.9790230393409729,0.5628504157066345,0.5218949317932129,-0.25869065523147583,0.9977189898490906,0.7531585693359375,0.5848719477653503,-0.09706377983093262,0.9877248406410217,0.5338891744613647,0.4880993664264679,-0.55087810754776,0.9977349042892456,0.7673645615577698,0.5897461771965027,-0.10718721896409988,0.9731177687644958,0.5198363065719604,0.4823475778102875,-0.6027705669403076,0.9919102787971497,0.7708439826965332,0.5890452265739441,-0.14063775539398193,0.9770284295082092,0.523450493812561,0.47970280051231384,-0.6171319484710693,0.9923392534255981,0.7655953764915466,0.5877789855003357,-0.11091800034046173,0.9705272912979126,0.529053270816803,0.48143836855888367,-0.5667803883552551,0.9910061955451965,0.6700210571289062,0.5967112183570862,-0.015534808859229088,0.999970555305481,0.6166614294052124,0.5905828475952148,0.01541957724839449,0.9998569488525391,0.6633541584014893,0.6565758585929871,-0.07681547105312347,0.9937121868133545,0.6026401519775391,0.6476276516914368,0.18113595247268677,0.9047897458076477,0.681367814540863,0.715341329574585,0.04007860645651817,0.9875906705856323,0.5931329131126404,0.6752728223800659,0.5683162808418274,0.7013895511627197,0.678159773349762,0.7213810086250305,0.045600563287734985,0.8710810542106628,0.5898853540420532,0.6796407699584961,0.604843020439148,0.523951530456543,0.6882140636444092,0.7389139533042908,-0.10976307094097137,0.9808125495910645,0.5905128717422485,0.6970764398574829,0.5115487575531006,0.7971768975257874
s_v3,72,1,0.6900911331176758,0.48176848888397217,-0.29573237895965576,0.99998939037323,0.695124626159668,0.47873324155807495,-0.2645018696784973,0.9999814033508301,0.6981024146080017,0.4789987802505493,-0.264484703540802,0.9999696016311646,0.7009660005569458,0.47928208112716675,-0.2644968628883362,0.9999680519104004,0.6847262382507324,0.4785330891609192,-0.2760888934135437,0.9999819993972778,0.6803581714630127,0.4786339998245239,-0.2761601507663727,0.9999774694442749,0.6762258410453796,0.4788140058517456,-0.2761780619621277,0.9999721050262451,0.7030379772186279,0.48292165994644165,-0.10219313204288483,0.9998828172683716,0.6684651970863342,0.4826417565345764,-0.1582307517528534,0.999935507774353,0.6950390338897705,0.4882279336452484,-0.23594622313976288,0.9999196529388428,0.6805179119110107,0.4877069592475891,-0.25222525000572205,0.9998705387115479,0.7180216908454895,0.5254964828491211,0.02918761968612671,0.9995515942573547,0.6448941230773926,0.5103309154510498,-0.17241980135440826,0.9995123147964478,0.7117343544960022,0.5640464425086975,0.099628746509552,0.7933161854743958,0.5993286371231079,0.5125055909156799,-0.4267873764038086,0.9966024160385132,0.7435369491577148,0.5829468369483948,0.05513645336031914,0.9551792740821838,0.581267237663269,0.48242947459220886,-0.7471837401390076,0.9974063038825989,0.7575781345367432,0.5872131586074829,0.05417098477482796,0.9249709844589233,0.5671866536140442,0.47190937399864197,-0.8151108026504517,0.9926247000694275,0.7611747980117798,0.5862876176834106,0.017199479043483734,0.9358472228050232,0.5710933208465576,0.46979397535324097,-0.814335286617279,0.992613673210144,0.7564308643341064,0.5851661562919617,0.03853221610188484,0.9233306646347046,0.5775138139724731,0.47358280420303345,-0.7576450705528259,0.9895462393760681,0.6767142415046692,0.5987694263458252,0.055639542639255524,0.999971866607666,0.625748336315155,0.5931568741798401,-0.05585499107837677,0.9999113082885742,0.6745467185974121,0.6584904789924622,-0.027630798518657684,0.9917391538619995,0.6179676651954651,0.6490587592124939,0.0011780636850744486,0.9833215475082397,0.6833236813545227,0.7217474579811096,0.05580540746450424,0.9862074851989746,0.5929041504859924,0.6776441335678101,0.3796764314174652,0.8346676826477051,0.6751301288604736,0.7303590178489685,0.05949785187840462,0.9132406115531921,0.5839266777038574,0.6774367094039917,0.4156010150909424,0.5025405287742615,0.699208676815033,0.7396095395088196,-0.060461271554231644,0.9830709099769592,0.5998071432113647,0.7055783867835999,0.34863781929016113,0.8677307963371277
s_v3,73,1,0.7129207253456116,0.4837284982204437,-0.2432813197374344,0.9999051094055176,0.714145839214325,0.48014694452285767,-0.21092040836811066,0.9998757839202881,0.7163764238357544,0.48040974140167236,-0.21090222895145416,0.9997804760932922,0.7185878753662109,0.4806559085845947,-0.2109021544456482,0.9998248219490051,0.7051167488098145,0.47984084486961365,-0.22788511216640472,0.9998774528503418,0.7005900144577026,0.4799952507019043,-0.22791209816932678,0.9998206496238708,0.6957263350486755,0.4802476465702057,-0.22799381613731384,0.999788224697113,0.715231716632843,0.4845723807811737,-0.04273097962141037,0.9993857145309448,0.685147225856781,0.4838601350784302,-0.12272629886865616,0.9994804263114929,0.7154812216758728,0.4899725019931793,-0.1804928332567215,0.9995587468147278,0.7058156728744507,0.48969918489456177,-0.203679159283638,0.9993334412574768,0.720430314540863,0.526176393032074,0.08016088604927063,0.9986097812652588,0.6577017903327942,0.5064701437950134,-0.16471855342388153,0.9977559447288513,0.7058979868888855,0.5634012222290039,0.1455070674419403,0.4634709358215332,0.6423059105873108,0.5031561255455017,-0.4662725031375885,0.9877503514289856,0.7395036816596985,0.5822831988334656,0.1250077486038208,0.6662960648536682,0.6637085676193237,0.5058853030204773,-0.7504651546478271,0.9686841368675232,0.7530280351638794,0.5855202674865723,0.12450890243053436,0.5863680839538574,0.661570131778717,0.5048882365226746,-0.8119780421257019,0.930169403553009,0.7561863660812378,0.5839632749557495,0.09165650606155396,0.6211899518966675,0.6663227081298828,0.5053744316101074,-0.800639808177948,0.927025556564331,0.7505128383636475,0.5830489993095398,0.11099112033843994,0.5652604699134827,0.6673197150230408,0.5061646699905396,-0.7535927891731262,0.8938338160514832,0.6780329942703247,0.5969018936157227,0.056481651961803436,0.9999676942825317,0.6286605596542358,0.5922386050224304,-0.05644557997584343,0.9998356103897095,0.6807446479797363,0.6508155465126038,-0.18046675622463226,0.9897047877311707,0.6246675252914429,0.6482425332069397,0.11148007959127426,0.9434239864349365,0.683429479598999,0.7161803245544434,-0.19334344565868378,0.9874482750892639,0.5934149622917175,0.6904594898223877,0.45241954922676086,0.873374342918396,0.6761450171470642,0.7238633632659912,-0.20130734145641327,0.9114708304405212,0.5823637247085571,0.6921804547309875,0.4814405143260956,0.5981466174125671,0.6966361403465271,0.7365666031837463,-0.37236666679382324,0.9858385920524597,0.6001039147377014,0.7115972638130188,0.3653170168399811,0.9179071187973022
s_v3,74,1,0.7213476300239563,0.4827566146850586,-0.22906430065631866,0.9999785423278809,0.7242774367332458,0.4792981445789337,-0.19446130096912384,0.9999747276306152,0.7265824675559998,0.47961148619651794,-0.19448891282081604,0.9999687671661377,0.7290445566177368,0.48002031445503235,-0.19453191757202148,0.9999656677246094,0.7140650153160095,0.47866350412368774,-0.2102137804031372,0.9999567270278931,0.7095836400985718,0.47851037979125977,-0.21021302044391632,0.9999450445175171,0.705079972743988,0.4783712327480316,-0.21022383868694305,0.9999270439147949,0.7279368042945862,0.4832867383956909,-0.019388793036341667,0.9998757839202881,0.6952599287033081,0.48070308566093445,-0.08857642114162445,0.9998952150344849,0.7240879535675049,0.4895973801612854,-0.16319535672664642,0.9999043941497803,0.7114855647087097,0.4887309670448303,-0.18353480100631714,0.999842643737793,0.7219234108924866,0.5267996191978455,0.12421086430549622,0.9997920393943787,0.676282525062561,0.5048159956932068,-0.14475475251674652,0.9995338916778564,0.6959991455078125,0.5623823404312134,0.11096151173114777,0.3258110284805298,0.6921504735946655,0.5313771367073059,-0.2643003463745117,0.9670703411102295,0.7256881594657898,0.5796704292297363,-0.04927254468202591,0.6944786906242371,0.7267236113548279,0.5404543280601501,-0.34988516569137573,0.9260700941085815,0.7369419932365417,0.5835607647895813,-0.07807288318872452,0.6909642219543457,0.7358163595199585,0.5416659712791443,-0.3922876715660095,0.8730942010879517,0.7407271862030029,0.5818471908569336,-0.11182843148708344,0.7160892486572266,0.7374318838119507,0.5417843461036682,-0.3946811556816101,0.8738477230072021,0.7359928488731384,0.5803640484809875,-0.06951036304235458,0.6737483739852905,0.7349729537963867,0.5423053503036499,-0.3525722920894623,0.8387011885643005,0.6796573400497437,0.5996286869049072,0.07458646595478058,0.9999744892120361,0.6291956901550293,0.5952432155609131,-0.07466486841440201,0.9998956918716431,0.6975718140602112,0.6580979824066162,-0.09542695432901382,0.9905407428741455,0.6290908455848694,0.6578311324119568,-0.10273072123527527,0.9837552309036255,0.6888089776039124,0.7168371677398682,0.04803532734513283,0.9713926315307617,0.5984921455383301,0.6960338354110718,0.291410356760025,0.776151180267334,0.6805528998374939,0.7223760485649109,0.05766924470663071,0.8209692239761353,0.59242844581604,0.694648802280426,0.3295871913433075,0.33405283093452454,0.6954295039176941,0.7373133897781372,-0.05684728920459747,0.9692802429199219,0.6053734421730042,0.7186635732650757,0.2642717957496643,0.840336263179779
s_v3,75,1,0.7368482351303101,0.48060041666030884,-0.24116869270801544,0.9999192953109741,0.7385421395301819,0.47630801796913147,-0.20872700214385986,0.9998844861984253,0.7403831481933594,0.4766314923763275,-0.2087652087211609,0.9998514652252197,0.7423878908157349,0.47700035572052,-0.20886634290218353,0.9998478889465332,0.7290893793106079,0.4758704900741577,-0.22586145997047424,0.9998536109924316,0.7245192527770996,0.47609201073646545,-0.22582614421844482,0.9998156428337097,0.7197844386100769,0.4762715697288513,-0.22580495476722717,0.9997814297676086,0.7394803762435913,0.480560302734375,-0.04468643292784691,0.9993910789489746,0.7097229361534119,0.47859880328178406,-0.11707054078578949,0.9996633529663086,0.7385734915733337,0.4875173568725586,-0.17825530469417572,0.9996253252029419,0.7281706929206848,0.48651793599128723,-0.19954580068588257,0.9994158744812012,0.7245283722877502,0.5195154547691345,0.11862416565418243,0.9997796416282654,0.6953580379486084,0.5061359405517578,-0.17965354025363922,0.9995488524436951,0.7087026238441467,0.5562635064125061,0.15956762433052063,0.343587726354599,0.7385712265968323,0.5393730998039246,-0.22019948065280914,0.9930563569068909,0.7405169606208801,0.5817065238952637,0.04466477036476135,0.654129683971405,0.7978721857070923,0.5544734597206116,-0.20190021395683289,0.9681254029273987,0.7480342388153076,0.5841985940933228,0.022977780550718307,0.6271332502365112,0.8106054067611694,0.5618816614151001,-0.2392454743385315,0.9230908155441284,0.7514510750770569,0.584053635597229,-0.012315377593040466,0.6486942768096924,0.8122529983520508,0.560914158821106,-0.24569767713546753,0.9230797290802002,0.7491546869277954,0.5827873945236206,0.024755267426371574,0.6091457605361938,0.8058494329452515,0.5592648983001709,-0.20425061881542206,0.8874786496162415,0.6841387748718262,0.5950512290000916,0.08244398981332779,0.9999476671218872,0.6332864761352539,0.5906736254692078,-0.08256469666957855,0.9998194575309753,0.7018839120864868,0.6624253988265991,-0.029362810775637627,0.9853110313415527,0.6362734436988831,0.6567239761352539,-0.11085230112075806,0.9825788736343384,0.6837148070335388,0.7143433094024658,0.17276889085769653,0.9626376032829285,0.6092291474342346,0.6943580508232117,0.28295350074768066,0.8621147871017456,0.6713136434555054,0.7186124324798584,0.1890513002872467,0.7856401205062866,0.6017877459526062,0.6935163140296936,0.3217858076095581,0.4670029580593109,0.6910548210144043,0.7375466823577881,0.09912297129631042,0.9589230418205261,0.615231990814209,0.7176023721694946,0.26709938049316406,0.9003209471702576
s_v3,76,1,0.7498400211334229,0.478859543800354,-0.25701087713241577,0.9999803304672241,0.7503699064254761,0.4743066430091858,-0.22082047164440155,0.9999728202819824,0.7526895999908447,0.4745880365371704,-0.22086386382579803,0.9999566078186035,0.7547757029533386,0.4749096930027008,-0.22099027037620544,0.9999517202377319,0.7419925928115845,0.4743310809135437,-0.24051113426685333,0.9999759197235107,0.7376415729522705,0.47452786564826965,-0.24048681557178497,0.9999711513519287,0.7330654859542847,0.4747065305709839,-0.2404520958662033,0.9999700784683228,0.7508000135421753,0.4784109592437744,-0.048829056322574615,0.9997957348823547,0.7225976586341858,0.477615624666214,-0.13232795894145966,0.999956488609314,0.752419114112854,0.4853683412075043,-0.1912846565246582,0.9998167157173157,0.7413179278373718,0.4849499762058258,-0.21581366658210754,0.9997971653938293,0.7271382808685303,0.5144041180610657,0.1367199867963791,0.9998754262924194,0.7117404937744141,0.5081049799919128,-0.19967718422412872,0.9997988343238831,0.7101301550865173,0.5559608936309814,0.22274833917617798,0.22450827062129974,0.7565958499908447,0.5473443865776062,-0.23749244213104248,0.9967145919799805,0.7404025197029114,0.5812118649482727,0.14725369215011597,0.4720764756202698,0.8297658562660217,0.5672389268875122,-0.20535366237163544,0.9846108555793762,0.7521147727966309,0.5830272436141968,0.1360950917005539,0.45754361152648926,0.8443480730056763,0.5740025639533997,-0.24015654623508453,0.9632643461227417,0.7564735412597656,0.5826230049133301,0.10264257341623306,0.47412198781967163,0.848639190196991,0.5712653994560242,-0.23822250962257385,0.9637125730514526,0.7533636093139648,0.5816068053245544,0.12937003374099731,0.43958017230033875,0.8413417935371399,0.5691768527030945,-0.20350785553455353,0.9388550519943237,0.6822335720062256,0.5905719995498657,0.09162306040525436,0.9998844861984253,0.6386886835098267,0.5864259600639343,-0.09187106043100357,0.9995947480201721,0.7031559944152832,0.6589967012405396,-0.05012336000800133,0.9532706141471863,0.6513137817382812,0.6562478542327881,-0.15987858176231384,0.9574818015098572,0.6851513981819153,0.7138383388519287,0.17939752340316772,0.8856509923934937,0.6252191662788391,0.6908833384513855,0.15003877878189087,0.8121110200881958,0.6752486228942871,0.7182395458221436,0.19889387488365173,0.580610454082489,0.6125905513763428,0.6888085007667542,0.18172883987426758,0.4335847795009613,0.6883997917175293,0.7370498180389404,0.12517224252223969,0.8814815878868103,0.6293417811393738,0.7219416499137878,0.1290534883737564,0.8660022020339966
s_v3,77,1,0.7628136873245239,0.4770504832267761,-0.3039671778678894,0.9999977350234985,0.762957751750946,0.4725608229637146,-0.26404276490211487,0.9999967813491821,0.7643858790397644,0.47279417514801025,-0.2640908360481262,0.9999945163726807,0.7656911015510559,0.47296008467674255,-0.2641907334327698,0.9999933242797852,0.7559491395950317,0.47201716899871826,-0.2894616425037384,0.9999977350234985,0.7524011731147766,0.4720078110694885,-0.2894982397556305,0.9999974966049194,0.7489233613014221,0.47211024165153503,-0.28949064016342163,0.9999977350234985,0.7608698010444641,0.47602128982543945,-0.07777572423219681,0.9999587535858154,0.7381932735443115,0.4755181670188904,-0.1882418692111969,0.9999960660934448,0.7638640999794006,0.48331376910209656,-0.23263736069202423,0.9999470710754395,0.7554762959480286,0.48214536905288696,-0.26518383622169495,0.9999573230743408,0.7238673567771912,0.5090944766998291,0.15057121217250824,0.9998763799667358,0.7344372272491455,0.5090194940567017,-0.2594393193721771,0.9999420642852783,0.7076844573020935,0.5541072487831116,0.26202890276908875,0.2140071541070938,0.7783346772193909,0.5554772019386292,-0.2852743864059448,0.9984866380691528,0.7440551519393921,0.5796704292297363,0.2084251046180725,0.3585568368434906,0.8467234373092651,0.5814158320426941,-0.21420744061470032,0.9894692897796631,0.7543909549713135,0.5824135541915894,0.2130092978477478,0.36416158080101013,0.861386775970459,0.5881248116493225,-0.24683751165866852,0.9751828908920288,0.7577064633369446,0.5817417502403259,0.17250829935073853,0.3724996745586395,0.8652655482292175,0.5858907103538513,-0.23306496441364288,0.9746622443199158,0.756013810634613,0.5805333852767944,0.1886829435825348,0.34524989128112793,0.8593804836273193,0.5840763449668884,-0.2066989690065384,0.9559727311134338,0.6722409129142761,0.5896288156509399,0.11419904232025146,0.999922513961792,0.6458680033683777,0.5878534317016602,-0.1145743653178215,0.9997448325157166,0.7004560828208923,0.6588407754898071,-0.016356641426682472,0.9528121948242188,0.6718738079071045,0.6595354676246643,-0.24932995438575745,0.9889418482780457,0.6818628907203674,0.7167996168136597,0.16775096952915192,0.9404570460319519,0.6433199644088745,0.6935924291610718,0.026261238381266594,0.9350201487541199,0.664901852607727,0.7257639169692993,0.18371053040027618,0.7804047465324402,0.6295151114463806,0.689848005771637,0.056424323469400406,0.7643778324127197,0.6888236999511719,0.7342050671577454,0.12577766180038452,0.9436804056167603,0.6427589058876038,0.720436692237854,0.028659872710704803,0.9506782293319702
s_v3,78,1,0.7751305103302002,0.47788184881210327,-0.32801416516304016,0.9999947547912598,0.7739537358283997,0.4728068709373474,-0.29155388474464417,0.999991774559021,0.7750826478004456,0.4727717339992523,-0.2915855944156647,0.9999847412109375,0.7761414647102356,0.47272422909736633,-0.29166334867477417,0.9999821186065674,0.7680807709693909,0.47332829236984253,-0.3169441521167755,0.9999954700469971,0.7650939226150513,0.4735880494117737,-0.31703564524650574,0.9999947547912598,0.7618963718414307,0.4739585816860199,-0.3170369267463684,0.9999959468841553,0.7692204117774963,0.4754897654056549,-0.11631137877702713,0.99988853931427,0.7506017684936523,0.4770093560218811,-0.2268849015235901,0.9999908208847046,0.7749361395835876,0.4837934374809265,-0.25951671600341797,0.9998592138290405,0.768500566482544,0.48377665877342224,-0.2918834090232849,0.999930739402771,0.7275562882423401,0.5062743425369263,0.12156006693840027,0.9993622899055481,0.7549218535423279,0.5125083327293396,-0.2932279407978058,0.9999533891677856,0.7224105596542358,0.5513648390769958,0.22607889771461487,0.10487493872642517,0.7871858477592468,0.5555999279022217,-0.3077984154224396,0.9966223239898682,0.751319944858551,0.5738158226013184,0.17028184235095978,0.1648917943239212,0.8509056568145752,0.587161123752594,-0.2002570778131485,0.9761865139007568,0.756339967250824,0.5755992531776428,0.17491956055164337,0.18859826028347015,0.8644198179244995,0.5937158465385437,-0.22571870684623718,0.9514669179916382,0.761878490447998,0.574735164642334,0.14105966687202454,0.1939661204814911,0.8667810559272766,0.5924432277679443,-0.2114124447107315,0.9506404399871826,0.7563682794570923,0.5738140344619751,0.15309423208236694,0.1876429170370102,0.8611100912094116,0.5906620025634766,-0.1911132037639618,0.9247698783874512,0.6560710668563843,0.5860413312911987,0.13443264365196228,0.9994491934776306,0.6655172109603882,0.5892844796180725,-0.1348441243171692,0.9996548891067505,0.6837893128395081,0.6497036814689636,0.20420250296592712,0.4892469048500061,0.7040514349937439,0.6603343486785889,-0.11259551346302032,0.966821551322937,0.657752513885498,0.7000156044960022,0.3901004195213318,0.6754443645477295,0.6787671446800232,0.7199773788452148,0.017783692106604576,0.9816229343414307,0.6331647038459778,0.7106022834777832,0.4062470495700836,0.6760846376419067,0.6602259278297424,0.729756236076355,0.02948310226202011,0.9529455304145813,0.6699290871620178,0.7220110297203064,0.37516942620277405,0.754547655582428,0.7003151178359985,0.7339457869529724,-0.03433886915445328,0.9792865514755249
s_v3,79,1,0.7851100564002991,0.4756011366844177,-0.3737456798553467,0.9999879598617554,0.7863670587539673,0.47078222036361694,-0.3366187810897827,0.9999829530715942,0.7883436679840088,0.4709477126598358,-0.33665958046913147,0.9999659061431885,0.790229320526123,0.47106295824050903,-0.33673742413520813,0.9999599456787109,0.778308093547821,0.4705398678779602,-0.3622937798500061,0.9999909400939941,0.7746161818504333,0.4706248939037323,-0.36237478256225586,0.9999889135360718,0.7704792618751526,0.47076526284217834,-0.36236321926116943,0.9999915361404419,0.7865493893623352,0.47386831045150757,-0.15426872670650482,0.9997912049293518,0.7598718404769897,0.47403275966644287,-0.26546910405158997,0.9999845027923584,0.7863165140151978,0.48184943199157715,-0.3026774525642395,0.9997356534004211,0.7772455811500549,0.48117417097091675,-0.3350961208343506,0.9998654127120972,0.7451124787330627,0.5020865201950073,0.0955876037478447,0.9987146854400635,0.764761209487915,0.5106615424156189,-0.32290735840797424,0.9998958110809326,0.7465027570724487,0.5428613424301147,0.19424530863761902,0.08615589141845703,0.8015211820602417,0.55303555727005,-0.3127398192882538,0.9957712292671204,0.7631514072418213,0.5720620155334473,0.11584397405385971,0.11285053193569183,0.8438679575920105,0.5816601514816284,-0.16633614897727966,0.9560917019844055,0.7723356485366821,0.5850486159324646,0.11474031209945679,0.13001877069473267,0.8578857183456421,0.5864668488502502,-0.18391279876232147,0.9132430553436279,0.7757561802864075,0.5831188559532166,0.08174706250429153,0.13486914336681366,0.8577706813812256,0.584887683391571,-0.17913760244846344,0.911983072757721,0.7735680937767029,0.5812702178955078,0.0973815768957138,0.1338811218738556,0.8511021733283997,0.5845593810081482,-0.15964606404304504,0.8803408741950989,0.6677756309509277,0.5821264982223511,0.13584408164024353,0.9985999464988708,0.6769086122512817,0.5888957381248474,-0.13610099256038666,0.99891197681427,0.6898175477981567,0.6488946080207825,0.14657631516456604,0.4502750635147095,0.6965165734291077,0.6526870727539062,-0.13543079793453217,0.9692893624305725,0.6624355912208557,0.7077013254165649,0.29777655005455017,0.6193933486938477,0.6682928800582886,0.7171034216880798,-0.005644900258630514,0.9748159646987915,0.6451593637466431,0.7171511650085449,0.3085135221481323,0.5705242156982422,0.6480653882026672,0.7278316617012024,0.0038600931875407696,0.9257628917694092,0.6892291903495789,0.724602997303009,0.2690828740596771,0.7602952122688293,0.6957011818885803,0.7339171767234802,-0.0665966048836708,0.9742178320884705
s_v3,80,1,0.7957503795623779,0.4747990667819977,-0.3190402686595917,0.9999734163284302,0.7956048250198364,0.4700295329093933,-0.2848416566848755,0.999976396560669,0.7973409295082092,0.4699544310569763,-0.28489890694618225,0.9999544620513916,0.7990994453430176,0.4698931574821472,-0.2849690616130829,0.9999511241912842,0.788374125957489,0.47046005725860596,-0.31101247668266296,0.9999829530715942,0.7849945425987244,0.4707063138484955,-0.31105750799179077,0.9999773502349854,0.7815849781036377,0.4710218608379364,-0.31101369857788086,0.9999831914901733,0.7947084903717041,0.4724109470844269,-0.1131441742181778,0.9997960925102234,0.7716033458709717,0.4740699529647827,-0.22578807175159454,0.9999752044677734,0.7972206473350525,0.4808339774608612,-0.2525888681411743,0.9996664524078369,0.7894928455352783,0.48080819845199585,-0.28504636883735657,0.9997773766517639,0.7509959936141968,0.4993400573730469,0.12192516773939133,0.9988088607788086,0.772095799446106,0.5085200667381287,-0.27887609601020813,0.9997584223747253,0.7636597156524658,0.5342594981193542,0.19853021204471588,0.06259524077177048,0.8009355068206787,0.5496253967285156,-0.22976316511631012,0.9649277329444885,0.7996317744255066,0.5628015398979187,0.0826464518904686,0.10718660056591034,0.8211159706115723,0.5705121159553528,-0.07388585805892944,0.8222653269767761,0.8145040273666382,0.5706352591514587,0.071282297372818,0.12538225948810577,0.8313671350479126,0.5734831094741821,-0.08756521344184875,0.7478765845298767,0.8167956471443176,0.5673165321350098,0.037782683968544006,0.1343785673379898,0.8319520950317383,0.5714637041091919,-0.09656868129968643,0.7469966411590576,0.8068915009498596,0.5657196044921875,0.061790190637111664,0.1350470632314682,0.8249899744987488,0.5705534219741821,-0.07262276858091354,0.7217607498168945,0.6792212128639221,0.5776508450508118,0.1338178962469101,0.9972707629203796,0.6832708120346069,0.5842963457107544,-0.13388334214687347,0.9974958300590515,0.695568859577179,0.6457743048667908,0.12423937767744064,0.24364404380321503,0.6991115808486938,0.652461588382721,-0.12335427105426788,0.91489177942276,0.6688536405563354,0.7087604999542236,0.20118491351604462,0.4630849063396454,0.6752827167510986,0.7159057855606079,-0.042822446674108505,0.939507007598877,0.6523913145065308,0.7189395427703857,0.20200428366661072,0.47366300225257874,0.6548128724098206,0.7243610620498657,-0.04033222794532776,0.8879411220550537,0.6999932527542114,0.722758412361145,0.14380359649658203,0.6284322738647461,0.7024985551834106,0.7314124703407288,-0.12353412806987762,0.942661702632904
s_v3,81,1,0.8073334693908691,0.47187888622283936,-0.30815961956977844,0.9999840259552002,0.8058782815933228,0.46695154905319214,-0.26936599612236023,0.9999858140945435,0.8075132369995117,0.46699637174606323,-0.2694302499294281,0.9999755620956421,0.8090733289718628,0.4669708013534546,-0.26949161291122437,0.9999669790267944,0.7985455989837646,0.46748119592666626,-0.29219919443130493,0.9999899864196777,0.7951141595840454,0.4679979681968689,-0.29228341579437256,0.99998939037323,0.7916812896728516,0.4686107635498047,-0.2922329008579254,0.9999899864196777,0.8040297031402588,0.4698675274848938,-0.09070966392755508,0.9999004602432251,0.7809855341911316,0.47306883335113525,-0.18842139840126038,0.9999761581420898,0.8097671270370483,0.47801071405410767,-0.24102512001991272,0.9991942048072815,0.8017863631248474,0.4787546992301941,-0.26923778653144836,0.9994863271713257,0.7589648365974426,0.4954828917980194,0.12046853452920914,0.9939720034599304,0.7871423959732056,0.5084692239761353,-0.24839408695697784,0.9986005425453186,0.705140233039856,0.515799343585968,0.26335233449935913,0.08290202170610428,0.7606115341186523,0.5282973051071167,-0.32956719398498535,0.848229169845581,0.7271798253059387,0.5195397138595581,0.3396174907684326,0.053898293524980545,0.7766807079315186,0.5254567861557007,-0.3082457184791565,0.4606325924396515,0.7255644202232361,0.5231307148933411,0.35923588275909424,0.06438051909208298,0.7794560790061951,0.5249749422073364,-0.32901135087013245,0.39976751804351807,0.7324989438056946,0.5214405655860901,0.33700960874557495,0.06712515652179718,0.778159499168396,0.5215052366256714,-0.3254997730255127,0.401307076215744,0.7340375185012817,0.5214318633079529,0.32994186878204346,0.06275027245283127,0.7745532989501953,0.5224515795707703,-0.3059535622596741,0.4041128158569336,0.6907856464385986,0.5767739415168762,0.13317060470581055,0.996340274810791,0.6942328214645386,0.5820695161819458,-0.13330809772014618,0.998216450214386,0.7079938054084778,0.6427817940711975,0.15552662312984467,0.495414137840271,0.7160521745681763,0.6480934023857117,-0.17134547233581543,0.9850769639015198,0.6790856122970581,0.7035731077194214,0.24286988377571106,0.7373397350311279,0.6848626732826233,0.7139793634414673,-0.14893046021461487,0.9925023317337036,0.6595745086669922,0.7116583585739136,0.24520887434482574,0.6046196818351746,0.6634212732315063,0.7221730947494507,-0.14987146854400635,0.9746659994125366,0.7115073800086975,0.7205106019973755,0.20213133096694946,0.7917299866676331,0.7216247916221619,0.736115038394928,-0.2232617884874344,0.990691065788269
s_v3,82,1,0.8207556009292603,0.475132554769516,-0.347555011510849,0.9999746084213257,0.8202745914459229,0.4698895215988159,-0.3075830638408661,0.9999707937240601,0.8220745325088501,0.4698207378387451,-0.3076744079589844,0.9999439716339111,0.8238032460212708,0.4698428511619568,-0.30774375796318054,0.9999325275421143,0.8122243285179138,0.47086629271507263,-0.3270634114742279,0.9999831914901733,0.8084394335746765,0.47148385643959045,-0.327136367559433,0.9999804496765137,0.804531991481781,0.472189724445343,-0.32709231972694397,0.9999816417694092,0.8173707723617554,0.4735627770423889,-0.12316813319921494,0.9998949766159058,0.7932497262954712,0.4760371148586273,-0.20955370366573334,0.9999542236328125,0.8222441077232361,0.481282502412796,-0.27901318669319153,0.9993960857391357,0.8137744665145874,0.48209282755851746,-0.304386705160141,0.999548614025116,0.7749050855636597,0.49691009521484375,0.06378170847892761,0.9951291084289551,0.7934120297431946,0.5079724788665771,-0.25009217858314514,0.999220609664917,0.7268515825271606,0.49771127104759216,0.23541869223117828,0.5293986201286316,0.7381134033203125,0.5135083198547363,-0.4674047827720642,0.7863889932632446,0.7159395813941956,0.4956846237182617,0.4015837609767914,0.24916274845600128,0.727491021156311,0.5080430507659912,-0.6647219061851501,0.673141598701477,0.7032674551010132,0.4950633645057678,0.431952565908432,0.21597839891910553,0.7118591070175171,0.5020250082015991,-0.7124165892601013,0.6536924839019775,0.7062722444534302,0.4946926534175873,0.41845741868019104,0.2185579240322113,0.7148830890655518,0.5017324686050415,-0.7014859914779663,0.6593250632286072,0.7136980295181274,0.4957035183906555,0.3987811505794525,0.2070501744747162,0.7231246829032898,0.5066400766372681,-0.6661303043365479,0.6336461305618286,0.7061746716499329,0.5777700543403625,0.1248033344745636,0.9988112449645996,0.7020578980445862,0.5817128419876099,-0.12511032819747925,0.999407172203064,0.7126344442367554,0.6460674405097961,0.12825176119804382,0.5401615500450134,0.7307810187339783,0.6437464952468872,-0.1671433001756668,0.984158992767334,0.6796547770500183,0.7067368030548096,0.20261524617671967,0.703532874584198,0.7184515595436096,0.7189526557922363,-0.12163371592760086,0.989769697189331,0.6613216400146484,0.7143473029136658,0.20597699284553528,0.5942878127098083,0.7021827101707458,0.7309846878051758,-0.11683593690395355,0.9691646099090576,0.7159034013748169,0.7273520231246948,0.1628083735704422,0.6923987865447998,0.7519482970237732,0.7442708015441895,-0.17851875722408295,0.9853443503379822
s_v3,83,1,0.8294493556022644,0.4758034646511078,-0.34020137786865234,0.9999768733978271,0.829846978187561,0.47162801027297974,-0.3028147220611572,0.9999701976776123,0.8317239284515381,0.47176527976989746,-0.30288612842559814,0.9999353885650635,0.8334698677062988,0.47194546461105347,-0.3029475212097168,0.9999278783798218,0.8222957849502563,0.47207528352737427,-0.3278730809688568,0.9999885559082031,0.818517804145813,0.4725644886493683,-0.32796239852905273,0.9999862909317017,0.8144800066947937,0.4729989767074585,-0.32794463634490967,0.9999890327453613,0.8276721239089966,0.4754589796066284,-0.1268422156572342,0.9998014569282532,0.8036603927612305,0.47576403617858887,-0.23901963233947754,0.9999606609344482,0.8303531408309937,0.4816218614578247,-0.2734549641609192,0.999259889125824,0.8218487501144409,0.4823480248451233,-0.30640578269958496,0.9996212720870972,0.781796395778656,0.5004304647445679,0.06293781846761703,0.9789936542510986,0.8035260438919067,0.5073981881141663,-0.2939055860042572,0.9991011619567871,0.7277515530586243,0.5052794814109802,0.22713470458984375,0.3355708420276642,0.7864255309104919,0.5272542834281921,-0.5497896075248718,0.8987723588943481,0.6923049092292786,0.49421608448028564,0.3683197796344757,0.3968570828437805,0.7981644868850708,0.5191307067871094,-0.7759117484092712,0.8639376163482666,0.6859323978424072,0.4893577992916107,0.4010242521762848,0.399159699678421,0.7961875796318054,0.5165902972221375,-0.8357983827590942,0.8475071787834167,0.6906744837760925,0.4863468408584595,0.3856484889984131,0.39374980330467224,0.7979275584220886,0.5131033658981323,-0.8146868944168091,0.8449568152427673,0.6950122714042664,0.48831841349601746,0.36523082852363586,0.3411406874656677,0.797343909740448,0.5150241851806641,-0.7738574147224426,0.7965260744094849,0.7198339700698853,0.5825786590576172,0.12964507937431335,0.9964008331298828,0.7160175442695618,0.5831663012504578,-0.13006606698036194,0.9992870688438416,0.71164470911026,0.6512614488601685,0.21637314558029175,0.6519003510475159,0.747153103351593,0.6508342623710632,-0.22945934534072876,0.9929702877998352,0.6684773564338684,0.7090960144996643,0.356829971075058,0.8572478890419006,0.7541235089302063,0.727189838886261,-0.23840664327144623,0.996682345867157,0.6488742828369141,0.7119991183280945,0.36685094237327576,0.7458851933479309,0.7398297786712646,0.7373626828193665,-0.24056804180145264,0.9870437979698181,0.688278079032898,0.7320564985275269,0.32550135254859924,0.844438374042511,0.7862935662269592,0.7533115148544312,-0.32731950283050537,0.9941071271896362
s_v3,84,1,0.8362486362457275,0.4800213575363159,-0.35856083035469055,0.9999608993530273,0.836394727230072,0.4754757881164551,-0.3262920677661896,0.9999480247497559,0.8379275798797607,0.47553759813308716,-0.32634109258651733,0.9999071359634399,0.8396139144897461,0.4756060838699341,-0.3263813257217407,0.9998937845230103,0.8282400369644165,0.47552114725112915,-0.34235507249832153,0.9999748468399048,0.8238437175750732,0.4756670594215393,-0.3424757122993469,0.9999707937240601,0.8194420337677002,0.47586509585380554,-0.3424740135669708,0.9999775886535645,0.8348273038864136,0.477710485458374,-0.15263858437538147,0.9997138381004333,0.8080955743789673,0.4781380891799927,-0.2256094217300415,0.9999227523803711,0.8384343385696411,0.4855528473854065,-0.2918388843536377,0.9993378520011902,0.8292628526687622,0.4859500527381897,-0.3130474090576172,0.9997099041938782,0.8062504529953003,0.5054226517677307,0.026896651834249496,0.9925761222839355,0.8001936674118042,0.5078346729278564,-0.24061378836631775,0.9997692704200745,0.7707154154777527,0.5187881588935852,0.12943507730960846,0.24161143600940704,0.7398183941841125,0.5306628942489624,-0.4297543168067932,0.8335865139961243,0.7551863193511963,0.5009657740592957,0.16102024912834167,0.2878437936306,0.7310475707054138,0.5109074115753174,-0.6592725515365601,0.7798850536346436,0.7461054921150208,0.4980310797691345,0.16754209995269775,0.30413880944252014,0.724511444568634,0.5037009716033936,-0.71629798412323,0.7735046148300171,0.7546856999397278,0.49455374479293823,0.14890654385089874,0.3036974370479584,0.7254918217658997,0.49986252188682556,-0.7103529572486877,0.7772930264472961,0.7583465576171875,0.4967193603515625,0.15323947370052338,0.27794769406318665,0.7191680073738098,0.4948127269744873,-0.663304328918457,0.7483528256416321,0.7325233817100525,0.587018609046936,0.11990205198526382,0.9982476234436035,0.7293800711631775,0.5903197526931763,-0.12006892263889313,0.9998480081558228,0.7177742719650269,0.6472235918045044,0.29126542806625366,0.6295052170753479,0.7611700296401978,0.6551372408866882,-0.24492405354976654,0.9957030415534973,0.6728619933128357,0.704425036907196,0.49916091561317444,0.8943073153495789,0.7701476216316223,0.7379427552223206,-0.2856360673904419,0.9977819323539734,0.6543436050415039,0.7075347304344177,0.5154742002487183,0.806861937046051,0.7507796883583069,0.7489711046218872,-0.29279467463493347,0.9884508848190308,0.6906291246414185,0.7305530905723572,0.470194548368454,0.8784347176551819,0.804558515548706,0.7591027021408081,-0.40767377614974976,0.9951366782188416
s_v3,85,1,0.8451723456382751,0.4830573797225952,-0.27255779504776,0.9999198913574219,0.847072958946228,0.4777567684650421,-0.2506767809391022,0.9998847246170044,0.8487215042114258,0.47762396931648254,-0.2507645785808563,0.9998140931129456,0.8503139019012451,0.4775320291519165,-0.2507801353931427,0.9997841715812683,0.8391600847244263,0.4780862331390381,-0.264496773481369,0.999933123588562,0.8350213170051575,0.47830021381378174,-0.2645912766456604,0.9999231100082397,0.830689013004303,0.47853323817253113,-0.26455244421958923,0.9999279975891113,0.8456483483314514,0.47949662804603577,-0.11933138221502304,0.9995946288108826,0.8187762498855591,0.479758620262146,-0.1833869218826294,0.9997513890266418,0.8461481928825378,0.48899540305137634,-0.22016273438930511,0.9991187453269958,0.8364554643630981,0.48934879899024963,-0.23888130486011505,0.9994756579399109,0.7969304323196411,0.5029041171073914,0.012671633623540401,0.9966022968292236,0.8100441098213196,0.5100039839744568,-0.2027226984500885,0.9996089339256287,0.7326962947845459,0.5054506063461304,0.07369676232337952,0.8584256768226624,0.7885410785675049,0.5385599136352539,-0.3816416561603546,0.5661702752113342,0.6907067894935608,0.48614978790283203,0.1295497566461563,0.7825401425361633,0.7797341346740723,0.5225155353546143,-0.5434257984161377,0.41252782940864563,0.6843469142913818,0.4794729948043823,0.13089537620544434,0.721646785736084,0.7743970155715942,0.5172187685966492,-0.5856049060821533,0.41995951533317566,0.6893218755722046,0.47806018590927124,0.12839022278785706,0.7229068279266357,0.7727521061897278,0.5133790373802185,-0.5778537392616272,0.4289200007915497,0.6903989911079407,0.48117172718048096,0.1286468356847763,0.6531037092208862,0.7748000621795654,0.5164269804954529,-0.5454803109169006,0.42064473032951355,0.7433628439903259,0.592784583568573,0.1137048676609993,0.9985142350196838,0.7441895008087158,0.597673237323761,-0.11391168087720871,0.9998446702957153,0.7443652749061584,0.651353657245636,0.2905465066432953,0.5782331824302673,0.7824597954750061,0.6577222347259521,-0.20197196304798126,0.9910860657691956,0.6882674694061279,0.7017754316329956,0.5170613527297974,0.7871688604354858,0.7750532031059265,0.7382884621620178,-0.21286246180534363,0.9941747784614563,0.6721368432044983,0.702255129814148,0.537388026714325,0.7160229682922363,0.7542942762374878,0.7497532367706299,-0.21536746621131897,0.9838428497314453,0.7004594802856445,0.7191641330718994,0.5214544534683228,0.8096597790718079,0.8083475828170776,0.7574396133422852,-0.29332655668258667,0.9904597997665405
s_v3,86,1,0.8617050647735596,0.48660820722579956,-0.16635169088840485,0.9998207688331604,0.8606435060501099,0.4807202219963074,-0.1572270691394806,0.9997779726982117,0.8616244792938232,0.48046714067459106,-0.15733397006988525,0.9997220635414124,0.8624789118766785,0.4801921546459198,-0.15734440088272095,0.9996637105941772,0.8543729186058044,0.48134157061576843,-0.174260213971138,0.9998577833175659,0.8507563471794128,0.48155903816223145,-0.17434364557266235,0.9998550415039062,0.8468278050422668,0.4817195236682892,-0.17430251836776733,0.9998412132263184,0.8534889221191406,0.4810101389884949,-0.07934164255857468,0.9995658993721008,0.8356616497039795,0.48308008909225464,-0.15818308293819427,0.9995773434638977,0.8615025281906128,0.49100160598754883,-0.13187195360660553,0.998979389667511,0.8548949956893921,0.4921421408653259,-0.15515632927417755,0.9992620348930359,0.7919833660125732,0.5030366778373718,0.014040648005902767,0.9982830286026001,0.8377053737640381,0.5145330429077148,-0.18882416188716888,0.9995081424713135,0.7166555523872375,0.5091204643249512,0.09170475602149963,0.967671275138855,0.824763834476471,0.5466430187225342,-0.34737128019332886,0.47786518931388855,0.6845816969871521,0.4876899719238281,0.19979539513587952,0.9092283248901367,0.8254988193511963,0.5294767618179321,-0.45469310879707336,0.31052252650260925,0.6715866923332214,0.48068416118621826,0.20993630588054657,0.85570228099823,0.8233237862586975,0.5239928364753723,-0.4846991300582886,0.32380929589271545,0.6789968013763428,0.4784914255142212,0.20936833322048187,0.8549511432647705,0.8195412755012512,0.5203697681427002,-0.4729115068912506,0.325451135635376,0.6827671527862549,0.4822233319282532,0.20179100334644318,0.7909973859786987,0.820319414138794,0.5232073068618774,-0.4528338313102722,0.31217873096466064,0.7499737739562988,0.5939171314239502,0.10925567150115967,0.9992819428443909,0.7617902755737305,0.6002045273780823,-0.10954388231039047,0.9998854398727417,0.7494564652442932,0.6512322425842285,0.27444010972976685,0.7940161228179932,0.7930344939231873,0.6646086573600769,-0.1576223522424698,0.993196964263916,0.6938687562942505,0.7003071308135986,0.4489748179912567,0.8976975083351135,0.7839266657829285,0.7351905107498169,-0.16472619771957397,0.9963506460189819,0.6807109117507935,0.7028487324714661,0.464235782623291,0.8563409447669983,0.7660096287727356,0.74819415807724,-0.16629421710968018,0.9902378916740417,0.702842116355896,0.7221084833145142,0.44203153252601624,0.8822149634361267,0.8084682822227478,0.7562146186828613,-0.24295909702777863,0.9932777285575867
s_v3,87,1,0.8709803819656372,0.4859486222267151,-0.14525741338729858,0.9999696016311646,0.8705369234085083,0.48013728857040405,-0.1318739950656891,0.9999574422836304,0.8715953826904297,0.4800407886505127,-0.13195286691188812,0.9999366998672485,0.8726464509963989,0.4799906313419342,-0.131947323679924,0.9999077320098877,0.8642800450325012,0.4803470969200134,-0.14737434685230255,0.9999731779098511,0.8606817126274109,0.480562686920166,-0.1474313735961914,0.999970555305481,0.8563847541809082,0.480781614780426,-0.14734314382076263,0.9999653100967407,0.863673210144043,0.4817652702331543,-0.050942253321409225,0.9998863935470581,0.8432607650756836,0.482277512550354,-0.11958102136850357,0.9999300241470337,0.8705652952194214,0.49210125207901,-0.11007779091596603,0.9995025396347046,0.8630132079124451,0.4931117594242096,-0.12993724644184113,0.9996169805526733,0.7846903800964355,0.5023382306098938,0.05356738343834877,0.998991072177887,0.8530635833740234,0.5177209973335266,-0.15748922526836395,0.9997065663337708,0.7087891101837158,0.5115534067153931,0.12922585010528564,0.9761414527893066,0.876961350440979,0.5509159564971924,-0.20069052278995514,0.6428832411766052,0.6736022233963013,0.4909878373146057,0.24953137338161469,0.9294271469116211,0.8435509204864502,0.5400464534759521,-0.12079151719808578,0.37557151913642883,0.6639891862869263,0.48561346530914307,0.26731911301612854,0.8701221942901611,0.8466360569000244,0.5353923439979553,-0.11190038174390793,0.3612990975379944,0.668781042098999,0.4828909635543823,0.27697494626045227,0.8670209646224976,0.8358557224273682,0.5323230624198914,-0.10590183734893799,0.36169904470443726,0.6740729808807373,0.48547130823135376,0.2559238374233246,0.7976755499839783,0.8415769934654236,0.5340995788574219,-0.11481887102127075,0.37355461716651917,0.7546523809432983,0.5974481701850891,0.1060238629579544,0.9989098310470581,0.7766573429107666,0.6042422652244568,-0.10663866251707077,0.9995599389076233,0.7704212665557861,0.6648890972137451,0.26993030309677124,0.5574129819869995,0.8039142489433289,0.6773254871368408,-0.0162813700735569,0.9320041537284851,0.7122511267662048,0.708632230758667,0.33086323738098145,0.6913711428642273,0.7856890559196472,0.7433468103408813,-0.03935446962714195,0.9506649971008301,0.6983488202095032,0.7158224582672119,0.3370181620121002,0.7689688801765442,0.7613124251365662,0.7501293420791626,-0.03896583616733551,0.9571869969367981,0.7379694581031799,0.7298427224159241,0.34619221091270447,0.6194162964820862,0.8118174076080322,0.7563021183013916,-0.06340481340885162,0.9104476571083069
s_v3,88,1,0.8841486573219299,0.48310136795043945,-0.18117985129356384,0.999664306640625,0.8825551867485046,0.4767604470252991,-0.16032856702804565,0.9997331500053406,0.8832428455352783,0.4764406085014343,-0.1604824662208557,0.9996063113212585,0.8839257955551147,0.47611552476882935,-0.1604653000831604,0.9995168447494507,0.8766095638275146,0.47765296697616577,-0.18613272905349731,0.9998238682746887,0.8727138638496399,0.47789448499679565,-0.1862001121044159,0.9998137354850769,0.8685604929924011,0.47823649644851685,-0.18618524074554443,0.9997791647911072,0.8740978240966797,0.47760605812072754,-0.05070207267999649,0.9994034767150879,0.8552730083465576,0.480704665184021,-0.16620922088623047,0.9994105100631714,0.883780837059021,0.4885176122188568,-0.1365143358707428,0.9970858693122864,0.8769896030426025,0.48949116468429565,-0.17003440856933594,0.9965943694114685,0.8024625182151794,0.4993528127670288,0.06993533670902252,0.9985186457633972,0.8635426759719849,0.5122618675231934,-0.20315852761268616,0.9959184527397156,0.728500485420227,0.5103594660758972,0.13112773001194,0.9959606528282166,0.8965469598770142,0.5474678874015808,-0.2964726388454437,0.832176923751831,0.6714901924133301,0.5022009015083313,0.18759486079216003,0.9661422371864319,0.8764181137084961,0.5281972885131836,-0.27815771102905273,0.5479111671447754,0.6532406210899353,0.49790674448013306,0.19506800174713135,0.9122176766395569,0.8717104196548462,0.5232084393501282,-0.2889515459537506,0.5084042549133301,0.6571919918060303,0.4951053261756897,0.197145476937294,0.9065225720405579,0.8639639019966125,0.5203673243522644,-0.27890974283218384,0.48349758982658386,0.6643974184989929,0.49725523591041565,0.18955537676811218,0.8357902765274048,0.8654618263244629,0.5232862234115601,-0.2725786864757538,0.43815910816192627,0.7697849869728088,0.5907650589942932,0.12634801864624023,0.9950313568115234,0.7820245623588562,0.5953062176704407,-0.12677200138568878,0.9934718608856201,0.8134899139404297,0.6557286381721497,0.07249956578016281,0.43432626128196716,0.815281331539154,0.6665170788764954,-0.14890062808990479,0.9120240807533264,0.7638240456581116,0.7207589745521545,0.144099622964859,0.3562339246273041,0.771186113357544,0.7323610186576843,-0.09743013978004456,0.8890513777732849,0.7428967952728271,0.7297775745391846,0.14795663952827454,0.4189697802066803,0.7489827871322632,0.7434792518615723,-0.09438587725162506,0.8496671915054321,0.802012026309967,0.7385958433151245,0.11870874464511871,0.506914496421814,0.8033277988433838,0.7499206066131592,-0.1497764140367508,0.8873083591461182
s_v3,89,1,0.8951584100723267,0.4766159653663635,-0.19223342835903168,0.999850869178772,0.8942922353744507,0.4707944989204407,-0.1691124588251114,0.9998537302017212,0.8949955701828003,0.4706137478351593,-0.16929329931735992,0.9998049139976501,0.8957439661026001,0.4704025983810425,-0.16928225755691528,0.9997500777244568,0.8888705372810364,0.4709809422492981,-0.19277241826057434,0.9998657703399658,0.8852801322937012,0.4710897207260132,-0.19282901287078857,0.9998477697372437,0.8814793825149536,0.47120749950408936,-0.19283440709114075,0.9998180270195007,0.8866499066352844,0.4716086685657501,-0.058445822447538376,0.9996077418327332,0.8664878606796265,0.47400033473968506,-0.16235613822937012,0.9996654987335205,0.894444465637207,0.48281484842300415,-0.14762663841247559,0.9988417029380798,0.8886168003082275,0.48285141587257385,-0.177887961268425,0.9986205101013184,0.8142411708831787,0.49508482217788696,0.059260182082653046,0.9995334148406982,0.8788086175918579,0.5098929405212402,-0.18206101655960083,0.997554361820221,0.7518574595451355,0.5083690881729126,0.10885114967823029,0.9970782995223999,0.9019788503646851,0.5482296943664551,-0.09701178222894669,0.8721994757652283,0.6836588978767395,0.514717161655426,0.11048191040754318,0.9845795631408691,0.8848472833633423,0.5363879203796387,0.12847842276096344,0.4952680170536041,0.6601507663726807,0.5151323676109314,0.1059950515627861,0.955070972442627,0.8794629573822021,0.5343565940856934,0.14417369663715363,0.4266824722290039,0.6613536477088928,0.5146453380584717,0.1039244756102562,0.9525805115699768,0.8690812587738037,0.5303766131401062,0.13544130325317383,0.419137179851532,0.6706006526947021,0.5158292651176453,0.10843715071678162,0.9123877286911011,0.8691346645355225,0.532112181186676,0.13187381625175476,0.40572768449783325,0.7778581976890564,0.5859062075614929,0.11500581353902817,0.998195469379425,0.7930478453636169,0.5907670855522156,-0.11546216160058975,0.9972586631774902,0.8266571164131165,0.6518039703369141,0.0626668855547905,0.560878574848175,0.8225492238998413,0.6606959700584412,-0.15893402695655823,0.9562986493110657,0.7718371748924255,0.7181557416915894,0.12106036394834518,0.6140561699867249,0.7807666063308716,0.7307113409042358,-0.13670429587364197,0.9296198487281799,0.7551406621932983,0.7178047895431519,0.12331891804933548,0.5988091230392456,0.7616844177246094,0.7419408559799194,-0.1365322321653366,0.8803685307502747,0.8029623031616211,0.7372463941574097,0.0761823058128357,0.7156028151512146,0.810757040977478,0.7504039406776428,-0.21109090745449066,0.9253812432289124
s_v3,90,1,0.8946163058280945,0.4773624837398529,-0.2218768447637558,0.9998601675033569,0.8936642408370972,0.4711739718914032,-0.19797265529632568,0.9998594522476196,0.8943958878517151,0.47096771001815796,-0.19815461337566376,0.9998059868812561,0.8951885104179382,0.47070741653442383,-0.1981378197669983,0.9997401833534241,0.8879077434539795,0.4715031087398529,-0.22075532376766205,0.9998788833618164,0.8842666149139404,0.47161930799484253,-0.2208215445280075,0.9998607635498047,0.8804558515548706,0.47177445888519287,-0.22083693742752075,0.9998364448547363,0.8862599730491638,0.4717854857444763,-0.08280176669359207,0.9995421171188354,0.8659456372261047,0.47446855902671814,-0.18228676915168762,0.9997196793556213,0.8939294815063477,0.48355409502983093,-0.17563040554523468,0.9988634586334229,0.8878237009048462,0.483803391456604,-0.20457936823368073,0.9988375306129456,0.8141871094703674,0.4949615001678467,0.04281608760356903,0.9995182752609253,0.8793257474899292,0.5103715062141418,-0.1992834210395813,0.9983071088790894,0.7519208788871765,0.5082411170005798,0.08970347791910172,0.9969385862350464,0.9061927199363708,0.5497342944145203,-0.0938510000705719,0.8922509551048279,0.6832826137542725,0.5142536759376526,0.08449705690145493,0.9843815565109253,0.8694105744361877,0.5363232493400574,0.15737207233905792,0.5119094252586365,0.6596734523773193,0.5145735144615173,0.0784057080745697,0.9556326270103455,0.8767945170402527,0.5405871272087097,0.17674370110034943,0.4387400448322296,0.6609625816345215,0.5141465067863464,0.07717402279376984,0.9533291459083557,0.8665552139282227,0.5364919900894165,0.16593001782894135,0.43195465207099915,0.6701715588569641,0.5153128504753113,0.08236115425825119,0.9136326909065247,0.8664271831512451,0.5377786159515381,0.16083340346813202,0.42059826850891113,0.7787229418754578,0.5864681005477905,0.11666028946638107,0.998415470123291,0.7940600514411926,0.5915728807449341,-0.11715720593929291,0.9979283809661865,0.8319748044013977,0.6524739861488342,0.08321735262870789,0.5718873143196106,0.820149302482605,0.6610352993011475,-0.15489442646503448,0.9624974727630615,0.7710604071617126,0.7169240117073059,0.14314238727092743,0.6787639260292053,0.782612144947052,0.7317487597465515,-0.14478102326393127,0.9507874250411987,0.754356861114502,0.7182716131210327,0.14591778814792633,0.6584435105323792,0.7669014930725098,0.7430363297462463,-0.1458911895751953,0.9099214673042297,0.801068902015686,0.7364564538002014,0.10197192430496216,0.7752135992050171,0.8105285167694092,0.7506778240203857,-0.22268794476985931,0.947372555732727
