video_id,frame_id,target_detected,landmark_0_x,landmark_0_y,landmark_0_z,landmark_0_visibility,landmark_1_x,landmark_1_y,landmark_1_z,landmark_1_visibility,landmark_2_x,landmark_2_y,landmark_2_z,landmark_2_visibility,landmark_3_x,landmark_3_y,landmark_3_z,landmark_3_visibility,landmark_4_x,landmark_4_y,landmark_4_z,landmark_4_visibility,landmark_5_x,landmark_5_y,landmark_5_z,landmark_5_visibility,landmark_6_x,landmark_6_y,landmark_6_z,landmark_6_visibility,landmark_7_x,landmark_7_y,landmark_7_z,landmark_7_visibility,landmark_8_x,landmark_8_y,landmark_8_z,landmark_8_visibility,landmark_9_x,landmark_9_y,landmark_9_z,landmark_9_visibility,landmark_10_x,landmark_10_y,landmark_10_z,landmark_10_visibility,landmark_11_x,landmark_11_y,landmark_11_z,landmark_11_visibility,landmark_12_x,landmark_12_y,landmark_12_z,landmark_12_visibility,landmark_13_x,landmark_13_y,landmark_13_z,landmark_13_visibility,landmark_14_x,landmark_14_y,landmark_14_z,landmark_14_visibility,landmark_15_x,landmark_15_y,landmark_15_z,landmark_15_visibility,landmark_16_x,landmark_16_y,landmark_16_z,landmark_16_visibility,landmark_17_x,landmark_17_y,landmark_17_z,landmark_17_visibility,landmark_18_x,landmark_18_y,landmark_18_z,landmark_18_visibility,landmark_19_x,landmark_19_y,landmark_19_z,landmark_19_visibility,landmark_20_x,landmark_20_y,landmark_20_z,landmark_20_visibility,landmark_21_x,landmark_21_y,landmark_21_z,landmark_21_visibility,landmark_22_x,landmark_22_y,landmark_22_z,landmark_22_visibility,landmark_23_x,landmark_23_y,landmark_23_z,landmark_23_visibility,landmark_24_x,landmark_24_y,landmark_24_z,landmark_24_visibility,landmark_25_x,landmark_25_y,landmark_25_z,landmark_25_visibility,landmark_26_x,landmark_26_y,landmark_26_z,landmark_26_visibility,landmark_27_x,landmark_27_y,landmark_27_z,landmark_27_visibility,landmark_28_x,landmark_28_y,landmark_28_z,landmark_28_visibility,landmark_29_x,landmark_29_y,landmark_29_z,landmark_29_visibility,landmark_30_x,landmark_30_y,landmark_30_z,landmark_30_visibility,landmark_31_x,landmark_31_y,landmark_31_z,landmark_31_visibility,landmark_32_x,landmark_32_y,landmark_32_z,landmark_32_visibility
s_v4,1,0,,,,,,,,,,,,,,,,,,,,,,,,,,,,,,,,,,,,,,,,,,,,,,,,,,,,,,,,,,,,,,,,,,,,,,,,,,,,,,,,,,,,,,,,,,,,,,,,,,,,,,,,,,,,,,,,,,,,,,,,,,,,,,,,,,,,
s_v4,2,0,,,,,,,,,,,,,,,,,,,,,,,,,,,,,,,,,,,,,,,,,,,,,,,,,,,,,,,,,,,,,,,,,,,,,,,,,,,,,,,,,,,,,,,,,,,,,,,,,,,,,,,,,,,,,,,,,,,,,,,,,,,,,,,,,,,,
s_v4,3,0,,,,,,,,,,,,,,,,,,,,,,,,,,,,,,,,,,,,,,,,,,,,,,,,,,,,,,,,,,,,,,,,,,,,,,,,,,,,,,,,,,,,,,,,,,,,,,,,,,,,,,,,,,,,,,,,,,,,,,,,,,,,,,,,,,,,
s_v4,4,0,,,,,,,,,,,,,,,,,,,,,,,,,,,,,,,,,,,,,,,,,,,,,,,,,,,,,,,,,,,,,,,,,,,,,,,,,,,,,,,,,,,,,,,,,,,,,,,,,,,,,,,,,,,,,,,,,,,,,,,,,,,,,,,,,,,,
s_v4,5,1,0.5228012204170227,0.3942606747150421,0.02209596335887909,0.9979360103607178,0.5254497528076172,0.3913492262363434,0.023723330348730087,0.9991324543952942,0.5267965793609619,0.3912114202976227,0.02362525835633278,0.999184787273407,0.5281940698623657,0.3910331130027771,0.02355925366282463,0.9993232488632202,0.5220166444778442,0.3914259970188141,0.03225523605942726,0.997458279132843,0.521349310874939,0.3915180265903473,0.032299526035785675,0.9966371059417725,0.5206975340843201,0.3916201889514923,0.032251305878162384,0.9971275925636292,0.5335397124290466,0.3922311067581177,0.048367854207754135,0.9994334578514099,0.524364709854126,0.3932943046092987,0.08958043903112411,0.9974405765533447,0.5267079472541809,0.3973303437232971,0.032454825937747955,0.9987019300460815,0.5231015086174011,0.39766520261764526,0.04406144097447395,0.9968609809875488,0.5503420829772949,0.4086291790008545,0.06733763962984085,0.9999233484268188,0.5215931534767151,0.40991055965423584,0.07379520684480667,0.9994450211524963,0.5475283861160278,0.42138299345970154,-0.04902462661266327,0.7767870426177979,0.5063968896865845,0.42847543954849243,-0.010703968815505505,0.25847703218460083,0.5397213101387024,0.40340447425842285,-0.14368773996829987,0.7987487316131592,0.5215445756912231,0.4303276836872101,-0.1059112548828125,0.16852954030036926,0.5333288908004761,0.401506245136261,-0.1664060354232788,0.7567764520645142,0.52293860912323,0.43136852979660034,-0.1226300448179245,0.17450711131095886,0.5360722541809082,0.40099525451660156,-0.1533183753490448,0.7475420832633972,0.5237252712249756,0.42865851521492004,-0.126060351729393,0.17573747038841248,0.5387818217277527,0.40383458137512207,-0.141278475522995,0.6703314781188965,0.5232428908348083,0.42861294746398926,-0.11094000935554504,0.17385333776474,0.5039085149765015,0.4559687077999115,0.013999576680362225,0.9998668432235718,0.48764634132385254,0.449754923582077,-0.01411471888422966,0.9994182586669922,0.5471042394638062,0.4848974049091339,-0.13064558804035187,0.9748254418373108,0.49665531516075134,0.46017560362815857,-0.18382783234119415,0.9766070246696472,0.5323767066001892,0.5305362343788147,-0.18320143222808838,0.9734106659889221,0.46078553795814514,0.49209654331207275,-0.19810494780540466,0.8938045501708984,0.5218009948730469,0.536081850528717,-0.19210903346538544,0.8899204134941101,0.455556184053421,0.4955585300922394,-0.19900228083133698,0.6557353138923645,0.5354086756706238,0.545315146446228,-0.27213284373283386,0.9570245146751404,0.45890018343925476,0.5068449378013611,-0.26068246364593506,0.888454794883728
s_v4,6,1,0.5266145467758179,0.39010703563690186,0.1367134004831314,0.9995898604393005,0.5296366810798645,0.3872075080871582,0.1439797282218933,0.9997606873512268,0.531457781791687,0.3870944380760193,0.14392724633216858,0.9997754693031311,0.5334092974662781,0.3869621753692627,0.14386862516403198,0.9998434782028198,0.5252353549003601,0.3875383734703064,0.15609994530677795,0.999512791633606,0.5239033699035645,0.38765662908554077,0.15612612664699554,0.9993777275085449,0.5225674510002136,0.38777196407318115,0.15609987080097198,0.9995924830436707,0.5393002033233643,0.38863876461982727,0.1635732799768448,0.9998486042022705,0.5257579684257507,0.3900442123413086,0.22151368856430054,0.9992166757583618,0.5312301516532898,0.39390039443969727,0.14198142290115356,0.9993164539337158,0.5260928869247437,0.3940792977809906,0.15844058990478516,0.9978684186935425,0.5573745369911194,0.4071136713027954,0.1449730098247528,0.9999294281005859,0.5225028991699219,0.40762579441070557,0.20952704548835754,0.999107301235199,0.5647767782211304,0.39758720993995667,0.15945109724998474,0.7443598508834839,0.4983283281326294,0.4207698404788971,0.21408765017986298,0.2834530174732208,0.5343763828277588,0.39626920223236084,0.2922643721103668,0.5390234589576721,0.5155553221702576,0.40796977281570435,0.24202124774456024,0.2217208594083786,0.5292419791221619,0.395362913608551,0.30627843737602234,0.3871666491031647,0.5216055512428284,0.4047609269618988,0.24457940459251404,0.185429647564888,0.52824866771698,0.3975813090801239,0.3119071125984192,0.37473759055137634,0.5215593576431274,0.4033392369747162,0.24974997341632843,0.17874175310134888,0.5303986668586731,0.3984507918357849,0.2980784475803375,0.3256370425224304,0.5235164761543274,0.401302307844162,0.24358360469341278,0.18853287398815155,0.5226494073867798,0.45150601863861084,-0.01282961294054985,0.9998363256454468,0.49809956550598145,0.4457777440547943,0.012684033252298832,0.9994643330574036,0.5378978252410889,0.4885866940021515,-0.16515254974365234,0.9583402276039124,0.4762604236602783,0.469078004360199,-0.13051652908325195,0.9242876172065735,0.5325868129730225,0.5290699005126953,-0.24782051146030426,0.9071838855743408,0.4567875862121582,0.4985961616039276,-0.20323224365711212,0.6319954991340637,0.5287171602249146,0.5343852043151855,-0.2603083848953247,0.7253857851028442,0.45568549633026123,0.5028179883956909,-0.21197868883609772,0.49766090512275696,0.5320543050765991,0.5437870025634766,-0.3364124298095703,0.8475302457809448,0.44714638590812683,0.5121860504150391,-0.2715359628200531,0.7239145040512085
s_v4,7,1,0.5292555689811707,0.38493138551712036,-0.11382221430540085,0.9887944459915161,0.5311374068260193,0.3824441432952881,-0.10286139696836472,0.9863786697387695,0.5323329567909241,0.3824875056743622,-0.10290724039077759,0.983107328414917,0.5333693623542786,0.38249671459198,-0.10295800864696503,0.9882181286811829,0.5284607410430908,0.38273245096206665,-0.0985628291964531,0.9835734963417053,0.5276442766189575,0.3829435110092163,-0.098584845662117,0.9792017340660095,0.5261118412017822,0.3831566572189331,-0.09861254692077637,0.9877633452415466,0.5379870533943176,0.3836962580680847,-0.03710118681192398,0.9749448895454407,0.5272025465965271,0.3856070041656494,-0.01602054387331009,0.9626511931419373,0.5329335927963257,0.3878519833087921,-0.0891168937087059,0.9777607917785645,0.529572069644928,0.3883008658885956,-0.0832604244351387,0.9658414125442505,0.554152250289917,0.3945976197719574,0.004444564692676067,0.9971869587898254,0.5205516815185547,0.40582606196403503,0.011401578783988953,0.9915384650230408,0.5727582573890686,0.3791106045246124,0.010955390520393848,0.9289005994796753,0.49368277192115784,0.4192555844783783,-0.06916695088148117,0.813372790813446,0.5403520464897156,0.3852338492870331,0.08468121290206909,0.6630368232727051,0.5141805410385132,0.40041911602020264,-0.19901157915592194,0.7414616942405701,0.532794713973999,0.38585561513900757,0.08631915599107742,0.4104810953140259,0.5199806094169617,0.3939657509326935,-0.22283470630645752,0.6058428287506104,0.531594455242157,0.38839206099510193,0.08869516849517822,0.40505409240722656,0.5209159851074219,0.39386728405952454,-0.2173558920621872,0.6031996607780457,0.5329003930091858,0.3885776102542877,0.0864073634147644,0.4050047695636749,0.5210376381874084,0.39505311846733093,-0.20051881670951843,0.5888969898223877,0.5424383282661438,0.4472474157810211,0.0012493469985201955,0.9986978769302368,0.5329340696334839,0.4467008709907532,-0.0012216059258207679,0.9989307522773743,0.5379007458686829,0.4857137203216553,-0.019225958734750748,0.8316255211830139,0.5374844074249268,0.48090511560440063,-0.09269458800554276,0.8379033207893372,0.5274990797042847,0.5244328379631042,0.016950178891420364,0.8349779844284058,0.5321447849273682,0.5219848155975342,-0.07029583305120468,0.8489647507667542,0.5238739252090454,0.5269343256950378,0.016664661467075348,0.6868892908096313,0.531750500202179,0.5269639492034912,-0.06925424933433533,0.7070627808570862,0.5328862071037292,0.5362679958343506,-0.05829548463225365,0.7929882407188416,0.5338666439056396,0.5343972444534302,-0.14557373523712158,0.8654178977012634
s_v4,8,1,0.5269230604171753,0.3805919289588928,0.16535188257694244,0.9943240880966187,0.5259906053543091,0.3783939480781555,0.1519002467393875,0.9920679330825806,0.5251284241676331,0.3784841299057007,0.15189138054847717,0.9908413887023926,0.524135410785675,0.37858647108078003,0.151895210146904,0.991355836391449,0.5296090841293335,0.3782109022140503,0.15373817086219788,0.9910938143730164,0.5307652354240417,0.3782825469970703,0.15370303392410278,0.9901809692382812,0.5318375825881958,0.3783460855484009,0.15358705818653107,0.9920114874839783,0.5271721482276917,0.38017532229423523,0.09758614003658295,0.9818135499954224,0.5373954176902771,0.38021236658096313,0.10687622427940369,0.9825351238250732,0.5270694494247437,0.3834843039512634,0.14891645312309265,0.9732541441917419,0.5302978754043579,0.38356444239616394,0.15143798291683197,0.9751521348953247,0.5191126465797424,0.3977854251861572,0.061421267688274384,0.9971526861190796,0.562832236289978,0.3904157876968384,0.08237920701503754,0.9982036352157593,0.5053355693817139,0.40301841497421265,0.09264302998781204,0.6838139295578003,0.5593426823616028,0.39456087350845337,0.1351020783185959,0.5763907432556152,0.5156478881835938,0.3974407911300659,0.19926582276821136,0.38960251212120056,0.5268906354904175,0.38591963052749634,0.2410353571176529,0.24103055894374847,0.5183579325675964,0.3933956027030945,0.21870118379592896,0.33043980598449707,0.5284168720245361,0.380051851272583,0.2677200138568878,0.19769911468029022,0.5212073922157288,0.39282354712486267,0.22363850474357605,0.3254408538341522,0.5286694765090942,0.38074570894241333,0.268894761800766,0.1806543618440628,0.5210354924201965,0.39408501982688904,0.20481929183006287,0.29048699140548706,0.5200201869010925,0.38464123010635376,0.24561817944049835,0.18825562298297882,0.530420184135437,0.44243958592414856,-0.010979517363011837,0.9996590614318848,0.556335985660553,0.4429907500743866,0.01050551887601614,0.9994400143623352,0.5334779024124146,0.47441625595092773,0.011067417450249195,0.9111419916152954,0.5444312691688538,0.47698545455932617,0.0062398663721978664,0.8400511741638184,0.5390041470527649,0.5043631196022034,-0.18665501475334167,0.959534227848053,0.5325817465782166,0.5111184120178223,-0.18219885230064392,0.9289066791534424,0.5414047837257385,0.5064888000488281,-0.20787939429283142,0.9804564714431763,0.5305423140525818,0.5140371322631836,-0.2021505981683731,0.9539930820465088,0.541445255279541,0.5156862139701843,-0.23409199714660645,0.9444065690040588,0.5278139710426331,0.5256408452987671,-0.24124078452587128,0.8723033666610718
s_v4,9,1,0.5287485718727112,0.37612348794937134,-0.07207035273313522,0.9963042736053467,0.5320176482200623,0.37356579303741455,-0.05982746183872223,0.9938734769821167,0.533717930316925,0.37348318099975586,-0.05988835543394089,0.9914817810058594,0.5354142785072327,0.3734014928340912,-0.05997510626912117,0.9949819445610046,0.5278871655464172,0.3741011917591095,-0.05353919789195061,0.9918025135993958,0.5268391966819763,0.37439629435539246,-0.05357423424720764,0.9894289374351501,0.5254373550415039,0.3747282326221466,-0.05361749604344368,0.9954774975776672,0.5421034693717957,0.37458398938179016,0.0016917582834139466,0.9824677109718323,0.5265833139419556,0.37693101167678833,0.03246342018246651,0.9794959425926208,0.5332337021827698,0.37882310152053833,-0.04954972863197327,0.9910686016082764,0.5285434722900391,0.3794293999671936,-0.040885649621486664,0.9887413382530212,0.5588734745979309,0.38449016213417053,0.02814050018787384,0.9994186162948608,0.5194945931434631,0.39812472462654114,0.05928290635347366,0.9979901313781738,0.5723503232002258,0.36296626925468445,0.023315483704209328,0.9382084608078003,0.4972635507583618,0.41597187519073486,0.00885957945138216,0.87064129114151,0.5386383533477783,0.37539908289909363,0.13610170781612396,0.6250166893005371,0.5152796506881714,0.3955281674861908,-0.08370166271924973,0.8200121521949768,0.5324605703353882,0.3778350055217743,0.13727867603302002,0.3220263123512268,0.521239697933197,0.38860955834388733,-0.10542835295200348,0.6833384037017822,0.5322287678718567,0.379952609539032,0.14666643738746643,0.31752991676330566,0.5218340158462524,0.3869791328907013,-0.09488288313150406,0.6789719462394714,0.5331120491027832,0.3798494040966034,0.1408698558807373,0.3088034987449646,0.5207176208496094,0.3895109295845032,-0.08259599655866623,0.6403006315231323,0.5596185326576233,0.4408971965312958,-0.005484885070472956,0.9998020529747009,0.5317100286483765,0.4414317011833191,0.005457697436213493,0.9999496936798096,0.5497710108757019,0.4817673861980438,-0.01765306293964386,0.8522141575813293,0.5328654646873474,0.46376553177833557,-0.22490721940994263,0.9272512197494507,0.5370950102806091,0.5016559362411499,0.189594104886055,0.7223539352416992,0.5387322306632996,0.5024858117103577,-0.14202968776226044,0.9391646385192871,0.5339227318763733,0.5026975870132446,0.2093488872051239,0.4988628923892975,0.540451169013977,0.5070891976356506,-0.13331040740013123,0.6802421808242798,0.534588634967804,0.5181027054786682,0.15115214884281158,0.7793009877204895,0.5365317463874817,0.5201782584190369,-0.22468280792236328,0.9637811779975891
s_v4,10,0,,,,,,,,,,,,,,,,,,,,,,,,,,,,,,,,,,,,,,,,,,,,,,,,,,,,,,,,,,,,,,,,,,,,,,,,,,,,,,,,,,,,,,,,,,,,,,,,,,,,,,,,,,,,,,,,,,,,,,,,,,,,,,,,,,,,
s_v4,11,1,0.5363649725914001,0.3727009892463684,-0.12669973075389862,0.934277355670929,0.541912853717804,0.37051302194595337,-0.11511615663766861,0.903200089931488,0.5439544320106506,0.3705731928348541,-0.11519019305706024,0.8969048857688904,0.5463364720344543,0.37058672308921814,-0.11528286337852478,0.9223152995109558,0.5368093848228455,0.37068408727645874,-0.10730446130037308,0.8939392566680908,0.5351840853691101,0.37092503905296326,-0.10733233392238617,0.8719848990440369,0.5337350964546204,0.37115269899368286,-0.10741971433162689,0.9209113121032715,0.5512882471084595,0.371692419052124,-0.049517612904310226,0.8849459290504456,0.5346492528915405,0.3730166256427765,-0.013782862573862076,0.8370219469070435,0.5398447513580322,0.37595540285110474,-0.10270431637763977,0.8690979480743408,0.5338755249977112,0.3765098452568054,-0.09274468570947647,0.8635815978050232,0.5599082112312317,0.38412362337112427,-0.0490478090941906,0.9933199882507324,0.5265685319900513,0.39407333731651306,0.061344947665929794,0.9868914484977722,0.5573760867118835,0.35963010787963867,-0.08857597410678864,0.9401398301124573,0.5127501487731934,0.40356990694999695,0.07478269934654236,0.5990054607391357,0.5436688661575317,0.368200421333313,-0.05143539980053902,0.6659823060035706,0.5247824788093567,0.3874141573905945,0.02024436555802822,0.5615683197975159,0.5407789349555969,0.3690378963947296,-0.06356579065322876,0.4566817581653595,0.5264477729797363,0.38438880443573,0.008759191259741783,0.47788119316101074,0.5411257147789001,0.36913979053497314,-0.059821225702762604,0.44739603996276855,0.5268675088882446,0.38046374917030334,0.010010573081672192,0.4854157865047455,0.5419104099273682,0.3711625039577484,-0.0516744963824749,0.4647243320941925,0.5241594314575195,0.3865959048271179,0.01723196543753147,0.4703217148780823,0.5669074058532715,0.4424815773963928,-0.03263112157583237,0.9991631507873535,0.5389386415481567,0.4440577030181885,0.032660696655511856,0.9993343949317932,0.5511701107025146,0.4797636866569519,-0.11157442629337311,0.9238236546516418,0.5322393774986267,0.48252272605895996,-0.05779029428958893,0.8480917811393738,0.5466188788414001,0.4996008574962616,0.09615153074264526,0.6951845288276672,0.5522207617759705,0.5165443420410156,0.041106246411800385,0.866123616695404,0.5470781326293945,0.49885523319244385,0.11683879047632217,0.626086413860321,0.5573541522026062,0.5198823809623718,0.049717940390110016,0.7804723381996155,0.539448618888855,0.5154338479042053,0.07087590545415878,0.7586652040481567,0.5478392243385315,0.5330527424812317,-0.02348722517490387,0.8867365121841431
s_v4,12,1,0.5411182641983032,0.3735120892524719,-0.12343211472034454,0.995089590549469,0.5460779666900635,0.37135934829711914,-0.11016073077917099,0.9920971393585205,0.5484863519668579,0.3715331554412842,-0.11019107699394226,0.9883785843849182,0.5508657097816467,0.3716317415237427,-0.11026164889335632,0.9921951293945312,0.5397692322731018,0.371236652135849,-0.10516051203012466,0.9909606575965881,0.5378166437149048,0.3713628053665161,-0.10519122332334518,0.9871866703033447,0.5357866883277893,0.37148988246917725,-0.10526645183563232,0.9924814701080322,0.555496335029602,0.3735247850418091,-0.0395723357796669,0.9908046722412109,0.5348970890045166,0.374385803937912,-0.017963021993637085,0.9796976447105408,0.544675350189209,0.37706103920936584,-0.09786941111087799,0.9915207028388977,0.5374258160591125,0.3773464262485504,-0.09205769002437592,0.990561306476593,0.5624492764472961,0.38595303893089294,-0.03752468526363373,0.9977805018424988,0.5268476009368896,0.3944127559661865,0.03962099179625511,0.9979481101036072,0.5504745244979858,0.368773877620697,-0.036185383796691895,0.8864192366600037,0.5198398232460022,0.4030625820159912,0.00781487487256527,0.75968998670578,0.5371090769767761,0.3748074173927307,0.04034165292978287,0.6472536325454712,0.5271155834197998,0.3920005261898041,-0.05582921952009201,0.7276524901390076,0.5353403687477112,0.37465304136276245,0.03849242255091667,0.48130592703819275,0.5304960012435913,0.3884514570236206,-0.0683140829205513,0.6429740190505981,0.5358251929283142,0.374716192483902,0.037862926721572876,0.4764564335346222,0.5299006104469299,0.3856813907623291,-0.06474079936742783,0.6440264582633972,0.5344114303588867,0.37734416127204895,0.04070675000548363,0.4763830006122589,0.5301851034164429,0.3863540589809418,-0.05766044557094574,0.6151183843612671,0.5724095702171326,0.44399476051330566,-0.02456783317029476,0.9998724460601807,0.541414737701416,0.4451428949832916,0.024575097486376762,0.9999428987503052,0.5567200779914856,0.4806068241596222,-0.13220380246639252,0.9455500245094299,0.5349339246749878,0.48708999156951904,-0.05022161081433296,0.9232658743858337,0.5640537738800049,0.4809698462486267,0.15662145614624023,0.5724619030952454,0.5521436929702759,0.522563636302948,0.041180260479450226,0.9593392014503479,0.5644238591194153,0.4791244864463806,0.1869640201330185,0.5075273513793945,0.5608409643173218,0.526444673538208,0.04845188558101654,0.885141134262085,0.5620283484458923,0.5024136900901794,0.172868549823761,0.673920214176178,0.5475634932518005,0.5412180423736572,-0.014390742406249046,0.9544308185577393
s_v4,13,1,0.5373101234436035,0.37599462270736694,-0.03287792205810547,0.9980328679084778,0.5425335168838501,0.374146968126297,-0.03209516406059265,0.9970563650131226,0.5447083711624146,0.3739233613014221,-0.032138459384441376,0.9966738224029541,0.5467935800552368,0.37360990047454834,-0.0321909599006176,0.9975917339324951,0.5367699265480042,0.37494274973869324,-0.01668243482708931,0.9947375655174255,0.5355096459388733,0.3752250373363495,-0.016677740961313248,0.9919177889823914,0.5343213677406311,0.37542009353637695,-0.016719184815883636,0.9942210912704468,0.5527898669242859,0.3748021721839905,-0.007786223664879799,0.9974352717399597,0.5362825393676758,0.3766988515853882,0.060909781605005264,0.9827584624290466,0.5398062467575073,0.37976911664009094,-0.02327175810933113,0.9954330921173096,0.5348095297813416,0.3807145059108734,-0.003765855683013797,0.9906202554702759,0.5570359826087952,0.3832876980304718,-0.04957975074648857,0.9998292922973633,0.5325785875320435,0.3940178453922272,0.13824255764484406,0.9981186985969543,0.5501387119293213,0.37580135464668274,-0.13133910298347473,0.9873400330543518,0.5300397872924805,0.39595264196395874,0.21480226516723633,0.17779472470283508,0.5265341401100159,0.3893447518348694,-0.13130991160869598,0.955564022064209,0.5290662050247192,0.39175575971603394,0.24118418991565704,0.27552562952041626,0.5205676555633545,0.3935062289237976,-0.14788007736206055,0.8935738801956177,0.5282777547836304,0.38997650146484375,0.24927166104316711,0.2916579842567444,0.5211325883865356,0.3952631950378418,-0.1375599503517151,0.885817289352417,0.5294352769851685,0.3913385272026062,0.24210628867149353,0.29245662689208984,0.5221356749534607,0.3951006233692169,-0.1265416443347931,0.8562063574790955,0.5305188894271851,0.3920179605484009,0.23712114989757538,0.28265535831451416,0.5741958618164062,0.4439759850502014,-0.04590646177530289,0.9999657869338989,0.5510340929031372,0.4476451575756073,0.04582888260483742,0.9999722242355347,0.559324324131012,0.47873654961586,-0.14901301264762878,0.9714236855506897,0.5386598706245422,0.48728325963020325,0.01336007658392191,0.9431411027908325,0.576665461063385,0.4792153239250183,0.09786543250083923,0.7373526096343994,0.5550753474235535,0.526955783367157,0.0796709805727005,0.960946798324585,0.5751633048057556,0.47794589400291443,0.1263270229101181,0.7164106369018555,0.5629294514656067,0.5311782360076904,0.0853973999619484,0.8945829272270203,0.5775761604309082,0.5009509921073914,0.12692493200302124,0.8544161319732666,0.5478667616844177,0.5467625260353088,0.04428991302847862,0.9544517993927002
s_v4,14,1,0.5291540026664734,0.37950196862220764,0.010286820121109486,0.9664976596832275,0.5371177792549133,0.3786807060241699,-0.0010298400884494185,0.9657737016677856,0.5380008220672607,0.3787377178668976,-0.0010701349237933755,0.9565332531929016,0.538764238357544,0.3786832094192505,-0.0011239449959248304,0.9572384357452393,0.5306572318077087,0.3790852427482605,0.011688699014484882,0.9622004628181458,0.5306075811386108,0.37702131271362305,0.011651798151433468,0.951326847076416,0.5348403453826904,0.3765885531902313,0.011409904807806015,0.9567003846168518,0.5429331064224243,0.3766024112701416,-0.013808884657919407,0.9680017232894897,0.5376587510108948,0.3770974278450012,0.042512957006692886,0.920157253742218,0.5312343239784241,0.38071519136428833,0.010125480592250824,0.945986807346344,0.5288629531860352,0.38096195459365845,0.02553413435816765,0.9265474081039429,0.542327344417572,0.37806907296180725,-0.020201867446303368,0.991578221321106,0.5418643951416016,0.3797856867313385,0.08714229613542557,0.9943587183952332,0.5320425629615784,0.38954958319664,0.021750282496213913,0.5949600338935852,0.5321186184883118,0.39353638887405396,0.053848788142204285,0.18961785733699799,0.5313988924026489,0.3899284601211548,0.10184161365032196,0.3484136164188385,0.5254917144775391,0.38874512910842896,-0.011316705495119095,0.1379818618297577,0.5295341610908508,0.39085426926612854,0.11115998029708862,0.28547218441963196,0.5231500267982483,0.38875606656074524,-0.002269136719405651,0.15243560075759888,0.5323014259338379,0.38790613412857056,0.11508429050445557,0.2836184501647949,0.5233437418937683,0.38656318187713623,-0.00637758057564497,0.1515759378671646,0.5330055952072144,0.387712299823761,0.10641033947467804,0.24043582379817963,0.5253190994262695,0.3858507573604584,-0.013628686778247356,0.15092281997203827,0.5608123540878296,0.44312387704849243,-0.03310731053352356,0.9996932744979858,0.5543556213378906,0.44485124945640564,0.0329437293112278,0.9998631477355957,0.5609456896781921,0.4729902148246765,-0.1107359454035759,0.9844837784767151,0.5453640222549438,0.4827609360218048,0.033564530313014984,0.9709094166755676,0.5663242340087891,0.49123814702033997,-0.033041030168533325,0.9222888350486755,0.5505750179290771,0.5376619100570679,0.018456367775797844,0.9561185240745544,0.5671247839927673,0.5063314437866211,-0.02482479065656662,0.9153797030448914,0.5581884384155273,0.5427967309951782,0.014330726116895676,0.9434685111045837,0.5671764016151428,0.5124574899673462,-0.08108549565076828,0.9064790606498718,0.5472704172134399,0.5515835881233215,-0.04803851246833801,0.9030129313468933
s_v4,15,1,0.5330784916877747,0.38309136033058167,0.0665023997426033,0.9975383281707764,0.538550078868866,0.382031112909317,0.07159607857465744,0.9970057606697083,0.5401835441589355,0.3820614218711853,0.07153185456991196,0.9961349964141846,0.5417096018791199,0.3819665312767029,0.0714716911315918,0.9967580437660217,0.5322933793067932,0.38033372163772583,0.08688654750585556,0.9957910776138306,0.5310106873512268,0.3804153800010681,0.08683983236551285,0.9937688708305359,0.5294772386550903,0.38027772307395935,0.08663567900657654,0.9945518374443054,0.5499798059463501,0.3825172483921051,0.11335743963718414,0.9967120885848999,0.5297366380691528,0.38057658076286316,0.18077746033668518,0.9855921268463135,0.5391845107078552,0.3868730366230011,0.08278460800647736,0.9928500652313232,0.5320446491241455,0.38708141446113586,0.1013762578368187,0.9884250164031982,0.5644446611404419,0.3909357786178589,0.09772900491952896,0.9966885447502136,0.5286571979522705,0.38849177956581116,0.2156069129705429,0.9974875450134277,0.5433273911476135,0.4027133584022522,0.1019320860505104,0.8821169137954712,0.5244117379188538,0.39924150705337524,0.13915488123893738,0.46563518047332764,0.5192404985427856,0.39495357871055603,0.20826353132724762,0.7869868278503418,0.5219040513038635,0.39028099179267883,0.03415587916970253,0.4909224510192871,0.5117868185043335,0.3934747576713562,0.21996358036994934,0.7054814696311951,0.5194668173789978,0.38854604959487915,0.03552719205617905,0.4729834794998169,0.5151445269584656,0.3909321427345276,0.22913621366024017,0.7003880143165588,0.5203235745429993,0.3868328630924225,0.03371863439679146,0.46589991450309753,0.5172273516654968,0.39188408851623535,0.21699419617652893,0.6343564391136169,0.5231243371963501,0.3876556158065796,0.03179994225502014,0.45273229479789734,0.5698263049125671,0.44650521874427795,-0.036528363823890686,0.9998966455459595,0.5531322360038757,0.4471111595630646,0.0365852452814579,0.999923825263977,0.5669928789138794,0.4750704765319824,-0.25824490189552307,0.990254819393158,0.5519571900367737,0.4977664053440094,-0.04020533338189125,0.9544501304626465,0.5727847218513489,0.5016042590141296,-0.31089746952056885,0.9592209458351135,0.5518661141395569,0.5485296249389648,-0.1432541310787201,0.9453603625297546,0.5701554417610168,0.5129536986351013,-0.3168339431285858,0.9530313014984131,0.5567077398300171,0.5573899149894714,-0.15879590809345245,0.9278115034103394,0.576277494430542,0.5217066407203674,-0.38357579708099365,0.9776301383972168,0.5424261689186096,0.5660462379455566,-0.23420558869838715,0.9422431588172913
s_v4,16,1,0.5516229867935181,0.3902420103549957,-0.10168218612670898,0.9999271631240845,0.554262101650238,0.38705164194107056,-0.08335639536380768,0.9998898506164551,0.5562416315078735,0.38709408044815063,-0.0833578109741211,0.9998476505279541,0.5582277178764343,0.3871218264102936,-0.08336193114519119,0.9998268485069275,0.5482550859451294,0.38685789704322815,-0.08233692497015,0.9999067783355713,0.5457914471626282,0.3868263363838196,-0.08236082643270493,0.9998785257339478,0.5431911945343018,0.3868227005004883,-0.08234187960624695,0.9998863935470581,0.5600351691246033,0.3887520432472229,0.004554327577352524,0.9999194145202637,0.5382558703422546,0.38890188932418823,0.008348565548658371,0.9997045397758484,0.554291307926178,0.39378052949905396,-0.06973607838153839,0.99964439868927,0.5470883846282959,0.3937412202358246,-0.06871544569730759,0.9992467164993286,0.5716484785079956,0.40055355429649353,0.012424062937498093,0.9992164373397827,0.5294060707092285,0.41273069381713867,0.039966385811567307,0.9965944886207581,0.5641784071922302,0.3736497759819031,-0.03927498310804367,0.9850102066993713,0.5382739305496216,0.425787091255188,-0.08377417922019958,0.8942263722419739,0.5263301134109497,0.3690951466560364,-0.04245990514755249,0.9703928828239441,0.5311877727508545,0.4099152386188507,-0.26295891404151917,0.9098150730133057,0.5152288675308228,0.36919155716896057,-0.05974050983786583,0.9042481780052185,0.5299144387245178,0.40567126870155334,-0.2918623387813568,0.8809049725532532,0.5134273767471313,0.36921456456184387,-0.051706377416849136,0.8982434272766113,0.5280614495277405,0.4030706584453583,-0.29160571098327637,0.882451593875885,0.5162150859832764,0.36983415484428406,-0.04078046977519989,0.8851274847984314,0.529802143573761,0.40465590357780457,-0.2673317790031433,0.8331748843193054,0.5863712430000305,0.4561198055744171,-0.013216938823461533,0.9999290704727173,0.5556779503822327,0.4609857499599457,0.013234283775091171,0.9998075366020203,0.5794553756713867,0.4749545753002167,-0.29466867446899414,0.9899632334709167,0.5582373142242432,0.5032840967178345,-0.04088849201798439,0.9182716608047485,0.5868726968765259,0.5084994435310364,-0.2244945615530014,0.9187049865722656,0.5688675045967102,0.5450453758239746,0.007311796769499779,0.9219300150871277,0.5869532823562622,0.5108476877212524,-0.21976280212402344,0.8731274008750916,0.5771524906158447,0.5509321689605713,0.006941162049770355,0.8121562004089355,0.5892448425292969,0.5237223505973816,-0.3009876310825348,0.9547587633132935,0.5579310655593872,0.5601078271865845,-0.08340917527675629,0.8828585743904114
s_v4,17,1,0.5530984997749329,0.3960811495780945,-0.05974467843770981,0.9999043941497803,0.5564676523208618,0.3934132754802704,-0.04979953542351723,0.9998816251754761,0.558609664440155,0.3934251666069031,-0.04983583465218544,0.9998444318771362,0.5604187250137329,0.3934152126312256,-0.04987022280693054,0.9998419284820557,0.5502726435661316,0.39339810609817505,-0.04708206281065941,0.9999063014984131,0.5481284260749817,0.3934258818626404,-0.047104232013225555,0.9998573064804077,0.5458844900131226,0.3934894800186157,-0.04709142819046974,0.9998936653137207,0.5627566576004028,0.39483925700187683,0.008266123943030834,0.9999490976333618,0.5428610444068909,0.3949587941169739,0.02118898369371891,0.9999103546142578,0.556639552116394,0.39954277873039246,-0.037451524287462234,0.9997637867927551,0.5492724776268005,0.39924222230911255,-0.03379165008664131,0.9996030926704407,0.5751627087593079,0.4069841206073761,0.002581774489954114,0.9998276233673096,0.5300194025039673,0.4166039526462555,0.06555840373039246,0.9984351992607117,0.5673775672912598,0.37693309783935547,-0.04483402892947197,0.9880064129829407,0.5317304730415344,0.43086832761764526,0.016751909628510475,0.7681311368942261,0.5381418466567993,0.36148756742477417,-0.01903262734413147,0.822084367275238,0.5319795608520508,0.41924479603767395,-0.06584808975458145,0.46596482396125793,0.5288474559783936,0.3593921363353729,-0.03423947095870972,0.5690955519676208,0.532901406288147,0.41649946570396423,-0.08205346018075943,0.3605887293815613,0.5277279019355774,0.35981276631355286,-0.026178590953350067,0.5672557950019836,0.5329621434211731,0.41513699293136597,-0.08000703155994415,0.359113484621048,0.5314948558807373,0.36033958196640015,-0.017823638394474983,0.5484611988067627,0.5342312455177307,0.4159945547580719,-0.0679861456155777,0.3570432960987091,0.5847414135932922,0.4609455466270447,-0.023415856063365936,0.9997828602790833,0.5554249286651611,0.46360790729522705,0.02348034642636776,0.9997703433036804,0.5833360552787781,0.49608561396598816,-0.08740294724702835,0.9386026263237,0.555800199508667,0.5012801289558411,-0.017995815724134445,0.6832806468009949,0.594391405582428,0.5283246040344238,-0.0043551125563681126,0.7934424877166748,0.5643228888511658,0.5353150367736816,0.04472395032644272,0.7925451993942261,0.5953165292739868,0.532184362411499,0.001531578483991325,0.5389339923858643,0.5693864226341248,0.5387251377105713,0.048102181404829025,0.6631152033805847,0.5952837467193604,0.5387479066848755,-0.05681351572275162,0.7996721267700195,0.5519439578056335,0.5465415120124817,-0.0194840207695961,0.7064124345779419
s_v4,18,1,0.5574687123298645,0.4008830785751343,-0.145387664437294,0.9999977350234985,0.560806393623352,0.39830002188682556,-0.1324293315410614,0.9999983310699463,0.5628607869148254,0.3983251452445984,-0.1324058473110199,0.9999963045120239,0.56452876329422,0.39833009243011475,-0.13242463767528534,0.9999964237213135,0.5544627904891968,0.3983662724494934,-0.13282158970832825,0.9999992847442627,0.5521508455276489,0.3984415531158447,-0.13284532725811005,0.9999984502792358,0.5503396987915039,0.39865028858184814,-0.1328454464673996,0.9999990463256836,0.567096471786499,0.4001070559024811,-0.0625753328204155,0.9999973773956299,0.5485168695449829,0.4007088541984558,-0.06384529173374176,0.9999984502792358,0.5611706972122192,0.4044952988624573,-0.11883651465177536,0.9999911785125732,0.5535992980003357,0.40430665016174316,-0.11951461434364319,0.999995231628418,0.5771055817604065,0.4154691994190216,-0.027546964585781097,0.9997602105140686,0.535425066947937,0.420977920293808,-0.023839842528104782,0.999904990196228,0.5711983442306519,0.3959619104862213,-0.011438723653554916,0.7382344007492065,0.5364705920219421,0.43988969922065735,-0.04122253507375717,0.7605286240577698,0.5664240121841431,0.37796086072921753,0.027397388592362404,0.5626403093338013,0.5547777414321899,0.45600467920303345,-0.09268580377101898,0.6643826365470886,0.564164936542511,0.37345045804977417,0.01861095242202282,0.41021236777305603,0.5585469603538513,0.46210977435112,-0.10526389628648758,0.629065752029419,0.5658025145530701,0.3728223443031311,0.020166335627436638,0.38585272431373596,0.5636590719223022,0.45948755741119385,-0.1068614274263382,0.6172319650650024,0.5681262612342834,0.3753739595413208,0.02744150534272194,0.380555659532547,0.5628953576087952,0.4570083022117615,-0.09392944723367691,0.5287424325942993,0.5695852637290955,0.46055057644844055,-0.010107320733368397,0.9999353885650635,0.5457011461257935,0.46279454231262207,0.010014696978032589,0.9999110698699951,0.5903176665306091,0.48662281036376953,-0.21452879905700684,0.973202645778656,0.5542442202568054,0.5030533671379089,-0.05651126056909561,0.589697539806366,0.6017107963562012,0.5285477638244629,-0.1871718466281891,0.8644078373908997,0.5640305280685425,0.5391747951507568,-0.013290799222886562,0.7793051600456238,0.6063905358314514,0.5334547758102417,-0.18588173389434814,0.7653747797012329,0.5685542225837708,0.5440998077392578,-0.011297911405563354,0.5782169699668884,0.6076560020446777,0.5444800853729248,-0.2592065930366516,0.9479425549507141,0.5592756867408752,0.5502849221229553,-0.07835935056209564,0.7545785307884216
s_v4,19,1,0.5634248852729797,0.40371719002723694,-0.17598742246627808,0.9999988079071045,0.567362368106842,0.4011920988559723,-0.1615854799747467,0.9999978542327881,0.5694636106491089,0.40124037861824036,-0.1615525782108307,0.9999969005584717,0.5715572834014893,0.4013592302799225,-0.16157764196395874,0.9999943971633911,0.5609868168830872,0.40114516019821167,-0.1627378761768341,0.9999991655349731,0.5583065748214722,0.40117162466049194,-0.1627521514892578,0.9999988079071045,0.5556376576423645,0.4011387825012207,-0.16277261078357697,0.9999986886978149,0.5746502876281738,0.40312883257865906,-0.08527296036481857,0.9999951124191284,0.5533707737922668,0.40303725004196167,-0.08963188529014587,0.9999990463256836,0.5663849115371704,0.40731972455978394,-0.14754316210746765,0.9999908208847046,0.5589490532875061,0.4071728587150574,-0.149020716547966,0.9999959468841553,0.5831929445266724,0.4218630790710449,-0.04725765436887741,0.9995964169502258,0.5386464595794678,0.42704036831855774,-0.04551311209797859,0.9998608827590942,0.5903229117393494,0.4151565432548523,-0.04435513913631439,0.7608604431152344,0.5373663902282715,0.45034289360046387,-0.015803130343556404,0.7407625317573547,0.5835585594177246,0.3933958113193512,-0.03313606232404709,0.4492989778518677,0.544166088104248,0.475263386964798,-0.013986476697027683,0.43277353048324585,0.583683431148529,0.3877413272857666,-0.044558487832546234,0.23449552059173584,0.5458374619483948,0.48193177580833435,-0.016953518614172935,0.32213911414146423,0.5832078456878662,0.38833415508270264,-0.04337539151310921,0.2223636507987976,0.5488298535346985,0.4813617169857025,-0.029014473780989647,0.3144303858280182,0.5831480622291565,0.39090967178344727,-0.03431642800569534,0.25008586049079895,0.5496296286582947,0.47889965772628784,-0.017591649666428566,0.30664002895355225,0.5822018384933472,0.471795916557312,-0.007682373281568289,0.9998639822006226,0.5504647493362427,0.47463053464889526,0.007472615223377943,0.9998304843902588,0.5964477062225342,0.49987778067588806,-0.18860271573066711,0.9838452339172363,0.5525823831558228,0.5148658752441406,-0.03536760061979294,0.7965940237045288,0.6074936389923096,0.5391969680786133,-0.12450145930051804,0.9259715676307678,0.568234920501709,0.5497776865959167,0.048448286950588226,0.9221017956733704,0.6042294502258301,0.5447207093238831,-0.12012968212366104,0.8731032013893127,0.5762572288513184,0.5519395470619202,0.054124616086483,0.8345565795898438,0.6141861081123352,0.5511730313301086,-0.18807247281074524,0.9577957391738892,0.5612061619758606,0.5608869194984436,-0.00990226585417986,0.8575873970985413
s_v4,20,1,0.5685229301452637,0.40462690591812134,-0.3175559937953949,0.999910831451416,0.5724814534187317,0.4019060730934143,-0.31316936016082764,0.9999673366546631,0.5748034715652466,0.40202122926712036,-0.31318655610084534,0.9999510049819946,0.5770484805107117,0.40200284123420715,-0.31328466534614563,0.9999592304229736,0.5663745999336243,0.40154772996902466,-0.3006335198879242,0.9999438524246216,0.5644257068634033,0.40151745080947876,-0.3006587326526642,0.9998785257339478,0.562725305557251,0.40155839920043945,-0.3006485104560852,0.9999086856842041,0.5805938839912415,0.4034194350242615,-0.2670289874076843,0.9999653100967407,0.5619200468063354,0.40362605452537537,-0.2062276154756546,0.9997748732566833,0.571999192237854,0.4090934991836548,-0.29872095584869385,0.9998555183410645,0.5644598007202148,0.40847742557525635,-0.28139013051986694,0.9998090863227844,0.584117591381073,0.42773041129112244,-0.21386075019836426,0.9999352693557739,0.5552998781204224,0.42601194977760315,-0.12446971237659454,0.9988219141960144,0.5708927512168884,0.4525904953479767,-0.18908044695854187,0.6725025773048401,0.5498486161231995,0.4542257785797119,-0.07396805286407471,0.06441693007946014,0.5498403906822205,0.46502700448036194,-0.15805788338184357,0.34782689809799194,0.5405442118644714,0.4707673490047455,-0.07172583043575287,0.06399347633123398,0.5451253056526184,0.4694853723049164,-0.1677502691745758,0.3064345419406891,0.5379573702812195,0.47607094049453735,-0.07447499781847,0.07165588438510895,0.5431677103042603,0.4669730067253113,-0.17340095341205597,0.30195337533950806,0.5372081995010376,0.47503942251205444,-0.09136226773262024,0.07580354064702988,0.5455663204193115,0.46532896161079407,-0.15893001854419708,0.23381102085113525,0.5391842126846313,0.47297173738479614,-0.07843400537967682,0.09801127016544342,0.5558257699012756,0.4636510908603668,-0.03507998585700989,0.9992031455039978,0.5445680618286133,0.4626930356025696,0.03511578217148781,0.9984569549560547,0.5681552886962891,0.49942833185195923,-0.0861983522772789,0.8438037037849426,0.5680139660835266,0.5015980005264282,-0.017157280817627907,0.28535231947898865,0.5907350182533264,0.5422543287277222,-0.02665785700082779,0.8644934892654419,0.5712369084358215,0.5474563241004944,0.04723343998193741,0.636971116065979,0.5975728631019592,0.5477604866027832,-0.023764031007885933,0.6753069162368774,0.5803810358047485,0.551224410533905,0.05251830443739891,0.5521802306175232,0.5798531770706177,0.5567493438720703,-0.09546737372875214,0.8491111993789673,0.5646201372146606,0.5560641884803772,-0.008052408695220947,0.6896879076957703
s_v4,21,1,0.5795823335647583,0.4046207070350647,-0.15542897582054138,0.9999781847000122,0.5838966965675354,0.4017428755760193,-0.14198051393032074,0.9999313354492188,0.5859822034835815,0.40178579092025757,-0.14200733602046967,0.9999310970306396,0.5882869362831116,0.40181535482406616,-0.1420445293188095,0.999910831451416,0.5779116749763489,0.40156862139701843,-0.13608688116073608,0.9999531507492065,0.575467586517334,0.401539146900177,-0.13605962693691254,0.9999366998672485,0.5729883909225464,0.40159478783607483,-0.13601529598236084,0.9999260902404785,0.5912765264511108,0.40421271324157715,-0.06934995949268341,0.9999065399169922,0.5695212483406067,0.4033353328704834,-0.038945332169532776,0.9999277591705322,0.5814352631568909,0.4085361957550049,-0.128259539604187,0.9999003410339355,0.5747864842414856,0.4079399108886719,-0.11972998082637787,0.9999376535415649,0.5984611511230469,0.4215816557407379,-0.07329925894737244,0.9999462366104126,0.5501835346221924,0.4274338185787201,0.03801663964986801,0.999900221824646,0.6169393658638,0.4145577847957611,-0.18038953840732574,0.9921320080757141,0.5371860265731812,0.45277881622314453,0.06569904088973999,0.44157135486602783,0.6185154914855957,0.3902256488800049,-0.28285834193229675,0.9808674454689026,0.5219720602035522,0.47645509243011475,0.006015937775373459,0.5599210858345032,0.6174009442329407,0.3860836327075958,-0.3183087706565857,0.9553219079971313,0.5117275714874268,0.4827481508255005,-0.004629161674529314,0.5245404839515686,0.6143134236335754,0.38521134853363037,-0.3097999691963196,0.9499771595001221,0.5133650302886963,0.4832100570201874,-0.02615291252732277,0.5359389185905457,0.6144765615463257,0.38585448265075684,-0.28411218523979187,0.9313312768936157,0.517845094203949,0.48178496956825256,-0.0044489228166639805,0.5174421668052673,0.5859770774841309,0.4754142463207245,-0.0375879742205143,0.9999052286148071,0.5537549257278442,0.4753044545650482,0.03751121833920479,0.999890923500061,0.6000087261199951,0.5128237009048462,-0.10744480043649673,0.994239091873169,0.5501628518104553,0.5153560638427734,-0.009953846223652363,0.9627541899681091,0.6211060881614685,0.5503056645393372,0.008896575309336185,0.9927937984466553,0.568406879901886,0.5504672527313232,0.11821205914020538,0.9843987226486206,0.6189344525337219,0.5546591281890869,0.016970248892903328,0.9333131313323975,0.5805861949920654,0.5563049912452698,0.1265891045331955,0.9637057781219482,0.6281585693359375,0.5635930299758911,-0.06056797876954079,0.9898608922958374,0.5520421266555786,0.5615419745445251,0.058758918195962906,0.9792598485946655
s_v4,22,1,0.5869408845901489,0.40442755818367004,0.13403049111366272,0.9992897510528564,0.5914854407310486,0.40153932571411133,0.1437925398349762,0.9994828701019287,0.5935651063919067,0.4017724394798279,0.14368847012519836,0.9995397329330444,0.5959005951881409,0.4020290970802307,0.14357900619506836,0.9996438026428223,0.5860100984573364,0.40086179971694946,0.1608954668045044,0.9986403584480286,0.5841121077537537,0.40065136551856995,0.1609436720609665,0.9979231953620911,0.582301676273346,0.40056198835372925,0.16092902421951294,0.9986475110054016,0.6013649702072144,0.40369656682014465,0.17612475156784058,0.9994530081748962,0.5827988982200623,0.4025668501853943,0.26016971468925476,0.9972809553146362,0.5897917747497559,0.40856096148490906,0.14391885697841644,0.9985199570655823,0.5826091170310974,0.40803423523902893,0.16761623322963715,0.9975715279579163,0.615211009979248,0.424085408449173,0.13418303430080414,0.9999783039093018,0.5786498785018921,0.4213404655456543,0.2729775607585907,0.9997060894966125,0.6157243847846985,0.4451814591884613,-0.011214414611458778,0.7725139856338501,0.5469896793365479,0.4403590261936188,0.30618101358413696,0.047437604516744614,0.614438533782959,0.44063812494277954,-0.1263786107301712,0.7520937323570251,0.5271685719490051,0.4561970829963684,0.30069053173065186,0.07496292144060135,0.6160218119621277,0.4397953152656555,-0.15399356186389923,0.7291483283042908,0.5191261172294617,0.45835360884666443,0.3045122027397156,0.09511306136846542,0.6158168911933899,0.4380027651786804,-0.13822200894355774,0.6957191228866577,0.5205487012863159,0.4585292339324951,0.29236969351768494,0.09566159546375275,0.6138651967048645,0.43820515275001526,-0.1233203262090683,0.5850800275802612,0.5280121564865112,0.45588913559913635,0.29451778531074524,0.11166410893201828,0.5760192275047302,0.4702253043651581,-0.04258617013692856,0.9998980760574341,0.5440546870231628,0.4643303453922272,0.042505815625190735,0.9997609257698059,0.5956631898880005,0.5081229209899902,-0.18094892799854279,0.988042950630188,0.5401384830474854,0.5044596791267395,-0.07284542173147202,0.9473854303359985,0.6244626045227051,0.5552679300308228,-0.19012492895126343,0.9800705313682556,0.5562788248062134,0.5450618267059326,-0.0787905752658844,0.9249207973480225,0.6268410682678223,0.5581510066986084,-0.19330176711082458,0.9206854104995728,0.5605142116546631,0.5499589443206787,-0.08141519129276276,0.878911554813385,0.624397337436676,0.5757383108139038,-0.2760831117630005,0.9723790287971497,0.5461161732673645,0.5609727501869202,-0.15414048731327057,0.9361132383346558
s_v4,23,1,0.603101372718811,0.40535980463027954,-0.17969472706317902,0.9998883008956909,0.60751873254776,0.40270471572875977,-0.16608360409736633,0.9997594952583313,0.6098923087120056,0.4030129611492157,-0.16613414883613586,0.9997679591178894,0.6124298572540283,0.403401643037796,-0.16618555784225464,0.9997473359107971,0.6001212000846863,0.4020249843597412,-0.16413284838199615,0.9996671676635742,0.5976412892341614,0.401864230632782,-0.16413556039333344,0.9995906949043274,0.5949561595916748,0.4016953706741333,-0.16409684717655182,0.9995847344398499,0.6144284009933472,0.4051293730735779,-0.07755689322948456,0.9996685981750488,0.5917736291885376,0.40300875902175903,-0.06517621129751205,0.9993751645088196,0.6065018773078918,0.40990394353866577,-0.1460203379392624,0.9999241828918457,0.5970432162284851,0.4090759754180908,-0.1427190750837326,0.9998904466629028,0.6275898218154907,0.4272962510585785,-0.03553174063563347,0.9999773502349854,0.5657156705856323,0.4209441542625427,0.007183046545833349,0.999921441078186,0.6423708200454712,0.4512869119644165,-0.10471135377883911,0.9615535736083984,0.5309268832206726,0.4332190752029419,0.0007935448084026575,0.9680286645889282,0.6283896565437317,0.4499240815639496,-0.2754472494125366,0.8660389184951782,0.5026218295097351,0.4358569085597992,-0.12586183845996857,0.9482505917549133,0.6252074837684631,0.4491340219974518,-0.31402722001075745,0.7899004220962524,0.493230938911438,0.4385088384151459,-0.154455304145813,0.9044601917266846,0.6235992908477783,0.4458274245262146,-0.31955021619796753,0.7946436405181885,0.4961988925933838,0.4365678131580353,-0.17604421079158783,0.9146230220794678,0.6235297322273254,0.4461718201637268,-0.2823629677295685,0.7411127686500549,0.5002874732017517,0.43660974502563477,-0.13920311629772186,0.9094099402427673,0.5982798933982849,0.4786805808544159,-0.01643321104347706,0.999798595905304,0.5603606104850769,0.4774132966995239,0.01648894138634205,0.9995163679122925,0.6070339679718018,0.5203080177307129,-0.05658905953168869,0.9977171421051025,0.55857914686203,0.5198030471801758,0.0255699772387743,0.9848222732543945,0.629672646522522,0.5654724836349487,0.022827504202723503,0.9971477389335632,0.5637066960334778,0.5509381890296936,0.21725833415985107,0.9547886848449707,0.6292667388916016,0.5688151121139526,0.025426510721445084,0.8708826303482056,0.5682973265647888,0.5554010272026062,0.23188678920269012,0.7788493037223816,0.6282826662063599,0.5811805725097656,-0.08829297125339508,0.9936331510543823,0.5563960671424866,0.5631818175315857,0.15618117153644562,0.9462534785270691
s_v4,24,1,0.6118055582046509,0.40586650371551514,-0.2239687293767929,0.9999175071716309,0.615870475769043,0.40280279517173767,-0.2127838283777237,0.9998559951782227,0.6179366111755371,0.4030054807662964,-0.2128172218799591,0.9998512268066406,0.6204435229301453,0.403300404548645,-0.21289698779582977,0.9998539686203003,0.6089690327644348,0.40264496207237244,-0.2083507925271988,0.9997172951698303,0.6066818237304688,0.40277817845344543,-0.20837098360061646,0.9996044039726257,0.6042113900184631,0.40282201766967773,-0.20833316445350647,0.999563992023468,0.6254766583442688,0.40584325790405273,-0.1216709241271019,0.999832272529602,0.6012246012687683,0.40383487939834595,-0.09864667803049088,0.999424934387207,0.6148901581764221,0.4099549949169159,-0.18820655345916748,0.9999755620956421,0.6067712903022766,0.40896695852279663,-0.18190614879131317,0.9999345541000366,0.636580765247345,0.43099257349967957,-0.052983950823545456,0.999994158744812,0.5786970853805542,0.41718918085098267,-0.025426486507058144,0.9999639987945557,0.6397686004638672,0.46089425683021545,-0.11494195461273193,0.9829367399215698,0.5378170609474182,0.41517388820648193,-0.057636067271232605,0.9898719191551208,0.6275995969772339,0.45789194107055664,-0.2873097360134125,0.9557446241378784,0.5168602466583252,0.4117244482040405,-0.22330930829048157,0.9804838299751282,0.6196461319923401,0.4571529030799866,-0.3236834704875946,0.9026970267295837,0.5049765706062317,0.41033726930618286,-0.2578669786453247,0.9575644135475159,0.6190710067749023,0.45332345366477966,-0.32797980308532715,0.9034616351127625,0.5082191824913025,0.41048747301101685,-0.2728669345378876,0.9604101181030273,0.6204333901405334,0.4531715512275696,-0.29234838485717773,0.8659394383430481,0.5129416584968567,0.4116772711277008,-0.23503969609737396,0.9571204781532288,0.6013469099998474,0.47962960600852966,-0.003804911393672228,0.9999386072158813,0.5610898733139038,0.47638335824012756,0.003805656684562564,0.9998434782028198,0.6056811809539795,0.5252375602722168,-0.0644407719373703,0.9964587092399597,0.5578417181968689,0.522628664970398,-0.001882821787148714,0.9837391376495361,0.6284738779067993,0.5704025030136108,0.06072721630334854,0.991061806678772,0.5614308714866638,0.544197678565979,0.26799988746643066,0.8178331851959229,0.6285060048103333,0.5742228031158447,0.06965141743421555,0.8325033187866211,0.5655075311660767,0.5459917187690735,0.2929857671260834,0.49958810210227966,0.6279116272926331,0.5855591893196106,-0.036980628967285156,0.9839116334915161,0.5551762580871582,0.5624622702598572,0.2303324192762375,0.8208197355270386
s_v4,25,1,0.6255194544792175,0.40590447187423706,-0.18255332112312317,0.9998288154602051,0.6294998526573181,0.40407004952430725,-0.1755094826221466,0.9997543692588806,0.6318023800849915,0.4043053686618805,-0.17555613815784454,0.9997897744178772,0.634048342704773,0.4045378565788269,-0.17564356327056885,0.9997707009315491,0.6228395700454712,0.40363577008247375,-0.16737817227840424,0.9993590712547302,0.6205703616142273,0.40354394912719727,-0.1674162596464157,0.9992213249206543,0.6183935403823853,0.40358805656433105,-0.1673755794763565,0.9991366267204285,0.637468159198761,0.4073074758052826,-0.11460739374160767,0.9998379945755005,0.6156261563301086,0.4051417410373688,-0.07326462864875793,0.9990329742431641,0.6287380456924438,0.40981215238571167,-0.15887458622455597,0.9999567270278931,0.6205939650535583,0.40894681215286255,-0.1470714658498764,0.9998524188995361,0.645041823387146,0.4363354444503784,-0.07495568692684174,0.9999912977218628,0.5903986096382141,0.4153650999069214,-0.010717169381678104,0.9999157190322876,0.6390477418899536,0.46345290541648865,-0.12448098510503769,0.9750951528549194,0.5525638461112976,0.40154242515563965,0.015355491079390049,0.9898698925971985,0.624686598777771,0.46915873885154724,-0.24182870984077454,0.8463562726974487,0.5200573205947876,0.38389840722084045,-0.04210205376148224,0.9693681001663208,0.6166412830352783,0.4733406603336334,-0.26582983136177063,0.6932696104049683,0.5139549970626831,0.3786253333091736,-0.0568881556391716,0.9175612330436707,0.6183909177780151,0.46915891766548157,-0.27397727966308594,0.7011326551437378,0.5165237188339233,0.37807169556617737,-0.07633983343839645,0.9301981925964355,0.6190478801727295,0.46816086769104004,-0.2478809654712677,0.6442925930023193,0.518136739730835,0.3798862397670746,-0.054098695516586304,0.938066303730011,0.6028366684913635,0.47556859254837036,-0.013252606615424156,0.9997128844261169,0.5629791021347046,0.4718170762062073,0.013249672949314117,0.999408483505249,0.6056778430938721,0.5217924118041992,-0.07517437636852264,0.9960726499557495,0.5527817606925964,0.5185090899467468,0.000828399381134659,0.9687083959579468,0.6221171021461487,0.5643266439437866,0.013829359784722328,0.9950248599052429,0.5661428570747375,0.5444481372833252,0.1932975947856903,0.8086647987365723,0.619881808757782,0.5669378042221069,0.019674327224493027,0.8752827048301697,0.5729959011077881,0.5455206632614136,0.2110428661108017,0.5696199536323547,0.6215335130691528,0.5809227228164673,-0.07070445269346237,0.9850601553916931,0.5603318214416504,0.5577996969223022,0.15984949469566345,0.7829408049583435
s_v4,26,1,0.637907087802887,0.40915584564208984,-0.2192031294107437,0.9999358654022217,0.6423062682151794,0.4074329137802124,-0.21087001264095306,0.9999392032623291,0.6443486213684082,0.4078768789768219,-0.2109220325946808,0.9999239444732666,0.6463752388954163,0.4084177017211914,-0.21103061735630035,0.9999362230300903,0.6355435252189636,0.4064100682735443,-0.20480918884277344,0.9997910857200623,0.6329509019851685,0.40607917308807373,-0.20484989881515503,0.9996286630630493,0.6305457949638367,0.40579599142074585,-0.20481835305690765,0.9996906518936157,0.6488516926765442,0.41133779287338257,-0.14087148010730743,0.9999456405639648,0.6272298097610474,0.4073203206062317,-0.11038212478160858,0.9996340274810791,0.6395653486251831,0.4134253263473511,-0.1919749677181244,0.9999849796295166,0.6315093040466309,0.41218486428260803,-0.18331357836723328,0.9999455213546753,0.6478825211524963,0.4402671158313751,-0.11079477518796921,0.9999887943267822,0.6003789901733398,0.41542866826057434,-0.046218160539865494,0.9999361038208008,0.634095311164856,0.46496960520744324,-0.18540896475315094,0.9106176495552063,0.5678529739379883,0.39196348190307617,-0.04346349835395813,0.9957205653190613,0.6251692771911621,0.4735270142555237,-0.3224804401397705,0.6807346940040588,0.5415471196174622,0.3684641122817993,-0.10305481404066086,0.9780411124229431,0.6215415596961975,0.47701218724250793,-0.35124728083610535,0.549095869064331,0.5348362326622009,0.36036571860313416,-0.12007634341716766,0.9392052888870239,0.622008204460144,0.474958211183548,-0.3635433614253998,0.554405152797699,0.5365039706230164,0.3586878776550293,-0.13996443152427673,0.946002721786499,0.6222777366638184,0.4724341034889221,-0.3314589560031891,0.5008655786514282,0.5384589433670044,0.36157047748565674,-0.11572389304637909,0.9557338356971741,0.6026716232299805,0.4794139862060547,-0.013615915551781654,0.999941349029541,0.5660778880119324,0.47385844588279724,0.013521294109523296,0.9999319314956665,0.6071658134460449,0.523470938205719,-0.07060379534959793,0.9929425716400146,0.5529143214225769,0.5213945508003235,0.006197897717356682,0.9618971347808838,0.6214460730552673,0.5621809363365173,0.05487176030874252,0.9806607365608215,0.5688396096229553,0.542452871799469,0.25272706151008606,0.5543911457061768,0.6216302514076233,0.5658357739448547,0.06537187844514847,0.7619230151176453,0.575887143611908,0.5436496734619141,0.2768683433532715,0.3752530515193939,0.6219006776809692,0.5789849162101746,-0.014297065325081348,0.9564594030380249,0.5655562281608582,0.5562928318977356,0.2371983826160431,0.5510717630386353
s_v4,27,1,0.6467754244804382,0.41367942094802856,-0.272101491689682,0.9998849630355835,0.6516420841217041,0.4120858907699585,-0.25509482622146606,0.9998366832733154,0.6532031297683716,0.4125101566314697,-0.2551139295101166,0.9997804760932922,0.6546327471733093,0.41292136907577515,-0.2552074193954468,0.9997994303703308,0.6456573605537415,0.4110526442527771,-0.2583830654621124,0.9996669292449951,0.6433823704719543,0.4107166528701782,-0.2584514319896698,0.9995286464691162,0.6406146883964539,0.4103134870529175,-0.2584162652492523,0.999543309211731,0.6556709408760071,0.41560041904449463,-0.15658842027187347,0.9994934797286987,0.6348975896835327,0.41086316108703613,-0.16929841041564941,0.9992497563362122,0.6479426026344299,0.41829943656921387,-0.23471376299858093,0.9998751878738403,0.6394237875938416,0.41624993085861206,-0.23863162100315094,0.9997434020042419,0.6534687876701355,0.442263126373291,-0.08607185631990433,0.9999102354049683,0.6058114767074585,0.41698071360588074,-0.11968652904033661,0.9998250603675842,0.6349205374717712,0.4634009897708893,-0.0690213143825531,0.8606812953948975,0.5820300579071045,0.3897240459918976,-0.12670522928237915,0.9983921647071838,0.6207261085510254,0.47987788915634155,-0.14949828386306763,0.6734466552734375,0.5709328651428223,0.3619439899921417,-0.1811535656452179,0.9952048063278198,0.6178011894226074,0.4841410517692566,-0.16871541738510132,0.5563663840293884,0.5665656328201294,0.3535798192024231,-0.21042285859584808,0.9829561710357666,0.6175022125244141,0.4827708303928375,-0.19040624797344208,0.576515257358551,0.569645345211029,0.35234230756759644,-0.2252461165189743,0.9832931756973267,0.6178593635559082,0.4802957773208618,-0.16106298565864563,0.5566089153289795,0.5709264874458313,0.35540610551834106,-0.1923171877861023,0.9837638139724731,0.6069707274436951,0.48284706473350525,0.007216691970825195,0.9999853372573853,0.5674808621406555,0.47854286432266235,-0.007301487494260073,0.9999550580978394,0.609620213508606,0.5207316279411316,-0.05819376930594444,0.9967114925384521,0.550453245639801,0.5194213390350342,0.017339739948511124,0.9860692024230957,0.6250630021095276,0.5650761127471924,0.0510726124048233,0.9932706952095032,0.5681572556495667,0.5331928133964539,0.3235551416873932,0.7872686386108398,0.624739944934845,0.5690596699714661,0.05939518287777901,0.8815838694572449,0.575708270072937,0.5338176488876343,0.3526211977005005,0.5188366174697876,0.6276453137397766,0.5802852511405945,-0.04366243630647659,0.9857764840126038,0.571992814540863,0.5512639284133911,0.3043392598628998,0.7906219959259033
s_v4,28,1,0.6556268930435181,0.4171465039253235,-0.22284522652626038,0.9997650980949402,0.6592564582824707,0.41512781381607056,-0.20648783445358276,0.9996496438980103,0.6606745719909668,0.415671706199646,-0.2065376341342926,0.9995248317718506,0.6620795130729675,0.4162973165512085,-0.20668043196201324,0.9995867609977722,0.6532708406448364,0.4133049249649048,-0.2122403234243393,0.999441921710968,0.6507932543754578,0.41273248195648193,-0.21225838363170624,0.9992109537124634,0.6480712294578552,0.4122079610824585,-0.21223942935466766,0.9990478157997131,0.6612987518310547,0.41820311546325684,-0.10074451565742493,0.999293327331543,0.6413690447807312,0.4125111997127533,-0.12599964439868927,0.9975650310516357,0.6552271246910095,0.42149412631988525,-0.18093091249465942,0.9995550513267517,0.6474939584732056,0.41901370882987976,-0.1886264681816101,0.9988411068916321,0.6561451554298401,0.4409780204296112,-0.013124266639351845,0.9999030828475952,0.6126042008399963,0.4174496829509735,-0.09777464717626572,0.9992892742156982,0.6331455707550049,0.461141973733902,0.03409474715590477,0.7036395072937012,0.6034925580024719,0.39180415868759155,-0.2539045512676239,0.9740822315216064,0.6252047419548035,0.4783533215522766,-0.021418612450361252,0.7529780864715576,0.6081400513648987,0.3893648386001587,-0.47600144147872925,0.9342843890190125,0.6234567165374756,0.48352792859077454,-0.027295082807540894,0.6787412166595459,0.6060526967048645,0.38692140579223633,-0.5211712718009949,0.8723505735397339,0.6238160729408264,0.4821500778198242,-0.05493060126900673,0.7123148441314697,0.6102985739707947,0.3886697590351105,-0.512172520160675,0.8677279353141785,0.6242267489433289,0.479444295167923,-0.03245933726429939,0.6492055058479309,0.6118536591529846,0.3906930685043335,-0.47988906502723694,0.8452371954917908,0.6012581586837769,0.4813151955604553,0.019847620278596878,0.9999319314956665,0.5633485317230225,0.47577840089797974,-0.019914017990231514,0.9998106360435486,0.6133822798728943,0.5190514922142029,-0.06961645931005478,0.9910691976547241,0.5511593818664551,0.5210690498352051,-0.016353799030184746,0.9182180762290955,0.6228301525115967,0.5596985220909119,0.050134144723415375,0.9557235240936279,0.5623507499694824,0.5323213338851929,0.2699233889579773,0.5569350719451904,0.619457483291626,0.5623982548713684,0.06042135879397392,0.7195712924003601,0.5689549446105957,0.5359998345375061,0.2979389429092407,0.37888962030410767,0.6297913193702698,0.5767742991447449,-0.021570635959506035,0.9358227252960205,0.5698183178901672,0.5505926609039307,0.2575092911720276,0.6123489737510681
s_v4,29,1,0.6605992317199707,0.417884886264801,-0.2039765864610672,0.9994901418685913,0.6649968028068542,0.4152514636516571,-0.18668779730796814,0.9992480874061584,0.6668009757995605,0.4157413840293884,-0.18676503002643585,0.9992282390594482,0.6685245633125305,0.41620105504989624,-0.1868654489517212,0.9992080330848694,0.6589725017547607,0.4135403037071228,-0.19638538360595703,0.9983976483345032,0.6565772294998169,0.41289934515953064,-0.19637931883335114,0.9978051781654358,0.6539525389671326,0.4122694730758667,-0.19639527797698975,0.9972541928291321,0.6675394773483276,0.41767576336860657,-0.07466577738523483,0.9983943104743958,0.646307110786438,0.41217517852783203,-0.11821527034044266,0.9957771301269531,0.6610416769981384,0.42198655009269714,-0.15955324470996857,0.9990952014923096,0.653743326663971,0.4197050631046295,-0.1725418120622635,0.9981319308280945,0.6550698280334473,0.4366948902606964,0.019197756424546242,0.9999613761901855,0.6225205063819885,0.4198050796985626,-0.08018338680267334,0.9988096952438354,0.6302359700202942,0.45677363872528076,0.07729413360357285,0.7883567214012146,0.6166460514068604,0.4345889389514923,-0.06718847155570984,0.682357668876648,0.6372381448745728,0.4757006764411926,0.008499777875840664,0.8382400274276733,0.6243833303451538,0.4469859004020691,-0.09546548128128052,0.6615341305732727,0.6415638327598572,0.4820958375930786,-0.0037479642778635025,0.7758057713508606,0.6228018403053284,0.44935688376426697,-0.11189726740121841,0.6533522605895996,0.643352210521698,0.48235073685646057,-0.0335240475833416,0.7967929840087891,0.6248056888580322,0.4498613476753235,-0.12162156403064728,0.6594753265380859,0.6417723894119263,0.4800262153148651,-0.005630361381918192,0.7694072723388672,0.6264023780822754,0.4495447874069214,-0.10008320212364197,0.6391440629959106,0.6026293039321899,0.47934892773628235,0.028323594480752945,0.9999295473098755,0.5651353001594543,0.4734112024307251,-0.02834365703165531,0.9996063113212585,0.6140198707580566,0.5228210091590881,-0.049110688269138336,0.9895981550216675,0.5579492449760437,0.5189533233642578,-0.04075418785214424,0.9524308443069458,0.6230373978614807,0.5677528977394104,0.0713939219713211,0.9681491851806641,0.5715069770812988,0.5426318645477295,0.2151724249124527,0.8189569711685181,0.621792197227478,0.5685812830924988,0.0803067535161972,0.7462217807769775,0.5759168863296509,0.5423002243041992,0.2391188144683838,0.542109489440918,0.6318820714950562,0.5832524299621582,-0.015542724169790745,0.9562802314758301,0.5723577737808228,0.5592131018638611,0.17193777859210968,0.8588079214096069
s_v4,30,1,0.6661679148674011,0.4182443916797638,-0.2691099941730499,0.9991495609283447,0.6689440608024597,0.41463014483451843,-0.24923823773860931,0.9986525177955627,0.6705682873725891,0.41486525535583496,-0.2492804080247879,0.9982342720031738,0.6722447872161865,0.4151294529438019,-0.24936701357364655,0.9980199337005615,0.6630108952522278,0.4138287901878357,-0.26121678948402405,0.9990290403366089,0.6601849794387817,0.4134194552898407,-0.2612760663032532,0.9989452958106995,0.6571479439735413,0.4129619598388672,-0.2613513171672821,0.999153733253479,0.6707555055618286,0.4157855808734894,-0.13406577706336975,0.9931614398956299,0.6492178440093994,0.4135226309299469,-0.18378998339176178,0.998779833316803,0.6662182211875916,0.42276856303215027,-0.223646879196167,0.9945260882377625,0.6585008502006531,0.42097556591033936,-0.23844753205776215,0.9961161613464355,0.6567399501800537,0.435545951128006,-0.01345535647124052,0.9981688261032104,0.6267757415771484,0.42515382170677185,-0.18918940424919128,0.9995536208152771,0.6315793395042419,0.4523295760154724,0.036616913974285126,0.035981155931949615,0.6379013061523438,0.45456230640411377,-0.2147725224494934,0.9850566983222961,0.6157659292221069,0.4587782919406891,-0.033660244196653366,0.04686054587364197,0.6648209691047668,0.47652286291122437,-0.20247629284858704,0.9229153990745544,0.6105532646179199,0.4626048505306244,-0.04464191943407059,0.06386763602495193,0.665748655796051,0.48133155703544617,-0.22573015093803406,0.8727525472640991,0.6131659150123596,0.4598683714866638,-0.0637253001332283,0.06485434621572495,0.6689919233322144,0.4799056947231293,-0.22401443123817444,0.8685408234596252,0.6148715615272522,0.4584391713142395,-0.04396263137459755,0.059882547706365585,0.6671753525733948,0.4780810475349426,-0.20075727999210358,0.7976471781730652,0.605941653251648,0.47522369027137756,0.042062632739543915,0.9984955787658691,0.5681530833244324,0.4674333930015564,-0.042044587433338165,0.9984973669052124,0.6155658960342407,0.516025722026825,-0.04990455508232117,0.9628340601921082,0.5603122711181641,0.5082710981369019,-0.114259272813797,0.9827945828437805,0.6198937296867371,0.5581576824188232,0.05146357789635658,0.9551773071289062,0.5796471238136292,0.5430513620376587,0.06032712385058403,0.9526866674423218,0.6148737072944641,0.5637922286987305,0.05791862681508064,0.7617124319076538,0.5858201384544373,0.5462495684623718,0.07566031813621521,0.7902362942695618,0.632502555847168,0.5783499479293823,-0.022838452830910683,0.9479873180389404,0.5863428115844727,0.5584452748298645,0.005530461668968201,0.9522826075553894
s_v4,31,1,0.6708927750587463,0.4170916974544525,-0.3924064338207245,0.999983549118042,0.6720018982887268,0.41340991854667664,-0.36699533462524414,0.9999771118164062,0.6732157468795776,0.41352513432502747,-0.36702820658683777,0.9999597072601318,0.6745111346244812,0.4136645197868347,-0.36713898181915283,0.9999680519104004,0.6658016443252563,0.41291913390159607,-0.3831327259540558,0.9999895095825195,0.6626364588737488,0.41261348128318787,-0.3832172751426697,0.9999872446060181,0.6594188213348389,0.4123547673225403,-0.3832617700099945,0.9999926090240479,0.6712837815284729,0.41495171189308167,-0.23869293928146362,0.9998456239700317,0.6527307629585266,0.41310736536979675,-0.30962663888931274,0.9999833106994629,0.6716128587722778,0.4215078353881836,-0.34401893615722656,0.9998719692230225,0.6642349362373352,0.4202769994735718,-0.36500269174575806,0.9999330043792725,0.6598496437072754,0.434526652097702,-0.0894971564412117,0.9991856217384338,0.6309500336647034,0.43175631761550903,-0.3016589283943176,0.9999098777770996,0.6528093218803406,0.4592556655406952,-0.02039482817053795,0.2358502894639969,0.6485392451286316,0.4623764753341675,-0.33513715863227844,0.9958653450012207,0.6774201989173889,0.4820235073566437,-0.08482629805803299,0.3818686604499817,0.6729516386985779,0.4934341609477997,-0.3469862639904022,0.9895855784416199,0.6854709386825562,0.4876837134361267,-0.09163235872983932,0.3527975380420685,0.6760083436965942,0.501357913017273,-0.3802068829536438,0.9776830077171326,0.6811859011650085,0.4864533245563507,-0.12220562249422073,0.3622451424598694,0.6809636354446411,0.5002421736717224,-0.3759409785270691,0.9760032296180725,0.6820240616798401,0.485975444316864,-0.09975730627775192,0.3414071798324585,0.679076075553894,0.4975443482398987,-0.3457275927066803,0.9478392601013184,0.6039687395095825,0.472419798374176,0.05549076572060585,0.9988549947738647,0.5679504871368408,0.46628591418266296,-0.05553476884961128,0.9991461038589478,0.6179899573326111,0.5119413137435913,-0.11478579044342041,0.9257141947746277,0.5683090686798096,0.5043331980705261,-0.24116382002830505,0.9957883954048157,0.6173819899559021,0.5614542961120605,-0.04998258501291275,0.9404759407043457,0.5865396857261658,0.5526813864707947,-0.17669183015823364,0.9910832643508911,0.6095899343490601,0.5681999921798706,-0.04720701649785042,0.7992607355117798,0.5861009955406189,0.5563268065452576,-0.17245511710643768,0.9339511394500732,0.6341887712478638,0.5776674747467041,-0.13012877106666565,0.954172670841217,0.6019409894943237,0.5696259140968323,-0.2545633316040039,0.9910224676132202
s_v4,32,1,0.6750285625457764,0.4164827764034271,-0.40854769945144653,0.9999030828475952,0.6751503348350525,0.41251617670059204,-0.3825798034667969,0.9998824596405029,0.6760542988777161,0.41274333000183105,-0.3826389014720917,0.9998477697372437,0.6769487857818604,0.4129760265350342,-0.38277769088745117,0.9998867511749268,0.6700384616851807,0.4117777943611145,-0.4037283658981323,0.999933123588562,0.6670759320259094,0.4115559458732605,-0.4038209915161133,0.9999277591705322,0.663817286491394,0.41142064332962036,-0.4038647711277008,0.9999455213546753,0.67206209897995,0.41428065299987793,-0.25374308228492737,0.9994933605194092,0.6549462676048279,0.4136652946472168,-0.34811699390411377,0.999866247177124,0.6748709678649902,0.4216507375240326,-0.3603004813194275,0.9995470643043518,0.6683341264724731,0.4208166003227234,-0.38822704553604126,0.9996452331542969,0.6632900834083557,0.4341052174568176,-0.10287218540906906,0.997711181640625,0.6359855532646179,0.4360642731189728,-0.3221776783466339,0.9994507431983948,0.6602203249931335,0.4583960175514221,-0.013591519556939602,0.3463660776615143,0.6560707688331604,0.46425896883010864,-0.32798418402671814,0.9913513660430908,0.6801269054412842,0.48067376017570496,-0.05593680590391159,0.5376811027526855,0.6821821331977844,0.4886488616466522,-0.2970934212207794,0.9732738137245178,0.6882546544075012,0.48636385798454285,-0.05797911807894707,0.46816033124923706,0.6833223700523376,0.49586576223373413,-0.3219199776649475,0.9535225629806519,0.6816195249557495,0.4865574538707733,-0.09018056839704514,0.4887308180332184,0.6966445446014404,0.485297292470932,-0.3227684497833252,0.9515502452850342,0.680387020111084,0.4879474937915802,-0.07118628174066544,0.46753013134002686,0.6942248940467834,0.4838235080242157,-0.297248899936676,0.9115752577781677,0.6019883751869202,0.46900680661201477,0.05772864818572998,0.9984725117683411,0.5733256936073303,0.46649283170700073,-0.05760696530342102,0.9987658262252808,0.6231476068496704,0.5112612843513489,-0.09476811438798904,0.948225200176239,0.5728715062141418,0.5073129534721375,-0.25401586294174194,0.9970423579216003,0.6129299402236938,0.5604826211929321,-0.035332370549440384,0.9615920782089233,0.5921646356582642,0.5549171566963196,-0.24194855988025665,0.994628369808197,0.6047378778457642,0.5680513978004456,-0.03315885365009308,0.8409234285354614,0.5886914730072021,0.5621472001075745,-0.2434995025396347,0.9659854769706726,0.6361319422721863,0.5788087844848633,-0.12816119194030762,0.9664096832275391,0.607708215713501,0.5711801648139954,-0.350880891084671,0.9940482378005981
s_v4,33,1,0.6792165637016296,0.41441312432289124,-0.36243775486946106,0.9998824596405029,0.6817476153373718,0.4114135205745697,-0.3340601921081543,0.999876856803894,0.6834311485290527,0.41170060634613037,-0.3341369330883026,0.9998107552528381,0.68499356508255,0.41203489899635315,-0.3342481851577759,0.9998205304145813,0.6745157837867737,0.41071516275405884,-0.35069775581359863,0.9999305009841919,0.670705258846283,0.4105026423931122,-0.35077977180480957,0.9999208450317383,0.6667843461036682,0.41025176644325256,-0.3508205711841583,0.9999390840530396,0.681583046913147,0.4133828282356262,-0.1973593831062317,0.999214768409729,0.657678484916687,0.4121508300304413,-0.2691643536090851,0.9999115467071533,0.6796287894248962,0.4193844199180603,-0.31146523356437683,0.9992063641548157,0.6704031229019165,0.418062299489975,-0.33266815543174744,0.9995001554489136,0.6702077388763428,0.4321458339691162,-0.05539469048380852,0.997752845287323,0.6377193331718445,0.4320375919342041,-0.26291054487228394,0.9992753863334656,0.6780993342399597,0.4483669698238373,-0.023222988471388817,0.1710319072008133,0.6513604521751404,0.4609055817127228,-0.26617902517318726,0.9831240177154541,0.7016175389289856,0.44815343618392944,-0.12963970005512238,0.3505011796951294,0.6769469976425171,0.4708399772644043,-0.22472015023231506,0.9524915218353271,0.6995874643325806,0.4557264447212219,-0.14630602300167084,0.3818446099758148,0.6933053135871887,0.47390273213386536,-0.24799729883670807,0.9273462295532227,0.6989791989326477,0.4497416615486145,-0.16772723197937012,0.3855544328689575,0.6964074969291687,0.4688735604286194,-0.2504146695137024,0.9240977168083191,0.6961643695831299,0.4480844736099243,-0.14284658432006836,0.3695650100708008,0.6906445026397705,0.4627391993999481,-0.22453264892101288,0.8723710179328918,0.6126923561096191,0.4739190340042114,0.0636449009180069,0.999549925327301,0.5791405439376831,0.4690553843975067,-0.06361770629882812,0.9991752505302429,0.6320561766624451,0.516389012336731,-0.08702017366886139,0.8705330491065979,0.5819075703620911,0.5132951140403748,-0.18227942287921906,0.9914007782936096,0.6165379881858826,0.5624709725379944,-0.029010305181145668,0.8959969878196716,0.5961933135986328,0.5574926137924194,-0.09745117276906967,0.9823434352874756,0.6094135046005249,0.5729939937591553,-0.02699093706905842,0.7574362754821777,0.5912256240844727,0.5633254051208496,-0.09187386184930801,0.9013634324073792,0.6385705471038818,0.5797739028930664,-0.10533561557531357,0.9224504232406616,0.6151736378669739,0.5749354362487793,-0.17309333384037018,0.981745719909668
s_v4,34,1,0.685757040977478,0.415437251329422,-0.2321050465106964,0.9990817308425903,0.6873244047164917,0.4121217727661133,-0.2030147910118103,0.9988553524017334,0.6886498332023621,0.41231170296669006,-0.2031124234199524,0.9985081553459167,0.690065860748291,0.41260483860969543,-0.20318825542926788,0.9979935884475708,0.6812641620635986,0.41170012950897217,-0.2197159081697464,0.999158501625061,0.6782038807868958,0.4115601181983948,-0.21977250277996063,0.9992139339447021,0.6749122142791748,0.4115590751171112,-0.21981137990951538,0.9992903470993042,0.6872441172599792,0.413838654756546,-0.07328260689973831,0.9926027655601501,0.665123462677002,0.41321104764938354,-0.144441157579422,0.9988697171211243,0.6868712306022644,0.4201333820819855,-0.18401499092578888,0.9861319065093994,0.6784748435020447,0.41920018196105957,-0.20476134121418,0.9906071424484253,0.6758309602737427,0.43084704875946045,0.06292407959699631,0.9937507510185242,0.644727349281311,0.43064504861831665,-0.17665567994117737,0.9968796968460083,0.6547540426254272,0.45009055733680725,0.127000629901886,0.056020308285951614,0.6449024677276611,0.4581056237220764,-0.21659289300441742,0.9785714745521545,0.6454994082450867,0.45775312185287476,0.06380485743284225,0.10722953081130981,0.6719606518745422,0.4550948441028595,-0.19949482381343842,0.947431206703186,0.6431812047958374,0.4621290862560272,0.05685669928789139,0.13495558500289917,0.6782122850418091,0.45719656348228455,-0.2223755419254303,0.9268106818199158,0.6432797312736511,0.45831185579299927,0.03871045634150505,0.13965894281864166,0.6775962710380554,0.4526144862174988,-0.22317245602607727,0.9268979430198669,0.6438902020454407,0.45713359117507935,0.05323837324976921,0.1306123435497284,0.6769826412200928,0.45202213525772095,-0.1989973783493042,0.8937408924102783,0.6150820851325989,0.4769122302532196,0.07548388093709946,0.9987610578536987,0.5826257467269897,0.4730857312679291,-0.07542205601930618,0.9977828860282898,0.6381658911705017,0.5169841051101685,-0.049885623157024384,0.8904021978378296,0.5894573926925659,0.5182310342788696,-0.12306409329175949,0.9910932183265686,0.6113486289978027,0.5614734292030334,-0.03824232891201973,0.9270254373550415,0.6045675277709961,0.5610398054122925,-0.05782463029026985,0.9867462515830994,0.6002212166786194,0.5691598653793335,-0.04113175347447395,0.8215359449386597,0.5968650579452515,0.5679818391799927,-0.05409398674964905,0.9326664209365845,0.6311152577400208,0.5776122808456421,-0.108597032725811,0.9468335509300232,0.6260011196136475,0.5787569284439087,-0.11919054388999939,0.985313892364502
s_v4,35,1,0.6900588274002075,0.4157240092754364,-0.2632230222225189,0.9996392726898193,0.693263828754425,0.41244807839393616,-0.23279060423374176,0.9996283054351807,0.6951637864112854,0.4128420948982239,-0.2328750044107437,0.9994500279426575,0.6969321966171265,0.413131445646286,-0.2329913079738617,0.9993528723716736,0.6863201260566711,0.4111974239349365,-0.2479584962129593,0.9997270703315735,0.683304488658905,0.4108924865722656,-0.24799466133117676,0.9997230172157288,0.6801194548606873,0.4106230139732361,-0.24800631403923035,0.9997091889381409,0.6957612037658691,0.41440340876579285,-0.09247072041034698,0.9988056421279907,0.6709997653961182,0.41165459156036377,-0.15755274891853333,0.9993565678596497,0.6905402541160583,0.4201540946960449,-0.2108566164970398,0.9956057667732239,0.6825947761535645,0.41950246691703796,-0.23010776937007904,0.9947524070739746,0.6804909706115723,0.42933058738708496,0.05589671805500984,0.9952907562255859,0.6548099517822266,0.42935261130332947,-0.17300909757614136,0.9951979517936707,0.6693581938743591,0.44482916593551636,0.19837604463100433,0.0618627592921257,0.6588241457939148,0.4515295624732971,-0.26031699776649475,0.8363997936248779,0.6730644106864929,0.44989630579948425,0.25853538513183594,0.08023126423358917,0.6779386401176453,0.4475928544998169,-0.31915968656539917,0.691574215888977,0.6721597909927368,0.45308178663253784,0.2756752371788025,0.09612499922513962,0.67933189868927,0.44667819142341614,-0.3449309468269348,0.6785392165184021,0.6729528903961182,0.4501452147960663,0.2561647295951843,0.10144489258527756,0.6803199052810669,0.4433726966381073,-0.3447776734828949,0.6789934039115906,0.673284113407135,0.44983094930648804,0.25174328684806824,0.09765192866325378,0.6796004772186279,0.44430309534072876,-0.3207336366176605,0.6119420528411865,0.620862603187561,0.4768807291984558,0.0739322081208229,0.9996570348739624,0.5887559652328491,0.47155478596687317,-0.07389820367097855,0.9990272521972656,0.6404109597206116,0.5153167843818665,-0.09551961719989777,0.8878397941589355,0.5994352102279663,0.5123610496520996,-0.13649657368659973,0.9822100400924683,0.6122579574584961,0.5610569715499878,-0.09157111495733261,0.9328972101211548,0.6022258400917053,0.5619902014732361,-0.09120374917984009,0.9860205054283142,0.6021233201026917,0.5662184953689575,-0.09541932493448257,0.8375521302223206,0.5947422385215759,0.5667498111724854,-0.089711494743824,0.9408379197120667,0.6293572783470154,0.5777469277381897,-0.1720110923051834,0.951438844203949,0.6232993006706238,0.5795863270759583,-0.16409507393836975,0.9878069758415222
s_v4,36,1,0.6941589117050171,0.4150537848472595,-0.42816799879074097,0.9915581941604614,0.6961485147476196,0.41145914793014526,-0.40157634019851685,0.9874241948127747,0.6985883712768555,0.4115336537361145,-0.40165218710899353,0.9828716516494751,0.7010258436203003,0.41161683201789856,-0.4017707109451294,0.9840011596679688,0.6881814002990723,0.4112834334373474,-0.41880911588668823,0.9925302863121033,0.6848049163818359,0.4112318158149719,-0.4189065098762512,0.9926735758781433,0.681229829788208,0.41134577989578247,-0.41897881031036377,0.993359386920929,0.6996606588363647,0.4132469892501831,-0.25721263885498047,0.9627302885055542,0.6703041195869446,0.41326284408569336,-0.33473092317581177,0.9760581851005554,0.6959637403488159,0.42000681161880493,-0.3732021152973175,0.945874810218811,0.6874561309814453,0.4198482632637024,-0.396190881729126,0.9551969170570374,0.6896016597747803,0.4295988380908966,-0.1077270433306694,0.9772654175758362,0.6556636691093445,0.4314980208873749,-0.31175392866134644,0.9626238942146301,0.688714325428009,0.4426230192184448,0.003732140641659498,0.11954306066036224,0.6831512451171875,0.44245651364326477,-0.46938714385032654,0.7410987615585327,0.6811248064041138,0.4471467137336731,0.025669995695352554,0.2101336419582367,0.694533109664917,0.4339185059070587,-0.6332952380180359,0.7286643385887146,0.6793951392173767,0.4506666958332062,0.029919445514678955,0.231575608253479,0.700089693069458,0.4314183294773102,-0.6816774606704712,0.7517013549804688,0.6772226095199585,0.4484551250934601,0.009458094835281372,0.23114013671875,0.6965191960334778,0.4260931611061096,-0.6810071468353271,0.7430908679962158,0.6786260604858398,0.4479403793811798,0.018328389152884483,0.23041048645973206,0.7000772953033447,0.42899805307388306,-0.6384921073913574,0.6453169584274292,0.6290193200111389,0.4760599434375763,0.07484588027000427,0.9969738721847534,0.5954810380935669,0.4736478924751282,-0.07501383125782013,0.9942210912704468,0.6452956199645996,0.5159205794334412,-0.04092583805322647,0.7179985046386719,0.6154981851577759,0.5148678421974182,-0.1869979202747345,0.9690359830856323,0.6147713661193848,0.5616487264633179,0.06253577768802643,0.7604638338088989,0.6064378023147583,0.5640760660171509,-0.11349653452634811,0.973458468914032,0.6045384407043457,0.5670261979103088,0.06886785477399826,0.5699133276939392,0.596832275390625,0.5676569938659668,-0.10897168517112732,0.8706337213516235,0.6288783550262451,0.579975426197052,-0.008113005198538303,0.805742084980011,0.625602126121521,0.5862807035446167,-0.2049631029367447,0.9694665670394897
s_v4,37,1,0.6945870518684387,0.41442012786865234,-0.2759276032447815,0.999062716960907,0.6967521905899048,0.41071903705596924,-0.2481764405965805,0.9988299012184143,0.6987205147743225,0.41078266501426697,-0.24824073910713196,0.9978062510490417,0.700803279876709,0.4108797013759613,-0.2483227699995041,0.9979385733604431,0.6897432208061218,0.4102109670639038,-0.2674126923084259,0.9994268417358398,0.6865525841712952,0.40997961163520813,-0.26749783754348755,0.9993516802787781,0.6833683848381042,0.40981945395469666,-0.267567902803421,0.9994518160820007,0.6988974809646606,0.4119245409965515,-0.1168936938047409,0.9951053857803345,0.6764141321182251,0.4109041094779968,-0.2035464197397232,0.9979744553565979,0.6965416669845581,0.41902828216552734,-0.22610405087471008,0.9877811670303345,0.6882935166358948,0.41803330183029175,-0.2516879737377167,0.9889500737190247,0.6790704727172852,0.42447784543037415,0.03374755010008812,0.9730121493339539,0.6691144704818726,0.4323297142982483,-0.23163995146751404,0.9954734444618225,0.6753173470497131,0.4028913974761963,0.2068493515253067,0.17045296728610992,0.7085545063018799,0.4428868293762207,-0.3680844306945801,0.8887237906455994,0.6832462549209595,0.39161914587020874,0.36384016275405884,0.3032141625881195,0.7055675983428955,0.42226260900497437,-0.463243693113327,0.9368199110031128,0.6834614276885986,0.3942573666572571,0.39416980743408203,0.29343491792678833,0.703209638595581,0.41342586278915405,-0.49619463086128235,0.9292265176773071,0.683671236038208,0.39505404233932495,0.3845099210739136,0.29780322313308716,0.6983872652053833,0.4117712080478668,-0.4979943037033081,0.930186927318573,0.6855939626693726,0.3973146378993988,0.36222705245018005,0.315530002117157,0.6977185606956482,0.41634857654571533,-0.4669215679168701,0.9036107659339905,0.6262748837471008,0.4790956377983093,0.10070441663265228,0.9978049397468567,0.604184091091156,0.47990694642066956,-0.10089240968227386,0.9982450008392334,0.6491145491600037,0.5198429226875305,0.057288505136966705,0.49482932686805725,0.6326724886894226,0.5241436958312988,-0.17369697988033295,0.9480970501899719,0.6167319416999817,0.5637454390525818,0.13940826058387756,0.5793565511703491,0.6236807703971863,0.5798019170761108,-0.1478971540927887,0.9747985005378723,0.60456383228302,0.5683396458625793,0.14509573578834534,0.5543832778930664,0.6119990348815918,0.582084059715271,-0.1468508392572403,0.947287917137146,0.6342605948448181,0.5824477672576904,0.11326637864112854,0.6089195013046265,0.6476747989654541,0.600142240524292,-0.21551468968391418,0.9681498408317566
s_v4,38,1,0.6963381171226501,0.416708379983902,-0.24240005016326904,0.9997099041938782,0.6997678279876709,0.4133499562740326,-0.21156568825244904,0.9995840191841125,0.7014601230621338,0.41362738609313965,-0.21160632371902466,0.9992044568061829,0.7031456828117371,0.4138224422931671,-0.2116527110338211,0.9991416931152344,0.6930707097053528,0.4119664132595062,-0.2327883392572403,0.9997640252113342,0.6898813843727112,0.41134124994277954,-0.2328706532716751,0.999736487865448,0.6866768002510071,0.410730242729187,-0.23289301991462708,0.9997863173484802,0.7007057070732117,0.4143696427345276,-0.08045359700918198,0.9971219897270203,0.6793115139007568,0.4111475348472595,-0.1754356026649475,0.9993444085121155,0.6963146328926086,0.4210979640483856,-0.1937403827905655,0.9940365552902222,0.688624382019043,0.420437216758728,-0.22138848900794983,0.99649578332901,0.6800962686538696,0.43130022287368774,0.05415338650345802,0.9736469388008118,0.6665748357772827,0.42993664741516113,-0.20114880800247192,0.9948752522468567,0.720774233341217,0.4228704273700714,0.15522082149982452,0.5157073736190796,0.7005459666252136,0.41439342498779297,-0.26619505882263184,0.9835155606269836,0.7124048471450806,0.4014851450920105,0.18725159764289856,0.7375205755233765,0.7047399878501892,0.3873540163040161,-0.23104333877563477,0.9836605787277222,0.7060903906822205,0.3908355236053467,0.19489525258541107,0.635988175868988,0.7022314071655273,0.3767310678958893,-0.25009265542030334,0.9680583477020264,0.7049975395202637,0.3894473612308502,0.19372543692588806,0.617464542388916,0.701438307762146,0.37859034538269043,-0.25095751881599426,0.9645277857780457,0.7038826942443848,0.3948235511779785,0.18529419600963593,0.6091768741607666,0.7012186646461487,0.3810372054576874,-0.2305353730916977,0.9535512924194336,0.6312012672424316,0.48387789726257324,0.0986502543091774,0.9952103495597839,0.611223042011261,0.4849926829338074,-0.09876342117786407,0.9975250363349915,0.6596394777297974,0.5235683917999268,0.07551221549510956,0.5141753554344177,0.6426985859870911,0.5327398777008057,-0.16655369102954865,0.973894476890564,0.6242261528968811,0.5659593343734741,0.14998282492160797,0.5895959734916687,0.639398455619812,0.5862837433815002,-0.16528059542179108,0.9866800904273987,0.6076748371124268,0.5689404010772705,0.15451079607009888,0.5593897700309753,0.6308686137199402,0.591519296169281,-0.16841942071914673,0.9651795625686646,0.6341606378555298,0.5820327401161194,0.12252065539360046,0.62339186668396,0.6646700501441956,0.6092993021011353,-0.23869743943214417,0.9766826629638672
s_v4,39,1,0.6957594156265259,0.41680657863616943,-0.22562448680400848,0.9999717473983765,0.6987791061401367,0.41260987520217896,-0.19930505752563477,0.9999539852142334,0.7003880739212036,0.4125721752643585,-0.19932349026203156,0.9999103546142578,0.7019769549369812,0.41252079606056213,-0.199311301112175,0.9998905658721924,0.6923108696937561,0.4125869870185852,-0.22016248106956482,0.9999794960021973,0.6894123554229736,0.41253477334976196,-0.22021882236003876,0.99997878074646,0.6865207552909851,0.4123898148536682,-0.2202119529247284,0.9999816417694092,0.6991870999336243,0.41307663917541504,-0.08480869978666306,0.999669075012207,0.6799843907356262,0.41272592544555664,-0.17862357199192047,0.9999468326568604,0.6954013705253601,0.42141085863113403,-0.18262061476707458,0.9994582533836365,0.6894164085388184,0.42152145504951477,-0.20992612838745117,0.9997339844703674,0.6713327765464783,0.43020403385162354,0.04134291410446167,0.9904268980026245,0.6767801642417908,0.43540337681770325,-0.21585772931575775,0.9993808269500732,0.7105894684791565,0.4104040861129761,0.1367761194705963,0.5736541748046875,0.7123523354530334,0.4146207869052887,-0.2742239832878113,0.9829088449478149,0.7137006521224976,0.39076071977615356,0.137429341673851,0.8441246151924133,0.707284688949585,0.38471361994743347,-0.23624467849731445,0.9850056767463684,0.7048879265785217,0.3762667179107666,0.13536986708641052,0.8110470175743103,0.7032462954521179,0.3736485242843628,-0.25860974192619324,0.9734131693840027,0.7009013891220093,0.3734949231147766,0.12895235419273376,0.8057399988174438,0.7020565271377563,0.3728547692298889,-0.26353853940963745,0.9701818227767944,0.7034304141998291,0.37976354360580444,0.1318468600511551,0.7926551699638367,0.7008342146873474,0.37672120332717896,-0.23705123364925385,0.9608017206192017,0.6319186687469482,0.488206684589386,0.10372016578912735,0.9990944862365723,0.6259668469429016,0.4939526319503784,-0.10396617650985718,0.999810516834259,0.655938982963562,0.5263355374336243,0.18234795331954956,0.6495102643966675,0.653418779373169,0.5422691702842712,-0.14037933945655823,0.9953706860542297,0.6186181902885437,0.5607253909111023,0.30778083205223083,0.7347770929336548,0.6482772827148438,0.5979282259941101,-0.15504805743694305,0.9971264004707336,0.6080164909362793,0.5650959610939026,0.3174455165863037,0.7086753249168396,0.6354881525039673,0.605807900428772,-0.16031017899513245,0.9911682605743408,0.6331855654716492,0.5774649977684021,0.29865044355392456,0.6571099758148193,0.6747651100158691,0.6123173832893372,-0.23000779747962952,0.9894004464149475
s_v4,40,1,0.6990843415260315,0.41605764627456665,-0.12020335346460342,0.9999864101409912,0.7007904052734375,0.41246822476387024,-0.09569984674453735,0.9999834299087524,0.7022838592529297,0.4125252962112427,-0.09569461643695831,0.9999734163284302,0.7037532925605774,0.4125209450721741,-0.09568916261196136,0.999974250793457,0.6944698691368103,0.41202569007873535,-0.1109618991613388,0.9999874830245972,0.6916693449020386,0.4119725823402405,-0.11105228960514069,0.9999865293502808,0.6884012222290039,0.41187554597854614,-0.1110965758562088,0.9999902248382568,0.7014469504356384,0.414098858833313,0.0031369468197226524,0.9999290704727173,0.681122899055481,0.41387733817100525,-0.06465316563844681,0.9999793767929077,0.6996468901634216,0.42086052894592285,-0.08440189063549042,0.9998540878295898,0.6918890476226807,0.42009687423706055,-0.10431856662034988,0.9999309778213501,0.6907817125320435,0.436563104391098,0.10467509180307388,0.9984679818153381,0.6686044931411743,0.430940181016922,-0.10663855820894241,0.9998382329940796,0.742559015750885,0.42982566356658936,0.15573418140411377,0.8956049084663391,0.6565513610839844,0.3993779718875885,-0.16067785024642944,0.9931722283363342,0.7390630841255188,0.40283942222595215,0.1444023698568344,0.9446208477020264,0.6857839226722717,0.3732468783855438,-0.12480476498603821,0.988885760307312,0.7363983988761902,0.3951791226863861,0.14267846941947937,0.9024910926818848,0.6927539706230164,0.3667033314704895,-0.14082762598991394,0.9751796126365662,0.7302885055541992,0.3921469449996948,0.1459522545337677,0.89231938123703,0.6955413818359375,0.36768731474876404,-0.1394473761320114,0.9721994996070862,0.731634259223938,0.3950570821762085,0.1433737725019455,0.8791084289550781,0.6947811841964722,0.37047943472862244,-0.12364830076694489,0.9681600332260132,0.6410328149795532,0.49114856123924255,0.09639537334442139,0.9985859394073486,0.6312551498413086,0.49401190876960754,-0.0965321883559227,0.9997336268424988,0.6676450967788696,0.5331610441207886,0.16781629621982574,0.8214393854141235,0.664515495300293,0.5416179299354553,-0.1417197585105896,0.9978029131889343,0.6271048784255981,0.5630035400390625,0.2686867415904999,0.8510054349899292,0.6483108401298523,0.5989872217178345,-0.17799603939056396,0.997180700302124,0.6151851415634155,0.5646315813064575,0.27561601996421814,0.822738766670227,0.6323121786117554,0.6069813966751099,-0.18527865409851074,0.9889916181564331,0.6436241865158081,0.5818883180618286,0.25688737630844116,0.7812987565994263,0.6771999597549438,0.6125918626785278,-0.24500511586666107,0.989461362361908
s_v4,41,1,0.7011252641677856,0.41813117265701294,-0.14464744925498962,0.9999566078186035,0.7029610872268677,0.41389355063438416,-0.11800522357225418,0.9999417066574097,0.7043874263763428,0.41388702392578125,-0.11801376193761826,0.9998962879180908,0.705788254737854,0.41388750076293945,-0.11801735311746597,0.9998990297317505,0.6970916986465454,0.4138476252555847,-0.13706395030021667,0.9999600648880005,0.6940897703170776,0.4138012230396271,-0.1371069699525833,0.9999535083770752,0.691094696521759,0.4137018918991089,-0.13713903725147247,0.9999635219573975,0.7022925615310669,0.4150281846523285,-0.008889032527804375,0.9997214674949646,0.6837871074676514,0.4146980047225952,-0.09433513879776001,0.9999198913574219,0.700745165348053,0.4228937029838562,-0.1041005551815033,0.9994743466377258,0.694659411907196,0.42314326763153076,-0.12915565073490143,0.9996492862701416,0.6847991943359375,0.4373117983341217,0.10558439791202545,0.9968088269233704,0.676825225353241,0.4366334080696106,-0.14002981781959534,0.999334990978241,0.7266826033592224,0.42145049571990967,0.16797025501728058,0.8306652903556824,0.6953850984573364,0.41184350848197937,-0.20000919699668884,0.984066367149353,0.7405685186386108,0.3976549208164215,0.14288538694381714,0.9385187029838562,0.6901928186416626,0.3770707845687866,-0.1681317239999771,0.9849337935447693,0.7397108674049377,0.3887941539287567,0.13999953866004944,0.9026513695716858,0.6953704357147217,0.37064000964164734,-0.18964870274066925,0.9699752926826477,0.7297718524932861,0.3838396668434143,0.13745318353176117,0.8959251642227173,0.6991764307022095,0.37164396047592163,-0.1897493451833725,0.9653807878494263,0.7287077307701111,0.38675618171691895,0.13879914581775665,0.885863184928894,0.6983270645141602,0.37372252345085144,-0.16750016808509827,0.9561901092529297,0.6398753523826599,0.49339598417282104,0.09993018209934235,0.9989286065101624,0.6406770944595337,0.497629314661026,-0.10010267049074173,0.9995158910751343,0.6742362380027771,0.5395609140396118,0.13293592631816864,0.6009396314620972,0.6781293749809265,0.5425097942352295,-0.17320768535137177,0.9905908703804016,0.6405993700027466,0.5803565979003906,0.21362939476966858,0.6415977478027344,0.6535781025886536,0.5969727635383606,-0.16274425387382507,0.9900013208389282,0.6277651786804199,0.58115553855896,0.21809713542461395,0.6605973243713379,0.6351567506790161,0.6032050848007202,-0.16470660269260406,0.9703910946846008,0.6658368110656738,0.5925301313400269,0.19221903383731842,0.5631505846977234,0.6729076504707336,0.6112493276596069,-0.22808444499969482,0.9695611596107483
s_v4,42,1,0.705418050289154,0.4186719059944153,-0.13753071427345276,0.9996206760406494,0.7066965699195862,0.41459140181541443,-0.12005989253520966,0.9993677735328674,0.7079455852508545,0.41444215178489685,-0.1200966089963913,0.9989967942237854,0.7093206644058228,0.41431042551994324,-0.1201147809624672,0.9989258646965027,0.7012307643890381,0.4149497151374817,-0.13963039219379425,0.9996651411056519,0.6986057758331299,0.4150761663913727,-0.13966487348079681,0.9996299743652344,0.6958320736885071,0.4151160717010498,-0.13967834413051605,0.9996650218963623,0.7058721780776978,0.4154589772224426,-0.03550277277827263,0.9975798726081848,0.6878547668457031,0.4161830246448517,-0.12286558747291565,0.9992201328277588,0.7054540514945984,0.4232587218284607,-0.10337526351213455,0.9944362640380859,0.6997653245925903,0.42370930314064026,-0.1287965029478073,0.9964028596878052,0.6730937361717224,0.4313602149486542,0.07550567388534546,0.99205082654953,0.6905047297477722,0.4393610954284668,-0.15652084350585938,0.9980777502059937,0.703507125377655,0.41036999225616455,0.1702442765235901,0.5371835827827454,0.7447619438171387,0.4334914982318878,-0.17243815958499908,0.9662423729896545,0.7174796462059021,0.3862074613571167,0.1754722148180008,0.8170804381370544,0.7477737665176392,0.407017320394516,-0.10367707163095474,0.9643901586532593,0.701718270778656,0.375127911567688,0.17295846343040466,0.7982235550880432,0.7462466955184937,0.3991031050682068,-0.11712313443422318,0.9467261433601379,0.704048752784729,0.3766445517539978,0.16401474177837372,0.7947647571563721,0.7302476763725281,0.393461674451828,-0.12657171487808228,0.9432671666145325,0.7078502774238586,0.38119256496429443,0.16934211552143097,0.790226936340332,0.7284795641899109,0.39456111192703247,-0.10530026257038116,0.9318192601203918,0.647791862487793,0.4949806034564972,0.09800148010253906,0.9979263544082642,0.6511248350143433,0.4996407628059387,-0.09819792211055756,0.9988310933113098,0.6851691007614136,0.5406213998794556,0.12901437282562256,0.3532922863960266,0.6874295473098755,0.5476692318916321,-0.14299000799655914,0.9369211196899414,0.6471424102783203,0.5733635425567627,0.21598775684833527,0.3516845107078552,0.6577735543251038,0.5975921154022217,-0.12665776908397675,0.9390297532081604,0.6366627812385559,0.5792279243469238,0.22196590900421143,0.3956483006477356,0.6444683074951172,0.6035109162330627,-0.12686488032341003,0.9111466407775879,0.6707274913787842,0.5901029706001282,0.2097502052783966,0.29926320910453796,0.6818761825561523,0.608198344707489,-0.17299053072929382,0.8770195841789246
s_v4,43,1,0.711052417755127,0.41719627380371094,-0.2408575713634491,0.9998663663864136,0.7104119062423706,0.4133942723274231,-0.21400503814220428,0.9997722506523132,0.7116649150848389,0.41316652297973633,-0.2140231877565384,0.9995332956314087,0.7129459381103516,0.4128642678260803,-0.2140570431947708,0.9995189905166626,0.7051424980163574,0.41391950845718384,-0.23532819747924805,0.9999136924743652,0.7022504210472107,0.41408443450927734,-0.23538096249103546,0.9999076128005981,0.6991961002349854,0.41436466574668884,-0.23538868129253387,0.999922513961792,0.7090104818344116,0.4138655662536621,-0.09202517569065094,0.9986799359321594,0.6894959807395935,0.41659075021743774,-0.18573521077632904,0.9997643828392029,0.711943507194519,0.42163991928100586,-0.19363874197006226,0.9953674077987671,0.7057876586914062,0.4229441285133362,-0.2208198606967926,0.9972686767578125,0.6852370500564575,0.42939579486846924,0.05599883943796158,0.9837610125541687,0.693966805934906,0.4413183033466339,-0.2207382172346115,0.9973230957984924,0.6816667914390564,0.404215008020401,0.19195228815078735,0.26341164112091064,0.7534476518630981,0.4419391453266144,-0.2730984687805176,0.9775960445404053,0.6998460292816162,0.38470005989074707,0.26589059829711914,0.44240903854370117,0.7523478269577026,0.41023194789886475,-0.23072540760040283,0.9714323878288269,0.7027333974838257,0.38189202547073364,0.2776033580303192,0.4158143997192383,0.7526543140411377,0.40143296122550964,-0.2442888468503952,0.950819730758667,0.7043864130973816,0.38267695903778076,0.2716642916202545,0.405062735080719,0.7447576522827148,0.3988454043865204,-0.2506565749645233,0.9473103880882263,0.7043454051017761,0.3839854598045349,0.26223790645599365,0.4170669615268707,0.742997407913208,0.4017810821533203,-0.23130114376544952,0.9306318759918213,0.6583152413368225,0.49559342861175537,0.10202652215957642,0.9981421232223511,0.655889093875885,0.5014715194702148,-0.10229196399450302,0.9982814788818359,0.6865449547767639,0.5459684729576111,0.09504880011081696,0.3528992235660553,0.6942875981330872,0.5520182251930237,-0.1494719684123993,0.8779640197753906,0.6430824995040894,0.59117192029953,0.16349166631698608,0.27754950523376465,0.6527831554412842,0.5997692942619324,-0.12448178231716156,0.8824670314788818,0.6366502642631531,0.5985205173492432,0.167554572224617,0.28288546204566956,0.6394058465957642,0.60653156042099,-0.1224672719836235,0.8645751476287842,0.67032390832901,0.6016614437103271,0.1544855833053589,0.2737172842025757,0.6800537705421448,0.6097935438156128,-0.16258537769317627,0.8672913312911987
s_v4,44,1,0.7149404287338257,0.4148813486099243,-0.24779020249843597,0.9998960494995117,0.7141659259796143,0.41062653064727783,-0.21676182746887207,0.9998550415039062,0.7156156897544861,0.41055285930633545,-0.21677854657173157,0.9996528625488281,0.7171940803527832,0.41051819920539856,-0.21684317290782928,0.9996974468231201,0.708521842956543,0.4109362065792084,-0.24037669599056244,0.9999445676803589,0.7056602239608765,0.41109421849250793,-0.24041955173015594,0.9999356269836426,0.7026586532592773,0.4113534688949585,-0.2404526174068451,0.9999544620513916,0.7135878205299377,0.41246211528778076,-0.0815223678946495,0.9988240599632263,0.6923415660858154,0.4138193726539612,-0.18371547758579254,0.9998569488525391,0.7166629433631897,0.41937369108200073,-0.19638276100158691,0.9959964752197266,0.7093498110771179,0.41996079683303833,-0.22592642903327942,0.997488260269165,0.6973673105239868,0.43167006969451904,0.08590804785490036,0.9803409576416016,0.6926150918006897,0.43898895382881165,-0.22492378950119019,0.9970135688781738,0.7233973741531372,0.42276641726493835,0.218107208609581,0.17637711763381958,0.7612653970718384,0.4500232934951782,-0.2429860532283783,0.9677978157997131,0.7262961268424988,0.39318814873695374,0.2635233402252197,0.3478282690048218,0.7602359652519226,0.4138132631778717,-0.15865971148014069,0.9628638029098511,0.7256593704223633,0.3859326243400574,0.2708105146884918,0.31840619444847107,0.7615751624107361,0.40590256452560425,-0.17053499817848206,0.9342318773269653,0.7232927083969116,0.38655924797058105,0.27017149329185486,0.3073364198207855,0.750254213809967,0.40225476026535034,-0.18186497688293457,0.9280551671981812,0.7245611548423767,0.3880884051322937,0.26077699661254883,0.32020634412765503,0.7475453019142151,0.40438777208328247,-0.1600523442029953,0.8993733525276184,0.6683055758476257,0.4980318546295166,0.10955981910228729,0.996946394443512,0.660658597946167,0.5012679100036621,-0.1098102405667305,0.9969423413276672,0.7023026943206787,0.5494434237480164,0.10158758610486984,0.21165971457958221,0.7011640667915344,0.5565710663795471,-0.15450257062911987,0.7635284662246704,0.652962863445282,0.5923163294792175,0.17610779404640198,0.186140775680542,0.6513137221336365,0.6027512550354004,-0.12115743011236191,0.7331404089927673,0.6360039710998535,0.6003518104553223,0.1807251274585724,0.20395299792289734,0.6335760354995728,0.6081250905990601,-0.1187165230512619,0.6762887239456177,0.6729587912559509,0.6045153737068176,0.16713109612464905,0.2681613564491272,0.6775729060173035,0.6146491765975952,-0.15579001605510712,0.7612701654434204
s_v4,45,1,0.7197388410568237,0.41408777236938477,-0.3134508728981018,0.997190535068512,0.7209098935127258,0.4092503786087036,-0.28353381156921387,0.9950048327445984,0.7225102782249451,0.40921658277511597,-0.2835630774497986,0.9918455481529236,0.7241808772087097,0.4091321527957916,-0.2836080491542816,0.9906966686248779,0.7139835953712463,0.409239798784256,-0.3092849850654602,0.9974365830421448,0.7101911306381226,0.4092213213443756,-0.30936843156814575,0.9976776242256165,0.7061402797698975,0.4092562794685364,-0.3094293475151062,0.9980323910713196,0.7188601493835449,0.41078832745552063,-0.1380007416009903,0.9725608825683594,0.6935746073722839,0.41118931770324707,-0.24885675311088562,0.9939066767692566,0.7204931974411011,0.4187723398208618,-0.25650081038475037,0.9315935969352722,0.7129390239715576,0.41971904039382935,-0.2886945605278015,0.9485366940498352,0.699232280254364,0.4272104799747467,0.05724262073636055,0.948408842086792,0.6951994299888611,0.4344543516635895,-0.2828402519226074,0.9942535758018494,0.7046863436698914,0.46141141653060913,0.23023110628128052,0.03271886706352234,0.7623029351234436,0.45118600130081177,-0.2798415422439575,0.9823108911514282,0.702526330947876,0.4766942858695984,0.27827420830726624,0.04039057344198227,0.7711846232414246,0.41442281007766724,-0.2061527818441391,0.9828199148178101,0.7034963965415955,0.4833138585090637,0.2930925786495209,0.04445897415280342,0.7713751196861267,0.40637969970703125,-0.21970218420028687,0.9729145169258118,0.7001588344573975,0.4806062579154968,0.27460649609565735,0.04545591026544571,0.7616384029388428,0.40455362200737,-0.23711320757865906,0.9729701280593872,0.7006935477256775,0.47862496972084045,0.2697407007217407,0.052114181220531464,0.7599115967750549,0.40600377321243286,-0.20971713960170746,0.9584625363349915,0.6835063099861145,0.5008797645568848,0.10865597426891327,0.9945355653762817,0.6629812121391296,0.5023307800292969,-0.10888838022947311,0.994139552116394,0.7224166393280029,0.5503857731819153,0.0551607683300972,0.3388320803642273,0.6948128342628479,0.5577280521392822,-0.148291677236557,0.8475114107131958,0.6643517017364502,0.5956352949142456,0.10756994783878326,0.36488378047943115,0.6513712406158447,0.6035383343696594,-0.07844725996255875,0.7988789677619934,0.6453598737716675,0.6025261878967285,0.10940153151750565,0.3776117265224457,0.6290092468261719,0.6098124384880066,-0.07351870089769363,0.727293074131012,0.6852114200592041,0.6118184328079224,0.07752235233783722,0.531669020652771,0.6809648275375366,0.6186667680740356,-0.12621845304965973,0.8487727642059326
s_v4,46,1,0.7263282537460327,0.41140010952949524,-0.3638235330581665,0.9992491602897644,0.7267717719078064,0.40672338008880615,-0.32984617352485657,0.9988784193992615,0.7283422350883484,0.40659743547439575,-0.32986578345298767,0.9979482293128967,0.7299913763999939,0.40644505620002747,-0.32996660470962524,0.9980365633964539,0.7197486162185669,0.4071703553199768,-0.3537854552268982,0.9994321465492249,0.7155331969261169,0.40743488073349,-0.35384422540664673,0.9994025230407715,0.7112985849380493,0.40773308277130127,-0.35387903451919556,0.9994578957557678,0.7237188220024109,0.4078637659549713,-0.16722071170806885,0.9941481351852417,0.6985406875610352,0.40987858176231384,-0.27203455567359924,0.9986483454704285,0.727199375629425,0.41591551899909973,-0.3018304705619812,0.9908746480941772,0.719353973865509,0.4170495867729187,-0.3323785066604614,0.9905381202697754,0.7078890800476074,0.4237484931945801,0.024656184017658234,0.9924231767654419,0.6958364248275757,0.4381116032600403,-0.3018864393234253,0.994271993637085,0.7486348748207092,0.4171566367149353,0.19345588982105255,0.3825649917125702,0.7641490697860718,0.452894389629364,-0.31841394305229187,0.9876685738563538,0.7651482224464417,0.40797215700149536,0.25137102603912354,0.6174291372299194,0.7815091609954834,0.4198521673679352,-0.2509233355522156,0.9861531257629395,0.7666037082672119,0.40343576669692993,0.2625707685947418,0.5238978266716003,0.7858666181564331,0.4136108160018921,-0.2715725600719452,0.9710500240325928,0.7634444832801819,0.40329113602638245,0.24599407613277435,0.5263634324073792,0.7781856656074524,0.41113317012786865,-0.2813660800457001,0.970389187335968,0.7621095180511475,0.40441107749938965,0.2432660311460495,0.5386717319488525,0.7748702168464661,0.41251450777053833,-0.2525617480278015,0.9547151923179626,0.6938257217407227,0.49962183833122253,0.1021924540400505,0.9994156360626221,0.6669853329658508,0.5022873878479004,-0.10236165672540665,0.9980525970458984,0.7379032373428345,0.5460227727890015,-0.02886928804218769,0.7515949606895447,0.6932300925254822,0.5574662685394287,-0.15994663536548615,0.8778321743011475,0.7005620002746582,0.5933761596679688,0.08848447352647781,0.6114014387130737,0.6522292494773865,0.597974956035614,0.022926202043890953,0.803308367729187,0.6853848695755005,0.5975867509841919,0.09742128849029541,0.4667512774467468,0.6385153532028198,0.6016409397125244,0.04092441499233246,0.5832720994949341,0.7118525505065918,0.6124980449676514,0.047577254474163055,0.6956759691238403,0.6733728051185608,0.6160567402839661,-0.010398930869996548,0.8552685379981995
s_v4,47,1,0.7275630235671997,0.4086587429046631,-0.36663883924484253,0.9999109506607056,0.7291830778121948,0.4044211208820343,-0.33373257517814636,0.9998551607131958,0.7312526106834412,0.40436792373657227,-0.3337594270706177,0.9996941089630127,0.7334612607955933,0.4042610824108124,-0.3338574469089508,0.9996957778930664,0.7211710810661316,0.4045930504798889,-0.35302913188934326,0.9999409914016724,0.7179807424545288,0.404769629240036,-0.3530919849872589,0.9999338388442993,0.7143951058387756,0.4050653874874115,-0.3531205952167511,0.9999469518661499,0.7315211892127991,0.4054427146911621,-0.17453372478485107,0.9988946318626404,0.7044928669929504,0.40748196840286255,-0.25680306553840637,0.9998612403869629,0.7310987710952759,0.41347527503967285,-0.30647778511047363,0.9979419112205505,0.7207006216049194,0.4136081039905548,-0.3304826617240906,0.9983709454536438,0.7245360612869263,0.4212011992931366,0.00814269483089447,0.9912687540054321,0.7051005959510803,0.43423259258270264,-0.2899414300918579,0.9973897337913513,0.756718099117279,0.4110356569290161,0.15421900153160095,0.16088582575321198,0.7678405046463013,0.45520785450935364,-0.3344482481479645,0.9905969500541687,0.7729556560516357,0.41089266538619995,0.19478434324264526,0.337217777967453,0.8012973666191101,0.425408273935318,-0.2934513986110687,0.9854551553726196,0.7858954071998596,0.41522884368896484,0.19932790100574493,0.28520655632019043,0.8049372434616089,0.4187757968902588,-0.32010915875434875,0.9677404165267944,0.7742990255355835,0.40830206871032715,0.1822163462638855,0.2862725853919983,0.7973410487174988,0.4162326157093048,-0.3279195725917816,0.9657229781150818,0.7725610733032227,0.4113321304321289,0.18527868390083313,0.3130970597267151,0.7942982912063599,0.4189080595970154,-0.29532408714294434,0.9431377053260803,0.7039576768875122,0.4956737458705902,0.09127872437238693,0.9995287656784058,0.6706417798995972,0.49790844321250916,-0.09151213616132736,0.9988952875137329,0.7411542534828186,0.5443873405456543,0.0165886040776968,0.8628554344177246,0.6898898482322693,0.5554531216621399,-0.093567855656147,0.9552246332168579,0.7062357664108276,0.5938631892204285,0.14882168173789978,0.8338349461555481,0.6563040018081665,0.5962009429931641,0.06047309562563896,0.9340218305587769,0.6932597756385803,0.5988804697990417,0.15882501006126404,0.730227530002594,0.6461769342422485,0.6010582447052002,0.07395847886800766,0.7408326268196106,0.7271309494972229,0.6102056503295898,0.09789684414863586,0.8759331107139587,0.6712956428527832,0.6145836114883423,0.0008365140529349446,0.939287006855011
s_v4,48,1,0.7315082550048828,0.4041576683521271,-0.2670312523841858,0.9999947547912598,0.7322431802749634,0.39998307824134827,-0.23881950974464417,0.9999912977218628,0.7342292666435242,0.3998918831348419,-0.23885954916477203,0.9999847412109375,0.7363611459732056,0.39989691972732544,-0.23891288042068481,0.9999823570251465,0.725034773349762,0.4003933072090149,-0.25697025656700134,0.9999946355819702,0.721788763999939,0.400576651096344,-0.25694766640663147,0.9999932050704956,0.7185713052749634,0.40077656507492065,-0.2569238245487213,0.9999920129776001,0.7358089089393616,0.4013637900352478,-0.09558762609958649,0.9999340772628784,0.7115485072135925,0.40305161476135254,-0.17160189151763916,0.9999905824661255,0.735185444355011,0.40920907258987427,-0.21219977736473083,0.9999357461929321,0.7268826961517334,0.4096802771091461,-0.23437464237213135,0.9999415874481201,0.7338429689407349,0.42185845971107483,0.04540463164448738,0.9991999268531799,0.7053593397140503,0.42781850695610046,-0.21910206973552704,0.9994889497756958,0.7646127939224243,0.4184519350528717,-0.008038146421313286,0.47157731652259827,0.7699872255325317,0.45014458894729614,-0.27209749817848206,0.998344898223877,0.7922836542129517,0.4125059247016907,-0.1981523185968399,0.7525325417518616,0.8160825967788696,0.4295848309993744,-0.2198469191789627,0.9957911968231201,0.7988424301147461,0.4091489315032959,-0.23208452761173248,0.7422240376472473,0.8267841935157776,0.42411503195762634,-0.24457848072052002,0.9874101281166077,0.7951011061668396,0.4085015058517456,-0.23749591410160065,0.7366502285003662,0.8218203783035278,0.42131099104881287,-0.2477390617132187,0.9860683679580688,0.7963355779647827,0.4120762348175049,-0.20863839983940125,0.7298445701599121,0.816814661026001,0.4223332107067108,-0.21965758502483368,0.9742582440376282,0.7135822772979736,0.4953978657722473,0.08038845658302307,0.999765932559967,0.6758314967155457,0.4961824119091034,-0.08060169965028763,0.9991685152053833,0.7515950798988342,0.5412253737449646,-0.015131497755646706,0.9651062488555908,0.690845251083374,0.5532860159873962,-0.09335211664438248,0.9847033619880676,0.7027769088745117,0.5867452025413513,0.14047138392925262,0.9390161633491516,0.6553637981414795,0.5938252806663513,0.054925285279750824,0.9831669926643372,0.6905463933944702,0.5911287069320679,0.1534235179424286,0.879567563533783,0.6412169337272644,0.5986518859863281,0.06712450087070465,0.862633228302002,0.7217653393745422,0.6082702279090881,0.09605783969163895,0.9500383734703064,0.6715196967124939,0.6162615418434143,-0.011819367296993732,0.9787155389785767
s_v4,49,1,0.7398208975791931,0.39934206008911133,-0.34105560183525085,0.9999995231628418,0.7399645447731018,0.39463257789611816,-0.3100944459438324,0.9999991655349731,0.74192875623703,0.39448386430740356,-0.31009936332702637,0.9999980926513672,0.7436461448669434,0.3943464457988739,-0.31018897891044617,0.9999979734420776,0.7313872575759888,0.3953216075897217,-0.33099403977394104,0.9999996423721313,0.7271027565002441,0.3957299292087555,-0.33099204301834106,0.9999995231628418,0.723376452922821,0.3962240219116211,-0.33098354935646057,0.9999995231628418,0.7417119145393372,0.39625880122184753,-0.15388669073581696,0.999993085861206,0.7157514095306396,0.39915162324905396,-0.24545149505138397,0.9999992847442627,0.7436391711235046,0.4045238494873047,-0.28116434812545776,0.9999849796295166,0.7348398566246033,0.40561777353286743,-0.30788570642471313,0.99998939037323,0.7345852851867676,0.4197785258293152,0.032170459628105164,0.999625563621521,0.7147068381309509,0.42703092098236084,-0.2783067226409912,0.9997128844261169,0.7648624181747437,0.41968411207199097,0.16207346320152283,0.4143984913825989,0.7712072134017944,0.4535244107246399,-0.32180535793304443,0.9987647533416748,0.8009136319160461,0.4077044129371643,0.1592584252357483,0.8566705584526062,0.829889178276062,0.4422304630279541,-0.30130454897880554,0.9974823594093323,0.8080673813819885,0.4041581153869629,0.15906843543052673,0.8296424150466919,0.8456923961639404,0.4382060766220093,-0.33283522725105286,0.9923866987228394,0.8066084980964661,0.4042747914791107,0.138825461268425,0.8262261748313904,0.8429329991340637,0.43359044194221497,-0.3333891034126282,0.9917569756507874,0.803908109664917,0.4055112898349762,0.14888431131839752,0.8093026280403137,0.83733731508255,0.4346367120742798,-0.30053162574768066,0.9813137054443359,0.7208411693572998,0.49193230271339417,0.08666243404150009,0.9998762607574463,0.6850259304046631,0.4942456781864166,-0.08681796491146088,0.9994213581085205,0.7612026929855347,0.5392809510231018,-0.02844986692070961,0.9709303379058838,0.6931169033050537,0.5514392256736755,-0.08606956154108047,0.9608083367347717,0.7154691219329834,0.5868369340896606,0.15226973593235016,0.9520865678787231,0.660491943359375,0.5919637680053711,0.09581778198480606,0.9788854718208313,0.698137104511261,0.5913962125778198,0.16727635264396667,0.9047915935516357,0.6457412242889404,0.5957434177398682,0.11117787659168243,0.8428394198417664,0.7403599619865417,0.6081902980804443,0.1020602434873581,0.9648052453994751,0.6696684956550598,0.6131340265274048,0.028461100533604622,0.9766973257064819
s_v4,50,1,0.7466796636581421,0.3944908678531647,-0.34174948930740356,0.9999998807907104,0.7465832829475403,0.3903886675834656,-0.3108488917350769,0.9999997615814209,0.7481335401535034,0.3902270495891571,-0.3108532428741455,0.9999995231628418,0.7496731281280518,0.3900740444660187,-0.3109305202960968,0.9999995231628418,0.7387171387672424,0.391123503446579,-0.3302491009235382,0.9999998807907104,0.7348058819770813,0.39146292209625244,-0.33025461435317993,0.9999998807907104,0.7307596802711487,0.39181268215179443,-0.3302420973777771,0.9999998807907104,0.7496758699417114,0.3929375410079956,-0.1514776200056076,0.9999982118606567,0.7226244211196899,0.3951417803764343,-0.23629342019557953,0.9999998807907104,0.7508138418197632,0.39973577857017517,-0.28025877475738525,0.999996542930603,0.741689920425415,0.40066686272621155,-0.30510175228118896,0.9999978542327881,0.7464577555656433,0.4175150692462921,0.03623822703957558,0.9996843338012695,0.7209981083869934,0.42384856939315796,-0.2675042748451233,0.9999403953552246,0.7767282724380493,0.42552468180656433,0.1337246149778366,0.47088873386383057,0.7738271355628967,0.4533875286579132,-0.3222043812274933,0.9992927312850952,0.8190765976905823,0.41445600986480713,0.08673150837421417,0.8470975756645203,0.8448735475540161,0.4501211941242218,-0.3240535855293274,0.9982483386993408,0.8282051086425781,0.4109932482242584,0.07923093438148499,0.8118245005607605,0.862196683883667,0.44821497797966003,-0.3584851026535034,0.9942441582679749,0.8270655274391174,0.41027432680130005,0.05451619625091553,0.8152522444725037,0.861971378326416,0.44372284412384033,-0.3572721481323242,0.9937547445297241,0.8231909871101379,0.41196611523628235,0.07321259379386902,0.7945714592933655,0.856364905834198,0.44430017471313477,-0.3227417469024658,0.9848458766937256,0.7310271263122559,0.4909599721431732,0.08426883816719055,0.9998599290847778,0.6926590800285339,0.49243542551994324,-0.08448673784732819,0.9996992349624634,0.7715119123458862,0.5373626351356506,-0.024444520473480225,0.9825932383537292,0.6935393214225769,0.5494410395622253,-0.08087243884801865,0.9892988204956055,0.744833767414093,0.5903707146644592,0.1210048496723175,0.9816061854362488,0.6634185314178467,0.5958651304244995,0.05703359097242355,0.9954767823219299,0.7253121733665466,0.5978663563728333,0.13126713037490845,0.963394820690155,0.6502822637557983,0.5996439456939697,0.06590677797794342,0.933954119682312,0.7749362587928772,0.6102017760276794,0.05317295342683792,0.9841784834861755,0.6681515574455261,0.6122216582298279,-0.03853631019592285,0.9924238920211792
s_v4,51,1,0.7524991035461426,0.3916856348514557,-0.38305026292800903,0.9999995231628418,0.7538032531738281,0.3874205946922302,-0.3532123565673828,0.999998927116394,0.7561477422714233,0.38729727268218994,-0.35322272777557373,0.9999979734420776,0.7585449814796448,0.38722360134124756,-0.3532944619655609,0.9999979734420776,0.7451668381690979,0.38830962777137756,-0.3722588121891022,0.9999995231628418,0.741855800151825,0.3888935148715973,-0.37227383255958557,0.9999994039535522,0.7392484545707703,0.38955992460250854,-0.3722662925720215,0.9999994039535522,0.7586725354194641,0.38943108916282654,-0.19313663244247437,0.9999898672103882,0.7318494319915771,0.3935490846633911,-0.2766580581665039,0.999998927116394,0.7580605745315552,0.39726823568344116,-0.32038068771362305,0.9999898672103882,0.7462573647499084,0.3979862928390503,-0.34489622712135315,0.999992847442627,0.7605288028717041,0.41533389687538147,0.0010094415629282594,0.9999163150787354,0.7315964102745056,0.42101967334747314,-0.2936301529407501,0.9999268054962158,0.8028914928436279,0.4309021234512329,0.10088364779949188,0.9206442832946777,0.7793500423431396,0.4503856897354126,-0.3261210024356842,0.9993626475334167,0.8486590385437012,0.41946738958358765,0.04983718693256378,0.983994722366333,0.8464072942733765,0.4630945026874542,-0.33705413341522217,0.9985677003860474,0.8581938147544861,0.4168505370616913,0.03911790996789932,0.9644953012466431,0.8667731881141663,0.4647449553012848,-0.3753712475299835,0.9947293400764465,0.8546943664550781,0.41517508029937744,0.011179138906300068,0.9664562344551086,0.8697876930236816,0.46035706996917725,-0.37546202540397644,0.9943212270736694,0.8515695929527283,0.41590362787246704,0.03561455383896828,0.958832859992981,0.8639717102050781,0.4596623480319977,-0.3362891376018524,0.9867183566093445,0.7423397302627563,0.49050816893577576,0.08549372106790543,0.9999303817749023,0.7033368349075317,0.4917861521244049,-0.08583587408065796,0.9998121857643127,0.7744559645652771,0.538493812084198,0.01301081757992506,0.9586585164070129,0.6954847574234009,0.5455694198608398,-0.05208954960107803,0.9889834523200989,0.7678963541984558,0.5951059460639954,0.11276284605264664,0.9739698171615601,0.6682400703430176,0.5934857726097107,0.09559038281440735,0.9947296380996704,0.7533101439476013,0.6071083545684814,0.11872769892215729,0.9516052603721619,0.6558510661125183,0.5978714823722839,0.10522626340389252,0.9341460466384888,0.8062322735786438,0.6104675531387329,0.04066786170005798,0.9823550581932068,0.6737678050994873,0.6108196377754211,0.007237901911139488,0.9922738671302795
s_v4,52,1,0.7634174823760986,0.3889288306236267,-0.3347369134426117,0.9999996423721313,0.7646040320396423,0.38520941138267517,-0.3065379559993744,0.9999992847442627,0.7670652270317078,0.38534480333328247,-0.3065468370914459,0.9999986886978149,0.7693939805030823,0.3854341208934784,-0.3066043257713318,0.9999986886978149,0.7558640241622925,0.3852320909500122,-0.32204481959342957,0.9999996423721313,0.7518508434295654,0.3856388032436371,-0.3220426142215729,0.9999995231628418,0.7472447156906128,0.38623982667922974,-0.3220239579677582,0.9999994039535522,0.7698023915290833,0.3875463306903839,-0.1501951366662979,0.9999940395355225,0.7397623062133789,0.3889973759651184,-0.21687635779380798,0.9999992847442627,0.7687429785728455,0.39425814151763916,-0.2739286422729492,0.9999960660934448,0.7557913064956665,0.3947802186012268,-0.2935422956943512,0.999996542930603,0.7763813734054565,0.4167802929878235,0.022812506183981895,0.9999649524688721,0.7393572926521301,0.4166267514228821,-0.23935765027999878,0.9999836683273315,0.8172749280929565,0.4347081482410431,0.07723063975572586,0.9264903664588928,0.7876692414283752,0.44996050000190735,-0.2846415042877197,0.9994762539863586,0.8694360852241516,0.42670339345932007,-0.016543088480830193,0.9872773289680481,0.8412442207336426,0.47427645325660706,-0.30172091722488403,0.9987817406654358,0.8836599588394165,0.4252850115299225,-0.03573796898126602,0.9723274111747742,0.8594458699226379,0.48123177886009216,-0.33709803223609924,0.9950518012046814,0.8823189735412598,0.42218679189682007,-0.06540284305810928,0.9750658869743347,0.8638782501220703,0.4779474437236786,-0.3393488824367523,0.9947088956832886,0.8759546875953674,0.4228260815143585,-0.03308538347482681,0.9682876467704773,0.8587573766708374,0.4762928783893585,-0.301763117313385,0.9882484674453735,0.7551997303962708,0.487600177526474,0.07115186750888824,0.9999456405639648,0.7143259048461914,0.48697590827941895,-0.07134068012237549,0.9999185800552368,0.78374844789505,0.540116548538208,-0.02483496069908142,0.964428722858429,0.6978482604026794,0.541857898235321,-0.07150164246559143,0.9913401007652283,0.7904661893844604,0.5996749401092529,0.04096445441246033,0.9818066358566284,0.6711214184761047,0.588988721370697,0.04159165546298027,0.995871365070343,0.7774782180786133,0.6112551689147949,0.04185687005519867,0.9687454700469971,0.6593919992446899,0.5944319367408752,0.0464341901242733,0.9448252320289612,0.8356738090515137,0.6124889850616455,-0.05556010082364082,0.9838085770606995,0.6624372005462646,0.6051029562950134,-0.06677035242319107,0.9932897686958313
s_v4,53,1,0.7710232138633728,0.3884464502334595,-0.35876479744911194,0.9999995231628418,0.7719017267227173,0.38442283868789673,-0.33315935730934143,0.9999986886978149,0.7744179368019104,0.3843953013420105,-0.3331548869609833,0.9999980926513672,0.7769155502319336,0.3843522369861603,-0.33323562145233154,0.9999982118606567,0.7627657055854797,0.3850388824939728,-0.3495994210243225,0.9999992847442627,0.7585419416427612,0.3856201767921448,-0.3496110737323761,0.9999990463256836,0.7543177604675293,0.3862723708152771,-0.3496130108833313,0.9999990463256836,0.7765015363693237,0.3858931064605713,-0.1811867207288742,0.9999916553497314,0.7467435002326965,0.3899770975112915,-0.25275421142578125,0.9999986886978149,0.7770510911941528,0.39428645372390747,-0.29879555106163025,0.9999961853027344,0.7646799087524414,0.3949243426322937,-0.3197407126426697,0.9999963045120239,0.7861133217811584,0.417092502117157,0.004908918868750334,0.9999818801879883,0.7468897104263306,0.4165853261947632,-0.2552047669887543,0.9999709129333496,0.8254525661468506,0.441304087638855,0.11083775013685226,0.9244624376296997,0.7872098088264465,0.4556899070739746,-0.27472203969955444,0.9968196153640747,0.8851711750030518,0.4385780096054077,0.07397988438606262,0.9860582947731018,0.836274266242981,0.4885830879211426,-0.29314500093460083,0.9929012656211853,0.9000331163406372,0.4372645616531372,0.06432407349348068,0.9657903909683228,0.8482997417449951,0.4965114891529083,-0.3241112232208252,0.9784684777259827,0.9009293913841248,0.434751033782959,0.03119339980185032,0.9702465534210205,0.8524937629699707,0.4941544830799103,-0.33583277463912964,0.9777172803878784,0.8953269124031067,0.4353436827659607,0.05806677043437958,0.9612666964530945,0.8490563631057739,0.49133023619651794,-0.2964904308319092,0.9601548314094543,0.7666460871696472,0.4861883521080017,0.06801566481590271,0.9999322891235352,0.7254413366317749,0.48524171113967896,-0.06815636157989502,0.9998713731765747,0.7921035885810852,0.5429802536964417,-0.055108726024627686,0.9253664612770081,0.7075538039207458,0.5448945164680481,-0.06939040869474411,0.9672274589538574,0.8101574182510376,0.6049829721450806,-0.039846185594797134,0.9651142358779907,0.6703413724899292,0.5916601419448853,0.05572684481739998,0.9744171500205994,0.8005532026290894,0.6185293197631836,-0.04434384033083916,0.9225940704345703,0.6630757451057434,0.5965210795402527,0.06251651048660278,0.8032040596008301,0.8486431837081909,0.6156491041183472,-0.1530742645263672,0.9671584367752075,0.6671628952026367,0.6090171337127686,-0.04451197013258934,0.9663500189781189
s_v4,54,1,0.7821704149246216,0.39012885093688965,-0.3316313922405243,0.9999828338623047,0.7830277681350708,0.3850208520889282,-0.3044200837612152,0.9999691247940063,0.7856018543243408,0.38491034507751465,-0.30444836616516113,0.9999607801437378,0.7881132960319519,0.38482171297073364,-0.3045487105846405,0.9999649524688721,0.7733227610588074,0.3858764171600342,-0.3232788145542145,0.9999728202819824,0.769517719745636,0.3863849937915802,-0.3232797384262085,0.9999712705612183,0.766028106212616,0.38684308528900146,-0.3233277201652527,0.9999678134918213,0.7883427739143372,0.38678866624832153,-0.14497804641723633,0.9998469352722168,0.7586336731910706,0.390236496925354,-0.22633078694343567,0.9999605417251587,0.7885165214538574,0.39618539810180664,-0.267998069524765,0.9999065399169922,0.776160478591919,0.3959595263004303,-0.2919495403766632,0.9998941421508789,0.7974981665611267,0.41946855187416077,0.05046595260500908,0.9999372959136963,0.7517803907394409,0.4192618429660797,-0.23900683224201202,0.9998458623886108,0.8349497318267822,0.44935399293899536,0.16232523322105408,0.8833141922950745,0.7874001264572144,0.4577871561050415,-0.2661002278327942,0.9929938912391663,0.9010297060012817,0.44891276955604553,0.10564951598644257,0.9846969842910767,0.8202876448631287,0.49158579111099243,-0.29010000824928284,0.9924160242080688,0.9154558181762695,0.44852888584136963,0.09781359136104584,0.9680092930793762,0.8295003175735474,0.5021219849586487,-0.3210321068763733,0.9783465266227722,0.9166359901428223,0.4461919963359833,0.06036010757088661,0.9727910757064819,0.8352974653244019,0.5021386742591858,-0.33492523431777954,0.9777041673660278,0.9106500148773193,0.4463920295238495,0.08759047091007233,0.9652531743049622,0.8315977454185486,0.49911561608314514,-0.2935408353805542,0.9617735147476196,0.778326690196991,0.48874932527542114,0.08023404330015182,0.9998781681060791,0.7349687814712524,0.4884165823459625,-0.08037387579679489,0.9996271133422852,0.8023228645324707,0.5502095222473145,-0.06472739577293396,0.8961490988731384,0.7173866033554077,0.5516471266746521,-0.10301465541124344,0.9674685001373291,0.8272460699081421,0.6145645380020142,-0.061812352389097214,0.9476656317710876,0.672954797744751,0.5965631008148193,0.04486403614282608,0.9402180910110474,0.8215848207473755,0.6250138282775879,-0.06857283413410187,0.8309155702590942,0.6628106236457825,0.6029408574104309,0.055031388998031616,0.6512073874473572,0.8505954146385193,0.627044677734375,-0.19051891565322876,0.9392706155776978,0.6761153340339661,0.6144801378250122,-0.05599077045917511,0.9217469692230225
s_v4,55,1,0.7953125834465027,0.3900691270828247,-0.4327603578567505,0.9999784231185913,0.7957460284233093,0.3855181336402893,-0.40577101707458496,0.9999234676361084,0.7975791096687317,0.3854855000972748,-0.40578925609588623,0.9999045133590698,0.7993499040603638,0.3854573965072632,-0.40590158104896545,0.9998921155929565,0.7866568565368652,0.3859386444091797,-0.42209064960479736,0.9999397993087769,0.7823801040649414,0.3862338066101074,-0.42210543155670166,0.9999407529830933,0.7777546644210815,0.38660722970962524,-0.42208126187324524,0.9999274015426636,0.7984714508056641,0.38767480850219727,-0.23961445689201355,0.9995576739311218,0.7672539353370667,0.3899592459201813,-0.3119775950908661,0.9998922348022461,0.7994275093078613,0.39598536491394043,-0.36712539196014404,0.9997007846832275,0.788262665271759,0.39620667695999146,-0.388213187456131,0.9997056126594543,0.808184802532196,0.41901695728302,-0.030955204740166664,0.9998693466186523,0.7585692405700684,0.41914689540863037,-0.3103106915950775,0.9998524188995361,0.8406679034233093,0.45503535866737366,0.08382336795330048,0.7710919380187988,0.7884979844093323,0.4617987871170044,-0.33404606580734253,0.9936127066612244,0.9121168851852417,0.45976579189300537,0.008741783909499645,0.9611589312553406,0.8091357350349426,0.5029873251914978,-0.3893258571624756,0.9879336953163147,0.9314597845077515,0.46027690172195435,-0.0020380252972245216,0.9344328045845032,0.8129225969314575,0.5129708051681519,-0.42936617136001587,0.9695828557014465,0.9338117837905884,0.45773106813430786,-0.04864199459552765,0.9468886852264404,0.8192281126976013,0.5133615732192993,-0.44487011432647705,0.9700368642807007,0.9259353876113892,0.4576197564601898,-0.014023740775883198,0.9364840388298035,0.8168817162513733,0.5096539258956909,-0.3953181505203247,0.9541503190994263,0.7897524833679199,0.4961448907852173,0.08126532286405563,0.9998407363891602,0.7484010457992554,0.4945848286151886,-0.0812743753194809,0.999440610408783,0.8137930035591125,0.5520322322845459,-0.06685757637023926,0.8242996335029602,0.7336519956588745,0.5543991327285767,-0.10956016927957535,0.974509060382843,0.8288028836250305,0.6150373220443726,-0.022052548825740814,0.868223249912262,0.6749266386032104,0.5943965911865234,0.09074164181947708,0.9258860349655151,0.8199896812438965,0.6237602233886719,-0.023281412199139595,0.6736859679222107,0.6638761758804321,0.5970606803894043,0.10755706578493118,0.6269776821136475,0.8503594398498535,0.629721999168396,-0.13479627668857574,0.8651868104934692,0.6786677837371826,0.6140701174736023,0.01413165032863617,0.894776463508606
s_v4,56,1,0.8037334680557251,0.39047572016716003,-0.35742151737213135,0.9999597072601318,0.8043345212936401,0.3863000273704529,-0.3360239863395691,0.9998862743377686,0.8062431812286377,0.3863597810268402,-0.33604946732521057,0.9998688697814941,0.8085055351257324,0.3864511251449585,-0.33616167306900024,0.9998763799667358,0.7957574129104614,0.38632845878601074,-0.35126784443855286,0.9998779296875,0.7918108701705933,0.38655325770378113,-0.35132595896720886,0.999868631362915,0.7873463034629822,0.38696205615997314,-0.3513476848602295,0.999836802482605,0.808225154876709,0.38837701082229614,-0.19476860761642456,0.9993696808815002,0.7774103283882141,0.3897135853767395,-0.26169025897979736,0.9997654557228088,0.8081237077713013,0.39644378423690796,-0.30123865604400635,0.9998064637184143,0.7970508933067322,0.39688965678215027,-0.32054924964904785,0.9996968507766724,0.82290118932724,0.42154747247695923,-0.02473561465740204,0.9999527931213379,0.7645813226699829,0.4183492064476013,-0.2504969835281372,0.9997919201850891,0.8414656519889832,0.45909643173217773,0.0722559466958046,0.8387296795845032,0.7759776711463928,0.46481820940971375,-0.2534654438495636,0.9880931973457336,0.9144558310508728,0.47119057178497314,-0.005913394037634134,0.9738286733627319,0.7965570688247681,0.5071892738342285,-0.3065930902957916,0.9743504524230957,0.9336894154548645,0.47096168994903564,-0.018322953954339027,0.9528993964195251,0.7968599796295166,0.5183877944946289,-0.3409278392791748,0.9438713788986206,0.9370266199111938,0.4681909382343292,-0.06064055114984512,0.9625037312507629,0.8023009300231934,0.5188097357749939,-0.362111896276474,0.9458949565887451,0.9306720495223999,0.4682105481624603,-0.026672767475247383,0.9530062675476074,0.8026886582374573,0.5148270726203918,-0.3146507143974304,0.9275973439216614,0.8059678673744202,0.493945837020874,0.05505919083952904,0.9999431371688843,0.7635257840156555,0.49195167422294617,-0.05511544644832611,0.9997072815895081,0.8268166184425354,0.5528227686882019,-0.06636755168437958,0.9253473877906799,0.7526841163635254,0.5556690692901611,-0.044414833188056946,0.9388197660446167,0.8416739702224731,0.6134754419326782,0.011238467879593372,0.9074597954750061,0.688405454158783,0.585271418094635,0.30814939737319946,0.5761316418647766,0.8377099633216858,0.6225329637527466,0.01325397752225399,0.5106761455535889,0.6771451830863953,0.5839213132858276,0.3421173691749573,0.24437065422534943,0.8417625427246094,0.6315696835517883,-0.1077675074338913,0.8472768068313599,0.6882045269012451,0.6105475425720215,0.279102623462677,0.6134390830993652
s_v4,57,1,0.8144416809082031,0.39095714688301086,-0.28004714846611023,0.9999839067459106,0.8142980337142944,0.3863241672515869,-0.2594868540763855,0.9999492168426514,0.816300630569458,0.3862702250480652,-0.2595140039920807,0.9999432563781738,0.8183822631835938,0.3862153887748718,-0.25958752632141113,0.9999475479125977,0.8065835237503052,0.3866594135761261,-0.27692556381225586,0.999953031539917,0.802506148815155,0.386959969997406,-0.27698299288749695,0.9999518394470215,0.7981274724006653,0.3874327540397644,-0.27699899673461914,0.999942421913147,0.8162810206413269,0.38815754652023315,-0.1318168193101883,0.9997486472129822,0.7876353859901428,0.3906526565551758,-0.20930209755897522,0.9999316930770874,0.8185633420944214,0.39618247747421265,-0.22986309230327606,0.9999450445175171,0.8093354105949402,0.3974080979824066,-0.2522544860839844,0.9999412298202515,0.8353603482246399,0.4207664132118225,0.013195485807955265,0.9999728202819824,0.7665764689445496,0.42201435565948486,-0.20728236436843872,0.9999438524246216,0.8491614460945129,0.4605642259120941,0.10211516171693802,0.8639166951179504,0.7639752626419067,0.4656519591808319,-0.21558614075183868,0.9978376030921936,0.9044966101646423,0.4793024957180023,0.018982375040650368,0.9723787307739258,0.7775436043739319,0.5061915516853333,-0.279293417930603,0.9924845099449158,0.9239784479141235,0.48244109749794006,0.0051826476119458675,0.9526998400688171,0.7781473994255066,0.5191777944564819,-0.313802570104599,0.979966938495636,0.9281757473945618,0.4799351096153259,-0.03765760734677315,0.9618951678276062,0.788375735282898,0.5195614695549011,-0.3327775299549103,0.9805771708488464,0.9222934246063232,0.47914180159568787,-0.0018834107322618365,0.9524497985839844,0.7897031903266907,0.5156787633895874,-0.2864316701889038,0.9720263481140137,0.8132302165031433,0.49762773513793945,0.05842025578022003,0.9999698400497437,0.7701093554496765,0.49602237343788147,-0.05843881890177727,0.99983811378479,0.841964602470398,0.5551557540893555,-0.09257449209690094,0.9620881080627441,0.7679181694984436,0.5561642646789551,-0.06291668862104416,0.9730380773544312,0.8372675776481628,0.612518310546875,-0.0333080030977726,0.9460117816925049,0.7064604163169861,0.5850736498832703,0.26649799942970276,0.6828635931015015,0.8274152278900146,0.6221438646316528,-0.032976698130369186,0.6737583875656128,0.6938391327857971,0.5839455723762512,0.2978687286376953,0.34991487860679626,0.8427457809448242,0.6305053234100342,-0.14734216034412384,0.9192083477973938,0.7075235247612,0.6096474528312683,0.24365617334842682,0.7296725511550903
s_v4,58,1,0.8216832876205444,0.3881509602069855,-0.2832947075366974,0.9999862909317017,0.8219732046127319,0.38338690996170044,-0.26224008202552795,0.9999604225158691,0.823898196220398,0.3834512233734131,-0.26230207085609436,0.9999580383300781,0.8255857825279236,0.3834402859210968,-0.2623087167739868,0.9999567270278931,0.8131816387176514,0.38348227739334106,-0.27616792917251587,0.9999592304229736,0.8089075684547424,0.3836834728717804,-0.27623412013053894,0.9999548196792603,0.8048480153083801,0.38392287492752075,-0.27627092599868774,0.9999377727508545,0.8246801495552063,0.3859204947948456,-0.13422633707523346,0.9998173117637634,0.7945020794868469,0.387773334980011,-0.19706596434116364,0.999944806098938,0.8251268863677979,0.3943479061126709,-0.23427210748195648,0.9999579191207886,0.8136982321739197,0.39459580183029175,-0.2521688938140869,0.9999569654464722,0.8458343744277954,0.4197496175765991,-0.007160612847656012,0.9999711513519287,0.769521951675415,0.4198497533798218,-0.18248514831066132,0.9999369382858276,0.8554487228393555,0.4597069323062897,0.03460421785712242,0.8800795078277588,0.7596902847290039,0.46462759375572205,-0.17406155169010162,0.9964876174926758,0.9023985266685486,0.48290568590164185,-0.09187284111976624,0.9661531448364258,0.7649267315864563,0.5043836832046509,-0.23935094475746155,0.980970025062561,0.918572187423706,0.4875587821006775,-0.11642181128263474,0.940844714641571,0.7639786601066589,0.5164593458175659,-0.26752665638923645,0.9551153182983398,0.9221075177192688,0.486206591129303,-0.15356886386871338,0.9506125450134277,0.7682825326919556,0.5163682699203491,-0.296804279088974,0.9580065608024597,0.9161236882209778,0.48509281873703003,-0.11175159364938736,0.9455446004867554,0.7696808576583862,0.5122845768928528,-0.25081661343574524,0.9518305063247681,0.8237975239753723,0.4971313774585724,0.055315446108579636,0.9999396800994873,0.7822352051734924,0.49692222476005554,-0.05513141304254532,0.9997673630714417,0.8436228632926941,0.5592669248580933,-0.06350657343864441,0.8793721795082092,0.7846238017082214,0.557786226272583,-0.03941931948065758,0.9479671716690063,0.8227462768554688,0.6210300326347351,-0.012040776200592518,0.8420765399932861,0.7233428359031677,0.5911135673522949,0.2628719210624695,0.5683684349060059,0.8098799586296082,0.6269333362579346,-0.01330640073865652,0.6706423163414001,0.7074910402297974,0.5890523791313171,0.2902507483959198,0.3317572772502899,0.8452755212783813,0.6312680244445801,-0.11585169285535812,0.8108032941818237,0.7225539684295654,0.612180233001709,0.22844837605953217,0.6037520170211792
s_v4,59,1,0.8216421604156494,0.3882012963294983,-0.2866003215312958,0.9999876022338867,0.8218985199928284,0.38343530893325806,-0.2644460201263428,0.9999644756317139,0.8238272070884705,0.38348615169525146,-0.2645098567008972,0.9999614953994751,0.8255149126052856,0.3834531903266907,-0.26452040672302246,0.9999607801437378,0.813145637512207,0.3835495710372925,-0.27940353751182556,0.999962568283081,0.8088942766189575,0.3837340474128723,-0.27946633100509644,0.9999575614929199,0.8048543334007263,0.3839477598667145,-0.27950263023376465,0.9999408721923828,0.8245132565498352,0.3858882784843445,-0.13151434063911438,0.9998201727867126,0.7944032549858093,0.3877272307872772,-0.19888630509376526,0.9999465942382812,0.8250916004180908,0.3943544030189514,-0.23569726943969727,0.9999594688415527,0.8136546611785889,0.39456528425216675,-0.2549158036708832,0.999956488609314,0.8452575206756592,0.4198462665081024,0.0008551844512112439,0.9999732971191406,0.7696727514266968,0.41985997557640076,-0.1841835379600525,0.9999352693557739,0.8552595973014832,0.4596051573753357,0.04099303111433983,0.8767934441566467,0.7594966888427734,0.4644969701766968,-0.1744266152381897,0.9964235424995422,0.9023348093032837,0.4827178120613098,-0.0964553952217102,0.9682097434997559,0.7646445631980896,0.5043240785598755,-0.24104934930801392,0.9817407131195068,0.9185369610786438,0.4873707592487335,-0.12265904992818832,0.944401741027832,0.7639964818954468,0.516231119632721,-0.2705874443054199,0.9569551944732666,0.9220290780067444,0.48608848452568054,-0.16065463423728943,0.9539684653282166,0.7681668996810913,0.5161235928535461,-0.30020642280578613,0.9597037434577942,0.9160852432250977,0.48496443033218384,-0.11701641976833344,0.9486291408538818,0.7693670392036438,0.5121106505393982,-0.25259703397750854,0.9524155855178833,0.8239081501960754,0.497085839509964,0.05833325535058975,0.9999504089355469,0.7824047803878784,0.49692198634147644,-0.05816299840807915,0.9997867941856384,0.8440138101577759,0.5589971542358398,-0.06772147119045258,0.8825985193252563,0.7846746444702148,0.557531476020813,-0.04515576362609863,0.9496238827705383,0.8235877156257629,0.62104731798172,-0.012129145674407482,0.8520005941390991,0.7237163782119751,0.5908517241477966,0.2638389766216278,0.5718193650245667,0.8105583190917969,0.626927375793457,-0.013098924420773983,0.6917272210121155,0.7076709270477295,0.5888159871101379,0.29184556007385254,0.3368585705757141,0.8484329581260681,0.6329153776168823,-0.1183205395936966,0.8244244456291199,0.7228111028671265,0.6127523183822632,0.22873227298259735,0.6166948080062866
