video_id,frame_id,target_detected,landmark_0_x,landmark_0_y,landmark_0_z,landmark_0_visibility,landmark_1_x,landmark_1_y,landmark_1_z,landmark_1_visibility,landmark_2_x,landmark_2_y,landmark_2_z,landmark_2_visibility,landmark_3_x,landmark_3_y,landmark_3_z,landmark_3_visibility,landmark_4_x,landmark_4_y,landmark_4_z,landmark_4_visibility,landmark_5_x,landmark_5_y,landmark_5_z,landmark_5_visibility,landmark_6_x,landmark_6_y,landmark_6_z,landmark_6_visibility,landmark_7_x,landmark_7_y,landmark_7_z,landmark_7_visibility,landmark_8_x,landmark_8_y,landmark_8_z,landmark_8_visibility,landmark_9_x,landmark_9_y,landmark_9_z,landmark_9_visibility,landmark_10_x,landmark_10_y,landmark_10_z,landmark_10_visibility,landmark_11_x,landmark_11_y,landmark_11_z,landmark_11_visibility,landmark_12_x,landmark_12_y,landmark_12_z,landmark_12_visibility,landmark_13_x,landmark_13_y,landmark_13_z,landmark_13_visibility,landmark_14_x,landmark_14_y,landmark_14_z,landmark_14_visibility,landmark_15_x,landmark_15_y,landmark_15_z,landmark_15_visibility,landmark_16_x,landmark_16_y,landmark_16_z,landmark_16_visibility,landmark_17_x,landmark_17_y,landmark_17_z,landmark_17_visibility,landmark_18_x,landmark_18_y,landmark_18_z,landmark_18_visibility,landmark_19_x,landmark_19_y,landmark_19_z,landmark_19_visibility,landmark_20_x,landmark_20_y,landmark_20_z,landmark_20_visibility,landmark_21_x,landmark_21_y,landmark_21_z,landmark_21_visibility,landmark_22_x,landmark_22_y,landmark_22_z,landmark_22_visibility,landmark_23_x,landmark_23_y,landmark_23_z,landmark_23_visibility,landmark_24_x,landmark_24_y,landmark_24_z,landmark_24_visibility,landmark_25_x,landmark_25_y,landmark_25_z,landmark_25_visibility,landmark_26_x,landmark_26_y,landmark_26_z,landmark_26_visibility,landmark_27_x,landmark_27_y,landmark_27_z,landmark_27_visibility,landmark_28_x,landmark_28_y,landmark_28_z,landmark_28_visibility,landmark_29_x,landmark_29_y,landmark_29_z,landmark_29_visibility,landmark_30_x,landmark_30_y,landmark_30_z,landmark_30_visibility,landmark_31_x,landmark_31_y,landmark_31_z,landmark_31_visibility,landmark_32_x,landmark_32_y,landmark_32_z,landmark_32_visibility
S_v5,1,1,0.2438896745443344,0.47786954045295715,-0.1919434368610382,0.9998863935470581,0.2468256652355194,0.4746699631214142,-0.17275989055633545,0.9996531009674072,0.2495095282793045,0.4747762680053711,-0.17275677621364594,0.9996098875999451,0.2522808313369751,0.474852979183197,-0.1727074831724167,0.9995600581169128,0.23816964030265808,0.4741184711456299,-0.18247200548648834,0.9997593760490417,0.23509109020233154,0.47399401664733887,-0.1825089305639267,0.9997696280479431,0.23220635950565338,0.47405174374580383,-0.1825263798236847,0.9997772574424744,0.2541400194168091,0.47682270407676697,-0.057160671800374985,0.9985849857330322,0.22636662423610687,0.4768300950527191,-0.10523679852485657,0.9997231364250183,0.2476900815963745,0.4825524091720581,-0.14789427816867828,0.999583899974823,0.23742078244686127,0.48255640268325806,-0.16154128313064575,0.9998341798782349,0.2730533182621002,0.5010328888893127,0.028260156512260437,0.9996635913848877,0.1958397775888443,0.5000911951065063,-0.06114272028207779,0.9999648332595825,0.27648118138313293,0.5264430046081543,0.03762044012546539,0.7578874230384827,0.1682555079460144,0.5170149207115173,-0.0425475537776947,0.9937503933906555,0.27750515937805176,0.5419241786003113,-0.10486577451229095,0.8875920176506042,0.17931579053401947,0.5432980060577393,-0.11623427271842957,0.9648678302764893,0.2810267210006714,0.552006185054779,-0.1355319321155548,0.8567702174186707,0.17733800411224365,0.5509188771247864,-0.14024412631988525,0.931181788444519,0.277179479598999,0.5485044717788696,-0.1581970453262329,0.8621519207954407,0.18369482457637787,0.5501388907432556,-0.1594286859035492,0.9351944327354431,0.2746385931968689,0.5462436079978943,-0.11803188174962997,0.8342984318733215,0.1875387281179428,0.5470913648605347,-0.12427402287721634,0.9290228486061096,0.25846871733665466,0.5604437589645386,0.04925147071480751,0.9988721013069153,0.21786785125732422,0.5574516654014587,-0.04917285963892937,0.9996261596679688,0.2413305640220642,0.6064806580543518,0.07051920145750046,0.7828533053398132,0.23904278874397278,0.5920270085334778,-0.18157094717025757,0.9863600134849548,0.21707603335380554,0.6476407051086426,0.15696200728416443,0.9089441895484924,0.21126532554626465,0.6393901109695435,-0.1429186314344406,0.9850147366523743,0.20567262172698975,0.6545065641403198,0.16066595911979675,0.853608250617981,0.19924327731132507,0.645658016204834,-0.14210127294063568,0.9349744915962219,0.23244205117225647,0.6624950766563416,0.0784064382314682,0.925531268119812,0.2177349328994751,0.6571955680847168,-0.24822762608528137,0.9838539361953735
S_v5,2,1,0.25048837065696716,0.47513532638549805,-0.16217391192913055,0.9997910857200623,0.2545146942138672,0.47120070457458496,-0.14539749920368195,0.9993970394134521,0.25685915350914,0.4713931679725647,-0.14540733397006989,0.9992771744728088,0.2590794861316681,0.47164446115493774,-0.14539240300655365,0.999256432056427,0.24633021652698517,0.47105079889297485,-0.15136492252349854,0.9996238946914673,0.24314087629318237,0.4710863530635834,-0.1514093577861786,0.9996445178985596,0.23919668793678284,0.4712556302547455,-0.15145383775234222,0.9997552037239075,0.2613050639629364,0.47416165471076965,-0.03723888099193573,0.9974174499511719,0.2304111123085022,0.4741007089614868,-0.06666837632656097,0.9996727705001831,0.25472378730773926,0.4800013601779938,-0.12011437118053436,0.9992086291313171,0.24502906203269958,0.47980815172195435,-0.1283627450466156,0.9997287392616272,0.2812168598175049,0.4976881146430969,0.06289618462324142,0.9990901947021484,0.20898102223873138,0.4958716928958893,-0.02989071048796177,0.9999605417251587,0.28395146131515503,0.5261381268501282,0.1179528534412384,0.5534834861755371,0.17307817935943604,0.5119322538375854,-0.0067471228539943695,0.9906049370765686,0.28286197781562805,0.5400806069374084,0.026433326303958893,0.4728708565235138,0.18598954379558563,0.5381186008453369,-0.06794473528862,0.9225860238075256,0.2852832078933716,0.5479897856712341,0.007263803854584694,0.43687689304351807,0.18531173467636108,0.5463128089904785,-0.08924908936023712,0.8509496450424194,0.28161802887916565,0.5448230504989624,-0.016186272725462914,0.4468011260032654,0.1928195208311081,0.5447561740875244,-0.102265365421772,0.8515574336051941,0.27996426820755005,0.5434111952781677,0.014088474214076996,0.41418400406837463,0.19429251551628113,0.54197758436203,-0.07308359444141388,0.8414905667304993,0.26075106859207153,0.5590431690216064,0.04717310518026352,0.9986982345581055,0.22188550233840942,0.555572509765625,-0.04706878587603569,0.9997997879981995,0.24424001574516296,0.6066343784332275,0.050499822944402695,0.7640205025672913,0.24722300469875336,0.5802081823348999,-0.3036516010761261,0.9906534552574158,0.2226942628622055,0.6502890586853027,0.1730947494506836,0.9218324422836304,0.22964966297149658,0.6383429169654846,-0.2525128126144409,0.9859997630119324,0.21180763840675354,0.6562303304672241,0.17990386486053467,0.8653489351272583,0.22051212191581726,0.6442314386367798,-0.24945878982543945,0.933172345161438,0.23796722292900085,0.6628329157829285,0.09689818322658539,0.9237073659896851,0.23536396026611328,0.6564828157424927,-0.35879650712013245,0.9832006692886353
S_v5,3,1,0.25841033458709717,0.47282710671424866,-0.17030757665634155,0.9999171495437622,0.26119154691696167,0.46934717893600464,-0.15148267149925232,0.9997920393943787,0.2635977566242218,0.469502717256546,-0.1515025496482849,0.9997599720954895,0.2658557891845703,0.4696556329727173,-0.15146511793136597,0.9997718930244446,0.25352203845977783,0.4691193699836731,-0.15763714909553528,0.9998267292976379,0.25029903650283813,0.46919891238212585,-0.15764017403125763,0.9997878670692444,0.24685223400592804,0.4693286120891571,-0.15768420696258545,0.9998303651809692,0.26665055751800537,0.47232145071029663,-0.03852728009223938,0.9990345239639282,0.23887166380882263,0.4715331792831421,-0.06977706402540207,0.9997627139091492,0.26225224137306213,0.4775543212890625,-0.1278398185968399,0.9998074173927307,0.25248849391937256,0.47762227058410645,-0.1368379443883896,0.9999154806137085,0.287079393863678,0.49582844972610474,0.03593001514673233,0.9995412826538086,0.2123207449913025,0.49480053782463074,-0.018370037898421288,0.9999613761901855,0.29541152715682983,0.5290608406066895,-0.033810924738645554,0.8715463876724243,0.18444664776325226,0.5128756761550903,0.029391877353191376,0.9852635860443115,0.29472100734710693,0.5168541669845581,-0.25873878598213196,0.9374151825904846,0.19662337005138397,0.5370823740959167,0.0024506705813109875,0.9298992156982422,0.29269325733184814,0.5106596946716309,-0.3007849156856537,0.9101147651672363,0.1980934590101242,0.5431689023971558,-0.011460546404123306,0.8583812713623047,0.29535430669784546,0.5084518790245056,-0.3111576735973358,0.9128455519676208,0.20400670170783997,0.5416574478149414,-0.027922164648771286,0.8618742227554321,0.2923536002635956,0.510825514793396,-0.2693430781364441,0.878075122833252,0.20479512214660645,0.5398613810539246,-0.003093814244493842,0.8485704660415649,0.2722579538822174,0.5563859939575195,0.04107750207185745,0.9984506368637085,0.2323693484067917,0.5551834106445312,-0.0410597026348114,0.9997302889823914,0.2490103393793106,0.601682186126709,0.06947194039821625,0.7666504979133606,0.25511303544044495,0.5922850370407104,-0.19412732124328613,0.986323893070221,0.22571280598640442,0.6427122354507446,0.2019197940826416,0.9331758618354797,0.24829711019992828,0.6435878276824951,-0.11608371883630753,0.9859885573387146,0.21500089764595032,0.6484711170196533,0.21059365570545197,0.8952359557151794,0.24622222781181335,0.6484484672546387,-0.11262080073356628,0.9321866631507874,0.23824098706245422,0.6584330797195435,0.11491258442401886,0.9435542821884155,0.2634224593639374,0.6576372981071472,-0.23684820532798767,0.983883798122406
S_v5,4,1,0.25744834542274475,0.4733312726020813,-0.163957878947258,0.9999638795852661,0.260871946811676,0.46991050243377686,-0.14510810375213623,0.9999022483825684,0.2634396255016327,0.47005513310432434,-0.14511990547180176,0.9998800754547119,0.2658460736274719,0.4702133536338806,-0.1450721174478531,0.9998857975006104,0.25285622477531433,0.46958431601524353,-0.15047013759613037,0.9999252557754517,0.24966466426849365,0.4695230722427368,-0.15047848224639893,0.9999089241027832,0.24648335576057434,0.4695417284965515,-0.15052364766597748,0.999932050704956,0.2671456038951874,0.4729676842689514,-0.03281866014003754,0.9994444251060486,0.2383127361536026,0.47221839427948,-0.061047423630952835,0.9999146461486816,0.26099324226379395,0.4780169129371643,-0.12196248024702072,0.9998985528945923,0.2510735094547272,0.47805383801460266,-0.130110502243042,0.9999654293060303,0.28661102056503296,0.4968951344490051,0.041043419390916824,0.9995526671409607,0.21238532662391663,0.494560182094574,-0.012417621910572052,0.9999794960021973,0.29541587829589844,0.5308237075805664,-0.03646066039800644,0.8828006386756897,0.1826632022857666,0.513535737991333,0.0337245836853981,0.9902328252792358,0.29398807883262634,0.5149521827697754,-0.25932350754737854,0.9405511021614075,0.19779640436172485,0.5377137064933777,0.010299707762897015,0.9541347622871399,0.29503709077835083,0.5088949203491211,-0.30007293820381165,0.9115420579910278,0.19963258504867554,0.5448277592658997,-0.0023389412090182304,0.8982665538787842,0.2949894964694977,0.505646824836731,-0.3079076409339905,0.9127804040908813,0.2054143249988556,0.5432466864585876,-0.017935553565621376,0.9004020094871521,0.2937951982021332,0.5074203610420227,-0.2690226137638092,0.8794664740562439,0.20597685873508453,0.5404912829399109,0.005404433235526085,0.89046710729599,0.27327975630760193,0.5582394003868103,0.04163718596100807,0.9986158609390259,0.23293837904930115,0.556446373462677,-0.04165005683898926,0.9997678399085999,0.24798525869846344,0.605170488357544,0.060104940086603165,0.7375959753990173,0.25608140230178833,0.5917267799377441,-0.21605531871318817,0.9874317646026611,0.22638987004756927,0.646621584892273,0.18191660940647125,0.9207015037536621,0.2454681098461151,0.6424419283866882,-0.13566012680530548,0.9847191572189331,0.21988451480865479,0.6534149646759033,0.18943092226982117,0.8814453482627869,0.24144119024276733,0.647229790687561,-0.13138943910598755,0.9341356158256531,0.24091775715351105,0.6612518429756165,0.09263283014297485,0.9354720711708069,0.26247623562812805,0.6579399704933167,-0.25360405445098877,0.9834381937980652
S_v5,5,1,0.2638101279735565,0.47240760922431946,-0.20879089832305908,0.9998787641525269,0.26709306240081787,0.4686039984226227,-0.18807849287986755,0.999731719493866,0.2694990336894989,0.46854251623153687,-0.18810535967350006,0.9996751546859741,0.2717154920101166,0.4685353934764862,-0.18809831142425537,0.9996098875999451,0.25786569714546204,0.46842458844184875,-0.20092856884002686,0.9998489618301392,0.25446945428848267,0.46836063265800476,-0.2009952962398529,0.9998568296432495,0.2513505220413208,0.4682841897010803,-0.2010783851146698,0.9998637437820435,0.2734648585319519,0.47067856788635254,-0.06877236068248749,0.9987393021583557,0.2465709000825882,0.47051239013671875,-0.13272801041603088,0.9998743534088135,0.26732996106147766,0.4768367111682892,-0.16382145881652832,0.9997313618659973,0.2573368549346924,0.47696542739868164,-0.1823865920305252,0.9999229907989502,0.29224419593811035,0.49447983503341675,0.002968834014609456,0.9980050921440125,0.21540085971355438,0.49830472469329834,-0.06867502629756927,0.9999629259109497,0.3071121871471405,0.5278634428977966,-0.0560372993350029,0.5358121991157532,0.19472387433052063,0.5195273756980896,-0.06739214062690735,0.9529684782028198,0.29318419098854065,0.509900689125061,-0.23847633600234985,0.7594550848007202,0.20049217343330383,0.5447432994842529,-0.16339550912380219,0.9135951399803162,0.28886666893959045,0.502996563911438,-0.2718866169452667,0.7361767292022705,0.19269409775733948,0.5531847476959229,-0.18730029463768005,0.8654301762580872,0.2929111421108246,0.4974268078804016,-0.27595406770706177,0.7375078201293945,0.19790388643741608,0.5523555278778076,-0.2033410519361496,0.8740387558937073,0.28852349519729614,0.5001385807991028,-0.24551470577716827,0.6863098740577698,0.20283038914203644,0.5499777793884277,-0.17084529995918274,0.8536562919616699,0.2891043722629547,0.5523545145988464,0.030678123235702515,0.9965062141418457,0.24795669317245483,0.5520311594009399,-0.030650544911623,0.9994938373565674,0.26736193895339966,0.5945852398872375,0.03563478961586952,0.5561036467552185,0.2637515366077423,0.5928757190704346,-0.20317013561725616,0.9342573285102844,0.23139989376068115,0.6294970512390137,0.20311377942562103,0.6814529299736023,0.2608393132686615,0.6401155591011047,-0.1128126010298729,0.9490917325019836,0.22741973400115967,0.6368606686592102,0.216593399643898,0.647486686706543,0.25693660974502563,0.6460018157958984,-0.10817892104387283,0.8708226084709167,0.23223185539245605,0.6461830735206604,0.1379874050617218,0.7757335901260376,0.27130329608917236,0.662084698677063,-0.2291336953639984,0.9532983303070068
S_v5,6,1,0.27620166540145874,0.4725745916366577,-0.2592029273509979,0.999923586845398,0.27889567613601685,0.4690936803817749,-0.23899582028388977,0.9998188614845276,0.2814212143421173,0.46914970874786377,-0.23906446993350983,0.9998071789741516,0.28414031863212585,0.4692111015319824,-0.23908858001232147,0.9998107552528381,0.27096930146217346,0.46895676851272583,-0.24166922271251678,0.9998210072517395,0.26771849393844604,0.4690355062484741,-0.24162407219409943,0.9997531771659851,0.26435503363609314,0.4692290425300598,-0.24165542423725128,0.9997796416282654,0.2860598564147949,0.4720148742198944,-0.11842181533575058,0.999535083770752,0.2573060393333435,0.47197604179382324,-0.13430926203727722,0.9995954632759094,0.2804388403892517,0.4773181676864624,-0.21390193700790405,0.9998914003372192,0.2704903185367584,0.47734081745147705,-0.21867474913597107,0.999941349029541,0.30740341544151306,0.4948510229587555,-0.06276638060808182,0.9998865127563477,0.22938719391822815,0.4995376467704773,-0.04119075462222099,0.9999700784683228,0.3183792531490326,0.5303184390068054,-0.1435375213623047,0.9734256863594055,0.20342406630516052,0.5251593589782715,0.012840623036026955,0.9835106134414673,0.30662328004837036,0.5104313492774963,-0.3702026605606079,0.9797171950340271,0.20888081192970276,0.5478956699371338,-0.0671122819185257,0.9511409997940063,0.30322760343551636,0.5048930644989014,-0.41871705651283264,0.9614952802658081,0.20449823141098022,0.5555632710456848,-0.09128046035766602,0.9017695188522339,0.3042703866958618,0.5003682374954224,-0.42745551466941833,0.9619652032852173,0.21099302172660828,0.5537786483764648,-0.11293812096118927,0.9073846936225891,0.30229634046554565,0.5037921071052551,-0.3794476389884949,0.9424053430557251,0.21455562114715576,0.551246166229248,-0.0769839733839035,0.8893521428108215,0.294418603181839,0.5596838593482971,0.012949492782354355,0.9997636675834656,0.2506307065486908,0.5583732724189758,-0.012905311770737171,0.9999654293060303,0.281419575214386,0.6091289520263672,0.06542762368917465,0.8564369678497314,0.2687397003173828,0.6064545512199402,-0.13437116146087646,0.9890154004096985,0.2385682463645935,0.6187890768051147,0.4074874222278595,0.6549272537231445,0.281066358089447,0.6545491218566895,0.009866893291473389,0.9870312809944153,0.2300955355167389,0.6168828010559082,0.4396188259124756,0.6558786630630493,0.2839527130126953,0.6603186726570129,0.019935941323637962,0.908549427986145,0.2339194118976593,0.6397064328193665,0.36720529198646545,0.7522450685501099,0.28326383233070374,0.6714597344398499,-0.11350443214178085,0.9827515482902527
S_v5,7,1,0.28393977880477905,0.4741176664829254,-0.17483581602573395,0.9999604225158691,0.2873266041278839,0.4698166847229004,-0.15283401310443878,0.9998711347579956,0.29013168811798096,0.4698179364204407,-0.15289950370788574,0.9998593330383301,0.29213598370552063,0.46989306807518005,-0.15292148292064667,0.9998438358306885,0.2783946692943573,0.47014015913009644,-0.15207016468048096,0.9998946189880371,0.2751709520816803,0.4703364968299866,-0.1520305722951889,0.9998705387115479,0.2720850706100464,0.4706183671951294,-0.1520572006702423,0.999887228012085,0.2961909770965576,0.47271448373794556,-0.03898884728550911,0.9994722008705139,0.2664974331855774,0.4738565683364868,-0.0383530929684639,0.9997900128364563,0.29001644253730774,0.47881048917770386,-0.133211150765419,0.9998815059661865,0.27883559465408325,0.47866541147232056,-0.13329072296619415,0.999956488609314,0.3181825578212738,0.4961699843406677,-0.005503317341208458,0.9999216794967651,0.24223217368125916,0.5017237663269043,0.03431430086493492,0.9999872446060181,0.3289555311203003,0.5272746682167053,-0.11311814934015274,0.9755499958992004,0.2182755172252655,0.5310443639755249,0.03968773037195206,0.965796709060669,0.31185024976730347,0.4998219907283783,-0.29956793785095215,0.9789617657661438,0.2204601913690567,0.5491687059402466,-0.07220545411109924,0.9398509860038757,0.30670636892318726,0.49249565601348877,-0.3428344428539276,0.9579813480377197,0.2186858355998993,0.5568471550941467,-0.10155248641967773,0.8899961709976196,0.30720606446266174,0.4900108873844147,-0.34067612886428833,0.9569864273071289,0.22536244988441467,0.5556161403656006,-0.11514560878276825,0.8928720355033875,0.3074166178703308,0.49343180656433105,-0.3035123944282532,0.931695282459259,0.2272571325302124,0.5534650087356567,-0.08010336756706238,0.8691133260726929,0.3039054870605469,0.5639415383338928,0.0021881316788494587,0.9998111128807068,0.25873124599456787,0.5608216524124146,-0.0022111707367002964,0.9999899864196777,0.29484686255455017,0.6164566278457642,0.09322668612003326,0.7656720280647278,0.27082186937332153,0.6064513921737671,-0.21447598934173584,0.9860839247703552,0.27424362301826477,0.6223403811454773,0.4365447759628296,0.3319055438041687,0.2839607894420624,0.6603372097015381,-0.13922232389450073,0.9774225950241089,0.26744264364242554,0.6203097701072693,0.46960461139678955,0.30260518193244934,0.2900668978691101,0.6664843559265137,-0.13551470637321472,0.767565131187439,0.27499184012413025,0.6380078792572021,0.40611177682876587,0.4854506254196167,0.2852974832057953,0.6779300570487976,-0.27185752987861633,0.9648759961128235
S_v5,8,1,0.29321667551994324,0.4737433195114136,-0.17145505547523499,0.9999502897262573,0.2962777614593506,0.4702779948711395,-0.14967724680900574,0.9998641014099121,0.2993062436580658,0.47030967473983765,-0.14974352717399597,0.9998482465744019,0.3024752140045166,0.4704315960407257,-0.14979472756385803,0.999852180480957,0.28808823227882385,0.47028812766075134,-0.15051621198654175,0.9998676776885986,0.28463244438171387,0.4704393744468689,-0.15046051144599915,0.9998210072517395,0.2812662720680237,0.4706347584724426,-0.15046747028827667,0.9998395442962646,0.3061637580394745,0.47312864661216736,-0.037669602781534195,0.9996575117111206,0.27584752440452576,0.47292137145996094,-0.04421249404549599,0.9997205138206482,0.29828083515167236,0.47882184386253357,-0.1304369866847992,0.9998999834060669,0.28734397888183594,0.47878170013427734,-0.13251842558383942,0.999946117401123,0.32557570934295654,0.49838167428970337,-0.0038369710091501474,0.9999414682388306,0.2523213028907776,0.5041977167129517,0.023910315707325935,0.9999622106552124,0.3414488434791565,0.5286707878112793,-0.1037348285317421,0.9865765571594238,0.23699034750461578,0.5370022058486938,0.04568536579608917,0.9686611890792847,0.32260310649871826,0.4959583580493927,-0.2890278995037079,0.9930451512336731,0.24469304084777832,0.5581430792808533,-0.04521278291940689,0.9497985243797302,0.31975802779197693,0.48706841468811035,-0.3306766748428345,0.9829656481742859,0.2467084378004074,0.5677371621131897,-0.06742451339960098,0.9084658026695251,0.3185470998287201,0.4844732880592346,-0.32679349184036255,0.9818704128265381,0.25255894660949707,0.5651705265045166,-0.08276068419218063,0.9097663760185242,0.31814947724342346,0.48805102705955505,-0.29236555099487305,0.973027229309082,0.2532147765159607,0.5623820424079895,-0.05267932638525963,0.8906692266464233,0.3138478398323059,0.5659487247467041,0.002807955490425229,0.9999085664749146,0.26716482639312744,0.5647108554840088,-0.0028017577715218067,0.9999774694442749,0.32119372487068176,0.6190848350524902,-0.038481250405311584,0.8066500425338745,0.27000606060028076,0.6142576336860657,-0.14523641765117645,0.9643645286560059,0.286633163690567,0.6143977046012878,0.3448050320148468,0.1808020919561386,0.2849193811416626,0.6584339141845703,0.006886586546897888,0.939365804195404,0.276990681886673,0.608683705329895,0.38404911756515503,0.2068919688463211,0.2883074879646301,0.6641976237297058,0.0200221948325634,0.6837228536605835,0.27859437465667725,0.6262727975845337,0.3513924181461334,0.3099280595779419,0.28886109590530396,0.6786378622055054,-0.0866396427154541,0.9291309714317322
S_v5,9,1,0.3039788603782654,0.47626304626464844,-0.21975213289260864,0.9999768733978271,0.30734553933143616,0.47302863001823425,-0.1999007761478424,0.9999244213104248,0.3099067211151123,0.4732101261615753,-0.1999337375164032,0.9999030828475952,0.3130779266357422,0.47346723079681396,-0.19996079802513123,0.9999028444290161,0.2984224259853363,0.47298330068588257,-0.20056861639022827,0.9999290704727173,0.29467520117759705,0.47311702370643616,-0.20053710043430328,0.9999077320098877,0.2911211848258972,0.47322285175323486,-0.20057858526706696,0.9999240636825562,0.3173435628414154,0.4769991934299469,-0.09272942692041397,0.9997138381004333,0.285688191652298,0.4763978123664856,-0.0979839414358139,0.9998451471328735,0.3085141181945801,0.48101282119750977,-0.18034407496452332,0.9999426603317261,0.29690080881118774,0.48066234588623047,-0.1820187270641327,0.9999701976776123,0.3351960778236389,0.5025948286056519,-0.050603073090314865,0.9996979236602783,0.26500773429870605,0.5063953399658203,-0.03643884137272835,0.9998703002929688,0.34899210929870605,0.5299449563026428,-0.14715325832366943,0.968110203742981,0.25950461626052856,0.542485773563385,-0.05153127387166023,0.9602257609367371,0.33211755752563477,0.5032353401184082,-0.3374635875225067,0.9775967597961426,0.27805817127227783,0.5603503584861755,-0.1540641337633133,0.9137327671051025,0.32952019572257996,0.4928933084011078,-0.3799384534358978,0.9503617882728577,0.28581875562667847,0.5681564211845398,-0.18013930320739746,0.8469928503036499,0.329099178314209,0.49197933077812195,-0.372972309589386,0.9475637078285217,0.288952112197876,0.5648273229598999,-0.1863446682691574,0.8413638472557068,0.3282364308834076,0.494023859500885,-0.3400929868221283,0.9271456599235535,0.2876307964324951,0.5617199540138245,-0.1575225591659546,0.8061307072639465,0.3244048058986664,0.5687949061393738,-0.003407817566767335,0.9994994401931763,0.27854517102241516,0.5701255202293396,0.003337617963552475,0.9997738003730774,0.32885101437568665,0.6148041486740112,-0.07436522096395493,0.9581553339958191,0.2797463536262512,0.6205756068229675,-0.054448530077934265,0.9850900173187256,0.3094904124736786,0.6284170150756836,0.28064605593681335,0.75884610414505,0.28665149211883545,0.6628579497337341,0.15162169933319092,0.9810404181480408,0.30252623558044434,0.6277799606323242,0.3148009777069092,0.6153334379196167,0.28910040855407715,0.6665982604026794,0.16864144802093506,0.8667280077934265,0.3156071603298187,0.6494168043136597,0.25733330845832825,0.8165345191955566,0.290282279253006,0.679582417011261,0.06796685606241226,0.9685505032539368
S_v5,10,1,0.3145538568496704,0.4758058786392212,-0.26221370697021484,0.9996665716171265,0.31891897320747375,0.47203561663627625,-0.2430310994386673,0.9988664388656616,0.3217184543609619,0.4722157120704651,-0.24305562674999237,0.9985349178314209,0.32470956444740295,0.47249025106430054,-0.24309632182121277,0.9984501600265503,0.3098210096359253,0.4720154106616974,-0.24568656086921692,0.9990532994270325,0.3064429461956024,0.47216013073921204,-0.24569648504257202,0.9988237023353577,0.302981436252594,0.47236552834510803,-0.24574169516563416,0.9991015195846558,0.3283573389053345,0.47596269845962524,-0.12153351306915283,0.9966894388198853,0.297463595867157,0.4754365086555481,-0.13141192495822906,0.9980019927024841,0.3201572000980377,0.4810469150543213,-0.21523769199848175,0.9987836480140686,0.30767005681991577,0.4807202219963074,-0.21817439794540405,0.9990800619125366,0.3461303412914276,0.5003207325935364,-0.03924722224473953,0.997418999671936,0.2778548002243042,0.5032709240913391,-0.07161740958690643,0.9994080066680908,0.35597383975982666,0.5306617021560669,-0.08443010598421097,0.7544916272163391,0.28162580728530884,0.5362287163734436,-0.06499389559030533,0.9607475996017456,0.35132360458374023,0.5278291702270508,-0.2795606851577759,0.6208586096763611,0.31046420335769653,0.5546648502349854,-0.14500951766967773,0.8989628553390503,0.3506023585796356,0.5287582278251648,-0.32336100935935974,0.5481069684028625,0.31595224142074585,0.5611043572425842,-0.17532524466514587,0.8269466757774353,0.34887659549713135,0.5260797739028931,-0.3338419795036316,0.5535600185394287,0.3215683698654175,0.5586033463478088,-0.18764439225196838,0.8256939649581909,0.3465072214603424,0.5261186957359314,-0.28978005051612854,0.5266938805580139,0.321336954832077,0.5556159615516663,-0.1504078060388565,0.785243570804596,0.33589082956314087,0.5683330297470093,-0.0007784191402606666,0.9943068623542786,0.2902027368545532,0.5699283480644226,0.0008655483834445477,0.9970347881317139,0.33764415979385376,0.6107507348060608,-0.12326361238956451,0.9347110986709595,0.28220224380493164,0.6233716011047363,-0.051953211426734924,0.9657213091850281,0.33119118213653564,0.6394444704055786,0.14078480005264282,0.8113383650779724,0.2897621989250183,0.6641071438789368,0.1444934755563736,0.9532061815261841,0.32690155506134033,0.640385627746582,0.16330797970294952,0.6077003479003906,0.29275989532470703,0.6697932481765747,0.15881584584712982,0.785550594329834,0.34095150232315063,0.6594535708427429,0.06919589638710022,0.8443143963813782,0.2826384902000427,0.6837603449821472,0.04413878917694092,0.9208284616470337
S_v5,11,1,0.3236108124256134,0.47487449645996094,-0.186904177069664,0.9991450309753418,0.32744723558425903,0.47064143419265747,-0.16564877331256866,0.998878538608551,0.33067750930786133,0.4705655574798584,-0.1657211184501648,0.9985113739967346,0.3337235748767853,0.47054967284202576,-0.1657651960849762,0.9987215399742126,0.3180069327354431,0.4715372622013092,-0.17442795634269714,0.9986940026283264,0.31475630402565,0.47196704149246216,-0.17443369328975677,0.997918426990509,0.31183749437332153,0.4723137319087982,-0.17450255155563354,0.9979706406593323,0.33773961663246155,0.4735046327114105,-0.03717882186174393,0.9967334270477295,0.3071037828922272,0.4757797420024872,-0.0731688141822815,0.9973219037055969,0.33090320229530334,0.47967714071273804,-0.13675901293754578,0.9986461997032166,0.3188016414642334,0.48004332184791565,-0.14730150997638702,0.997844934463501,0.3586443066596985,0.4993613660335541,0.03292403742671013,0.9983782768249512,0.2954546809196472,0.501448392868042,-0.06457453221082687,0.9979776740074158,0.3604402542114258,0.5268393754959106,-0.07082881033420563,0.5046262741088867,0.3223689794540405,0.5243106484413147,-0.11316979676485062,0.9594231843948364,0.34508514404296875,0.5237331986427307,-0.2806110084056854,0.35961195826530457,0.3552761673927307,0.5205946564674377,-0.13983933627605438,0.8866808414459229,0.3447888195514679,0.5235977172851562,-0.32467469573020935,0.36834701895713806,0.3648938834667206,0.5196122527122498,-0.1661836802959442,0.8059435486793518,0.34148967266082764,0.5204533934593201,-0.32996633648872375,0.38013318181037903,0.3607690632343292,0.5169994235038757,-0.17386028170585632,0.8022811412811279,0.3387688100337982,0.5206973552703857,-0.2895618677139282,0.3591524064540863,0.35817962884902954,0.5183195471763611,-0.1429053395986557,0.7482301592826843,0.34873735904693604,0.5715376734733582,0.003926326520740986,0.9998714923858643,0.3008567690849304,0.572437584400177,-0.003513725707307458,0.9987999200820923,0.3613396883010864,0.6247551441192627,-0.2478998452425003,0.9593680500984192,0.29284554719924927,0.6214255690574646,0.15646423399448395,0.7575991153717041,0.3638615012168884,0.6908639669418335,-0.26068994402885437,0.9362788200378418,0.29164454340934753,0.6601223945617676,0.4566061198711395,0.6155051589012146,0.3601013720035553,0.701077938079834,-0.2678896486759186,0.7848752737045288,0.2933746576309204,0.6648502349853516,0.4820558428764343,0.4185352325439453,0.37015682458877563,0.7087914943695068,-0.42431631684303284,0.9388611316680908,0.28151586651802063,0.6810211539268494,0.38668137788772583,0.6737515330314636
S_v5,12,1,0.33989420533180237,0.4740705192089081,-0.08805356174707413,0.999697208404541,0.3425813317298889,0.4697835445404053,-0.06312398612499237,0.9995530247688293,0.34508228302001953,0.4698123633861542,-0.06314530223608017,0.9993405938148499,0.34781184792518616,0.4698885679244995,-0.06317780166864395,0.9994137287139893,0.3347110152244568,0.4700685143470764,-0.07768180221319199,0.9996708631515503,0.3313935101032257,0.4702657461166382,-0.07772861421108246,0.9995562434196472,0.3279735743999481,0.47058820724487305,-0.0778796523809433,0.9996829032897949,0.3494987189769745,0.4725397229194641,0.07435914874076843,0.9981665015220642,0.32068827748298645,0.47343307733535767,0.01105949841439724,0.9996920824050903,0.34482935070991516,0.4790180027484894,-0.03353329002857208,0.9982330799102783,0.334814190864563,0.47913652658462524,-0.051863525062799454,0.9984437823295593,0.3708105683326721,0.5006178617477417,0.18351037800312042,0.9988370537757874,0.3104456067085266,0.4981100559234619,-0.013844531029462814,0.999650239944458,0.3558697998523712,0.5331794619560242,0.25769099593162537,0.105644091963768,0.337706595659256,0.5198447108268738,-0.07914823293685913,0.9931102991104126,0.36447781324386597,0.5300192832946777,0.2260311096906662,0.1876039057970047,0.3850048780441284,0.5061246752738953,-0.08565600216388702,0.9878888726234436,0.3702240586280823,0.5308519005775452,0.22243663668632507,0.21032577753067017,0.3936332166194916,0.5013806223869324,-0.10288021713495255,0.9699870347976685,0.37314504384994507,0.5274191498756409,0.20351701974868774,0.22299973666667938,0.39140260219573975,0.4982728660106659,-0.108148954808712,0.969044029712677,0.36888471245765686,0.5269924998283386,0.2164362370967865,0.21883942186832428,0.3889559805393219,0.4997219145298004,-0.08579586446285248,0.9556742906570435,0.35753458738327026,0.5739237070083618,0.034354500472545624,0.9999769926071167,0.3146761655807495,0.5747466087341309,-0.03401590883731842,0.9998869895935059,0.37447497248649597,0.6376767158508301,-0.18523386120796204,0.9856153726577759,0.29839393496513367,0.6235876679420471,0.1225716844201088,0.8411455154418945,0.3799358606338501,0.7160540819168091,-0.24827711284160614,0.9813907146453857,0.2901201844215393,0.6639227867126465,0.4225933849811554,0.6718289256095886,0.3726602792739868,0.7273147106170654,-0.2614418566226959,0.8924903869628906,0.29044437408447266,0.6686040759086609,0.44806790351867676,0.32774773240089417,0.3868899643421173,0.7362862825393677,-0.4262981712818146,0.9812979698181152,0.28493592143058777,0.6841314435005188,0.3553674519062042,0.7847254276275635
S_v5,13,1,0.35056182742118835,0.4742743670940399,-0.26402658224105835,0.9994714856147766,0.3540574312210083,0.47029435634613037,-0.23409800231456757,0.9992917776107788,0.3565094769001007,0.4703977704048157,-0.23404791951179504,0.9984985589981079,0.3592417538166046,0.4705544412136078,-0.23407775163650513,0.9986459612846375,0.34575530886650085,0.46996888518333435,-0.25283682346343994,0.999534010887146,0.3423912823200226,0.46990856528282166,-0.252871036529541,0.9993532299995422,0.33861929178237915,0.4698658585548401,-0.2529887855052948,0.9994505047798157,0.36064305901527405,0.4726635813713074,-0.0725913867354393,0.9963943362236023,0.32989415526390076,0.4720532298088074,-0.15442721545696259,0.9991012811660767,0.35489314794540405,0.4786090850830078,-0.20061084628105164,0.9969491362571716,0.34427741169929504,0.47846436500549316,-0.22445352375507355,0.9961773157119751,0.3601168394088745,0.499472975730896,0.08185631781816483,0.9978752136230469,0.32092612981796265,0.4929693937301636,-0.21314756572246552,0.9993313550949097,0.36394089460372925,0.5297840237617493,0.19576343894004822,0.1793966293334961,0.3487909138202667,0.5009880661964417,-0.44376644492149353,0.9993023872375488,0.3927294611930847,0.5422455668449402,0.19678762555122375,0.4301207959651947,0.4026530385017395,0.4822472035884857,-0.6009662747383118,0.9987354874610901,0.397081583738327,0.5462737679481506,0.2010970115661621,0.38177570700645447,0.40996211767196655,0.4771084189414978,-0.649674117565155,0.9946200847625732,0.3984801173210144,0.5422852635383606,0.17682860791683197,0.41545623540878296,0.4063098430633545,0.47516900300979614,-0.6365411877632141,0.9942692518234253,0.39688584208488464,0.5420435070991516,0.18623650074005127,0.36350443959236145,0.40248364210128784,0.47824788093566895,-0.5985450744628906,0.9893931150436401,0.3660026788711548,0.5685308575630188,0.05697494372725487,0.9999715089797974,0.3279082477092743,0.5695472955703735,-0.05693129077553749,0.9998906850814819,0.3880769610404968,0.616795539855957,-0.235366553068161,0.9478224515914917,0.32019269466400146,0.6197060942649841,0.08830028772354126,0.6213947534561157,0.4021542966365814,0.6901834011077881,-0.2445867508649826,0.8738105297088623,0.29382532835006714,0.6566625833511353,0.4606022536754608,0.31697192788124084,0.39648643136024475,0.7002180814743042,-0.25040948390960693,0.6217696666717529,0.28636062145233154,0.659149169921875,0.4954398274421692,0.20567798614501953,0.4174157977104187,0.7071413397789001,-0.4073062241077423,0.8927134871482849,0.2958020865917206,0.6784377098083496,0.4072381258010864,0.5310134291648865
S_v5,14,1,0.36374521255493164,0.47346511483192444,-0.24468672275543213,0.9998687505722046,0.3669379949569702,0.46987274289131165,-0.2179563194513321,0.9998206496238708,0.3693760633468628,0.4699045717716217,-0.21790382266044617,0.9995354413986206,0.3720643222332001,0.46999412775039673,-0.21794533729553223,0.9996746778488159,0.35917484760284424,0.4698036015033722,-0.23812256753444672,0.9998940229415894,0.35576331615448,0.46977925300598145,-0.23815327882766724,0.9998326301574707,0.35218682885169983,0.4698675870895386,-0.23827700316905975,0.9998750686645508,0.3737521171569824,0.47240298986434937,-0.06605938822031021,0.9988698363304138,0.34306800365448,0.4721528887748718,-0.1546407788991928,0.99981290102005,0.3687424957752228,0.4787379801273346,-0.1836661696434021,0.9991747736930847,0.35838985443115234,0.47821149230003357,-0.209514319896698,0.9986855387687683,0.3761690557003021,0.497475802898407,0.07729700207710266,0.9994692206382751,0.33208900690078735,0.4920319616794586,-0.2116335779428482,0.9996144771575928,0.38169771432876587,0.5316215753555298,0.17970719933509827,0.23613609373569489,0.36901652812957764,0.48684853315353394,-0.46702873706817627,0.9993637204170227,0.4050977826118469,0.5470737814903259,0.19519734382629395,0.6589105129241943,0.4067620635032654,0.46234583854675293,-0.6186274886131287,0.9989483952522278,0.40867236256599426,0.5549824237823486,0.20743469893932343,0.5823171138763428,0.4150758683681488,0.4521631896495819,-0.6641746759414673,0.9951441287994385,0.41135528683662415,0.550769031047821,0.19060122966766357,0.6082823872566223,0.4118698835372925,0.4513188898563385,-0.6494529247283936,0.9945959448814392,0.40923845767974854,0.5494071841239929,0.1891528069972992,0.5585919618606567,0.4091983437538147,0.4549012780189514,-0.61597740650177,0.9908223152160645,0.3843054175376892,0.5704178810119629,0.05612895265221596,0.9999951124191284,0.3440515398979187,0.5709316730499268,-0.05626969784498215,0.9999759197235107,0.3925711214542389,0.6342803239822388,-0.1564786583185196,0.9591110944747925,0.3445861339569092,0.628527820110321,0.09946179389953613,0.5906611084938049,0.3895706534385681,0.7073134779930115,-0.17644435167312622,0.953967273235321,0.3054822087287903,0.63587886095047,0.5014353394508362,0.29994577169418335,0.3811693787574768,0.7172437906265259,-0.18290665745735168,0.8103569746017456,0.2951914966106415,0.6342771053314209,0.540909469127655,0.2741931676864624,0.39963987469673157,0.726631224155426,-0.3245175778865814,0.9561023712158203,0.3033291697502136,0.6640501618385315,0.4922511577606201,0.5809488296508789
S_v5,15,1,0.37727320194244385,0.4709533452987671,-0.03829154372215271,0.999883770942688,0.37845003604888916,0.4683697521686554,-0.006561129819601774,0.999916672706604,0.3806326687335968,0.4687004089355469,-0.006567785050719976,0.9998297691345215,0.38281312584877014,0.4689987301826477,-0.006609099917113781,0.9999052286148071,0.370414137840271,0.4680500626564026,-0.029145661741495132,0.9999077320098877,0.3672355115413666,0.4682108759880066,-0.029140453785657883,0.9998668432235718,0.3641276955604553,0.46839195489883423,-0.02919749543070793,0.9999051094055176,0.380337655544281,0.4721199870109558,0.13589900732040405,0.9996778964996338,0.3572661280632019,0.4716082215309143,0.03614357113838196,0.9998875856399536,0.380736380815506,0.4757290482521057,0.015911033377051353,0.9996639490127563,0.371429443359375,0.47546857595443726,-0.013012765906751156,0.9995120763778687,0.3965291678905487,0.5068950653076172,0.23779205977916718,0.9995761513710022,0.34273838996887207,0.49440377950668335,-0.04853938892483711,0.9997339844703674,0.4147544503211975,0.5392691493034363,0.2552703320980072,0.2705813944339752,0.37306079268455505,0.47671860456466675,-0.20758481323719025,0.9974502921104431,0.43468841910362244,0.5482576489448547,0.15464729070663452,0.4978750944137573,0.4103793203830719,0.4431421160697937,-0.24095572531223297,0.9960013031959534,0.44075754284858704,0.5534380674362183,0.13722901046276093,0.44402194023132324,0.41369977593421936,0.43529677391052246,-0.27457576990127563,0.9852024912834167,0.4411594867706299,0.5508831143379211,0.11626869440078735,0.4689531624317169,0.4108193814754486,0.43455493450164795,-0.2715402841567993,0.9829444289207458,0.43849465250968933,0.5496740341186523,0.1407599151134491,0.4579981565475464,0.4094092845916748,0.4364898204803467,-0.24089035391807556,0.9759078025817871,0.39776864647865295,0.5739923715591431,0.0833505392074585,0.9999476671218872,0.35994622111320496,0.5732119679450989,-0.08340068906545639,0.9999204874038696,0.40953540802001953,0.6360273957252502,-0.04205609858036041,0.8591434359550476,0.374728798866272,0.6417101621627808,-0.14396971464157104,0.8991227149963379,0.3921367824077606,0.7068741321563721,0.003363577648997307,0.8776381611824036,0.34813347458839417,0.6866429448127747,0.032408129423856735,0.6964331269264221,0.37788763642311096,0.7173731327056885,0.0020727806258946657,0.7890894412994385,0.3376587927341461,0.6900807023048401,0.046008747071027756,0.43792688846588135,0.41884347796440125,0.7237906455993652,-0.10447778552770615,0.8919191956520081,0.36120957136154175,0.7067452073097229,-0.04427080228924751,0.7897781133651733
S_v5,16,1,0.3959920406341553,0.4665522873401642,-0.06077389419078827,0.9995193481445312,0.3944271206855774,0.4632963240146637,-0.03132358565926552,0.9997549653053284,0.39556819200515747,0.4633345603942871,-0.03134692832827568,0.9996059536933899,0.39655759930610657,0.463334321975708,-0.03139376640319824,0.9997748732566833,0.3893803656101227,0.46344494819641113,-0.04901633784174919,0.9996077418327332,0.3872649371623993,0.4636656641960144,-0.04904596507549286,0.9994733929634094,0.38484641909599304,0.46389853954315186,-0.04905974864959717,0.9995748400688171,0.3906974792480469,0.4669922888278961,0.1056244969367981,0.999738872051239,0.3771969676017761,0.4682544767856598,0.028954310342669487,0.999518871307373,0.3975253105163574,0.4714473485946655,-0.00990814995020628,0.9997426867485046,0.39188066124916077,0.47113335132598877,-0.03207559138536453,0.9994677901268005,0.4209709167480469,0.5028122663497925,0.18530504405498505,0.9996640682220459,0.3560129404067993,0.49346616864204407,-0.040861137211322784,0.9995765089988708,0.4498290419578552,0.5314539074897766,0.1292065680027008,0.7947906255722046,0.3806750476360321,0.4748024344444275,-0.22392261028289795,0.9970299005508423,0.4471183121204376,0.537157416343689,-0.023972393944859505,0.8551793098449707,0.4047500491142273,0.438712477684021,-0.32452523708343506,0.9967179894447327,0.4440448582172394,0.5430076718330383,-0.05923116207122803,0.7858156561851501,0.4060922861099243,0.4316645860671997,-0.37557482719421387,0.9894447922706604,0.4392648935317993,0.5379137396812439,-0.0766805112361908,0.7950000166893005,0.40352123975753784,0.4305192828178406,-0.3702579140663147,0.9878028035163879,0.43923220038414,0.5369064211845398,-0.036911193281412125,0.7704733610153198,0.40290534496307373,0.433002233505249,-0.3274688720703125,0.9832478165626526,0.41092127561569214,0.5735614895820618,0.06894458830356598,0.9996598958969116,0.3698219358921051,0.5723167657852173,-0.06876959651708603,0.9997683167457581,0.42471879720687866,0.6364685297012329,-0.01593143306672573,0.8748180866241455,0.37830570340156555,0.6419577598571777,-0.12856321036815643,0.950691282749176,0.4051799774169922,0.6955931186676025,0.1219734475016594,0.814780592918396,0.3708275854587555,0.7189165353775024,-0.03524506464600563,0.9473709464073181,0.39116376638412476,0.7025737762451172,0.1294988989830017,0.726504385471344,0.3662855327129364,0.7277661561965942,-0.034346435219049454,0.7494314312934875,0.42165112495422363,0.7108181118965149,0.019683802500367165,0.8475939631462097,0.3914795517921448,0.7363173961639404,-0.18531781435012817,0.9439478516578674
S_v5,17,1,0.40462520718574524,0.468173086643219,-0.08097438514232635,0.9992128610610962,0.4055790603160858,0.46341413259506226,-0.056139618158340454,0.999509334564209,0.40760907530784607,0.4633983373641968,-0.05618022009730339,0.9991720914840698,0.4094066917896271,0.46337538957595825,-0.056251537054777145,0.9994837045669556,0.39776933193206787,0.4635303020477295,-0.0675274059176445,0.9991382360458374,0.39472755789756775,0.46359485387802124,-0.06750264018774033,0.9987722039222717,0.39152008295059204,0.46407079696655273,-0.06754669547080994,0.9991421699523926,0.40671226382255554,0.466556578874588,0.0785180851817131,0.9995014667510986,0.38360121846199036,0.4671150743961334,0.030915863811969757,0.9991625547409058,0.4079451560974121,0.47274404764175415,-0.029346562922000885,0.9994627833366394,0.39960646629333496,0.47279343008995056,-0.04328884929418564,0.9990884065628052,0.43825972080230713,0.49875304102897644,0.15698957443237305,0.9985670447349548,0.3647092580795288,0.4921208322048187,-0.00862611923366785,0.9991990923881531,0.46356815099716187,0.5257666110992432,0.016310134902596474,0.8194131851196289,0.38763123750686646,0.47409671545028687,-0.17765992879867554,0.9914565682411194,0.4505722224712372,0.5097031593322754,-0.19301024079322815,0.7615033388137817,0.40664827823638916,0.44173669815063477,-0.2583135664463043,0.9880207180976868,0.4426783621311188,0.5016160607337952,-0.23496682941913605,0.6469578146934509,0.4075310528278351,0.4334039092063904,-0.29955196380615234,0.9658570885658264,0.4402097761631012,0.5018439292907715,-0.2306341975927353,0.6468390822410583,0.4055759012699127,0.43169480562210083,-0.2949722707271576,0.9621152877807617,0.440581738948822,0.5042865872383118,-0.19899770617485046,0.6215983033180237,0.4044645428657532,0.4346676468849182,-0.26080799102783203,0.9527001976966858,0.42538291215896606,0.5722888112068176,0.0385667085647583,0.9991382360458374,0.38018298149108887,0.5741644501686096,-0.03835069015622139,0.9994823932647705,0.43466514348983765,0.6344998478889465,-0.06006770581007004,0.8374891877174377,0.38464662432670593,0.6502445340156555,-0.0940924733877182,0.9293023943901062,0.4081031382083893,0.6928499937057495,0.0505843348801136,0.7658167481422424,0.3769432604312897,0.7247648239135742,-0.03578834980726242,0.9229756593704224,0.3965328335762024,0.6986680030822754,0.05562526732683182,0.6236431002616882,0.37312471866607666,0.732513964176178,-0.038498129695653915,0.7056271433830261,0.42014279961586,0.7144214510917664,-0.06512457132339478,0.8040524125099182,0.380504846572876,0.738983690738678,-0.18543677031993866,0.9011561274528503
S_v5,18,1,0.41689929366111755,0.4575466215610504,0.013849989511072636,0.9999853372573853,0.4203014075756073,0.45387914776802063,0.04208020493388176,0.9999912977218628,0.4227393567562103,0.4539647698402405,0.04200490191578865,0.9999878406524658,0.42526617646217346,0.45396435260772705,0.041940558701753616,0.9999932050704956,0.4121400713920593,0.45321887731552124,0.02720518223941326,0.9999855756759644,0.4088391363620758,0.453032910823822,0.027166355401277542,0.999982476234436,0.405362993478775,0.4528172016143799,0.0271065104752779,0.9999886751174927,0.42637109756469727,0.45559120178222656,0.1791030466556549,0.9999876022338867,0.3970635235309601,0.4555726647377014,0.11352016031742096,0.9999915361404419,0.42180153727531433,0.4624744653701782,0.06642593443393707,0.9999794960021973,0.4112657308578491,0.462453156709671,0.046990469098091125,0.9999717473983765,0.4489598274230957,0.48935285210609436,0.23609356582164764,0.9999144077301025,0.3711285889148712,0.4822216331958771,0.06483069062232971,0.9999022483825684,0.47623246908187866,0.5129934549331665,0.04576489329338074,0.9459806084632874,0.38128024339675903,0.48442214727401733,-0.12346869707107544,0.9877169728279114,0.4517856240272522,0.4762752652168274,-0.14240548014640808,0.9695656299591064,0.40662315487861633,0.45027974247932434,-0.2164166122674942,0.9854147434234619,0.44507893919944763,0.4666164517402649,-0.17694956064224243,0.9351213574409485,0.4118766784667969,0.4395037889480591,-0.249339297413826,0.9609264135360718,0.4449436366558075,0.46502578258514404,-0.15042048692703247,0.9279787540435791,0.40970057249069214,0.4398883581161499,-0.24170781672000885,0.9556270837783813,0.44512856006622314,0.46827200055122375,-0.13865478336811066,0.9057637453079224,0.40866339206695557,0.4447382092475891,-0.21688726544380188,0.9469596743583679,0.43683868646621704,0.5700048208236694,0.05475790798664093,0.9998056292533875,0.3873596787452698,0.5639594793319702,-0.0545140765607357,0.9998106360435486,0.4324149489402771,0.6471515893936157,-0.07423185557126999,0.7965477705001831,0.399015337228775,0.6139388084411621,-0.3426961600780487,0.9570463299751282,0.3984416723251343,0.7165848016738892,-0.08365588635206223,0.7881016135215759,0.39208462834358215,0.689419686794281,-0.3643663227558136,0.9184160232543945,0.3858069181442261,0.7278370261192322,-0.09117931872606277,0.7420209646224976,0.3853870630264282,0.6986021995544434,-0.37046587467193604,0.7956045866012573,0.414153128862381,0.7380933165550232,-0.22214238345623016,0.8455455899238586,0.41144585609436035,0.7156097888946533,-0.5135759711265564,0.9362112283706665
S_v5,19,1,0.4148242175579071,0.4456678628921509,0.07916324585676193,0.9999632835388184,0.42136290669441223,0.442465215921402,0.10809602588415146,0.9999737739562988,0.4242672026157379,0.44254419207572937,0.10803898423910141,0.9999648332595825,0.4273609519004822,0.44262534379959106,0.10804695636034012,0.9999791383743286,0.41474273800849915,0.4425588846206665,0.10207480192184448,0.9999603033065796,0.41262638568878174,0.44266587495803833,0.10201732069253922,0.9999523162841797,0.41088005900382996,0.44274216890335083,0.10184134542942047,0.9999721050262451,0.4332979619503021,0.4460046887397766,0.23305131494998932,0.9999406337738037,0.40780049562454224,0.4463564157485962,0.20691755414009094,0.9999529123306274,0.4209515452384949,0.4512239098548889,0.1252744197845459,0.9998795986175537,0.41196781396865845,0.4514695405960083,0.11716131120920181,0.9998430013656616,0.4606159031391144,0.47968506813049316,0.2468898743391037,0.99950110912323,0.3842252790927887,0.4777599573135376,0.13592103123664856,0.999735414981842,0.4607965350151062,0.48996150493621826,-0.0072758253663778305,0.8233957886695862,0.3871524930000305,0.48332732915878296,-0.12304003536701202,0.8876194357872009,0.44515901803970337,0.45622801780700684,-0.2276291698217392,0.9598320722579956,0.40499749779701233,0.45817235112190247,-0.3326359987258911,0.95527184009552,0.4435133635997772,0.4462715983390808,-0.2674090266227722,0.9465516805648804,0.4085150361061096,0.44883233308792114,-0.379524827003479,0.922279417514801,0.44374197721481323,0.44485336542129517,-0.24695031344890594,0.9427815079689026,0.4089815616607666,0.4484816789627075,-0.3675715923309326,0.914504885673523,0.4428540766239166,0.4483936131000519,-0.2270050346851349,0.9184297919273376,0.40936222672462463,0.4513154625892639,-0.3348219394683838,0.9007721543312073,0.44347554445266724,0.5621035695075989,0.04207129776477814,0.9995644688606262,0.39742252230644226,0.5550523996353149,-0.0421287976205349,0.9997583031654358,0.42980408668518066,0.6379703283309937,-0.04384637624025345,0.5628904104232788,0.40451404452323914,0.6202293634414673,-0.2808099091053009,0.8866690397262573,0.3941044509410858,0.7121038436889648,-0.07788791507482529,0.5474123954772949,0.3963625133037567,0.7031442523002625,-0.317232221364975,0.8748873472213745,0.3812698721885681,0.7213732600212097,-0.08933494240045547,0.3833601176738739,0.39110660552978516,0.7149569392204285,-0.3270895779132843,0.5803163647651672,0.40331393480300903,0.7348524332046509,-0.22776015102863312,0.7102885842323303,0.40043553709983826,0.7318097949028015,-0.4816876947879791,0.9071155190467834
S_v5,20,1,0.41409334540367126,0.44202518463134766,0.05614903196692467,0.9991418123245239,0.4207044839859009,0.4376014471054077,0.07348915189504623,0.9989660978317261,0.4245251417160034,0.437427818775177,0.07339787483215332,0.998637855052948,0.42826372385025024,0.43731775879859924,0.07333613187074661,0.9994099140167236,0.41219446063041687,0.4382215142250061,0.08109257370233536,0.9986452460289001,0.4099087119102478,0.4384486675262451,0.08104568719863892,0.9979117512702942,0.407804936170578,0.43874040246009827,0.0809098407626152,0.9990178346633911,0.4377554953098297,0.4399215877056122,0.1539512723684311,0.9971250891685486,0.41126468777656555,0.44229525327682495,0.18838515877723694,0.9981498718261719,0.4227890968322754,0.44694310426712036,0.08628993481397629,0.9974119067192078,0.4125020205974579,0.4477080702781677,0.09600259363651276,0.9976441264152527,0.4673593044281006,0.4678542912006378,0.12977032363414764,0.9992062449455261,0.39752113819122314,0.47321921586990356,0.176666721701622,0.9985488057136536,0.44970637559890747,0.47651317715644836,-0.02480345219373703,0.8132049441337585,0.4010215401649475,0.47817015647888184,0.11013370007276535,0.8657179474830627,0.43843451142311096,0.44274914264678955,-0.08602112531661987,0.9164232015609741,0.42849862575531006,0.4484313428401947,0.07829061150550842,0.8535943627357483,0.43790727853775024,0.4343247413635254,-0.10573168843984604,0.8871867656707764,0.43205419182777405,0.4390762448310852,0.06575942039489746,0.7667260766029358,0.44019386172294617,0.4310987591743469,-0.09031955897808075,0.8730958700180054,0.43031638860702515,0.43916213512420654,0.07057588547468185,0.7487379312515259,0.4389866888523102,0.43556416034698486,-0.08223627507686615,0.8431693315505981,0.42913463711738586,0.4434451162815094,0.07790409028530121,0.7548068165779114,0.4584932327270508,0.5526899099349976,-0.008939400315284729,0.9998016953468323,0.41343003511428833,0.5491126179695129,0.009322316385805607,0.9995291233062744,0.4217366874217987,0.6298735737800598,-0.08852363377809525,0.8841435313224792,0.4197112023830414,0.5674088001251221,-0.2396557331085205,0.7779983878135681,0.39010757207870483,0.7117375135421753,-0.1257161647081375,0.9269202351570129,0.4228329658508301,0.6215658783912659,-0.1339723765850067,0.5591986775398254,0.39186516404151917,0.7243461012840271,-0.1362922042608261,0.7158874869346619,0.4241774082183838,0.6233051419258118,-0.12454777210950851,0.4578861594200134,0.3806156814098358,0.735538899898529,-0.2926831841468811,0.8962882161140442,0.4316065013408661,0.6524114012718201,-0.23274074494838715,0.7363190054893494
S_v5,21,1,0.42372000217437744,0.43626222014427185,0.05849330499768257,0.9999263286590576,0.42836132645606995,0.4313151240348816,0.07652267813682556,0.9999438524246216,0.43160825967788696,0.4307805299758911,0.0764029324054718,0.9999300241470337,0.43508148193359375,0.43018996715545654,0.07632517069578171,0.9999642372131348,0.42056888341903687,0.4325198531150818,0.08376722782850266,0.9999091625213623,0.41838914155960083,0.4328463673591614,0.08368329703807831,0.9998724460601807,0.41644588112831116,0.4331560730934143,0.08356959372758865,0.9999369382858276,0.44329750537872314,0.4318743944168091,0.1535542756319046,0.9998787641525269,0.41691434383392334,0.43581539392471313,0.18778027594089508,0.999935507774353,0.4327061176300049,0.4400429427623749,0.08759164810180664,0.999835729598999,0.4217744767665863,0.4414249360561371,0.09711531549692154,0.9998610019683838,0.4829404950141907,0.45518288016319275,0.1364375203847885,0.9998487234115601,0.40291598439216614,0.46620890498161316,0.18669544160366058,0.9998277425765991,0.461049348115921,0.4569343030452728,-0.026270145550370216,0.8931946158409119,0.40127018094062805,0.47316649556159973,0.2579317092895508,0.8691418766975403,0.444105863571167,0.4302467107772827,-0.08963849395513535,0.9367465972900391,0.4394214153289795,0.44373562932014465,0.40941864252090454,0.7755945920944214,0.44267338514328003,0.42035365104675293,-0.11004618555307388,0.9116171598434448,0.44618868827819824,0.4370878040790558,0.4244419038295746,0.6623219847679138,0.4431161880493164,0.4195995330810547,-0.09240052849054337,0.9014272689819336,0.4437326192855835,0.4366697072982788,0.42127564549446106,0.645264208316803,0.442396342754364,0.4246198534965515,-0.08534674346446991,0.8692657351493835,0.4405336081981659,0.43822914361953735,0.41178667545318604,0.6609465479850769,0.47683706879615784,0.5449206829071045,-0.017548125237226486,0.9998694658279419,0.4245827794075012,0.5386850237846375,0.018164321780204773,0.9998582601547241,0.4418327808380127,0.6165085434913635,-0.08380597084760666,0.8548076748847961,0.41778334975242615,0.5423044562339783,-0.3706076741218567,0.9261929392814636,0.4081389904022217,0.685073971748352,-0.10321743786334991,0.8419954776763916,0.43305325508117676,0.6109108924865723,-0.4179624021053314,0.656382143497467,0.3968745470046997,0.6936395764350891,-0.11004692316055298,0.6810463666915894,0.43398672342300415,0.6199944615364075,-0.42383626103401184,0.5162261128425598,0.4193198084831238,0.7084912061691284,-0.24601605534553528,0.842394232749939,0.45821744203567505,0.6335936784744263,-0.5555368661880493,0.8091226816177368
S_v5,22,1,0.4349212646484375,0.43092063069343567,0.10070794075727463,0.9998878240585327,0.43879130482673645,0.4263654947280884,0.11919853091239929,0.9999253749847412,0.44182702898979187,0.4259745478630066,0.11906153708696365,0.9999127388000488,0.44493788480758667,0.4254947602748871,0.11895328760147095,0.9999593496322632,0.4313741624355316,0.42729294300079346,0.12399066239595413,0.9998886585235596,0.42899173498153687,0.4276297390460968,0.12392459809780121,0.9998403787612915,0.42681601643562317,0.42793023586273193,0.12378605455160141,0.999913215637207,0.4514658451080322,0.42671316862106323,0.19349096715450287,0.9998724460601807,0.4267784655094147,0.43016111850738525,0.21698720753192902,0.9999176263809204,0.4426175355911255,0.4346731901168823,0.1290873885154724,0.9996289014816284,0.43307235836982727,0.43563395738601685,0.13559195399284363,0.9996538162231445,0.49208956956863403,0.44848668575286865,0.17020010948181152,0.9998927116394043,0.41366955637931824,0.4613351821899414,0.20927004516124725,0.9996752738952637,0.47024455666542053,0.44822826981544495,0.0015338724479079247,0.8767582178115845,0.42017173767089844,0.4706258773803711,0.30136409401893616,0.6394218802452087,0.4540938436985016,0.417657732963562,-0.06244465336203575,0.9336348176002502,0.4481644332408905,0.4381229281425476,0.4824303388595581,0.5128265619277954,0.45346036553382874,0.40691161155700684,-0.08420653641223907,0.9104267954826355,0.44813960790634155,0.4293598532676697,0.503490149974823,0.4178287386894226,0.4537435472011566,0.40641170740127563,-0.06029469892382622,0.8991277813911438,0.4458576440811157,0.42901182174682617,0.4998765289783478,0.3980276584625244,0.45246070623397827,0.41135653853416443,-0.056407153606414795,0.8658804893493652,0.4469301402568817,0.433401882648468,0.4849397838115692,0.426201194524765,0.49049147963523865,0.5369657874107361,-0.00802887137979269,0.999922513961792,0.43726876378059387,0.5335299968719482,0.008615978062152863,0.9998782873153687,0.45785263180732727,0.6134532690048218,-0.10783036053180695,0.7217540144920349,0.4454764127731323,0.5509691834449768,-0.35759738087654114,0.8399147391319275,0.4045639634132385,0.6870137453079224,-0.1468352973461151,0.6798135042190552,0.42394229769706726,0.6246234774589539,-0.3922595679759979,0.5346843600273132,0.3909524083137512,0.6957604289054871,-0.1547175496816635,0.5447565913200378,0.4193965196609497,0.6331021189689636,-0.39636972546577454,0.39445364475250244,0.41472241282463074,0.7123353481292725,-0.2873882055282593,0.7082737684249878,0.43723323941230774,0.6519235968589783,-0.5229594707489014,0.7004696726799011
S_v5,23,1,0.4465111792087555,0.4194779396057129,-0.16370540857315063,0.9441372156143188,0.45063668489456177,0.41566067934036255,-0.1438976675271988,0.9195123314857483,0.45413848757743835,0.41517162322998047,-0.1440311074256897,0.9146685004234314,0.45755285024642944,0.4142497479915619,-0.14412102103233337,0.9334924817085266,0.44161170721054077,0.41661739349365234,-0.14031940698623657,0.9032939076423645,0.438961923122406,0.41693633794784546,-0.14037328958511353,0.8960608243942261,0.43639975786209106,0.4172046184539795,-0.14054790139198303,0.9157431125640869,0.46444177627563477,0.41505950689315796,-0.028655249625444412,0.828822672367096,0.43543532490730286,0.41973721981048584,-0.009483825415372849,0.7943723797798157,0.45473700761795044,0.4234963655471802,-0.11913509666919708,0.8906124830245972,0.4434014856815338,0.42449527978897095,-0.11399044841527939,0.8878142833709717,0.5009218454360962,0.43806836009025574,-0.0016859301831573248,0.9914970993995667,0.4238187074661255,0.45294347405433655,-0.006629054434597492,0.9932460188865662,0.4896343946456909,0.44194209575653076,-0.22263863682746887,0.8050960302352905,0.42696186900138855,0.46910834312438965,-0.20457468926906586,0.8534440994262695,0.4679449200630188,0.41886046528816223,-0.41108742356300354,0.8926608562469482,0.4577678143978119,0.4402118921279907,-0.4298083484172821,0.8765882849693298,0.4618147015571594,0.41131097078323364,-0.45582908391952515,0.8563655018806458,0.463163822889328,0.4305092692375183,-0.4750710427761078,0.8295533657073975,0.4630897045135498,0.4067996144294739,-0.4383400082588196,0.8466873168945312,0.46045807003974915,0.4258946180343628,-0.46568769216537476,0.8255593180656433,0.46386563777923584,0.4117712080478668,-0.4099343419075012,0.8142179846763611,0.45822757482528687,0.4314855933189392,-0.43196555972099304,0.7978755831718445,0.5055645108222961,0.5244172811508179,0.010406659916043282,0.9981098175048828,0.4500197470188141,0.5237321853637695,-0.010177324526011944,0.9992154836654663,0.4990473985671997,0.5812829732894897,-0.055839695036411285,0.8281527757644653,0.4639957845211029,0.5737783312797546,-0.3067968487739563,0.9307477474212646,0.4508199095726013,0.616174578666687,0.19961975514888763,0.6525107622146606,0.44161272048950195,0.6199401617050171,-0.16317005455493927,0.8484605550765991,0.44061940908432007,0.6185113191604614,0.22129569947719574,0.4362700283527374,0.435920774936676,0.6239330768585205,-0.15132732689380646,0.5625566244125366,0.44169026613235474,0.6445330381393433,0.13179592788219452,0.704185962677002,0.43832653760910034,0.6543866395950317,-0.27956652641296387,0.8770573735237122
S_v5,24,1,0.47034400701522827,0.4203636050224304,-0.12941110134124756,0.9875789284706116,0.4725792407989502,0.41573572158813477,-0.10555492341518402,0.9797728061676025,0.47543659806251526,0.41521942615509033,-0.10564383119344711,0.9728994965553284,0.4782511591911316,0.4146233797073364,-0.10569953918457031,0.9770870804786682,0.4636874198913574,0.4169445037841797,-0.11233413219451904,0.9837567806243896,0.460362046957016,0.4173009991645813,-0.11237335205078125,0.9818273186683655,0.45709043741226196,0.4176597595214844,-0.1125180646777153,0.987707793712616,0.47967976331710815,0.4154418408870697,0.016580134630203247,0.955617368221283,0.44992348551750183,0.4196619391441345,-0.010499534197151661,0.9744235873222351,0.47718122601509094,0.4243977963924408,-0.08185644447803497,0.9700871109962463,0.464925080537796,0.4258992373943329,-0.09007931500673294,0.9825320243835449,0.5138877034187317,0.43460145592689514,0.03861908242106438,0.9915748238563538,0.4313628077507019,0.45281389355659485,-0.01377465296536684,0.9990411400794983,0.5018996000289917,0.4349655508995056,-0.15008953213691711,0.7118942737579346,0.44980520009994507,0.4725778102874756,-0.15128691494464874,0.9587020874023438,0.47969743609428406,0.40619730949401855,-0.2967737019062042,0.7559221386909485,0.48377320170402527,0.4372660517692566,-0.23393630981445312,0.9533934593200684,0.4768402874469757,0.3968033790588379,-0.33476075530052185,0.683994472026825,0.4905957579612732,0.42678046226501465,-0.2618134915828705,0.9051463603973389,0.47525736689567566,0.3967447280883789,-0.3154982328414917,0.6674362421035767,0.48343774676322937,0.4246760308742523,-0.25153568387031555,0.8979358077049255,0.47457432746887207,0.4017123579978943,-0.29562342166900635,0.6484971642494202,0.4818708598613739,0.4264445900917053,-0.23100268840789795,0.8708025217056274,0.5179086327552795,0.5238215327262878,0.0036316432524472475,0.9993361830711365,0.46296921372413635,0.5250533223152161,-0.0033960172440856695,0.9999414682388306,0.5048068165779114,0.584090530872345,-0.03417322412133217,0.8453269004821777,0.4667931795120239,0.5772696137428284,-0.3305809497833252,0.9491978287696838,0.46033430099487305,0.6054171323776245,0.3383252024650574,0.31706148386001587,0.46334317326545715,0.6355845332145691,-0.2766539454460144,0.9501577019691467,0.44684678316116333,0.6005461812019348,0.3737688958644867,0.29566919803619385,0.4637255370616913,0.6455181241035461,-0.27566251158714294,0.6788449883460999,0.4620400667190552,0.6223642230033875,0.3148702085018158,0.42985594272613525,0.45648422837257385,0.6624444127082825,-0.4314745366573334,0.9444978833198547
S_v5,25,1,0.48349520564079285,0.4167952537536621,-0.21487239003181458,0.9644749760627747,0.4866476058959961,0.413113534450531,-0.18771615624427795,0.9344810843467712,0.48981335759162903,0.41266265511512756,-0.18777814507484436,0.9172387719154358,0.49299755692481995,0.4121246933937073,-0.18781964480876923,0.9217290282249451,0.47734129428863525,0.4143160581588745,-0.19784954190254211,0.9350470304489136,0.47421449422836304,0.41483426094055176,-0.1978888362646103,0.9334834218025208,0.4710404872894287,0.4153027832508087,-0.1980065107345581,0.9478785991668701,0.49509456753730774,0.4132581353187561,-0.04343164339661598,0.898276686668396,0.46423211693763733,0.4183734357357025,-0.08668751269578934,0.8999984264373779,0.49135494232177734,0.42023372650146484,-0.15933562815189362,0.9311317801475525,0.4782956838607788,0.4216688871383667,-0.1720673143863678,0.9348605275154114,0.5246866941452026,0.43183356523513794,-0.0027676254976540804,0.9871104955673218,0.44686180353164673,0.4525054693222046,-0.08987953513860703,0.9944097399711609,0.5167862772941589,0.42283305525779724,-0.20815005898475647,0.742520272731781,0.4689485728740692,0.47219541668891907,-0.2871856093406677,0.9651618003845215,0.4941956400871277,0.39762741327285767,-0.42645642161369324,0.7877631187438965,0.4922045171260834,0.4374406337738037,-0.431445837020874,0.9519520401954651,0.4911569356918335,0.3888183832168579,-0.4780796468257904,0.6839298009872437,0.4994416832923889,0.4268991947174072,-0.4757043421268463,0.9064154028892517,0.4895605146884918,0.38850536942481995,-0.4653269350528717,0.6666405200958252,0.49295446276664734,0.4239361584186554,-0.459969699382782,0.9004389643669128,0.48961007595062256,0.3947819769382477,-0.43116295337677,0.6815515160560608,0.49181219935417175,0.42565202713012695,-0.42881619930267334,0.8681995272636414,0.5314268469810486,0.5221272110939026,0.012633012607693672,0.9989311099052429,0.4773099720478058,0.5248115062713623,-0.012418890371918678,0.9994582533836365,0.521399974822998,0.5810485482215881,-0.06825727969408035,0.838762640953064,0.4733426868915558,0.5907912254333496,-0.11224782466888428,0.8904075622558594,0.48330697417259216,0.6117427349090576,0.3283117413520813,0.3536575436592102,0.479722797870636,0.6455163955688477,0.0681271106004715,0.8426110744476318,0.47237274050712585,0.6132823824882507,0.3657258152961731,0.2805650234222412,0.48125144839286804,0.652611255645752,0.08065585047006607,0.5308780074119568,0.49024516344070435,0.6358307600021362,0.2834011912345886,0.48164695501327515,0.47901448607444763,0.6758579611778259,-0.06994491815567017,0.8306369185447693
S_v5,26,1,0.49136847257614136,0.41836482286453247,-0.10575462132692337,0.9962292313575745,0.497427761554718,0.4144250154495239,-0.07796020805835724,0.9942309856414795,0.5009081959724426,0.4144033193588257,-0.07796479761600494,0.9913676381111145,0.5042559504508972,0.41440942883491516,-0.07796525955200195,0.9930886626243591,0.4870380759239197,0.41513556241989136,-0.08901603519916534,0.9951877593994141,0.48352503776550293,0.4155638813972473,-0.08907809108495712,0.9948186278343201,0.4802846610546112,0.4160056412220001,-0.08917942643165588,0.9965305924415588,0.5086569786071777,0.41758647561073303,0.05698256567120552,0.9898171424865723,0.476004034280777,0.4195975661277771,0.006827142089605331,0.9936698079109192,0.49854347109794617,0.4238837957382202,-0.05522856488823891,0.9908913969993591,0.48424065113067627,0.42489880323410034,-0.06985755264759064,0.9920867085456848,0.5321743488311768,0.43965351581573486,0.07404368370771408,0.986833393573761,0.45827528834342957,0.45322540402412415,-0.01990494132041931,0.9931567311286926,0.537748396396637,0.4195753335952759,-0.13581961393356323,0.8379780650138855,0.4765602946281433,0.4709320664405823,-0.2753165364265442,0.9442107081413269,0.5075246095657349,0.3968992531299591,-0.31424733996391296,0.878846287727356,0.5064949989318848,0.43968063592910767,-0.472139835357666,0.9388018846511841,0.5013774037361145,0.388693243265152,-0.36062049865722656,0.7886572480201721,0.5135860443115234,0.4313393831253052,-0.5233232378959656,0.8836521506309509,0.5000723600387573,0.3879750370979309,-0.3439680337905884,0.7733052372932434,0.5087397694587708,0.4295806884765625,-0.5030402541160583,0.874336302280426,0.5012898445129395,0.3931066393852234,-0.3162022829055786,0.760572612285614,0.5071367025375366,0.429559588432312,-0.4697393774986267,0.8348711133003235,0.5448934435844421,0.5254125595092773,0.017367685213685036,0.9981961846351624,0.4919428825378418,0.5272712707519531,-0.017305385321378708,0.9985107779502869,0.5213872790336609,0.5908037424087524,-0.0976736843585968,0.9048754572868347,0.4861169457435608,0.5934532880783081,-0.11859692633152008,0.8866158723831177,0.5056050419807434,0.6386659145355225,0.15147215127944946,0.6748530864715576,0.48727649450302124,0.653786838054657,0.03602331876754761,0.8785540461540222,0.5010979175567627,0.6442978978157043,0.17102332413196564,0.45728161931037903,0.48878729343414307,0.6598539352416992,0.044293612241744995,0.5226327180862427,0.5205562710762024,0.6615764498710632,0.05598173663020134,0.7170716524124146,0.4972996413707733,0.6837000846862793,-0.11036074906587601,0.8365811705589294
S_v5,27,1,0.5100924372673035,0.42295119166374207,-0.12368688732385635,0.9962283372879028,0.5132508873939514,0.4183231592178345,-0.09263965487480164,0.9905795454978943,0.5162015557289124,0.41839176416397095,-0.09262179583311081,0.9867154955863953,0.5197199583053589,0.41846853494644165,-0.09264413267374039,0.9890301823616028,0.5035648941993713,0.41844701766967773,-0.10504699498414993,0.9938762784004211,0.49963393807411194,0.41862380504608154,-0.10510598123073578,0.9941512942314148,0.4956350028514862,0.4188564121723175,-0.10520248860120773,0.9956820011138916,0.5228567719459534,0.4212413430213928,0.05003862455487251,0.9837485551834106,0.4875498414039612,0.4225912392139435,-0.007747676223516464,0.9912371635437012,0.5149520635604858,0.4282810688018799,-0.07041364908218384,0.9800352454185486,0.5024165511131287,0.4282599985599518,-0.08726001530885696,0.9767869114875793,0.5469971895217896,0.44077268242836,0.09324231743812561,0.9941085577011108,0.4728403389453888,0.4569200277328491,-0.03373285382986069,0.9939112663269043,0.5510699152946472,0.4070761799812317,0.06835506856441498,0.8959208130836487,0.49397507309913635,0.4798213243484497,-0.24410207569599152,0.9430708885192871,0.5198293924331665,0.3815802335739136,0.09797434508800507,0.9051977396011353,0.5196466445922852,0.4510628581047058,-0.4005908966064453,0.9228538870811462,0.5147278904914856,0.37241047620773315,0.08839382231235504,0.7747694849967957,0.5291028618812561,0.44424551725387573,-0.4388189911842346,0.8513286113739014,0.5124175548553467,0.37164390087127686,0.0974402204155922,0.7642591595649719,0.5258408188819885,0.44009748101234436,-0.4257179796695709,0.8429591059684753,0.5138283371925354,0.37530434131622314,0.09795729070901871,0.7781991362571716,0.5230635404586792,0.4438852071762085,-0.39922356605529785,0.7986157536506653,0.5576236844062805,0.5294308066368103,0.02270316332578659,0.9996285438537598,0.5038347244262695,0.5310288071632385,-0.022657206282019615,0.999471127986908,0.5430002212524414,0.5920776128768921,-0.10355928540229797,0.9514949917793274,0.5023004412651062,0.5965242385864258,-0.06650873273611069,0.9021155834197998,0.5165916681289673,0.6490849852561951,0.10797330737113953,0.852023184299469,0.5009984970092773,0.6500890851020813,0.17331014573574066,0.8506138920783997,0.507591962814331,0.6560187935829163,0.12481439858675003,0.7208843231201172,0.5030742883682251,0.6580685973167419,0.1922934502363205,0.5706454515457153,0.5323014259338379,0.677733302116394,0.010181382298469543,0.8681858777999878,0.5096865296363831,0.6848536729812622,0.07271336764097214,0.8451294898986816
S_v5,28,1,0.5296044945716858,0.4286830723285675,-0.04035419225692749,0.9991631507873535,0.5337625741958618,0.42272335290908813,-0.005797743331640959,0.9987872242927551,0.536333441734314,0.4227057099342346,-0.005819239653646946,0.9984488487243652,0.5392981767654419,0.4227927625179291,-0.005877216812223196,0.998865008354187,0.5229521989822388,0.4225250780582428,-0.021832840517163277,0.9990519881248474,0.5182095766067505,0.4224991798400879,-0.021865490823984146,0.9988738894462585,0.5132604241371155,0.42252615094184875,-0.021890858188271523,0.9990119934082031,0.5413315892219543,0.4249207377433777,0.14760224521160126,0.9989637136459351,0.5031523704528809,0.4250231087207794,0.07206910848617554,0.9981034994125366,0.5342696309089661,0.43541309237480164,0.01679668389260769,0.9961050748825073,0.5201031565666199,0.43460747599601746,-0.005396211985498667,0.9937335848808289,0.5571837425231934,0.44535505771636963,0.17706646025180817,0.9980497360229492,0.48368144035339355,0.462580144405365,0.0525207482278347,0.9891559481620789,0.5684954524040222,0.4014708399772644,0.12002801150083542,0.9516744017601013,0.5162052512168884,0.4794224202632904,-0.1567450612783432,0.8290517926216125,0.5292352437973022,0.36697402596473694,0.11681541055440903,0.9310420751571655,0.53282231092453,0.4481045603752136,-0.32240036129951477,0.6513903141021729,0.5256052017211914,0.3562522828578949,0.09410056471824646,0.8182973861694336,0.5377741456031799,0.4417569637298584,-0.3622538149356842,0.5492942929267883,0.5241154432296753,0.35547536611557007,0.10201042145490646,0.8133926391601562,0.5325947999954224,0.4400930106639862,-0.3549875020980835,0.5453625321388245,0.5244264602661133,0.3588549792766571,0.11511863768100739,0.8178524374961853,0.5325775742530823,0.442579984664917,-0.32503440976142883,0.4748978912830353,0.5694407224655151,0.5348806977272034,0.029722947627305984,0.9998624324798584,0.5166069865226746,0.537492036819458,-0.02946462668478489,0.9996083378791809,0.5569317936897278,0.5956852436065674,-0.33516600728034973,0.9738705158233643,0.5240769982337952,0.6017088890075684,-0.0919261947274208,0.9030605554580688,0.5304120779037476,0.6628724336624146,-0.2697215974330902,0.9208799600601196,0.5302509069442749,0.6697843670845032,0.03818085044622421,0.8944879174232483,0.5179584622383118,0.669071614742279,-0.26798298954963684,0.900891900062561,0.5268502831459045,0.6748549938201904,0.041960351169109344,0.670707643032074,0.5354056358337402,0.6840023398399353,-0.4361605942249298,0.9467750787734985,0.5323235392570496,0.6964670419692993,-0.11897896975278854,0.8635082840919495
S_v5,29,1,0.5467700958251953,0.4332917034626007,-0.12361019104719162,0.9989132881164551,0.5491563677787781,0.42740684747695923,-0.08495716750621796,0.9965798258781433,0.5520922541618347,0.4273303151130676,-0.08497511595487595,0.9961910247802734,0.5554287433624268,0.4272731840610504,-0.08494780212640762,0.9964022636413574,0.5383590459823608,0.4274532198905945,-0.10475104302167892,0.9984105825424194,0.5334676504135132,0.42745745182037354,-0.1047922670841217,0.9985876083374023,0.5284386277198792,0.42767396569252014,-0.10486656427383423,0.9987331032752991,0.557517945766449,0.42978399991989136,0.08307724446058273,0.9930753707885742,0.5167993903160095,0.43095123767852783,-0.01299932599067688,0.9979795813560486,0.5521945953369141,0.43967926502227783,-0.06228407844901085,0.9884109497070312,0.5389215350151062,0.43963128328323364,-0.09053955227136612,0.9923117756843567,0.5776532292366028,0.4522368907928467,0.10928896069526672,0.9974455833435059,0.49680688977241516,0.47035741806030273,-0.02400290034711361,0.9986825585365295,0.5857987999916077,0.4034650921821594,0.001766486675478518,0.9871374368667603,0.5223268866539001,0.5007678866386414,-0.2478061318397522,0.9070197939872742,0.5598317980766296,0.35643842816352844,-0.07764138281345367,0.987412691116333,0.5438411831855774,0.514723002910614,-0.46658027172088623,0.8131409883499146,0.5569002032279968,0.34341758489608765,-0.11578343063592911,0.9549948573112488,0.5477457046508789,0.5194982886314392,-0.5083609223365784,0.7390242218971252,0.5534957647323608,0.342606782913208,-0.10098375380039215,0.9509727954864502,0.5505464673042297,0.517675518989563,-0.5069001317024231,0.7402309775352478,0.5528318285942078,0.34776386618614197,-0.080235555768013,0.9519948363304138,0.5537922382354736,0.5153225064277649,-0.4704456329345703,0.6726981401443481,0.5846909284591675,0.5428833961486816,0.024397172033786774,0.9997239708900452,0.5266823768615723,0.5444213151931763,-0.024303073063492775,0.9996926784515381,0.5748111009597778,0.6042392253875732,-0.30235394835472107,0.9586547613143921,0.532190203666687,0.6053355932235718,-0.2449522167444229,0.9344781041145325,0.5718268156051636,0.6751168966293335,-0.3624636232852936,0.9236434102058411,0.5318810939788818,0.6732696294784546,-0.19129888713359833,0.8723673224449158,0.5653215646743774,0.6853588223457336,-0.37447789311408997,0.9039771556854248,0.530761182308197,0.6871752142906189,-0.19492198526859283,0.6999560594558716,0.5823176503181458,0.6856484413146973,-0.5553117990493774,0.9598619341850281,0.5255020260810852,0.6838116645812988,-0.3676980137825012,0.874573290348053
S_v5,30,1,0.5647214651107788,0.4421820640563965,-0.24038538336753845,0.9992650151252747,0.5662495493888855,0.43623054027557373,-0.20968446135520935,0.9967910647392273,0.5685113072395325,0.4360203742980957,-0.20967182517051697,0.9968311190605164,0.5708121657371521,0.4358939230442047,-0.2096613198518753,0.9967945218086243,0.5566361546516418,0.4367426931858063,-0.2311115711927414,0.9985653758049011,0.5519812703132629,0.4370051324367523,-0.23111841082572937,0.998691976070404,0.5474894642829895,0.43740272521972656,-0.23115435242652893,0.9986832737922668,0.5717124938964844,0.4380921721458435,-0.056640781462192535,0.9928650856018066,0.5359058976173401,0.44030001759529114,-0.15817219018936157,0.9982699155807495,0.5695717334747314,0.44843029975891113,-0.18241852521896362,0.9922580122947693,0.5563772320747375,0.4488988220691681,-0.21212676167488098,0.9954280853271484,0.5902524590492249,0.4608282744884491,-0.026853134855628014,0.9980282187461853,0.5113143920898438,0.4792026877403259,-0.11049744486808777,0.9969356060028076,0.6010748744010925,0.4128335118293762,-0.06261807680130005,0.9835085272789001,0.5246495604515076,0.5123282074928284,-0.21414653956890106,0.8175399899482727,0.5939319729804993,0.36142808198928833,-0.12117678672075272,0.9823498129844666,0.5558328628540039,0.5410766005516052,-0.35763296484947205,0.5338336825370789,0.5979400277137756,0.34934481978416443,-0.1543063223361969,0.9497052431106567,0.5602404475212097,0.5482115745544434,-0.38665130734443665,0.45892804861068726,0.5977303981781006,0.34832409024238586,-0.15563945472240448,0.9469903111457825,0.5660892128944397,0.5477433800697327,-0.40156859159469604,0.4611521363258362,0.5947396159172058,0.3524214029312134,-0.129413440823555,0.9499865174293518,0.5655542612075806,0.5457837581634521,-0.3663087785243988,0.42053472995758057,0.5940016508102417,0.5541764497756958,0.003316097427159548,0.9995517134666443,0.5408774614334106,0.5561808943748474,-0.003375321626663208,0.9993935823440552,0.5874294638633728,0.6147027611732483,-0.2015451043844223,0.9560056328773499,0.543789803981781,0.6040401458740234,-0.2339257150888443,0.9367586374282837,0.5936064720153809,0.6916202902793884,-0.20385578274726868,0.9670462608337402,0.5410041809082031,0.665787398815155,-0.11047784984111786,0.935651421546936,0.5854784846305847,0.7019492983818054,-0.21290487051010132,0.876181960105896,0.5480679869651794,0.6776454448699951,-0.10557754337787628,0.8415918350219727,0.5866722464561462,0.7121432423591614,-0.37853556871414185,0.973261833190918,0.5295289158821106,0.680841863155365,-0.24548520147800446,0.9452365636825562
S_v5,31,1,0.5801310539245605,0.45108550786972046,-0.3640681505203247,0.9993268251419067,0.5831729173660278,0.44524914026260376,-0.3327847123146057,0.9967173933982849,0.5862885117530823,0.4451259970664978,-0.33276739716529846,0.9970980882644653,0.5892404317855835,0.445152223110199,-0.3327735662460327,0.9964458346366882,0.572186291217804,0.44536063075065613,-0.3466229736804962,0.9984405636787415,0.5677607655525208,0.44545847177505493,-0.3466253876686096,0.9986100196838379,0.5632261037826538,0.44567441940307617,-0.3466067910194397,0.9983933568000793,0.5896288752555847,0.44833889603614807,-0.17109081149101257,0.9932117462158203,0.5513747930526733,0.44941258430480957,-0.2350011020898819,0.9974765181541443,0.5851219296455383,0.4573967456817627,-0.303460955619812,0.9953898191452026,0.5710670948028564,0.45718783140182495,-0.3222225606441498,0.9974427223205566,0.6092617511749268,0.47366881370544434,-0.12867359817028046,0.9988540410995483,0.5214987993240356,0.4924910068511963,-0.1536872684955597,0.998879611492157,0.6322728395462036,0.425470232963562,-0.16967061161994934,0.9932528138160706,0.5298010110855103,0.5349305868148804,-0.17316634953022003,0.9484964609146118,0.6435884237289429,0.37668484449386597,-0.2692294418811798,0.9881590008735657,0.5465537905693054,0.574609100818634,-0.2746981382369995,0.8168279528617859,0.6552585959434509,0.3649328351020813,-0.32024869322776794,0.95955890417099,0.5445561408996582,0.5858597159385681,-0.3020855784416199,0.7054277062416077,0.6534532904624939,0.36185771226882935,-0.32878267765045166,0.957360029220581,0.5534146428108215,0.5873741507530212,-0.32950589060783386,0.7158528566360474,0.6497249603271484,0.3669828176498413,-0.2831021547317505,0.9624859690666199,0.5553430914878845,0.5827220678329468,-0.28794893622398376,0.6885355710983276,0.6065056920051575,0.5694894790649414,-0.006215911358594894,0.9991452693939209,0.5520486235618591,0.5755379796028137,0.006239713169634342,0.9990866184234619,0.6087469458580017,0.6301885843276978,-0.1128392443060875,0.9802582263946533,0.5630963444709778,0.6422238349914551,-0.02505219541490078,0.9557539820671082,0.6205760836601257,0.696925699710846,0.0772838145494461,0.9660266041755676,0.5780162215232849,0.7086897492408752,0.19008959829807281,0.9549978971481323,0.6209757924079895,0.7052624821662903,0.08853591978549957,0.8888216614723206,0.5841918587684631,0.7181253433227539,0.2018151879310608,0.8418080806732178,0.6203750371932983,0.7153007984161377,-0.07039329409599304,0.9723321795463562,0.5740430951118469,0.7286666631698608,0.03996606543660164,0.9502200484275818
S_v5,32,1,0.6013809442520142,0.4641959071159363,-0.3358740508556366,0.9990806579589844,0.6064009070396423,0.4575795829296112,-0.2998393177986145,0.9935211539268494,0.6096506714820862,0.4575612545013428,-0.2999190390110016,0.9945630431175232,0.612848162651062,0.45758509635925293,-0.2998908758163452,0.9940663576126099,0.5952225923538208,0.45734769105911255,-0.31461837887763977,0.9970281720161438,0.5904475450515747,0.4571113586425781,-0.31465914845466614,0.9969603419303894,0.585467517375946,0.4568796753883362,-0.3147464692592621,0.9965776801109314,0.612903892993927,0.459856778383255,-0.12181846052408218,0.9784744381904602,0.5734020471572876,0.45805442333221436,-0.19020697474479675,0.9937415719032288,0.6054521203041077,0.4706146717071533,-0.27081912755966187,0.9902424216270447,0.5910876393318176,0.4703323245048523,-0.29073837399482727,0.9947380423545837,0.6303021311759949,0.48609718680381775,-0.07965162396430969,0.9983829259872437,0.5373213887214661,0.5038480162620544,-0.10170793533325195,0.9993139505386353,0.6658360362052917,0.44572240114212036,-0.20581310987472534,0.9853907823562622,0.5383266806602478,0.5507559776306152,-0.08709381520748138,0.982073187828064,0.6828598976135254,0.3968198299407959,-0.4367901086807251,0.9697919487953186,0.5362967848777771,0.5977270007133484,-0.16601921617984772,0.9222402572631836,0.6921812891960144,0.3859284520149231,-0.4997880160808563,0.914057195186615,0.5259692668914795,0.6096547245979309,-0.18406684696674347,0.8535001277923584,0.6876512765884399,0.38374942541122437,-0.510974109172821,0.9111522436141968,0.529656171798706,0.6108559370040894,-0.21267659962177277,0.8577306270599365,0.6844375133514404,0.38873225450515747,-0.4533720910549164,0.9138627052307129,0.5355480313301086,0.6064814329147339,-0.1771041750907898,0.8080440759658813,0.6285849809646606,0.5925987958908081,0.012126038782298565,0.9997562766075134,0.5661293268203735,0.5971553921699524,-0.011853432282805443,0.999552309513092,0.6348896026611328,0.6363286375999451,-0.5253074765205383,0.9491190314292908,0.5713414549827576,0.6500174403190613,-0.20806525647640228,0.9125861525535583,0.654329776763916,0.710170567035675,-0.6028892993927002,0.9075215458869934,0.5838396549224854,0.7148675918579102,-0.02115398831665516,0.7103704214096069,0.6528305411338806,0.7224602699279785,-0.6178128123283386,0.9271459579467773,0.587437629699707,0.7266134023666382,-0.015221869572997093,0.5942767858505249,0.6608067154884338,0.7145137786865234,-0.8539500832557678,0.9621937274932861,0.5845754146575928,0.7266004085540771,-0.20749478042125702,0.7437127828598022
S_v5,33,1,0.6367058753967285,0.473286896944046,-0.4180793762207031,0.9999755620956421,0.6388900876045227,0.4669351577758789,-0.38566187024116516,0.9998446702957153,0.6412603855133057,0.46699950098991394,-0.3857392966747284,0.9998677968978882,0.6437986493110657,0.4670909643173218,-0.38577115535736084,0.9998241066932678,0.6298998594284058,0.46600955724716187,-0.40725159645080566,0.999930739402771,0.6246510744094849,0.4655537009239197,-0.4072459936141968,0.9999188184738159,0.6191985011100769,0.46517977118492126,-0.4072618782520294,0.9998711347579956,0.6392884850502014,0.4680299758911133,-0.20287008583545685,0.9995905756950378,0.6026619672775269,0.4666319787502289,-0.3073654770851135,0.9998894929885864,0.6368310451507568,0.48028671741485596,-0.3492512106895447,0.9998486042022705,0.6250516772270203,0.4799092411994934,-0.37933114171028137,0.9999260902404785,0.655646026134491,0.49720999598503113,-0.11411463469266891,0.9998903274536133,0.5548384785652161,0.5090206861495972,-0.19064851105213165,0.999890923500061,0.7178559899330139,0.47684231400489807,-0.2217206209897995,0.9943214654922485,0.5387819409370422,0.5570220947265625,-0.16580016911029816,0.987971842288971,0.7091853618621826,0.4309012293815613,-0.44409385323524475,0.9801590442657471,0.5165072083473206,0.6017097234725952,-0.24392259120941162,0.9439762234687805,0.7109585404396057,0.41837942600250244,-0.505612850189209,0.9226093888282776,0.5024372935295105,0.6139994859695435,-0.26323482394218445,0.9048872590065002,0.7034386396408081,0.4164312779903412,-0.5128044486045837,0.9157978892326355,0.5045487284660339,0.6156014204025269,-0.29538726806640625,0.9057700037956238,0.7017135620117188,0.41994690895080566,-0.456417977809906,0.9018394947052002,0.5107882022857666,0.6120503544807434,-0.25535911321640015,0.8423444628715515,0.6381114721298218,0.5955314636230469,0.033572837710380554,0.9999821186065674,0.5760094523429871,0.5977950692176819,-0.033300671726465225,0.9998471736907959,0.6499826908111572,0.642777144908905,-0.5858794450759888,0.9707914590835571,0.5854082107543945,0.6606473326683044,-0.03726987540721893,0.848622739315033,0.6855177283287048,0.717837929725647,-0.7951540946960449,0.9529140591621399,0.5861325263977051,0.7163655757904053,0.12302837520837784,0.6131253242492676,0.6710970401763916,0.7346405982971191,-0.8245445489883423,0.9812770485877991,0.5901146531105042,0.7264178991317749,0.12270821630954742,0.38596585392951965,0.7116724252700806,0.706919252872467,-1.0739461183547974,0.9866965413093567,0.5846328139305115,0.7242644429206848,-0.062122147530317307,0.5742600560188293
S_v5,34,1,0.6672964692115784,0.4825228750705719,-0.359312504529953,0.9999979734420776,0.6711930632591248,0.4782502055168152,-0.3316837251186371,0.9999881982803345,0.6735527515411377,0.47882041335105896,-0.3317229151725769,0.9999901056289673,0.6758537292480469,0.4793095588684082,-0.33173951506614685,0.9999829530715942,0.6625105738639832,0.4759809374809265,-0.3413028120994568,0.9999929666519165,0.6588349342346191,0.4750819504261017,-0.3413183093070984,0.999992847442627,0.6547256112098694,0.4742852747440338,-0.3412770926952362,0.9999881982803345,0.6712576150894165,0.48050740361213684,-0.18202641606330872,0.999969482421875,0.6424681544303894,0.47537195682525635,-0.22780075669288635,0.999994158744812,0.6660872101783752,0.48860907554626465,-0.304470956325531,0.9999921321868896,0.6564123034477234,0.4866933226585388,-0.3176852762699127,0.9999953508377075,0.6827986240386963,0.5110688805580139,-0.11767753958702087,0.9999850988388062,0.5839260816574097,0.5124756097793579,-0.13486944139003754,0.999990701675415,0.7538948059082031,0.5178052186965942,-0.2860218286514282,0.9978756904602051,0.5503585934638977,0.5548811554908752,-0.10567350685596466,0.9887663722038269,0.729598343372345,0.4723653793334961,-0.5224925875663757,0.9849860668182373,0.5058292746543884,0.5873319506645203,-0.1517314314842224,0.9622991681098938,0.7287392616271973,0.461131751537323,-0.5760529041290283,0.9274761080741882,0.4911819100379944,0.598665177822113,-0.16140319406986237,0.9236540198326111,0.7243174314498901,0.45986634492874146,-0.5578303933143616,0.9205803275108337,0.4931384325027466,0.5994911193847656,-0.1907995641231537,0.9260129928588867,0.7217047214508057,0.46294766664505005,-0.5231039524078369,0.8932526707649231,0.49803856015205383,0.5961042642593384,-0.16267569363117218,0.8950978517532349,0.6426528096199036,0.599145233631134,0.010174998082220554,0.999983549118042,0.5805299878120422,0.5973906517028809,-0.010175169445574284,0.9999372959136963,0.6698146462440491,0.6552868485450745,-0.29223358631134033,0.9935621023178101,0.5796166062355042,0.6611857414245605,0.058241140097379684,0.9563772678375244,0.7039024233818054,0.722681999206543,-0.3523469567298889,0.995262861251831,0.5914586782455444,0.7173624634742737,0.26112130284309387,0.9345114231109619,0.701026976108551,0.7369088530540466,-0.36531561613082886,0.9896829128265381,0.5988460779190063,0.7268890142440796,0.2699600160121918,0.7452718615531921,0.7428226470947266,0.7176762223243713,-0.5465146899223328,0.996417760848999,0.5805919766426086,0.7324542999267578,0.13271482288837433,0.9092899560928345
S_v5,35,1,0.7026117444038391,0.48819372057914734,-0.41583094000816345,0.9999955892562866,0.7090077996253967,0.48644810914993286,-0.38971078395843506,0.9999828338623047,0.7117071747779846,0.4875415563583374,-0.38974377512931824,0.9999823570251465,0.7143506407737732,0.4885416030883789,-0.38980400562286377,0.9999749660491943,0.6998754143714905,0.4827270209789276,-0.3977423906326294,0.9999856948852539,0.6959270238876343,0.4814718961715698,-0.39779600501060486,0.9999802112579346,0.6916466951370239,0.48030170798301697,-0.3977896571159363,0.9999675750732422,0.7129788994789124,0.4909656345844269,-0.23094943165779114,0.9999414682388306,0.679438054561615,0.4808317720890045,-0.27316728234291077,0.9999698400497437,0.7017285823822021,0.49529051780700684,-0.35751184821128845,0.9999920129776001,0.6883733868598938,0.489976167678833,-0.37012603878974915,0.9999935626983643,0.7175096869468689,0.5260686278343201,-0.14438459277153015,0.9999598264694214,0.6090017557144165,0.5119519829750061,-0.18257854878902435,0.9999804496765137,0.7636496424674988,0.5662985444068909,-0.3436773717403412,0.9948069453239441,0.5501950979232788,0.5437042713165283,-0.2275221198797226,0.9917062520980835,0.7472708225250244,0.5201666951179504,-0.6290075182914734,0.9686827063560486,0.4998406767845154,0.5656293630599976,-0.34560418128967285,0.9558029174804688,0.7376259565353394,0.5060874223709106,-0.6809242367744446,0.8908005356788635,0.48348137736320496,0.572811484336853,-0.36451587080955505,0.9173859357833862,0.7363710403442383,0.5038318634033203,-0.6575737595558167,0.8801469206809998,0.48479992151260376,0.5724634528160095,-0.3878951370716095,0.9189630150794983,0.7353872060775757,0.508638322353363,-0.6258810758590698,0.8293730020523071,0.4923633933067322,0.5706954002380371,-0.35607486963272095,0.8814618587493896,0.6560454964637756,0.6089532971382141,0.02552720718085766,0.9999902248382568,0.5888550281524658,0.6038175225257874,-0.025538664311170578,0.9999299049377441,0.6864082217216492,0.6583611965179443,-0.4711970388889313,0.9868547916412354,0.5909168720245361,0.6636785268783569,0.04872770980000496,0.9152554273605347,0.7133629322052002,0.7348594665527344,-0.5896031260490417,0.9889788031578064,0.5917656421661377,0.7134428024291992,0.31817859411239624,0.8875630497932434,0.7070938944816589,0.7522292137145996,-0.6083953380584717,0.9871755242347717,0.5965285897254944,0.7200076580047607,0.33266741037368774,0.561042070388794,0.7609888911247253,0.7325220108032227,-0.8196876645088196,0.9947137236595154,0.5826682448387146,0.7322573661804199,0.18505370616912842,0.8294605016708374
S_v5,36,1,0.7416776418685913,0.5024254322052002,-0.4749786853790283,0.999962568283081,0.7471733689308167,0.49916312098503113,-0.4470645487308502,0.9999483823776245,0.7493199110031128,0.5002822875976562,-0.4471360445022583,0.9999321699142456,0.7513374090194702,0.501432478427887,-0.44728294014930725,0.9999434947967529,0.7391071319580078,0.49566811323165894,-0.4699198603630066,0.999948263168335,0.7349299192428589,0.49408048391342163,-0.4699898660182953,0.9999072551727295,0.7305999994277954,0.4924662411212921,-0.47000086307525635,0.9999032020568848,0.745830774307251,0.5036306381225586,-0.28034350275993347,0.9998829364776611,0.7165514826774597,0.4918995201587677,-0.3887363076210022,0.9998730421066284,0.7390245795249939,0.5092219114303589,-0.4117482602596283,0.9999778270721436,0.7278757691383362,0.5049142837524414,-0.4432849586009979,0.9999738931655884,0.7445597648620605,0.5449767112731934,-0.17282187938690186,0.9999644756317139,0.6411661505699158,0.5145890712738037,-0.313582181930542,0.9999377727508545,0.7527032494544983,0.5954195261001587,-0.31433409452438354,0.9011337161064148,0.5373254418373108,0.5189673900604248,-0.4636761248111725,0.9937951564788818,0.7501741051673889,0.5806010365486145,-0.6182634830474854,0.7119031548500061,0.5112054944038391,0.5271046757698059,-0.6804603934288025,0.923173189163208,0.7486151456832886,0.5786005258560181,-0.6726235151290894,0.589055061340332,0.49838724732398987,0.5277979969978333,-0.7305529713630676,0.8622886538505554,0.7467941045761108,0.5764359831809998,-0.6781221032142639,0.6132333874702454,0.5191383957862854,0.5199264883995056,-0.7349470257759094,0.8651536703109741,0.7423485517501831,0.5708311796188354,-0.628467857837677,0.558505117893219,0.5203307271003723,0.5211608409881592,-0.6880627274513245,0.8021973371505737,0.6665483713150024,0.6199657917022705,0.05121361464262009,0.9999873638153076,0.5989997982978821,0.61212557554245,-0.05114499852061272,0.9998466968536377,0.6963056325912476,0.6684227585792542,-0.5113205909729004,0.9897955060005188,0.5939761400222778,0.6805789470672607,-0.03963274508714676,0.9207140207290649,0.7128831744194031,0.7480407953262329,-0.48664355278015137,0.9798601269721985,0.5800002813339233,0.7049446105957031,0.39514943957328796,0.607161819934845,0.7052631378173828,0.764545202255249,-0.48909425735473633,0.9535731673240662,0.5772936344146729,0.703711986541748,0.430537611246109,0.30640217661857605,0.7599422335624695,0.7532246112823486,-0.696757435798645,0.9850448966026306,0.5801188349723816,0.7326074242591858,0.299130380153656,0.5636024475097656
S_v5,37,1,0.7833989262580872,0.515450656414032,-0.4691348373889923,0.9997894167900085,0.7892961502075195,0.5121631622314453,-0.44140294194221497,0.9995608925819397,0.79100501537323,0.5133081078529358,-0.44152507185935974,0.9995885491371155,0.7926105260848999,0.5143760442733765,-0.4417048990726471,0.99964439868927,0.781603991985321,0.50862056016922,-0.46019455790519714,0.9994452595710754,0.7776867747306824,0.5072144865989685,-0.46030882000923157,0.9992514252662659,0.7736078500747681,0.5058414936065674,-0.4603308439254761,0.9992153644561768,0.7852842807769775,0.516958475112915,-0.2837890088558197,0.9993008375167847,0.7569496035575867,0.5048112273216248,-0.36726343631744385,0.9989933371543884,0.7785316705703735,0.5222583413124084,-0.41009974479675293,0.999744713306427,0.767936110496521,0.5176643133163452,-0.4345126152038574,0.9997206330299377,0.7651282548904419,0.560290515422821,-0.17880119383335114,0.9998118281364441,0.683561384677887,0.5193068385124207,-0.3110235035419464,0.9998630285263062,0.7435184121131897,0.6040118932723999,-0.29467642307281494,0.8489053845405579,0.6121394038200378,0.4961327314376831,-0.40933889150619507,0.9979010820388794,0.7271938323974609,0.602360188961029,-0.5851560831069946,0.7314847111701965,0.5699806213378906,0.4736274480819702,-0.5772396326065063,0.9866081476211548,0.7216404676437378,0.6106086373329163,-0.6391568779945374,0.6522001028060913,0.5555191040039062,0.4660605788230896,-0.6320327520370483,0.9662535190582275,0.720748245716095,0.6020320653915405,-0.6600134372711182,0.6722338795661926,0.5606800317764282,0.46612441539764404,-0.6445762515068054,0.9674767851829529,0.7184263467788696,0.5985507965087891,-0.6024667024612427,0.6355057954788208,0.5624278783798218,0.4686949849128723,-0.5908215641975403,0.9541981816291809,0.665663480758667,0.6207199096679688,0.060967326164245605,0.9997326731681824,0.605568528175354,0.6133846044540405,-0.060894034802913666,0.9995812773704529,0.7227962613105774,0.6728718280792236,-0.1729457825422287,0.9937341809272766,0.5902484655380249,0.6736583709716797,-0.10927499085664749,0.9890691637992859,0.7271543741226196,0.7510432600975037,-0.00457827840000391,0.9796895980834961,0.5722987651824951,0.703824520111084,0.33041509985923767,0.9105151295661926,0.7122417092323303,0.7634674906730652,0.008534256368875504,0.9045953750610352,0.5680849552154541,0.7090601325035095,0.36806634068489075,0.5703939199447632,0.7672473788261414,0.7724901437759399,-0.13047204911708832,0.9741467833518982,0.5745443105697632,0.7273553609848022,0.26302990317344666,0.856712281703949
S_v5,38,1,0.8077157735824585,0.5383356809616089,-0.4740091562271118,0.9989566802978516,0.8133738040924072,0.5351069569587708,-0.45028817653656006,0.9988495111465454,0.8150203227996826,0.5359348058700562,-0.45039960741996765,0.9989590644836426,0.8166284561157227,0.5367351770401001,-0.4506452679634094,0.9989503026008606,0.8050485253334045,0.531721293926239,-0.4616670608520508,0.9974072575569153,0.8005119562149048,0.5301119685173035,-0.4617689251899719,0.9962114095687866,0.7955799102783203,0.5284680128097534,-0.46177613735198975,0.9957389831542969,0.8104533553123474,0.5380178689956665,-0.29012560844421387,0.99798583984375,0.7803751230239868,0.525661289691925,-0.3397122025489807,0.9945835471153259,0.8022533059120178,0.5440510511398315,-0.41171205043792725,0.9984702467918396,0.7919079065322876,0.5401296615600586,-0.4261414408683777,0.9975579977035522,0.7811192870140076,0.5783790349960327,-0.1889912188053131,0.9996620416641235,0.7200742363929749,0.5279940962791443,-0.2629014551639557,0.9996575117111206,0.7289366126060486,0.6106314063072205,-0.3216056227684021,0.47618845105171204,0.6661303639411926,0.4814150631427765,-0.289263516664505,0.9980959296226501,0.728598952293396,0.6012014150619507,-0.6132357120513916,0.6171814203262329,0.6252414584159851,0.4302229881286621,-0.3585893213748932,0.9807640314102173,0.7345172166824341,0.5903399586677551,-0.6594632267951965,0.6172903776168823,0.6153832077980042,0.4219152331352234,-0.39361265301704407,0.9390516877174377,0.729985773563385,0.5950343608856201,-0.687214732170105,0.6496795415878296,0.6202167272567749,0.42109060287475586,-0.4126686155796051,0.9442862868309021,0.7295047640800476,0.5969178080558777,-0.6324953436851501,0.6243390440940857,0.6218173503875732,0.42318546772003174,-0.3737912178039551,0.9417755007743835,0.6752845048904419,0.6287439465522766,0.05161023139953613,0.9999206066131592,0.6149279475212097,0.6193768978118896,-0.05151115357875824,0.9997575879096985,0.7408801317214966,0.6670265197753906,-0.3123459219932556,0.9797963500022888,0.5814452171325684,0.7016164660453796,-0.11049898713827133,0.916225016117096,0.7302623987197876,0.7470510005950928,-0.18733447790145874,0.8943445086479187,0.5924197435379028,0.6820009350776672,0.4646649956703186,0.21637730300426483,0.7126402258872986,0.7591150403022766,-0.17210710048675537,0.7710183262825012,0.5890169739723206,0.6751021146774292,0.5239789485931396,0.12347376346588135,0.7487278580665588,0.769683837890625,-0.28784334659576416,0.9027879238128662,0.5802742838859558,0.7067753076553345,0.5005425810813904,0.22772857546806335
S_v5,39,1,0.8218210339546204,0.5704980492591858,-0.5762971043586731,0.9993581175804138,0.829094648361206,0.5652355551719666,-0.5501461625099182,0.9988511800765991,0.8298985958099365,0.56554114818573,-0.5502253174781799,0.9987497329711914,0.8305304646492004,0.5657976865768433,-0.5504593253135681,0.9988001585006714,0.8232560157775879,0.5617808103561401,-0.5756203532218933,0.9979926347732544,0.8200989365577698,0.5596938133239746,-0.5757427215576172,0.9971501231193542,0.8163708448410034,0.5572173595428467,-0.5757846832275391,0.9966493248939514,0.8211715221405029,0.5606487989425659,-0.37633830308914185,0.9972057938575745,0.8024551868438721,0.5489348769187927,-0.4918684959411621,0.9970769882202148,0.8121689558029175,0.5735300779342651,-0.5066205859184265,0.9982835054397583,0.8054704666137695,0.5695114731788635,-0.540384829044342,0.9980934262275696,0.7932150363922119,0.5879759192466736,-0.22599828243255615,0.9995458722114563,0.7405279874801636,0.5405790209770203,-0.4210176169872284,0.9998605251312256,0.7338365316390991,0.6216769218444824,-0.22672387957572937,0.37851834297180176,0.7284452319145203,0.48932400345802307,-0.47922712564468384,0.9994369149208069,0.6825544834136963,0.6308984160423279,-0.3838229775428772,0.45178285241127014,0.7314810156822205,0.4335968494415283,-0.5217934250831604,0.9962054491043091,0.6694306135177612,0.635464608669281,-0.4072314500808716,0.4397331476211548,0.7200683355331421,0.41715526580810547,-0.5649243593215942,0.9861173033714294,0.6705415844917297,0.6315762996673584,-0.44824379682540894,0.46435004472732544,0.726022481918335,0.41957324743270874,-0.5823575258255005,0.9861933588981628,0.6730131506919861,0.6293010115623474,-0.4051598012447357,0.4586787521839142,0.7299610376358032,0.42365947365760803,-0.5357760787010193,0.983248233795166,0.6853311061859131,0.6344712972640991,0.0785587951540947,0.9999496936798096,0.6206396818161011,0.6227192282676697,-0.07858941704034805,0.9999390840530396,0.7553566694259644,0.6748872399330139,-0.15491841733455658,0.9906526803970337,0.6059115529060364,0.6967556476593018,-0.1442912220954895,0.9896317720413208,0.7315881252288818,0.7470008730888367,0.010147481225430965,0.9659292697906494,0.5750429630279541,0.6949940323829651,0.3776364326477051,0.8130319118499756,0.7145308256149292,0.7530283331871033,0.02662007324397564,0.9076271653175354,0.574457585811615,0.6880999803543091,0.4287492036819458,0.5569004416465759,0.7568905353546143,0.7716647982597351,-0.07892361283302307,0.9631727933883667,0.562084972858429,0.7232706546783447,0.37345635890960693,0.7803282141685486
S_v5,40,1,0.8274312019348145,0.5853136777877808,-0.3243831992149353,0.9979433417320251,0.8359006643295288,0.5812931060791016,-0.301033079624176,0.9962993264198303,0.8361068964004517,0.5813353657722473,-0.30111199617385864,0.9963725805282593,0.8361883163452148,0.5813363790512085,-0.3012169897556305,0.9957727789878845,0.8335970640182495,0.5792732238769531,-0.336137980222702,0.9952657222747803,0.8319078087806702,0.5776672959327698,-0.33621785044670105,0.9938934445381165,0.829883337020874,0.5758427381515503,-0.3362811803817749,0.9911618232727051,0.8274040222167969,0.5751489996910095,-0.1592157781124115,0.9952787160873413,0.8183867931365967,0.5658665895462036,-0.3202882707118988,0.9908626079559326,0.81545090675354,0.5866104364395142,-0.26656076312065125,0.9955461025238037,0.8132004737854004,0.5839716196060181,-0.3138781785964966,0.9936826229095459,0.797576367855072,0.5840257406234741,-0.04430311918258667,0.9993367791175842,0.7559497952461243,0.5499058365821838,-0.32120367884635925,0.9995611310005188,0.7500798106193542,0.6145401000976562,-0.010716665536165237,0.221670463681221,0.7758750915527344,0.5348196625709534,-0.5428476929664612,0.9956859350204468,0.7166389226913452,0.6303607225418091,-0.1269904375076294,0.27771180868148804,0.8122869729995728,0.5170764923095703,-0.6990683674812317,0.989212155342102,0.7121908068656921,0.6374802589416504,-0.1378132551908493,0.29492998123168945,0.8220499753952026,0.5107051134109497,-0.7550566792488098,0.9781512022018433,0.7086427807807922,0.6371634006500244,-0.16845522820949554,0.3119473159313202,0.8298521637916565,0.504000186920166,-0.7386779189109802,0.9759189486503601,0.7103660702705383,0.6336251497268677,-0.14118565618991852,0.2964767515659332,0.8235507011413574,0.5087466239929199,-0.6977248787879944,0.9585404992103577,0.6950136423110962,0.6283981800079346,0.08937361091375351,0.9999161958694458,0.6364361643791199,0.621785044670105,-0.08939648419618607,0.9999045133590698,0.7655927538871765,0.6765439510345459,-0.14209426939487457,0.993137001991272,0.6276065111160278,0.6939135193824768,-0.1610008180141449,0.99000483751297,0.7412261366844177,0.7433620095252991,-0.04472942650318146,0.9789583683013916,0.5862401723861694,0.7170966267585754,0.21629281342029572,0.890291154384613,0.7170085906982422,0.7534244060516357,-0.03658564016222954,0.9557176232337952,0.5771371722221375,0.7137085199356079,0.2520926594734192,0.7492064833641052,0.7640120983123779,0.770261824131012,-0.1280529797077179,0.9717540144920349,0.5746715664863586,0.7410380840301514,0.19347155094146729,0.8314841985702515
S_v5,41,1,0.8472115993499756,0.5903874039649963,-0.284574031829834,0.9990988969802856,0.8557659983634949,0.5857948660850525,-0.27647125720977783,0.9988207221031189,0.8559269309043884,0.5851536393165588,-0.2766076922416687,0.9989123344421387,0.856067955493927,0.5843772292137146,-0.27675947546958923,0.9987801909446716,0.8538008332252502,0.5852888226509094,-0.3174727261066437,0.9989804625511169,0.8525009751319885,0.5843423008918762,-0.3176029324531555,0.9990455508232117,0.8511919975280762,0.5832428336143494,-0.3176296651363373,0.9989799857139587,0.8442270159721375,0.5757577419281006,-0.191131129860878,0.9979152083396912,0.8404266834259033,0.5755078792572021,-0.3774760365486145,0.9990324974060059,0.8348811864852905,0.590095043182373,-0.24427430331707,0.9977565407752991,0.833777904510498,0.5889984965324402,-0.29888227581977844,0.998065173625946,0.8097454905509949,0.5751659870147705,-0.03740708529949188,0.998722493648529,0.7857818007469177,0.5718125700950623,-0.3721993863582611,0.9994671940803528,0.8191138505935669,0.6031280755996704,0.1667092740535736,0.11574229598045349,0.8566457629203796,0.60838782787323,-0.2886321246623993,0.9107894897460938,0.8083893656730652,0.6084681153297424,0.21893110871315002,0.11474647372961044,0.8619166016578674,0.6044238805770874,-0.02713942527770996,0.7366495132446289,0.8023329973220825,0.6117556691169739,0.2317161113023758,0.12547089159488678,0.870107889175415,0.6050335168838501,-0.02071734331548214,0.727806806564331,0.8012543320655823,0.6052404046058655,0.2012549638748169,0.13392126560211182,0.863855242729187,0.5981128811836243,-0.03632260486483574,0.7239733934402466,0.8022404909133911,0.6049016118049622,0.2073679268360138,0.1280505508184433,0.8621340990066528,0.6004407405853271,-0.024313367903232574,0.6705999374389648,0.6938936114311218,0.6204801201820374,0.09636697173118591,0.9991000890731812,0.6476477980613708,0.6127238273620605,-0.09618408232927322,0.9997761845588684,0.7624427676200867,0.6820366382598877,-0.012900855392217636,0.9544445276260376,0.6518992781639099,0.6732200980186462,-0.36655697226524353,0.996992826461792,0.7338631749153137,0.7473899126052856,0.03524962440133095,0.9804162383079529,0.5945063829421997,0.7318977117538452,-0.33514004945755005,0.9983128309249878,0.7029274702072144,0.7560241222381592,0.034395862370729446,0.9489579796791077,0.5754267573356628,0.7374427914619446,-0.337200403213501,0.9877203106880188,0.7708930969238281,0.7773846387863159,-0.052640534937381744,0.9788298606872559,0.6099368929862976,0.7546153664588928,-0.46753954887390137,0.9966267347335815
S_v5,42,1,0.8600335121154785,0.5970723032951355,-0.1417035609483719,0.9939061999320984,0.8702028393745422,0.5917145609855652,-0.1302308887243271,0.9947425127029419,0.8706230521202087,0.5908368229866028,-0.13027778267860413,0.9947686195373535,0.8711152672767639,0.5898125171661377,-0.13044467568397522,0.9959905743598938,0.8687872886657715,0.5914137959480286,-0.17549443244934082,0.9962910413742065,0.868182897567749,0.5904064774513245,-0.17559565603733063,0.9958708882331848,0.8676589727401733,0.5892332196235657,-0.17571119964122772,0.9963542222976685,0.8636061549186707,0.581466794013977,-0.04849015176296234,0.9856128096580505,0.8596373796463013,0.5829358696937561,-0.25576066970825195,0.993044912815094,0.8496846556663513,0.5962291359901428,-0.10418814420700073,0.9894648790359497,0.8478000164031982,0.5957533717155457,-0.1651807576417923,0.9928812980651855,0.8181438446044922,0.5762764811515808,0.09778667241334915,0.9906824827194214,0.8138019442558289,0.5869002938270569,-0.3223058879375458,0.9990676045417786,0.7935692667961121,0.6031041741371155,0.22149835526943207,0.09178365021944046,0.8272840976715088,0.6432545185089111,-0.3874483108520508,0.9951205849647522,0.7961549162864685,0.6384732127189636,0.18070411682128906,0.2052820920944214,0.8584384918212891,0.6918240785598755,-0.3133419454097748,0.9773592352867126,0.7988229393959045,0.6458419561386108,0.19897723197937012,0.21200236678123474,0.857965350151062,0.7065510153770447,-0.34205737709999084,0.9604923725128174,0.7994500398635864,0.6509495973587036,0.15226761996746063,0.22487421333789825,0.8605461120605469,0.7058335542678833,-0.3214625418186188,0.9589499235153198,0.7970675230026245,0.6472873091697693,0.16065703332424164,0.2400621771812439,0.8602249622344971,0.700181782245636,-0.3024410009384155,0.9243670701980591,0.6837032437324524,0.6010560989379883,0.1416165977716446,0.9902923703193665,0.6799227595329285,0.6057174801826477,-0.14156432449817657,0.9919576644897461,0.7248745560646057,0.675480842590332,0.16955217719078064,0.5655339956283569,0.7362803816795349,0.6690320372581482,-0.15923617780208588,0.9841703176498413,0.6576457023620605,0.7323195934295654,0.28957369923591614,0.7877582907676697,0.7331119179725647,0.7517045736312866,-0.15988968312740326,0.9903392195701599,0.6426171064376831,0.7345662117004395,0.29842016100883484,0.7330096960067749,0.7096570730209351,0.7642606496810913,-0.1634480506181717,0.9779704213142395,0.6903029680252075,0.7496866583824158,0.2317574918270111,0.8362988233566284,0.7641845941543579,0.7753607034683228,-0.2697511613368988,0.9825963973999023
S_v5,43,1,0.8836160898208618,0.6008724570274353,-0.378231018781662,0.9993911981582642,0.8946735858917236,0.5950272679328918,-0.35606667399406433,0.9995112419128418,0.8949979543685913,0.5941426753997803,-0.35606783628463745,0.9994106292724609,0.895237147808075,0.5930617451667786,-0.35625210404396057,0.9995934367179871,0.8922715187072754,0.5951648950576782,-0.4053296148777008,0.9997707009315491,0.8909870386123657,0.5944929122924805,-0.40548253059387207,0.9997437596321106,0.8896178603172302,0.5937044024467468,-0.4056384563446045,0.9998030066490173,0.8842893838882446,0.5847306251525879,-0.21770203113555908,0.9985331296920776,0.8784772157669067,0.5874746441841125,-0.44352713227272034,0.9995064735412598,0.8724231719970703,0.6002369523048401,-0.32122373580932617,0.9980193376541138,0.8693543672561646,0.5996823310852051,-0.3875793516635895,0.9988657236099243,0.8309298753738403,0.5785149335861206,0.013818638399243355,0.9961060881614685,0.808418333530426,0.5993176102638245,-0.4706527888774872,0.9995239973068237,0.8142400979995728,0.5955474376678467,0.34209275245666504,0.04631581902503967,0.8064733147621155,0.6642218232154846,-0.5367498397827148,0.996189296245575,0.819024920463562,0.6309072971343994,0.5530485510826111,0.11077965050935745,0.8252554535865784,0.7270588874816895,-0.49748221039772034,0.9903795719146729,0.8220274448394775,0.6297945976257324,0.6141692996025085,0.1224115639925003,0.8249169588088989,0.7398934364318848,-0.5429003834724426,0.9829320907592773,0.8255445957183838,0.639769434928894,0.5586522817611694,0.12669098377227783,0.829865038394928,0.7409476041793823,-0.5284432172775269,0.9826298952102661,0.8233147859573364,0.6400881409645081,0.5379374623298645,0.14398379623889923,0.8287661075592041,0.7362654805183411,-0.49057167768478394,0.9568361043930054,0.6881319880485535,0.6004324555397034,0.14856846630573273,0.9969373941421509,0.6722745299339294,0.6080716252326965,-0.14842960238456726,0.9959100484848022,0.7246203422546387,0.6709311008453369,0.14940936863422394,0.20975469052791595,0.7176510095596313,0.6799023151397705,-0.15311174094676971,0.814769983291626,0.7049100399017334,0.7403548359870911,0.3141486942768097,0.356986403465271,0.7146036028862,0.7518775463104248,-0.06951683014631271,0.9124833345413208,0.6909258961677551,0.7508552670478821,0.32766425609588623,0.40458348393440247,0.6984134912490845,0.7638453841209412,-0.06741955876350403,0.8706204891204834,0.7530385851860046,0.7581416368484497,0.2470586895942688,0.5322107672691345,0.7707080841064453,0.7698205709457397,-0.19078269600868225,0.9175658226013184
S_v5,44,1,0.9140406847000122,0.6068664193153381,-0.4743281900882721,0.9982554316520691,0.9225988388061523,0.5999683737754822,-0.4514470398426056,0.9989904761314392,0.9227004051208496,0.5991271734237671,-0.45146775245666504,0.99870765209198,0.9227115511894226,0.5981624126434326,-0.45168834924697876,0.9991729855537415,0.9197020530700684,0.5996381640434265,-0.50210040807724,0.9995498061180115,0.9177659153938293,0.5986234545707703,-0.5023190975189209,0.9994825124740601,0.9156910181045532,0.5974956750869751,-0.5025344491004944,0.9996460676193237,0.9086202383041382,0.5898436307907104,-0.30722761154174805,0.9974946975708008,0.9018499851226807,0.5909734964370728,-0.5385652184486389,0.9990863800048828,0.9019625186920166,0.6073101162910461,-0.41406065225601196,0.9962558746337891,0.898759126663208,0.6059688925743103,-0.48223844170570374,0.9982206225395203,0.8542332053184509,0.5803488492965698,-0.07751043140888214,0.9949350953102112,0.828298807144165,0.6018940806388855,-0.5420111417770386,0.999369204044342,0.8046266436576843,0.5787770748138428,0.2801195979118347,0.0247059129178524,0.7981826663017273,0.6587660312652588,-0.6032412648200989,0.9929498434066772,0.8014529943466187,0.5818420648574829,0.5262392163276672,0.021900508552789688,0.7984991073608398,0.720214307308197,-0.566480815410614,0.9619999527931213,0.7940562963485718,0.5794024467468262,0.5897916555404663,0.02575433813035488,0.7971031069755554,0.7319524884223938,-0.6121681332588196,0.9362109303474426,0.8010167479515076,0.5793930292129517,0.5412284135818481,0.026140974834561348,0.8050296306610107,0.7313690781593323,-0.6002663969993591,0.9366694092750549,0.8053278923034668,0.583111047744751,0.5166346430778503,0.028429171070456505,0.8040524125099182,0.7277584671974182,-0.5599634647369385,0.8540794849395752,0.7086856365203857,0.6024035215377808,0.1381482034921646,0.9930991530418396,0.6914424300193787,0.6079517006874084,-0.13792790472507477,0.9906914830207825,0.7341452836990356,0.674680233001709,0.061255622655153275,0.16622000932693481,0.7277004718780518,0.6780561208724976,-0.2004927694797516,0.6107211709022522,0.7280674576759338,0.7485697269439697,0.20284786820411682,0.23920179903507233,0.746402382850647,0.7591363787651062,-0.11404786258935928,0.7799004316329956,0.7148993015289307,0.7612500190734863,0.21322619915008545,0.3241586685180664,0.7370198965072632,0.7681238651275635,-0.11281543225049973,0.7161752581596375,0.7732599377632141,0.7660385370254517,0.11826762557029724,0.406472384929657,0.7792257070541382,0.7738671898841858,-0.2566818594932556,0.8259142637252808
S_v5,45,1,0.9344454407691956,0.6129854917526245,-0.07345747947692871,0.9990817308425903,0.9428949356079102,0.6073104739189148,-0.06503938883543015,0.9996708631515503,0.9433311223983765,0.60609370470047,-0.06508195400238037,0.9995632767677307,0.9438379406929016,0.6046885251998901,-0.0652763620018959,0.9997480511665344,0.9398509860038757,0.6079410314559937,-0.1103314757347107,0.9997612833976746,0.9381739497184753,0.6072884798049927,-0.11045029014348984,0.9996553659439087,0.9364404082298279,0.6065541505813599,-0.11060953885316849,0.9997915625572205,0.9344472289085388,0.5954877734184265,-0.0004890526179224253,0.9994186162948608,0.9242453575134277,0.6003985404968262,-0.20248758792877197,0.9996402263641357,0.9239504337310791,0.611359715461731,-0.041648831218481064,0.9986194372177124,0.9212052822113037,0.6112881302833557,-0.10121791809797287,0.9988306164741516,0.8867611885070801,0.5741268396377563,0.16695843636989594,0.9986618757247925,0.8454446792602539,0.6086511015892029,-0.28679537773132324,0.9997820258140564,0.8827146291732788,0.568816602230072,0.48734644055366516,0.03249812871217728,0.7988249659538269,0.6500253677368164,-0.2936057150363922,0.9720035195350647,0.8974329233169556,0.5882686972618103,0.7251791954040527,0.06991297006607056,0.7989959716796875,0.6922358870506287,-0.14213618636131287,0.863873302936554,0.8985072374343872,0.5899667143821716,0.7851153016090393,0.07669574022293091,0.7970839142799377,0.7001485824584961,-0.1551019847393036,0.8127621412277222,0.9014437198638916,0.5924707651138306,0.7458460927009583,0.07992208749055862,0.8011670112609863,0.7000139951705933,-0.15017366409301758,0.8114632964134216,0.8994324207305908,0.5935794711112976,0.7161008715629578,0.09248355031013489,0.7996311187744141,0.694786787033081,-0.1336371749639511,0.7333987355232239,0.7192137241363525,0.6016656756401062,0.14838697016239166,0.9989997744560242,0.7190389633178711,0.6145846843719482,-0.14834357798099518,0.9989880919456482,0.7543955445289612,0.679861307144165,0.15322209894657135,0.15566688776016235,0.7572391033172607,0.6873335242271423,-0.08471639454364777,0.8302307724952698,0.7339463829994202,0.7447317242622375,0.26668959856033325,0.36408376693725586,0.7732043266296387,0.7675376534461975,-0.007529455702751875,0.8990899324417114,0.7215014100074768,0.7555909752845764,0.2755875289440155,0.47083303332328796,0.7643889784812927,0.779995322227478,-0.0006556346197612584,0.8775845766067505,0.7696035504341125,0.7654477953910828,0.21199826896190643,0.5261434316635132,0.8086494207382202,0.7943005561828613,-0.0790959894657135,0.9125064611434937
S_v5,46,1,0.9571413993835449,0.6142229437828064,0.16485007107257843,0.9929486513137817,0.9649056792259216,0.6080368757247925,0.16060546040534973,0.9961995482444763,0.9650111794471741,0.6064555048942566,0.16040979325771332,0.9966187477111816,0.9651016592979431,0.6046890616416931,0.1602822244167328,0.9976440072059631,0.9627944827079773,0.6098329424858093,0.12281288951635361,0.9968884587287903,0.9614971876144409,0.6096407175064087,0.12277808040380478,0.9966210126876831,0.9602004289627075,0.6093567609786987,0.12261246889829636,0.9972167015075684,0.9552136659622192,0.5950179696083069,0.1510966569185257,0.9960685968399048,0.9483940005302429,0.6023931503295898,-0.018466124311089516,0.9944615364074707,0.9447247385978699,0.6114251017570496,0.16881905496120453,0.9938177466392517,0.9437947869300842,0.6127961874008179,0.11791856586933136,0.9935476183891296,0.9000092148780823,0.5632200837135315,0.2086419016122818,0.998935878276825,0.8727041482925415,0.611763060092926,-0.1389012336730957,0.9996564388275146,0.829936146736145,0.5438913106918335,0.4562849700450897,0.8837025165557861,0.8070322275161743,0.6409592032432556,-0.260871559381485,0.69184410572052,0.8112437725067139,0.5264325737953186,0.701702892780304,0.5622766017913818,0.7795486450195312,0.674126386642456,-0.2997813820838928,0.4121823310852051,0.8082672357559204,0.5166525840759277,0.7564182877540588,0.4780125617980957,0.7648627161979675,0.6815661191940308,-0.3323022127151489,0.40803012251853943,0.81536865234375,0.5167770981788635,0.7315602898597717,0.4851572811603546,0.7730968594551086,0.6821526288986206,-0.31416910886764526,0.40656670928001404,0.8142344951629639,0.5196744203567505,0.7016057372093201,0.45027071237564087,0.7823089361190796,0.6804442405700684,-0.29129013419151306,0.31632906198501587,0.7420085072517395,0.6127787828445435,0.13905102014541626,0.9994381070137024,0.7482130527496338,0.6254069805145264,-0.13891339302062988,0.9993657469749451,0.7687385678291321,0.6901040077209473,0.06828787177801132,0.6245179176330566,0.7855156660079956,0.6987066268920898,-0.1408146172761917,0.9727809429168701,0.7481512427330017,0.7551678419113159,0.13168708980083466,0.759882926940918,0.80189448595047,0.7767829895019531,-0.10733440518379211,0.9736970067024231,0.7318307757377625,0.7588132619857788,0.13736850023269653,0.792449414730072,0.7801167964935303,0.7882966995239258,-0.10355906933546066,0.9525479674339294,0.7823606729507446,0.7719751596450806,0.06367504596710205,0.6938582062721252,0.8163741827011108,0.8045027256011963,-0.18576540052890778,0.9480791091918945
S_v5,47,1,0.9848067164421082,0.6050418615341187,0.08018513023853302,0.9904391765594482,0.9961832761764526,0.5988835692405701,0.06658268719911575,0.9942728877067566,0.9963672161102295,0.5970807075500488,0.06644212454557419,0.9945108890533447,0.9964547753334045,0.595293402671814,0.06633910536766052,0.9952750205993652,0.9939515590667725,0.6017197966575623,0.035340432077646255,0.9957583546638489,0.9926813840866089,0.6020845770835876,0.03525499626994133,0.9953446984291077,0.9914951920509338,0.6023925542831421,0.035084787756204605,0.9962366223335266,0.9853713512420654,0.5866355895996094,0.030962493270635605,0.9925947785377502,0.9792318344116211,0.5974268913269043,-0.10619258135557175,0.9942322373390198,0.9715081453323364,0.6023457646369934,0.07478394359350204,0.9910411238670349,0.969882607460022,0.6044958233833313,0.03357045352458954,0.9938440322875977,0.9258679747581482,0.5572248101234436,0.11205647885799408,0.9974314570426941,0.9010087251663208,0.6087199449539185,-0.2194044589996338,0.9997404217720032,0.8551065921783447,0.5273145437240601,0.34746190905570984,0.8690365552902222,0.8267319202423096,0.6349630951881409,-0.25496095418930054,0.8303953409194946,0.8318825960159302,0.5016303062438965,0.5795690417289734,0.7647990584373474,0.7891349792480469,0.671464204788208,-0.17773516476154327,0.6076629161834717,0.8261553645133972,0.48722559213638306,0.6259254217147827,0.7058596014976501,0.7796069383621216,0.6795302033424377,-0.20049871504306793,0.5710938572883606,0.8306632041931152,0.48781484365463257,0.5954579710960388,0.711239218711853,0.7861440181732178,0.6835719347000122,-0.18803635239601135,0.5620296001434326,0.8311989903450012,0.4921461343765259,0.5759718418121338,0.6488098502159119,0.7892827391624451,0.6803500056266785,-0.1686328798532486,0.5023608803749084,0.7687974572181702,0.6133072972297668,0.14373227953910828,0.9993565678596497,0.7628058791160583,0.6266498565673828,-0.1434870958328247,0.999523401260376,0.8065598011016846,0.6955894827842712,0.09589467942714691,0.6243815422058105,0.8093398809432983,0.7042908668518066,-0.12291992455720901,0.9891858100891113,0.7577500343322754,0.7562182545661926,0.18361763656139374,0.829425573348999,0.8109055161476135,0.7919774055480957,-0.07195933163166046,0.9896413683891296,0.7393684387207031,0.7646295428276062,0.19025294482707977,0.8174064755439758,0.8059396743774414,0.806395411491394,-0.06604712456464767,0.9751105904579163,0.7813018560409546,0.7760823965072632,0.1115819662809372,0.7930175065994263,0.8403139710426331,0.8185132145881653,-0.14773641526699066,0.9750262498855591
S_v5,48,1,1.0297765731811523,0.5874933004379272,-0.16396524012088776,0.9995834231376648,1.0392943620681763,0.5772451758384705,-0.17292341589927673,0.9997615218162537,1.0397098064422607,0.5787458419799805,-0.17304491996765137,0.9996743202209473,1.0405616760253906,0.5773073434829712,-0.17310307919979095,0.9996789693832397,1.0365679264068604,0.5811251997947693,-0.202278271317482,0.9998995065689087,1.0316814184188843,0.582807183265686,-0.20250573754310608,0.9998728036880493,1.0294827222824097,0.5838993191719055,-0.2027396559715271,0.9999043941497803,1.0267099142074585,0.5695870518684387,-0.18015867471694946,0.9993820190429688,1.0118921995162964,0.5816617012023926,-0.30702316761016846,0.9998238682746887,1.0178771018981934,0.5879353880882263,-0.15726466476917267,0.9992864727973938,1.0120676755905151,0.5893203616142273,-0.19531065225601196,0.999721348285675,0.9603408575057983,0.5517666935920715,-0.06270987540483475,0.999241828918457,0.925651490688324,0.6030539274215698,-0.37372490763664246,0.9998772144317627,0.8908243179321289,0.514594554901123,0.13180121779441833,0.9789382219314575,0.8444053530693054,0.6331793665885925,-0.25806713104248047,0.9073680639266968,0.8467952013015747,0.4768431782722473,0.28839582204818726,0.9581089615821838,0.8212180137634277,0.6611483097076416,0.04886147379875183,0.729333758354187,0.8409362435340881,0.4617995619773865,0.3192455768585205,0.9192387461662292,0.8119859099388123,0.6688334941864014,0.05787203088402748,0.6731693148612976,0.8440079092979431,0.46048927307128906,0.29703161120414734,0.9145697951316833,0.8206719160079956,0.6677097678184509,0.06662093847990036,0.6552456617355347,0.8444404006004333,0.4664132595062256,0.28607770800590515,0.8519394397735596,0.8246098160743713,0.6651306748390198,0.06308469921350479,0.5887994170188904,0.8042791485786438,0.6095656752586365,0.15473155677318573,0.9998652935028076,0.779055655002594,0.6286680102348328,-0.15495449304580688,0.9999440908432007,0.8353040814399719,0.6968547701835632,0.16285468637943268,0.9038054347038269,0.8242501020431519,0.7156993746757507,-0.12343357503414154,0.9977744221687317,0.7450408339500427,0.7344062328338623,0.37580472230911255,0.9501616954803467,0.8126511573791504,0.7978196144104004,-0.04937804490327835,0.9978760480880737,0.7208108901977539,0.7286074757575989,0.39700448513031006,0.9117600321769714,0.7940955758094788,0.809429943561554,-0.042008426040410995,0.9901524186134338,0.7349733710289001,0.7634819746017456,0.350322425365448,0.9370632767677307,0.8512945175170898,0.8233318328857422,-0.12242404371500015,0.9935672879219055
S_v5,49,1,1.0586521625518799,0.5671452283859253,-0.23132462799549103,0.9991924166679382,1.0649522542953491,0.5609120726585388,-0.24873074889183044,0.9994643330574036,1.0630120038986206,0.5595584511756897,-0.24882924556732178,0.9992372989654541,1.0606012344360352,0.5579692125320435,-0.2488841712474823,0.9991751313209534,1.0621007680892944,0.565382719039917,-0.2672610878944397,0.9997609257698059,1.063364028930664,0.5698198080062866,-0.2674200236797333,0.9996951818466187,1.0618349313735962,0.5709905028343201,-0.2676657736301422,0.9997616410255432,1.0395827293395996,0.554569661617279,-0.2721015214920044,0.9985359907150269,1.0313591957092285,0.5680946111679077,-0.35173556208610535,0.9995943903923035,1.0334625244140625,0.5699676275253296,-0.22926980257034302,0.9977595806121826,1.0304797887802124,0.5729066133499146,-0.25326886773109436,0.9989203214645386,0.9771440029144287,0.5418626070022583,-0.1380670815706253,0.9986213445663452,0.9552294015884399,0.5970088243484497,-0.40718433260917664,0.9996198415756226,0.9217095375061035,0.5022547245025635,0.039197493344545364,0.9780099987983704,0.8697507977485657,0.6344920992851257,-0.31131401658058167,0.9320326447486877,0.8739317059516907,0.458609938621521,0.16148142516613007,0.9735504388809204,0.8477792143821716,0.6654838919639587,-0.05270346254110336,0.7903540730476379,0.8710864186286926,0.44249075651168823,0.1880483627319336,0.9493575692176819,0.8365618586540222,0.6742795705795288,-0.05176309496164322,0.7136731147766113,0.8743689656257629,0.44162899255752563,0.1673411875963211,0.9460444450378418,0.8426687121391296,0.6742706298828125,-0.041292183101177216,0.6897445917129517,0.8732157945632935,0.44644081592559814,0.15981698036193848,0.8907478451728821,0.8460695743560791,0.6706699728965759,-0.040419917553663254,0.6256268620491028,0.820254921913147,0.6057893633842468,0.14573180675506592,0.9997615218162537,0.7994188070297241,0.6252453923225403,-0.1461731642484665,0.9998399019241333,0.8618464469909668,0.6927204132080078,0.19309298694133759,0.7032135128974915,0.8328708410263062,0.7079420685768127,-0.06356798112392426,0.989489734172821,0.7576034665107727,0.7355804443359375,0.4204995036125183,0.8466378450393677,0.8073635697364807,0.7822946310043335,0.11882270872592926,0.9898738861083984,0.7411483526229858,0.7199788093566895,0.442758172750473,0.82399582862854,0.789234459400177,0.7942202091217041,0.13923196494579315,0.9713038206100464,0.7513123750686646,0.7590187788009644,0.40838679671287537,0.8303914666175842,0.8190984725952148,0.8093903064727783,0.09024328738451004,0.9748256802558899
S_v5,50,1,1.0443278551101685,0.5703964233398438,-0.19823841750621796,0.9994408488273621,1.0635929107666016,0.5628871917724609,-0.21426106989383698,0.9996225833892822,1.0601768493652344,0.5590508580207825,-0.2143697440624237,0.9994612336158752,1.0583209991455078,0.5577080845832825,-0.21443600952625275,0.999446451663971,1.0638761520385742,0.5668838024139404,-0.23432625830173492,0.9998364448547363,1.0627365112304688,0.5682327151298523,-0.2344735860824585,0.9997830986976624,1.0613384246826172,0.5692910552024841,-0.23470443487167358,0.9998396635055542,1.0424782037734985,0.5566781759262085,-0.23490892350673676,0.9989625215530396,1.0323705673217773,0.5672696828842163,-0.32123690843582153,0.9997126460075378,1.0316323041915894,0.5722211003303528,-0.1950162649154663,0.9983695149421692,1.0279195308685303,0.5742048621177673,-0.22092802822589874,0.9992928504943848,0.9772002100944519,0.5418810248374939,-0.1030440479516983,0.9989639520645142,0.9558889865875244,0.5965867638587952,-0.3855651319026947,0.999805748462677,0.9235842823982239,0.5026387572288513,0.07132301479578018,0.9805943369865417,0.8643090724945068,0.6376544237136841,-0.3094298243522644,0.9669063687324524,0.8744702339172363,0.45967841148376465,0.1890415996313095,0.9727765321731567,0.8492439985275269,0.6770014762878418,-0.07371097803115845,0.8683547973632812,0.8718185424804688,0.4441126883029938,0.2144118845462799,0.9485896825790405,0.8388522863388062,0.6880652904510498,-0.07671802490949631,0.802861213684082,0.8744550347328186,0.44312000274658203,0.19512219727039337,0.9455626010894775,0.8458973169326782,0.6883925795555115,-0.06506581604480743,0.7823200821876526,0.8729797601699829,0.4481051564216614,0.18751147389411926,0.8908324837684631,0.84856116771698,0.6839823722839355,-0.06124556437134743,0.7220876216888428,0.8189123868942261,0.6051499843597412,0.1499253511428833,0.9997501969337463,0.80123370885849,0.6258683204650879,-0.1502857357263565,0.9998759031295776,0.8551480770111084,0.6904134750366211,0.20594486594200134,0.7217074036598206,0.8330469131469727,0.7117988467216492,-0.08244554698467255,0.9934242963790894,0.7565230131149292,0.7236001491546631,0.4516969919204712,0.8759452700614929,0.8074151277542114,0.7928475141525269,0.07233241200447083,0.9955769777297974,0.7329898476600647,0.7183483839035034,0.4754021167755127,0.854193389415741,0.7892454266548157,0.8053036332130432,0.08879292011260986,0.9862110018730164,0.7496621012687683,0.7576426267623901,0.4386955499649048,0.8657182455062866,0.8298329710960388,0.8189560770988464,0.023729756474494934,0.9881554841995239
